query_id,n_candidates,n_exact_relevant,ndcg_at_10,reciprocal_rank,average_precision,recall_at_1,recall_at_5,recall_at_10,median_query_label_frequency,median_query_hierarchy_depth
emblematica:E000266,2803,22,0.3333333333333333,0.014492753623188406,0.009984212115156819,0.0,0.0,0.0,5.0,5.0
emblematica:E000267,2803,7,0.2970780953806711,0.0009107468123861566,0.002053409823138935,0.0,0.0,0.0,2.0,4.0
emblematica:E000268,2803,78,0.3333333333333333,0.03225806451612903,0.03303772991459841,0.0,0.0,0.0,5.5,3.5
emblematica:E000269,2803,141,0.38224261473290666,0.029411764705882353,0.04517302366334748,0.0,0.0,0.0,12.0,3.0
emblematica:E000270,2803,74,0.3135857574230102,0.037037037037037035,0.023980030211235927,0.0,0.0,0.0,4.0,5.0
emblematica:E000271,2803,60,0.29476509865285594,0.007936507936507936,0.019394395968617247,0.0,0.0,0.0,11.0,4.0
emblematica:E000272,2803,75,0.3439367980331586,0.022222222222222223,0.025728033619032264,0.0,0.0,0.0,11.0,4.0
emblematica:E000273,2803,342,0.453677477580526,0.2,0.12588390602199137,0.0,0.0029239766081871343,0.0029239766081871343,4.0,4.0
emblematica:E000274,2803,34,0.39652557624636714,0.25,0.029738656586505118,0.0,0.029411764705882353,0.029411764705882353,4.0,5.0
emblematica:E000275,2803,31,0.3333333333333333,0.06666666666666667,0.012650835602785635,0.0,0.0,0.0,1.0,4.0
emblematica:E000276,2803,60,0.3275473981719352,0.021739130434782608,0.018759862179285255,0.0,0.0,0.0,5.5,3.0
emblematica:E000277,2803,91,0.30920641764709517,0.041666666666666664,0.035996648668615516,0.0,0.0,0.0,6.0,3.0
emblematica:E000278,2803,310,0.5021099300778709,0.3333333333333333,0.11914517646362217,0.0,0.00967741935483871,0.00967741935483871,8.0,4.0
emblematica:E000279,2803,852,0.5981281299089344,0.5,0.29976573114490673,0.0,0.0035211267605633804,0.004694835680751174,4.5,3.5
emblematica:E000280,2803,22,0.3240758370750963,0.004291845493562232,0.007881151015175534,0.0,0.0,0.0,6.5,4.5
emblematica:E000281,2803,417,0.40669725543269336,0.3333333333333333,0.15080470691230194,0.0,0.002398081534772182,0.002398081534772182,3.0,4.0
emblematica:E000282,2803,15,0.3542172336547549,0.01639344262295082,0.007672319238698603,0.0,0.0,0.0,2.0,4.0
emblematica:E000283,2803,153,0.49066464223187867,1.0,0.07141855010751466,0.006535947712418301,0.006535947712418301,0.006535947712418301,16.0,4.0
emblematica:E000284,2803,12,0.322729868633508,0.02040816326530612,0.006299220567075846,0.0,0.0,0.0,1.0,4.5
emblematica:E000285,2803,175,0.46345933386044064,0.3333333333333333,0.08223196135021918,0.0,0.011428571428571429,0.011428571428571429,2.0,4.0
emblematica:E000286,2803,189,0.44281305753755196,0.125,0.06967445630997106,0.0,0.0,0.005291005291005291,15.0,4.0
emblematica:E000287,2803,122,0.3333333333333333,0.05,0.046295016043436645,0.0,0.0,0.0,9.0,4.0
emblematica:E000288,2803,52,0.35167431385817327,0.045454545454545456,0.020800427245999974,0.0,0.0,0.0,8.0,4.0
emblematica:E000289,2803,181,0.43651176061552827,0.5,0.06395726858129405,0.0,0.0055248618784530384,0.0055248618784530384,11.0,4.0
emblematica:E000290,2803,66,0.3333333333333333,0.043478260869565216,0.02362399516940492,0.0,0.0,0.0,16.0,4.0
emblematica:E000291,2803,36,0.3222909627576018,0.018518518518518517,0.014429141906245705,0.0,0.0,0.0,1.0,4.0
emblematica:E000292,2803,73,0.3068833440240848,0.037037037037037035,0.02962709136509026,0.0,0.0,0.0,4.0,5.0
emblematica:E000293,2803,163,0.38224261473290666,0.14285714285714285,0.05795729121128545,0.0,0.0,0.006134969325153374,11.0,4.0
emblematica:E000294,2803,37,0.3333333333333333,0.047619047619047616,0.014920945993298879,0.0,0.0,0.0,1.5,3.5
emblematica:E000295,2803,55,0.34377528349404407,0.038461538461538464,0.021054816982115167,0.0,0.0,0.0,13.0,3.0
emblematica:E000296,2803,85,0.36772095935634463,0.03125,0.0307328664020604,0.0,0.0,0.0,6.0,4.0
emblematica:E000297,2803,138,0.33879154348118284,0.041666666666666664,0.05717833093189744,0.0,0.0,0.0,20.0,3.0
emblematica:E000298,2803,79,0.3333333333333333,0.07692307692307693,0.031241062331186824,0.0,0.0,0.0,2.0,5.0
emblematica:E000299,2803,73,0.3900954117610806,0.03225806451612903,0.030991715157846156,0.0,0.0,0.0,6.0,4.0
emblematica:E001026,2803,48,0.330870419870046,0.045454545454545456,0.026424465465763828,0.0,0.0,0.0,2.5,2.5
emblematica:E001027,2803,64,0.35862703184633915,0.02702702702702703,0.02048900683726558,0.0,0.0,0.0,11.0,3.0
emblematica:E001028,2803,53,0.3333333333333333,0.05555555555555555,0.018624982183661792,0.0,0.0,0.0,7.0,4.0
emblematica:E001029,2803,228,0.3333333333333333,0.09090909090909091,0.0813065681702465,0.0,0.0,0.0,18.0,3.0
emblematica:E001030,2803,121,0.31481834081685933,0.037037037037037035,0.04658231955274003,0.0,0.0,0.0,5.0,4.0
emblematica:E001031,2803,36,0.36017376463732326,0.025,0.013395256013740182,0.0,0.0,0.0,5.0,2.0
emblematica:E001032,2803,51,0.3333333333333333,0.0625,0.02876677937663538,0.0,0.0,0.0,18.0,2.0
emblematica:E001033,2803,82,0.3638507570184124,0.05555555555555555,0.03724008266790219,0.0,0.0,0.0,3.5,4.0
emblematica:E001034,2803,209,0.33837487243623654,0.16666666666666666,0.0793240322197646,0.0,0.0,0.004784688995215311,5.0,4.0
emblematica:E001035,2803,62,0.35647707397892575,0.005376344086021506,0.018516136087751902,0.0,0.0,0.0,12.0,3.0
emblematica:E001036,2803,82,0.326800144251777,0.037037037037037035,0.03226443649867171,0.0,0.0,0.0,4.5,4.5
emblematica:E001037,2803,70,0.35647707397892575,0.02631578947368421,0.0300621916099764,0.0,0.0,0.0,3.0,3.0
emblematica:E001039,2803,98,0.3333333333333333,0.024390243902439025,0.03595043493551565,0.0,0.0,0.0,5.0,3.5
emblematica:E001040,2803,42,0.3333333333333333,0.006756756756756757,0.014944434613830705,0.0,0.0,0.0,4.0,4.0
emblematica:E001041,2803,88,0.2986860321436766,0.0625,0.03145543339981302,0.0,0.0,0.0,22.0,3.0
emblematica:E001042,2803,35,0.3191428137263964,0.008403361344537815,0.010727463141600006,0.0,0.0,0.0,6.0,4.0
emblematica:E001043,2803,135,0.3700152943830133,0.3333333333333333,0.0514805768864944,0.0,0.007407407407407408,0.007407407407407408,12.5,3.5
emblematica:E001247,2803,98,0.32075857276988756,0.023255813953488372,0.03358173647233714,0.0,0.0,0.0,13.0,3.0
emblematica:E001248,2803,314,0.43426489406400665,0.2,0.12513492945376994,0.0,0.0031847133757961785,0.006369426751592357,2.0,4.0
emblematica:E001249,2803,419,0.48910053882873683,0.5,0.16076260995938796,0.0,0.00477326968973747,0.00477326968973747,6.0,5.0
emblematica:E001250,2803,347,0.572065481321657,0.16666666666666666,0.11751503491118227,0.0,0.0,0.005763688760806916,10.5,5.0
emblematica:E001251,2803,328,0.3352701445792752,0.07692307692307693,0.1043929777413195,0.0,0.0,0.0,13.0,4.0
emblematica:E001252,2803,389,0.42203467342381923,0.125,0.14206163987634227,0.0,0.0,0.005141388174807198,3.5,4.0
emblematica:E001253,2803,450,0.37962081462451813,0.125,0.16901353944793385,0.0,0.0,0.0022222222222222222,11.0,4.0
emblematica:E001254,2803,363,0.3612798340996781,0.125,0.1195283540032033,0.0,0.0,0.0027548209366391185,5.0,4.5
emblematica:E001255,2803,388,0.338414377744404,0.06666666666666667,0.14619459459880085,0.0,0.0,0.0,10.5,4.0
emblematica:E001256,2803,315,0.4739475173571067,1.0,0.1176005486735283,0.0031746031746031746,0.0031746031746031746,0.0031746031746031746,6.0,3.0
emblematica:E001257,2803,446,0.5955189330975375,1.0,0.16727412082643606,0.002242152466367713,0.004484304932735426,0.006726457399103139,8.0,4.0
emblematica:E001258,2803,331,0.5390671769962696,0.5,0.11878500586399915,0.0,0.006042296072507553,0.006042296072507553,4.0,4.0
emblematica:E001259,2803,22,0.3333333333333333,0.013157894736842105,0.009441755176587947,0.0,0.0,0.0,3.0,5.0
emblematica:E001260,2803,310,0.6629048238356321,0.3333333333333333,0.12057562703458989,0.0,0.0064516129032258064,0.00967741935483871,6.0,4.0
emblematica:E001261,2803,317,0.48006117753205335,0.08333333333333333,0.11345399962130995,0.0,0.0,0.0,4.0,4.0
emblematica:E001262,2803,441,0.39782616633567686,0.16666666666666666,0.15470432044281565,0.0,0.0,0.0022675736961451248,11.0,4.0
emblematica:E001263,2803,344,0.5663244933011035,0.3333333333333333,0.12627441035853698,0.0,0.005813953488372093,0.00872093023255814,8.0,4.0
emblematica:E001264,2803,410,0.4237902969274442,0.08333333333333333,0.13839158648229435,0.0,0.0,0.0,4.0,4.5
emblematica:E001265,2803,376,0.5323266901845036,1.0,0.14914387958184291,0.0026595744680851063,0.0026595744680851063,0.005319148936170213,12.0,4.0
emblematica:E001266,2803,310,0.3219809176477838,0.0625,0.11022849273028063,0.0,0.0,0.0,3.0,4.0
emblematica:E001267,2803,443,0.499272218015063,0.3333333333333333,0.1576945412359171,0.0,0.002257336343115124,0.002257336343115124,12.0,4.0
emblematica:E001268,2803,82,0.3212150879621044,0.012345679012345678,0.029506426835305768,0.0,0.0,0.0,2.0,4.0
emblematica:E001269,2803,331,0.4189245757825867,0.038461538461538464,0.10948650237414252,0.0,0.0,0.0,7.0,4.0
emblematica:E001270,2803,329,0.4189598506524516,0.2,0.12141550812899637,0.0,0.00303951367781155,0.00303951367781155,11.0,3.5
emblematica:E001271,2803,376,0.32449943687274807,0.07692307692307693,0.13493055052450528,0.0,0.0,0.0,6.5,4.0
emblematica:E001272,2803,311,0.5263486588232382,1.0,0.11956739273125934,0.003215434083601286,0.003215434083601286,0.006430868167202572,6.5,3.5
emblematica:E001273,2803,292,0.31499235280849325,0.045454545454545456,0.10276750817501468,0.0,0.0,0.0,10.0,4.0
emblematica:E001274,2803,381,0.4743001860762695,0.16666666666666666,0.14258277969600763,0.0,0.0,0.005249343832020997,7.5,4.5
emblematica:E001275,2803,84,0.38517316056081763,0.25,0.034765083585245916,0.0,0.011904761904761904,0.011904761904761904,4.0,3.0
emblematica:E001276,2803,235,0.4781738085681532,0.5,0.092889205392362,0.0,0.00425531914893617,0.00851063829787234,7.0,4.0
emblematica:E001277,2803,284,0.3799588135409304,0.25,0.10585683001268911,0.0,0.0035211267605633804,0.0035211267605633804,4.5,4.0
emblematica:E001278,2803,83,0.48006117753205335,1.0,0.04350275619170003,0.012048192771084338,0.012048192771084338,0.012048192771084338,1.0,4.0
emblematica:E001279,2803,331,0.3171155966396912,0.08333333333333333,0.12326302023174338,0.0,0.0,0.0,6.0,4.0
emblematica:E001280,2803,289,0.3333333333333333,0.07692307692307693,0.11627345412027774,0.0,0.0,0.0,5.0,4.0
emblematica:E001281,2803,95,0.4132884438291527,0.5,0.052430933508821956,0.0,0.010526315789473684,0.010526315789473684,3.5,4.5
emblematica:E001282,2803,319,0.45509468898007727,0.16666666666666666,0.12367590792621404,0.0,0.0,0.009404388714733543,5.0,4.0
emblematica:E001283,2803,79,0.32803160098342066,0.03225806451612903,0.030479087215462636,0.0,0.0,0.0,1.5,4.5
emblematica:E001284,2803,246,0.3333333333333333,0.07142857142857142,0.08329423851551482,0.0,0.0,0.0,2.5,4.5
emblematica:E001285,2803,104,0.3186605489134613,0.011363636363636364,0.032523493430349146,0.0,0.0,0.0,5.5,4.0
emblematica:E001286,2803,129,0.3201244133549182,0.07142857142857142,0.04916782000760635,0.0,0.0,0.0,5.0,4.0
emblematica:E001287,2803,83,0.3333333333333333,0.022222222222222223,0.028723874639264246,0.0,0.0,0.0,5.0,4.0
emblematica:E001288,2803,152,0.40669725543269336,0.3333333333333333,0.05222717559598682,0.0,0.006578947368421052,0.006578947368421052,8.0,4.0
emblematica:E001289,2803,326,0.4454348576459405,0.07692307692307693,0.10694632763293543,0.0,0.0,0.0,7.0,4.0
emblematica:E001290,2803,96,0.32416284307091325,0.02631578947368421,0.03928702142626662,0.0,0.0,0.0,3.0,4.0
emblematica:E001291,2803,335,0.3217614630105371,0.07142857142857142,0.11195835788999615,0.0,0.0,0.0,9.0,5.0
emblematica:E001292,2803,909,0.7259620810608094,1.0,0.3284927961214377,0.0011001100110011,0.0022002200220022,0.005500550055005501,2.0,3.0
emblematica:E001293,2803,230,0.3333333333333333,0.06666666666666667,0.0822306015476531,0.0,0.0,0.0,4.0,4.0
emblematica:E001294,2803,333,0.5250842331427514,0.5,0.13151887158473824,0.0,0.006006006006006006,0.006006006006006006,2.0,4.5
emblematica:E001295,2803,137,0.34914770859033817,0.034482758620689655,0.05489516797039401,0.0,0.0,0.0,7.0,4.0
emblematica:E001296,2803,546,0.48006117753205335,1.0,0.19834304668318506,0.0018315018315018315,0.0018315018315018315,0.0018315018315018315,11.0,4.5
emblematica:E001297,2803,387,0.4668361828774291,1.0,0.15309528374406506,0.002583979328165375,0.002583979328165375,0.002583979328165375,14.0,4.0
emblematica:E001298,2803,81,0.3039877644935893,0.01818181818181818,0.02609287829955197,0.0,0.0,0.0,3.0,4.0
emblematica:E001299,2803,240,0.42590829591570295,0.5,0.08180518359267738,0.0,0.004166666666666667,0.004166666666666667,5.0,3.0
emblematica:E001300,2803,101,0.2951947480239493,0.045454545454545456,0.04347851459314833,0.0,0.0,0.0,4.0,4.0
emblematica:E001301,2803,325,0.5687625176225394,0.09090909090909091,0.11701097527445901,0.0,0.0,0.0,3.5,4.5
emblematica:E001302,2803,184,0.4847805817203395,0.3333333333333333,0.07353672307858425,0.0,0.010869565217391304,0.016304347826086956,6.0,5.0
emblematica:E001303,2803,193,0.34185467531743113,0.14285714285714285,0.0730803590501742,0.0,0.0,0.0051813471502590676,9.0,5.0
emblematica:E001304,2803,146,0.3333333333333333,0.047619047619047616,0.059801608014147224,0.0,0.0,0.0,13.0,3.0
emblematica:E001305,2803,347,0.4858018033412548,0.3333333333333333,0.11876381013430563,0.0,0.002881844380403458,0.005763688760806916,3.5,4.0
emblematica:E001306,2803,94,0.5224750363313545,1.0,0.045341922394090364,0.010638297872340425,0.010638297872340425,0.010638297872340425,4.0,4.0
emblematica:E001307,2803,73,0.4685682883266484,0.16666666666666666,0.033106633230866336,0.0,0.0,0.0273972602739726,2.5,4.5
emblematica:E001308,2803,241,0.3775028156362593,0.1111111111111111,0.08719112120584895,0.0,0.0,0.004149377593360996,3.0,5.0
emblematica:E001309,2803,311,0.3333333333333333,0.09090909090909091,0.11519088928398698,0.0,0.0,0.0,5.0,4.0
emblematica:E001310,2803,343,0.3206948847507265,0.09090909090909091,0.11984801736997058,0.0,0.0,0.0,8.0,4.0
emblematica:E001311,2803,325,0.515290799596918,0.16666666666666666,0.14431190311823328,0.0,0.0,0.006153846153846154,6.0,4.0
emblematica:E001323,2803,39,0.40669725543269336,0.013513513513513514,0.016030096708780393,0.0,0.0,0.0,1.0,3.0
emblematica:E001324,2803,78,0.3333333333333333,0.02631578947368421,0.02384183238420151,0.0,0.0,0.0,1.0,3.0
emblematica:E001325,2803,80,0.3598436151966871,0.041666666666666664,0.027873133753356854,0.0,0.0,0.0,3.0,5.0
emblematica:E001326,2803,245,0.40875289659626046,0.25,0.08576488758037669,0.0,0.004081632653061225,0.004081632653061225,18.0,4.0
emblematica:E001327,2803,70,0.42641209703583266,0.14285714285714285,0.028885020276414528,0.0,0.0,0.014285714285714285,3.5,4.0
emblematica:E001328,2803,37,0.2732355969088073,0.01282051282051282,0.01709480468123795,0.0,0.0,0.0,3.5,4.0
emblematica:E001329,2803,27,0.3123722127335161,0.009615384615384616,0.013561296534985065,0.0,0.0,0.0,2.0,4.0
emblematica:E001330,2803,19,0.3333333333333333,0.00684931506849315,0.006407551450944103,0.0,0.0,0.0,1.5,5.0
emblematica:E001331,2803,105,0.29820806405501127,0.03333333333333333,0.03892418701299046,0.0,0.0,0.0,1.0,4.0
emblematica:E001332,2803,56,0.48006117753205335,1.0,0.03919099494130759,0.017857142857142856,0.017857142857142856,0.017857142857142856,2.5,3.5
emblematica:E001333,2803,106,0.29426349193753454,0.045454545454545456,0.045591427351348926,0.0,0.0,0.0,4.0,4.0
emblematica:E001334,2803,348,0.3158042806335273,0.05555555555555555,0.12853239297178623,0.0,0.0,0.0,7.5,5.0
emblematica:E001497,2803,44,0.3206948847507265,0.025,0.013784786213287097,0.0,0.0,0.0,1.0,4.5
emblematica:E001498,2803,345,0.3333333333333333,0.05263157894736842,0.1165893704300541,0.0,0.0,0.0,17.5,4.0
emblematica:E001499,2803,36,0.31240057178194325,0.2,0.023731423645279644,0.0,0.027777777777777776,0.027777777777777776,2.0,5.0
emblematica:E001500,2803,62,0.3240758370750963,0.03571428571428571,0.022367733091652787,0.0,0.0,0.0,2.0,4.0
emblematica:E001501,2803,141,0.40669725543269336,0.045454545454545456,0.046635976242986266,0.0,0.0,0.0,1.0,5.0
emblematica:E001502,2803,75,0.42590829591570295,0.5,0.03665716814498886,0.0,0.013333333333333334,0.013333333333333334,5.5,4.0
emblematica:E001503,2803,421,0.46443846879727474,0.5,0.16404404381552587,0.0,0.004750593824228029,0.004750593824228029,7.0,4.0
emblematica:E001504,2803,190,0.496759881335751,0.1,0.06797917990371881,0.0,0.0,0.005263157894736842,9.5,4.0
emblematica:E001505,2803,42,0.30173721187681635,0.029411764705882353,0.015497898630796793,0.0,0.0,0.0,7.0,4.0
emblematica:E001506,2803,91,0.3385006811323166,0.01694915254237288,0.02651929837065715,0.0,0.0,0.0,9.0,3.0
emblematica:E001507,2803,1,0.5814593591868922,0.0005213764337851929,0.0005213764337851929,0.0,0.0,0.0,1.0,5.0
emblematica:E001508,2803,218,0.46832215471500416,0.5,0.0755088797546515,0.0,0.0045871559633027525,0.0045871559633027525,6.0,4.0
emblematica:E001668,2803,87,0.3262380735298649,0.020833333333333332,0.030998158971177858,0.0,0.0,0.0,1.0,4.0
emblematica:E001669,2803,87,0.3475238529402701,0.038461538461538464,0.030858180678515566,0.0,0.0,0.0,1.5,4.0
emblematica:E001670,2803,37,0.286591879627546,0.010101010101010102,0.013865614222531252,0.0,0.0,0.0,2.0,5.0
emblematica:E001671,2803,87,0.3123722127335161,0.043478260869565216,0.038255134398740585,0.0,0.0,0.0,1.0,5.0
emblematica:E001672,2803,87,0.3171155966396912,0.07692307692307693,0.03147470805437455,0.0,0.0,0.0,1.0,4.5
emblematica:E001673,2803,88,0.32020171825460125,0.045454545454545456,0.03249070560896084,0.0,0.0,0.0,1.0,5.0
emblematica:E001675,2803,87,0.3333333333333333,0.015873015873015872,0.027463630931918715,0.0,0.0,0.0,2.0,4.5
emblematica:E001676,2803,87,0.32297567743334143,0.016129032258064516,0.027870370504050373,0.0,0.0,0.0,1.0,3.0
emblematica:E001677,2803,87,0.34870399389482887,0.04,0.031208701543477758,0.0,0.0,0.0,1.0,4.5
emblematica:E001678,2803,87,0.3333333333333333,0.03333333333333333,0.03051441559377041,0.0,0.0,0.0,1.0,4.5
emblematica:E001679,2803,3,0.3762943070064026,0.0010526315789473684,0.0011872785975500513,0.0,0.0,0.0,1.0,6.0
emblematica:E001680,2803,14,0.35931638907685665,0.018867924528301886,0.006555292168082022,0.0,0.0,0.0,1.0,5.0
emblematica:E001681,2803,6,0.40718837229208765,0.00102880658436214,0.0017948794914316474,0.0,0.0,0.0,1.0,6.0
emblematica:E001682,2803,23,0.3333333333333333,0.008771929824561403,0.009127348899415555,0.0,0.0,0.0,1.0,6.0
emblematica:E001683,2803,23,0.2754739817193522,0.029411764705882353,0.01055607050301872,0.0,0.0,0.0,1.0,6.0
emblematica:E001684,2803,87,0.3062820843471186,0.05,0.030022319677903878,0.0,0.0,0.0,2.0,4.5
emblematica:E001685,2803,2,0.508786678876963,0.0008230452674897119,0.0008466836433183981,0.0,0.0,0.0,1.0,4.5
emblematica:E001687,2803,23,0.3184884827535779,0.034482758620689655,0.011701439026649373,0.0,0.0,0.0,1.0,5.0
emblematica:E001688,2803,1,0.5624119696541194,0.0013679890560875513,0.0013679890560875513,0.0,0.0,0.0,1.0,4.5
emblematica:E001689,2803,6,0.37192096115298706,0.02702702702702703,0.0064684760434041665,0.0,0.0,0.0,1.0,5.5
emblematica:E001690,2803,3,0.4473415409555428,0.0009643201542912247,0.0009714107422183225,0.0,0.0,0.0,1.0,4.0
emblematica:E001691,2803,7,0.2902999239682709,0.023255813953488372,0.007390880906860129,0.0,0.0,0.0,1.0,5.0
emblematica:E001692,2803,23,0.32007900245855164,0.0072992700729927005,0.011536796292009925,0.0,0.0,0.0,1.0,3.0
emblematica:E001694,2803,7,0.2812525613815656,0.0006165228113440197,0.0018277293558996628,0.0,0.0,0.0,1.0,5.0
emblematica:E001696,2803,6,0.3175531337269533,0.002976190476190476,0.002611107658155736,0.0,0.0,0.0,1.0,5.0
emblematica:E001697,2803,11,0.3333333333333333,0.007692307692307693,0.00449974237221839,0.0,0.0,0.0,1.0,3.0
emblematica:E001698,2803,4,0.3715233104239726,0.0008389261744966443,0.0014046407055953345,0.0,0.0,0.0,1.0,3.5
emblematica:E001699,2803,3,0.4358179963829739,0.00125,0.0011874374374374374,0.0,0.0,0.0,1.0,3.5
emblematica:E001700,2803,34,0.3333333333333333,0.006578947368421052,0.017887214049727325,0.0,0.0,0.0,1.0,4.0
emblematica:E001701,2803,37,0.30078262393580046,0.012195121951219513,0.013247701497566015,0.0,0.0,0.0,5.0,4.5
emblematica:E001704,2803,5,0.31930013574089927,0.0014749262536873156,0.0016884382590918463,0.0,0.0,0.0,1.0,5.0
emblematica:E001705,2803,34,0.2844240519337599,0.045454545454545456,0.015040124991059282,0.0,0.0,0.0,2.0,5.0
emblematica:E001706,2803,1,0.38590644463432106,0.0008688097306689834,0.0008688097306689834,0.0,0.0,0.0,1.0,4.5
emblematica:E001707,2803,7,0.37022767507871573,0.002638522427440633,0.0030195131612744883,0.0,0.0,0.0,1.0,3.0
emblematica:E001708,2803,19,0.3333333333333333,0.016129032258064516,0.010475499551046888,0.0,0.0,0.0,1.0,4.0
emblematica:E001709,2803,8,0.288295598184368,0.0016806722689075631,0.002618257769924597,0.0,0.0,0.0,1.0,3.5
emblematica:E001710,2803,3,0.5233173767812378,0.0011695906432748538,0.0012771727566390579,0.0,0.0,0.0,1.0,4.0
emblematica:E001711,2803,2,0.4608562655112998,0.0006983240223463687,0.0007328918653558398,0.0,0.0,0.0,1.0,4.0
emblematica:E001712,2803,4,0.3670755074112909,0.0051813471502590676,0.003908611598547494,0.0,0.0,0.0,1.0,5.5
emblematica:E001714,2803,8,0.2851696158118125,0.0015267175572519084,0.0035609327216425805,0.0,0.0,0.0,1.0,5.0
emblematica:E001715,2803,0,0.6666666666666666,,,,,,1.0,4.5
emblematica:E003038,2803,0,0.795165752481409,,,,,,1.0,3.5
emblematica:E003039,2803,156,0.4298060956128401,0.5,0.05589446262131226,0.0,0.00641025641025641,0.01282051282051282,10.0,5.0
emblematica:E003040,2803,16,0.42976832828870953,0.16666666666666666,0.030512394331251292,0.0,0.0,0.125,2.0,5.0
emblematica:E003041,2803,80,0.3067394008469049,0.05263157894736842,0.04093846625614084,0.0,0.0,0.0,11.0,4.0
emblematica:E003042,2803,319,0.45086673773561936,0.3333333333333333,0.12434044950990303,0.0,0.003134796238244514,0.006269592476489028,4.0,5.0
emblematica:E003043,2803,251,0.5961771154140981,1.0,0.09773569798904053,0.00398406374501992,0.00796812749003984,0.01195219123505976,11.0,4.0
emblematica:E003044,2803,105,0.36390163420806665,0.05,0.036731796954058565,0.0,0.0,0.0,7.0,4.0
emblematica:E003045,2803,174,0.37962081462451813,0.125,0.0573597748990745,0.0,0.0,0.005747126436781609,1.0,5.0
emblematica:E003046,2803,768,0.42060656356579035,0.5,0.26544077370857133,0.0,0.0013020833333333333,0.0013020833333333333,3.0,4.0
emblematica:E003047,2803,50,0.31481834081685933,0.0041841004184100415,0.016739218150054306,0.0,0.0,0.0,9.0,5.0
emblematica:E003048,2803,83,0.3186605489134613,0.0625,0.03250405887072259,0.0,0.0,0.0,2.0,3.0
emblematica:E003049,2803,142,0.3333333333333333,0.043478260869565216,0.047925302182691226,0.0,0.0,0.0,9.0,4.0
emblematica:E003050,2803,40,0.3333333333333333,0.08333333333333333,0.020681308192118227,0.0,0.0,0.0,2.5,4.0
emblematica:E003051,2803,21,0.3333333333333333,0.005405405405405406,0.007085128416006089,0.0,0.0,0.0,2.0,3.0
emblematica:E003052,2803,19,0.3068833440240848,0.024390243902439025,0.008472922265836975,0.0,0.0,0.0,2.0,4.0
emblematica:E003062,2803,331,0.3333333333333333,0.05263157894736842,0.11006885506690897,0.0,0.0,0.0,4.0,6.0
emblematica:E003063,2803,313,0.4620630406167304,0.25,0.11374901248959336,0.0,0.003194888178913738,0.003194888178913738,11.0,4.0
emblematica:E003064,2803,341,0.35167431385817327,0.08333333333333333,0.11989148019336009,0.0,0.0,0.0,10.0,3.0
emblematica:E003065,2803,349,0.4841202154432626,0.1,0.1221074936100502,0.0,0.0,0.0028653295128939827,12.0,4.0
emblematica:E003066,2803,209,0.4006988764609059,0.2,0.07925761592640315,0.0,0.004784688995215311,0.004784688995215311,7.0,4.0
emblematica:E003067,2803,322,0.3333333333333333,0.09090909090909091,0.1103617451257897,0.0,0.0,0.0,13.0,4.0
emblematica:E003068,2803,428,0.446451547642322,0.3333333333333333,0.16714985287766312,0.0,0.002336448598130841,0.004672897196261682,9.0,4.0
emblematica:E003069,2803,368,0.43188632727696835,0.16666666666666666,0.13467017812558654,0.0,0.0,0.005434782608695652,7.0,5.0
emblematica:E003070,2803,305,0.48006117753205335,1.0,0.10940196759890906,0.003278688524590164,0.003278688524590164,0.003278688524590164,7.0,4.0
emblematica:E003071,2803,327,0.29353466196309924,0.09090909090909091,0.11523920995985681,0.0,0.0,0.0,4.0,4.0
emblematica:E003072,2803,389,0.36921400305107815,0.1,0.1335177865221563,0.0,0.0,0.002570694087403599,9.0,4.0
emblematica:E003073,2803,144,0.3219809176477838,0.02564102564102564,0.06489431165356999,0.0,0.0,0.0,6.0,4.0
emblematica:E003074,2803,474,0.5142154584465901,0.3333333333333333,0.17613327656032138,0.0,0.004219409282700422,0.006329113924050633,20.0,4.0
emblematica:E003075,2803,457,0.322729868633508,0.09090909090909091,0.1625855222180589,0.0,0.0,0.0,17.0,4.0
emblematica:E003076,2803,399,0.4709439548233926,0.14285714285714285,0.14534736270711773,0.0,0.0,0.007518796992481203,21.0,4.0
emblematica:E003077,2803,193,0.32842130195183816,0.07692307692307693,0.07430975503617221,0.0,0.0,0.0,10.0,4.0
emblematica:E003078,2803,502,0.32543430296920406,0.07142857142857142,0.1839772480648153,0.0,0.0,0.0,18.0,4.0
emblematica:E003079,2803,429,0.5577031364994373,1.0,0.17036356857905388,0.002331002331002331,0.004662004662004662,0.004662004662004662,9.0,4.0
emblematica:E003080,2803,334,0.575683879930964,0.25,0.1233915617302065,0.0,0.0029940119760479044,0.005988023952095809,4.5,4.0
emblematica:E003081,2803,383,0.3775028156362593,0.1111111111111111,0.13332079003533612,0.0,0.0,0.0026109660574412533,12.0,4.0
emblematica:E003082,2803,70,0.4289651260031763,0.5,0.03862899517774816,0.0,0.014285714285714285,0.014285714285714285,4.0,4.0
emblematica:E003083,2803,128,0.37962081462451813,0.125,0.04293063739996476,0.0,0.0,0.0078125,5.0,4.5
emblematica:E003084,2803,460,0.37574719213263447,0.047619047619047616,0.16172799627844242,0.0,0.0,0.0,18.0,4.0
emblematica:E003085,2803,446,0.3333333333333333,0.09090909090909091,0.1623667856272377,0.0,0.0,0.0,9.0,5.0
emblematica:E003086,2803,5,0.09267028317643412,0.003076923076923077,0.003450519160351862,0.0,0.0,0.0,3.5,3.5
emblematica:E003768,2803,260,0.4589627680851436,0.3333333333333333,0.10458400109927411,0.0,0.0038461538461538464,0.007692307692307693,11.0,4.0
emblematica:E003769,2803,335,0.44236092441353086,0.2,0.12289775048759718,0.0,0.0029850746268656717,0.0029850746268656717,4.0,5.0
emblematica:E003770,2803,235,0.421475640460848,0.2,0.07797611306395455,0.0,0.00425531914893617,0.00425531914893617,21.0,4.0
emblematica:E003771,2803,191,0.3980962437667537,0.25,0.0745233036739949,0.0,0.005235602094240838,0.005235602094240838,28.5,4.0
emblematica:E003772,2803,277,0.3872680799881301,0.25,0.09851072335880705,0.0,0.0036101083032490976,0.0036101083032490976,4.0,5.0
emblematica:E003773,2803,433,0.4204532365921013,0.3333333333333333,0.1535214431038002,0.0,0.0023094688221709007,0.0023094688221709007,21.0,4.0
emblematica:E003774,2803,274,0.3333333333333333,0.06666666666666667,0.08982803939773747,0.0,0.0,0.0,11.0,5.0
emblematica:E003775,2803,270,0.5786141714756885,1.0,0.09904705518111778,0.003703703703703704,0.003703703703703704,0.011111111111111112,17.0,4.0
emblematica:E003776,2803,438,0.4240064314306825,0.1,0.15824963245237286,0.0,0.0,0.00228310502283105,23.0,4.0
emblematica:E003777,2803,312,0.5876535327723719,0.5,0.12287263174514884,0.0,0.00641025641025641,0.009615384615384616,23.5,4.0
emblematica:E003778,2803,427,0.48910053882873683,0.25,0.14738173939385915,0.0,0.00234192037470726,0.00234192037470726,20.5,4.0
emblematica:E003779,2803,260,0.6262057596410159,1.0,0.10791423532059295,0.0038461538461538464,0.007692307692307693,0.011538461538461539,5.0,5.0
emblematica:E003780,2803,209,0.37962081462451813,0.125,0.07387571467000625,0.0,0.0,0.004784688995215311,14.5,4.0
emblematica:E003781,2803,579,0.38559884598578353,0.16666666666666666,0.19915063887446657,0.0,0.0,0.0017271157167530224,7.5,4.0
emblematica:E003782,2803,379,0.48848489882364426,1.0,0.1321491587148987,0.002638522427440633,0.002638522427440633,0.002638522427440633,12.0,4.5
emblematica:E003783,2803,482,0.6544855279253496,0.3333333333333333,0.18412737216219208,0.0,0.002074688796680498,0.006224066390041493,6.0,4.0
emblematica:E003784,2803,521,0.5376933159179703,0.5,0.1860094305835143,0.0,0.005758157389635317,0.005758157389635317,13.5,4.0
emblematica:E003785,2803,463,0.3503041140314175,0.5,0.15210625779754958,0.0,0.0021598272138228943,0.004319654427645789,21.0,4.0
emblematica:E003786,2803,234,0.3700152943830133,0.0625,0.08473709406403089,0.0,0.0,0.0,3.0,4.0
emblematica:E003787,2803,460,0.48006117753205335,0.07692307692307693,0.1639796668685608,0.0,0.0,0.0,11.0,5.0
emblematica:E003788,2803,214,0.3197951129292457,0.07692307692307693,0.07165815108516632,0.0,0.0,0.0,10.0,4.0
emblematica:E003789,2803,218,0.5144242564235811,0.3333333333333333,0.09170057293131721,0.0,0.009174311926605505,0.009174311926605505,9.0,4.0
emblematica:E003790,2803,202,0.3612814941330895,0.0625,0.07455591043512567,0.0,0.0,0.0,38.0,4.0
emblematica:E003791,2803,216,0.3674723745864318,0.058823529411764705,0.0775580200549072,0.0,0.0,0.0,38.0,4.0
emblematica:E003792,2803,311,0.3219809176477838,0.07692307692307693,0.12347701864190816,0.0,0.0,0.0,3.0,4.0
emblematica:E003793,2803,300,0.3275473981719352,0.09090909090909091,0.10019442490545943,0.0,0.0,0.0,30.5,4.0
emblematica:E003794,2803,233,0.4748175773152763,0.5,0.08542522801482276,0.0,0.004291845493562232,0.008583690987124463,14.0,4.0
emblematica:E003795,2803,189,0.41284191775259044,0.5,0.07068953916587074,0.0,0.005291005291005291,0.005291005291005291,21.0,4.0
emblematica:E003796,2803,538,0.5268398566463763,0.5,0.20634121700147162,0.0,0.0037174721189591076,0.0055762081784386614,6.0,5.0
emblematica:E003797,2803,258,0.42088777503963015,0.0625,0.08483429819612731,0.0,0.0,0.0,16.0,4.0
emblematica:E003798,2803,189,0.5491735980676102,0.5,0.0742553890623893,0.0,0.005291005291005291,0.005291005291005291,8.0,4.0
emblematica:E003799,2803,298,0.39328498530863815,0.14285714285714285,0.11316971577531808,0.0,0.0,0.003355704697986577,16.0,4.0
emblematica:E003800,2803,332,0.40735270545979047,0.14285714285714285,0.1149406766183079,0.0,0.0,0.0030120481927710845,7.0,4.0
emblematica:E003801,2803,227,0.360293730657204,0.25,0.0855549266926604,0.0,0.004405286343612335,0.004405286343612335,6.0,5.0
emblematica:E003802,2803,553,0.42801270478508463,0.1,0.19830716947745194,0.0,0.0,0.0018083182640144665,11.0,5.0
emblematica:E003803,2803,301,0.3135733177720571,0.09090909090909091,0.10426328644397356,0.0,0.0,0.0,3.0,4.0
emblematica:E003804,2803,302,0.3333333333333333,0.034482758620689655,0.10772238750310832,0.0,0.0,0.0,2.0,6.0
emblematica:E003805,2803,212,0.34490520365612953,0.05263157894736842,0.08210721259460514,0.0,0.0,0.0,36.0,4.0
emblematica:E003806,2803,213,0.42801270478508463,0.16666666666666666,0.0829897760149241,0.0,0.0,0.004694835680751174,10.0,4.0
emblematica:E003807,2803,419,0.5358918212400514,0.25,0.15418833553117253,0.0,0.002386634844868735,0.007159904534606206,8.0,4.5
emblematica:E003808,2803,248,0.39330087636451777,0.1111111111111111,0.0846106793371229,0.0,0.0,0.004032258064516129,4.0,4.0
emblematica:E003809,2803,287,0.48533577989378085,1.0,0.11476138586664515,0.003484320557491289,0.003484320557491289,0.003484320557491289,19.5,5.0
emblematica:E003810,2803,141,0.33225427797820867,0.018518518518518517,0.048610251207718155,0.0,0.0,0.0,5.0,5.0
emblematica:E003811,2803,370,0.3333333333333333,0.08333333333333333,0.1241854077994465,0.0,0.0,0.0,9.0,4.0
emblematica:E003813,2803,366,0.43638289305226546,0.2,0.13558310054969736,0.0,0.00273224043715847,0.00546448087431694,10.0,4.0
emblematica:E003814,2803,335,0.42769317023319753,0.5,0.13103073882854183,0.0,0.0029850746268656717,0.0029850746268656717,10.5,4.0
emblematica:E003815,2803,352,0.5445912031708282,1.0,0.1349532090607381,0.002840909090909091,0.005681818181818182,0.005681818181818182,23.0,4.0
emblematica:E003816,2803,327,0.5231845237702286,1.0,0.13199302382256958,0.0030581039755351682,0.0030581039755351682,0.0061162079510703364,15.5,4.0
emblematica:E003817,2803,324,0.49977601913519276,0.3333333333333333,0.12344508590108451,0.0,0.0030864197530864196,0.006172839506172839,18.0,4.0
emblematica:E003818,2803,340,0.470077778218629,0.5,0.1279028923942955,0.0,0.0029411764705882353,0.0058823529411764705,16.0,4.0
emblematica:E003819,2803,365,0.3775028156362593,0.1111111111111111,0.1255035087222306,0.0,0.0,0.0027397260273972603,18.0,4.0
emblematica:E003820,2803,342,0.3217614630105371,0.043478260869565216,0.11585859636071924,0.0,0.0,0.0,28.0,4.0
emblematica:E003821,2803,343,0.6295270861054333,1.0,0.12312307010622592,0.0029154518950437317,0.0058309037900874635,0.008746355685131196,14.5,4.0
emblematica:E003822,2803,334,0.3900954117610806,0.09090909090909091,0.12004055319168168,0.0,0.0,0.0,25.0,4.0
emblematica:E003823,2803,423,0.5045324415245396,0.25,0.16088292959462178,0.0,0.002364066193853428,0.0070921985815602835,15.5,4.0
emblematica:E003824,2803,358,0.40232273211097397,0.2,0.13090843655809112,0.0,0.002793296089385475,0.002793296089385475,9.5,5.0
emblematica:E003825,2803,105,0.4400988155226398,0.5,0.044287027370345546,0.0,0.009523809523809525,0.009523809523809525,5.5,4.0
emblematica:E003826,2803,359,0.5114995383649564,0.5,0.12976931545761558,0.0,0.002785515320334262,0.002785515320334262,15.0,4.0
emblematica:E003827,2803,234,0.3333333333333333,0.05555555555555555,0.08840844030713162,0.0,0.0,0.0,40.0,4.0
emblematica:E003828,2803,239,0.43320753729604716,0.25,0.08449865882245719,0.0,0.0041841004184100415,0.0041841004184100415,16.0,4.0
emblematica:E003829,2803,463,0.512948497207241,0.3333333333333333,0.16271789540939402,0.0,0.0021598272138228943,0.004319654427645789,8.0,5.0
emblematica:E003830,2803,155,0.39831045056386166,0.25,0.04899616459512728,0.0,0.0064516129032258064,0.0064516129032258064,6.0,5.0
emblematica:E003831,2803,329,0.45317174203971955,0.5,0.12661808623330423,0.0,0.00303951367781155,0.0060790273556231,6.0,4.0
emblematica:E003832,2803,357,0.4154859832697878,0.14285714285714285,0.13130487873580182,0.0,0.0,0.0028011204481792717,12.0,4.0
emblematica:E003833,2803,327,0.39643313433984345,0.14285714285714285,0.11936192471765117,0.0,0.0,0.0030581039755351682,15.0,4.0
emblematica:E003834,2803,465,0.396641216561515,0.16666666666666666,0.15397423366591315,0.0,0.0,0.002150537634408602,36.0,4.0
emblematica:E003835,2803,272,0.3775028156362593,0.1111111111111111,0.09106633186868444,0.0,0.0,0.003676470588235294,11.0,5.0
emblematica:E003836,2803,215,0.3333333333333333,0.06666666666666667,0.0722159832044945,0.0,0.0,0.0,17.0,4.0
emblematica:E003837,2803,222,0.46172019700721345,0.07692307692307693,0.08313122975590433,0.0,0.0,0.0,13.5,4.0
emblematica:E003838,2803,280,0.4031617899241932,0.09090909090909091,0.09816495648987704,0.0,0.0,0.0,11.0,5.0
emblematica:E003839,2803,142,0.4348883024727884,0.2,0.05400793987497758,0.0,0.007042253521126761,0.014084507042253521,7.0,4.0
emblematica:E003840,2803,409,0.439004693160654,0.2,0.1576836322741678,0.0,0.0024449877750611247,0.0024449877750611247,27.0,4.0
emblematica:E003841,2803,257,0.440444460778111,0.07692307692307693,0.08979305676181397,0.0,0.0,0.0,19.0,4.0
emblematica:E003843,2803,266,0.5179429876683989,1.0,0.10717110817619235,0.0037593984962406013,0.0037593984962406013,0.007518796992481203,11.0,4.0
emblematica:E003844,2803,231,0.3333333333333333,0.07142857142857142,0.08431732452289642,0.0,0.0,0.0,25.0,4.0
emblematica:E003846,2803,239,0.3333333333333333,0.05,0.09430659524326915,0.0,0.0,0.0,4.5,4.5
emblematica:E003847,2803,365,0.5196378375585198,0.3333333333333333,0.13726076497710143,0.0,0.005479452054794521,0.005479452054794521,37.0,4.0
emblematica:E003848,2803,476,0.5726361401144231,1.0,0.17557649732855113,0.0021008403361344537,0.004201680672268907,0.004201680672268907,45.0,4.0
emblematica:E003849,2803,149,0.5534250996314135,0.03333333333333333,0.053471285145279386,0.0,0.0,0.0,4.0,5.0
emblematica:E003850,2803,424,0.5386518094662749,0.5,0.15071456844201547,0.0,0.0023584905660377358,0.0047169811320754715,7.0,5.0
emblematica:E003851,2803,444,0.4169550748770474,0.125,0.17389815940920164,0.0,0.0,0.0022522522522522522,34.0,4.0
emblematica:E003852,2803,328,0.41071609585330393,0.25,0.11768588791089156,0.0,0.003048780487804878,0.003048780487804878,23.5,4.0
emblematica:E003853,2803,265,0.3333333333333333,0.07142857142857142,0.09148307497396278,0.0,0.0,0.0,9.5,5.0
emblematica:E003854,2803,285,0.6512310591335686,0.5,0.10351709611448141,0.0,0.010526315789473684,0.014035087719298246,25.0,4.0
emblematica:E003855,2803,328,0.5062249360032289,0.5,0.12471056482674577,0.0,0.003048780487804878,0.006097560975609756,25.0,5.0
emblematica:E003856,2803,218,0.4745017044361722,0.3333333333333333,0.08548057402198588,0.0,0.009174311926605505,0.009174311926605505,13.0,4.0
emblematica:E003857,2803,652,0.5465077573186967,0.5,0.23486989559750787,0.0,0.003067484662576687,0.004601226993865031,26.5,4.0
emblematica:E003858,2803,610,0.4831089173485943,0.25,0.23276197910353297,0.0,0.001639344262295082,0.003278688524590164,12.0,5.0
emblematica:E003859,2803,252,0.3222909627576018,0.07692307692307693,0.08938879318970094,0.0,0.0,0.0,40.0,4.0
emblematica:E003860,2803,456,0.4711900884350369,0.16666666666666666,0.17008517218154717,0.0,0.0,0.0043859649122807015,14.0,4.0
emblematica:E003861,2803,369,0.3333333333333333,0.037037037037037035,0.12842920093082036,0.0,0.0,0.0,13.0,4.0
emblematica:E003862,2803,548,0.5151173581221544,0.5,0.19907289742560447,0.0,0.0018248175182481751,0.0036496350364963502,42.5,4.0
emblematica:E003863,2803,268,0.4518874635376444,0.3333333333333333,0.09705276422355869,0.0,0.0037313432835820895,0.0037313432835820895,12.5,4.0
emblematica:E003864,2803,302,0.4508394817738903,0.3333333333333333,0.11132111722529485,0.0,0.006622516556291391,0.006622516556291391,28.5,4.0
emblematica:E003865,2803,196,0.42012236075430487,0.5,0.07642602694544201,0.0,0.00510204081632653,0.00510204081632653,7.0,4.0
emblematica:E003866,2803,285,0.4953985955231793,0.3333333333333333,0.10996619974610852,0.0,0.0035087719298245615,0.010526315789473684,45.0,4.0
emblematica:E003867,2803,264,0.3206948847507265,0.02564102564102564,0.0901599332015981,0.0,0.0,0.0,10.0,4.0
emblematica:E003868,2803,264,0.3962023106856088,0.16666666666666666,0.08652538810180359,0.0,0.0,0.003787878787878788,17.0,4.0
emblematica:E003869,2803,383,0.3691342911612635,0.058823529411764705,0.14013625882621042,0.0,0.0,0.0,11.0,5.0
emblematica:E003870,2803,361,0.49148720655001155,0.3333333333333333,0.13768941995022982,0.0,0.002770083102493075,0.008310249307479225,40.0,4.0
emblematica:E003871,2803,331,0.41118705995757193,0.14285714285714285,0.12398045174852411,0.0,0.0,0.0030211480362537764,11.0,5.0
emblematica:E003872,2803,235,0.39184813497441146,0.125,0.08116396006900246,0.0,0.0,0.00425531914893617,11.0,4.5
emblematica:E003873,2803,205,0.38224261473290666,0.14285714285714285,0.07249416341529226,0.0,0.0,0.004878048780487805,9.5,4.0
emblematica:E003874,2803,313,0.4032652055659923,0.1111111111111111,0.10835954207193066,0.0,0.0,0.003194888178913738,17.0,4.0
emblematica:E003875,2803,252,0.3938144850557029,0.3333333333333333,0.09601376899193555,0.0,0.003968253968253968,0.003968253968253968,40.0,4.0
emblematica:E003876,2803,231,0.3659309453134631,0.022222222222222223,0.0761632590434168,0.0,0.0,0.0,6.5,4.0
emblematica:E003877,2803,271,0.3900954117610806,0.058823529411764705,0.1023735904241657,0.0,0.0,0.0,36.0,4.0
emblematica:E003878,2803,201,0.48006117753205335,1.0,0.08341824702692749,0.004975124378109453,0.004975124378109453,0.004975124378109453,5.5,4.0
emblematica:E003879,2803,327,0.4454348576459405,0.14285714285714285,0.12415034363657604,0.0,0.0,0.0030581039755351682,18.0,4.5
emblematica:E003880,2803,353,0.39328498530863815,0.14285714285714285,0.1347898868637936,0.0,0.0,0.0028328611898017,21.0,4.0
emblematica:E003881,2803,230,0.37962081462451813,0.125,0.08615437370613149,0.0,0.0,0.004347826086956522,9.0,4.0
emblematica:E003882,2803,239,0.5432534204450873,1.0,0.1020569105859899,0.0041841004184100415,0.008368200836820083,0.008368200836820083,40.0,4.0
emblematica:E003883,2803,219,0.3627166844339048,0.058823529411764705,0.07477188795152312,0.0,0.0,0.0,8.0,4.0
emblematica:E003884,2803,256,0.5323266901845036,1.0,0.10549281800893681,0.00390625,0.00390625,0.0078125,13.0,4.0
emblematica:E003885,2803,436,0.3258818714865775,0.07142857142857142,0.16005293226297024,0.0,0.0,0.0,11.0,4.0
emblematica:E004091,2803,297,0.5323266901845036,1.0,0.11238412418095954,0.003367003367003367,0.003367003367003367,0.006734006734006734,22.0,5.0
emblematica:E004092,2803,154,0.37108977079655325,0.2,0.05746766110362466,0.0,0.006493506493506494,0.006493506493506494,18.0,3.0
emblematica:E004093,2803,366,0.4154551933852129,0.5,0.14221378092456605,0.0,0.00273224043715847,0.00273224043715847,59.0,3.0
emblematica:E004094,2803,141,0.3333333333333333,0.06666666666666667,0.05767197386013898,0.0,0.0,0.0,17.5,3.5
emblematica:E004095,2803,183,0.3065334851853996,0.1,0.0749238979124589,0.0,0.0,0.00546448087431694,10.5,6.0
emblematica:E004096,2803,246,0.3136227345446063,0.058823529411764705,0.0834729191482632,0.0,0.0,0.0,16.0,3.0
emblematica:E004097,2803,145,0.3186605489134613,0.047619047619047616,0.04958708029310151,0.0,0.0,0.0,10.0,3.0
emblematica:E004098,2803,145,0.3528466601347852,0.041666666666666664,0.0529728094670545,0.0,0.0,0.0,10.0,3.0
emblematica:E004099,2803,141,0.3333333333333333,0.08333333333333333,0.053260232705402276,0.0,0.0,0.0,2.0,3.0
emblematica:E004100,2803,121,0.28627907118212376,0.030303030303030304,0.04850525640402236,0.0,0.0,0.0,3.0,5.0
emblematica:E004101,2803,277,0.38224261473290666,0.14285714285714285,0.09359032194925661,0.0,0.0,0.0036101083032490976,2.0,5.0
emblematica:E004102,2803,142,0.3333333333333333,0.04,0.06163243763772177,0.0,0.0,0.0,11.0,4.0
emblematica:E004103,2803,441,0.38559884598578353,0.16666666666666666,0.15747830642174182,0.0,0.0,0.0022675736961451248,13.0,3.5
emblematica:E004104,2803,219,0.3217614630105371,0.08333333333333333,0.08145295667030966,0.0,0.0,0.0,12.5,4.5
emblematica:E004105,2803,118,0.31591149578251654,0.05263157894736842,0.048427892341501196,0.0,0.0,0.0,1.0,5.0
emblematica:E004106,2803,142,0.31840032971834753,0.05555555555555555,0.05232442857848538,0.0,0.0,0.0,4.0,4.0
emblematica:E004107,2803,268,0.42293625706256066,0.16666666666666666,0.10099477622000544,0.0,0.0,0.007462686567164179,2.0,5.0
emblematica:E004108,2803,287,0.32781214804546754,0.058823529411764705,0.1028403649590452,0.0,0.0,0.0,5.0,4.0
emblematica:E004109,2803,138,0.31040710767728324,0.08333333333333333,0.05468184712602251,0.0,0.0,0.0,1.0,5.0
emblematica:E004110,2803,153,0.3013621587362191,0.02631578947368421,0.055701482443779086,0.0,0.0,0.0,3.0,5.0
emblematica:E004111,2803,43,0.37337152563589016,0.16666666666666666,0.021264642844537832,0.0,0.0,0.023255813953488372,2.0,3.5
emblematica:E004112,2803,353,0.42590829591570295,0.5,0.13219873080793676,0.0,0.0028328611898017,0.0028328611898017,44.5,5.0
emblematica:E004113,2803,23,0.3333333333333333,0.007407407407407408,0.008287824921353415,0.0,0.0,0.0,5.0,3.0
emblematica:E004114,2803,66,0.35128189436772805,0.1111111111111111,0.028430643302584015,0.0,0.0,0.015151515151515152,2.0,4.0
emblematica:E004115,2803,42,0.3039877644935893,0.047619047619047616,0.018299752323580186,0.0,0.0,0.0,3.0,3.0
emblematica:E004116,2803,136,0.35317082531526967,0.05,0.044618207274284366,0.0,0.0,0.0,3.5,4.5
emblematica:E004117,2803,376,0.4809117824303642,0.5,0.13674029288762204,0.0,0.0026595744680851063,0.005319148936170213,17.0,2.0
emblematica:E004118,2803,181,0.3333333333333333,0.0625,0.06479389971037827,0.0,0.0,0.0,3.0,5.0
emblematica:E004119,2803,129,0.3333333333333333,0.02702702702702703,0.04209587531496589,0.0,0.0,0.0,8.0,5.0
emblematica:E004120,2803,377,0.3775028156362593,0.1111111111111111,0.12977190351498796,0.0,0.0,0.002652519893899204,23.0,4.0
emblematica:E004121,2803,126,0.3333333333333333,0.09090909090909091,0.04684064451948638,0.0,0.0,0.0,6.0,5.0
emblematica:E004122,2803,169,0.3240758370750963,0.038461538461538464,0.061892205662474616,0.0,0.0,0.0,15.5,3.5
emblematica:E004123,2803,118,0.3790530411853491,0.2,0.0518235468577531,0.0,0.00847457627118644,0.00847457627118644,2.0,6.0
emblematica:E004124,2803,76,0.3333333333333333,0.043478260869565216,0.03698581295571106,0.0,0.0,0.0,22.5,3.0
emblematica:E004125,2803,179,0.4529847367238781,0.02702702702702703,0.05879182289678041,0.0,0.0,0.0,6.0,4.0
emblematica:E004126,2803,290,0.3900954117610806,0.2,0.11335331804649433,0.0,0.0034482758620689655,0.0034482758620689655,14.0,4.5
emblematica:E004127,2803,182,0.5263486588232382,1.0,0.072015503584913,0.005494505494505495,0.005494505494505495,0.01098901098901099,4.0,4.5
emblematica:E004128,2803,283,0.35076495158799637,0.125,0.11175453167034928,0.0,0.0,0.0035335689045936395,23.0,4.0
emblematica:E004129,2803,137,0.3900954117610806,0.2,0.04534835367598454,0.0,0.0072992700729927005,0.0072992700729927005,3.0,4.0
emblematica:E004130,2803,116,0.31504040390497573,0.038461538461538464,0.044402910747045166,0.0,0.0,0.0,59.0,4.5
emblematica:E004131,2803,116,0.31742813628359534,0.038461538461538464,0.04407616362569847,0.0,0.0,0.0,100.5,4.5
emblematica:E004132,2803,116,0.31204755392292804,0.038461538461538464,0.04467678137187737,0.0,0.0,0.0,100.5,4.5
emblematica:E004133,2803,116,0.24359478079042463,0.07142857142857142,0.04840167104867817,0.0,0.0,0.0,100.5,4.5
emblematica:E004134,2803,116,0.3333333333333333,0.019230769230769232,0.04472484757951503,0.0,0.0,0.0,100.5,4.5
emblematica:E004135,2803,116,0.31597552784913896,0.06666666666666667,0.046875578637475185,0.0,0.0,0.0,100.5,4.5
emblematica:E004136,2803,116,0.3224798740617393,0.1111111111111111,0.041824144173104295,0.0,0.0,0.008620689655172414,100.5,4.5
emblematica:E004137,2803,116,0.20813555177573392,0.017543859649122806,0.04043522828826942,0.0,0.0,0.0,100.5,4.5
emblematica:E004138,2803,116,0.3009320964295039,0.03225806451612903,0.045017430028516034,0.0,0.0,0.0,100.5,4.5
emblematica:E004139,2803,116,0.3333333333333333,0.030303030303030304,0.042093984177304235,0.0,0.0,0.0,100.5,4.5
emblematica:E004140,2803,116,0.3333333333333333,0.02702702702702703,0.041362711270095186,0.0,0.0,0.0,100.5,4.5
emblematica:E004141,2803,116,0.3333333333333333,0.02631578947368421,0.05170661401756789,0.0,0.0,0.0,100.5,4.5
emblematica:E004142,2803,116,0.3333333333333333,0.041666666666666664,0.0455482495158108,0.0,0.0,0.0,100.5,4.5
emblematica:E004143,2803,116,0.42590829591570295,0.5,0.04864412767887068,0.0,0.008620689655172414,0.017241379310344827,100.5,4.5
emblematica:E004144,2803,116,0.29481307327941536,0.03571428571428571,0.043260542343771496,0.0,0.0,0.0,100.5,4.5
emblematica:E004145,2803,116,0.3333333333333333,0.043478260869565216,0.050596612426975156,0.0,0.0,0.0,100.5,4.5
emblematica:E004146,2803,116,0.37207093554658044,0.25,0.04091005965644869,0.0,0.008620689655172414,0.008620689655172414,100.5,4.5
emblematica:E004147,2803,116,0.3333333333333333,0.08333333333333333,0.045852142842600356,0.0,0.0,0.0,100.5,4.5
emblematica:E004148,2803,116,0.2628595051348571,0.0625,0.041206852304623634,0.0,0.0,0.0,100.5,4.5
emblematica:E004149,2803,116,0.29720285806806723,0.058823529411764705,0.03918544906731297,0.0,0.0,0.0,100.5,4.5
emblematica:E004150,2803,116,0.3775028156362593,0.1111111111111111,0.05232647285202438,0.0,0.0,0.008620689655172414,100.5,4.5
emblematica:E004151,2803,116,0.2912952617161056,0.022727272727272728,0.03732345384117605,0.0,0.0,0.0,100.5,4.5
emblematica:E004152,2803,116,0.3333333333333333,0.043478260869565216,0.04050497987360771,0.0,0.0,0.0,100.5,4.5
emblematica:E004153,2803,116,0.3333333333333333,0.013513513513513514,0.03980718081425929,0.0,0.0,0.0,100.5,4.5
emblematica:E004154,2803,116,0.2846612003308478,0.03333333333333333,0.044120005538078606,0.0,0.0,0.0,100.5,4.5
emblematica:E004155,2803,116,0.40959527330058715,0.5,0.05073523898252488,0.0,0.008620689655172414,0.008620689655172414,100.5,4.5
emblematica:E004156,2803,116,0.3921560476813213,0.5,0.05221517074009616,0.0,0.008620689655172414,0.008620689655172414,100.5,4.5
emblematica:E004157,2803,116,0.3171327148814186,0.047619047619047616,0.03662047628409285,0.0,0.0,0.0,100.5,4.5
emblematica:E004158,2803,116,0.3333333333333333,0.06666666666666667,0.0455956524470727,0.0,0.0,0.0,100.5,4.5
emblematica:E004159,2803,116,0.3333333333333333,0.041666666666666664,0.05479306415018842,0.0,0.0,0.0,100.5,4.5
emblematica:E004160,2803,116,0.31504040390497573,0.015384615384615385,0.04442045266014355,0.0,0.0,0.0,100.5,4.5
emblematica:E004161,2803,116,0.2778480879340798,0.14285714285714285,0.042412402728384285,0.0,0.0,0.008620689655172414,100.5,4.5
emblematica:E004162,2803,116,0.31597552784913896,0.047619047619047616,0.0367524819745886,0.0,0.0,0.0,100.5,4.5
emblematica:E004163,2803,116,0.28074901776685884,0.025,0.03836851193104504,0.0,0.0,0.0,100.5,4.5
emblematica:E004164,2803,116,0.3066555434790205,0.07692307692307693,0.04112099005029648,0.0,0.0,0.0,100.5,4.5
emblematica:E004165,2803,116,0.3333333333333333,0.01639344262295082,0.0397333607077718,0.0,0.0,0.0,100.5,4.5
emblematica:E004166,2803,116,0.30678702370345845,0.25,0.03876481779474476,0.0,0.008620689655172414,0.008620689655172414,100.5,4.5
emblematica:E004167,2803,116,0.27964631701909864,0.023255813953488372,0.04124894117401774,0.0,0.0,0.0,100.5,4.5
emblematica:E004168,2803,116,0.31742813628359534,0.0136986301369863,0.03944325264009823,0.0,0.0,0.0,100.5,4.5
emblematica:E004169,2803,116,0.3310527389831965,0.25,0.05044427745207816,0.0,0.008620689655172414,0.008620689655172414,100.5,4.5
emblematica:E004170,2803,116,0.3725527162070775,0.5,0.05135380522171702,0.0,0.008620689655172414,0.008620689655172414,100.5,4.5
emblematica:E004171,2803,116,0.29897877397663897,0.06666666666666667,0.040867260818634295,0.0,0.0,0.0,100.5,4.5
emblematica:E004172,2803,116,0.3333333333333333,0.022727272727272728,0.03464753593306661,0.0,0.0,0.0,100.5,4.5
emblematica:E004173,2803,116,0.27651217406282264,0.02702702702702703,0.04317607860866066,0.0,0.0,0.0,100.5,4.5
emblematica:E004174,2803,116,0.3910518106237481,0.5,0.050834526449649864,0.0,0.008620689655172414,0.008620689655172414,100.5,4.5
emblematica:E004175,2803,116,0.3249653208855584,0.1,0.04829397073333923,0.0,0.0,0.008620689655172414,100.5,4.5
emblematica:E004176,2803,116,0.301346556088172,0.05263157894736842,0.04187779182467176,0.0,0.0,0.0,100.5,4.5
emblematica:E004177,2803,116,0.3333333333333333,0.045454545454545456,0.040855319572690244,0.0,0.0,0.0,100.5,4.5
emblematica:E004178,2803,116,0.3333333333333333,0.07692307692307693,0.04497488310240227,0.0,0.0,0.0,100.5,4.5
emblematica:E004179,2803,116,0.36132788519616055,0.125,0.041864218472550625,0.0,0.0,0.008620689655172414,100.5,4.5
emblematica:E004180,2803,116,0.3333333333333333,0.0136986301369863,0.03893713059597884,0.0,0.0,0.0,100.5,4.5
emblematica:E004181,2803,116,0.31634507090913094,0.04,0.042393280554004896,0.0,0.0,0.0,100.5,4.5
emblematica:E004182,2803,116,0.3333333333333333,0.0058823529411764705,0.041456153346422435,0.0,0.0,0.0,100.5,4.5
emblematica:E004183,2803,116,0.31676977746973606,0.0625,0.04689386621373749,0.0,0.0,0.0,100.5,4.5
emblematica:E004184,2803,116,0.30963624224094555,0.009433962264150943,0.035811622977445244,0.0,0.0,0.0,100.5,4.5
emblematica:E004185,2803,116,0.28453842288511455,0.09090909090909091,0.04470458940785528,0.0,0.0,0.0,100.5,4.5
emblematica:E004186,2803,116,0.48006117753205335,1.0,0.05009449847944005,0.008620689655172414,0.008620689655172414,0.008620689655172414,100.5,4.5
emblematica:E004187,2803,116,0.36323697376837927,0.14285714285714285,0.04539888552096256,0.0,0.0,0.008620689655172414,100.5,4.5
emblematica:E004188,2803,116,0.2977275784939603,0.05263157894736842,0.04052858598725683,0.0,0.0,0.0,100.5,4.5
emblematica:E004189,2803,116,0.22972052724012765,0.043478260869565216,0.04343678955339755,0.0,0.0,0.0,100.5,4.5
emblematica:E004190,2803,116,0.3132312130823909,0.06666666666666667,0.041109654202164815,0.0,0.0,0.0,100.5,4.5
emblematica:E004191,2803,116,0.255377248800672,0.2,0.04210937661637931,0.0,0.008620689655172414,0.008620689655172414,100.5,4.5
emblematica:E004192,2803,116,0.29479139166119017,0.029411764705882353,0.03877282625083385,0.0,0.0,0.0,100.5,4.5
emblematica:E004193,2803,116,0.29827444728264035,0.0625,0.05159020130750003,0.0,0.0,0.0,100.5,4.5
emblematica:E004194,2803,116,0.3333333333333333,0.08333333333333333,0.04465192488174952,0.0,0.0,0.0,100.5,4.5
emblematica:E004195,2803,116,0.3333333333333333,0.0625,0.04131861387006628,0.0,0.0,0.0,100.5,4.5
emblematica:E004196,2803,116,0.2853086043353905,0.011494252873563218,0.042233314858399824,0.0,0.0,0.0,100.5,4.5
emblematica:E004197,2803,116,0.2862222953014044,0.014705882352941176,0.04615631118848019,0.0,0.0,0.0,100.5,4.5
emblematica:E004198,2803,116,0.48006117753205335,1.0,0.059669806985850164,0.008620689655172414,0.008620689655172414,0.008620689655172414,100.5,4.5
emblematica:E004199,2803,116,0.4156831345592181,0.2,0.05781004048895943,0.0,0.008620689655172414,0.017241379310344827,100.5,4.5
emblematica:E004200,2803,116,0.29861772236494466,0.05263157894736842,0.04371191477846949,0.0,0.0,0.0,100.5,4.5
emblematica:E004201,2803,116,0.2305621963534825,0.03225806451612903,0.04227473634274613,0.0,0.0,0.0,100.5,4.5
emblematica:E004202,2803,116,0.31499235280849325,0.047619047619047616,0.05110327936117764,0.0,0.0,0.0,100.5,4.5
emblematica:E004203,2803,116,0.2783103917588133,0.02857142857142857,0.045006189052515196,0.0,0.0,0.0,100.5,4.5
emblematica:E004204,2803,116,0.29332321962582975,0.01282051282051282,0.03913123297731286,0.0,0.0,0.0,100.5,4.5
emblematica:E004205,2803,116,0.29543744098370933,0.043478260869565216,0.03718711413782429,0.0,0.0,0.0,100.5,4.5
emblematica:E004206,2803,116,0.3333333333333333,0.03333333333333333,0.04005636795973893,0.0,0.0,0.0,100.5,4.5
emblematica:E004207,2803,116,0.3333333333333333,0.012987012987012988,0.04074212142179758,0.0,0.0,0.0,100.5,4.5
emblematica:E004208,2803,116,0.29861772236494466,0.06666666666666667,0.04633560577376808,0.0,0.0,0.0,100.5,4.5
emblematica:E004209,2803,116,0.4487910888988174,0.25,0.04763716307185266,0.0,0.008620689655172414,0.017241379310344827,100.5,4.5
emblematica:E004210,2803,116,0.3333333333333333,0.08333333333333333,0.04254078908111289,0.0,0.0,0.0,100.5,4.5
emblematica:E004211,2803,116,0.31662338127196676,0.2,0.05103759195886504,0.0,0.008620689655172414,0.008620689655172414,100.5,4.5
emblematica:E004212,2803,116,0.3333333333333333,0.03225806451612903,0.03807104906610698,0.0,0.0,0.0,100.5,4.5
emblematica:E004213,2803,116,0.31676977746973606,0.05555555555555555,0.049710025543152285,0.0,0.0,0.0,100.5,4.5
emblematica:E004214,2803,116,0.29075476866574307,0.0625,0.04051626134075365,0.0,0.0,0.0,100.5,4.5
emblematica:E005119,2803,22,0.3333333333333333,0.01639344262295082,0.008973496784255245,0.0,0.0,0.0,1.0,6.0
emblematica:E005120,2803,188,0.46688531931747435,0.16666666666666666,0.07719236051315694,0.0,0.0,0.015957446808510637,2.0,4.0
emblematica:E005121,2803,18,0.3101895926877409,0.0035971223021582736,0.005133076837296775,0.0,0.0,0.0,1.5,3.0
emblematica:E005122,2803,47,0.3333333333333333,0.047619047619047616,0.019012454470498336,0.0,0.0,0.0,6.5,4.0
emblematica:E005123,2803,57,0.3402974976010065,0.038461538461538464,0.017407532845653634,0.0,0.0,0.0,4.5,4.0
emblematica:E005124,2803,59,0.3333333333333333,0.06666666666666667,0.02390317793608328,0.0,0.0,0.0,7.5,4.0
emblematica:E005125,2803,48,0.31043957314359844,0.018867924528301886,0.019288414612205543,0.0,0.0,0.0,6.5,5.0
emblematica:E005126,2803,81,0.3439367980331586,0.022727272727272728,0.03216322855490401,0.0,0.0,0.0,8.0,4.0
emblematica:E005127,2803,58,0.3291828724154301,0.014705882352941176,0.022188778500166453,0.0,0.0,0.0,9.0,5.0
emblematica:E005128,2803,79,0.3333333333333333,0.0196078431372549,0.029473697704837893,0.0,0.0,0.0,5.0,3.0
emblematica:E005129,2803,186,0.3333333333333333,0.09090909090909091,0.07261004269926241,0.0,0.0,0.0,18.0,4.0
emblematica:E005130,2803,279,0.521091468487584,0.16666666666666666,0.10738820383860326,0.0,0.0,0.007168458781362007,25.0,3.0
emblematica:E005131,2803,67,0.3333333333333333,0.07692307692307693,0.024798214290211576,0.0,0.0,0.0,8.0,4.0
emblematica:E005132,2803,87,0.4389394350456683,0.058823529411764705,0.03181876236000067,0.0,0.0,0.0,11.0,3.5
emblematica:E005133,2803,235,0.37962081462451813,0.125,0.08344184092462094,0.0,0.0,0.00425531914893617,1.0,5.0
emblematica:E005134,2803,62,0.3333333333333333,0.022727272727272728,0.02215587904493387,0.0,0.0,0.0,4.0,3.0
emblematica:E005135,2803,33,0.3333333333333333,0.027777777777777776,0.015524244086607285,0.0,0.0,0.0,2.0,5.0
emblematica:E005136,2803,90,0.38559884598578353,0.16666666666666666,0.03634250918967574,0.0,0.0,0.011111111111111112,10.0,3.5
emblematica:E005137,2803,708,0.5018940181234516,0.3333333333333333,0.2375490113570324,0.0,0.0014124293785310734,0.00423728813559322,1.0,3.0
emblematica:E005138,2803,69,0.358659694024701,0.125,0.02428143387654259,0.0,0.0,0.014492753623188406,1.5,5.0
emblematica:E005139,2803,182,0.3206948847507265,0.034482758620689655,0.06497444706799486,0.0,0.0,0.0,2.0,3.0
emblematica:E005140,2803,105,0.4576518680309493,0.16666666666666666,0.04269313156397789,0.0,0.0,0.009523809523809525,1.0,5.0
emblematica:E005141,2803,23,0.3166004065086188,0.012048192771084338,0.0088541185185769,0.0,0.0,0.0,1.0,3.0
emblematica:E005142,2803,60,0.37962081462451813,0.007462686567164179,0.020904182069717933,0.0,0.0,0.0,3.0,5.0
emblematica:E005143,2803,181,0.3439367980331586,0.07692307692307693,0.06520634579637445,0.0,0.0,0.0,5.5,4.0
emblematica:E005144,2803,85,0.4781738085681532,0.16666666666666666,0.03600185302082313,0.0,0.0,0.011764705882352941,6.0,4.0
emblematica:E005145,2803,245,0.3333333333333333,0.05263157894736842,0.08749736267350398,0.0,0.0,0.0,12.0,3.0
emblematica:E005146,2803,109,0.38056015418092126,0.14285714285714285,0.04897543910946073,0.0,0.0,0.009174311926605505,6.0,4.0
emblematica:E005147,2803,114,0.3333333333333333,0.010869565217391304,0.036993129813288,0.0,0.0,0.0,10.5,3.0
emblematica:E005148,2803,21,0.32813873730490006,0.002150537634408602,0.006348568379600181,0.0,0.0,0.0,1.0,4.5
emblematica:E005149,2803,9,0.3214337379969885,0.0136986301369863,0.0053172632975863185,0.0,0.0,0.0,1.5,3.0
emblematica:E005150,2803,46,0.320713481246783,0.006802721088435374,0.014765220123911535,0.0,0.0,0.0,1.0,4.0
emblematica:E005151,2803,82,0.3333333333333333,0.02040816326530612,0.02601309242075818,0.0,0.0,0.0,6.0,3.0
emblematica:E005152,2803,47,0.3333333333333333,0.010869565217391304,0.017268180960163523,0.0,0.0,0.0,3.0,3.5
emblematica:E005153,2803,34,0.3175352726050748,0.013333333333333334,0.010337830174049429,0.0,0.0,0.0,1.0,4.0
emblematica:E005154,2803,18,0.3333333333333333,0.003246753246753247,0.005732875918705213,0.0,0.0,0.0,1.0,5.0
emblematica:E005155,2803,205,0.407567315390863,0.5,0.07298020619227949,0.0,0.004878048780487805,0.004878048780487805,3.0,4.0
emblematica:E005156,2803,37,0.29515841643591545,0.02564102564102564,0.016136788934363235,0.0,0.0,0.0,1.0,4.0
emblematica:E005157,2803,249,0.35647707397892575,0.058823529411764705,0.09631552319275406,0.0,0.0,0.0,6.0,5.0
emblematica:E005158,2803,187,0.32355147705341863,0.08333333333333333,0.06349445681003736,0.0,0.0,0.0,1.0,5.0
emblematica:E005159,2803,11,0.3103857236699778,0.001838235294117647,0.003911224135907128,0.0,0.0,0.0,3.0,2.0
emblematica:E005160,2803,110,0.3333333333333333,0.017857142857142856,0.04123725334269819,0.0,0.0,0.0,11.0,4.0
emblematica:E005161,2803,37,0.35167431385817327,0.030303030303030304,0.01527930756273964,0.0,0.0,0.0,2.0,5.0
emblematica:E005162,2803,8,0.3111579983107118,0.02631578947368421,0.007734507341403563,0.0,0.0,0.0,2.0,4.5
emblematica:E005163,2803,231,0.3161966795519517,0.07692307692307693,0.07924862727723739,0.0,0.0,0.0,18.0,4.0
emblematica:E005164,2803,46,0.3922324175291981,0.3333333333333333,0.024860087596202937,0.0,0.021739130434782608,0.021739130434782608,2.5,3.0
emblematica:E005165,2803,156,0.38907468595905553,0.05555555555555555,0.05152316165967457,0.0,0.0,0.0,5.0,4.0
emblematica:E005166,2803,56,0.3823350566394303,0.022222222222222223,0.020862810422352933,0.0,0.0,0.0,3.0,5.0
emblematica:E005167,2803,81,0.3333333333333333,0.037037037037037035,0.028249997334058006,0.0,0.0,0.0,6.0,3.0
emblematica:E005168,2803,26,0.31499235280849325,0.0625,0.015633260928217863,0.0,0.0,0.0,1.0,4.0
emblematica:E005169,2803,18,0.3333333333333333,0.0625,0.014176090212746613,0.0,0.0,0.0,1.0,4.0
emblematica:E005170,2803,202,0.3659309453134631,0.1111111111111111,0.0754268002725895,0.0,0.0,0.0049504950495049506,6.0,3.0
emblematica:E005171,2803,230,0.3775028156362593,0.1111111111111111,0.08327989559204581,0.0,0.0,0.004347826086956522,5.0,4.0
emblematica:E005172,2803,63,0.3333333333333333,0.06666666666666667,0.02222336224424466,0.0,0.0,0.0,2.0,5.0
emblematica:E005173,2803,50,0.37962081462451813,0.125,0.02166516877419508,0.0,0.0,0.02,1.0,6.0
emblematica:E005174,2803,175,0.41418477668593934,0.1111111111111111,0.06553958941316361,0.0,0.0,0.005714285714285714,1.5,4.5
emblematica:E005175,2803,21,0.33616371794906175,0.02040816326530612,0.011252778693166201,0.0,0.0,0.0,1.0,2.5
emblematica:E005176,2803,227,0.4748175773152763,0.07692307692307693,0.0780243606921102,0.0,0.0,0.0,5.0,3.0
emblematica:E005177,2803,90,0.3333333333333333,0.02702702702702703,0.03432901565796188,0.0,0.0,0.0,6.5,4.5
emblematica:E005178,2803,175,0.3333333333333333,0.058823529411764705,0.06316492471778444,0.0,0.0,0.0,11.0,3.0
emblematica:E005179,2803,26,0.3333333333333333,0.011764705882352941,0.008264598890615198,0.0,0.0,0.0,3.0,4.5
emblematica:E005180,2803,25,0.3333333333333333,0.009708737864077669,0.008948193686887812,0.0,0.0,0.0,1.0,3.0
emblematica:E005181,2803,22,0.3333333333333333,0.018867924528301886,0.009632784323274232,0.0,0.0,0.0,2.0,4.0
emblematica:E005182,2803,71,0.320713481246783,0.05263157894736842,0.024892083822002135,0.0,0.0,0.0,1.0,7.0
emblematica:E005183,2803,50,0.3333333333333333,0.015384615384615385,0.018473688047975136,0.0,0.0,0.0,3.0,4.0
emblematica:E005184,2803,11,0.28748088202123323,0.010416666666666666,0.00527721736312839,0.0,0.0,0.0,2.0,5.0
emblematica:E005185,2803,36,0.34639971149644583,0.0625,0.018675918924137922,0.0,0.0,0.0,4.0,3.5
emblematica:E005186,2803,3,0.3135857574230102,0.005263157894736842,0.0036886617144032425,0.0,0.0,0.0,1.0,4.0
emblematica:E005187,2803,101,0.3333333333333333,0.01639344262295082,0.03288153872970072,0.0,0.0,0.0,2.0,4.0
emblematica:E005188,2803,10,0.3333333333333333,0.017241379310344827,0.008108639722511603,0.0,0.0,0.0,1.0,6.0
emblematica:E005189,2803,95,0.3333333333333333,0.03125,0.03628284361947793,0.0,0.0,0.0,1.0,3.0
emblematica:E005190,2803,11,0.3028741074372644,0.011363636363636364,0.004678139397573255,0.0,0.0,0.0,2.0,4.0
emblematica:E005191,2803,50,0.38213027090501667,0.1,0.023790349167960655,0.0,0.0,0.02,7.5,4.5
emblematica:E005192,2803,25,0.3390274646016704,0.027777777777777776,0.012234453701279558,0.0,0.0,0.0,1.5,5.5
emblematica:E005193,2803,29,0.3136182214433146,0.014084507042253521,0.010327921295727923,0.0,0.0,0.0,1.0,5.0
emblematica:E005194,2803,49,0.326800144251777,0.07692307692307693,0.02208617299055682,0.0,0.0,0.0,10.0,4.0
emblematica:E005195,2803,51,0.304794852021185,0.014705882352941176,0.02004257249199117,0.0,0.0,0.0,9.0,5.0
emblematica:E005196,2803,34,0.35167431385817327,0.009259259259259259,0.01456080139034449,0.0,0.0,0.0,1.0,6.0
emblematica:E005197,2803,26,0.30192597464538073,0.05555555555555555,0.01970408013976738,0.0,0.0,0.0,2.5,4.0
emblematica:E005198,2803,81,0.32274463805118275,0.013513513513513514,0.02459697641163082,0.0,0.0,0.0,4.0,4.0
emblematica:E005199,2803,19,0.320713481246783,0.006369426751592357,0.005052695612488306,0.0,0.0,0.0,4.0,4.0
emblematica:E005200,2803,67,0.47218218708801074,0.047619047619047616,0.023451212390925846,0.0,0.0,0.0,3.0,5.0
emblematica:E005201,2803,10,0.3172029037378273,0.005154639175257732,0.004471553136158279,0.0,0.0,0.0,2.0,4.0
emblematica:E005202,2803,101,0.3333333333333333,0.03571428571428571,0.03740549760290703,0.0,0.0,0.0,3.0,5.0
emblematica:E005203,2803,61,0.5368232559598007,0.045454545454545456,0.024359153641569386,0.0,0.0,0.0,3.0,4.0
emblematica:E005204,2803,74,0.28866583179539507,0.02857142857142857,0.02932307346726371,0.0,0.0,0.0,22.0,4.0
emblematica:E005205,2803,36,0.3217614630105371,0.045454545454545456,0.01630119894971413,0.0,0.0,0.0,2.0,4.0
emblematica:E005206,2803,215,0.3333333333333333,0.07692307692307693,0.07479650329158093,0.0,0.0,0.0,12.0,4.0
emblematica:E005207,2803,51,0.3013584370731169,0.018867924528301886,0.017758395372221302,0.0,0.0,0.0,11.5,4.5
emblematica:E005208,2803,69,0.38224261473290666,0.14285714285714285,0.028053675518861246,0.0,0.0,0.014492753623188406,12.0,4.5
emblematica:E005209,2803,31,0.3262380735298649,0.005714285714285714,0.011221086543420394,0.0,0.0,0.0,4.0,4.0
emblematica:E005210,2803,114,0.4696080750015634,1.0,0.05178358183438316,0.008771929824561403,0.008771929824561403,0.008771929824561403,6.0,4.0
emblematica:E005211,2803,116,0.3000593491935075,0.07142857142857142,0.0393323145312826,0.0,0.0,0.0,10.0,3.0
emblematica:E005212,2803,43,0.3180491828959666,0.038461538461538464,0.01640537652983972,0.0,0.0,0.0,4.5,3.5
emblematica:E005213,2803,83,0.2628107930672273,0.01694915254237288,0.027060361004884043,0.0,0.0,0.0,7.0,4.0
emblematica:E005214,2803,58,0.3333333333333333,0.05263157894736842,0.025129386037183964,0.0,0.0,0.0,8.5,4.0
emblematica:E005215,2803,75,0.34490520365612953,0.017857142857142856,0.030357270531560985,0.0,0.0,0.0,5.0,3.5
emblematica:E005216,2803,46,0.47080368127381644,0.022727272727272728,0.014621123428220681,0.0,0.0,0.0,3.0,5.0
emblematica:E005217,2803,58,0.3333333333333333,0.045454545454545456,0.021349828258624217,0.0,0.0,0.0,4.0,4.5
emblematica:E005218,2803,317,0.5124916370179301,0.5,0.12799799091851155,0.0,0.0031545741324921135,0.00946372239747634,11.5,4.5
emblematica:E005219,2803,22,0.3027650324585999,0.0016638935108153079,0.0053482553656138765,0.0,0.0,0.0,2.0,4.5
emblematica:E005220,2803,142,0.3234759125317636,0.09090909090909091,0.05817195168631148,0.0,0.0,0.0,11.5,3.5
emblematica:E005221,2803,51,0.29464988313265994,0.05555555555555555,0.022104085923485464,0.0,0.0,0.0,11.5,4.5
emblematica:E005222,2803,13,0.3333333333333333,0.012048192771084338,0.00682311150335471,0.0,0.0,0.0,2.0,4.0
emblematica:E005223,2803,88,0.3175352726050748,0.03225806451612903,0.030887499086319013,0.0,0.0,0.0,4.0,4.0
emblematica:E005224,2803,383,0.320713481246783,0.07692307692307693,0.14185559046460586,0.0,0.0,0.0,39.5,4.5
emblematica:E005225,2803,37,0.3333333333333333,0.041666666666666664,0.016850913375011774,0.0,0.0,0.0,6.0,3.0
emblematica:E005226,2803,56,0.3201083386787091,0.006289308176100629,0.01930851746327352,0.0,0.0,0.0,8.0,4.0
emblematica:E005227,2803,16,0.30908663914992335,0.0125,0.007888888684928513,0.0,0.0,0.0,4.0,3.5
emblematica:E005228,2803,33,0.35647707397892575,0.009174311926605505,0.011166735338635119,0.0,0.0,0.0,2.0,4.0
emblematica:E005229,2803,53,0.30311471647527916,0.015384615384615385,0.01771151677759001,0.0,0.0,0.0,6.5,5.0
emblematica:E005230,2803,26,0.3333333333333333,0.011235955056179775,0.008888615493997071,0.0,0.0,0.0,5.5,5.0
emblematica:E005231,2803,110,0.3775028156362593,0.08333333333333333,0.0474563579587861,0.0,0.0,0.0,3.0,6.0
emblematica:E005232,2803,90,0.3333333333333333,0.058823529411764705,0.032367455799511995,0.0,0.0,0.0,1.0,3.0
emblematica:E005233,2803,115,0.38559884598578353,0.16666666666666666,0.04425966770789601,0.0,0.0,0.008695652173913044,11.0,3.0
emblematica:E005234,2803,70,0.457345673685494,0.3333333333333333,0.04511755358093059,0.0,0.02857142857142857,0.02857142857142857,15.0,4.0
emblematica:E005235,2803,45,0.33815086287176044,0.0625,0.02185755403420899,0.0,0.0,0.0,4.5,4.0
emblematica:E005236,2803,61,0.3064722157913714,0.029411764705882353,0.025421989342871074,0.0,0.0,0.0,4.5,6.0
emblematica:E005237,2803,11,0.28388644553277065,0.002421307506053269,0.00408996596259507,0.0,0.0,0.0,2.0,6.0
emblematica:E005238,2803,46,0.3333333333333333,0.005952380952380952,0.018104559925491436,0.0,0.0,0.0,1.0,3.0
emblematica:E005239,2803,342,0.3693310945726013,0.16666666666666666,0.11753769662622467,0.0,0.0,0.005847953216374269,3.0,4.0
emblematica:E005240,2803,98,0.38993771173957126,0.047619047619047616,0.032175323377374644,0.0,0.0,0.0,17.0,4.0
emblematica:E005241,2803,85,0.4151860474281056,0.2,0.03335442475634026,0.0,0.011764705882352941,0.011764705882352941,3.0,3.0
emblematica:E005242,2803,34,0.36996125697123633,0.058823529411764705,0.018097249611426277,0.0,0.0,0.0,4.5,4.0
emblematica:E005243,2803,16,0.29862111989466394,0.020833333333333332,0.006995978107368576,0.0,0.0,0.0,2.0,4.0
emblematica:E005244,2803,63,0.3642484847614777,0.1111111111111111,0.02686018078086741,0.0,0.0,0.015873015873015872,7.0,4.5
emblematica:E005245,2803,59,0.3333333333333333,0.017543859649122806,0.022368701411510112,0.0,0.0,0.0,15.0,4.0
emblematica:E005246,2803,45,0.3333333333333333,0.029411764705882353,0.02019407515458754,0.0,0.0,0.0,8.0,5.0
emblematica:E005247,2803,112,0.446175827374733,1.0,0.05166801944387458,0.008928571428571428,0.008928571428571428,0.008928571428571428,4.0,5.0
emblematica:E005248,2803,28,0.5242306598349794,0.02857142857142857,0.014431719087346426,0.0,0.0,0.0,2.0,4.0
emblematica:E005249,2803,43,0.31040710767728324,0.014925373134328358,0.018191884184820664,0.0,0.0,0.0,5.0,4.0
emblematica:E005250,2803,62,0.41201802494960105,0.07142857142857142,0.033210496048945506,0.0,0.0,0.0,13.0,4.0
emblematica:E005251,2803,119,0.38224261473290666,0.14285714285714285,0.04216971011471759,0.0,0.0,0.008403361344537815,6.0,3.0
emblematica:E005252,2803,22,0.3749953812859582,0.16666666666666666,0.021706138205881274,0.0,0.0,0.045454545454545456,5.0,5.0
emblematica:E005253,2803,24,0.3014754435670878,0.0058823529411764705,0.0072185674951716905,0.0,0.0,0.0,3.0,3.0
emblematica:E005254,2803,190,0.37574719213263447,0.1,0.07040514891623505,0.0,0.0,0.005263157894736842,12.5,3.5
emblematica:E005255,2803,74,0.40669725543269336,0.3333333333333333,0.04348359646476368,0.0,0.013513513513513514,0.013513513513513514,3.0,4.0
emblematica:E005256,2803,38,0.3073081332279118,0.058823529411764705,0.015272159747847774,0.0,0.0,0.0,7.0,4.5
emblematica:E005257,2803,115,0.3333333333333333,0.037037037037037035,0.04179013347270297,0.0,0.0,0.0,10.0,4.5
emblematica:E005258,2803,33,0.3333333333333333,0.06666666666666667,0.012080589546083738,0.0,0.0,0.0,2.5,5.5
emblematica:E005259,2803,118,0.3333333333333333,0.024390243902439025,0.04565226270013205,0.0,0.0,0.0,8.0,3.0
emblematica:E005260,2803,58,0.3333333333333333,0.023809523809523808,0.022918469647965675,0.0,0.0,0.0,5.5,4.5
emblematica:E005261,2803,71,0.3881062803360846,0.1111111111111111,0.03418271646236195,0.0,0.0,0.014084507042253521,5.5,4.5
emblematica:E005262,2803,99,0.39652557624636714,0.25,0.03797777946135505,0.0,0.010101010101010102,0.010101010101010102,11.0,4.0
emblematica:E005263,2803,106,0.32026695517022075,0.043478260869565216,0.03699095990051418,0.0,0.0,0.0,6.5,5.0
emblematica:E005264,2803,93,0.3333333333333333,0.015151515151515152,0.03224125906009295,0.0,0.0,0.0,19.0,5.0
emblematica:E005265,2803,40,0.3333333333333333,0.0072992700729927005,0.012622022374038403,0.0,0.0,0.0,1.5,6.0
emblematica:E005266,2803,25,0.30056529716582553,0.03125,0.013989998539959771,0.0,0.0,0.0,3.5,4.5
emblematica:E005267,2803,38,0.2687473697597363,0.022222222222222223,0.016338061853944274,0.0,0.0,0.0,4.0,4.0
emblematica:E005268,2803,73,0.3333333333333333,0.058823529411764705,0.029935075879867743,0.0,0.0,0.0,3.5,3.0
emblematica:E005269,2803,183,0.32543430296920406,0.037037037037037035,0.06274635128335686,0.0,0.0,0.0,8.5,5.0
emblematica:E005270,2803,314,0.3595103450182941,0.16666666666666666,0.11690554748178172,0.0,0.0,0.0031847133757961785,12.5,4.5
emblematica:E005271,2803,55,0.2836296411081193,0.01818181818181818,0.018575310681992016,0.0,0.0,0.0,1.0,5.0
emblematica:E005272,2803,52,0.3262380735298649,0.029411764705882353,0.018557248817409666,0.0,0.0,0.0,4.5,4.5
emblematica:E005273,2803,112,0.38559884598578353,0.16666666666666666,0.03937026326422687,0.0,0.0,0.008928571428571428,18.0,3.5
emblematica:E005274,2803,92,0.3439367980331586,0.05263157894736842,0.04178751836494334,0.0,0.0,0.0,10.0,3.0
emblematica:E005275,2803,175,0.3262380735298649,0.03225806451612903,0.06678078095320025,0.0,0.0,0.0,5.5,3.0
emblematica:E005276,2803,71,0.39652557624636714,0.023255813953488372,0.02949277636368429,0.0,0.0,0.0,1.5,5.0
emblematica:E005340,2803,29,0.3363031574249897,0.006060606060606061,0.010970120751779814,0.0,0.0,0.0,7.0,3.0
emblematica:E005341,2803,172,0.3491313940615917,0.038461538461538464,0.06121191401426791,0.0,0.0,0.0,9.0,4.0
emblematica:E005342,2803,114,0.35844342406021706,0.041666666666666664,0.03871182195521162,0.0,0.0,0.0,9.5,3.0
emblematica:E005343,2803,88,0.3962023106856088,0.16666666666666666,0.0323139095606804,0.0,0.0,0.011363636363636364,7.0,4.0
emblematica:E005344,2803,164,0.5290629008381504,1.0,0.06715568107313012,0.006097560975609756,0.012195121951219513,0.012195121951219513,9.0,4.0
emblematica:E005345,2803,223,0.3491313940615917,0.034482758620689655,0.07810180298583726,0.0,0.0,0.0,12.0,3.5
emblematica:E005346,2803,197,0.3333333333333333,0.017857142857142856,0.06696668872695236,0.0,0.0,0.0,9.0,4.0
emblematica:E005347,2803,96,0.37574719213263447,0.1,0.036429260361184775,0.0,0.0,0.010416666666666666,2.5,4.0
emblematica:E005348,2803,108,0.3333333333333333,0.008064516129032258,0.04060841517087219,0.0,0.0,0.0,8.5,4.0
emblematica:E005349,2803,106,0.3775028156362593,0.1111111111111111,0.040371160787377285,0.0,0.0,0.009433962264150943,9.0,4.0
emblematica:E005350,2803,166,0.3455606536832266,0.043478260869565216,0.05955614490280635,0.0,0.0,0.0,9.0,4.0
emblematica:E005351,2803,115,0.3799305257548062,0.25,0.04726609383379734,0.0,0.008695652173913044,0.008695652173913044,11.0,4.0
emblematica:E009268,2803,130,0.3333333333333333,0.03333333333333333,0.04950479909633318,0.0,0.0,0.0,11.0,3.0
emblematica:E009269,2803,304,0.45886705963807695,0.14285714285714285,0.10460261485273546,0.0,0.0,0.006578947368421052,14.0,4.0
emblematica:E009270,2803,436,0.41171205665423166,0.2,0.1520678177528158,0.0,0.0022935779816513763,0.0045871559633027525,11.0,4.0
emblematica:E009271,2803,305,0.4980203956315678,0.3333333333333333,0.11469428211638548,0.0,0.003278688524590164,0.003278688524590164,7.0,5.0
emblematica:E009272,2803,39,0.404118613707302,0.1,0.02487166384936235,0.0,0.0,0.02564102564102564,4.5,4.0
emblematica:E009273,2803,306,0.3191428137263964,0.05,0.11868027358700475,0.0,0.0,0.0,11.0,4.0
emblematica:E009274,2803,293,0.499272218015063,0.5,0.11112353838793837,0.0,0.0034129692832764505,0.0034129692832764505,7.5,5.0
emblematica:E009275,2803,66,0.2987746161148512,0.009433962264150943,0.023367312657722617,0.0,0.0,0.0,8.0,4.0
emblematica:E009276,2803,40,0.3333333333333333,0.08333333333333333,0.018698868027999478,0.0,0.0,0.0,7.0,5.0
emblematica:E009277,2803,130,0.3258454053143364,0.08333333333333333,0.04533020262752384,0.0,0.0,0.0,13.5,3.0
emblematica:E009278,2803,367,0.486982539840478,0.25,0.1431050305627421,0.0,0.0027247956403269754,0.008174386920980926,4.5,4.0
emblematica:E009279,2803,75,0.3879991440146051,0.1111111111111111,0.025357703433701948,0.0,0.0,0.013333333333333334,2.0,4.0
emblematica:E009280,2803,315,0.40669725543269336,0.3333333333333333,0.10612941295659979,0.0,0.0031746031746031746,0.0031746031746031746,6.5,4.5
emblematica:E009281,2803,142,0.28870361405622263,0.013513513513513514,0.045508646685154946,0.0,0.0,0.0,13.5,3.5
emblematica:E009282,2803,41,0.5153797765278861,1.0,0.0407470134396305,0.024390243902439025,0.024390243902439025,0.024390243902439025,2.0,4.5
emblematica:E009283,2803,53,0.3333333333333333,0.00684931506849315,0.01575087615919591,0.0,0.0,0.0,4.0,5.0
emblematica:E009284,2803,137,0.350363413803979,0.05555555555555555,0.04728840957950517,0.0,0.0,0.0,2.0,3.0
emblematica:E009285,2803,290,0.3900954117610806,0.2,0.10215551712544552,0.0,0.0034482758620689655,0.0034482758620689655,25.0,4.5
emblematica:E009286,2803,209,0.3217614630105371,0.05,0.07041166805380804,0.0,0.0,0.0,12.0,4.0
emblematica:E009287,2803,113,0.3455606536832266,0.015625,0.04031680402005564,0.0,0.0,0.0,3.0,3.0
emblematica:E009288,2803,71,0.3333333333333333,0.09090909090909091,0.028875721494434313,0.0,0.0,0.0,11.0,4.0
emblematica:E009289,2803,309,0.43188632727696835,0.16666666666666666,0.11605473352380376,0.0,0.0,0.006472491909385114,13.0,3.0
emblematica:E009290,2803,248,0.43426489406400665,0.2,0.09526416268531115,0.0,0.004032258064516129,0.008064516129032258,5.0,5.0
emblematica:E009291,2803,22,0.3333333333333333,0.0053475935828877,0.009732573184892693,0.0,0.0,0.0,4.5,5.0
emblematica:E009292,2803,257,0.5263486588232382,1.0,0.08853374182063403,0.0038910505836575876,0.0038910505836575876,0.007782101167315175,2.0,5.0
emblematica:E009293,2803,145,0.38907468595905553,0.024390243902439025,0.05406761296962488,0.0,0.0,0.0,9.5,4.5
emblematica:E009294,2803,6,0.25931215432765214,0.004347826086956522,0.0021735150652193074,0.0,0.0,0.0,1.0,6.0
emblematica:E009295,2803,71,0.3333333333333333,0.047619047619047616,0.03377988913755866,0.0,0.0,0.0,6.0,3.0
emblematica:E009296,2803,55,0.34784736172357367,0.2,0.02652656535244462,0.0,0.01818181818181818,0.01818181818181818,11.0,3.0
emblematica:E009297,2803,11,0.3138959721729228,0.0026595744680851063,0.0036290261656573915,0.0,0.0,0.0,2.5,3.0
emblematica:E009298,2803,188,0.5687625176225394,1.0,0.07765127672898298,0.005319148936170213,0.005319148936170213,0.010638297872340425,6.0,3.5
emblematica:E009299,2803,69,0.32781214804546754,0.013157894736842105,0.023566305779627882,0.0,0.0,0.0,18.0,3.0
emblematica:E009300,2803,499,0.6159206903031295,0.5,0.18933103321526978,0.0,0.004008016032064128,0.006012024048096192,2.0,4.0
emblematica:E009301,2803,98,0.42976832828870953,0.16666666666666666,0.03869326559481707,0.0,0.0,0.02040816326530612,1.5,4.0
emblematica:E009302,2803,37,0.3333333333333333,0.014925373134328358,0.01796907731493692,0.0,0.0,0.0,1.0,5.0
emblematica:E009303,2803,90,0.3333333333333333,0.00819672131147541,0.02856517167271597,0.0,0.0,0.0,2.0,6.0
emblematica:E009304,2803,223,0.32438011229467767,0.07142857142857142,0.08184564845938636,0.0,0.0,0.0,17.0,5.0
emblematica:E009305,2803,428,0.6082998090952606,0.5,0.1656786102621498,0.0,0.007009345794392523,0.009345794392523364,15.0,3.0
emblematica:E009306,2803,15,0.3333333333333333,0.019230769230769232,0.01055863796863829,0.0,0.0,0.0,1.0,4.0
emblematica:E009307,2803,324,0.5031322503880695,0.3333333333333333,0.12190673428982318,0.0,0.0030864197530864196,0.009259259259259259,23.0,3.0
emblematica:E009308,2803,315,0.40669725543269336,0.3333333333333333,0.10472088536656056,0.0,0.0031746031746031746,0.0031746031746031746,3.0,4.0
emblematica:E009309,2803,468,0.4624386080584156,0.3333333333333333,0.16335296793255863,0.0,0.002136752136752137,0.004273504273504274,13.0,5.0
emblematica:E009310,2803,18,0.31499235280849325,0.0043859649122807015,0.005264961258907389,0.0,0.0,0.0,6.5,4.0
emblematica:E009311,2803,64,0.3131470211871986,0.02564102564102564,0.02021485251903672,0.0,0.0,0.0,7.0,4.0
emblematica:E009312,2803,46,0.3333333333333333,0.018867924528301886,0.01969482239874818,0.0,0.0,0.0,3.5,5.0
emblematica:E009313,2803,321,0.3333333333333333,0.05263157894736842,0.11765053304290952,0.0,0.0,0.0,1.0,5.0
emblematica:E009314,2803,168,0.3669132956720492,0.045454545454545456,0.057388773883800356,0.0,0.0,0.0,2.5,3.5
emblematica:E009315,2803,315,0.3333333333333333,0.06666666666666667,0.11324154764651481,0.0,0.0,0.0,13.5,4.0
emblematica:E009316,2803,305,0.3900954117610806,0.2,0.11524505892421576,0.0,0.003278688524590164,0.003278688524590164,6.0,4.5
emblematica:E009317,2803,942,0.6218183203823943,0.5,0.3412725517111535,0.0,0.0031847133757961785,0.004246284501061571,8.0,4.0
emblematica:E009318,2803,32,0.3061828569195254,0.012048192771084338,0.013886817974858133,0.0,0.0,0.0,2.0,4.0
emblematica:E009319,2803,171,0.38878317920292815,0.14285714285714285,0.06166752189035629,0.0,0.0,0.005847953216374269,1.0,4.0
emblematica:E009320,2803,136,0.33249427552011407,0.015151515151515152,0.04685781733627975,0.0,0.0,0.0,12.5,4.5
emblematica:E009321,2803,29,0.3333333333333333,0.02631578947368421,0.014063881022185377,0.0,0.0,0.0,1.0,3.0
emblematica:E009322,2803,37,0.4189245757825867,0.015873015873015872,0.014088263787747763,0.0,0.0,0.0,4.0,4.0
emblematica:E009323,2803,14,0.322729868633508,0.0025252525252525255,0.00467018304160458,0.0,0.0,0.0,5.0,3.0
emblematica:E009324,2803,289,0.3333333333333333,0.09090909090909091,0.10279903778131107,0.0,0.0,0.0,37.0,3.5
emblematica:E009325,2803,3,0.35648241204244513,0.0011933174224343676,0.0014065518282515047,0.0,0.0,0.0,1.5,3.0
emblematica:E009326,2803,128,0.3333333333333333,0.06666666666666667,0.04947684848084667,0.0,0.0,0.0,19.5,4.5
emblematica:E009327,2803,119,0.3068833440240848,0.023809523809523808,0.04021178033693926,0.0,0.0,0.0,4.5,5.0
emblematica:E009328,2803,271,0.4529847367238781,0.3333333333333333,0.10038369498955498,0.0,0.0036900369003690036,0.007380073800738007,2.0,3.0
emblematica:E009329,2803,57,0.30676128736407704,0.010869565217391304,0.021251255379553285,0.0,0.0,0.0,4.5,3.5
emblematica:E009330,2803,258,0.4739475173571067,1.0,0.09428429459485332,0.003875968992248062,0.003875968992248062,0.003875968992248062,18.0,5.0
emblematica:E009331,2803,96,0.2903541043225845,0.014084507042253521,0.031062564691474573,0.0,0.0,0.0,7.0,3.0
emblematica:E009332,2803,20,0.29700762037368394,0.038461538461538464,0.009557402077292703,0.0,0.0,0.0,4.0,4.0
emblematica:E009333,2803,90,0.3144126405240842,0.06666666666666667,0.0363538007893193,0.0,0.0,0.0,3.0,4.5
emblematica:E009334,2803,45,0.42590829591570295,0.5,0.029086639931402036,0.0,0.022222222222222223,0.022222222222222223,1.0,3.0
emblematica:E009335,2803,21,0.29657415200525766,0.023255813953488372,0.006985566046292286,0.0,0.0,0.0,6.0,3.0
emblematica:E009336,2803,106,0.3333333333333333,0.041666666666666664,0.036279907460338094,0.0,0.0,0.0,9.0,5.0
emblematica:E009337,2803,139,0.37981497613948434,0.2,0.053308364839693444,0.0,0.007194244604316547,0.007194244604316547,21.5,5.0
emblematica:E009338,2803,0,0.29762584776584783,,,,,,1.0,4.0
emblematica:E009339,2803,54,0.322729868633508,0.038461538461538464,0.023488630076338952,0.0,0.0,0.0,8.5,6.0
emblematica:E009340,2803,11,0.3178740145273092,0.004761904761904762,0.003486392836838836,0.0,0.0,0.0,1.0,5.0
emblematica:E009341,2803,30,0.3217614630105371,0.004098360655737705,0.008241492370313807,0.0,0.0,0.0,7.0,4.5
emblematica:E009342,2803,218,0.3333333333333333,0.07692307692307693,0.08580172046155674,0.0,0.0,0.0,3.0,3.0
emblematica:E009343,2803,31,0.5242306598349794,0.1111111111111111,0.017348270384645297,0.0,0.0,0.03225806451612903,1.0,4.0
emblematica:E009344,2803,10,0.3193592529334552,0.0022371364653243847,0.0030761593209407637,0.0,0.0,0.0,3.5,5.0
emblematica:E009345,2803,301,0.3900954117610806,0.08333333333333333,0.10959741322722726,0.0,0.0,0.0,7.5,5.5
emblematica:E009346,2803,2,0.27249039932444985,0.0004492362982929021,0.0005894485030318944,0.0,0.0,0.0,1.0,5.0
emblematica:E009347,2803,287,0.48006117753205335,1.0,0.11434004264361446,0.003484320557491289,0.003484320557491289,0.003484320557491289,5.0,4.0
emblematica:E009348,2803,8,0.3284132011471532,0.05555555555555555,0.01140528550352249,0.0,0.0,0.0,2.5,3.0
emblematica:E009349,2803,53,0.3367344019082107,0.034482758620689655,0.01958184264447696,0.0,0.0,0.0,17.0,2.0
emblematica:E009350,2803,59,0.3333333333333333,0.047619047619047616,0.024955881616844828,0.0,0.0,0.0,10.0,5.0
emblematica:E009351,2803,1,0.312269252362322,0.0006215040397762585,0.0006215040397762585,0.0,0.0,0.0,1.0,6.0
emblematica:E009352,2803,31,0.3352965325903768,0.03333333333333333,0.012983334633850705,0.0,0.0,0.0,6.0,5.0
emblematica:E009353,2803,295,0.3700152943830133,0.02702702702702703,0.09365399403213365,0.0,0.0,0.0,6.0,3.0
emblematica:E009354,2803,13,0.32900379441817285,0.00546448087431694,0.004163063584635012,0.0,0.0,0.0,1.0,4.0
emblematica:E009355,2803,49,0.3333333333333333,0.04,0.020143267206399824,0.0,0.0,0.0,3.0,3.5
emblematica:E009356,2803,19,0.3333333333333333,0.029411764705882353,0.01198876934404317,0.0,0.0,0.0,4.0,4.0
emblematica:E009357,2803,353,0.404914513137524,0.09090909090909091,0.13374295116952745,0.0,0.0,0.0,15.0,4.0
emblematica:E009358,2803,148,0.37574719213263447,0.1,0.05807189087473703,0.0,0.0,0.006756756756756757,12.0,4.0
emblematica:E009359,2803,79,0.32485056157347303,0.029411764705882353,0.02921168858299205,0.0,0.0,0.0,6.0,4.0
emblematica:E009360,2803,69,0.2625735033535066,0.058823529411764705,0.027400053645627184,0.0,0.0,0.0,1.5,3.0
emblematica:E009361,2803,146,0.3627166844339048,0.047619047619047616,0.054581226467394744,0.0,0.0,0.0,8.5,4.0
emblematica:E009362,2803,167,0.44236092441353086,0.16666666666666666,0.055461417732314715,0.0,0.0,0.005988023952095809,3.0,3.0
emblematica:E009363,2803,300,0.3845742264732148,0.2,0.1064694361777,0.0,0.0033333333333333335,0.0033333333333333335,6.0,3.0
emblematica:E009364,2803,273,0.38678956270836595,0.1,0.10195917432711307,0.0,0.0,0.003663003663003663,13.5,3.5
emblematica:E009365,2803,432,0.42146689998465026,0.2,0.15433862678443852,0.0,0.0023148148148148147,0.004629629629629629,13.0,5.0
emblematica:E009366,2803,26,0.3333333333333333,0.0031645569620253164,0.00981847646049528,0.0,0.0,0.0,8.0,4.0
emblematica:E009367,2803,287,0.5184447246735814,0.045454545454545456,0.10463226554427067,0.0,0.0,0.0,7.0,4.0
emblematica:E009368,2803,109,0.3333333333333333,0.05,0.03726535008684083,0.0,0.0,0.0,7.5,3.5
emblematica:E009369,2803,85,0.3244965727122153,0.05555555555555555,0.03946862661206229,0.0,0.0,0.0,14.5,4.5
emblematica:E009370,2803,61,0.307628506587614,0.021739130434782608,0.025554551521387754,0.0,0.0,0.0,1.0,3.0
emblematica:E009371,2803,298,0.3598436151966871,0.25,0.10870062115036935,0.0,0.003355704697986577,0.003355704697986577,6.5,5.0
emblematica:E009372,2803,13,0.42590829591570295,0.5,0.04836775993059938,0.0,0.07692307692307693,0.07692307692307693,2.0,4.5
emblematica:E009373,2803,30,0.4051949105654382,0.0036231884057971015,0.008712924402899596,0.0,0.0,0.0,5.0,3.0
emblematica:E009374,2803,67,0.3443757039090648,0.0196078431372549,0.025268979741923814,0.0,0.0,0.0,16.0,3.0
emblematica:E009375,2803,18,0.3333333333333333,0.07142857142857142,0.011794419768288825,0.0,0.0,0.0,6.5,4.0
emblematica:E009376,2803,290,0.39652557624636714,0.25,0.10260208252786092,0.0,0.0034482758620689655,0.0034482758620689655,6.5,4.5
emblematica:E009377,2803,71,0.3333333333333333,0.0625,0.02988182673991856,0.0,0.0,0.0,7.0,3.5
emblematica:E009378,2803,407,0.36235693270335145,0.16666666666666666,0.1462779998363273,0.0,0.0,0.002457002457002457,33.0,5.0
emblematica:E009379,2803,7,0.5072390212772466,1.0,0.1489468664236472,0.14285714285714285,0.14285714285714285,0.14285714285714285,1.0,5.5
emblematica:E009380,2803,350,0.470077778218629,0.5,0.13570916283073634,0.0,0.002857142857142857,0.005714285714285714,25.0,5.0
emblematica:E009381,2803,167,0.4269938292124327,0.3333333333333333,0.06362761810729137,0.0,0.005988023952095809,0.005988023952095809,4.0,4.0
emblematica:E009382,2803,13,0.27422655114645167,0.025,0.009041124099594282,0.0,0.0,0.0,2.0,4.5
emblematica:E009383,2803,55,0.34457905405470485,0.03125,0.021199415331407238,0.0,0.0,0.0,10.5,4.0
emblematica:E009384,2803,258,0.3333333333333333,0.09090909090909091,0.0882394593415313,0.0,0.0,0.0,11.0,4.0
emblematica:E009385,2803,24,0.326800144251777,0.030303030303030304,0.010891831806491876,0.0,0.0,0.0,1.0,4.0
emblematica:E009386,2803,40,0.3333333333333333,0.0125,0.01451925077006691,0.0,0.0,0.0,7.0,6.0
emblematica:E009387,2803,2,0.3333333333333333,0.017543859649122806,0.009327176909514207,0.0,0.0,0.0,2.0,4.0
emblematica:E009388,2803,96,0.46848930720925713,1.0,0.04236751982183862,0.010416666666666666,0.010416666666666666,0.010416666666666666,4.0,4.0
emblematica:E009389,2803,186,0.4189245757825867,0.14285714285714285,0.061129073645952936,0.0,0.0,0.005376344086021506,18.5,5.0
emblematica:E009390,2803,308,0.499272218015063,0.5,0.12242623916168809,0.0,0.006493506493506494,0.006493506493506494,6.0,2.0
emblematica:E009391,2803,33,0.26251233103055477,0.005917159763313609,0.010862098897380731,0.0,0.0,0.0,3.0,3.0
emblematica:E009392,2803,181,0.37962081462451813,0.03333333333333333,0.06492417629802234,0.0,0.0,0.0,12.0,4.0
emblematica:E009393,2803,73,0.37962081462451813,0.125,0.023620223374411622,0.0,0.0,0.0136986301369863,2.0,6.0
emblematica:E009394,2803,17,0.3333333333333333,0.021739130434782608,0.008824837136029875,0.0,0.0,0.0,6.0,5.0
emblematica:E009395,2803,2,0.4455853334754539,0.00078003120124805,0.0008072037524805122,0.0,0.0,0.0,1.0,2.5
emblematica:E009396,2803,36,0.3333333333333333,0.016666666666666666,0.013561450253953276,0.0,0.0,0.0,9.0,3.0
emblematica:E009397,2803,16,0.291411092133699,0.012987012987012988,0.00539456559930619,0.0,0.0,0.0,1.0,3.0
emblematica:E009398,2803,77,0.30784982045579745,0.03333333333333333,0.031414873551836246,0.0,0.0,0.0,1.0,7.0
emblematica:E009399,2803,17,0.3333333333333333,0.00819672131147541,0.0065012068449968145,0.0,0.0,0.0,1.0,4.0
emblematica:E009400,2803,20,0.3262380735298649,0.0018018018018018018,0.00580260251311242,0.0,0.0,0.0,1.0,3.0
emblematica:E009401,2803,229,0.517865887063378,1.0,0.08833268139151843,0.004366812227074236,0.004366812227074236,0.008733624454148471,7.0,5.5
emblematica:E009402,2803,443,0.6447356365332964,0.5,0.17044991595090525,0.0,0.006772009029345372,0.009029345372460496,33.5,5.0
emblematica:E009403,2803,23,0.3333333333333333,0.025,0.008762799662712957,0.0,0.0,0.0,5.0,3.0
emblematica:E009404,2803,452,0.6363321841475866,1.0,0.1642686908468162,0.0022123893805309734,0.0022123893805309734,0.00663716814159292,5.0,5.0
emblematica:E009405,2803,358,0.5755608581730479,0.3333333333333333,0.12838073645855383,0.0,0.00558659217877095,0.008379888268156424,12.0,5.0
emblematica:E009406,2803,107,0.3217614630105371,0.043478260869565216,0.0430904698642496,0.0,0.0,0.0,7.0,4.0
emblematica:E009407,2803,39,0.37574719213263447,0.1,0.01547083499454965,0.0,0.0,0.02564102564102564,3.0,5.0
emblematica:E009408,2803,67,0.40276455527011057,0.125,0.024178691451678922,0.0,0.0,0.014925373134328358,11.0,4.5
emblematica:E009409,2803,39,0.42590829591570295,0.5,0.02824426140573979,0.0,0.02564102564102564,0.02564102564102564,3.0,5.0
emblematica:E009410,2803,0,0.9337457765456109,,,,,,1.0,2.0
emblematica:E009411,2803,402,0.42465647353220776,0.14285714285714285,0.1313836023882904,0.0,0.0,0.004975124378109453,32.0,5.0
emblematica:E009412,2803,462,0.42641209703583266,0.14285714285714285,0.16386798630481014,0.0,0.0,0.004329004329004329,45.0,2.0
emblematica:E009413,2803,54,0.3333333333333333,0.0125,0.019780203106050352,0.0,0.0,0.0,7.5,5.0
emblematica:E009414,2803,46,0.3106529104529499,0.024390243902439025,0.017583188872356898,0.0,0.0,0.0,8.0,4.0
emblematica:E009415,2803,16,0.3333333333333333,0.00641025641025641,0.005727624557771164,0.0,0.0,0.0,1.0,4.0
emblematica:E009416,2803,65,0.42012236075430487,0.02857142857142857,0.02712182373234957,0.0,0.0,0.0,8.0,4.0
emblematica:E009417,2803,730,0.43038490643503075,0.5,0.2615747720986372,0.0,0.0013698630136986301,0.0013698630136986301,2.0,3.0
emblematica:E009418,2803,112,0.3240758370750963,0.05555555555555555,0.03746083230154014,0.0,0.0,0.0,4.0,4.0
emblematica:E009419,2803,258,0.3039877644935893,0.06666666666666667,0.10084170659309746,0.0,0.0,0.0,6.0,2.0
emblematica:E009420,2803,255,0.2613893058342715,0.3333333333333333,0.09561301540222111,0.0,0.00392156862745098,0.00392156862745098,5.0,2.0
emblematica:E009421,2803,41,0.3206948847507265,0.041666666666666664,0.01713673840675935,0.0,0.0,0.0,2.0,4.0
emblematica:E009422,2803,79,0.31499235280849325,0.013333333333333334,0.029262379599946566,0.0,0.0,0.0,5.5,4.5
emblematica:E009423,2803,70,0.26685721207638596,0.08333333333333333,0.03195657980509252,0.0,0.0,0.0,11.0,4.0
emblematica:E009424,2803,89,0.29762584776584783,0.023255813953488372,0.033292920597612526,0.0,0.0,0.0,14.0,3.0
emblematica:E009425,2803,163,0.3826470291090468,0.125,0.05738591841697959,0.0,0.0,0.012269938650306749,12.0,4.0
emblematica:E009426,2803,282,0.43964892248454235,0.25,0.10040083929824756,0.0,0.0035460992907801418,0.0035460992907801418,3.0,5.0
emblematica:E009427,2803,13,0.3333333333333333,0.003703703703703704,0.005841898722763078,0.0,0.0,0.0,1.0,4.0
emblematica:E009428,2803,47,0.32198021899202056,0.010752688172043012,0.01634361278276235,0.0,0.0,0.0,6.0,4.0
emblematica:E009429,2803,15,0.3191428137263964,0.07692307692307693,0.01539419547377842,0.0,0.0,0.0,2.0,4.5
emblematica:E009430,2803,258,0.5224750363313545,1.0,0.10557322912120967,0.003875968992248062,0.003875968992248062,0.007751937984496124,8.0,2.0
emblematica:E009431,2803,47,0.2943915319594824,0.038461538461538464,0.017017681180634348,0.0,0.0,0.0,3.0,3.0
emblematica:E009432,2803,183,0.31865398630434977,0.16666666666666666,0.07225630473523893,0.0,0.0,0.00546448087431694,11.0,5.0
emblematica:E009433,2803,0,0.9008636626471189,,,,,,1.0,3.5
emblematica:E009434,2803,28,0.307628506587614,0.005376344086021506,0.0075771204508591145,0.0,0.0,0.0,4.5,3.5
emblematica:E009435,2803,174,0.43331661227471163,0.14285714285714285,0.07423271651934173,0.0,0.0,0.005747126436781609,5.5,4.5
emblematica:E009436,2803,389,0.3707337054342155,0.1111111111111111,0.13487263307888808,0.0,0.0,0.002570694087403599,23.0,3.0
emblematica:E009437,2803,433,0.516176979636912,0.3333333333333333,0.16140160996440675,0.0,0.004618937644341801,0.006928406466512702,10.0,3.0
emblematica:E009438,2803,9,0.3333333333333333,0.004784688995215311,0.0032489154291741574,0.0,0.0,0.0,3.0,5.0
emblematica:E009439,2803,18,0.29044201677741777,0.008547008547008548,0.006531916322583587,0.0,0.0,0.0,3.5,4.5
emblematica:E009440,2803,299,0.41582257707162257,0.05555555555555555,0.10948722195547539,0.0,0.0,0.0,8.0,4.0
emblematica:E009441,2803,131,0.3333333333333333,0.07692307692307693,0.04942863661153797,0.0,0.0,0.0,2.0,4.0
emblematica:E009442,2803,9,0.2909213863304767,0.001694915254237288,0.0032167105510710527,0.0,0.0,0.0,3.5,4.0
emblematica:E009443,2803,33,0.2813672218462866,0.013888888888888888,0.019217141228006485,0.0,0.0,0.0,1.0,3.5
emblematica:E009444,2803,43,0.3175352726050748,0.012987012987012988,0.0156374941501633,0.0,0.0,0.0,3.0,4.0
emblematica:E009445,2803,203,0.39652557624636714,0.25,0.07365814815730563,0.0,0.0049261083743842365,0.0049261083743842365,9.0,5.0
emblematica:E009446,2803,15,0.3186605489134613,0.0027397260273972603,0.004443130476424639,0.0,0.0,0.0,2.0,4.0
emblematica:E009447,2803,309,0.3475238529402701,0.043478260869565216,0.1150899328376354,0.0,0.0,0.0,1.0,6.0
emblematica:E009448,2803,38,0.3195303701136689,0.023255813953488372,0.017009321483729956,0.0,0.0,0.0,5.5,4.5
emblematica:E009449,2803,114,0.37574719213263447,0.1,0.04909113341850163,0.0,0.0,0.008771929824561403,7.0,3.0
emblematica:E009450,2803,50,0.291411092133699,0.045454545454545456,0.018681699063640773,0.0,0.0,0.0,10.5,4.5
emblematica:E009451,2803,46,0.31356676307992537,0.07692307692307693,0.020870222306197953,0.0,0.0,0.0,7.5,3.0
emblematica:E009452,2803,74,0.3655241053558029,0.3333333333333333,0.031816004598726536,0.0,0.013513513513513514,0.013513513513513514,19.0,3.5
emblematica:E009453,2803,32,0.3333333333333333,0.037037037037037035,0.010679543550048989,0.0,0.0,0.0,8.0,3.0
emblematica:E009454,2803,59,0.38835627490785335,0.05555555555555555,0.026980953439998765,0.0,0.0,0.0,11.5,3.5
emblematica:E009455,2803,10,0.40669725543269336,0.004484304932735426,0.005210373084371998,0.0,0.0,0.0,1.0,4.5
emblematica:E009456,2803,36,0.3011458727438514,0.02564102564102564,0.014126842998815285,0.0,0.0,0.0,3.5,3.0
emblematica:E009457,2803,314,0.3653845702650304,0.1111111111111111,0.11091429839341074,0.0,0.0,0.0031847133757961785,21.5,2.5
emblematica:E009458,2803,14,0.26103089271198476,0.07142857142857142,0.016933237409174212,0.0,0.0,0.0,3.0,5.0
emblematica:E009459,2803,15,0.3162402777226713,0.004032258064516129,0.0054035819110340826,0.0,0.0,0.0,6.0,3.0
emblematica:E009460,2803,19,0.37188329879950344,0.005434782608695652,0.00657133896310018,0.0,0.0,0.0,3.0,5.0
emblematica:E009461,2803,34,0.3219809176477838,0.029411764705882353,0.013255443587509533,0.0,0.0,0.0,9.5,3.5
emblematica:E009462,2803,64,0.3195303701136689,0.023255813953488372,0.021763599771462708,0.0,0.0,0.0,12.0,5.0
emblematica:E009463,2803,120,0.4487910888988174,0.25,0.05090329928561604,0.0,0.008333333333333333,0.016666666666666666,15.0,5.0
emblematica:E009464,2803,153,0.3333333333333333,0.022222222222222223,0.050549102890088196,0.0,0.0,0.0,21.5,3.0
emblematica:E009465,2803,51,0.3333333333333333,0.045454545454545456,0.02415631767444521,0.0,0.0,0.0,5.0,5.0
emblematica:E009466,2803,28,0.3333333333333333,0.043478260869565216,0.01142212867244893,0.0,0.0,0.0,11.0,3.0
emblematica:E009467,2803,95,0.37175443123624063,0.2,0.03825856867232293,0.0,0.010526315789473684,0.010526315789473684,12.5,3.0
emblematica:E009468,2803,9,0.3175352726050748,0.006172839506172839,0.0036981836908900035,0.0,0.0,0.0,1.0,5.0
emblematica:E009469,2803,55,0.3333333333333333,0.04,0.019973586503812417,0.0,0.0,0.0,7.0,3.5
emblematica:E009470,2803,15,0.3095664111361064,0.015625,0.006820210444066286,0.0,0.0,0.0,4.0,6.0
emblematica:E009471,2803,34,0.42590829591570295,0.012195121951219513,0.01531122256984317,0.0,0.0,0.0,4.0,5.0
emblematica:E009472,2803,65,0.3378099438526611,0.0625,0.028282045661146234,0.0,0.0,0.0,16.5,5.0
emblematica:E009473,2803,32,0.3275473981719352,0.047619047619047616,0.03224028564362264,0.0,0.0,0.0,4.0,3.0
emblematica:E009474,2803,294,0.4715784057721931,0.08333333333333333,0.10635492213858952,0.0,0.0,0.0,6.0,4.5
emblematica:E009475,2803,83,0.2882329296131866,0.025,0.03065010281591482,0.0,0.0,0.0,10.0,3.0
emblematica:E009476,2803,509,0.38224261473290666,0.14285714285714285,0.1883569449187594,0.0,0.0,0.0019646365422396855,9.0,4.0
emblematica:E009477,2803,33,0.37574719213263447,0.006578947368421052,0.011476198961286859,0.0,0.0,0.0,2.5,2.5
emblematica:E009478,2803,70,0.34639971149644583,0.027777777777777776,0.02381140469090413,0.0,0.0,0.0,2.5,5.0
emblematica:E009479,2803,42,0.285079501960857,0.007518796992481203,0.015399753900297805,0.0,0.0,0.0,6.0,4.0
emblematica:E009480,2803,217,0.30575576915608027,0.034482758620689655,0.06989385316772354,0.0,0.0,0.0,1.5,4.5
emblematica:E009481,2803,263,0.4556065368322667,0.3333333333333333,0.10180461009982518,0.0,0.0038022813688212928,0.0076045627376425855,1.0,5.0
emblematica:E009482,2803,372,0.3333333333333333,0.05555555555555555,0.12235827124161126,0.0,0.0,0.0,73.0,3.0
emblematica:E009483,2803,8,0.32853480801697454,0.0048543689320388345,0.0035760292122429993,0.0,0.0,0.0,3.0,3.0
emblematica:E009484,2803,277,0.3900954117610806,0.2,0.09701442576437252,0.0,0.0036101083032490976,0.0036101083032490976,6.0,5.0
emblematica:E009485,2803,41,0.3333333333333333,0.015384615384615385,0.016885622315908864,0.0,0.0,0.0,6.0,3.5
emblematica:E009486,2803,95,0.30709332244436405,0.09090909090909091,0.037639268748199735,0.0,0.0,0.0,1.0,4.0
emblematica:E009487,2803,90,0.2338366549077481,0.017543859649122806,0.03191111539214119,0.0,0.0,0.0,12.0,4.0
emblematica:E009488,2803,212,0.407774181008405,0.07142857142857142,0.0792116418287654,0.0,0.0,0.0,9.0,5.0
emblematica:E009489,2803,12,0.3439367980331586,0.009174311926605505,0.0069342927623008395,0.0,0.0,0.0,3.0,3.5
emblematica:E009490,2803,112,0.3333333333333333,0.025,0.0417691971775691,0.0,0.0,0.0,8.0,4.0
emblematica:E009491,2803,298,0.38224261473290666,0.14285714285714285,0.10859440122568585,0.0,0.0,0.003355704697986577,45.5,4.0
emblematica:E009492,2803,225,0.4413401986115058,0.16666666666666666,0.08275815706136294,0.0,0.0,0.008888888888888889,6.0,3.5
emblematica:E009493,2803,54,0.3333333333333333,0.09090909090909091,0.0256777951962427,0.0,0.0,0.0,12.0,4.0
emblematica:E009494,2803,182,0.493127555695166,1.0,0.07383676517639215,0.005494505494505495,0.005494505494505495,0.005494505494505495,3.0,4.0
emblematica:E009495,2803,245,0.3333333333333333,0.058823529411764705,0.09827976612450769,0.0,0.0,0.0,12.0,4.0
emblematica:E009496,2803,191,0.3270456611667527,0.021739130434782608,0.06187320685661377,0.0,0.0,0.0,6.0,5.0
emblematica:E009497,2803,61,0.3333333333333333,0.016666666666666666,0.02121291105823493,0.0,0.0,0.0,9.0,4.0
emblematica:E009498,2803,282,0.3186605489134613,0.07142857142857142,0.10483967000320032,0.0,0.0,0.0,7.5,4.0
emblematica:E009499,2803,536,0.49715421902680423,0.3333333333333333,0.18580804075603194,0.0,0.0018656716417910447,0.005597014925373134,23.0,3.0
emblematica:E009500,2803,229,0.2823179314707567,0.020833333333333332,0.07770795513398486,0.0,0.0,0.0,13.0,5.0
emblematica:E009501,2803,63,0.31499235280849325,0.029411764705882353,0.02412942424105636,0.0,0.0,0.0,14.5,3.0
emblematica:E009502,2803,34,0.34891688493610346,0.16666666666666666,0.015331365786787336,0.0,0.0,0.029411764705882353,3.0,3.0
emblematica:E009503,2803,292,0.5178618522810083,1.0,0.10889578451801253,0.003424657534246575,0.003424657534246575,0.00684931506849315,4.0,4.0
emblematica:E009504,2803,305,0.37962081462451813,0.125,0.10559307975057708,0.0,0.0,0.003278688524590164,2.0,3.0
emblematica:E009505,2803,63,0.3175352726050748,0.05555555555555555,0.023612565936364932,0.0,0.0,0.0,4.0,3.0
emblematica:E009506,2803,29,0.3333333333333333,0.011363636363636364,0.009538483717961996,0.0,0.0,0.0,2.5,4.5
emblematica:E009507,2803,1018,0.486982539840478,0.125,0.3744552365050557,0.0,0.0,0.0009823182711198428,32.0,4.0
emblematica:E009508,2803,163,0.3333333333333333,0.08333333333333333,0.05721837526872379,0.0,0.0,0.0,2.5,4.0
emblematica:E009509,2803,336,0.5534250996314135,1.0,0.1271232122226611,0.002976190476190476,0.005952380952380952,0.005952380952380952,61.0,4.0
emblematica:E009510,2803,47,0.3333333333333333,0.012658227848101266,0.019358630242039012,0.0,0.0,0.0,11.5,3.5
emblematica:E009511,2803,397,0.39652557624636714,0.25,0.14153309891123017,0.0,0.0025188916876574307,0.0025188916876574307,19.0,4.0
emblematica:E009512,2803,46,0.39652557624636714,0.25,0.021056807430150516,0.0,0.021739130434782608,0.021739130434782608,10.0,4.0
emblematica:E009513,2803,302,0.37574719213263447,0.1,0.09957696564825493,0.0,0.0,0.0033112582781456954,13.0,4.0
emblematica:E009514,2803,335,0.3735993505903171,0.25,0.12042702743555946,0.0,0.0029850746268656717,0.0029850746268656717,26.0,4.5
emblematica:E009515,2803,31,0.3333333333333333,0.037037037037037035,0.01894178069426874,0.0,0.0,0.0,3.0,4.5
emblematica:E009516,2803,259,0.5060071752479085,0.3333333333333333,0.10101217786535173,0.0,0.003861003861003861,0.011583011583011582,2.0,2.5
emblematica:E009517,2803,255,0.3475238529402701,0.05263157894736842,0.09179190054501175,0.0,0.0,0.0,1.0,4.0
emblematica:E009518,2803,76,0.3333333333333333,0.058823529411764705,0.027494067248124678,0.0,0.0,0.0,8.0,4.0
emblematica:E009519,2803,56,0.40669725543269336,0.3333333333333333,0.03059956036468483,0.0,0.017857142857142856,0.017857142857142856,5.5,4.0
emblematica:E009520,2803,108,0.4281616863505483,0.015384615384615385,0.03559259172981176,0.0,0.0,0.0,1.0,3.0
emblematica:E009521,2803,419,0.3739157607291478,0.1111111111111111,0.1569227837806373,0.0,0.0,0.002386634844868735,49.5,3.5
emblematica:E009522,2803,314,0.35601799902812903,0.1111111111111111,0.11841069860792738,0.0,0.0,0.0031847133757961785,6.0,2.5
emblematica:E009523,2803,115,0.34639971149644583,0.025,0.038598715596790886,0.0,0.0,0.0,7.0,4.5
emblematica:E009524,2803,290,0.4589627680851436,0.3333333333333333,0.10264697779840035,0.0,0.0034482758620689655,0.006896551724137931,2.0,5.0
emblematica:E009525,2803,63,0.6150499989137242,1.0,0.05916992702687724,0.015873015873015872,0.031746031746031744,0.031746031746031744,14.0,3.0
emblematica:E009526,2803,197,0.3333333333333333,0.05,0.06687946706914212,0.0,0.0,0.0,2.0,4.5
emblematica:E009527,2803,141,0.34280582198142323,0.16666666666666666,0.0508398068491411,0.0,0.0,0.0070921985815602835,16.5,6.0
emblematica:E009528,2803,266,0.44281305753755196,0.25,0.10180460305573562,0.0,0.0037593984962406013,0.007518796992481203,9.0,3.0
emblematica:E009529,2803,52,0.3272196731583866,0.07692307692307693,0.020113649900931087,0.0,0.0,0.0,1.0,5.0
emblematica:E009530,2803,67,0.2859833777705841,0.030303030303030304,0.03112462427414091,0.0,0.0,0.0,2.0,3.0
emblematica:E009531,2803,106,0.3333333333333333,0.011363636363636364,0.032402017087867906,0.0,0.0,0.0,25.5,4.0
emblematica:E009532,2803,292,0.5432534204450873,1.0,0.10646078678308472,0.003424657534246575,0.00684931506849315,0.00684931506849315,34.0,4.0
emblematica:E009533,2803,67,0.3455606536832266,0.023809523809523808,0.025891225915417655,0.0,0.0,0.0,17.5,4.5
emblematica:E009534,2803,375,0.40669725543269336,0.3333333333333333,0.1334547724782044,0.0,0.0026666666666666666,0.0026666666666666666,26.0,3.0
emblematica:E009535,2803,230,0.48006117753205335,1.0,0.09033390140047755,0.004347826086956522,0.004347826086956522,0.004347826086956522,8.0,4.5
emblematica:E009536,2803,428,0.291411092133699,0.09090909090909091,0.1456805035916604,0.0,0.0,0.0,9.0,4.0
emblematica:E009537,2803,225,0.43651176061552827,0.5,0.08569050417425442,0.0,0.0044444444444444444,0.0044444444444444444,10.5,3.0
emblematica:E009538,2803,119,0.38224261473290666,0.14285714285714285,0.04697045095640162,0.0,0.0,0.008403361344537815,6.0,3.0
emblematica:E009539,2803,307,0.3333333333333333,0.07142857142857142,0.10824629628012737,0.0,0.0,0.0,34.0,2.0
emblematica:E009540,2803,406,0.5918301524731701,1.0,0.14918200869542805,0.0024630541871921183,0.0024630541871921183,0.007389162561576354,8.0,4.0
emblematica:E009541,2803,10,0.3123722127335161,0.03225806451612903,0.011807117492395871,0.0,0.0,0.0,3.0,4.0
emblematica:E009542,2803,426,0.37962081462451813,0.125,0.14001152053112356,0.0,0.0,0.002347417840375587,5.5,4.0
emblematica:E009543,2803,252,0.5353880201199217,0.5,0.09274661438023155,0.0,0.003968253968253968,0.007936507936507936,12.0,5.0
emblematica:E009544,2803,383,0.3333333333333333,0.07692307692307693,0.13851530104313678,0.0,0.0,0.0,31.0,4.0
emblematica:E009545,2803,61,0.3262380735298649,0.00980392156862745,0.021675555721815565,0.0,0.0,0.0,13.0,5.0
emblematica:E009546,2803,143,0.3900954117610806,0.03333333333333333,0.051253182276709296,0.0,0.0,0.0,16.0,3.0
emblematica:E009547,2803,68,0.3147175805928334,0.0196078431372549,0.02310989715833665,0.0,0.0,0.0,10.5,4.0
emblematica:E009548,2803,105,0.35647707397892575,0.05263157894736842,0.03575542460860083,0.0,0.0,0.0,16.0,4.0
emblematica:E009549,2803,306,0.5542957910208187,1.0,0.11495780329429461,0.0032679738562091504,0.006535947712418301,0.006535947712418301,21.0,2.0
emblematica:E009550,2803,44,0.3333333333333333,0.058823529411764705,0.01495924923963156,0.0,0.0,0.0,1.0,2.5
emblematica:E009551,2803,22,0.39089919470443485,0.07692307692307693,0.014506807041839565,0.0,0.0,0.0,2.0,3.0
emblematica:E009552,2803,208,0.35647707397892575,0.08333333333333333,0.07632266528505337,0.0,0.0,0.0,6.0,4.0
emblematica:E009553,2803,316,0.39652557624636714,0.25,0.11310429206407253,0.0,0.0031645569620253164,0.0031645569620253164,26.0,3.5
emblematica:E009554,2803,48,0.3491313940615917,0.006535947712418301,0.015693294225174365,0.0,0.0,0.0,8.0,4.0
emblematica:E009555,2803,51,0.3900954117610806,0.2,0.026227977105465587,0.0,0.0196078431372549,0.0196078431372549,3.0,5.0
emblematica:E009556,2803,254,0.499272218015063,0.5,0.09416376599334511,0.0,0.007874015748031496,0.007874015748031496,14.0,5.5
emblematica:E009557,2803,26,0.3333333333333333,0.05555555555555555,0.01528160101811238,0.0,0.0,0.0,2.0,4.0
emblematica:E009558,2803,80,0.3212150879621044,0.022222222222222223,0.029789680407627937,0.0,0.0,0.0,5.5,3.5
emblematica:E009559,2803,112,0.377109951854021,0.3333333333333333,0.042539582639545756,0.0,0.008928571428571428,0.008928571428571428,2.0,4.0
emblematica:E009560,2803,67,0.3566030242589581,0.034482758620689655,0.026804282153375512,0.0,0.0,0.0,17.0,4.0
emblematica:E009561,2803,14,0.3455606536832266,0.0125,0.005526742139918247,0.0,0.0,0.0,5.0,4.0
emblematica:E009562,2803,12,0.3174868087239101,0.004149377593360996,0.005372626229831134,0.0,0.0,0.0,3.0,3.5
emblematica:E009563,2803,32,0.31354485626132605,0.0022675736961451248,0.009826836606624503,0.0,0.0,0.0,3.0,3.0
emblematica:E009564,2803,45,0.35797158181924205,0.05555555555555555,0.020754424050654495,0.0,0.0,0.0,4.5,4.5
emblematica:E009565,2803,94,0.31566899690999894,0.09090909090909091,0.036900627307773465,0.0,0.0,0.0,7.0,4.0
emblematica:E009566,2803,310,0.3814497240748677,0.1,0.10879537987230783,0.0,0.0,0.0032258064516129032,6.0,5.0
emblematica:E009567,2803,162,0.3333333333333333,0.07142857142857142,0.07022821510039777,0.0,0.0,0.0,1.0,4.0
emblematica:E009568,2803,851,0.7445530561574183,1.0,0.32184188515693246,0.0011750881316098707,0.0035252643948296123,0.005875440658049354,3.0,4.5
emblematica:E009569,2803,193,0.3874215616272275,0.1111111111111111,0.07989085841684479,0.0,0.0,0.0051813471502590676,11.0,6.0
emblematica:E009570,2803,79,0.3068833440240848,0.030303030303030304,0.03314485530808917,0.0,0.0,0.0,3.0,4.5
emblematica:E009571,2803,95,0.3354565771645312,0.0625,0.03444248391444986,0.0,0.0,0.0,3.0,6.0
emblematica:E009572,2803,17,0.37574719213263447,0.012048192771084338,0.008212312397556584,0.0,0.0,0.0,1.0,3.0
emblematica:E009573,2803,53,0.3333333333333333,0.03333333333333333,0.02287362000736158,0.0,0.0,0.0,6.5,3.0
emblematica:E009574,2803,155,0.3333333333333333,0.08333333333333333,0.06306843815596842,0.0,0.0,0.0,2.0,4.0
emblematica:E009575,2803,0,0.5979359829049758,,,,,,1.0,4.0
emblematica:E009576,2803,74,0.320713481246783,0.09090909090909091,0.03891775470339914,0.0,0.0,0.0,4.0,4.0
emblematica:E009577,2803,253,0.4436558067522197,1.0,0.09613743350300066,0.003952569169960474,0.003952569169960474,0.003952569169960474,1.0,3.5
emblematica:E009578,2803,75,0.30934246906517704,0.01639344262295082,0.02793688689634063,0.0,0.0,0.0,5.0,3.0
emblematica:E009579,2803,190,0.41800926555157375,0.5,0.07283482606789915,0.0,0.005263157894736842,0.005263157894736842,7.0,4.0
emblematica:E009580,2803,267,0.4454348576459405,0.3333333333333333,0.10388728247463064,0.0,0.00749063670411985,0.00749063670411985,1.0,3.0
emblematica:E009581,2803,216,0.3333333333333333,0.045454545454545456,0.07396237521420465,0.0,0.0,0.0,2.0,4.0
emblematica:E009582,2803,22,0.36772095935634463,0.1111111111111111,0.013553572748588432,0.0,0.0,0.045454545454545456,1.0,4.5
emblematica:E009583,2803,201,0.4346924778908868,0.5,0.07361456801197472,0.0,0.004975124378109453,0.004975124378109453,11.0,4.0
emblematica:E009584,2803,78,0.3333333333333333,0.018518518518518517,0.026828034452970755,0.0,0.0,0.0,19.0,4.0
emblematica:E009585,2803,177,0.3894303164428987,0.25,0.07596617230042424,0.0,0.005649717514124294,0.005649717514124294,5.0,4.0
emblematica:E009586,2803,209,0.3333333333333333,0.034482758620689655,0.07755307682403151,0.0,0.0,0.0,9.0,3.0
emblematica:E009587,2803,168,0.35167431385817327,0.041666666666666664,0.06523366973196384,0.0,0.0,0.0,4.0,4.0
emblematica:E009588,2803,271,0.3916933352431961,0.1111111111111111,0.09861828185522348,0.0,0.0,0.0036900369003690036,5.0,3.5
emblematica:E009589,2803,189,0.39031088640070266,0.1111111111111111,0.07976248665513255,0.0,0.0,0.010582010582010581,2.5,4.5
emblematica:E009590,2803,245,0.5955189330975375,1.0,0.09744988380951541,0.004081632653061225,0.00816326530612245,0.012244897959183673,9.5,5.0
emblematica:E009591,2803,288,0.48211681869562056,0.3333333333333333,0.10377875128962416,0.0,0.003472222222222222,0.003472222222222222,4.5,4.5
emblematica:E009592,2803,318,0.4748175773152763,0.5,0.1267696680797923,0.0,0.0031446540880503146,0.006289308176100629,14.0,5.5
emblematica:E009593,2803,316,0.48006117753205335,1.0,0.10613563314443791,0.0031645569620253164,0.0031645569620253164,0.0031645569620253164,28.0,4.0
emblematica:E009594,2803,87,0.3272196731583866,0.015625,0.028537520925468855,0.0,0.0,0.0,14.0,4.0
emblematica:E009595,2803,104,0.3333333333333333,0.05263157894736842,0.03947488610961337,0.0,0.0,0.0,9.0,5.0
emblematica:E009596,2803,32,0.3333333333333333,0.02857142857142857,0.015218743828494299,0.0,0.0,0.0,3.0,4.0
emblematica:E009597,2803,332,0.6970137524827382,1.0,0.1311729890467271,0.0030120481927710845,0.006024096385542169,0.015060240963855422,1.0,5.0
emblematica:E009598,2803,16,0.32485056157347303,0.058823529411764705,0.011991164638906837,0.0,0.0,0.0,2.5,3.5
emblematica:E009599,2803,183,0.4300057393009568,0.3333333333333333,0.07028428283082974,0.0,0.00546448087431694,0.01092896174863388,2.0,6.0
emblematica:E009600,2803,38,0.2913493159109825,0.006535947712418301,0.012081476769971239,0.0,0.0,0.0,5.0,3.0
emblematica:E009601,2803,30,0.34639971149644583,0.0196078431372549,0.01375371034841235,0.0,0.0,0.0,3.0,5.0
emblematica:E009602,2803,23,0.3039877644935893,0.004366812227074236,0.006508217880356279,0.0,0.0,0.0,5.0,4.0
emblematica:E009603,2803,312,0.5223011388363108,0.25,0.12554017087350047,0.0,0.003205128205128205,0.009615384615384616,4.0,4.5
emblematica:E009604,2803,15,0.3272196731583866,0.006097560975609756,0.004311734739290962,0.0,0.0,0.0,1.0,4.0
emblematica:E009605,2803,180,0.3333333333333333,0.05,0.06167979986871543,0.0,0.0,0.0,7.0,3.0
emblematica:E009606,2803,0,0.7315449642824573,,,,,,1.0,2.0
emblematica:E009607,2803,64,0.31373376608866443,0.011235955056179775,0.022655551231068376,0.0,0.0,0.0,17.0,4.0
emblematica:E009608,2803,31,0.3333333333333333,0.034482758620689655,0.01193760880200432,0.0,0.0,0.0,4.0,5.0
emblematica:E009609,2803,82,0.3333333333333333,0.024390243902439025,0.029033666642446127,0.0,0.0,0.0,6.0,5.0
emblematica:E009610,2803,11,0.3112160483137714,0.0056179775280898875,0.00621269241276677,0.0,0.0,0.0,3.5,5.0
emblematica:E009611,2803,743,0.5146096360061889,0.5,0.2676405660017173,0.0,0.0013458950201884253,0.004037685060565276,11.5,3.0
emblematica:E009612,2803,253,0.3940588068500866,0.3333333333333333,0.0931169808921449,0.0,0.003952569169960474,0.003952569169960474,1.0,2.5
emblematica:E009613,2803,10,0.2823189163748797,0.002793296089385475,0.003856907899342542,0.0,0.0,0.0,1.5,5.0
emblematica:E009614,2803,54,0.3439367980331586,0.010526315789473684,0.017583853339877206,0.0,0.0,0.0,3.0,5.0
emblematica:E009615,2803,70,0.34639971149644583,0.037037037037037035,0.02457091162254981,0.0,0.0,0.0,7.0,6.0
emblematica:E009616,2803,282,0.5080076782983982,1.0,0.1014040506060295,0.0035460992907801418,0.0035460992907801418,0.0070921985815602835,4.5,3.5
emblematica:E009617,2803,85,0.355947574231861,0.018518518518518517,0.029533756487121674,0.0,0.0,0.0,9.0,5.0
emblematica:E009618,2803,331,0.4667475810300733,0.125,0.10762092160695544,0.0,0.0,0.006042296072507553,16.0,4.0
emblematica:E009619,2803,111,0.38559884598578353,0.16666666666666666,0.04206153788567749,0.0,0.0,0.009009009009009009,4.0,3.0
emblematica:E009620,2803,227,0.3290610428583037,0.022727272727272728,0.07538161416123935,0.0,0.0,0.0,23.0,5.0
emblematica:E009621,2803,72,0.3307904135367517,0.00909090909090909,0.024537174955347876,0.0,0.0,0.0,14.0,6.0
emblematica:E009622,2803,475,0.648924780272408,1.0,0.1817117974906756,0.002105263157894737,0.00631578947368421,0.008421052631578947,29.0,3.0
emblematica:E009623,2803,58,0.3333333333333333,0.09090909090909091,0.02575506844549532,0.0,0.0,0.0,9.0,3.5
emblematica:E009624,2803,14,0.34490520365612953,0.02040816326530612,0.007072648098278835,0.0,0.0,0.0,4.5,3.5
emblematica:E009625,2803,187,0.35647707397892575,0.07142857142857142,0.08146852040150279,0.0,0.0,0.0,2.0,5.0
emblematica:E009626,2803,29,0.3175352726050748,0.03571428571428571,0.013017980507002737,0.0,0.0,0.0,4.0,3.5
emblematica:E009627,2803,85,0.3475238529402701,0.01694915254237288,0.031207241000853644,0.0,0.0,0.0,5.0,3.5
emblematica:E009628,2803,189,0.3333333333333333,0.07142857142857142,0.06510296398000096,0.0,0.0,0.0,4.0,5.5
emblematica:E009629,2803,51,0.3877121255894234,0.25,0.02495138076237109,0.0,0.0196078431372549,0.0196078431372549,1.0,4.0
emblematica:E009630,2803,66,0.38161264000122036,0.017857142857142856,0.023722885232356616,0.0,0.0,0.0,7.0,3.0
emblematica:E009631,2803,70,0.31929854954724984,0.02564102564102564,0.02552927033472232,0.0,0.0,0.0,14.5,4.0
emblematica:E009632,2803,40,0.35744208207217737,0.006578947368421052,0.011024273227905248,0.0,0.0,0.0,4.5,3.0
emblematica:E009633,2803,51,0.34061568813149234,0.023255813953488372,0.018114081996182092,0.0,0.0,0.0,4.5,3.0
emblematica:E009634,2803,197,0.3222909627576018,0.02702702702702703,0.0767698261414427,0.0,0.0,0.0,8.5,5.0
emblematica:E009635,2803,3,0.3873529474613697,0.0006138735420503376,0.0008240736200782252,0.0,0.0,0.0,1.0,4.0
emblematica:E009636,2803,41,0.3201083386787091,0.016129032258064516,0.019987568328530998,0.0,0.0,0.0,5.0,4.5
emblematica:E009637,2803,290,0.5432534204450873,1.0,0.11306440531215037,0.0034482758620689655,0.006896551724137931,0.006896551724137931,3.0,5.0
emblematica:E009638,2803,228,0.3186605489134613,0.025,0.0807933001814175,0.0,0.0,0.0,17.0,4.0
emblematica:E009639,2803,257,0.3171155966396912,0.05,0.08745315884774371,0.0,0.0,0.0,26.0,3.0
emblematica:E009640,2803,7,0.31886849542983803,0.02564102564102564,0.007031251936482877,0.0,0.0,0.0,1.0,5.0
emblematica:E009641,2803,192,0.3767649495251983,0.16666666666666666,0.06689330694526106,0.0,0.0,0.005208333333333333,5.5,3.0
emblematica:E009642,2803,25,0.35167431385817327,0.007633587786259542,0.00953816797899152,0.0,0.0,0.0,1.0,5.0
emblematica:E009643,2803,184,0.31840032971834753,0.014705882352941176,0.0625504586937536,0.0,0.0,0.0,2.0,5.0
emblematica:E009644,2803,186,0.3042462196763022,0.05263157894736842,0.0632475237650011,0.0,0.0,0.0,3.0,5.5
emblematica:E009645,2803,16,0.3333333333333333,0.008130081300813009,0.006685940545070892,0.0,0.0,0.0,2.0,3.0
emblematica:E009646,2803,247,0.4189245757825867,0.14285714285714285,0.08509940570096414,0.0,0.0,0.004048582995951417,2.0,4.0
emblematica:E009647,2803,262,0.3333333333333333,0.09090909090909091,0.09360942027208717,0.0,0.0,0.0,21.0,3.0
emblematica:E009648,2803,15,0.304195711009966,0.0031746031746031746,0.004635503213397392,0.0,0.0,0.0,3.0,4.0
emblematica:E009649,2803,25,0.37574719213263447,0.1,0.011721434200508822,0.0,0.0,0.04,4.0,3.0
emblematica:E009650,2803,164,0.3333333333333333,0.043478260869565216,0.060507174117453294,0.0,0.0,0.0,5.0,4.5
emblematica:E009651,2803,0,0.92663607790064,,,,,,1.0,2.0
emblematica:E009652,2803,24,0.29689250469012085,0.007352941176470588,0.00952041170611574,0.0,0.0,0.0,3.0,5.0
emblematica:E009653,2803,31,0.3175352726050748,0.027777777777777776,0.013346086273368111,0.0,0.0,0.0,4.0,3.0
emblematica:E009654,2803,197,0.30453925027800327,0.043478260869565216,0.06751246198543986,0.0,0.0,0.0,6.5,4.0
emblematica:E009655,2803,65,0.3623229229863697,0.2,0.03086032714086686,0.0,0.015384615384615385,0.015384615384615385,14.0,5.0
emblematica:E009656,2803,295,0.5368232559598007,1.0,0.1086934585521986,0.003389830508474576,0.006779661016949152,0.006779661016949152,27.0,6.0
emblematica:E009657,2803,112,0.54119777928152,0.3333333333333333,0.04086373197296384,0.0,0.008928571428571428,0.008928571428571428,16.0,3.0
emblematica:E009658,2803,24,0.2844240519337599,0.014492753623188406,0.016655442231045696,0.0,0.0,0.0,3.0,5.0
emblematica:E009659,2803,208,0.3900954117610806,0.2,0.0802517741451704,0.0,0.004807692307692308,0.004807692307692308,4.0,4.0
emblematica:E009660,2803,101,0.3333333333333333,0.05,0.03890881257566487,0.0,0.0,0.0,23.0,3.5
emblematica:E009661,2803,202,0.3201083386787091,0.017241379310344827,0.06223909296235886,0.0,0.0,0.0,10.5,3.5
emblematica:E009662,2803,22,0.284652167853952,0.020833333333333332,0.007671124959057726,0.0,0.0,0.0,1.5,5.0
emblematica:E009663,2803,201,0.3333333333333333,0.07692307692307693,0.06847945579365367,0.0,0.0,0.0,11.5,5.0
emblematica:E010543,2803,799,0.38479367941116793,0.2,0.2846932876902061,0.0,0.0012515644555694619,0.0012515644555694619,14.0,3.0
emblematica:E010544,2803,791,0.5157248465128909,0.3333333333333333,0.29613044927482,0.0,0.0025284450063211127,0.0037926675094816687,11.0,4.0
emblematica:E010545,2803,773,0.557443940052024,1.0,0.2670800903320677,0.00129366106080207,0.00258732212160414,0.00258732212160414,12.0,3.0
emblematica:E010546,2803,739,0.6088036102153903,0.3333333333333333,0.26855010760212145,0.0,0.0027063599458728013,0.006765899864682003,12.0,3.0
emblematica:E010547,2803,866,0.5755608581730479,0.3333333333333333,0.3215251668108142,0.0,0.003464203233256351,0.004618937644341801,24.0,4.5
emblematica:E010548,2803,740,0.3481572467965153,0.1111111111111111,0.26302688065316565,0.0,0.0,0.0013513513513513514,5.0,4.0
emblematica:E010549,2803,747,0.4529847367238781,0.3333333333333333,0.26621684363073134,0.0,0.0013386880856760374,0.002677376171352075,10.0,3.0
emblematica:E010550,2803,1026,0.7336995968858242,1.0,0.3707970807357182,0.0009746588693957114,0.001949317738791423,0.004873294346978557,17.5,4.5
emblematica:E010551,2803,736,0.6117216328306223,1.0,0.28662859092790194,0.001358695652173913,0.002717391304347826,0.005434782608695652,4.0,3.0
emblematica:E010552,2803,827,0.5266515767734745,0.3333333333333333,0.2974143220002448,0.0,0.0036275695284159614,0.0036275695284159614,14.0,3.0
emblematica:E010553,2803,740,0.6215454215139965,1.0,0.2822831264354402,0.0013513513513513514,0.002702702702702703,0.004054054054054054,3.5,4.0
emblematica:E010554,2803,761,0.605725710417984,1.0,0.28127387836361817,0.001314060446780552,0.002628120893561104,0.005256241787122208,5.0,4.0
emblematica:E010555,2803,590,0.499272218015063,0.5,0.2001552332003195,0.0,0.003389830508474576,0.003389830508474576,15.0,4.0
emblematica:E010556,2803,725,0.4239500410378102,0.3333333333333333,0.26046558270339265,0.0,0.002758620689655172,0.002758620689655172,2.0,4.0
emblematica:E010557,2803,830,0.4387546985888852,0.2,0.28683404471707097,0.0,0.0012048192771084338,0.0024096385542168677,15.0,5.0
emblematica:E010558,2803,950,0.6924327614336949,0.5,0.33873676133803277,0.0,0.002105263157894737,0.003157894736842105,17.0,3.5
emblematica:E010559,2803,762,0.4511667553955616,0.25,0.2665823697015741,0.0,0.0013123359580052493,0.0026246719160104987,8.0,3.0
emblematica:E010560,2803,99,0.2905503713201941,0.016129032258064516,0.032181724983754045,0.0,0.0,0.0,7.5,3.0
emblematica:E010561,2803,55,0.2835849941205407,0.07142857142857142,0.021004294038487088,0.0,0.0,0.0,1.0,4.0
emblematica:E010562,2803,499,0.37962081462451813,0.125,0.19272710426514847,0.0,0.0,0.002004008016032064,47.0,4.0
emblematica:E010563,2803,814,0.9048032373092417,1.0,0.3063463781667381,0.0012285012285012285,0.006142506142506142,0.0085995085995086,31.0,3.0
emblematica:E010564,2803,1033,0.5321633202380722,0.5,0.3650536483614286,0.0,0.000968054211035818,0.002904162633107454,32.0,3.0
emblematica:E010565,2803,1043,0.36698236604191137,0.125,0.36389605813250947,0.0,0.0,0.0009587727708533077,3.0,4.0
emblematica:E010566,2803,855,0.6061295181597699,1.0,0.3013392057672007,0.0011695906432748538,0.0023391812865497076,0.0035087719298245615,31.0,4.0
emblematica:E010567,2803,723,0.5651077556425578,0.3333333333333333,0.2612706850880031,0.0,0.004149377593360996,0.005532503457814661,4.0,3.5
emblematica:E010568,2803,13,0.27569025168383615,0.005434782608695652,0.00495973807555929,0.0,0.0,0.0,1.5,3.0
emblematica:E010569,2803,397,0.5490542152075618,0.5,0.15170423843179298,0.0,0.0025188916876574307,0.010075566750629723,12.0,3.5
emblematica:E010570,2803,272,0.3466360884681018,0.16666666666666666,0.08714942108083301,0.0,0.0,0.003676470588235294,5.0,4.0
emblematica:E010571,2803,722,0.499272218015063,0.5,0.2661234057494658,0.0,0.002770083102493075,0.002770083102493075,9.0,3.0
emblematica:E010572,2803,156,0.3199006202288189,0.0625,0.0646418661047424,0.0,0.0,0.0,4.5,4.0
emblematica:E010573,2803,754,0.6723555026447995,1.0,0.28896552672745257,0.001326259946949602,0.005305039787798408,0.005305039787798408,7.0,4.0
emblematica:E010574,2803,167,0.35167431385817327,0.06666666666666667,0.054813537632202786,0.0,0.0,0.0,2.5,3.5
emblematica:E010575,2803,168,0.28095798960320895,0.047619047619047616,0.06731887976113442,0.0,0.0,0.0,1.0,4.0
emblematica:E010576,2803,872,0.48439075881392796,0.25,0.3150514319171273,0.0,0.0011467889908256881,0.0022935779816513763,6.0,3.5
emblematica:E010577,2803,169,0.3333333333333333,0.047619047619047616,0.06477333649984388,0.0,0.0,0.0,3.0,4.0
emblematica:E010578,2803,731,0.5372027212942456,0.3333333333333333,0.2726267187383474,0.0,0.0027359781121751026,0.004103967168262654,2.0,3.0
emblematica:E010579,2803,471,0.5997125809225983,1.0,0.1781025238212573,0.0021231422505307855,0.004246284501061571,0.006369426751592357,3.5,3.5
emblematica:E010580,2803,734,0.4668988737479447,0.125,0.2613834587867422,0.0,0.0,0.0027247956403269754,1.0,3.0
emblematica:E010581,2803,39,0.5855585253677401,0.002036659877800407,0.012647247229437738,0.0,0.0,0.0,3.0,3.5
emblematica:E010582,2803,180,0.4154551933852129,0.5,0.06944610127020176,0.0,0.005555555555555556,0.005555555555555556,5.5,3.0
emblematica:E010583,2803,749,0.6843836093553111,1.0,0.27727067857322774,0.0013351134846461949,0.004005340453938585,0.0053404539385847796,2.5,4.0
emblematica:E010584,2803,831,0.43426489406400665,0.2,0.2802213834961545,0.0,0.0012033694344163659,0.0024067388688327317,7.0,4.0
emblematica:E010585,2803,960,0.5708210590764005,0.3333333333333333,0.35660420283292016,0.0,0.003125,0.004166666666666667,35.0,3.5
emblematica:E010586,2803,971,0.42590829591570295,0.5,0.34197264242682823,0.0,0.0010298661174047373,0.0010298661174047373,16.0,4.0
emblematica:E010587,2803,762,0.6459813290976087,0.5,0.2772223660965813,0.0,0.0013123359580052493,0.003937007874015748,5.0,3.5
emblematica:E010588,2803,230,0.3217614630105371,0.07692307692307693,0.08282153940174378,0.0,0.0,0.0,5.0,4.0
emblematica:E010589,2803,141,0.4748175773152763,0.5,0.060247082873046406,0.0,0.0070921985815602835,0.014184397163120567,3.5,4.5
emblematica:E010590,2803,157,0.42590829591570295,0.5,0.0586299788292118,0.0,0.006369426751592357,0.006369426751592357,2.0,3.5
emblematica:E010591,2803,875,0.4673159110176357,0.25,0.311268794655766,0.0,0.001142857142857143,0.0034285714285714284,3.0,4.0
emblematica:E010592,2803,732,0.4648202165038557,0.2,0.26780897194100733,0.0,0.001366120218579235,0.004098360655737705,5.5,3.5
emblematica:E010593,2803,180,0.44236092441353086,0.2,0.06959991658034562,0.0,0.005555555555555556,0.011111111111111112,3.0,3.5
emblematica:E010594,2803,949,0.5703870121604276,0.5,0.3481084778579155,0.0,0.002107481559536354,0.004214963119072708,6.0,4.0
emblematica:E010595,2803,1106,0.5857325373593741,1.0,0.38857087249832734,0.0009041591320072332,0.0018083182640144665,0.0027124773960217,12.0,4.0
emblematica:E010596,2803,69,0.3333333333333333,0.07142857142857142,0.026354218981420634,0.0,0.0,0.0,5.5,4.0
emblematica:E010597,2803,734,0.5163867541158862,0.5,0.2747764538147524,0.0,0.0027247956403269754,0.004087193460490463,6.0,3.0
emblematica:E010598,2803,756,0.6168056224173492,1.0,0.28020471615589626,0.0013227513227513227,0.0026455026455026454,0.003968253968253968,19.0,3.0
emblematica:E010599,2803,888,0.4840103329865052,0.14285714285714285,0.3184073365270727,0.0,0.0,0.0033783783783783786,1.5,3.5
emblematica:E010600,2803,1108,0.42367537409979655,0.2,0.38257568583127577,0.0,0.0009025270758122744,0.0018050541516245488,21.5,3.5
emblematica:E010601,2803,786,0.44553913305523896,0.2,0.27924936048019455,0.0,0.001272264631043257,0.002544529262086514,15.0,3.0
emblematica:E010602,2803,874,0.3997893655927203,0.16666666666666666,0.30215799946527444,0.0,0.0,0.0011441647597254005,3.5,3.5
emblematica:E010603,2803,302,0.39717071630857975,0.16666666666666666,0.10805352764521753,0.0,0.0,0.0033112582781456954,8.0,3.5
emblematica:E010604,2803,224,0.34894252258247527,0.1111111111111111,0.08342844266909741,0.0,0.0,0.004464285714285714,1.5,3.5
emblematica:E010605,2803,735,0.5776691503958356,0.25,0.27355397307423535,0.0,0.0027210884353741495,0.006802721088435374,2.0,3.0
emblematica:E010606,2803,213,0.38224261473290666,0.14285714285714285,0.07769096868722838,0.0,0.0,0.004694835680751174,2.0,4.0
emblematica:E010607,2803,725,0.37811578306178506,0.3333333333333333,0.2654104055454617,0.0,0.001379310344827586,0.001379310344827586,2.5,4.0
emblematica:E010608,2803,229,0.4491111142319945,0.3333333333333333,0.0826604317907505,0.0,0.004366812227074236,0.008733624454148471,6.0,3.0
emblematica:E010609,2803,200,0.37962081462451813,0.125,0.07338853130997862,0.0,0.0,0.005,1.0,5.0
emblematica:E010610,2803,216,0.3217614630105371,0.05,0.07585020663534611,0.0,0.0,0.0,2.0,4.0
emblematica:E010611,2803,221,0.49066464223187867,1.0,0.09171288532376358,0.004524886877828055,0.004524886877828055,0.004524886877828055,10.5,3.5
emblematica:E010612,2803,740,0.5224750363313545,1.0,0.25629397339426807,0.0013513513513513514,0.0013513513513513514,0.002702702702702703,6.0,4.0
emblematica:E010613,2803,1224,0.7207090513285355,1.0,0.4483831480597591,0.0008169934640522876,0.0016339869281045752,0.004901960784313725,23.5,3.5
emblematica:E010614,2803,734,0.5268497123110694,0.25,0.26109616079535164,0.0,0.0027247956403269754,0.005449591280653951,6.0,4.0
emblematica:E010615,2803,784,0.5889380019628112,1.0,0.2794255939191557,0.0012755102040816326,0.0012755102040816326,0.003826530612244898,3.0,3.0
emblematica:E010616,2803,756,0.5747405489838048,1.0,0.26980087256648616,0.0013227513227513227,0.0013227513227513227,0.003968253968253968,13.0,3.0
emblematica:E010617,2803,782,0.715799107540782,1.0,0.28980444495100494,0.0012787723785166241,0.0025575447570332483,0.0038363171355498722,19.0,4.0
emblematica:E010618,2803,757,0.44487413884983035,0.5,0.2802877542600368,0.0,0.001321003963011889,0.002642007926023778,1.0,3.0
emblematica:E010619,2803,881,0.3900954117610806,0.2,0.3075908280740375,0.0,0.0011350737797956867,0.0011350737797956867,6.0,3.0
emblematica:E010620,2803,743,0.5347023566812479,0.3333333333333333,0.25884489642424335,0.0,0.0013458950201884253,0.004037685060565276,10.0,3.0
emblematica:E010621,2803,793,0.6522810115252848,1.0,0.2783822265209412,0.0012610340479192938,0.0037831021437578815,0.005044136191677175,16.5,4.0
emblematica:E010622,2803,856,0.29451416103497585,0.058823529411764705,0.3069513510359663,0.0,0.0,0.0,17.0,4.0
emblematica:E010623,2803,794,0.6564746593503455,1.0,0.29227669821884,0.0012594458438287153,0.003778337531486146,0.005037783375314861,3.0,3.0
emblematica:E010624,2803,810,0.5713843177309279,1.0,0.28209008437197314,0.0012345679012345679,0.0012345679012345679,0.003703703703703704,15.0,4.0
emblematica:E010625,2803,716,0.5672408909906785,0.5,0.25000998549907755,0.0,0.002793296089385475,0.004189944134078212,1.0,4.0
emblematica:E010626,2803,754,0.40669725543269336,0.3333333333333333,0.25966635508473795,0.0,0.001326259946949602,0.001326259946949602,11.0,3.0
emblematica:E010627,2803,354,0.47879675185156656,0.2,0.127059658354985,0.0,0.002824858757062147,0.00847457627118644,18.0,4.0
emblematica:E010628,2803,796,0.31076151854933204,0.08333333333333333,0.2856171562823261,0.0,0.0,0.0,1.0,3.0
emblematica:E010629,2803,764,0.5887916168404717,1.0,0.259370069401665,0.0013089005235602095,0.002617801047120419,0.002617801047120419,11.0,5.0
emblematica:E010630,2803,726,0.31499235280849325,0.058823529411764705,0.26425123342980206,0.0,0.0,0.0,4.0,3.0
emblematica:E010631,2803,712,0.3333333333333333,0.08333333333333333,0.2572781545508518,0.0,0.0,0.0,1.5,4.0
emblematica:E010632,2803,768,0.43748016623849917,0.5,0.27465198288226383,0.0,0.0013020833333333333,0.0013020833333333333,2.0,3.0
emblematica:E010633,2803,158,0.42238988201412797,0.16666666666666666,0.06807301627792721,0.0,0.0,0.012658227848101266,3.0,4.0
emblematica:E010634,2803,90,0.29550499273372904,0.027777777777777776,0.03373273575362333,0.0,0.0,0.0,3.5,4.0
emblematica:E010635,2803,230,0.3475238529402701,0.09090909090909091,0.08707113202656233,0.0,0.0,0.0,3.0,4.0
emblematica:E010636,2803,234,0.41017070378466536,0.1111111111111111,0.08782874442950171,0.0,0.0,0.004273504273504274,4.0,4.0
emblematica:E010637,2803,793,0.46358820142370344,0.3333333333333333,0.2814392960800853,0.0,0.0012610340479192938,0.0025220680958385876,8.0,3.0
emblematica:E010638,2803,831,0.5473744004805718,1.0,0.3063567586088181,0.0012033694344163659,0.0012033694344163659,0.0024067388688327317,21.5,3.5
emblematica:E010639,2803,114,0.41379005054447404,0.5,0.046620847213234916,0.0,0.008771929824561403,0.008771929824561403,3.0,3.0
emblematica:E010640,2803,122,0.29665137228365324,0.043478260869565216,0.05276696869220298,0.0,0.0,0.0,2.0,3.0
emblematica:E010641,2803,206,0.43900469316065394,0.2,0.07087042134923423,0.0,0.0048543689320388345,0.009708737864077669,4.0,3.0
emblematica:E010642,2803,755,0.5690654355727757,0.3333333333333333,0.29394936102529906,0.0,0.003973509933774834,0.005298013245033113,8.5,3.0
emblematica:E010643,2803,755,0.3784712212592302,0.1111111111111111,0.2654632609596062,0.0,0.0,0.0013245033112582781,5.0,4.0
emblematica:E010644,2803,830,0.4331150953895235,0.14285714285714285,0.30152298913387876,0.0,0.0,0.0012048192771084338,15.0,3.0
emblematica:E010645,2803,947,0.4698894983457272,0.3333333333333333,0.32864822961256274,0.0,0.0021119324181626186,0.0021119324181626186,9.0,3.0
emblematica:E010646,2803,730,0.6752111253029167,0.5,0.26104259614046776,0.0,0.00410958904109589,0.00684931506849315,1.0,4.5
emblematica:E010647,2803,722,0.5902448825486795,0.5,0.2566369434606658,0.0,0.004155124653739612,0.00554016620498615,1.0,4.0
emblematica:E010648,2803,343,0.4174255241558428,0.5,0.12446715434485543,0.0,0.0029154518950437317,0.0029154518950437317,3.0,4.0
emblematica:E010649,2803,1112,0.5794842314338582,0.5,0.38718203748315877,0.0,0.0008992805755395684,0.002697841726618705,21.0,4.0
emblematica:E010650,2803,791,0.5052250423812286,0.5,0.28545681799614786,0.0,0.0012642225031605564,0.0037926675094816687,31.0,3.0
emblematica:E010651,2803,734,0.5053548760450592,1.0,0.2705156910009221,0.0013623978201634877,0.0013623978201634877,0.0013623978201634877,4.5,4.5
emblematica:E010652,2803,788,0.7133656053413557,1.0,0.27022677572097936,0.0012690355329949238,0.005076142131979695,0.005076142131979695,7.5,4.0
emblematica:E010653,2803,789,0.4737301590070772,0.16666666666666666,0.2707795446072314,0.0,0.0,0.0025348542458808617,6.0,3.0
emblematica:E010654,2803,816,0.3262380735298649,0.05,0.2707741476797097,0.0,0.0,0.0,12.0,3.0
emblematica:E010655,2803,886,0.5211641362771603,0.3333333333333333,0.31757451899897826,0.0,0.001128668171557562,0.003386004514672686,6.0,4.0
emblematica:E010656,2803,552,0.39842085054859666,0.2,0.183845646216616,0.0,0.0018115942028985507,0.0018115942028985507,17.0,3.0
emblematica:E010657,2803,748,0.5585908384362132,0.3333333333333333,0.27067312887409634,0.0,0.00267379679144385,0.0053475935828877,9.0,3.0
emblematica:E010658,2803,725,0.42203467342381923,0.08333333333333333,0.26132023957982736,0.0,0.0,0.0,5.0,4.0
emblematica:E010659,2803,802,0.6653563206255196,0.5,0.2917477855265076,0.0,0.003740648379052369,0.006234413965087282,4.0,3.0
emblematica:E010660,2803,732,0.6841711655449217,1.0,0.25335506294619914,0.001366120218579235,0.004098360655737705,0.00546448087431694,4.0,3.0
emblematica:E010661,2803,728,0.6164573160320443,1.0,0.26478482092424893,0.0013736263736263737,0.004120879120879121,0.004120879120879121,3.0,3.0
emblematica:E010662,2803,791,0.6723158784616012,1.0,0.29726045367861387,0.0012642225031605564,0.0025284450063211127,0.006321112515802781,13.0,3.0
emblematica:E010663,2803,731,0.34255941519628846,0.1,0.25526358817035366,0.0,0.0,0.0013679890560875513,4.0,4.0
emblematica:E010664,2803,726,0.6688828551968976,1.0,0.2599662136144517,0.0013774104683195593,0.004132231404958678,0.005509641873278237,2.0,4.0
emblematica:E010665,2803,743,0.47219577720688777,0.5,0.26506255013194097,0.0,0.0013458950201884253,0.0026917900403768506,11.0,4.0
emblematica:E010666,2803,966,0.8254612838486163,0.5,0.35505636994140466,0.0,0.002070393374741201,0.005175983436853002,6.0,3.0
emblematica:E010667,2803,821,0.5262863009985466,0.3333333333333333,0.29579176211630387,0.0,0.00243605359317905,0.0048721071863581,16.0,3.0
emblematica:E010668,2803,779,0.5384211794419163,1.0,0.27670020603517986,0.0012836970474967907,0.0012836970474967907,0.0025673940949935813,16.5,3.0
emblematica:E010669,2803,771,0.7488487350040482,1.0,0.28914078443965224,0.0012970168612191958,0.0038910505836575876,0.00648508430609598,6.0,5.0
emblematica:E010670,2803,939,0.4887259023852613,0.3333333333333333,0.3463159915814811,0.0,0.002129925452609159,0.003194888178913738,18.0,3.5
emblematica:E010671,2803,954,0.6618412813250387,1.0,0.3440797779423196,0.0010482180293501049,0.0010482180293501049,0.0031446540880503146,9.0,4.0
emblematica:E010672,2803,922,0.4172416067734127,0.14285714285714285,0.32636804522856594,0.0,0.0,0.0021691973969631237,4.0,3.0
emblematica:E010673,2803,771,0.4491111142319945,0.3333333333333333,0.2848228135124207,0.0,0.0012970168612191958,0.0025940337224383916,8.0,3.0
emblematica:E010674,2803,732,0.5153444563242107,0.3333333333333333,0.2640514240439451,0.0,0.004098360655737705,0.004098360655737705,1.0,3.0
emblematica:E010675,2803,728,0.6732990926682483,1.0,0.27793745167949985,0.0013736263736263737,0.0027472527472527475,0.006868131868131868,5.0,3.0
emblematica:E010676,2803,278,0.47176559193397727,1.0,0.11072118242200825,0.0035971223021582736,0.0035971223021582736,0.0035971223021582736,3.0,4.0
emblematica:E010677,2803,726,0.47605580957989435,0.16666666666666666,0.2551251876568528,0.0,0.0,0.004132231404958678,10.5,3.0
emblematica:E010678,2803,300,0.4221800660328192,0.25,0.10936565963380104,0.0,0.0033333333333333335,0.006666666666666667,7.0,4.0
emblematica:E010679,2803,847,0.5234268768916251,0.3333333333333333,0.30167396571731286,0.0,0.0023612750885478157,0.0035419126328217238,17.0,4.0
emblematica:E010680,2803,829,0.516176979636912,0.3333333333333333,0.29487502939404336,0.0,0.0012062726176115801,0.0024125452352231603,16.0,3.5
emblematica:E010681,2803,725,0.6344448151836865,0.5,0.25874746925859304,0.0,0.002758620689655172,0.002758620689655172,8.0,4.0
emblematica:E010682,2803,1031,0.5353880201199217,0.25,0.3722923854073257,0.0,0.0009699321047526673,0.0019398642095053346,19.5,4.0
emblematica:E010683,2803,734,0.7554661962991247,1.0,0.2768738722007199,0.0013623978201634877,0.004087193460490463,0.008174386920980926,1.0,3.5
emblematica:E010684,2803,790,0.5238941478514048,0.25,0.288043417621567,0.0,0.002531645569620253,0.0037974683544303796,17.0,4.0
emblematica:E010685,2803,1047,0.49172233893712536,0.25,0.36537778283247785,0.0,0.0009551098376313276,0.0028653295128939827,2.0,4.0
emblematica:E010686,2803,786,0.49626928691258465,0.25,0.2731211691256,0.0,0.001272264631043257,0.003816793893129771,13.5,3.0
emblematica:E010687,2803,963,0.6210280302749895,0.16666666666666666,0.3312729664336395,0.0,0.0,0.003115264797507788,13.0,4.0
emblematica:E010688,2803,740,0.4585402984350894,0.5,0.26442005700484256,0.0,0.0013513513513513514,0.002702702702702703,6.0,3.0
emblematica:E010689,2803,739,0.5203502798514508,0.3333333333333333,0.2723410074976605,0.0,0.0027063599458728013,0.0040595399188092015,8.0,3.0
emblematica:E010690,2803,912,0.4593945535986426,0.25,0.3149034108474973,0.0,0.0010964912280701754,0.0021929824561403508,5.0,4.0
emblematica:E010691,2803,710,0.657661223618855,0.5,0.27219306697038276,0.0,0.004225352112676056,0.007042253521126761,1.0,3.0
emblematica:E010692,2803,749,0.4558794357006645,0.25,0.26155521139315774,0.0,0.0013351134846461949,0.0026702269692923898,7.0,3.0
emblematica:E010693,2803,915,0.404068662144253,0.07142857142857142,0.3114765533174811,0.0,0.0,0.0,5.0,4.0
emblematica:E010694,2803,730,0.665514020647029,0.5,0.27223389971795786,0.0,0.005479452054794521,0.00684931506849315,2.5,3.5
emblematica:E010695,2803,791,0.8022710688293164,1.0,0.30892975122094946,0.0012642225031605564,0.0050568900126422255,0.007585335018963337,11.0,4.0
emblematica:E010696,2803,791,0.7006441416532716,1.0,0.29163945177580297,0.0012642225031605564,0.0025284450063211127,0.0050568900126422255,12.5,3.5
emblematica:E010697,2803,743,0.4658706579251166,1.0,0.27052441141372197,0.0013458950201884253,0.0013458950201884253,0.0013458950201884253,1.0,4.0
emblematica:E010698,2803,758,0.4369506664914345,0.5,0.2680690347906317,0.0,0.0013192612137203166,0.0013192612137203166,11.0,3.0
emblematica:E010699,2803,720,0.7448559741076545,1.0,0.2530926912057843,0.001388888888888889,0.005555555555555556,0.006944444444444444,2.0,3.0
emblematica:E010700,2803,793,0.5527284473900957,0.08333333333333333,0.2741329360949655,0.0,0.0,0.0,9.5,4.0
emblematica:E010701,2803,770,0.730573012594194,1.0,0.2779980720123613,0.0012987012987012987,0.003896103896103896,0.006493506493506494,7.0,4.0
emblematica:E010702,2803,1041,0.6836173734145626,1.0,0.3753674490774233,0.0009606147934678194,0.0009606147934678194,0.004803073967339097,39.0,5.0
emblematica:E010703,2803,978,0.5101786006651247,0.25,0.3678917442665126,0.0,0.002044989775051125,0.003067484662576687,14.0,3.0
emblematica:E010704,2803,771,0.5433690607602352,1.0,0.2671917687610755,0.0012970168612191958,0.0012970168612191958,0.0025940337224383916,2.5,4.0
emblematica:E010705,2803,771,0.393811334231455,0.125,0.2726713463223551,0.0,0.0,0.0012970168612191958,6.0,3.0
emblematica:E010706,2803,751,0.5131597949063768,0.5,0.2757501812278893,0.0,0.002663115845539281,0.0039946737683089215,5.0,3.0
emblematica:E010707,2803,754,0.49610782303022477,1.0,0.27146003406604274,0.001326259946949602,0.001326259946949602,0.002652519893899204,3.5,3.0
emblematica:E010708,2803,735,0.4615950064587687,0.5,0.2612571400508131,0.0,0.0013605442176870747,0.0027210884353741495,3.5,3.0
emblematica:E010709,2803,756,0.7058407868233186,0.3333333333333333,0.27919341679863524,0.0,0.0026455026455026454,0.003968253968253968,10.0,4.0
emblematica:E010710,2803,766,0.790079912888246,0.3333333333333333,0.28714040919795686,0.0,0.0026109660574412533,0.009138381201044387,17.0,4.0
emblematica:E010711,2803,722,0.691338639071709,1.0,0.25720141830608134,0.0013850415512465374,0.004155124653739612,0.006925207756232687,2.0,4.0
emblematica:E010712,2803,723,0.4312411872147558,0.125,0.2625637936759238,0.0,0.0,0.0013831258644536654,3.0,3.0
emblematica:E010713,2803,717,0.4886484057047156,0.2,0.24654447319960768,0.0,0.001394700139470014,0.0041841004184100415,2.0,3.0
emblematica:E010714,2803,999,0.6688828551968976,1.0,0.3612543987899062,0.001001001001001001,0.003003003003003003,0.004004004004004004,7.5,4.0
emblematica:E010715,2803,761,0.7385546771856307,1.0,0.282721257617647,0.001314060446780552,0.003942181340341655,0.006570302233902759,5.0,3.0
emblematica:E010716,2803,774,0.3240758370750963,0.05263157894736842,0.27950356287308054,0.0,0.0,0.0,3.0,3.0
emblematica:E010717,2803,952,0.8446849276286176,1.0,0.35828552798474955,0.0010504201680672268,0.004201680672268907,0.007352941176470588,5.0,3.5
emblematica:E010718,2803,717,0.6607868248473733,1.0,0.2662792734634803,0.001394700139470014,0.0041841004184100415,0.005578800557880056,5.0,3.0
emblematica:E010719,2803,728,0.6385658234509933,1.0,0.26722687229600395,0.0013736263736263737,0.0013736263736263737,0.005494505494505495,5.5,3.0
emblematica:E010720,2803,895,0.42271583701454835,0.16666666666666666,0.3120120697305041,0.0,0.0,0.0022346368715083797,8.0,3.0
emblematica:E010721,2803,742,0.3222909627576018,0.09090909090909091,0.26949636698858037,0.0,0.0,0.0,8.0,3.0
emblematica:E010722,2803,738,0.44111038473640346,0.25,0.2679920315433753,0.0,0.0013550135501355014,0.0013550135501355014,6.0,3.0
emblematica:E010723,2803,761,0.6770515251041757,1.0,0.27042689275581205,0.001314060446780552,0.003942181340341655,0.005256241787122208,7.0,4.0
emblematica:E010724,2803,711,0.7245297231179428,1.0,0.25455238522164775,0.0014064697609001407,0.004219409282700422,0.007032348804500703,1.0,3.5
emblematica:E010725,2803,982,0.6334568689847857,1.0,0.36728063269829464,0.0010183299389002036,0.003054989816700611,0.003054989816700611,21.0,3.0
emblematica:E010726,2803,1020,0.4826703743434503,0.5,0.3549034093275444,0.0,0.00196078431372549,0.00196078431372549,12.5,3.0
emblematica:E010727,2803,720,0.5187987797453005,0.3333333333333333,0.2643494487796999,0.0,0.002777777777777778,0.004166666666666667,4.0,3.0
emblematica:E010728,2803,719,0.5611028276900026,1.0,0.2544401401935885,0.0013908205841446453,0.0027816411682892906,0.004172461752433936,5.0,3.0
emblematica:E010729,2803,779,0.37962081462451813,0.125,0.2749654639292971,0.0,0.0,0.0012836970474967907,10.5,3.0
emblematica:E010730,2803,746,0.43184417524219987,0.25,0.25578434950887385,0.0,0.0013404825737265416,0.002680965147453083,7.0,3.0
emblematica:E010731,2803,879,0.645438747975136,1.0,0.3253412216633479,0.0011376564277588168,0.0022753128555176336,0.0034129692832764505,6.0,3.0
emblematica:E010732,2803,778,0.6952122615635927,1.0,0.2808890171942645,0.0012853470437017994,0.0038560411311053984,0.006426735218508998,9.0,3.5
emblematica:E010733,2803,1289,0.8385276620117289,1.0,0.4528644209612038,0.0007757951900698216,0.0031031807602792862,0.005430566330488751,37.0,3.0
emblematica:E010734,2803,840,0.6945556851157679,0.2,0.2955356892554634,0.0,0.0011904761904761906,0.0011904761904761906,7.0,4.0
emblematica:E010735,2803,751,0.6301326496866587,0.5,0.26736726070364136,0.0,0.002663115845539281,0.005326231691078562,5.5,3.5
emblematica:E010736,2803,762,0.5127878222419083,0.06666666666666667,0.26973430949975996,0.0,0.0,0.0,2.0,3.0
emblematica:E010737,2803,718,0.3775028156362593,0.08333333333333333,0.2548024361560355,0.0,0.0,0.0,1.0,3.0
emblematica:E010738,2803,741,0.4652855453541509,0.3333333333333333,0.2615724335628251,0.0,0.001349527665317139,0.002699055330634278,6.0,4.0
emblematica:E010739,2803,157,0.32449943687274807,0.02631578947368421,0.053481816391038516,0.0,0.0,0.0,2.0,3.5
emblematica:E010740,2803,71,0.3775028156362593,0.1111111111111111,0.030748381415565015,0.0,0.0,0.014084507042253521,3.0,5.0
emblematica:E010741,2803,505,0.48006117753205335,1.0,0.1861662465146397,0.0019801980198019802,0.0019801980198019802,0.0019801980198019802,16.0,4.0
emblematica:E010742,2803,272,0.32449943687274807,0.04,0.09741795964783496,0.0,0.0,0.0,2.0,3.5
emblematica:E010743,2803,857,0.47338072698104966,0.5,0.29738134680306866,0.0,0.0011668611435239206,0.002333722287047841,10.0,4.0
emblematica:E010744,2803,721,0.4714045975605252,0.3333333333333333,0.25872991169554854,0.0,0.0013869625520110957,0.0027739251040221915,4.0,3.0
emblematica:E010745,2803,847,0.48918649917098267,0.3333333333333333,0.29629676689566947,0.0,0.0011806375442739079,0.0035419126328217238,16.0,3.0
emblematica:E010746,2803,79,0.3206948847507265,0.09090909090909091,0.031128317446347736,0.0,0.0,0.0,3.0,4.0
emblematica:E010747,2803,793,0.3900954117610806,0.2,0.2798705358519352,0.0,0.0012610340479192938,0.0012610340479192938,4.5,3.5
emblematica:E010748,2803,725,0.4687087618465039,1.0,0.2485486195161878,0.001379310344827586,0.001379310344827586,0.001379310344827586,1.0,3.0
emblematica:E010749,2803,730,0.5327749119238547,0.5,0.26503819961763775,0.0,0.0027397260273972603,0.00410958904109589,6.0,3.0
emblematica:E010750,2803,1025,0.766458184674694,1.0,0.3828549836887461,0.000975609756097561,0.003902439024390244,0.004878048780487805,18.0,4.0
emblematica:E010751,2803,765,0.5279752084250124,1.0,0.27127736797850727,0.00130718954248366,0.00130718954248366,0.00261437908496732,13.5,3.5
emblematica:E010752,2803,805,0.5284461546909988,1.0,0.27949843022865445,0.0012422360248447205,0.0012422360248447205,0.002484472049689441,3.0,3.0
emblematica:E010753,2803,800,0.4784970741289115,0.5,0.29786424265724865,0.0,0.0025,0.0025,11.0,3.0
emblematica:E010754,2803,831,0.42801270478508463,0.16666666666666666,0.2983981052174326,0.0,0.0,0.0024067388688327317,16.5,4.0
emblematica:E010755,2803,741,0.6023343810309868,1.0,0.2535482026529085,0.001349527665317139,0.001349527665317139,0.002699055330634278,2.5,3.0
emblematica:E010756,2803,710,0.39818018207614864,0.14285714285714285,0.25864915796280347,0.0,0.0,0.0028169014084507044,1.5,3.5
emblematica:E010757,2803,1059,0.5857325373593741,1.0,0.3823731222198384,0.0009442870632672333,0.0018885741265344666,0.0028328611898017,24.5,4.0
emblematica:E010758,2803,751,0.36827457019189197,0.05263157894736842,0.26867921729681926,0.0,0.0,0.0,6.0,3.0
emblematica:E010759,2803,803,0.665514020647029,0.5,0.29917937152026025,0.0,0.0049813200498132005,0.0062266500622665,6.0,4.0
emblematica:E010760,2803,800,0.6113737423276703,0.5,0.2825779146117202,0.0,0.00375,0.005,13.0,3.5
emblematica:E010761,2803,296,0.37962081462451813,0.125,0.10914704893818963,0.0,0.0,0.0033783783783783786,1.0,3.5
emblematica:E010762,2803,374,0.4285300960240915,0.14285714285714285,0.1350545036430604,0.0,0.0,0.0053475935828877,7.0,3.0
emblematica:E010763,2803,734,0.6783074999417438,1.0,0.27016527788606115,0.0013623978201634877,0.0027247956403269754,0.004087193460490463,1.0,4.0
emblematica:E010764,2803,773,0.5058731926597417,0.3333333333333333,0.27547338747048006,0.0,0.00258732212160414,0.0038809831824062097,2.0,4.0
emblematica:E010765,2803,726,0.48960433994886654,0.25,0.25824744095777674,0.0,0.0013774104683195593,0.004132231404958678,6.5,3.0
emblematica:E010766,2803,805,0.5773497457952016,0.5,0.2898960086829477,0.0,0.002484472049689441,0.004968944099378882,24.5,4.0
emblematica:E010767,2803,793,0.43783273415207774,0.125,0.2872409817054858,0.0,0.0,0.0025220680958385876,10.0,4.0
emblematica:E010768,2803,740,0.5963301562538527,0.3333333333333333,0.2650287861421259,0.0,0.002702702702702703,0.005405405405405406,4.0,4.5
emblematica:E010769,2803,793,0.5624644609280969,0.5,0.2827534582221871,0.0,0.0037831021437578815,0.0037831021437578815,17.0,4.0
emblematica:E010770,2803,744,0.7647025611710692,1.0,0.28272755462085375,0.0013440860215053765,0.005376344086021506,0.008064516129032258,2.0,4.0
emblematica:E010771,2803,846,0.615553800033854,1.0,0.3157138511256551,0.001182033096926714,0.001182033096926714,0.004728132387706856,4.0,3.0
emblematica:E010772,2803,789,0.3900954117610806,0.2,0.26818535905420143,0.0,0.0012674271229404308,0.0012674271229404308,5.0,3.0
emblematica:E010773,2803,793,0.6056906122838637,1.0,0.28244519330763007,0.0012610340479192938,0.0025220680958385876,0.0037831021437578815,10.5,4.0
emblematica:E010774,2803,802,0.6360466819821973,0.5,0.29648615506891596,0.0,0.003740648379052369,0.006234413965087282,17.5,3.5
emblematica:E010775,2803,858,0.39765215434404294,0.16666666666666666,0.3007881784225336,0.0,0.0,0.0011655011655011655,15.0,4.0
emblematica:E010776,2803,1043,0.749553423052845,1.0,0.3814246473965006,0.0009587727708533077,0.0028763183125599234,0.005752636625119847,5.5,4.0
emblematica:E010777,2803,945,0.6970137524827382,1.0,0.3353937667017339,0.0010582010582010583,0.0021164021164021165,0.005291005291005291,20.0,3.0
emblematica:E010778,2803,1008,0.5494197316792544,0.3333333333333333,0.3560994313460743,0.0,0.000992063492063492,0.003968253968253968,30.0,3.0
emblematica:E010779,2803,227,0.38224261473290666,0.14285714285714285,0.08711258465309452,0.0,0.0,0.004405286343612335,3.0,3.0
emblematica:E010780,2803,708,0.44281305753755196,0.25,0.2566171619906447,0.0,0.0014124293785310734,0.002824858757062147,1.0,3.0
emblematica:E010781,2803,796,0.749465150870399,1.0,0.2931527001369653,0.001256281407035176,0.0037688442211055275,0.005025125628140704,14.0,4.0
emblematica:E010782,2803,834,0.4556065368322667,0.3333333333333333,0.2920309937381653,0.0,0.001199040767386091,0.002398081534772182,1.5,3.0
emblematica:E010783,2803,185,0.36837539258619156,0.5,0.06604044400889052,0.0,0.005405405405405406,0.005405405405405406,6.0,5.0
emblematica:E010784,2803,178,0.2900136840937112,0.07142857142857142,0.06497575952069456,0.0,0.0,0.0,3.0,3.0
emblematica:E010785,2803,737,0.472965917728585,1.0,0.2639022609877014,0.0013568521031207597,0.0013568521031207597,0.0013568521031207597,15.0,3.0
emblematica:E010786,2803,433,0.5931827677830694,1.0,0.1596009385479728,0.0023094688221709007,0.0023094688221709007,0.006928406466512702,11.0,4.0
emblematica:E010787,2803,739,0.4389394350456683,0.25,0.2685881430719247,0.0,0.0013531799729364006,0.0027063599458728013,5.5,3.0
emblematica:E010788,2803,728,0.5921365084287918,0.25,0.271074132204558,0.0,0.0027472527472527475,0.006868131868131868,3.5,3.0
emblematica:E010789,2803,187,0.6166173425444472,0.25,0.06901513206729702,0.0,0.0053475935828877,0.0053475935828877,6.0,3.0
emblematica:E010790,2803,414,0.43638289305226546,0.2,0.15156593514152833,0.0,0.0024154589371980675,0.004830917874396135,5.0,3.0
emblematica:E010791,2803,987,0.57197847532584,1.0,0.3491666263389194,0.0010131712259371835,0.0010131712259371835,0.00303951367781155,27.5,4.0
emblematica:E010792,2803,736,0.43900469316065394,0.2,0.2555068208737699,0.0,0.001358695652173913,0.002717391304347826,3.0,3.0
emblematica:E010793,2803,947,0.7628151922071689,0.5,0.3384991111370619,0.0,0.004223864836325237,0.007391763463569166,18.0,3.0
emblematica:E010794,2803,393,0.517865887063378,1.0,0.14684969764354655,0.002544529262086514,0.002544529262086514,0.005089058524173028,3.0,3.5
emblematica:E010795,2803,177,0.3708901990473572,0.14285714285714285,0.05928693728754965,0.0,0.0,0.005649717514124294,3.0,3.0
emblematica:E010796,2803,731,0.36648969587439745,0.08333333333333333,0.2680993685464053,0.0,0.0,0.0,7.0,3.0
emblematica:E010797,2803,875,0.6941055606700023,1.0,0.316724463355507,0.001142857142857143,0.0034285714285714284,0.004571428571428572,3.0,3.0
emblematica:E010798,2803,199,0.38559884598578353,0.16666666666666666,0.07316814244851247,0.0,0.0,0.005025125628140704,2.0,4.0
emblematica:E010799,2803,244,0.3333333333333333,0.024390243902439025,0.08567806724133031,0.0,0.0,0.0,17.0,4.0
emblematica:E010800,2803,893,0.3647048215569029,0.1,0.3148695043639736,0.0,0.0,0.0011198208286674132,5.5,3.5
emblematica:E010801,2803,162,0.30934246906517704,0.04,0.059849670206964585,0.0,0.0,0.0,2.0,3.0
emblematica:E010802,2803,419,0.36390163420806665,0.14285714285714285,0.1436335690328783,0.0,0.0,0.002386634844868735,10.0,4.0
emblematica:E010803,2803,227,0.3333333333333333,0.04,0.08078507036056579,0.0,0.0,0.0,4.0,4.0
emblematica:E010804,2803,229,0.39889093277822685,0.1,0.08137397011047365,0.0,0.0,0.004366812227074236,11.0,3.0
emblematica:E010805,2803,282,0.4487910888988174,0.16666666666666666,0.10052871815359798,0.0,0.0,0.0035460992907801418,7.0,4.0
emblematica:E010806,2803,991,0.6117916691618187,0.5,0.3521725500346556,0.0,0.0020181634712411706,0.005045408678102927,9.0,3.0
emblematica:E010807,2803,725,0.39330087636451777,0.1111111111111111,0.2514782560231551,0.0,0.0,0.001379310344827586,9.0,3.0
emblematica:E010808,2803,763,0.5432534204450873,1.0,0.27883572127581596,0.001310615989515072,0.002621231979030144,0.002621231979030144,10.0,4.0
emblematica:E010809,2803,817,0.4469863577520907,0.2,0.29227810809768645,0.0,0.0012239902080783353,0.0024479804161566705,8.0,4.0
emblematica:E010810,2803,1063,0.7441741940223867,1.0,0.3729093190032322,0.0009407337723424271,0.0028222013170272815,0.004703668861712135,45.5,3.5
emblematica:E010811,2803,856,0.6019361543485452,0.5,0.30783566889625075,0.0,0.002336448598130841,0.004672897196261682,5.0,4.0
emblematica:E010812,2803,1035,0.47969833549030794,0.2,0.3833271853855563,0.0,0.000966183574879227,0.002898550724637681,24.5,4.0
emblematica:E010813,2803,785,0.41673442886840906,0.16666666666666666,0.2840076395660925,0.0,0.0,0.0025477707006369425,15.0,3.0
emblematica:E010814,2803,761,0.40669725543269336,0.3333333333333333,0.2595951086059764,0.0,0.001314060446780552,0.001314060446780552,4.0,4.0
emblematica:E010815,2803,949,0.4831089173485943,0.25,0.3295373705508574,0.0,0.001053740779768177,0.003161222339304531,17.0,5.0
emblematica:E010816,2803,757,0.7069386773248769,1.0,0.28494216300554803,0.001321003963011889,0.002642007926023778,0.005284015852047556,12.0,4.0
emblematica:E010817,2803,751,0.39652557624636714,0.25,0.2600788447813512,0.0,0.0013315579227696406,0.0013315579227696406,4.0,3.0
emblematica:E010818,2803,723,0.5010902351800973,0.2,0.26251821846496826,0.0,0.0013831258644536654,0.004149377593360996,4.5,3.5
emblematica:E010819,2803,176,0.42590829591570295,0.5,0.05932640774295264,0.0,0.005681818181818182,0.005681818181818182,3.5,4.0
emblematica:E010820,2803,900,0.7307018801574567,1.0,0.330283741873474,0.0011111111111111111,0.0022222222222222222,0.005555555555555556,32.0,4.0
emblematica:E010821,2803,727,0.6102289067961838,0.5,0.250851702905069,0.0,0.002751031636863824,0.0068775790921595595,4.0,4.0
emblematica:E010822,2803,865,0.7719324149158296,1.0,0.3020782811250411,0.0011560693641618498,0.004624277456647399,0.006936416184971098,23.5,4.0
emblematica:E010823,2803,925,0.5733705712589114,0.5,0.346184256595071,0.0,0.001081081081081081,0.004324324324324324,13.0,3.0
emblematica:E010824,2803,750,0.527627152939333,0.5,0.27976943769528234,0.0,0.0026666666666666666,0.004,15.0,3.0
emblematica:E010825,2803,760,0.6678329028051814,1.0,0.2760478267865723,0.0013157894736842105,0.002631578947368421,0.005263157894736842,8.0,3.0
emblematica:E010826,2803,772,0.6927709970145756,1.0,0.2896915022867894,0.0012953367875647669,0.0025906735751295338,0.006476683937823834,12.0,3.0
emblematica:E010827,2803,946,0.5123686152600141,0.3333333333333333,0.33274508239993333,0.0,0.0021141649048625794,0.003171247357293869,6.0,3.0
emblematica:E010828,2803,781,0.41976554539225047,0.3333333333333333,0.28088380839530247,0.0,0.0012804097311139564,0.002560819462227913,11.0,3.0
emblematica:E010829,2803,271,0.4058411523102849,0.07142857142857142,0.09359560681377464,0.0,0.0,0.0,12.5,3.5
emblematica:E010830,2803,958,0.6511658010185829,0.5,0.3681071603043472,0.0,0.003131524008350731,0.005219206680584551,9.0,3.0
emblematica:E010831,2803,731,0.44024002513497795,0.16666666666666666,0.2660487571376416,0.0,0.0,0.0027359781121751026,2.5,3.0
emblematica:E010832,2803,816,0.6693740530200356,0.3333333333333333,0.29575391474961826,0.0,0.003676470588235294,0.007352941176470588,17.0,4.5
emblematica:E010833,2803,739,0.42203467342381923,0.125,0.2691169725875659,0.0,0.0,0.0027063599458728013,2.0,3.0
emblematica:E010834,2803,737,0.4852269163368531,0.25,0.27568866150712923,0.0,0.0013568521031207597,0.004070556309362279,3.0,3.0
emblematica:E010835,2803,724,0.6293982185421705,1.0,0.27296043106809753,0.0013812154696132596,0.004143646408839779,0.004143646408839779,2.5,3.0
emblematica:E010836,2803,858,0.5733705712589114,0.5,0.3109683372080987,0.0,0.0011655011655011655,0.0034965034965034965,22.0,4.0
emblematica:E010837,2803,837,0.5146096360061889,0.5,0.29689369721075526,0.0,0.0011947431302270011,0.0023894862604540022,20.0,4.0
emblematica:E010838,2803,842,0.587973558105549,0.3333333333333333,0.29841920137926703,0.0,0.0011876484560570072,0.0011876484560570072,12.0,3.0
emblematica:E010839,2803,797,0.5666279267062367,1.0,0.28872229744187444,0.0012547051442910915,0.002509410288582183,0.0037641154328732747,13.5,3.0
emblematica:E010840,2803,743,0.6042754199539372,0.3333333333333333,0.2638827187330339,0.0,0.0013458950201884253,0.006729475100942127,4.5,4.5
emblematica:E010841,2803,723,0.5632940869131386,0.5,0.26514309747094644,0.0,0.0027662517289073307,0.004149377593360996,2.0,4.0
emblematica:E010842,2803,936,0.44281305753755196,0.25,0.3195885130480899,0.0,0.0010683760683760685,0.002136752136752137,5.5,4.0
emblematica:E010843,2803,759,0.47269957832701753,0.14285714285714285,0.26535742745296,0.0,0.0,0.003952569169960474,5.0,4.0
emblematica:E010844,2803,850,0.5330389245501927,0.25,0.3122707545545138,0.0,0.002352941176470588,0.004705882352941176,2.0,4.0
emblematica:E010845,2803,756,0.5211050586064612,0.5,0.2856160957891058,0.0,0.0013227513227513227,0.003968253968253968,11.0,4.0
emblematica:E010846,2803,167,0.34490520365612953,0.043478260869565216,0.05971188700706181,0.0,0.0,0.0,2.5,4.0
emblematica:E010847,2803,191,0.3561490890335484,0.1111111111111111,0.0652800765795719,0.0,0.0,0.005235602094240838,1.5,4.0
emblematica:E010848,2803,241,0.3323328669218757,0.1111111111111111,0.08050929505399237,0.0,0.0,0.004149377593360996,4.0,3.0
emblematica:E010849,2803,720,0.571875515554066,0.2,0.2653428652417593,0.0,0.001388888888888889,0.006944444444444444,2.5,3.0
emblematica:E010850,2803,980,0.6426176375450375,0.5,0.37235063298259385,0.0,0.003061224489795918,0.00510204081632653,18.0,4.0
emblematica:E010851,2803,117,0.3272196731583866,0.022727272727272728,0.05032146502745719,0.0,0.0,0.0,2.0,3.5
emblematica:E010852,2803,194,0.3775028156362593,0.1111111111111111,0.07536257536892652,0.0,0.0,0.005154639175257732,2.0,4.0
emblematica:E010853,2803,231,0.3186605489134613,0.0625,0.07782869996622091,0.0,0.0,0.0,2.0,4.0
emblematica:E010854,2803,165,0.3739917433092826,0.3333333333333333,0.07187308439661819,0.0,0.006060606060606061,0.006060606060606061,1.0,3.0
emblematica:E010855,2803,540,0.44069505854929314,0.25,0.18990966760925565,0.0,0.001851851851851852,0.003703703703703704,3.0,3.0
emblematica:E010856,2803,206,0.3333333333333333,0.09090909090909091,0.07438887398036667,0.0,0.0,0.0,2.0,4.0
emblematica:E010857,2803,261,0.4747594451821407,1.0,0.09388788958995994,0.0038314176245210726,0.0038314176245210726,0.0038314176245210726,12.5,3.0
emblematica:E010858,2803,230,0.35167431385817327,0.05263157894736842,0.07855145274472282,0.0,0.0,0.0,4.5,4.0
emblematica:E010859,2803,1022,0.4058934724893391,0.2,0.356427781742764,0.0,0.0009784735812133072,0.0009784735812133072,16.0,3.0
emblematica:E010860,2803,729,0.47843147607663866,0.14285714285714285,0.25451680275308314,0.0,0.0,0.00411522633744856,2.0,4.0
emblematica:E010861,2803,781,0.6629048238356321,1.0,0.2957508580224887,0.0012804097311139564,0.0038412291933418692,0.005121638924455826,14.0,3.0
emblematica:E010862,2803,747,0.5224091654806037,0.5,0.2554030229965329,0.0,0.002677376171352075,0.004016064257028112,11.0,3.0
emblematica:E010863,2803,27,0.31527840678675223,0.014705882352941176,0.009029124687724124,0.0,0.0,0.0,4.5,3.0
emblematica:E010864,2803,194,0.3333333333333333,0.02631578947368421,0.06830345422087615,0.0,0.0,0.0,5.0,3.0
emblematica:E010865,2803,832,0.42801270478508463,0.16666666666666666,0.28607551911995854,0.0,0.0,0.002403846153846154,3.0,3.0
emblematica:E010866,2803,934,0.8231946923305364,1.0,0.3534511849611653,0.0010706638115631692,0.0032119914346895075,0.006423982869379015,3.0,3.0
emblematica:E010867,2803,1119,0.47879675185156656,0.2,0.39087004875247944,0.0,0.0008936550491510277,0.002680965147453083,22.0,3.0
emblematica:E010868,2803,752,0.5268398566463763,0.2,0.2607874020781051,0.0,0.0013297872340425532,0.0026595744680851063,11.0,3.0
emblematica:E010869,2803,1039,0.5960101309206756,0.25,0.3704811080721763,0.0,0.0019249278152069298,0.004812319538017324,9.0,3.0
emblematica:E010870,2803,1085,0.4852921744518388,0.2,0.40707222393331555,0.0,0.0009216589861751152,0.0027649769585253456,20.5,4.0
emblematica:E010871,2803,749,0.48006117753205335,1.0,0.2757921669186042,0.0013351134846461949,0.0013351134846461949,0.0013351134846461949,9.5,3.0
emblematica:E010872,2803,739,0.4698894983457272,0.3333333333333333,0.2654690635728582,0.0,0.0027063599458728013,0.0027063599458728013,8.0,3.0
emblematica:E010873,2803,794,0.6590312013437484,1.0,0.2909623308670503,0.0012594458438287153,0.003778337531486146,0.005037783375314861,12.0,3.5
emblematica:E010874,2803,891,0.7489139931190341,1.0,0.3168267283891469,0.001122334455667789,0.004489337822671156,0.005611672278338945,15.0,4.0
emblematica:E010875,2803,781,0.37962081462451813,0.125,0.2804530003022734,0.0,0.0,0.0012804097311139564,13.0,3.0
emblematica:E010876,2803,1046,0.6988885181496467,1.0,0.3819307266113398,0.0009560229445506692,0.0028680688336520078,0.004780114722753346,3.0,3.0
emblematica:E010877,2803,929,0.4974571369770405,0.25,0.31576264475293664,0.0,0.002152852529601722,0.0032292787944025836,5.0,3.0
emblematica:E010878,2803,944,0.5020385344874402,0.5,0.3430234676763009,0.0,0.001059322033898305,0.0031779661016949155,6.0,4.0
emblematica:E010879,2803,221,0.3711380428646579,0.025,0.07518548253748485,0.0,0.0,0.0,9.5,3.5
emblematica:E010880,2803,253,0.31127216479055597,0.05,0.09321109880491638,0.0,0.0,0.0,17.0,4.0
emblematica:E010881,2803,849,0.42976832828870953,0.16666666666666666,0.30085844396389144,0.0,0.0,0.002355712603062426,12.5,3.5
emblematica:E010882,2803,910,0.7061606407384465,1.0,0.32117972081682794,0.001098901098901099,0.0032967032967032967,0.005494505494505495,10.5,3.0
emblematica:E010883,2803,948,0.7996492687209279,1.0,0.3463813321133139,0.0010548523206751054,0.004219409282700422,0.006329113924050633,7.0,5.0
emblematica:E010884,2803,284,0.44511159208518214,0.16666666666666666,0.10678333690115853,0.0,0.0,0.007042253521126761,11.0,3.0
emblematica:E010885,2803,730,0.38780107673441194,0.2,0.2683270889964887,0.0,0.0013698630136986301,0.0027397260273972603,5.0,3.0
emblematica:E010886,2803,767,0.42976832828870953,0.16666666666666666,0.27477543198555127,0.0,0.0,0.002607561929595828,5.0,3.5
emblematica:E010887,2803,730,0.39652557624636714,0.06666666666666667,0.2514568067899783,0.0,0.0,0.0,6.5,3.0
emblematica:E010888,2803,872,0.6486015147116496,1.0,0.32695410765285854,0.0011467889908256881,0.0022935779816513763,0.0045871559633027525,10.0,3.5
emblematica:E010889,2803,708,0.6943919523743497,1.0,0.2487120914722036,0.0014124293785310734,0.002824858757062147,0.007062146892655367,1.5,2.5
emblematica:E010890,2803,188,0.46377583817078055,0.25,0.07137201086005178,0.0,0.005319148936170213,0.005319148936170213,7.0,4.0
emblematica:E010891,2803,764,0.5104231141629783,0.3333333333333333,0.2753855737185396,0.0,0.002617801047120419,0.003926701570680628,11.0,5.0
emblematica:E010892,2803,235,0.49790318582773313,1.0,0.09452514698084881,0.00425531914893617,0.00425531914893617,0.00425531914893617,12.0,3.5
emblematica:E010893,2803,836,0.5123686152600141,0.3333333333333333,0.3004162497682807,0.0,0.0023923444976076554,0.0035885167464114833,15.0,3.5
emblematica:E010894,2803,858,0.540986572030831,0.5,0.3154218624901047,0.0,0.002331002331002331,0.0034965034965034965,34.0,4.0
emblematica:E010895,2803,188,0.3299108660055695,0.05555555555555555,0.057940463266371985,0.0,0.0,0.0,3.5,4.0
emblematica:E010896,2803,734,0.42590829591570295,0.5,0.2549707833171778,0.0,0.0013623978201634877,0.0013623978201634877,11.0,4.0
emblematica:E010897,2803,724,0.43250927056038174,0.2,0.2612289271061653,0.0,0.0013812154696132596,0.0027624309392265192,3.5,3.5
emblematica:E010898,2803,158,0.3775028156362593,0.1111111111111111,0.0665091994938322,0.0,0.0,0.006329113924050633,2.5,3.0
emblematica:E010899,2803,727,0.541366051481187,0.5,0.2536156910296624,0.0,0.002751031636863824,0.0041265474552957355,4.0,3.5
emblematica:E010900,2803,717,0.4053029499494361,0.25,0.257629771992611,0.0,0.001394700139470014,0.002789400278940028,3.0,3.0
emblematica:E010901,2803,24,0.3263207773624837,0.004366812227074236,0.008683941178957462,0.0,0.0,0.0,2.0,4.0
emblematica:E010902,2803,66,0.4071290409461924,0.25,0.024362800747654574,0.0,0.015151515151515152,0.015151515151515152,10.0,4.0
emblematica:E010903,2803,763,0.4785027331916881,0.2,0.2732357844037077,0.0,0.001310615989515072,0.003931847968545216,17.5,3.0
emblematica:E010904,2803,1002,0.3333333333333333,0.07142857142857142,0.35284820639745096,0.0,0.0,0.0,12.0,3.0
emblematica:E010905,2803,930,0.7032006836466744,1.0,0.34849463660813806,0.001075268817204301,0.0032258064516129032,0.005376344086021506,7.5,3.5
emblematica:E010906,2803,713,0.6743714837884507,1.0,0.2613740393162525,0.001402524544179523,0.002805049088359046,0.004207573632538569,1.0,5.0
emblematica:E010907,2803,837,0.6023343810309868,1.0,0.3158655138630744,0.0011947431302270011,0.0023894862604540022,0.0035842293906810036,18.5,4.0
emblematica:E010908,2803,740,0.4285300960240915,0.125,0.2514361180360885,0.0,0.0,0.0013513513513513514,12.0,3.0
emblematica:E010909,2803,804,0.6217150552031965,0.25,0.28931363221726686,0.0,0.0012437810945273632,0.0024875621890547263,6.5,3.0
emblematica:E010910,2803,831,0.5343823313480708,0.25,0.28798510682555484,0.0,0.0012033694344163659,0.0036101083032490976,14.0,4.0
emblematica:E010911,2803,1053,0.6545872903864455,0.5,0.38114407797913585,0.0,0.002849002849002849,0.004748338081671415,21.5,4.0
emblematica:E010912,2803,765,0.5705181411261643,0.125,0.2620385187359244,0.0,0.0,0.00261437908496732,7.5,4.0
emblematica:E010913,2803,796,0.40016406635113705,0.3333333333333333,0.279752817250237,0.0,0.001256281407035176,0.001256281407035176,7.0,3.5
emblematica:E010914,2803,745,0.40669725543269336,0.3333333333333333,0.26754613811170647,0.0,0.0013422818791946308,0.0013422818791946308,14.0,3.5
emblematica:E010915,2803,769,0.45047999632528335,0.3333333333333333,0.26806011758369513,0.0,0.0013003901170351106,0.002600780234070221,17.0,4.0
emblematica:E010916,2803,964,0.5774194999993585,0.5,0.34575288384725184,0.0,0.001037344398340249,0.005186721991701245,9.0,4.0
emblematica:E010917,2803,741,0.6438820632255243,1.0,0.2669669592217354,0.001349527665317139,0.002699055330634278,0.005398110661268556,4.5,3.5
emblematica:E010918,2803,770,0.6545998936834371,1.0,0.27681597623702014,0.0012987012987012987,0.0025974025974025974,0.005194805194805195,3.0,3.0
emblematica:E010919,2803,747,0.5034181665452173,1.0,0.26855170641255227,0.0013386880856760374,0.0013386880856760374,0.002677376171352075,11.0,3.0
emblematica:E010920,2803,753,0.5432534204450873,1.0,0.26683833910360977,0.0013280212483399733,0.0026560424966799467,0.0026560424966799467,5.0,3.0
emblematica:E010921,2803,729,0.4146198066650241,0.125,0.25413006639939184,0.0,0.0,0.0027434842249657062,8.5,3.0
emblematica:E010922,2803,216,0.29665137228365324,0.06666666666666667,0.07581604754231897,0.0,0.0,0.0,3.0,3.0
emblematica:E010923,2803,752,0.5802909505042241,0.25,0.26262601336140845,0.0,0.0026595744680851063,0.005319148936170213,7.0,3.0
emblematica:E010924,2803,191,0.32110601298343994,0.043478260869565216,0.07020443216097542,0.0,0.0,0.0,3.0,3.0
emblematica:E010925,2803,228,0.3333333333333333,0.045454545454545456,0.08640214600119456,0.0,0.0,0.0,17.0,4.0
emblematica:E010926,2803,218,0.40245159967423677,0.125,0.0767413443416663,0.0,0.0,0.0045871559633027525,12.0,4.0
emblematica:E010927,2803,1014,0.6771355409331675,1.0,0.37130479965762286,0.0009861932938856016,0.0019723865877712033,0.0039447731755424065,12.0,3.0
emblematica:E010928,2803,780,0.39652557624636714,0.25,0.2769195735146744,0.0,0.001282051282051282,0.001282051282051282,22.0,3.5
emblematica:E010929,2803,60,0.3333333333333333,0.03225806451612903,0.02159928106677634,0.0,0.0,0.0,6.0,3.0
emblematica:E010930,2803,901,0.5838451683954738,0.5,0.32262825509802745,0.0,0.0022197558268590455,0.004439511653718091,18.0,3.0
emblematica:E010931,2803,773,0.41242915318231443,0.1,0.27898170527361205,0.0,0.0,0.00129366106080207,14.0,3.0
emblematica:E010932,2803,798,0.6523727760870984,1.0,0.2905342953409424,0.0012531328320802004,0.002506265664160401,0.006265664160401002,3.5,4.5
emblematica:E010933,2803,790,0.7893454817437576,1.0,0.2966389333839649,0.0012658227848101266,0.005063291139240506,0.007594936708860759,17.0,3.0
emblematica:E010934,2803,754,0.5861728293091563,1.0,0.27536790414741713,0.001326259946949602,0.001326259946949602,0.005305039787798408,9.5,3.0
emblematica:E010935,2803,722,0.44054392950598315,0.3333333333333333,0.2635833713265244,0.0,0.002770083102493075,0.002770083102493075,13.0,3.0
emblematica:E010936,2803,935,0.48317417546358,0.2,0.3421922328546462,0.0,0.0010695187165775401,0.0032085561497326204,18.5,3.5
emblematica:E010937,2803,754,0.408564258750011,0.1111111111111111,0.25610384275341436,0.0,0.0,0.002652519893899204,17.0,4.0
emblematica:E010938,2803,190,0.3607498429213366,0.2,0.06613216270818394,0.0,0.005263157894736842,0.005263157894736842,1.0,3.5
emblematica:E010939,2803,769,0.3191428137263964,0.06666666666666667,0.2697445979206736,0.0,0.0,0.0,15.5,3.5
emblematica:E010940,2803,740,0.5090290072998367,0.25,0.2605393228705978,0.0,0.002702702702702703,0.004054054054054054,6.0,4.0
emblematica:E010941,2803,746,0.604878319727398,0.5,0.28424671282698255,0.0,0.004021447721179625,0.005361930294906166,8.0,3.5
emblematica:E010942,2803,162,0.3574062116077944,0.1,0.054525139318742685,0.0,0.0,0.006172839506172839,1.0,4.0
emblematica:E010943,2803,760,0.5263486588232382,1.0,0.274534014925904,0.0013157894736842105,0.0013157894736842105,0.002631578947368421,2.0,4.0
emblematica:E010944,2803,791,0.6037314213432089,1.0,0.2966231208314442,0.0012642225031605564,0.0025284450063211127,0.0037926675094816687,13.0,4.5
emblematica:E010945,2803,816,0.6217756716746565,0.25,0.30078195550158887,0.0,0.0024509803921568627,0.007352941176470588,21.0,3.0
emblematica:E010946,2803,717,0.4704525064663006,1.0,0.26082495569148023,0.001394700139470014,0.001394700139470014,0.001394700139470014,5.5,3.0
emblematica:E010947,2803,749,0.5564728394479543,0.3333333333333333,0.28434749043678226,0.0,0.0026702269692923898,0.0053404539385847796,7.0,3.0
emblematica:E010948,2803,732,0.4743001860762695,0.16666666666666666,0.2608248208749835,0.0,0.0,0.00273224043715847,5.0,3.5
emblematica:E010949,2803,746,0.5497226496294907,0.2,0.26365630746156776,0.0,0.0013404825737265416,0.004021447721179625,9.5,2.5
emblematica:E010950,2803,748,0.5778671370342086,0.5,0.2705010095949974,0.0,0.00267379679144385,0.0053475935828877,7.0,3.0
emblematica:E010951,2803,715,0.5146096360061889,0.5,0.24512323016282564,0.0,0.0013986013986013986,0.0013986013986013986,2.0,4.0
emblematica:E010952,2803,761,0.705186937174658,0.5,0.28153690716985424,0.0,0.003942181340341655,0.00788436268068331,19.0,4.0
emblematica:E010953,2803,845,0.5857325373593741,1.0,0.30906346620880776,0.001183431952662722,0.002366863905325444,0.0035502958579881655,31.0,3.0
emblematica:E010954,2803,710,0.6698910783386077,1.0,0.25199791139028227,0.0014084507042253522,0.0028169014084507044,0.007042253521126761,1.0,5.0
emblematica:E010955,2803,722,0.559874619698863,0.25,0.2676579429513681,0.0,0.0013850415512465374,0.004155124653739612,3.0,3.0
emblematica:E010956,2803,158,0.35478607153281727,0.1,0.06228873404724717,0.0,0.0,0.006329113924050633,2.0,4.0
emblematica:E010957,2803,711,0.7451759994408316,1.0,0.25897577278838874,0.0014064697609001407,0.005625879043600563,0.007032348804500703,4.0,3.0
emblematica:E010958,2803,721,0.7387202427248798,1.0,0.2708039012300507,0.0013869625520110957,0.004160887656033287,0.006934812760055479,4.0,3.0
emblematica:E010959,2803,720,0.301037754322044,0.09090909090909091,0.23487288876596354,0.0,0.0,0.0,6.0,3.0
emblematica:E010960,2803,230,0.3383533626778501,0.038461538461538464,0.0873674069894205,0.0,0.0,0.0,7.0,4.0
emblematica:E010961,2803,237,0.32110601298343994,0.058823529411764705,0.09210568699166408,0.0,0.0,0.0,5.0,3.5
emblematica:E010962,2803,192,0.3764283557233635,0.16666666666666666,0.07156036388397434,0.0,0.0,0.005208333333333333,3.5,3.5
emblematica:E010963,2803,776,0.6511658010185829,0.5,0.27747444513100006,0.0,0.003865979381443299,0.006443298969072165,10.0,3.0
emblematica:E010964,2803,718,0.42447207701271195,0.25,0.25701621617687953,0.0,0.001392757660167131,0.002785515320334262,1.5,3.5
emblematica:E010965,2803,709,0.449060131764694,0.3333333333333333,0.26879394878193213,0.0,0.0028208744710860366,0.0028208744710860366,1.0,3.0
emblematica:E010966,2803,716,0.5221504715399287,1.0,0.25995918473852175,0.0013966480446927375,0.002793296089385475,0.002793296089385475,7.5,3.0
emblematica:E010967,2803,714,0.4345081273853569,0.16666666666666666,0.2533659700072745,0.0,0.0,0.0028011204481792717,1.0,4.0
emblematica:E010968,2803,921,0.4345081273853569,0.16666666666666666,0.3153673620951951,0.0,0.0,0.002171552660152009,12.5,4.5
emblematica:E010969,2803,936,0.737216803947441,1.0,0.3303614811568948,0.0010683760683760685,0.004273504273504274,0.005341880341880342,29.0,4.0
emblematica:E010970,2803,850,0.3775028156362593,0.1111111111111111,0.30012824607954464,0.0,0.0,0.001176470588235294,21.5,3.5
emblematica:E010971,2803,751,0.4529847367238781,0.3333333333333333,0.28007590059642296,0.0,0.0013315579227696406,0.002663115845539281,11.5,3.5
emblematica:E010972,2803,746,0.4240594810777672,0.3333333333333333,0.25781512653003164,0.0,0.0013404825737265416,0.002680965147453083,2.0,4.0
emblematica:E010973,2803,757,0.44069505854929314,0.25,0.27382999047604967,0.0,0.001321003963011889,0.002642007926023778,11.0,4.0
emblematica:E010974,2803,739,0.4662041557267453,0.125,0.2638535149827149,0.0,0.0,0.0040595399188092015,5.5,3.5
emblematica:E010975,2803,786,0.7294831349666396,0.5,0.28435418213459107,0.0,0.003816793893129771,0.005089058524173028,6.0,4.0
emblematica:E010976,2803,794,0.7143340109643267,1.0,0.29072095454763186,0.0012594458438287153,0.005037783375314861,0.005037783375314861,17.0,4.0
emblematica:E010977,2803,754,0.6210309305652836,1.0,0.276934129637434,0.001326259946949602,0.002652519893899204,0.005305039787798408,11.5,4.0
emblematica:E010978,2803,943,0.5221550109981774,0.3333333333333333,0.3302133915803424,0.0,0.0021208907741251328,0.003181336161187699,7.0,3.0
emblematica:E010979,2803,728,0.36778054277479,0.045454545454545456,0.26945329124767714,0.0,0.0,0.0,2.0,4.0
emblematica:E010980,2803,728,0.3607498429213366,0.2,0.2546110927150422,0.0,0.0013736263736263737,0.0013736263736263737,1.0,4.0
emblematica:E010981,2803,1040,0.7247862412574491,1.0,0.39825064660619136,0.0009615384615384616,0.0019230769230769232,0.0057692307692307696,46.5,3.5
emblematica:E010982,2803,725,0.41326984733309624,0.5,0.259452850453586,0.0,0.001379310344827586,0.001379310344827586,2.0,3.0
emblematica:E010983,2803,854,0.46259025696538303,0.5,0.3215222473941312,0.0,0.00117096018735363,0.00117096018735363,2.0,4.0
emblematica:E010984,2803,719,0.4364046242940488,0.5,0.26032312258805335,0.0,0.0013908205841446453,0.0013908205841446453,2.0,3.0
emblematica:E010985,2803,735,0.5290169333053342,0.3333333333333333,0.2742248659371854,0.0,0.0027210884353741495,0.004081632653061225,2.0,3.0
emblematica:E010986,2803,803,0.5869678693336982,1.0,0.2895726423643632,0.0012453300124533001,0.0012453300124533001,0.0037359900373599006,14.0,3.5
emblematica:E010987,2803,784,0.43900469316065394,0.2,0.2728393029520366,0.0,0.0012755102040816326,0.002551020408163265,5.0,5.0
emblematica:E010988,2803,708,0.558138705312192,0.3333333333333333,0.2547784814434396,0.0,0.002824858757062147,0.005649717514124294,1.0,5.0
emblematica:E010989,2803,970,0.5921500985476691,0.5,0.3602177749715656,0.0,0.003092783505154639,0.004123711340206186,15.0,4.0
emblematica:E010990,2803,217,0.44427317818691436,0.5,0.07436617662236536,0.0,0.004608294930875576,0.009216589861751152,1.0,3.0
emblematica:E010991,2803,753,0.46608211703194113,0.5,0.27213646793916324,0.0,0.0013280212483399733,0.0026560424966799467,11.0,3.0
emblematica:E010992,2803,837,0.48960433994886654,0.25,0.2981427497650163,0.0,0.0011947431302270011,0.0023894862604540022,14.0,4.0
emblematica:E010993,2803,1010,0.655963095880625,1.0,0.36639507247905106,0.0009900990099009901,0.0019801980198019802,0.0039603960396039604,14.0,4.0
emblematica:E010994,2803,153,0.4011760701448276,0.3333333333333333,0.05539899315517721,0.0,0.006535947712418301,0.006535947712418301,4.0,4.0
emblematica:E010995,2803,448,0.3842982558964738,0.25,0.15679174964511983,0.0,0.002232142857142857,0.002232142857142857,13.0,3.5
emblematica:E010996,2803,773,0.7151703364880824,1.0,0.2730574875507571,0.00129366106080207,0.0038809831824062097,0.00646830530401035,10.0,3.0
emblematica:E010997,2803,793,0.43638289305226546,0.2,0.28691012633486596,0.0,0.0012610340479192938,0.0025220680958385876,8.0,3.5
emblematica:E010998,2803,933,0.5353880201199217,0.5,0.33648454186966953,0.0,0.0021436227224008574,0.003215434083601286,8.5,3.5
emblematica:E010999,2803,231,0.40276455527011057,0.125,0.07824951331146106,0.0,0.0,0.004329004329004329,8.0,3.0
emblematica:E011000,2803,732,0.48974513102642037,0.1111111111111111,0.2654919039402442,0.0,0.0,0.00273224043715847,3.0,3.0
emblematica:E011001,2803,312,0.3900954117610806,0.2,0.10959142084663967,0.0,0.003205128205128205,0.003205128205128205,12.5,3.0
emblematica:E011002,2803,767,0.6907156957882956,1.0,0.2879115240322796,0.001303780964797914,0.002607561929595828,0.00651890482398957,12.5,3.0
emblematica:E011003,2803,717,0.6430623892262904,1.0,0.26444913317765745,0.001394700139470014,0.002789400278940028,0.005578800557880056,2.0,3.0
emblematica:E011004,2803,212,0.3275473981719352,0.043478260869565216,0.0731238383236199,0.0,0.0,0.0,6.5,3.5
emblematica:E011005,2803,731,0.5208441109439831,0.25,0.2547844077173381,0.0,0.0013679890560875513,0.004103967168262654,2.5,3.0
emblematica:E011006,2803,713,0.5302813589858211,1.0,0.2629614890459785,0.001402524544179523,0.002805049088359046,0.002805049088359046,2.5,3.5
emblematica:E011007,2803,714,0.42203467342381923,0.125,0.24894272022339597,0.0,0.0,0.0028011204481792717,2.0,4.0
emblematica:E011008,2803,726,0.5256204887445154,1.0,0.24608606507584552,0.0013774104683195593,0.0027548209366391185,0.0027548209366391185,4.0,3.0
emblematica:E011009,2803,735,0.5099932258948814,0.25,0.2747261404983602,0.0,0.0013605442176870747,0.005442176870748299,5.0,3.0
emblematica:E011010,2803,189,0.3690200438763991,0.1111111111111111,0.06620266551336285,0.0,0.0,0.005291005291005291,6.5,3.0
emblematica:E011011,2803,724,0.5385136213484399,0.3333333333333333,0.2566153451292741,0.0,0.0027624309392265192,0.004143646408839779,5.0,3.0
emblematica:E011012,2803,203,0.36698236604191137,0.125,0.06901130226744893,0.0,0.0,0.0049261083743842365,5.5,3.5
emblematica:E011013,2803,321,0.5545542368376701,1.0,0.12759712780930446,0.003115264797507788,0.003115264797507788,0.009345794392523364,12.0,4.0
emblematica:E011014,2803,275,0.3900954117610806,0.2,0.10045988121184565,0.0,0.0036363636363636364,0.0036363636363636364,1.5,3.0
emblematica:E011015,2803,876,0.5842837114006179,0.25,0.32566488938100624,0.0,0.001141552511415525,0.005707762557077625,19.0,3.0
emblematica:E011016,2803,810,0.3781845957215271,0.25,0.2865886045597146,0.0,0.0012345679012345679,0.0012345679012345679,31.0,4.0
emblematica:E011017,2803,728,0.5906772396216228,0.5,0.2652327365084938,0.0,0.0027472527472527475,0.005494505494505495,3.5,3.5
emblematica:E011018,2803,777,0.4556065368322667,0.3333333333333333,0.2699236505242525,0.0,0.001287001287001287,0.002574002574002574,11.5,3.5
emblematica:E011019,2803,715,0.4467354477352502,0.3333333333333333,0.2591482954731479,0.0,0.0013986013986013986,0.002797202797202797,1.0,4.0
emblematica:E011020,2803,744,0.5347706486852271,1.0,0.2643859142814882,0.0013440860215053765,0.002688172043010753,0.002688172043010753,9.0,3.0
emblematica:E011021,2803,962,0.575279434828884,1.0,0.33788671840646894,0.0010395010395010396,0.002079002079002079,0.0031185031185031187,12.0,4.0
emblematica:E011022,2803,906,0.6696476039795053,1.0,0.3379231958583912,0.0011037527593818985,0.002207505518763797,0.004415011037527594,26.5,3.5
emblematica:E011023,2803,803,0.5353880201199217,0.5,0.2981977465108094,0.0,0.0024906600249066002,0.0037359900373599006,10.0,3.5
emblematica:E011024,2803,714,0.3212150879621044,0.08333333333333333,0.24973969267580096,0.0,0.0,0.0,2.5,3.0
emblematica:E011025,2803,745,0.5785434360455612,0.5,0.26491711112561167,0.0,0.0026845637583892616,0.005369127516778523,11.0,4.0
emblematica:E011026,2803,742,0.5876535327723719,0.5,0.26372914459308133,0.0,0.0026954177897574125,0.004043126684636119,6.0,3.0
emblematica:E011027,2803,716,0.6355051174666986,1.0,0.2607174755753641,0.0013966480446927375,0.002793296089385475,0.004189944134078212,3.0,3.0
emblematica:E011028,2803,298,0.3175352726050748,0.043478260869565216,0.10601924248896498,0.0,0.0,0.0,7.0,4.0
emblematica:E011029,2803,396,0.5429679182796978,0.5,0.1431071696515184,0.0,0.005050505050505051,0.005050505050505051,1.0,3.5
emblematica:E011030,2803,219,0.4160708835146656,0.3333333333333333,0.0840302390214151,0.0,0.0091324200913242,0.0091324200913242,8.5,3.0
emblematica:E011031,2803,156,0.31499235280849325,0.025,0.053335716397558686,0.0,0.0,0.0,2.0,3.5
emblematica:E011032,2803,266,0.3217614630105371,0.030303030303030304,0.08846151464115105,0.0,0.0,0.0,5.0,3.0
emblematica:E011033,2803,744,0.4471739944991678,0.25,0.2618062591995797,0.0,0.002688172043010753,0.002688172043010753,9.0,3.0
emblematica:E011034,2803,742,0.3333333333333333,0.08333333333333333,0.27049615407882255,0.0,0.0,0.0,7.0,3.0
emblematica:E011035,2803,760,0.5687625176225394,1.0,0.2680774638885689,0.0013157894736842105,0.0013157894736842105,0.003947368421052632,6.0,4.0
emblematica:E011036,2803,751,0.6222179801074132,1.0,0.28179292366699693,0.0013315579227696406,0.0039946737683089215,0.0039946737683089215,13.5,3.5
emblematica:E011037,2803,724,0.604073517884214,1.0,0.2614163097278363,0.0013812154696132596,0.0027624309392265192,0.004143646408839779,3.5,3.5
emblematica:E011038,2803,957,0.5262863009985466,0.3333333333333333,0.33952365999518114,0.0,0.0020898641588296763,0.003134796238244514,41.5,4.0
emblematica:E011039,2803,756,0.6131315269992894,1.0,0.2680264487013741,0.0013227513227513227,0.0026455026455026454,0.003968253968253968,4.0,3.0
emblematica:E011040,2803,716,0.661017454871732,0.5,0.2552204328007269,0.0,0.004189944134078212,0.006983240223463687,7.0,3.0
emblematica:E011041,2803,153,0.2864832077165024,0.07692307692307693,0.055499299713401354,0.0,0.0,0.0,2.5,4.0
emblematica:E011042,2803,762,0.5245306774949217,0.3333333333333333,0.2678152149942713,0.0,0.0026246719160104987,0.003937007874015748,12.0,3.0
emblematica:E011043,2803,325,0.5224750363313545,1.0,0.12725924593387822,0.003076923076923077,0.003076923076923077,0.006153846153846154,10.0,4.0
emblematica:E011044,2803,735,0.557443940052024,1.0,0.25782795516785684,0.0013605442176870747,0.0027210884353741495,0.0027210884353741495,1.5,3.0
emblematica:E011045,2803,834,0.5699415714108741,1.0,0.28273781044080126,0.001199040767386091,0.001199040767386091,0.002398081534772182,17.0,4.0
emblematica:E011046,2803,804,0.41991667443556047,0.1111111111111111,0.286498529205249,0.0,0.0,0.0024875621890547263,16.0,3.0
emblematica:E011047,2803,744,0.4770461644593148,0.5,0.26629414389311284,0.0,0.002688172043010753,0.002688172043010753,8.0,3.0
emblematica:E011048,2803,977,0.42976832828870953,0.16666666666666666,0.34968513280204255,0.0,0.0,0.0020470829068577278,11.0,4.0
emblematica:E011049,2803,827,0.4886484057047156,0.2,0.2890067789564569,0.0,0.0012091898428053204,0.0036275695284159614,20.0,4.0
emblematica:E011050,2803,735,0.4173007201325186,0.3333333333333333,0.2674745345716263,0.0,0.0013605442176870747,0.0013605442176870747,10.5,3.0
emblematica:E011051,2803,926,0.47218218708801074,0.16666666666666666,0.3391785699576441,0.0,0.0,0.0032397408207343412,10.0,3.0
emblematica:E011052,2803,735,0.3333333333333333,0.08333333333333333,0.2626308803571175,0.0,0.0,0.0,1.0,4.0
emblematica:E011053,2803,727,0.5509670322644432,0.5,0.2516103696474285,0.0,0.002751031636863824,0.0041265474552957355,7.0,3.0
emblematica:E011054,2803,787,0.44236092441353086,0.2,0.2749181513652102,0.0,0.0012706480304955528,0.0025412960609911056,10.5,3.5
emblematica:E011055,2803,770,0.5255580151810427,0.5,0.2813813460891202,0.0,0.0012987012987012987,0.003896103896103896,12.5,3.0
emblematica:E011056,2803,1010,0.9432379215722525,1.0,0.3710825759083491,0.0009900990099009901,0.0039603960396039604,0.00891089108910891,27.5,4.0
emblematica:E011057,2803,737,0.5632366461319828,0.3333333333333333,0.27755730603688517,0.0,0.0027137042062415195,0.005427408412483039,7.0,4.0
emblematica:E011058,2803,760,0.3916933352431961,0.1111111111111111,0.27432706248838606,0.0,0.0,0.0013157894736842105,15.0,3.0
emblematica:E011059,2803,752,0.4332235848841012,0.5,0.2708211868004716,0.0,0.0013297872340425532,0.0013297872340425532,10.5,3.5
emblematica:E011060,2803,870,0.40971716690585747,0.16666666666666666,0.3191898335797992,0.0,0.0,0.0022988505747126436,11.0,3.0
emblematica:E011061,2803,755,0.5522707781807403,0.5,0.2723300160790147,0.0,0.0013245033112582781,0.005298013245033113,4.0,4.0
emblematica:E011062,2803,765,0.38224261473290666,0.14285714285714285,0.27528398098576456,0.0,0.0,0.00130718954248366,13.0,3.5
emblematica:E011063,2803,50,0.3175352726050748,0.045454545454545456,0.018623828089551965,0.0,0.0,0.0,3.0,3.5
emblematica:E011064,2803,801,0.3898976900649109,0.125,0.2972299110638805,0.0,0.0,0.0012484394506866417,15.0,3.5
emblematica:E011065,2803,866,0.5989519563622412,0.3333333333333333,0.3060046727917439,0.0,0.0023094688221709007,0.005773672055427252,25.5,3.5
emblematica:E011066,2803,759,0.8169680738235193,1.0,0.2909334574893293,0.0013175230566534915,0.005270092226613966,0.00922266139657444,4.0,3.0
emblematica:E011067,2803,815,0.5905953582139375,0.3333333333333333,0.30576953061236917,0.0,0.001226993865030675,0.0036809815950920245,2.0,3.0
emblematica:E011068,2803,725,0.41991667443556047,0.1111111111111111,0.26855418028687245,0.0,0.0,0.001379310344827586,7.0,3.0
emblematica:E011069,2803,723,0.4812692364066353,0.25,0.2527138094188048,0.0,0.0013831258644536654,0.004149377593360996,1.0,3.0
emblematica:E011070,2803,216,0.392846079432732,0.14285714285714285,0.08499910413093244,0.0,0.0,0.004629629629629629,9.0,3.0
emblematica:E011071,2803,722,0.5624644609280969,0.5,0.27325359571901287,0.0,0.004155124653739612,0.004155124653739612,10.0,3.0
emblematica:E011072,2803,912,0.5434417003179891,0.5,0.33173218039750335,0.0,0.0021929824561403508,0.003289473684210526,18.0,4.0
emblematica:E011073,2803,744,0.5138116976680297,1.0,0.2530983588112327,0.0013440860215053765,0.0013440860215053765,0.002688172043010753,7.0,3.0
emblematica:E011074,2803,713,0.6150552437566633,1.0,0.25652775644468495,0.001402524544179523,0.001402524544179523,0.005610098176718092,3.0,4.0
emblematica:E011075,2803,764,0.4847134118089092,0.3333333333333333,0.2542990883570296,0.0,0.002617801047120419,0.003926701570680628,1.0,3.0
emblematica:E011076,2803,714,0.6241552497566291,0.5,0.2729477031554,0.0,0.0056022408963585435,0.0056022408963585435,2.0,3.0
emblematica:E011077,2803,711,0.3818311056220234,0.1111111111111111,0.2617535806977634,0.0,0.0,0.0014064697609001407,3.0,3.5
emblematica:E011078,2803,760,0.4662041557267453,0.125,0.2725660982555495,0.0,0.0,0.003947368421052632,15.5,3.0
emblematica:E011079,2803,172,0.3219809176477838,0.07692307692307693,0.07040331260385596,0.0,0.0,0.0,1.0,4.5
emblematica:E011080,2803,747,0.5270249578345909,1.0,0.27954203482609946,0.0013386880856760374,0.0013386880856760374,0.002677376171352075,28.0,3.0
emblematica:E011081,2803,733,0.6524692913981867,0.5,0.26630388615295186,0.0,0.004092769440654843,0.0068212824010914054,10.0,3.0
emblematica:E011082,2803,755,0.43250927056038174,0.2,0.26802429997253985,0.0,0.0013245033112582781,0.0026490066225165563,10.0,4.0
emblematica:E011083,2803,764,0.5432534204450873,1.0,0.26881191226881945,0.0013089005235602095,0.002617801047120419,0.002617801047120419,25.0,3.0
emblematica:E011084,2803,868,0.5927162574924904,0.5,0.306349562759671,0.0,0.0034562211981566822,0.0034562211981566822,20.5,4.5
emblematica:E011085,2803,927,0.825467129653963,1.0,0.35314674312842903,0.0010787486515641855,0.005393743257820928,0.006472491909385114,9.0,3.0
emblematica:E011086,2803,196,0.48006117753205335,0.038461538461538464,0.062114443442112116,0.0,0.0,0.0,11.0,4.0
emblematica:E011087,2803,758,0.7151703364880824,1.0,0.26465870458964247,0.0013192612137203166,0.00395778364116095,0.006596306068601583,11.0,3.0
emblematica:E011088,2803,764,0.7233906476447814,1.0,0.2836326638829627,0.0013089005235602095,0.003926701570680628,0.006544502617801047,14.0,3.0
emblematica:E011089,2803,768,0.37531960274493886,0.25,0.27990738881965194,0.0,0.0013020833333333333,0.0013020833333333333,25.0,3.0
emblematica:E011090,2803,814,0.5398709957763417,0.25,0.29055743875212753,0.0,0.002457002457002457,0.004914004914004914,17.5,4.0
emblematica:E011091,2803,836,0.5885226096674295,0.25,0.31072492456415185,0.0,0.0023923444976076554,0.004784688995215311,12.5,3.5
emblematica:E011092,2803,743,0.6438617156150023,1.0,0.27428954766689695,0.0013458950201884253,0.0026917900403768506,0.005383580080753701,1.0,4.0
emblematica:E011093,2803,880,0.43188632727696835,0.16666666666666666,0.3211799271804116,0.0,0.0,0.0022727272727272726,3.0,3.0
emblematica:E011094,2803,739,0.3938694445342766,0.14285714285714285,0.2562528734966401,0.0,0.0,0.0027063599458728013,9.5,4.5
emblematica:E011095,2803,724,0.6168056224173492,1.0,0.2649778932069024,0.0013812154696132596,0.0027624309392265192,0.004143646408839779,3.5,3.0
emblematica:E011096,2803,751,0.45261170235813286,0.5,0.27671174399021836,0.0,0.0013315579227696406,0.002663115845539281,10.0,3.5
emblematica:E011097,2803,742,0.5958389584307145,1.0,0.2640595470665481,0.0013477088948787063,0.0026954177897574125,0.004043126684636119,17.0,4.0
emblematica:E011098,2803,820,0.6792702327873297,1.0,0.28625406772586265,0.0012195121951219512,0.003658536585365854,0.004878048780487805,20.0,3.0
emblematica:E011099,2803,724,0.5931793918410421,0.3333333333333333,0.25760584339025305,0.0,0.0013812154696132596,0.0027624309392265192,5.0,3.0
emblematica:E011100,2803,213,0.37962081462451813,0.125,0.07338325691720916,0.0,0.0,0.004694835680751174,7.0,4.0
emblematica:E011101,2803,715,0.35457852962791364,0.1111111111111111,0.265433527908567,0.0,0.0,0.0013986013986013986,4.0,4.0
emblematica:E011102,2803,712,0.5791993482778178,1.0,0.26411356067195235,0.0014044943820224719,0.0028089887640449437,0.004213483146067416,2.5,3.5
emblematica:E011103,2803,759,0.4095648244212945,0.25,0.2754420601300831,0.0,0.0013175230566534915,0.0013175230566534915,13.0,3.0
emblematica:E011104,2803,951,0.4886484057047156,0.16666666666666666,0.33902207814024693,0.0,0.0,0.002103049421661409,27.0,4.0
emblematica:E011105,2803,743,0.4369520858860803,0.25,0.26200280437841555,0.0,0.0013458950201884253,0.0026917900403768506,13.0,3.5
emblematica:E011106,2803,736,0.5975945819343395,1.0,0.26671004163108664,0.001358695652173913,0.002717391304347826,0.004076086956521739,6.0,4.0
emblematica:E011107,2803,773,0.5690654355727757,0.3333333333333333,0.2675284613697424,0.0,0.0038809831824062097,0.00517464424320828,14.0,3.0
emblematica:E011108,2803,714,0.5427521322731602,1.0,0.25476275221063216,0.0014005602240896359,0.0014005602240896359,0.0028011204481792717,2.0,3.0
emblematica:E011109,2803,233,0.32543430296920406,0.045454545454545456,0.08365024844970582,0.0,0.0,0.0,6.0,4.0
emblematica:E011110,2803,180,0.3333333333333333,0.07692307692307693,0.06763980316942703,0.0,0.0,0.0,5.5,3.5
emblematica:E011111,2803,965,0.8501591578697532,1.0,0.367707345480236,0.0010362694300518134,0.004145077720207254,0.007253886010362694,16.0,4.0
emblematica:E011112,2803,725,0.5168849799176455,1.0,0.2659928681637586,0.001379310344827586,0.001379310344827586,0.002758620689655172,13.0,3.0
emblematica:E011113,2803,733,0.3643570099658009,0.14285714285714285,0.26531604959029925,0.0,0.0,0.001364256480218281,6.0,4.0
emblematica:E011114,2803,784,0.3455606536832266,0.05555555555555555,0.27187848384657665,0.0,0.0,0.0,13.5,3.5
emblematica:E011115,2803,180,0.32449943687274807,0.01694915254237288,0.06361231636318158,0.0,0.0,0.0,4.0,4.0
emblematica:E011116,2803,719,0.4688259558351338,0.14285714285714285,0.2543111566075934,0.0,0.0,0.004172461752433936,4.5,3.0
emblematica:E011117,2803,732,0.47269957832701753,0.14285714285714285,0.2500760496834545,0.0,0.0,0.004098360655737705,3.0,5.0
emblematica:E011118,2803,735,0.484774783212832,0.2,0.25605851952656833,0.0,0.0013605442176870747,0.004081632653061225,7.0,3.5
emblematica:E011119,2803,840,0.3980406754611651,0.14285714285714285,0.2992245077928572,0.0,0.0,0.0011904761904761906,4.5,3.0
emblematica:E011120,2803,844,0.4011377823368121,0.2,0.3025061301601981,0.0,0.001184834123222749,0.001184834123222749,17.0,3.0
emblematica:E011121,2803,723,0.6101871780591608,1.0,0.24162846561722942,0.0013831258644536654,0.0027662517289073307,0.0027662517289073307,5.0,4.0
emblematica:E011122,2803,730,0.46832215471500416,0.5,0.25525551332878216,0.0,0.0013698630136986301,0.0027397260273972603,2.0,3.0
emblematica:E011123,2803,713,0.3175352726050748,0.08333333333333333,0.24505468037179456,0.0,0.0,0.0,1.0,4.0
emblematica:E011124,2803,736,0.48784871644524164,0.14285714285714285,0.2557332836945561,0.0,0.0,0.002717391304347826,6.0,3.0
emblematica:E011125,2803,808,0.5336840646124053,0.2,0.2886364854890044,0.0,0.0012376237623762376,0.0049504950495049506,17.5,5.0
emblematica:E011126,2803,778,0.5498515171927535,0.25,0.2786270142585218,0.0,0.0012853470437017994,0.0038560411311053984,10.5,3.5
emblematica:E011127,2803,922,0.49498612828347854,0.16666666666666666,0.3183115112187605,0.0,0.0,0.0032537960954446853,8.0,3.0
emblematica:E011128,2803,745,0.38559884598578353,0.16666666666666666,0.25737445871734194,0.0,0.0,0.0013422818791946308,3.0,3.0
emblematica:E011129,2803,156,0.35647707397892575,0.05,0.05759246533467556,0.0,0.0,0.0,2.5,4.0
emblematica:E011130,2803,161,0.40669725543269336,0.3333333333333333,0.06074200452137839,0.0,0.006211180124223602,0.006211180124223602,4.5,4.0
emblematica:E011131,2803,757,0.3812743730762464,0.16666666666666666,0.2739633466196137,0.0,0.0,0.001321003963011889,16.5,3.0
emblematica:E011132,2803,743,0.4361773613877035,0.25,0.27306084320181284,0.0,0.0013458950201884253,0.0026917900403768506,2.0,3.0
emblematica:E011133,2803,191,0.3455606536832266,0.14285714285714285,0.06786311472073991,0.0,0.0,0.005235602094240838,6.0,4.0
emblematica:E011134,2803,737,0.5398709957763417,0.25,0.24960034217507734,0.0,0.0027137042062415195,0.005427408412483039,7.5,3.5
emblematica:E011135,2803,714,0.6345765606439618,1.0,0.279301688613399,0.0014005602240896359,0.0028011204481792717,0.0056022408963585435,2.0,3.0
emblematica:E011136,2803,728,0.3652940896021444,0.1,0.265422370313499,0.0,0.0,0.0013736263736263737,3.0,3.0
emblematica:E011137,2803,741,0.5677442255536969,0.2,0.2657476420583399,0.0,0.001349527665317139,0.005398110661268556,11.0,4.0
emblematica:E011138,2803,60,0.31991311768133834,0.07692307692307693,0.021602864086623697,0.0,0.0,0.0,6.5,3.5
emblematica:E011139,2803,813,0.7088134429917855,1.0,0.3041997192835914,0.0012300123001230013,0.0036900369003690036,0.006150061500615006,18.0,3.0
emblematica:E011140,2803,728,0.44432815675235,0.14285714285714285,0.25438592300560087,0.0,0.0,0.0027472527472527475,6.0,3.0
emblematica:E011141,2803,722,0.5726361401144231,1.0,0.25147776981832703,0.0013850415512465374,0.002770083102493075,0.002770083102493075,1.0,3.0
emblematica:E011142,2803,43,0.30081356888325694,0.020833333333333332,0.015515156496708649,0.0,0.0,0.0,2.0,4.0
emblematica:E011143,2803,784,0.5359541790647431,0.5,0.2861455677255936,0.0,0.002551020408163265,0.002551020408163265,9.0,3.0
emblematica:E011144,2803,790,0.37962081462451813,0.125,0.2905195603745984,0.0,0.0,0.0012658227848101266,14.5,3.0
emblematica:E011145,2803,756,0.4297224758309241,0.2,0.2616271121918878,0.0,0.0013227513227513227,0.0026455026455026454,3.0,3.0
emblematica:E011146,2803,161,0.5379041967617495,1.0,0.07246019937350301,0.006211180124223602,0.006211180124223602,0.018633540372670808,3.5,4.5
emblematica:E011147,2803,64,0.32110601298343994,0.018518518518518517,0.021059278912810515,0.0,0.0,0.0,2.5,4.0
emblematica:E011148,2803,721,0.6797468134929435,1.0,0.2595270327462061,0.0013869625520110957,0.0027739251040221915,0.006934812760055479,1.5,3.0
emblematica:E011149,2803,782,0.5267213309776313,0.25,0.2885489385037679,0.0,0.0012787723785166241,0.005115089514066497,2.0,3.0
emblematica:E011150,2803,718,0.42433190874078197,0.2,0.2533771487560243,0.0,0.001392757660167131,0.002785515320334262,1.0,3.0
emblematica:E011151,2803,722,0.38722270163585154,0.16666666666666666,0.26309147484112466,0.0,0.0,0.0013850415512465374,5.0,3.0
emblematica:E011152,2803,754,0.5073575508553334,0.16666666666666666,0.26459731099679196,0.0,0.0,0.003978779840848806,3.0,3.5
emblematica:E011153,2803,732,0.4875241516538158,0.25,0.2740294666793945,0.0,0.00273224043715847,0.004098360655737705,6.0,3.0
emblematica:E011154,2803,762,0.7623388385088169,1.0,0.28253043280306284,0.0013123359580052493,0.003937007874015748,0.007874015748031496,8.0,3.0
emblematica:E011155,2803,741,0.4927796957050848,0.2,0.28043326887595726,0.0,0.001349527665317139,0.004048582995951417,6.0,3.0
emblematica:E011156,2803,820,0.7603511168856767,1.0,0.3086699981407711,0.0012195121951219512,0.0024390243902439024,0.004878048780487805,37.5,3.5
emblematica:E011157,2803,797,0.5370921269275227,1.0,0.28408937638302184,0.0012547051442910915,0.002509410288582183,0.002509410288582183,18.0,3.0
emblematica:E011158,2803,798,0.4781738085681532,0.5,0.27314018434177206,0.0,0.0012531328320802004,0.002506265664160401,7.0,3.5
emblematica:E011159,2803,856,0.46208751139371984,0.5,0.28511003948649505,0.0,0.0011682242990654205,0.0035046728971962616,5.5,3.0
emblematica:E011160,2803,761,0.43622519303075613,0.125,0.264852350371113,0.0,0.0,0.002628120893561104,12.0,3.0
emblematica:E011161,2803,716,0.6629048238356321,1.0,0.26506043490180486,0.0013966480446927375,0.004189944134078212,0.00558659217877095,2.5,3.5
emblematica:E011162,2803,771,0.5937480220297845,0.5,0.28679779258058385,0.0,0.0025940337224383916,0.005188067444876783,14.0,3.0
emblematica:E011163,2803,922,0.5613691454698168,1.0,0.33353904091487707,0.0010845986984815619,0.0021691973969631237,0.0032537960954446853,5.0,3.0
emblematica:E011164,2803,722,0.5328178880076417,0.2,0.25164121274945933,0.0,0.0013850415512465374,0.00554016620498615,6.0,4.0
emblematica:E011165,2803,35,0.3333333333333333,0.004975124378109453,0.010844279728423646,0.0,0.0,0.0,2.0,4.0
emblematica:E011166,2803,728,0.6384566008591107,0.5,0.2747436783478981,0.0,0.0027472527472527475,0.006868131868131868,2.0,3.0
emblematica:E011167,2803,756,0.5221550109981774,0.3333333333333333,0.26121595969036615,0.0,0.0026455026455026454,0.003968253968253968,15.0,3.0
emblematica:E011168,2803,799,0.40659387302671446,0.5,0.27963428283727976,0.0,0.0012515644555694619,0.0012515644555694619,23.0,4.0
emblematica:E011169,2803,788,0.5021969360736879,0.25,0.2798662384063326,0.0,0.0025380710659898475,0.0038071065989847717,12.0,3.0
emblematica:E011170,2803,746,0.43900469316065394,0.2,0.2720041784955247,0.0,0.0013404825737265416,0.002680965147453083,12.0,3.0
emblematica:E011171,2803,66,0.32026695517022075,0.006802721088435374,0.02061845520106879,0.0,0.0,0.0,3.5,4.0
emblematica:E011172,2803,728,0.46042312435087485,0.5,0.25997185103370174,0.0,0.0013736263736263737,0.0027472527472527475,2.0,3.5
emblematica:E011173,2803,802,0.6279493925834142,0.5,0.2869169168971371,0.0,0.0024937655860349127,0.006234413965087282,6.0,3.0
emblematica:E011174,2803,769,0.43638289305226546,0.2,0.2650492031858137,0.0,0.0013003901170351106,0.002600780234070221,17.0,3.5
emblematica:E011175,2803,719,0.6690711350697994,1.0,0.2666213117528833,0.0013908205841446453,0.0027816411682892906,0.005563282336578581,2.5,4.0
emblematica:E011176,2803,844,0.4826703743434503,0.5,0.3041097815337318,0.0,0.002369668246445498,0.002369668246445498,23.5,3.5
emblematica:E011177,2803,730,0.44281305753755196,0.25,0.2633863168032133,0.0,0.0013698630136986301,0.0027397260273972603,6.0,4.0
emblematica:E011178,2803,743,0.3709790143638002,0.16666666666666666,0.2822219160020172,0.0,0.0,0.0013458950201884253,9.5,3.0
emblematica:E011179,2803,720,0.47879675185156656,0.2,0.2568370898440848,0.0,0.001388888888888889,0.004166666666666667,3.0,5.0
emblematica:E011180,2803,753,0.7466677749916845,1.0,0.2900325113466392,0.0013280212483399733,0.00398406374501992,0.006640106241699867,14.0,3.5
emblematica:E011181,2803,736,0.5829530372294762,1.0,0.24909867433623786,0.001358695652173913,0.001358695652173913,0.002717391304347826,4.0,3.0
emblematica:E011182,2803,742,0.5221550109981774,0.3333333333333333,0.26775550148450555,0.0,0.0026954177897574125,0.004043126684636119,4.0,4.0
emblematica:E011183,2803,173,0.3217614630105371,0.019230769230769232,0.06024027765313582,0.0,0.0,0.0,8.0,3.0
emblematica:E011184,2803,717,0.7322633779828331,1.0,0.2640336894060081,0.001394700139470014,0.0041841004184100415,0.00697350069735007,2.5,3.5
emblematica:E011185,2803,726,0.5905953582139375,0.5,0.26926404102994933,0.0,0.0027548209366391185,0.005509641873278237,4.0,4.0
emblematica:E011186,2803,227,0.3333333333333333,0.07142857142857142,0.08052232461168984,0.0,0.0,0.0,15.0,4.0
emblematica:E011187,2803,751,0.5975945819343395,1.0,0.2785436963636615,0.0013315579227696406,0.002663115845539281,0.0039946737683089215,7.0,4.0
emblematica:E011188,2803,805,0.6450863968136714,0.2,0.2852308999229621,0.0,0.0012422360248447205,0.0037267080745341614,3.0,3.0
emblematica:E011189,2803,937,0.5293963986397792,0.25,0.3210484859464397,0.0,0.0010672358591248667,0.004268943436499467,7.5,3.0
emblematica:E011190,2803,711,0.4491111142319945,0.3333333333333333,0.24409859608266096,0.0,0.0014064697609001407,0.0028129395218002813,1.0,4.0
emblematica:E011191,2803,713,0.3123722127335161,0.09090909090909091,0.25010253815980044,0.0,0.0,0.0,2.5,4.0
emblematica:E011192,2803,733,0.6889051188362223,0.5,0.28387616113442243,0.0,0.004092769440654843,0.008185538881309686,4.0,4.0
emblematica:E011193,2803,972,0.6615212559918616,0.3333333333333333,0.34545643661724773,0.0,0.00205761316872428,0.0051440329218107,53.5,3.0
emblematica:E011194,2803,739,0.6407179281725147,1.0,0.25667237728496994,0.0013531799729364006,0.0027063599458728013,0.005412719891745603,10.0,3.0
emblematica:E011195,2803,184,0.3872680799881301,0.25,0.06368448936499493,0.0,0.005434782608695652,0.005434782608695652,2.0,3.0
emblematica:E011196,2803,722,0.3713891554613126,0.1111111111111111,0.26018336205210996,0.0,0.0,0.0013850415512465374,3.5,3.5
emblematica:E011197,2803,756,0.4345081273853569,0.16666666666666666,0.26898831730991263,0.0,0.0,0.0026455026455026454,26.5,3.5
emblematica:E011198,2803,788,0.48849385650745425,0.16666666666666666,0.289105106210891,0.0,0.0,0.0038071065989847717,19.5,3.5
emblematica:E011199,2803,1124,0.5646341279124643,0.3333333333333333,0.4050567085167774,0.0,0.0017793594306049821,0.0035587188612099642,8.0,4.0
emblematica:E011200,2803,728,0.44739089776234736,0.3333333333333333,0.2568880843491147,0.0,0.0013736263736263737,0.0027472527472527475,7.5,3.0
emblematica:E011201,2803,732,0.44281305753755196,0.25,0.26491312823758145,0.0,0.001366120218579235,0.00273224043715847,9.0,3.0
emblematica:E011202,2803,737,0.5797108967973932,1.0,0.27098112954095865,0.0013568521031207597,0.0013568521031207597,0.004070556309362279,3.0,3.0
emblematica:E011203,2803,753,0.44511159208518214,0.16666666666666666,0.2642174706404956,0.0,0.0,0.0026560424966799467,15.0,3.0
emblematica:E011204,2803,720,0.514478567516213,0.2,0.26602167195834575,0.0,0.001388888888888889,0.005555555555555556,4.0,3.0
emblematica:E011205,2803,754,0.40464873734774204,0.3333333333333333,0.256426335556021,0.0,0.001326259946949602,0.001326259946949602,6.0,3.0
emblematica:E011206,2803,880,0.32803160098342066,0.08333333333333333,0.29716886531519016,0.0,0.0,0.0,17.0,4.0
emblematica:E011207,2803,773,0.5934700531843888,1.0,0.28150239083687467,0.00129366106080207,0.0038809831824062097,0.0038809831824062097,12.0,3.0
emblematica:E011208,2803,765,0.5642890579274595,1.0,0.28016983775476406,0.00130718954248366,0.00130718954248366,0.00392156862745098,13.5,3.5
emblematica:E011209,2803,757,0.38965650588517436,0.2,0.2753776720891248,0.0,0.001321003963011889,0.001321003963011889,12.5,3.0
emblematica:E011210,2803,722,0.37574719213263447,0.1,0.2481780888645386,0.0,0.0,0.0013850415512465374,5.0,3.0
emblematica:E011211,2803,822,0.38120802712808005,0.047619047619047616,0.28905234082689746,0.0,0.0,0.0,7.0,3.0
emblematica:E011212,2803,750,0.5263486588232382,1.0,0.26052142668878603,0.0013333333333333333,0.0013333333333333333,0.0026666666666666666,3.5,3.0
emblematica:E011213,2803,785,0.5289704589316268,1.0,0.27628710852429833,0.0012738853503184713,0.0012738853503184713,0.0025477707006369425,12.5,3.5
emblematica:E011214,2803,727,0.44236092441353086,0.2,0.2629046677839009,0.0,0.001375515818431912,0.002751031636863824,5.0,5.0
emblematica:E011215,2803,714,0.4820627812838435,0.25,0.2501239674407204,0.0,0.0014005602240896359,0.004201680672268907,2.0,4.0
emblematica:E011216,2803,209,0.32195064735756224,0.125,0.07420135787184862,0.0,0.0,0.004784688995215311,1.5,3.0
emblematica:E011217,2803,709,0.5157620391493222,1.0,0.249301806848754,0.0014104372355430183,0.0028208744710860366,0.0028208744710860366,1.0,3.0
emblematica:E011218,2803,712,0.4589627680851436,0.16666666666666666,0.24015556288021106,0.0,0.0,0.0014044943820224719,1.0,3.5
emblematica:E011219,2803,747,0.4793645252907356,0.5,0.2646715314129339,0.0,0.0013386880856760374,0.002677376171352075,12.5,4.0
emblematica:E011220,2803,751,0.6176717990221128,1.0,0.2803411671065521,0.0013315579227696406,0.0013315579227696406,0.005326231691078562,11.0,4.0
emblematica:E011221,2803,709,0.3775028156362593,0.1111111111111111,0.2564606955823588,0.0,0.0,0.0014104372355430183,1.0,3.0
emblematica:E011222,2803,722,0.5726361401144231,1.0,0.27248659524121144,0.0013850415512465374,0.002770083102493075,0.002770083102493075,4.0,4.0
emblematica:E011223,2803,722,0.48055237535519146,0.2,0.25730775896686264,0.0,0.0013850415512465374,0.004155124653739612,4.0,3.0
emblematica:E011224,2803,735,0.46345933386044064,0.3333333333333333,0.2590629887970466,0.0,0.0027210884353741495,0.0027210884353741495,1.0,4.0
emblematica:E011225,2803,718,0.44332517907059643,0.3333333333333333,0.2440550877018604,0.0,0.001392757660167131,0.002785515320334262,2.5,3.5
emblematica:E011226,2803,740,0.38559884598578353,0.16666666666666666,0.2616348994604196,0.0,0.0,0.0013513513513513514,8.5,4.0
emblematica:E011227,2803,776,0.5456187769769469,1.0,0.2615121319430885,0.001288659793814433,0.001288659793814433,0.002577319587628866,15.0,3.0
emblematica:E011228,2803,772,0.5909771206392631,1.0,0.28285146566946645,0.0012953367875647669,0.0025906735751295338,0.0025906735751295338,11.0,3.0
emblematica:E011229,2803,726,0.6203515811695959,1.0,0.27100676409837776,0.0013774104683195593,0.0027548209366391185,0.004132231404958678,6.5,3.0
emblematica:E011230,2803,724,0.42465647353220776,0.14285714285714285,0.25239248113432927,0.0,0.0,0.0013812154696132596,1.5,3.5
emblematica:E011231,2803,864,0.5564728394479543,0.3333333333333333,0.30861131959422894,0.0,0.0023148148148148147,0.004629629629629629,23.0,3.0
emblematica:E011232,2803,717,0.4831089173485943,0.25,0.2506384730516829,0.0,0.001394700139470014,0.0041841004184100415,4.0,3.0
emblematica:E011233,2803,724,0.48247265264728056,0.5,0.2555696705250227,0.0,0.0013812154696132596,0.0027624309392265192,6.5,3.0
emblematica:E011234,2803,872,0.5481814994146365,0.5,0.30998186180613696,0.0,0.0022935779816513763,0.0034403669724770644,4.0,4.0
emblematica:E011235,2803,769,0.5776307085023424,1.0,0.2671473088952948,0.0013003901170351106,0.002600780234070221,0.0039011703511053317,15.0,3.0
emblematica:E011236,2803,886,0.5809927382627267,1.0,0.31481729498379185,0.001128668171557562,0.002257336343115124,0.002257336343115124,15.0,3.0
emblematica:E011237,2803,170,0.39652557624636714,0.25,0.0640331052949974,0.0,0.0058823529411764705,0.0058823529411764705,1.0,4.0
emblematica:E011238,2803,770,0.547790058455662,0.3333333333333333,0.2739445342108745,0.0,0.0012987012987012987,0.003896103896103896,13.0,3.0
emblematica:E011239,2803,781,0.5394150369863508,1.0,0.2655747869486385,0.0012804097311139564,0.0012804097311139564,0.002560819462227913,11.0,3.5
emblematica:E011240,2803,937,0.4095997773205073,0.125,0.32675835298779293,0.0,0.0,0.0021344717182497333,4.0,3.0
emblematica:E011241,2803,737,0.5401739844735072,0.25,0.26005938388716476,0.0,0.0013568521031207597,0.005427408412483039,7.0,3.0
emblematica:E011242,2803,719,0.5216712533880004,0.3333333333333333,0.25264689523458284,0.0,0.0027816411682892906,0.004172461752433936,1.5,3.0
emblematica:E011243,2803,854,0.5245659165280689,0.5,0.29717537489561485,0.0,0.00234192037470726,0.00234192037470726,22.5,3.0
emblematica:E011244,2803,728,0.44022127651100185,0.25,0.25822849411161564,0.0,0.0027472527472527475,0.0027472527472527475,4.5,3.0
emblematica:E011245,2803,807,0.5726361401144231,1.0,0.28219711572641315,0.0012391573729863693,0.0024783147459727386,0.0024783147459727386,30.5,3.5
emblematica:E011246,2803,759,0.7622690409355825,1.0,0.2722970721589986,0.0013175230566534915,0.002635046113306983,0.005270092226613966,12.0,4.0
emblematica:E011247,2803,750,0.5061896969700816,0.3333333333333333,0.26655019006705616,0.0,0.0026666666666666666,0.004,8.0,3.0
emblematica:E011248,2803,715,0.5809898379724328,1.0,0.25184256228178314,0.0013986013986013986,0.0013986013986013986,0.004195804195804196,3.0,3.5
emblematica:E011249,2803,821,0.40232273211097397,0.2,0.2883799943681478,0.0,0.001218026796589525,0.001218026796589525,11.0,4.0
emblematica:E011250,2803,710,0.444081140883178,0.2,0.25147988368357543,0.0,0.0014084507042253522,0.0028169014084507044,1.5,3.5
emblematica:E011251,2803,805,0.6966484804665838,1.0,0.2830208875992005,0.0012422360248447205,0.002484472049689441,0.0037267080745341614,6.5,3.5
emblematica:E011252,2803,721,0.6486218623221716,1.0,0.26448540591884395,0.0013869625520110957,0.0027739251040221915,0.005547850208044383,4.0,3.0
emblematica:E011253,2803,750,0.48006117753205335,1.0,0.26445569725312856,0.0013333333333333333,0.0013333333333333333,0.0013333333333333333,6.0,3.0
emblematica:E011254,2803,730,0.4977003702983907,0.25,0.2622794324411383,0.0,0.0013698630136986301,0.00410958904109589,4.5,3.5
emblematica:E011255,2803,746,0.46054887039401804,0.5,0.2627703083374263,0.0,0.0013404825737265416,0.002680965147453083,6.5,4.0
emblematica:E011256,2803,10,0.3333333333333333,0.03125,0.008991731726799736,0.0,0.0,0.0,1.0,4.0
emblematica:E011257,2803,940,0.44424927644054296,0.5,0.3293229897773535,0.0,0.0010638297872340426,0.0010638297872340426,10.5,3.5
emblematica:E011258,2803,179,0.3135857574230102,0.05263157894736842,0.0648011198965871,0.0,0.0,0.0,4.0,3.5
emblematica:E011259,2803,72,0.3171155966396912,0.010416666666666666,0.022651605427710438,0.0,0.0,0.0,3.0,3.0
emblematica:E011260,2803,133,0.40276455527011057,0.125,0.05130363378932854,0.0,0.0,0.007518796992481203,2.0,3.0
emblematica:E011261,2803,789,0.5520415317876429,0.3333333333333333,0.28506628527935873,0.0,0.0012674271229404308,0.005069708491761723,1.0,3.0
emblematica:E011262,2803,732,0.5202911664923449,0.2,0.25029845905430304,0.0,0.001366120218579235,0.00546448087431694,7.0,5.0
emblematica:E011263,2803,709,0.3900954117610806,0.2,0.24446614556968715,0.0,0.0014104372355430183,0.0014104372355430183,1.0,3.0
emblematica:E011264,2803,200,0.42968193878743133,0.1,0.07439111032186371,0.0,0.0,0.005,11.0,4.0
emblematica:E011265,2803,867,0.4564765967904364,0.5,0.29902889966048024,0.0,0.0011534025374855825,0.002306805074971165,10.5,3.5
emblematica:E011266,2803,718,0.5123686152600141,0.3333333333333333,0.2668847989813764,0.0,0.002785515320334262,0.004178272980501393,1.5,3.5
emblematica:E011267,2803,739,0.5598124474081317,1.0,0.2745822561495009,0.0013531799729364006,0.0013531799729364006,0.0040595399188092015,5.0,3.0
emblematica:E011268,2803,717,0.7374943749026186,0.5,0.26741020907268,0.0,0.0041841004184100415,0.009762900976290097,6.0,3.0
emblematica:E011269,2803,725,0.7310251457182151,1.0,0.25066856204333615,0.001379310344827586,0.004137931034482759,0.006896551724137931,5.0,3.0
emblematica:E011270,2803,736,0.6147299735805472,0.5,0.2663508465873721,0.0,0.004076086956521739,0.005434782608695652,3.0,3.0
emblematica:E011271,2803,728,0.42095388688798313,0.3333333333333333,0.25920340148676374,0.0,0.0013736263736263737,0.0027472527472527475,8.0,3.0
emblematica:E011272,2803,935,0.8038716765785683,1.0,0.34267345663632315,0.0010695187165775401,0.0042780748663101605,0.006417112299465241,9.5,3.5
emblematica:E011273,2803,719,0.5502483612814123,0.5,0.25601704675050196,0.0,0.004172461752433936,0.004172461752433936,2.5,3.0
emblematica:E011274,2803,885,0.524461289859338,0.5,0.318829765900423,0.0,0.0011299435028248588,0.003389830508474576,32.0,4.0
emblematica:E011275,2803,745,0.37574719213263447,0.1,0.25847006624647717,0.0,0.0,0.0013422818791946308,8.5,3.0
emblematica:E011276,2803,734,0.4389394350456683,0.25,0.24336736491775324,0.0,0.0013623978201634877,0.0027247956403269754,5.0,3.0
emblematica:E011277,2803,732,0.6890981790950882,0.125,0.2795353716291063,0.0,0.0,0.00273224043715847,3.0,4.0
emblematica:E011278,2803,713,0.5361210682695104,0.5,0.2588847158838645,0.0,0.001402524544179523,0.005610098176718092,2.5,3.0
emblematica:E011279,2803,947,0.5817271694072151,0.2,0.33049088800280507,0.0,0.0010559662090813093,0.004223864836325237,28.5,3.0
emblematica:E011280,2803,724,0.5661029510328668,1.0,0.2515097333574411,0.0013812154696132596,0.0027624309392265192,0.0027624309392265192,2.5,3.5
emblematica:E011281,2803,743,0.3364814823645386,0.09090909090909091,0.2705967261103773,0.0,0.0,0.0,7.0,4.0
emblematica:E011282,2803,754,0.47453999224418764,1.0,0.27617184555528906,0.001326259946949602,0.001326259946949602,0.001326259946949602,15.0,3.0
emblematica:E011283,2803,727,0.3511753416290131,0.0625,0.24948092252168658,0.0,0.0,0.0,7.5,3.5
emblematica:E011284,2803,733,0.5432534204450873,1.0,0.2666932598141911,0.001364256480218281,0.002728512960436562,0.002728512960436562,4.0,3.5
emblematica:E011285,2803,815,0.6065415013244992,0.5,0.28648305155421666,0.0,0.00245398773006135,0.0036809815950920245,11.0,4.0
emblematica:E011286,2803,834,0.6953567779275813,0.5,0.3077563500315864,0.0,0.004796163069544364,0.005995203836930456,25.5,4.0
emblematica:E011287,2803,776,0.47087519861904475,0.5,0.2717748862372998,0.0,0.001288659793814433,0.002577319587628866,15.0,3.5
emblematica:E011288,2803,984,0.686842073296412,1.0,0.3531928592605121,0.0010162601626016261,0.0020325203252032522,0.00508130081300813,12.0,4.0
emblematica:E011289,2803,726,0.5097468151516255,0.3333333333333333,0.2603955426890945,0.0,0.0027548209366391185,0.004132231404958678,3.0,3.0
emblematica:E011290,2803,784,0.3333333333333333,0.09090909090909091,0.2659982790547849,0.0,0.0,0.0,8.0,4.0
emblematica:E011291,2803,759,0.42801270478508463,0.1,0.26366155448679957,0.0,0.0,0.0013175230566534915,4.0,3.5
emblematica:E011292,2803,724,0.5792371147591019,1.0,0.2598019379288892,0.0013812154696132596,0.0027624309392265192,0.004143646408839779,7.0,4.0
emblematica:E011293,2803,782,0.44411716441169447,0.25,0.2807649265188892,0.0,0.0025575447570332483,0.0025575447570332483,16.0,3.0
emblematica:E011294,2803,782,0.49021412360220523,0.3333333333333333,0.2903493537300927,0.0,0.0012787723785166241,0.0038363171355498722,6.0,3.0
emblematica:E011295,2803,766,0.41991667443556047,0.1111111111111111,0.27935848109234707,0.0,0.0,0.0026109660574412533,7.5,3.0
emblematica:E011296,2803,746,0.4237902969274442,0.125,0.27316183821039114,0.0,0.0,0.002680965147453083,10.0,3.0
emblematica:E011297,2803,760,0.5731399412345528,1.0,0.26334683856636165,0.0013157894736842105,0.0013157894736842105,0.003947368421052632,10.0,4.5
emblematica:E011298,2803,761,0.5915247276631005,0.3333333333333333,0.2674485462851396,0.0,0.003942181340341655,0.006570302233902759,12.0,4.0
emblematica:E011299,2803,869,0.45394216243555835,0.2,0.3138485795762963,0.0,0.0011507479861910242,0.0034522439585730723,3.0,3.0
emblematica:E011300,2803,776,0.6842202731880235,1.0,0.2785301251853649,0.001288659793814433,0.002577319587628866,0.006443298969072165,11.5,3.5
emblematica:E011301,2803,438,0.4288252782319355,0.2,0.15653332857007862,0.0,0.00228310502283105,0.00228310502283105,4.0,4.0
emblematica:E011302,2803,768,0.4827992419067131,0.5,0.2735018176194673,0.0,0.0013020833333333333,0.0026041666666666665,16.0,3.0
emblematica:E011303,2803,764,0.5140589806486532,0.3333333333333333,0.2780582695047779,0.0,0.002617801047120419,0.003926701570680628,2.0,3.0
emblematica:E011304,2803,777,0.32485056157347303,0.09090909090909091,0.27986619465391926,0.0,0.0,0.0,15.0,3.0
emblematica:E011305,2803,726,0.643282553658328,1.0,0.24896844809638763,0.0013774104683195593,0.0027548209366391185,0.005509641873278237,1.0,4.0
emblematica:E011306,2803,766,0.45328765467411447,0.25,0.26221855460033955,0.0,0.0026109660574412533,0.0026109660574412533,8.0,3.0
emblematica:E011307,2803,850,0.5092173154045608,0.3333333333333333,0.30337135130109927,0.0,0.002352941176470588,0.0035294117647058825,24.0,3.5
emblematica:E011308,2803,167,0.4358589609219436,0.14285714285714285,0.061707175146228484,0.0,0.0,0.005988023952095809,2.0,4.0
emblematica:E011309,2803,179,0.49617529551170686,0.1111111111111111,0.066775170510095,0.0,0.0,0.0111731843575419,2.5,3.5
emblematica:E011310,2803,210,0.4826703743434503,0.5,0.08032463762903613,0.0,0.009523809523809525,0.009523809523809525,4.5,3.0
emblematica:E011311,2803,742,0.4047363132769738,0.25,0.26682630537434254,0.0,0.0013477088948787063,0.0013477088948787063,13.0,3.0
emblematica:E011312,2803,816,0.5247872493718027,0.5,0.2877450653439266,0.0,0.0024509803921568627,0.003676470588235294,3.0,3.0
emblematica:E011313,2803,711,0.46068298455479073,0.3333333333333333,0.2567797342825482,0.0,0.0014064697609001407,0.0028129395218002813,2.5,3.0
emblematica:E011314,2803,711,0.4202908136641285,0.2,0.2501826446237921,0.0,0.0014064697609001407,0.0028129395218002813,2.5,3.0
emblematica:E011315,2803,726,0.420103702375634,0.2,0.2543692398026232,0.0,0.0013774104683195593,0.0027548209366391185,6.0,3.0
emblematica:E011316,2803,713,0.4814185519599551,0.2,0.25465083356214474,0.0,0.001402524544179523,0.004207573632538569,2.0,5.0
emblematica:E011317,2803,802,0.3333333333333333,0.09090909090909091,0.295940201704589,0.0,0.0,0.0,17.0,3.0
emblematica:E011318,2803,785,0.6935881694309953,1.0,0.28627485778830825,0.0012738853503184713,0.0025477707006369425,0.006369426751592357,6.0,4.0
emblematica:E011319,2803,714,0.7001512866165388,1.0,0.2699984667917672,0.0014005602240896359,0.0028011204481792717,0.004201680672268907,3.0,3.0
emblematica:E011320,2803,955,0.533517406907086,1.0,0.3327559466306238,0.0010471204188481676,0.0010471204188481676,0.0020942408376963353,5.0,3.0
emblematica:E011321,2803,758,0.6526010368584619,1.0,0.27869252023250096,0.0013192612137203166,0.002638522427440633,0.00395778364116095,20.0,3.0
emblematica:E011322,2803,727,0.4977003702983907,0.25,0.2788244477691921,0.0,0.001375515818431912,0.002751031636863824,3.0,3.0
emblematica:E011323,2803,715,0.49061563804353486,0.5,0.25494135627230513,0.0,0.0013986013986013986,0.002797202797202797,3.0,3.0
emblematica:E011324,2803,740,0.3958437961610993,0.1111111111111111,0.26462755540944,0.0,0.0,0.0013513513513513514,4.5,3.5
emblematica:E011325,2803,711,0.5138580953131023,0.5,0.2609309652192323,0.0,0.0014064697609001407,0.004219409282700422,1.0,3.0
emblematica:E011326,2803,940,0.7388643526275119,1.0,0.35967291191283446,0.0010638297872340426,0.0031914893617021275,0.006382978723404255,18.0,3.5
emblematica:E011327,2803,733,0.5189870596182024,0.5,0.2850966663059623,0.0,0.001364256480218281,0.004092769440654843,6.0,3.0
emblematica:E011328,2803,742,0.6962289515599741,1.0,0.2860808348493401,0.0013477088948787063,0.005390835579514825,0.005390835579514825,6.0,4.0
emblematica:E011329,2803,936,0.3333333333333333,0.09090909090909091,0.3415908296873497,0.0,0.0,0.0,4.0,3.0
emblematica:E011330,2803,760,0.5314280068360562,0.2,0.26832413355810825,0.0,0.0013157894736842105,0.003947368421052632,11.0,3.0
emblematica:E011331,2803,775,0.6250500215198481,0.3333333333333333,0.27682794082722706,0.0,0.0025806451612903226,0.0064516129032258064,15.0,3.0
emblematica:E011332,2803,713,0.39652557624636714,0.25,0.25151314811405223,0.0,0.001402524544179523,0.001402524544179523,2.5,3.0
emblematica:E011333,2803,938,0.4748175773152763,0.5,0.3331885952884856,0.0,0.0010660980810234541,0.0021321961620469083,4.0,3.5
emblematica:E011334,2803,748,0.4061414810157339,0.14285714285714285,0.2614939302334581,0.0,0.0,0.00267379679144385,12.0,3.0
emblematica:E011335,2803,719,0.6441849811757606,1.0,0.25830722116631044,0.0013908205841446453,0.0027816411682892906,0.004172461752433936,3.0,3.5
emblematica:E011336,2803,738,0.4831089173485943,0.25,0.2717227114456278,0.0,0.0013550135501355014,0.0027100271002710027,3.0,3.0
emblematica:E011337,2803,737,0.5921627018446607,1.0,0.2664990233112494,0.0013568521031207597,0.0027137042062415195,0.004070556309362279,3.5,3.5
emblematica:E011338,2803,730,0.7053186826349332,0.3333333333333333,0.2568060384432782,0.0,0.0027397260273972603,0.005479452054794521,12.0,4.0
emblematica:E011339,2803,918,0.437015561735658,0.14285714285714285,0.34319855619519846,0.0,0.0,0.002178649237472767,22.0,3.0
emblematica:E011340,2803,746,0.37962081462451813,0.125,0.2629583037001318,0.0,0.0,0.0013404825737265416,8.0,3.0
emblematica:E011341,2803,723,0.45800088303331327,0.16666666666666666,0.2593056862360321,0.0,0.0,0.0027662517289073307,1.0,3.0
emblematica:E011342,2803,759,0.3978633589721081,0.3333333333333333,0.2696101161389296,0.0,0.0013175230566534915,0.0013175230566534915,18.0,3.0
emblematica:E011351,2803,274,0.41379005054447404,0.06666666666666667,0.08777164031247812,0.0,0.0,0.0,28.0,4.0
emblematica:E011353,2803,248,0.4748175773152763,0.5,0.08671756362813553,0.0,0.004032258064516129,0.008064516129032258,13.0,4.0
emblematica:E011354,2803,303,0.4556065368322667,0.14285714285714285,0.11418923376711536,0.0,0.0,0.0033003300330033004,13.0,4.0
emblematica:E011355,2803,425,0.4544305447419148,0.16666666666666666,0.15721602514049302,0.0,0.0,0.002352941176470588,11.0,4.0
emblematica:E011357,2803,322,0.5394150369863508,1.0,0.11305408912007395,0.003105590062111801,0.003105590062111801,0.006211180124223602,25.5,3.5
emblematica:E011358,2803,84,0.3333333333333333,0.03333333333333333,0.03165620189962845,0.0,0.0,0.0,1.0,5.0
emblematica:E011360,2803,157,0.48006117753205335,1.0,0.05983233892222297,0.006369426751592357,0.006369426751592357,0.006369426751592357,12.0,4.0
emblematica:E011361,2803,351,0.35744208207217737,0.047619047619047616,0.11694795839002162,0.0,0.0,0.0,13.0,4.0
emblematica:E011362,2803,345,0.44424927644054296,0.5,0.12809101028676775,0.0,0.002898550724637681,0.002898550724637681,7.5,4.0
emblematica:E011364,2803,361,0.4408833666540173,0.3333333333333333,0.12367829607468435,0.0,0.002770083102493075,0.002770083102493075,9.0,4.0
emblematica:E011365,2803,228,0.47075955830389676,0.5,0.08618124168485455,0.0,0.008771929824561403,0.008771929824561403,11.5,3.5
emblematica:E011367,2803,199,0.38609046358545035,0.16666666666666666,0.06919209326101385,0.0,0.0,0.010050251256281407,7.0,4.0
emblematica:E011368,2803,441,0.49744770926968374,0.5,0.1569010848213191,0.0,0.0022675736961451248,0.0022675736961451248,15.0,3.5
emblematica:E011369,2803,158,0.401396906714042,0.16666666666666666,0.060207627432597215,0.0,0.0,0.006329113924050633,13.0,3.0
emblematica:E011370,2803,284,0.43320753729604716,0.25,0.09600153161467649,0.0,0.0035211267605633804,0.0035211267605633804,11.5,4.0
emblematica:E011373,2803,212,0.48006117753205335,1.0,0.07900632349488682,0.0047169811320754715,0.0047169811320754715,0.0047169811320754715,5.5,4.0
emblematica:E011376,2803,298,0.40126664990007493,0.125,0.10366392032418882,0.0,0.0,0.003355704697986577,8.5,4.0
emblematica:E011377,2803,556,0.5657153810054119,1.0,0.20912235205454419,0.0017985611510791368,0.0017985611510791368,0.0035971223021582736,13.0,4.0
emblematica:E011378,2803,426,0.3491313940615917,0.08333333333333333,0.1564627284775896,0.0,0.0,0.0,9.0,4.0
emblematica:E011380,2803,571,0.4413401986115058,0.16666666666666666,0.19931504549828213,0.0,0.0,0.0035026269702276708,17.0,4.0
emblematica:E011382,2803,137,0.38973013598615264,0.017241379310344827,0.04858053680616445,0.0,0.0,0.0,7.0,4.0
emblematica:E011383,2803,325,0.41659497917944543,0.1111111111111111,0.11387731386183267,0.0,0.0,0.003076923076923077,11.0,4.0
emblematica:E011385,2803,159,0.25914965592525935,0.024390243902439025,0.05453872858675191,0.0,0.0,0.0,4.0,4.0
emblematica:E011386,2803,394,0.5779555706243434,0.16666666666666666,0.1428432934907012,0.0,0.0,0.0025380710659898475,7.0,4.0
emblematica:E011617,2803,459,0.3849265073868062,0.2,0.16576933725000376,0.0,0.002178649237472767,0.002178649237472767,16.0,4.0
emblematica:E011618,2803,337,0.4263658636998774,0.2,0.11310357264786497,0.0,0.002967359050445104,0.005934718100890208,47.0,4.0
emblematica:E011619,2803,71,0.3201083386787091,0.010638297872340425,0.02498650988455882,0.0,0.0,0.0,8.0,5.0
emblematica:E011620,2803,243,0.45328765467411447,0.25,0.09259336553843793,0.0,0.00823045267489712,0.00823045267489712,12.0,4.0
emblematica:E011621,2803,243,0.3068833440240848,0.022222222222222223,0.08333105063484716,0.0,0.0,0.0,19.0,5.5
emblematica:E011622,2803,268,0.3333333333333333,0.03333333333333333,0.09356212987394115,0.0,0.0,0.0,18.0,5.0
emblematica:E011623,2803,227,0.3677359887058481,0.08333333333333333,0.08344327721527987,0.0,0.0,0.0,8.0,2.5
emblematica:E012158,2803,375,0.36921400305107815,0.1,0.1373301635253225,0.0,0.0,0.0026666666666666666,9.0,5.0
emblematica:E012159,2803,318,0.48006117753205335,1.0,0.12184715619684297,0.0031446540880503146,0.0031446540880503146,0.0031446540880503146,4.0,5.0
emblematica:E012160,2803,77,0.4049503599886487,0.125,0.03305909998203721,0.0,0.0,0.012987012987012988,4.0,5.5
emblematica:E012161,2803,0,0.9052116356304492,,,,,,1.0,2.0
emblematica:E012162,2803,0,0.8165901947515998,,,,,,1.0,2.0
emblematica:E012163,2803,0,0.9305687780632227,,,,,,1.0,2.0
emblematica:E012164,2803,0,0.8115558478722845,,,,,,1.0,2.0
emblematica:E012165,2803,0,0.8701249883466592,,,,,,1.0,2.0
emblematica:E012166,2803,0,0.9052116356304492,,,,,,1.0,2.0
emblematica:E012167,2803,0,0.6698623505528797,,,,,,1.0,2.0
emblematica:E012168,2803,0,0.41320541532308547,,,,,,1.0,2.0
emblematica:E012169,2803,0,0.9148568823583789,,,,,,1.0,2.0
emblematica:E012170,2803,0,0.9363792118010483,,,,,,1.0,2.0
emblematica:E012171,2803,0,0.7065443116025598,,,,,,1.0,2.0
emblematica:E012172,2803,0,1.0,,,,,,1.0,2.0
emblematica:E012173,2803,0,0.8115558478722845,,,,,,1.0,2.0
emblematica:E012174,2803,0,1.0,,,,,,1.0,2.0
emblematica:E012175,2803,0,0.9337457765456109,,,,,,1.0,2.0
emblematica:E012176,2803,0,0.8899541168509598,,,,,,1.0,2.0
emblematica:E012177,2803,0,1.0,,,,,,1.0,2.0
emblematica:E012178,2803,0,0.92663607790064,,,,,,1.0,2.0
emblematica:E012179,2803,0,0.9216017310213247,,,,,,1.0,2.0
emblematica:E012180,2803,0,0.8268133666517739,,,,,,1.0,2.0
emblematica:E012181,2803,0,0.9363792118010483,,,,,,1.0,2.0
emblematica:E012182,2803,0,0.92663607790064,,,,,,1.0,2.0
emblematica:E012183,2803,0,0.8611375561264454,,,,,,1.0,2.0
emblematica:E012184,2803,0,0.8899541168509598,,,,,,1.0,2.0
emblematica:E012185,2803,0,0.8611375561264454,,,,,,1.0,2.0
emblematica:E012186,2803,0,1.0,,,,,,1.0,2.0
emblematica:E012187,2803,0,0.7799082337019198,,,,,,1.0,2.0
emblematica:E012188,2803,0,0.7510916729774054,,,,,,1.0,2.0
emblematica:E012189,2803,0,0.7799082337019198,,,,,,1.0,2.0
emblematica:E012190,2803,0,0.9305687780632227,,,,,,1.0,2.0
emblematica:E012191,2803,0,1.0,,,,,,1.0,2.0
emblematica:E012192,2803,0,0.7778721720600671,,,,,,1.0,2.0
emblematica:E016791,2803,448,0.4053863553784991,0.14285714285714285,0.17313078159785755,0.0,0.0,0.002232142857142857,12.0,4.0
emblematica:E016792,2803,153,0.32086384341611823,0.058823529411764705,0.054292981581099055,0.0,0.0,0.0,10.0,3.0
emblematica:E016793,2803,427,0.4831089173485943,0.25,0.15777165063850518,0.0,0.00234192037470726,0.00468384074941452,10.0,4.0
emblematica:E016795,2803,329,0.392846079432732,0.0196078431372549,0.11219164811791993,0.0,0.0,0.0,12.5,4.0
emblematica:E016796,2803,522,0.6061642400139573,0.3333333333333333,0.18757780153839643,0.0,0.0038314176245210726,0.0038314176245210726,21.0,4.0
emblematica:E016797,2803,249,0.42976832828870953,0.1111111111111111,0.0818635462550885,0.0,0.0,0.004016064257028112,20.0,4.0
emblematica:E016802,2803,394,0.4312609711111445,0.07142857142857142,0.1521598676333292,0.0,0.0,0.0,14.0,4.0
emblematica:E017330,2803,184,0.3880428044865069,0.25,0.06780175808776108,0.0,0.005434782608695652,0.005434782608695652,10.0,3.5
emblematica:E017331,2803,36,0.3172086833456423,0.030303030303030304,0.017445965432033646,0.0,0.0,0.0,8.0,4.0
emblematica:E017332,2803,32,0.2979622723378475,0.0020242914979757085,0.009013456508166057,0.0,0.0,0.0,3.0,3.5
emblematica:E017333,2803,73,0.38559884598578353,0.16666666666666666,0.03479626025092329,0.0,0.0,0.0136986301369863,21.0,4.0
emblematica:E017334,2803,174,0.3333333333333333,0.05,0.06180075069570433,0.0,0.0,0.0,6.5,3.0
emblematica:E017335,2803,204,0.3333333333333333,0.02702702702702703,0.07641092987260066,0.0,0.0,0.0,10.0,4.0
emblematica:E017336,2803,193,0.3191428137263964,0.05555555555555555,0.07219453160378882,0.0,0.0,0.0,7.0,3.0
emblematica:E017337,2803,231,0.6319547605355733,1.0,0.0867841481369304,0.004329004329004329,0.008658008658008658,0.017316017316017316,39.0,4.0
emblematica:E017338,2803,245,0.39652557624636714,0.25,0.08403093717454956,0.0,0.004081632653061225,0.004081632653061225,14.0,5.0
emblematica:E017339,2803,166,0.34490520365612953,0.04,0.059852477695313724,0.0,0.0,0.0,26.0,4.0
emblematica:E017340,2803,170,0.32900379441817285,0.08333333333333333,0.0776946620296154,0.0,0.0,0.0,7.0,4.0
emblematica:E017341,2803,303,0.5323266901845036,1.0,0.11484790641823601,0.0033003300330033004,0.0033003300330033004,0.006600660066006601,35.5,5.0
emblematica:E017342,2803,147,0.3077968650185222,0.029411764705882353,0.048950023537284296,0.0,0.0,0.0,3.0,4.0
emblematica:E017343,2803,166,0.3219809176477838,0.08333333333333333,0.06136909167255177,0.0,0.0,0.0,6.0,4.5
emblematica:E017344,2803,185,0.334281466125217,0.05,0.06305854026817852,0.0,0.0,0.0,7.5,3.5
emblematica:E017345,2803,113,0.36996125697123633,0.1,0.04012382931128106,0.0,0.0,0.008849557522123894,3.0,3.0
emblematica:E017346,2803,114,0.2748185316922551,0.0196078431372549,0.040030754612155925,0.0,0.0,0.0,3.0,3.0
emblematica:E017347,2803,113,0.36857844404878665,0.125,0.040747844672938634,0.0,0.0,0.008849557522123894,3.0,3.0
emblematica:E017348,2803,21,0.3333333333333333,0.002770083102493075,0.007667936364427979,0.0,0.0,0.0,7.0,5.5
emblematica:E017349,2803,18,0.31357514959715277,0.0034602076124567475,0.006561374112496653,0.0,0.0,0.0,5.0,3.5
emblematica:E017350,2803,64,0.34639971149644583,0.023255813953488372,0.02238159672574079,0.0,0.0,0.0,7.0,4.5
emblematica:E017351,2803,3,0.42788761187617214,0.0020920502092050207,0.0014417390466610152,0.0,0.0,0.0,1.0,3.0
emblematica:E017352,2803,11,0.2958409734483533,0.004149377593360996,0.004107467282303574,0.0,0.0,0.0,1.5,3.5
emblematica:E017353,2803,27,0.3333333333333333,0.05555555555555555,0.011934469768610454,0.0,0.0,0.0,3.0,5.0
emblematica:E017354,2803,189,0.3900954117610806,0.2,0.07275352507984889,0.0,0.005291005291005291,0.005291005291005291,29.0,5.0
emblematica:E017355,2803,28,0.28021315765312,0.043478260869565216,0.012391896904291355,0.0,0.0,0.0,3.0,4.0
emblematica:E017356,2803,218,0.42590829591570295,0.5,0.08059985765677387,0.0,0.0045871559633027525,0.0045871559633027525,4.0,6.0
emblematica:E017357,2803,37,0.3191428137263964,0.015151515151515152,0.02025974427669152,0.0,0.0,0.0,4.5,4.0
emblematica:E017358,2803,58,0.3333333333333333,0.014492753623188406,0.021763300292986672,0.0,0.0,0.0,4.0,5.0
emblematica:E017359,2803,191,0.44707479134222566,0.16666666666666666,0.07568496511563423,0.0,0.0,0.005235602094240838,3.0,4.0
emblematica:E017360,2803,23,0.3333333333333333,0.012658227848101266,0.00999825716285253,0.0,0.0,0.0,5.5,2.0
emblematica:E017361,2803,161,0.33647667354493555,0.03571428571428571,0.06534757206986815,0.0,0.0,0.0,4.0,4.0
emblematica:E017362,2803,187,0.36332191366852856,0.027777777777777776,0.06185664791099459,0.0,0.0,0.0,7.0,4.0
emblematica:E017363,2803,284,0.3333333333333333,0.0625,0.10106127461943754,0.0,0.0,0.0,14.5,4.0
emblematica:E017364,2803,234,0.40669725543269336,0.3333333333333333,0.08921339626648944,0.0,0.004273504273504274,0.004273504273504274,14.0,5.0
emblematica:E017365,2803,306,0.4196961995635063,0.14285714285714285,0.13399143438113043,0.0,0.0,0.006535947712418301,21.0,4.0
emblematica:E017498,2803,97,0.31272342138954684,0.03571428571428571,0.028315387488591335,0.0,0.0,0.0,2.0,2.0
emblematica:E017499,2803,139,0.326800144251777,0.07692307692307693,0.04723079994909633,0.0,0.0,0.0,2.0,3.0
emblematica:E017500,2803,198,0.3801214649203999,0.07692307692307693,0.06979528823188813,0.0,0.0,0.0,7.0,3.0
emblematica:E017501,2803,127,0.38405235960612544,0.3333333333333333,0.051086734261076315,0.0,0.007874015748031496,0.007874015748031496,8.5,2.5
emblematica:E017502,2803,130,0.40874258663137597,0.16666666666666666,0.04616569937998276,0.0,0.0,0.007692307692307693,7.0,3.0
emblematica:E017503,2803,147,0.3333333333333333,0.02,0.048524925922843666,0.0,0.0,0.0,9.0,3.0
emblematica:E017504,2803,344,0.5224750363313545,0.1,0.1330629889966531,0.0,0.0,0.0029069767441860465,3.5,3.0
emblematica:E017505,2803,161,0.3333333333333333,0.034482758620689655,0.05932985252440136,0.0,0.0,0.0,12.0,3.0
emblematica:E017506,2803,92,0.3439367980331586,0.037037037037037035,0.033796511173417164,0.0,0.0,0.0,2.0,3.0
emblematica:E017507,2803,233,0.499272218015063,0.3333333333333333,0.07744827862695952,0.0,0.004291845493562232,0.004291845493562232,9.5,3.5
emblematica:E017508,2803,155,0.48006117753205335,1.0,0.06071368164159682,0.0064516129032258064,0.0064516129032258064,0.0064516129032258064,1.0,2.5
emblematica:E017509,2803,162,0.38559884598578353,0.017543859649122806,0.055622182729594606,0.0,0.0,0.0,7.0,3.0
emblematica:E017510,2803,191,0.6685886345754624,1.0,0.08998705254376556,0.005235602094240838,0.010471204188481676,0.015706806282722512,8.5,3.0
emblematica:E017511,2803,96,0.3775028156362593,0.1111111111111111,0.03703833218700226,0.0,0.0,0.010416666666666666,4.5,3.5
emblematica:E017512,2803,403,0.38559884598578353,0.16666666666666666,0.15193989783395243,0.0,0.0,0.0024813895781637717,4.0,3.0
emblematica:E017513,2803,172,0.4110281733124707,0.125,0.05909232155912005,0.0,0.0,0.005813953488372093,7.5,3.0
emblematica:E017514,2803,158,0.3200065173550496,0.03333333333333333,0.055729982286414605,0.0,0.0,0.0,2.5,3.0
emblematica:E017515,2803,153,0.37962081462451813,0.04,0.05936269743854434,0.0,0.0,0.0,5.0,3.0
emblematica:E017516,2803,184,0.3410979791465332,0.043478260869565216,0.06273652164174416,0.0,0.0,0.0,7.5,2.5
emblematica:E017517,2803,232,0.3219809176477838,0.09090909090909091,0.08992376612166232,0.0,0.0,0.0,1.0,3.0
emblematica:E017518,2803,299,0.48006117753205335,1.0,0.11457240087992818,0.0033444816053511705,0.0033444816053511705,0.0033444816053511705,6.0,3.0
emblematica:E017519,2803,119,0.3333333333333333,0.0625,0.04160566561885292,0.0,0.0,0.0,2.0,3.0
emblematica:E017520,2803,177,0.33642243189626925,0.03333333333333333,0.06487565570992233,0.0,0.0,0.0,1.0,3.0
emblematica:E017521,2803,461,0.5207297451858958,0.25,0.15910034848677057,0.0,0.0021691973969631237,0.004338394793926247,13.0,3.0
emblematica:E017522,2803,210,0.3136182214433146,0.07142857142857142,0.07628186751819745,0.0,0.0,0.0,5.0,3.0
emblematica:E017523,2803,188,0.39652557624636714,0.25,0.0670453427490132,0.0,0.005319148936170213,0.005319148936170213,4.0,3.0
emblematica:E017524,2803,229,0.47996686082820705,0.3333333333333333,0.0814865809174158,0.0,0.004366812227074236,0.004366812227074236,4.0,2.0
emblematica:E017525,2803,207,0.39041191607142045,0.25,0.08198062473682302,0.0,0.004830917874396135,0.004830917874396135,11.0,3.0
emblematica:E017526,2803,107,0.3272196731583866,0.015151515151515152,0.0344165430755284,0.0,0.0,0.0,1.0,3.0
emblematica:E017527,2803,318,0.3443757039090648,0.09090909090909091,0.11696828270539039,0.0,0.0,0.0,7.0,3.0
emblematica:E017528,2803,180,0.3073081332279118,0.07692307692307693,0.06412556280639134,0.0,0.0,0.0,5.0,3.0
emblematica:E017529,2803,279,0.4075679468220986,0.25,0.09838798717837692,0.0,0.0035842293906810036,0.0035842293906810036,2.5,3.0
emblematica:E017530,2803,69,0.3263207773624837,0.03333333333333333,0.023212476757849987,0.0,0.0,0.0,1.0,3.0
emblematica:E017531,2803,138,0.41991667443556047,0.023255813953488372,0.04933347845042415,0.0,0.0,0.0,2.0,3.0
emblematica:E017532,2803,289,0.3145548327792914,0.03333333333333333,0.10106110011554513,0.0,0.0,0.0,13.0,3.0
emblematica:E017533,2803,201,0.3970550759934318,0.25,0.0708692017442701,0.0,0.004975124378109453,0.004975124378109453,7.0,3.0
emblematica:E017534,2803,139,0.33563527795717896,0.07142857142857142,0.05277260815911065,0.0,0.0,0.0,1.5,2.5
emblematica:E017535,2803,248,0.3775028156362593,0.1111111111111111,0.08427350934511438,0.0,0.0,0.004032258064516129,9.0,3.0
emblematica:E017536,2803,212,0.6115873691956307,0.2,0.0834113843293867,0.0,0.0047169811320754715,0.0047169811320754715,4.0,3.0
emblematica:E017537,2803,448,0.514348688343711,0.25,0.17098818835396665,0.0,0.002232142857142857,0.006696428571428571,11.5,3.0
emblematica:E017538,2803,166,0.30554372631689497,0.03571428571428571,0.05691300072321803,0.0,0.0,0.0,6.5,3.0
emblematica:E017539,2803,166,0.3222909627576018,0.03333333333333333,0.05937648523792068,0.0,0.0,0.0,2.0,3.0
emblematica:E017540,2803,162,0.37012436936167775,0.14285714285714285,0.06905899747357729,0.0,0.0,0.006172839506172839,7.5,3.0
emblematica:E017541,2803,149,0.5371397602701407,1.0,0.062199622492690655,0.006711409395973154,0.013422818791946308,0.013422818791946308,1.0,3.0
emblematica:E017542,2803,188,0.3475238529402701,0.058823529411764705,0.06515982195518659,0.0,0.0,0.0,1.5,3.5
emblematica:E017543,2803,150,0.32449943687274807,0.05,0.05378509407565192,0.0,0.0,0.0,2.5,2.5
emblematica:E017544,2803,161,0.3126143945569494,0.03225806451612903,0.05910310176453994,0.0,0.0,0.0,3.0,3.0
emblematica:E017545,2803,169,0.3491313940615917,0.03571428571428571,0.055410529634207104,0.0,0.0,0.0,9.0,3.0
emblematica:E017546,2803,151,0.30861847343843285,0.058823529411764705,0.0575983996754649,0.0,0.0,0.0,12.5,3.0
emblematica:E017547,2803,175,0.2897340521393362,0.02631578947368421,0.06051461664831517,0.0,0.0,0.0,2.0,3.0
emblematica:E018847,2803,285,0.3180491828959666,0.038461538461538464,0.09952664132431176,0.0,0.0,0.0,6.0,4.0
emblematica:E018848,2803,289,0.4734667981894475,0.25,0.11489937514598604,0.0,0.0034602076124567475,0.010380622837370242,6.5,5.0
emblematica:E018849,2803,0,1.0,,,,,,1.0,3.5
emblematica:E018850,2803,141,0.32803160098342066,0.05555555555555555,0.04556075345002138,0.0,0.0,0.0,6.0,3.0
emblematica:E018851,2803,231,0.43188632727696835,0.16666666666666666,0.08049038940952863,0.0,0.0,0.008658008658008658,21.0,4.0
emblematica:E018852,2803,15,0.4389394350456683,0.1,0.011533548162949398,0.0,0.0,0.06666666666666667,2.5,3.5
emblematica:E018853,2803,305,0.43807886776372196,0.16666666666666666,0.09972889070869985,0.0,0.0,0.003278688524590164,15.0,2.0
emblematica:E018854,2803,157,0.41630277567419816,0.125,0.055056646441074795,0.0,0.0,0.006369426751592357,5.0,4.0
emblematica:E018855,2803,211,0.3916933352431961,0.1111111111111111,0.07650634391158553,0.0,0.0,0.004739336492890996,7.5,3.5
emblematica:E018856,2803,51,0.34064862230173154,0.004784688995215311,0.017759576758512946,0.0,0.0,0.0,7.5,3.5
emblematica:E018857,2803,149,0.3333333333333333,0.043478260869565216,0.05111425698306834,0.0,0.0,0.0,10.0,3.5
emblematica:E018858,2803,11,0.3212150879621044,0.016129032258064516,0.006454548836929288,0.0,0.0,0.0,1.0,3.0
emblematica:E018859,2803,111,0.4647370640085486,0.5,0.04309486862236275,0.0,0.009009009009009009,0.009009009009009009,12.5,3.5
emblematica:E018860,2803,13,0.3101895926877409,0.002336448598130841,0.00491320587783375,0.0,0.0,0.0,2.0,3.0
emblematica:E018861,2803,42,0.28476605900452295,0.009174311926605505,0.01679744621838643,0.0,0.0,0.0,6.0,4.0
emblematica:E018862,2803,214,0.3883368198479945,0.16666666666666666,0.07456863702800995,0.0,0.0,0.004672897196261682,3.5,3.5
emblematica:E018863,2803,283,0.5172314361145774,0.5,0.10643687853332119,0.0,0.0035335689045936395,0.01060070671378092,2.5,3.5
emblematica:E018864,2803,15,0.39184813497441146,0.125,0.015304405225606173,0.0,0.0,0.06666666666666667,3.0,3.0
emblematica:E018865,2803,44,0.3333333333333333,0.06666666666666667,0.020438929739830247,0.0,0.0,0.0,7.5,3.5
emblematica:E018866,2803,69,0.3177553017700046,0.05263157894736842,0.026945553885299567,0.0,0.0,0.0,12.0,3.5
emblematica:E018867,2803,132,0.2972775536289904,0.021739130434782608,0.04308267225254939,0.0,0.0,0.0,11.5,4.0
emblematica:E018868,2803,271,0.3191428137263964,0.02702702702702703,0.0931253675248922,0.0,0.0,0.0,1.0,3.5
emblematica:E018869,2803,23,0.3030927574721485,0.07692307692307693,0.021505485381323533,0.0,0.0,0.0,5.0,4.0
emblematica:E018870,2803,93,0.35167431385817327,0.015384615384615385,0.03920826332112885,0.0,0.0,0.0,13.0,4.0
emblematica:E018871,2803,262,0.41469254477957324,0.25,0.08408551436192373,0.0,0.003816793893129771,0.003816793893129771,15.0,5.0
emblematica:E018872,2803,245,0.44278672747938136,0.14285714285714285,0.09656173707214417,0.0,0.0,0.00816326530612245,16.0,3.0
emblematica:E018873,2803,191,0.4154551933852129,0.5,0.071558745011869,0.0,0.005235602094240838,0.005235602094240838,3.5,4.5
emblematica:E018874,2803,323,0.3997893655927203,0.16666666666666666,0.12285517728880757,0.0,0.0,0.0030959752321981426,32.0,4.0
emblematica:E018875,2803,256,0.290136107583378,0.047619047619047616,0.09390768063261619,0.0,0.0,0.0,5.0,4.5
emblematica:E018876,2803,249,0.35535379172574033,0.14285714285714285,0.09661426802521876,0.0,0.0,0.004016064257028112,2.5,5.0
emblematica:E018877,2803,216,0.3333333333333333,0.06666666666666667,0.0740527157124945,0.0,0.0,0.0,10.5,4.0
emblematica:E018878,2803,184,0.48452032146582813,0.5,0.06875930759875604,0.0,0.005434782608695652,0.016304347826086956,2.5,6.0
emblematica:E018879,2803,205,0.3193592529334552,0.05263157894736842,0.07655709665050187,0.0,0.0,0.0,8.0,5.0
emblematica:E018880,2803,203,0.35167431385817327,0.027777777777777776,0.0771478748879305,0.0,0.0,0.0,3.0,3.0
emblematica:E018881,2803,219,0.483738305418145,1.0,0.08174701069923267,0.0045662100456621,0.0045662100456621,0.0045662100456621,16.0,4.0
emblematica:E018882,2803,227,0.3333333333333333,0.058823529411764705,0.07858231175692021,0.0,0.0,0.0,12.5,5.0
emblematica:E018883,2803,283,0.291411092133699,0.09090909090909091,0.09823868247023926,0.0,0.0,0.0,17.0,4.0
emblematica:E018884,2803,217,0.3333333333333333,0.041666666666666664,0.081759090237114,0.0,0.0,0.0,4.5,4.5
emblematica:E018885,2803,201,0.32543430296920406,0.045454545454545456,0.07072071347807202,0.0,0.0,0.0,10.0,3.0
emblematica:E018886,2803,298,0.42186929792458033,0.16666666666666666,0.10812935380631708,0.0,0.0,0.006711409395973154,27.5,3.5
emblematica:E018887,2803,243,0.41242915318231443,0.1,0.08693535323319701,0.0,0.0,0.00411522633744856,13.0,4.0
emblematica:E018888,2803,240,0.32026695517022075,0.018867924528301886,0.08611777701416173,0.0,0.0,0.0,18.0,4.5
emblematica:E018889,2803,302,0.4400988155226398,0.5,0.10531927384353111,0.0,0.0033112582781456954,0.0033112582781456954,24.5,3.5
emblematica:E018890,2803,193,0.3222909627576018,0.05,0.0668389515325433,0.0,0.0,0.0,3.0,5.0
emblematica:E018891,2803,293,0.3693811092921414,0.16666666666666666,0.10734638555451058,0.0,0.0,0.0034129692832764505,17.0,3.0
emblematica:E018892,2803,235,0.48006117753205335,1.0,0.09160720203038171,0.00425531914893617,0.00425531914893617,0.00425531914893617,11.0,4.0
emblematica:E018893,2803,217,0.3123722127335161,0.047619047619047616,0.07671359556202437,0.0,0.0,0.0,6.0,4.0
emblematica:E018894,2803,211,0.3333333333333333,0.08333333333333333,0.07656950493639933,0.0,0.0,0.0,13.0,4.0
emblematica:E018895,2803,200,0.3375595237387955,0.07142857142857142,0.07337219112955533,0.0,0.0,0.0,10.5,4.0
emblematica:E018896,2803,302,0.3491313940615917,0.02564102564102564,0.09600986177823435,0.0,0.0,0.0,18.5,4.5
emblematica:E018897,2803,209,0.32026695517022075,0.038461538461538464,0.0789955146454839,0.0,0.0,0.0,4.0,4.0
emblematica:E018898,2803,269,0.3402974976010065,0.08333333333333333,0.09414667790252024,0.0,0.0,0.0,6.0,3.0
emblematica:E018899,2803,208,0.3958437961610993,0.1111111111111111,0.08229645161335505,0.0,0.0,0.004807692307692308,6.5,3.5
emblematica:E018900,2803,216,0.29184778214619517,0.043478260869565216,0.08134984900535988,0.0,0.0,0.0,16.0,3.0
emblematica:E018901,2803,230,0.3632461841809695,0.07692307692307693,0.08293222578819111,0.0,0.0,0.0,8.0,4.0
emblematica:E018902,2803,203,0.35167431385817327,0.07692307692307693,0.07163176144896358,0.0,0.0,0.0,3.0,4.0
emblematica:E018903,2803,231,0.37113400808228825,0.16666666666666666,0.08591417698498119,0.0,0.0,0.004329004329004329,13.5,5.0
emblematica:E018904,2803,216,0.33061640154511784,0.05263157894736842,0.07785364069685514,0.0,0.0,0.0,3.0,4.0
emblematica:E018905,2803,195,0.35260345148704203,0.1,0.06880680438832187,0.0,0.0,0.005128205128205128,3.0,4.0
emblematica:E018906,2803,200,0.31840032971834753,0.058823529411764705,0.06680779871039488,0.0,0.0,0.0,5.5,3.5
emblematica:E018907,2803,361,0.39022427932434345,0.125,0.14037093237823037,0.0,0.0,0.002770083102493075,23.0,4.0
emblematica:E018908,2803,192,0.3956548848569618,0.3333333333333333,0.07461477944153609,0.0,0.005208333333333333,0.005208333333333333,3.5,3.5
emblematica:E018909,2803,319,0.3409147873123808,0.05555555555555555,0.1057451010246669,0.0,0.0,0.0,12.0,4.0
emblematica:E018910,2803,188,0.3217614630105371,0.07142857142857142,0.06109810372397937,0.0,0.0,0.0,2.0,5.0
emblematica:E018911,2803,190,0.47080368127381644,1.0,0.07668012401324543,0.005263157894736842,0.005263157894736842,0.005263157894736842,3.0,6.0
emblematica:E018912,2803,200,0.4759408867522468,0.2,0.08253684875024168,0.0,0.005,0.015,2.5,3.0
emblematica:E018913,2803,198,0.37297899389923317,0.16666666666666666,0.07390430227213338,0.0,0.0,0.005050505050505051,8.5,4.0
emblematica:E018914,2803,269,0.299803642977458,0.07142857142857142,0.09670177612934704,0.0,0.0,0.0,4.5,4.0
emblematica:E018915,2803,226,0.396641216561515,0.16666666666666666,0.07926126327957096,0.0,0.0,0.004424778761061947,21.0,4.0
emblematica:E018916,2803,258,0.3333333333333333,0.058823529411764705,0.0991339411168101,0.0,0.0,0.0,23.5,4.5
emblematica:E018917,2803,207,0.37962081462451813,0.125,0.07568424714927445,0.0,0.0,0.004830917874396135,5.0,5.0
emblematica:E018918,2803,188,0.39652557624636714,0.25,0.07192779842074326,0.0,0.005319148936170213,0.005319148936170213,1.5,5.0
emblematica:E018919,2803,217,0.3228802308028432,0.05555555555555555,0.07229005959666326,0.0,0.0,0.0,16.0,3.0
emblematica:E018920,2803,198,0.4591000569322362,1.0,0.07143141070604236,0.005050505050505051,0.005050505050505051,0.005050505050505051,2.0,5.0
emblematica:E018921,2803,309,0.43188632727696835,0.16666666666666666,0.1088811278636323,0.0,0.0,0.006472491909385114,13.0,3.0
emblematica:E018922,2803,313,0.4209174449816162,0.16666666666666666,0.12779679940699215,0.0,0.0,0.006389776357827476,8.0,5.0
emblematica:E018923,2803,277,0.37962081462451813,0.125,0.11007191528390037,0.0,0.0,0.0036101083032490976,8.0,3.5
emblematica:E018924,2803,272,0.3581156990466685,0.025,0.10118246792792654,0.0,0.0,0.0,8.0,4.0
emblematica:E018925,2803,192,0.3101895926877409,0.029411764705882353,0.07557350339781828,0.0,0.0,0.0,2.0,4.0
emblematica:E018926,2803,327,0.3581426180957332,0.25,0.11106356622995722,0.0,0.0030581039755351682,0.0030581039755351682,22.5,4.0
emblematica:E018927,2803,205,0.32093634117995223,0.029411764705882353,0.07753328234389915,0.0,0.0,0.0,6.0,3.5
emblematica:E018928,2803,216,0.3333333333333333,0.07692307692307693,0.0762522810016862,0.0,0.0,0.0,10.5,4.0
emblematica:E018929,2803,214,0.29919429208023485,0.045454545454545456,0.07847505920865132,0.0,0.0,0.0,6.0,4.0
emblematica:E018930,2803,304,0.38222823028573066,0.16666666666666666,0.1155281945617742,0.0,0.0,0.003289473684210526,15.0,4.0
emblematica:E018931,2803,252,0.40232273211097397,0.2,0.09100284851100171,0.0,0.003968253968253968,0.003968253968253968,3.5,4.5
emblematica:E018932,2803,207,0.3186605489134613,0.05263157894736842,0.082994797092199,0.0,0.0,0.0,8.5,5.0
emblematica:E018933,2803,233,0.3333333333333333,0.01818181818181818,0.08761410592235727,0.0,0.0,0.0,5.0,4.0
emblematica:E018934,2803,209,0.3333333333333333,0.02564102564102564,0.07025779860561868,0.0,0.0,0.0,11.0,4.0
emblematica:E018935,2803,187,0.45838527560989983,1.0,0.07919542427979007,0.0053475935828877,0.0053475935828877,0.0053475935828877,2.0,4.0
emblematica:E018936,2803,245,0.4696080750015634,1.0,0.08752508023320033,0.004081632653061225,0.004081632653061225,0.004081632653061225,13.0,5.0
emblematica:E018937,2803,185,0.32355147705341863,0.058823529411764705,0.06901287510287715,0.0,0.0,0.0,2.0,4.5
emblematica:E018938,2803,198,0.39184813497441146,0.125,0.09307961114803366,0.0,0.0,0.005050505050505051,4.0,4.0
emblematica:E018939,2803,203,0.30440365752634274,0.05555555555555555,0.07929505527991688,0.0,0.0,0.0,9.0,5.0
emblematica:E018940,2803,271,0.4715784057721931,1.0,0.0978339649019636,0.0036900369003690036,0.0036900369003690036,0.0036900369003690036,10.0,5.0
emblematica:E018941,2803,235,0.4768732184788435,0.5,0.09022431978472718,0.0,0.00851063829787234,0.00851063829787234,14.5,3.5
emblematica:E018942,2803,223,0.40669725543269336,0.3333333333333333,0.078042901205509,0.0,0.004484304932735426,0.004484304932735426,7.0,4.0
emblematica:E018943,2803,206,0.30120229990118413,0.07692307692307693,0.07771387810589828,0.0,0.0,0.0,3.0,4.0
emblematica:E018944,2803,265,0.4912905534236262,0.3333333333333333,0.09350718418105732,0.0,0.0037735849056603774,0.011320754716981131,8.0,5.0
emblematica:E018945,2803,359,0.38559884598578353,0.16666666666666666,0.13146527438046496,0.0,0.0,0.002785515320334262,26.0,4.0
emblematica:E018946,2803,224,0.3333333333333333,0.03225806451612903,0.0792427482401464,0.0,0.0,0.0,10.0,4.0
emblematica:E018947,2803,406,0.4026504571245225,0.2,0.1362905072009353,0.0,0.0024630541871921183,0.0024630541871921183,25.0,4.0
emblematica:E018948,2803,197,0.3212150879621044,0.08333333333333333,0.06951656350058008,0.0,0.0,0.0,3.5,3.5
emblematica:E018949,2803,207,0.3180491828959666,0.030303030303030304,0.06827693126880487,0.0,0.0,0.0,8.0,5.0
emblematica:E018950,2803,203,0.5368232559598007,1.0,0.08161124360501529,0.0049261083743842365,0.009852216748768473,0.009852216748768473,5.0,4.0
emblematica:E018951,2803,268,0.5138083828774711,1.0,0.09453556588819406,0.0037313432835820895,0.0037313432835820895,0.0037313432835820895,14.0,4.0
emblematica:E018952,2803,6,0.33536342156493537,0.006944444444444444,0.004023704076933127,0.0,0.0,0.0,2.0,4.0
emblematica:E018953,2803,215,0.3333333333333333,0.08333333333333333,0.07678448339778939,0.0,0.0,0.0,5.0,4.0
emblematica:E018954,2803,254,0.4044213472852474,0.14285714285714285,0.08841231440098749,0.0,0.0,0.007874015748031496,11.0,4.0
emblematica:E018955,2803,228,0.34180428955905373,0.03225806451612903,0.07557321737095829,0.0,0.0,0.0,13.5,4.5
emblematica:E018956,2803,237,0.41857528817131157,0.2,0.08043470736799885,0.0,0.004219409282700422,0.004219409282700422,23.0,4.0
emblematica:E018957,2803,204,0.30778738261065897,0.047619047619047616,0.06856892380568622,0.0,0.0,0.0,6.5,4.0
emblematica:E018958,2803,58,0.436229919267128,0.1,0.019942633348745582,0.0,0.0,0.017241379310344827,8.0,5.0
emblematica:E018959,2803,186,0.3333333333333333,0.08333333333333333,0.06611127426036821,0.0,0.0,0.0,2.0,5.0
emblematica:E018960,2803,198,0.33701314869036286,0.08333333333333333,0.0682842543346941,0.0,0.0,0.0,9.0,6.0
emblematica:E018961,2803,233,0.38694967952237025,0.3333333333333333,0.08880527928908427,0.0,0.004291845493562232,0.004291845493562232,11.0,4.5
emblematica:E018962,2803,206,0.38186805572780985,0.125,0.08163448422225847,0.0,0.0,0.009708737864077669,13.0,5.0
emblematica:E018963,2803,195,0.3761213313612025,0.2,0.0766277526581699,0.0,0.005128205128205128,0.005128205128205128,3.0,3.0
emblematica:E018964,2803,258,0.3455606536832266,0.02631578947368421,0.1006194915890372,0.0,0.0,0.0,14.0,4.0
emblematica:E018965,2803,220,0.28095798960320895,0.0625,0.07744214934999064,0.0,0.0,0.0,10.0,6.0
emblematica:E018966,2803,248,0.3161773025826551,0.058823529411764705,0.08409579143366176,0.0,0.0,0.0,18.0,4.0
emblematica:E018967,2803,188,0.3333333333333333,0.09090909090909091,0.07101537188076758,0.0,0.0,0.0,2.0,4.0
emblematica:E018968,2803,306,0.589788259279873,1.0,0.12341037964858138,0.0032679738562091504,0.0032679738562091504,0.00980392156862745,12.0,4.0
emblematica:E018969,2803,242,0.388813570295747,0.1,0.09217478424921098,0.0,0.0,0.004132231404958678,15.0,5.0
emblematica:E018970,2803,226,0.48807352830384854,0.5,0.0901243837573804,0.0,0.008849557522123894,0.008849557522123894,13.0,4.0
emblematica:E018971,2803,275,0.48006117753205335,1.0,0.10700551354051349,0.0036363636363636364,0.0036363636363636364,0.0036363636363636364,8.0,5.0
emblematica:E018974,2803,99,0.28748088202123323,0.05,0.037580495462348214,0.0,0.0,0.0,8.0,4.0
emblematica:E018975,2803,102,0.36130219718434464,0.1111111111111111,0.04066710663981373,0.0,0.0,0.00980392156862745,5.0,3.0
emblematica:E018976,2803,16,0.1923124935814122,0.003048780487804878,0.004460998253462371,0.0,0.0,0.0,1.0,4.0
emblematica:E018977,2803,40,0.3491313940615917,0.006535947712418301,0.013463716967916295,0.0,0.0,0.0,1.0,4.0
emblematica:E018978,2803,169,0.348558370411594,0.1111111111111111,0.06570565665352374,0.0,0.0,0.005917159763313609,1.0,4.0
emblematica:E018979,2803,43,0.33860793569506076,0.024390243902439025,0.02032255715693927,0.0,0.0,0.0,2.0,4.0
emblematica:E018980,2803,73,0.3656672553855772,0.25,0.026881930213686376,0.0,0.0136986301369863,0.0136986301369863,5.0,4.0
emblematica:E018981,2803,8,0.28465958926944734,0.001287001287001287,0.0029801284688752636,0.0,0.0,0.0,1.0,4.0
emblematica:E018982,2803,106,0.3333333333333333,0.029411764705882353,0.03647148805582242,0.0,0.0,0.0,1.0,4.0
emblematica:E018983,2803,163,0.3900954117610806,0.2,0.06273678051475516,0.0,0.006134969325153374,0.006134969325153374,1.0,4.0
emblematica:E018984,2803,282,0.2707128793382578,0.047619047619047616,0.09537044469399303,0.0,0.0,0.0,14.0,4.0
emblematica:E018985,2803,121,0.3294597108414496,0.1,0.04733403017582637,0.0,0.0,0.008264462809917356,9.0,4.0
emblematica:E018986,2803,225,0.30359523275693234,0.08333333333333333,0.08360805230083243,0.0,0.0,0.0,8.5,4.0
emblematica:E018987,2803,49,0.28043363559001117,0.03571428571428571,0.01669819620050027,0.0,0.0,0.0,1.0,5.0
emblematica:E018988,2803,130,0.40669725543269336,0.3333333333333333,0.05778901922271198,0.0,0.007692307692307693,0.007692307692307693,3.0,4.0
emblematica:E018989,2803,125,0.29791920970672126,0.021739130434782608,0.05005425886366895,0.0,0.0,0.0,3.0,4.0
emblematica:E018990,2803,32,0.2554943761267694,0.006535947712418301,0.011856065844741718,0.0,0.0,0.0,3.0,4.0
emblematica:E018991,2803,69,0.48006117753205335,1.0,0.05004280402976401,0.014492753623188406,0.014492753623188406,0.014492753623188406,8.0,4.0
emblematica:E018992,2803,53,0.3333333333333333,0.022727272727272728,0.020688435106113588,0.0,0.0,0.0,2.5,4.0
emblematica:E018993,2803,98,0.3046749420869269,0.024390243902439025,0.03417925529466471,0.0,0.0,0.0,5.0,6.0
emblematica:E018994,2803,107,0.3333333333333333,0.025,0.036210488395057444,0.0,0.0,0.0,10.0,4.0
emblematica:E018995,2803,203,0.3333333333333333,0.025,0.07538914136021926,0.0,0.0,0.0,2.5,4.5
emblematica:E018996,2803,3,0.4931049315805358,0.0004995004995004995,0.0009244808450848772,0.0,0.0,0.0,1.0,4.0
emblematica:E018997,2803,31,0.3275473981719352,0.005714285714285714,0.01019095149760458,0.0,0.0,0.0,1.5,4.5
emblematica:E018998,2803,102,0.5042038533797489,1.0,0.048989980601972856,0.00980392156862745,0.00980392156862745,0.0196078431372549,8.0,3.0
emblematica:E018999,2803,52,0.3333333333333333,0.009009009009009009,0.021339509350755008,0.0,0.0,0.0,2.0,3.5
emblematica:E019000,2803,224,0.38224261473290666,0.14285714285714285,0.08258822495328924,0.0,0.0,0.004464285714285714,9.0,3.5
emblematica:E019001,2803,76,0.27628736818600147,0.05263157894736842,0.03453814909434694,0.0,0.0,0.0,5.0,4.0
emblematica:E019002,2803,41,0.32355147705341863,0.045454545454545456,0.017725342258818035,0.0,0.0,0.0,1.0,5.0
emblematica:E019003,2803,99,0.42590829591570295,0.5,0.04198812310638704,0.0,0.010101010101010102,0.010101010101010102,4.5,4.5
emblematica:E019004,2803,80,0.42677737281076067,0.2,0.035151982178765716,0.0,0.0125,0.0125,1.0,4.0
emblematica:E019005,2803,65,0.3700152943830133,0.038461538461538464,0.02605156910405349,0.0,0.0,0.0,2.5,3.5
emblematica:E019006,2803,58,0.3691342911612635,0.008403361344537815,0.018388445727721508,0.0,0.0,0.0,2.0,4.0
emblematica:E019007,2803,165,0.30389060198506695,0.029411764705882353,0.053143370256331576,0.0,0.0,0.0,23.5,4.0
emblematica:E019008,2803,85,0.3333333333333333,0.013157894736842105,0.02888817241538361,0.0,0.0,0.0,9.0,5.0
emblematica:E019009,2803,74,0.40506423502567945,0.16666666666666666,0.033315505905801686,0.0,0.0,0.02702702702702703,2.0,5.5
emblematica:E019010,2803,97,0.3754226273412086,0.2,0.041037125532562564,0.0,0.010309278350515464,0.010309278350515464,13.0,4.5
emblematica:E019011,2803,50,0.40142265307096586,0.04,0.019892602810352867,0.0,0.0,0.0,3.0,5.0
emblematica:E019012,2803,37,0.29708019130818836,0.010869565217391304,0.012935051057680485,0.0,0.0,0.0,3.0,4.0
emblematica:E019013,2803,71,0.40669725543269336,0.018867924528301886,0.02453382465947134,0.0,0.0,0.0,2.5,4.0
emblematica:E019014,2803,32,0.291411092133699,0.015625,0.011560724311945353,0.0,0.0,0.0,3.5,4.5
emblematica:E019015,2803,43,0.32543430296920406,0.004975124378109453,0.012605664072322546,0.0,0.0,0.0,3.0,4.0
emblematica:E019016,2803,85,0.30446889444196223,0.04,0.02879540300833994,0.0,0.0,0.0,10.0,4.0
emblematica:E019017,2803,128,0.3333333333333333,0.05263157894736842,0.04907102155063926,0.0,0.0,0.0,6.5,4.5
emblematica:E019018,2803,37,0.3333333333333333,0.016666666666666666,0.01229851360514514,0.0,0.0,0.0,1.5,6.0
emblematica:E019019,2803,43,0.368651932329166,0.1,0.024685562884888778,0.0,0.0,0.023255813953488372,4.5,4.0
emblematica:E019020,2803,17,0.3381091918364708,0.02,0.006265991338644975,0.0,0.0,0.0,2.0,3.0
emblematica:E019021,2803,60,0.3275473981719352,0.007633587786259542,0.020898306582018442,0.0,0.0,0.0,2.0,4.0
emblematica:E019022,2803,45,0.3101895926877409,0.05263157894736842,0.01902153136325803,0.0,0.0,0.0,1.0,5.0
emblematica:E019023,2803,326,0.3144030146297491,0.1111111111111111,0.12653424257317236,0.0,0.0,0.003067484662576687,22.5,4.0
emblematica:E019024,2803,23,0.3240758370750963,0.018867924528301886,0.01157920098939396,0.0,0.0,0.0,1.0,4.0
emblematica:E019025,2803,42,0.3333333333333333,0.00819672131147541,0.01301372715233901,0.0,0.0,0.0,4.5,3.5
emblematica:E019026,2803,157,0.3333333333333333,0.09090909090909091,0.05769042650906972,0.0,0.0,0.0,13.5,4.0
emblematica:E019027,2803,17,0.31559518382466223,0.029411764705882353,0.008022058734605745,0.0,0.0,0.0,2.0,4.0
emblematica:E019028,2803,35,0.30615845634790806,0.025,0.01463811047405202,0.0,0.0,0.0,1.0,5.0
emblematica:E019029,2803,92,0.38224261473290666,0.015384615384615385,0.02958015399782776,0.0,0.0,0.0,8.0,3.5
emblematica:E019030,2803,259,0.3443757039090648,0.05263157894736842,0.09573225751130748,0.0,0.0,0.0,20.0,3.0
emblematica:E019031,2803,70,0.4069876031064539,0.5,0.04532274145580452,0.0,0.014285714285714285,0.014285714285714285,3.5,3.5
emblematica:E019032,2803,30,0.305676852553045,0.013513513513513514,0.007620292373222148,0.0,0.0,0.0,3.0,5.0
emblematica:E019033,2803,136,0.4285300960240915,0.14285714285714285,0.05986733721870762,0.0,0.0,0.014705882352941176,3.5,5.0
emblematica:E019034,2803,149,0.4678338571821601,0.041666666666666664,0.0544058213167699,0.0,0.0,0.0,11.5,4.5
emblematica:E019035,2803,17,0.3333333333333333,0.004878048780487805,0.007972816265357244,0.0,0.0,0.0,1.0,4.0
emblematica:E019036,2803,156,0.3342988582856459,0.038461538461538464,0.06046200448180024,0.0,0.0,0.0,2.0,4.0
emblematica:E019037,2803,141,0.306040696826911,0.025,0.04962862536638171,0.0,0.0,0.0,9.0,3.5
emblematica:E019038,2803,139,0.3333333333333333,0.06666666666666667,0.05520716832713224,0.0,0.0,0.0,3.0,4.0
emblematica:E019039,2803,159,0.3672578654609435,0.017543859649122806,0.05772623688966782,0.0,0.0,0.0,13.5,3.5
emblematica:E019040,2803,52,0.35647707397892575,0.041666666666666664,0.02020142419565526,0.0,0.0,0.0,1.0,4.0
emblematica:E019041,2803,28,0.3333333333333333,0.007246376811594203,0.009428296661715149,0.0,0.0,0.0,1.0,4.0
emblematica:E019042,2803,25,0.34259820498003546,0.06666666666666667,0.01466510560994136,0.0,0.0,0.0,1.0,4.0
emblematica:E019043,2803,76,0.3333333333333333,0.02040816326530612,0.027260548974318972,0.0,0.0,0.0,5.0,4.0
emblematica:E019044,2803,122,0.3613587144114851,0.08333333333333333,0.048090934428405153,0.0,0.0,0.0,11.0,3.0
emblematica:E019045,2803,50,0.3339887833604304,0.002369668246445498,0.015743391452369672,0.0,0.0,0.0,7.0,4.0
emblematica:E019046,2803,188,0.413239152406673,0.2,0.07139641497503765,0.0,0.005319148936170213,0.005319148936170213,18.5,4.0
emblematica:E019047,2803,158,0.3272196731583866,0.08333333333333333,0.0640504799169195,0.0,0.0,0.0,12.5,4.5
emblematica:E019048,2803,91,0.3700755869371186,0.25,0.03508260520488903,0.0,0.01098901098901099,0.01098901098901099,4.0,5.0
emblematica:E019049,2803,67,0.3191428137263964,0.013157894736842105,0.022492317869769053,0.0,0.0,0.0,3.5,4.5
emblematica:E019050,2803,46,0.31499235280849325,0.021739130434782608,0.015982899724195865,0.0,0.0,0.0,2.0,4.0
emblematica:E019051,2803,111,0.30596340228227864,0.03333333333333333,0.036653921085648536,0.0,0.0,0.0,1.0,4.0
emblematica:E019052,2803,218,0.34639971149644583,0.025,0.08209168208732999,0.0,0.0,0.0,2.0,4.0
emblematica:E019053,2803,28,0.3333333333333333,0.012987012987012988,0.014054758537011441,0.0,0.0,0.0,2.0,4.0
emblematica:E019054,2803,126,0.3779940416912197,0.2,0.046559133565034716,0.0,0.007936507936507936,0.007936507936507936,13.0,5.0
emblematica:E019055,2803,257,0.4572804155705083,0.25,0.08932997218418032,0.0,0.0038910505836575876,0.007782101167315175,13.0,4.0
emblematica:E019056,2803,279,0.3333333333333333,0.03225806451612903,0.09953376972045631,0.0,0.0,0.0,4.0,5.0
emblematica:E019093,2803,64,0.3333333333333333,0.011235955056179775,0.0236334288638828,0.0,0.0,0.0,11.5,3.0
emblematica:E019094,2803,98,0.3455606536832266,0.0625,0.03825801244503957,0.0,0.0,0.0,9.5,3.0
emblematica:E019095,2803,18,0.3191428137263964,0.0035587188612099642,0.006996110428283789,0.0,0.0,0.0,2.5,2.5
emblematica:E019096,2803,109,0.3206948847507265,0.006097560975609756,0.03746838521208239,0.0,0.0,0.0,24.0,3.0
emblematica:E019097,2803,151,0.3033126334200268,0.027777777777777776,0.05682429559830942,0.0,0.0,0.0,6.0,3.5
emblematica:E019098,2803,29,0.3611058221080442,0.125,0.012855951110766406,0.0,0.0,0.034482758620689655,2.0,4.0
emblematica:E019099,2803,27,0.32007900245855164,0.013333333333333334,0.010989826262585515,0.0,0.0,0.0,1.0,3.0
emblematica:E019100,2803,80,0.3333333333333333,0.023255813953488372,0.02957862818264132,0.0,0.0,0.0,7.0,4.0
emblematica:E019101,2803,8,0.3446731793499352,0.0024752475247524753,0.002656200453387978,0.0,0.0,0.0,1.0,3.0
emblematica:E019102,2803,9,0.3333333333333333,0.015151515151515152,0.00444133004362631,0.0,0.0,0.0,2.5,3.5
emblematica:E019103,2803,29,0.33551595337910856,0.02564102564102564,0.011788390629719299,0.0,0.0,0.0,3.0,3.0
emblematica:E019104,2803,1,0.09281209145505709,0.0013404825737265416,0.0013404825737265416,0.0,0.0,0.0,1.5,3.5
emblematica:E019105,2803,35,0.30038230429494683,0.01282051282051282,0.014406282187115597,0.0,0.0,0.0,3.5,2.0
emblematica:E019106,2803,42,0.39337530499308965,0.5,0.025866281113241397,0.0,0.023809523809523808,0.023809523809523808,2.0,4.0
emblematica:E019107,2803,117,0.3039877644935893,0.020833333333333332,0.03945027459377876,0.0,0.0,0.0,8.0,5.0
emblematica:E019108,2803,38,0.3103089172658112,0.02631578947368421,0.015030355410280524,0.0,0.0,0.0,6.0,4.0
emblematica:E019173,2803,53,0.3700152943830133,0.012658227848101266,0.01794012684852939,0.0,0.0,0.0,8.5,3.0
emblematica:E019174,2803,34,0.3333333333333333,0.004424778761061947,0.01230180409604964,0.0,0.0,0.0,6.5,3.0
emblematica:E019175,2803,189,0.3333333333333333,0.043478260869565216,0.0750105771952469,0.0,0.0,0.0,25.0,3.0
emblematica:E019176,2803,22,0.31499235280849325,0.018518518518518517,0.012135911661745826,0.0,0.0,0.0,1.0,5.0
emblematica:E019177,2803,8,0.32355147705341863,0.0014265335235378032,0.002793671333524892,0.0,0.0,0.0,1.0,3.0
emblematica:E019178,2803,26,0.3333333333333333,0.0072992700729927005,0.009519139342709934,0.0,0.0,0.0,5.0,4.0
emblematica:E019179,2803,63,0.28924812321719445,0.015873015873015872,0.025065911844369296,0.0,0.0,0.0,2.0,3.0
emblematica:E019180,2803,34,0.31058240755813493,0.008771929824561403,0.013295623674192274,0.0,0.0,0.0,4.0,5.0
emblematica:E019181,2803,23,0.28785903870332696,0.012987012987012988,0.010919375323551169,0.0,0.0,0.0,2.0,3.0
emblematica:E019182,2803,23,0.3051053753273706,0.004484304932735426,0.009533951851018189,0.0,0.0,0.0,3.0,4.0
emblematica:E019183,2803,50,0.3333333333333333,0.023255813953488372,0.018293199698496288,0.0,0.0,0.0,6.0,4.0
emblematica:E019184,2803,24,0.29665137228365324,0.008695652173913044,0.009212972602319654,0.0,0.0,0.0,4.0,5.0
emblematica:E019185,2803,45,0.3275473981719352,0.017543859649122806,0.016056641887595393,0.0,0.0,0.0,4.0,4.0
emblematica:E019186,2803,729,0.32026695517022075,0.09090909090909091,0.2610027483347149,0.0,0.0,0.0,9.0,3.0
emblematica:E019187,2803,60,0.2989454340828615,0.006944444444444444,0.02079170036461926,0.0,0.0,0.0,13.0,4.0
emblematica:E019188,2803,52,0.3212597260053546,0.007246376811594203,0.021152098319202287,0.0,0.0,0.0,6.0,4.0
emblematica:E019189,2803,60,0.40669725543269336,0.3333333333333333,0.027730690698991468,0.0,0.016666666666666666,0.016666666666666666,2.0,3.0
emblematica:E019190,2803,67,0.3700152943830133,0.06666666666666667,0.0265067391844561,0.0,0.0,0.0,6.5,3.5
emblematica:E019191,2803,42,0.3333333333333333,0.007518796992481203,0.01399744129150054,0.0,0.0,0.0,7.5,4.5
emblematica:E019192,2803,128,0.35167431385817327,0.019230769230769232,0.04263028863759122,0.0,0.0,0.0,14.0,4.0
emblematica:E019193,2803,29,0.322729868633508,0.012195121951219513,0.011962031274832013,0.0,0.0,0.0,2.5,4.0
emblematica:E019194,2803,89,0.5792371147591019,1.0,0.05337366505337403,0.011235955056179775,0.02247191011235955,0.033707865168539325,1.0,4.0
emblematica:E019195,2803,128,0.43638289305226546,0.2,0.051175769162955374,0.0,0.0078125,0.015625,7.5,4.0
emblematica:E019196,2803,98,0.34334545890019363,0.058823529411764705,0.038425473191137365,0.0,0.0,0.0,5.0,4.0
emblematica:E019197,2803,103,0.3068833440240848,0.08333333333333333,0.038041949236990606,0.0,0.0,0.0,4.0,4.0
emblematica:E019198,2803,103,0.3333333333333333,0.04,0.03604155436891845,0.0,0.0,0.0,7.0,3.0
emblematica:E019199,2803,121,0.3333333333333333,0.011764705882352941,0.03630065735481533,0.0,0.0,0.0,14.0,4.0
emblematica:E019200,2803,26,0.3333333333333333,0.005847953216374269,0.008718247754636607,0.0,0.0,0.0,4.0,4.0
emblematica:E019201,2803,98,0.4172135428570964,0.16666666666666666,0.0397769970401446,0.0,0.0,0.01020408163265306,2.0,4.0
emblematica:E019202,2803,24,0.3585010815663068,0.006369426751592357,0.007106571111840136,0.0,0.0,0.0,5.5,3.5
emblematica:E019203,2803,114,0.3654302950175813,0.07692307692307693,0.043235877411454425,0.0,0.0,0.0,9.0,3.0
emblematica:E019204,2803,26,0.2988371770021914,0.030303030303030304,0.010640762769035876,0.0,0.0,0.0,5.5,3.0
emblematica:E019205,2803,153,0.3123722127335161,0.08333333333333333,0.05608769370519609,0.0,0.0,0.0,14.0,3.0
emblematica:E020642,2803,199,0.39184813497441146,0.125,0.06864385914927666,0.0,0.0,0.005025125628140704,2.0,5.0
emblematica:E020643,2803,165,0.3455606536832266,0.03333333333333333,0.06409350606966127,0.0,0.0,0.0,1.0,5.0
emblematica:E020644,2803,1,0.3201083386787091,0.0003695491500369549,0.0003695491500369549,0.0,0.0,0.0,1.0,5.0
emblematica:E020645,2803,284,0.3333333333333333,0.05555555555555555,0.10376777734750331,0.0,0.0,0.0,6.0,4.0
emblematica:E020646,2803,215,0.47219577720688777,0.5,0.0833256878816099,0.0,0.004651162790697674,0.009302325581395349,6.0,4.0
emblematica:E020647,2803,62,0.3372292212340259,0.05,0.028736115528833827,0.0,0.0,0.0,4.0,4.0
emblematica:E020648,2803,92,0.39087972935144055,0.038461538461538464,0.03248821930462587,0.0,0.0,0.0,1.0,4.0
emblematica:E020649,2803,195,0.38559884598578353,0.07692307692307693,0.07378363242134124,0.0,0.0,0.0,3.0,4.0
emblematica:E020650,2803,224,0.35444209009614425,0.06666666666666667,0.07593471392024341,0.0,0.0,0.0,14.0,4.0
emblematica:E020651,2803,63,0.3333333333333333,0.011235955056179775,0.019351601074502463,0.0,0.0,0.0,1.0,4.0
emblematica:E020652,2803,134,0.3333333333333333,0.02631578947368421,0.04893064423638101,0.0,0.0,0.0,9.0,3.0
emblematica:E020653,2803,96,0.3333333333333333,0.037037037037037035,0.03544597821601168,0.0,0.0,0.0,9.5,4.0
emblematica:E020654,2803,109,0.3191428137263964,0.016129032258064516,0.04016554043988442,0.0,0.0,0.0,1.0,5.0
emblematica:E020655,2803,188,0.3775028156362593,0.1111111111111111,0.0667430884570739,0.0,0.0,0.005319148936170213,6.0,4.5
emblematica:E020656,2803,9,0.35615829375157193,0.0024875621890547263,0.0030926247081013145,0.0,0.0,0.0,1.5,5.0
emblematica:E020657,2803,24,0.3178088052593535,0.010752688172043012,0.011087857756428364,0.0,0.0,0.0,1.0,5.0
emblematica:E020658,2803,203,0.3333333333333333,0.08333333333333333,0.06866621122702717,0.0,0.0,0.0,2.0,5.0
emblematica:E020659,2803,106,0.3307997012441497,0.023809523809523808,0.033443415004953056,0.0,0.0,0.0,3.0,3.0
emblematica:E020660,2803,40,0.3443757039090648,0.010752688172043012,0.014079728292685468,0.0,0.0,0.0,5.0,5.0
emblematica:E020661,2803,362,0.42590829591570295,0.06666666666666667,0.12907905753675736,0.0,0.0,0.0,11.0,5.0
emblematica:E020662,2803,35,0.2991472221120094,0.09090909090909091,0.021042209753346367,0.0,0.0,0.0,1.0,4.5
emblematica:E020663,2803,98,0.3872680799881301,0.25,0.03677937858328598,0.0,0.01020408163265306,0.01020408163265306,4.0,5.0
emblematica:E020664,2803,160,0.3333333333333333,0.0625,0.0665159313064164,0.0,0.0,0.0,1.0,4.5
emblematica:E020665,2803,25,0.32026695517022075,0.0024390243902439024,0.008349456456782967,0.0,0.0,0.0,1.0,3.5
emblematica:E020666,2803,14,0.4096905592220609,0.5,0.045505280052793876,0.0,0.07142857142857142,0.07142857142857142,2.0,5.0
emblematica:E020667,2803,248,0.37962081462451813,0.125,0.09001492961926902,0.0,0.0,0.004032258064516129,13.0,4.0
emblematica:E020668,2803,377,0.524461289859338,0.16666666666666666,0.13471916492390434,0.0,0.0,0.002652519893899204,25.0,4.0
emblematica:E020669,2803,208,0.3333333333333333,0.08333333333333333,0.08226068319568497,0.0,0.0,0.0,4.0,5.0
emblematica:E020670,2803,12,0.31727170340499655,0.012345679012345678,0.005761519099725647,0.0,0.0,0.0,1.0,5.0
emblematica:E020671,2803,306,0.43188632727696835,0.16666666666666666,0.11802487931056825,0.0,0.0,0.006535947712418301,12.5,4.0
emblematica:E020672,2803,220,0.3740996293366524,0.125,0.08584779021398195,0.0,0.0,0.004545454545454545,14.0,3.0
emblematica:E020673,2803,189,0.322729868633508,0.029411764705882353,0.06837154297512732,0.0,0.0,0.0,9.0,4.0
emblematica:E020674,2803,231,0.31499235280849325,0.05263157894736842,0.08735022997362775,0.0,0.0,0.0,4.0,5.0
emblematica:E020675,2803,47,0.3191428137263964,0.02040816326530612,0.016828990895122912,0.0,0.0,0.0,5.0,4.0
emblematica:E020676,2803,464,0.626259027194775,0.5,0.16582341180044996,0.0,0.004310344827586207,0.008620689655172414,47.0,4.0
emblematica:E020677,2803,293,0.3900954117610806,0.2,0.11002785579648483,0.0,0.0034129692832764505,0.0034129692832764505,1.0,3.5
emblematica:E020678,2803,337,0.3333333333333333,0.07692307692307693,0.11790867065049383,0.0,0.0,0.0,7.5,4.0
emblematica:E020679,2803,6,0.42590829591570295,0.006493506493506494,0.0028032474466787465,0.0,0.0,0.0,1.0,4.0
emblematica:E020680,2803,191,0.3333333333333333,0.01818181818181818,0.06630207557769512,0.0,0.0,0.0,8.5,4.0
emblematica:E020681,2803,82,0.3333333333333333,0.014492753623188406,0.02717699672668374,0.0,0.0,0.0,6.0,4.5
emblematica:E020682,2803,11,0.30908204277918666,0.02857142857142857,0.008996714024977372,0.0,0.0,0.0,1.0,4.0
emblematica:E020683,2803,301,0.38559884598578353,0.16666666666666666,0.11345545135350076,0.0,0.0,0.0033222591362126247,4.0,5.0
emblematica:E020684,2803,305,0.3900954117610806,0.08333333333333333,0.10676273134924212,0.0,0.0,0.0,6.5,4.0
emblematica:E020685,2803,351,0.41991667443556047,0.1,0.12737276303923034,0.0,0.0,0.002849002849002849,8.5,5.0
emblematica:E020686,2803,102,0.4075679468220986,0.017543859649122806,0.039468512088147625,0.0,0.0,0.0,2.0,5.0
emblematica:E020687,2803,120,0.37962081462451813,0.125,0.04230195679499605,0.0,0.0,0.008333333333333333,5.0,6.0
emblematica:E020688,2803,159,0.37574719213263447,0.1,0.06210887988478449,0.0,0.0,0.006289308176100629,11.0,5.0
emblematica:E020689,2803,274,0.37962081462451813,0.125,0.10245940229655494,0.0,0.0,0.0036496350364963502,2.0,4.0
emblematica:E020690,2803,99,0.33860793569506076,0.07142857142857142,0.03855939554982787,0.0,0.0,0.0,10.0,4.0
emblematica:E020691,2803,72,0.3186605489134613,0.06666666666666667,0.0277564532783975,0.0,0.0,0.0,1.0,4.5
emblematica:E020692,2803,100,0.3333333333333333,0.045454545454545456,0.03429094813435339,0.0,0.0,0.0,11.0,6.0
emblematica:E020693,2803,92,0.3333333333333333,0.05,0.035085851378052785,0.0,0.0,0.0,8.5,4.0
emblematica:E020694,2803,241,0.4607019049383708,0.2,0.08020914236749951,0.0,0.004149377593360996,0.008298755186721992,2.0,5.0
emblematica:E020695,2803,112,0.3498751867360333,0.03125,0.044237715657532116,0.0,0.0,0.0,8.0,4.5
emblematica:E020696,2803,178,0.5673344077645105,1.0,0.07199378466561779,0.0056179775280898875,0.011235955056179775,0.011235955056179775,6.0,5.0
emblematica:E020697,2803,272,0.531514397628038,0.5,0.09562661681865772,0.0,0.007352941176470588,0.007352941176470588,1.0,4.5
emblematica:E020698,2803,499,0.4454348576459405,0.25,0.17057522192445146,0.0,0.002004008016032064,0.004008016032064128,25.5,5.0
emblematica:E020699,2803,351,0.4285300960240915,0.14285714285714285,0.12932155417957847,0.0,0.0,0.005698005698005698,6.5,4.0
emblematica:E020700,2803,160,0.3333333333333333,0.04,0.05650525043757898,0.0,0.0,0.0,14.0,4.0
emblematica:E020701,2803,74,0.37574719213263447,0.013157894736842105,0.02699590687695088,0.0,0.0,0.0,5.0,4.0
emblematica:E020702,2803,378,0.38998013055792136,0.3333333333333333,0.14145025056902982,0.0,0.0026455026455026454,0.0026455026455026454,13.0,4.5
emblematica:E020704,2803,0,1.0,,,,,,1.0,2.0
emblematica:E020705,2803,0,1.0,,,,,,1.0,2.0
emblematica:E020706,2803,0,0.6947651160602988,,,,,,1.0,2.0
emblematica:E020707,2803,0,1.0,,,,,,1.0,2.0
emblematica:E020708,2803,0,1.0,,,,,,1.0,2.0
emblematica:E020709,2803,0,1.0,,,,,,1.0,2.0
emblematica:E020710,2803,0,1.0,,,,,,1.0,2.0
emblematica:E020711,2803,0,0.8899541168509598,,,,,,1.0,2.0
emblematica:E020712,2803,0,0.9052116356304492,,,,,,1.0,2.0
emblematica:E020713,2803,1,0.5521280687385698,0.00036153289949385393,0.00036153289949385393,0.0,0.0,0.0,2.0,2.0
emblematica:E020714,2803,0,1.0,,,,,,1.0,2.0
emblematica:E020715,2803,0,0.8899541168509598,,,,,,1.0,2.0
emblematica:E020716,2803,0,0.7799082337019198,,,,,,1.0,2.0
emblematica:E020717,2803,0,0.866947989864271,,,,,,1.0,2.0
emblematica:E020718,2803,0,0.8553475075669356,,,,,,1.0,2.0
emblematica:E020719,2803,0,0.9305687780632227,,,,,,1.0,2.0
emblematica:E020720,2803,0,0.8200685179888281,,,,,,1.0,2.0
emblematica:E020721,2803,0,0.8611375561264454,,,,,,1.0,2.0
emblematica:E020722,2803,0,0.9052116356304492,,,,,,1.0,2.0
emblematica:E020723,2803,0,0.9305687780632227,,,,,,1.0,2.0
emblematica:E020724,2803,0,0.6442227883107534,,,,,,1.0,2.0
emblematica:E020725,2803,0,0.7827392871477701,,,,,,1.0,2.0
emblematica:E020726,2803,0,0.9052116356304492,,,,,,1.0,2.0
emblematica:E020727,2803,0,0.42724449526787633,,,,,,1.0,2.0
emblematica:E020728,2803,0,0.9363792118010483,,,,,,1.0,2.0
emblematica:E020729,2803,0,0.8899541168509598,,,,,,1.0,2.0
emblematica:E020730,2803,0,0.8048109992093389,,,,,,1.0,2.0
emblematica:E020731,2803,0,0.7799082337019198,,,,,,1.0,2.0
emblematica:E020732,2803,0,0.8643145546088336,,,,,,1.0,2.0
emblematica:E020733,2803,1,0.36468258817891136,0.00036258158085569254,0.00036258158085569254,0.0,0.0,0.0,2.0,2.0
emblematica:E020734,2803,0,0.7827392871477701,,,,,,1.0,2.0
emblematica:E020735,2803,0,1.0,,,,,,1.0,2.0
emblematica:E020736,2803,0,1.0,,,,,,1.0,2.0
emblematica:E020737,2803,0,0.8357804136936718,,,,,,1.0,2.0
emblematica:E020738,2803,0,0.9337457765456109,,,,,,1.0,2.0
emblematica:E020739,2803,0,0.795165752481409,,,,,,1.0,2.0
emblematica:E020740,2803,0,1.0,,,,,,1.0,2.0
emblematica:E020741,2803,0,1.0,,,,,,1.0,2.0
emblematica:E020742,2803,0,0.7827392871477701,,,,,,1.0,2.0
emblematica:E020743,2803,0,1.0,,,,,,1.0,2.0
emblematica:E020744,2803,0,1.0,,,,,,1.0,2.0
emblematica:E020745,2803,0,0.8899541168509598,,,,,,1.0,2.0
emblematica:E020746,2803,0,0.5747915663739762,,,,,,1.0,2.0
emblematica:E020747,2803,0,0.6410457898283652,,,,,,1.0,2.0
emblematica:E020748,2803,0,0.9305687780632227,,,,,,1.0,2.0
emblematica:E020749,2803,0,0.8701249883466592,,,,,,1.0,2.0
emblematica:E020750,2803,0,0.9337457765456109,,,,,,1.0,2.0
emblematica:E020751,2803,0,0.9148568823583789,,,,,,1.0,2.0
emblematica:E020752,2803,0,0.8611375561264454,,,,,,1.0,2.0
emblematica:E020753,2803,0,1.0,,,,,,1.0,2.0
emblematica:E020754,2803,0,0.9305687780632227,,,,,,1.0,2.0
emblematica:E020755,2803,0,0.7948833326720565,,,,,,1.0,2.0
emblematica:E020756,2803,0,0.7104770117651426,,,,,,1.0,2.0
emblematica:E020757,2803,0,0.9363792118010483,,,,,,1.0,2.0
emblematica:E022361,2803,62,0.3333333333333333,0.020833333333333332,0.021658527262035418,0.0,0.0,0.0,1.0,4.0
emblematica:E022362,2803,0,1.0,,,,,,1.0,2.0
emblematica:E022363,2803,0,1.0,,,,,,1.0,2.0
emblematica:E022364,2803,0,0.8643145546088336,,,,,,1.0,2.0
emblematica:E022506,2803,172,0.3002539673622872,0.017857142857142856,0.05412799728860762,0.0,0.0,0.0,3.0,6.0
emblematica:E022507,2803,460,0.5534250996314135,1.0,0.156583703418893,0.002173913043478261,0.004347826086956522,0.004347826086956522,6.5,4.0
emblematica:E022508,2803,142,0.3333333333333333,0.03333333333333333,0.04767224900714025,0.0,0.0,0.0,3.0,5.0
emblematica:E022509,2803,45,0.38224261473290666,0.007692307692307693,0.016502427204026178,0.0,0.0,0.0,2.0,5.0
emblematica:E022510,2803,812,0.5368232559598007,1.0,0.29500619359931257,0.0012315270935960591,0.0024630541871921183,0.0024630541871921183,5.5,5.5
emblematica:E022511,2803,665,0.5856672792443884,1.0,0.23854773091358203,0.0015037593984962407,0.0030075187969924814,0.004511278195488722,10.0,6.0
emblematica:E022512,2803,195,0.29665137228365324,0.038461538461538464,0.0739994770737862,0.0,0.0,0.0,7.0,5.5
emblematica:E022513,2803,595,0.5867246360123478,0.3333333333333333,0.2145874983202681,0.0,0.0033613445378151263,0.0067226890756302525,15.0,5.0
emblematica:E022514,2803,213,0.3895230577346211,0.14285714285714285,0.07478110511341216,0.0,0.0,0.004694835680751174,7.5,5.0
emblematica:E022515,2803,99,0.3333333333333333,0.012987012987012988,0.0340604626495267,0.0,0.0,0.0,5.0,5.0
emblematica:E022516,2803,281,0.39368513724595117,0.037037037037037035,0.09776776837873644,0.0,0.0,0.0,2.0,5.0
emblematica:E022517,2803,123,0.48006117753205335,1.0,0.053512121919885976,0.008130081300813009,0.008130081300813009,0.008130081300813009,4.5,5.0
emblematica:E022518,2803,77,0.3333333333333333,0.037037037037037035,0.024710275482629863,0.0,0.0,0.0,6.0,5.0
emblematica:E022519,2803,267,0.369800785257525,0.16666666666666666,0.08568330853752638,0.0,0.0,0.003745318352059925,7.0,4.0
emblematica:E022520,2803,306,0.3929826989901959,0.125,0.11567818318169076,0.0,0.0,0.0032679738562091504,2.0,6.0
emblematica:E022521,2803,319,0.3790530411853491,0.2,0.12094440757434781,0.0,0.003134796238244514,0.003134796238244514,2.0,4.0
emblematica:E022522,2803,245,0.44607684688390514,0.16666666666666666,0.08848335704826266,0.0,0.0,0.004081632653061225,6.5,4.5
emblematica:E022523,2803,338,0.5655408803109547,1.0,0.1375247532988782,0.0029585798816568047,0.005917159763313609,0.005917159763313609,14.0,3.5
emblematica:E022524,2803,47,0.48910053882873683,0.5,0.028238891806972203,0.0,0.02127659574468085,0.02127659574468085,3.0,6.0
emblematica:E022525,2803,341,0.5564728394479543,0.25,0.12018848453056571,0.0,0.002932551319648094,0.005865102639296188,7.5,6.0
emblematica:E022526,2803,331,0.35167431385817327,0.07692307692307693,0.11003134770556794,0.0,0.0,0.0,7.0,4.0
emblematica:E022527,2803,158,0.36756983031303464,0.14285714285714285,0.048923891848779114,0.0,0.0,0.006329113924050633,4.5,6.0
emblematica:E022528,2803,485,0.42590829591570295,0.5,0.17810572717110987,0.0,0.002061855670103093,0.002061855670103093,6.0,4.0
emblematica:E022529,2803,335,0.38054995225338684,0.1,0.10836832565341636,0.0,0.0,0.0029850746268656717,2.0,5.0
emblematica:E022530,2803,115,0.3704075558327909,0.1111111111111111,0.0494982076028434,0.0,0.0,0.008695652173913044,6.0,6.0
emblematica:E022531,2803,152,0.6215454215139965,1.0,0.07612101420947362,0.006578947368421052,0.013157894736842105,0.019736842105263157,4.5,6.0
emblematica:E022532,2803,345,0.6723158784616012,1.0,0.1264615105913715,0.002898550724637681,0.002898550724637681,0.005797101449275362,5.0,3.0
emblematica:E022533,2803,305,0.40669725543269336,0.3333333333333333,0.10720341875600849,0.0,0.003278688524590164,0.003278688524590164,3.0,5.0
emblematica:E022534,2803,293,0.39089919470443485,0.3333333333333333,0.09642328952489618,0.0,0.0034129692832764505,0.0034129692832764505,10.0,4.0
emblematica:E022535,2803,205,0.3333333333333333,0.05263157894736842,0.07803071510685759,0.0,0.0,0.0,6.0,4.0
emblematica:E028278,2803,473,0.601162361420306,0.5,0.18177803468513748,0.0,0.004228329809725159,0.008456659619450317,14.0,4.0
emblematica:E028279,2803,1226,0.5950825130250413,0.5,0.4326915333249696,0.0,0.0016313213703099511,0.0024469820554649264,16.0,3.0
emblematica:E028280,2803,300,0.3399746711377494,0.043478260869565216,0.10848816721277509,0.0,0.0,0.0,7.0,4.5
emblematica:E028281,2803,800,0.5982599813886227,1.0,0.2956495050286126,0.00125,0.00125,0.00375,14.0,4.0
emblematica:E028282,2803,1173,0.6593011216267334,1.0,0.4164595934852613,0.0008525149190110827,0.0008525149190110827,0.004262574595055414,29.0,4.0
emblematica:E028283,2803,573,0.30936786546993733,0.5,0.1967151984370961,0.0,0.0017452006980802793,0.0017452006980802793,21.0,3.0
emblematica:E028284,2803,960,0.5372520199381309,0.5,0.3452317395695035,0.0,0.0010416666666666667,0.004166666666666667,6.0,4.0
emblematica:E028285,2803,534,0.482905059841596,1.0,0.19649516536657316,0.0018726591760299626,0.0018726591760299626,0.0056179775280898875,22.0,4.0
emblematica:E028286,2803,156,0.267054702422111,0.16666666666666666,0.054680874678353586,0.0,0.0,0.00641025641025641,3.0,4.0
emblematica:E028287,2803,577,0.3363041767101815,0.25,0.19838736712048216,0.0,0.0017331022530329288,0.0017331022530329288,18.0,4.0
emblematica:E028288,2803,739,0.5269563155394771,0.5,0.26270811729343096,0.0,0.0040595399188092015,0.0040595399188092015,14.5,4.0
emblematica:E028289,2803,1252,0.4216499174284967,0.25,0.44037822811943084,0.0,0.0007987220447284345,0.0023961661341853034,5.0,4.0
emblematica:E028290,2803,401,0.2734179559631153,0.05263157894736842,0.13773981897285997,0.0,0.0,0.0,21.0,4.0
emblematica:E028291,2803,394,0.622996980360507,1.0,0.147571472299652,0.0025380710659898475,0.0025380710659898475,0.005076142131979695,10.0,4.0
emblematica:E028292,2803,448,0.38068282356920147,0.2,0.1453827747646987,0.0,0.002232142857142857,0.004464285714285714,17.0,3.0
emblematica:E028293,2803,993,0.564529622901646,1.0,0.3585485156213706,0.0010070493454179255,0.0010070493454179255,0.002014098690835851,13.0,4.0
emblematica:E028294,2803,1109,0.7124871867670541,0.5,0.38780773132044905,0.0,0.0036068530207394047,0.0063119927862939585,14.0,4.0
emblematica:E028295,2803,765,0.46780603369800816,0.3333333333333333,0.2892160140623638,0.0,0.00261437908496732,0.00522875816993464,14.0,4.0
emblematica:E028296,2803,597,0.403326751642832,0.3333333333333333,0.22171923423235929,0.0,0.0016750418760469012,0.0033500837520938024,12.0,4.0
emblematica:E028297,2803,530,0.47732276870048007,1.0,0.1846001122357921,0.0018867924528301887,0.0018867924528301887,0.0018867924528301887,7.0,4.0
emblematica:E028298,2803,212,0.26758197114056687,0.0625,0.08194503372656019,0.0,0.0,0.0,8.0,3.0
emblematica:E028299,2803,1178,0.4099821579029813,0.3333333333333333,0.426875283813488,0.0,0.0008488964346349745,0.003395585738539898,14.5,4.0
emblematica:E028300,2803,861,0.5981009135291212,1.0,0.31861343206418224,0.0011614401858304297,0.0023228803716608595,0.0023228803716608595,4.5,3.5
emblematica:E028301,2803,390,0.270658432535588,0.1111111111111111,0.1252822474009225,0.0,0.0,0.002564102564102564,17.5,4.0
emblematica:E028302,2803,1116,0.8041476471553095,1.0,0.40114043372766495,0.0008960573476702509,0.0035842293906810036,0.005376344086021506,8.0,4.0
emblematica:E028303,2803,1165,0.5045957095051947,0.5,0.4023079005995353,0.0,0.0008583690987124463,0.0017167381974248926,15.0,4.0
emblematica:E028304,2803,1305,0.6707162235093713,1.0,0.4741758178116621,0.0007662835249042146,0.0015325670498084292,0.004597701149425287,16.5,4.0
emblematica:E028305,2803,1210,0.364162204486517,0.5,0.4357527843948843,0.0,0.0008264462809917355,0.001652892561983471,17.5,4.0
emblematica:E028306,2803,1315,0.6136756466221932,0.5,0.4685284960867219,0.0,0.001520912547528517,0.0038022813688212928,15.0,4.0
emblematica:E028307,2803,1262,0.3160015269846124,0.25,0.44241030216793903,0.0,0.001584786053882726,0.002377179080824089,13.5,4.0
emblematica:E028308,2803,595,0.3618261425349588,0.25,0.21394284894307852,0.0,0.0016806722689075631,0.0016806722689075631,16.5,4.0
emblematica:E028309,2803,847,0.8302559656452859,1.0,0.3366104831743653,0.0011806375442739079,0.004722550177095631,0.008264462809917356,9.0,4.0
emblematica:E028310,2803,357,0.38512154757612826,0.1,0.11982774330840859,0.0,0.0,0.0028011204481792717,20.0,4.0
emblematica:E028311,2803,1352,0.6219822153879053,0.3333333333333333,0.4757867217311375,0.0,0.0007396449704142012,0.0036982248520710057,16.0,5.0
emblematica:E028312,2803,1190,0.7640204557828327,1.0,0.43178620403201534,0.0008403361344537816,0.0016806722689075631,0.004201680672268907,18.5,4.0
emblematica:E028313,2803,648,0.5421005835697552,1.0,0.2288187756041629,0.0015432098765432098,0.0030864197530864196,0.004629629629629629,17.0,4.0
emblematica:E028314,2803,618,0.5358196560713995,1.0,0.21799223402473222,0.0016181229773462784,0.003236245954692557,0.003236245954692557,8.5,5.0
emblematica:E028315,2803,447,0.6844313969332317,1.0,0.1524569216666394,0.0022371364653243847,0.0022371364653243847,0.006711409395973154,9.0,5.0
emblematica:E028316,2803,238,0.2946235181934919,0.3333333333333333,0.08184304898925965,0.0,0.004201680672268907,0.004201680672268907,10.5,3.0
emblematica:E028317,2803,573,0.4188556052785736,0.1,0.195602378038536,0.0,0.0,0.0017452006980802793,21.0,4.0
emblematica:E028318,2803,371,0.2677665428507488,0.2,0.12911857944617916,0.0,0.0026954177897574125,0.0026954177897574125,14.0,3.0
emblematica:E028319,2803,216,0.2720058080255162,0.16666666666666666,0.07498795079745608,0.0,0.0,0.004629629629629629,5.0,4.0
emblematica:E028320,2803,392,0.3668194280630515,0.5,0.14788075631437175,0.0,0.002551020408163265,0.00510204081632653,8.0,5.0
emblematica:E028321,2803,515,0.2660594504538725,0.1111111111111111,0.17559103368149107,0.0,0.0,0.001941747572815534,8.0,4.0
emblematica:E028322,2803,719,0.3301247767745351,0.1,0.2559680722195747,0.0,0.0,0.0013908205841446453,27.0,4.0
emblematica:E028323,2803,686,0.5260079990370639,0.5,0.2315508918734657,0.0,0.0014577259475218659,0.004373177842565598,16.0,4.0
emblematica:E028324,2803,387,0.24145315473218681,0.09090909090909091,0.13703615670321553,0.0,0.0,0.0,6.0,3.5
emblematica:E028325,2803,911,0.6921986964427637,1.0,0.33640130498352044,0.0010976948408342481,0.0021953896816684962,0.006586169045005488,6.5,4.0
emblematica:E028326,2803,743,0.26232482847863203,0.25,0.26139449664681924,0.0,0.0013458950201884253,0.0013458950201884253,13.0,4.0
emblematica:E028327,2803,437,0.30216940057797376,0.08333333333333333,0.1489438459600549,0.0,0.0,0.0,10.0,4.0
emblematica:E028328,2803,422,0.3335662531701752,0.2,0.1473393813229013,0.0,0.002369668246445498,0.004739336492890996,15.0,4.0
emblematica:E028329,2803,1198,0.6159859484181152,0.5,0.4337730013908133,0.0,0.0025041736227045075,0.00333889816360601,31.5,4.0
emblematica:E028330,2803,1209,0.5555049084765472,1.0,0.43315152022400033,0.0008271298593879239,0.0016542597187758478,0.0033085194375516956,18.5,4.0
emblematica:E028331,2803,611,0.4439173215953766,0.16666666666666666,0.21752663195755953,0.0,0.0,0.0032733224222585926,16.0,4.0
emblematica:E028332,2803,731,0.4688548929326131,0.3333333333333333,0.2619682679420101,0.0,0.0027359781121751026,0.004103967168262654,21.0,3.0
emblematica:E028333,2803,1171,0.46960549859522266,0.3333333333333333,0.4263260350362939,0.0,0.0025619128949615714,0.0034158838599487617,14.0,4.0
emblematica:E028334,2803,650,0.4589627680851436,0.3333333333333333,0.23673235023919728,0.0,0.0015384615384615385,0.003076923076923077,12.0,4.0
emblematica:E028335,2803,570,0.4483073312886402,0.2,0.19290720111514528,0.0,0.0017543859649122807,0.0035087719298245615,15.5,3.5
emblematica:E028336,2803,579,0.4560016243697796,0.16666666666666666,0.19690777561878553,0.0,0.0,0.0034542314335060447,17.0,4.0
emblematica:E028337,2803,1241,0.5948875389712054,0.5,0.4273466702636848,0.0,0.0016116035455278,0.0032232070910556,34.0,4.0
emblematica:E028338,2803,1164,0.679014326471001,1.0,0.42310772015260406,0.000859106529209622,0.002577319587628866,0.003436426116838488,16.0,4.0
emblematica:E028339,2803,464,0.38333217364061867,0.14285714285714285,0.1752951377418851,0.0,0.0,0.00646551724137931,6.0,3.5
emblematica:E028340,2803,1264,0.5216603922632282,0.25,0.44917402193737826,0.0,0.0015822784810126582,0.003955696202531646,14.0,4.5
emblematica:E028341,2803,1325,0.5601187819541041,0.25,0.48431501232523644,0.0,0.0015094339622641509,0.0037735849056603774,11.0,4.0
emblematica:E028342,2803,593,0.358233315639699,0.16666666666666666,0.20867189531469402,0.0,0.0,0.00505902192242833,18.5,4.0
emblematica:E028343,2803,566,0.5879991912760909,1.0,0.21044170452222843,0.0017667844522968198,0.0017667844522968198,0.0035335689045936395,15.0,4.0
emblematica:E028344,2803,580,0.5175857745843918,0.1,0.1963608890176541,0.0,0.0,0.0017241379310344827,21.0,4.0
emblematica:E028345,2803,444,0.47737701959897316,0.25,0.15598981112066235,0.0,0.0022522522522522522,0.0045045045045045045,14.0,4.0
emblematica:E028346,2803,466,0.3712622065434943,0.1111111111111111,0.16455644362677468,0.0,0.0,0.002145922746781116,13.0,4.0
emblematica:E028347,2803,465,0.4805494750648975,0.07142857142857142,0.17094561437488542,0.0,0.0,0.0,9.0,4.0
emblematica:E028348,2803,472,0.5513351951730168,0.3333333333333333,0.17391740503890937,0.0,0.00211864406779661,0.01059322033898305,13.0,4.0
emblematica:E028349,2803,429,0.2966762990114243,0.07142857142857142,0.16090395443255923,0.0,0.0,0.0,11.0,4.0
emblematica:E028350,2803,672,0.526727367809053,0.5,0.24994860691343174,0.0,0.001488095238095238,0.002976190476190476,16.0,4.0
emblematica:E028351,2803,1192,0.32307393565385184,0.1111111111111111,0.4237788645828686,0.0,0.0,0.0016778523489932886,8.0,4.0
emblematica:E028352,2803,774,0.24904161954211118,0.1,0.2623305018361844,0.0,0.0,0.0012919896640826874,18.5,4.0
emblematica:E028353,2803,487,0.334556742597257,0.16666666666666666,0.181580437830899,0.0,0.0,0.004106776180698152,9.0,4.0
emblematica:E028354,2803,1242,0.44326961984733976,0.2,0.44917036125561577,0.0,0.0008051529790660225,0.0024154589371980675,14.0,4.5
emblematica:E028355,2803,492,0.6398870152409754,0.3333333333333333,0.18099446043431444,0.0,0.0040650406504065045,0.006097560975609756,8.0,4.0
emblematica:E028356,2803,736,0.4768395482502693,0.2,0.25584858455686427,0.0,0.001358695652173913,0.004076086956521739,21.0,3.0
emblematica:E028357,2803,608,0.408808488276698,0.125,0.21303490477175857,0.0,0.0,0.003289473684210526,12.0,4.0
emblematica:E028358,2803,845,0.4094932996896456,0.125,0.3207481702313283,0.0,0.0,0.0035502958579881655,9.0,4.0
emblematica:E028359,2803,515,0.38382887098079255,0.16666666666666666,0.18771294763741117,0.0,0.0,0.003883495145631068,14.0,4.0
emblematica:E028360,2803,504,0.2949744972185118,0.09090909090909091,0.17161280022714787,0.0,0.0,0.0,12.0,4.0
emblematica:E028361,2803,1100,0.68299986519981,1.0,0.3968214151728969,0.0009090909090909091,0.0018181818181818182,0.0036363636363636364,8.0,4.0
emblematica:E028362,2803,603,0.6039387713280605,0.3333333333333333,0.22333380131475122,0.0,0.001658374792703151,0.001658374792703151,16.0,4.0
emblematica:E028363,2803,1128,0.38507699940063517,0.5,0.40612221910886875,0.0,0.0017730496453900709,0.0017730496453900709,14.0,3.0
emblematica:E028364,2803,627,0.30813216169162755,0.1111111111111111,0.22844928054298666,0.0,0.0,0.001594896331738437,16.0,4.0
emblematica:E028365,2803,519,0.3572058552751271,0.06666666666666667,0.19184166948822784,0.0,0.0,0.0,21.0,4.0
emblematica:E028366,2803,752,0.3073543404318149,0.125,0.2699845255531328,0.0,0.0,0.0013297872340425532,12.0,4.0
emblematica:E028367,2803,1021,0.5093311784924855,0.5,0.3705787987343307,0.0,0.0009794319294809011,0.0019588638589618022,14.0,4.0
emblematica:E028368,2803,311,0.33317320345697654,0.125,0.12353444374953358,0.0,0.0,0.003215434083601286,10.0,4.0
emblematica:E028369,2803,404,0.49837311291460673,0.5,0.14353034596465497,0.0,0.0024752475247524753,0.0024752475247524753,18.0,4.0
emblematica:E028370,2803,1178,0.5455328900885631,0.3333333333333333,0.42634037674867864,0.0,0.001697792869269949,0.003395585738539898,13.5,4.0
emblematica:E028371,2803,471,0.4227795344494353,0.07142857142857142,0.16397194366134532,0.0,0.0,0.0,14.0,4.0
emblematica:E028372,2803,1071,0.28132577222433086,0.14285714285714285,0.3780608454519382,0.0,0.0,0.0009337068160597573,19.0,4.0
emblematica:E028373,2803,1310,0.35962690287146887,0.2,0.46090669933925227,0.0,0.0007633587786259542,0.0030534351145038168,15.0,4.0
emblematica:E028374,2803,313,0.44324211565373306,0.3333333333333333,0.1212251469819812,0.0,0.003194888178913738,0.003194888178913738,6.0,3.0
emblematica:E028375,2803,484,0.5048055141805936,0.5,0.18134411932717986,0.0,0.006198347107438017,0.008264462809917356,10.0,4.0
emblematica:E028376,2803,460,0.22526272317270518,0.1,0.1544726633639147,0.0,0.0,0.002173913043478261,13.0,4.0
emblematica:E028377,2803,202,0.39930920732211306,0.038461538461538464,0.07007368625711573,0.0,0.0,0.0,6.5,3.0
emblematica:E029857,2803,453,0.43928544136543185,0.2,0.16698649341280788,0.0,0.002207505518763797,0.002207505518763797,4.0,4.0
emblematica:E029858,2803,44,0.18145746005954105,0.02857142857142857,0.017060258915053125,0.0,0.0,0.0,5.0,4.0
emblematica:E029859,2803,277,0.27679913007548046,0.16666666666666666,0.11223814068994843,0.0,0.0,0.007220216606498195,9.0,5.0
emblematica:E029860,2803,467,0.338002003164664,0.5,0.16250274639888423,0.0,0.0021413276231263384,0.004282655246252677,11.0,5.0
emblematica:E029861,2803,425,0.47745343640067156,0.14285714285714285,0.1495533289185616,0.0,0.0,0.002352941176470588,5.0,4.0
emblematica:E029862,2803,125,0.28067586564837266,0.125,0.05399354270344457,0.0,0.0,0.008,9.0,4.0
emblematica:E029863,2803,308,0.40651522305869525,0.07692307692307693,0.11702679214129955,0.0,0.0,0.0,13.5,6.0
emblematica:E029864,2803,158,0.4221800660328192,0.25,0.057777882170348,0.0,0.006329113924050633,0.006329113924050633,4.0,4.0
emblematica:E029865,2803,254,0.3900954117610806,0.025,0.0930010431219755,0.0,0.0,0.0,4.0,4.0
emblematica:E029866,2803,272,0.1986336451198387,0.1,0.09819632061247516,0.0,0.0,0.003676470588235294,5.0,4.0
emblematica:E029867,2803,275,0.22610316228111707,0.16666666666666666,0.10743360505842944,0.0,0.0,0.0036363636363636364,3.0,6.0
emblematica:E029868,2803,67,0.24800918041874412,0.008264462809917356,0.024681530603020356,0.0,0.0,0.0,8.0,5.0
emblematica:E029869,2803,457,0.27851074323373354,0.1111111111111111,0.1524287751611736,0.0,0.0,0.002188183807439825,6.0,4.0
emblematica:E029870,2803,403,0.2693949638256797,0.16666666666666666,0.1406196067899612,0.0,0.0,0.004962779156327543,8.0,5.0
emblematica:E029871,2803,226,0.5555152681520966,0.3333333333333333,0.08758176701719805,0.0,0.004424778761061947,0.004424778761061947,5.5,5.0
emblematica:E029872,2803,273,0.46692099726867275,1.0,0.10917915664442927,0.003663003663003663,0.003663003663003663,0.007326007326007326,5.0,5.0
emblematica:E029873,2803,175,0.21628504073783117,0.09090909090909091,0.06916485680671325,0.0,0.0,0.0,5.0,5.0
emblematica:E029874,2803,59,0.2419055298853553,0.024390243902439025,0.021148660014867624,0.0,0.0,0.0,4.0,4.0
emblematica:E029875,2803,314,0.4023416843104014,0.03333333333333333,0.10627074310998443,0.0,0.0,0.0,7.5,4.5
emblematica:E029876,2803,272,0.38731810102877356,1.0,0.10262268566057933,0.003676470588235294,0.003676470588235294,0.003676470588235294,5.0,5.0
emblematica:E029877,2803,35,0.15117838148333546,0.00684931506849315,0.011775768228550771,0.0,0.0,0.0,3.0,6.0
emblematica:E029878,2803,236,0.23763166823616816,0.16666666666666666,0.08432209301748309,0.0,0.0,0.00423728813559322,12.0,6.0
emblematica:E029879,2803,146,0.4288284139392322,1.0,0.064397930343232,0.00684931506849315,0.00684931506849315,0.0136986301369863,3.5,4.0
emblematica:E029880,2803,316,0.18265009438085777,0.047619047619047616,0.11908702898284071,0.0,0.0,0.0,4.0,4.0
emblematica:E029881,2803,233,0.22802721215577373,0.045454545454545456,0.074624284633392,0.0,0.0,0.0,4.0,4.5
emblematica:E029882,2803,415,0.1936856534378142,0.0625,0.1437649689131922,0.0,0.0,0.0,3.0,5.0
emblematica:E029883,2803,275,0.37435440511426826,0.3333333333333333,0.09862097621434698,0.0,0.0036363636363636364,0.007272727272727273,11.0,4.0
emblematica:E029884,2803,265,0.3461754454544481,0.05263157894736842,0.09688249059891524,0.0,0.0,0.0,3.5,4.5
emblematica:E029885,2803,1053,0.42657742865117415,0.1111111111111111,0.378352424506738,0.0,0.0,0.000949667616334283,5.0,4.0
emblematica:E029886,2803,342,0.2695922082794268,0.05,0.11385379565503123,0.0,0.0,0.0,3.0,5.0
emblematica:E029887,2803,100,0.43315257998038736,0.5,0.06182990533363177,0.0,0.01,0.02,2.0,4.0
emblematica:E029888,2803,204,0.42590829591570295,0.5,0.08186249121205896,0.0,0.004901960784313725,0.004901960784313725,5.0,4.5
emblematica:E029889,2803,283,0.3222278299741939,0.25,0.10373084193106377,0.0,0.0035335689045936395,0.007067137809187279,2.0,4.0
emblematica:E029890,2803,327,0.30091330336707406,0.1111111111111111,0.11589958363400041,0.0,0.0,0.0030581039755351682,7.0,4.0
emblematica:E029891,2803,177,0.3969322625201695,0.14285714285714285,0.057909091526493615,0.0,0.0,0.005649717514124294,3.0,5.0
emblematica:E029892,2803,137,0.45358002789328733,0.3333333333333333,0.04996328552592642,0.0,0.0072992700729927005,0.0072992700729927005,4.0,4.0
emblematica:E029893,2803,383,0.3000785090847083,0.25,0.13005005647332324,0.0,0.0026109660574412533,0.005221932114882507,7.0,5.0
emblematica:E029894,2803,284,0.26039671246149054,0.5,0.10039996787004127,0.0,0.0035211267605633804,0.0035211267605633804,9.0,4.0
emblematica:E029895,2803,101,0.23884373423920674,0.09090909090909091,0.033094293218285636,0.0,0.0,0.0,2.0,5.0
emblematica:E029896,2803,1101,0.631224174396269,1.0,0.3894042347132379,0.0009082652134423251,0.0018165304268846503,0.0027247956403269754,18.0,5.0
emblematica:E029897,2803,166,0.2515274571714394,0.08333333333333333,0.06265542699089764,0.0,0.0,0.0,5.0,4.0
emblematica:E029898,2803,400,0.34746662167223297,0.25,0.13810365910032268,0.0,0.005,0.005,12.0,5.0
emblematica:E029899,2803,898,0.3805825916007109,0.2,0.309611699677934,0.0,0.0011135857461024498,0.0022271714922048997,14.0,5.0
emblematica:E029900,2803,40,0.24951258541959065,0.03333333333333333,0.014346363419585317,0.0,0.0,0.0,4.0,3.0
emblematica:E029901,2803,96,0.2575250710811508,0.3333333333333333,0.041185186017765135,0.0,0.010416666666666666,0.020833333333333332,6.0,5.0
emblematica:E029902,2803,265,0.34849581433002796,0.09090909090909091,0.0923862409383603,0.0,0.0,0.0,4.0,4.0
emblematica:E029903,2803,275,0.18098996226993816,0.07692307692307693,0.09531840252445486,0.0,0.0,0.0,8.0,5.0
emblematica:E029904,2803,148,0.2118965525862623,0.047619047619047616,0.0555039423315134,0.0,0.0,0.0,4.0,5.0
emblematica:E029905,2803,312,0.43040172099049895,0.2,0.12225121238981722,0.0,0.003205128205128205,0.00641025641025641,9.5,4.0
emblematica:E029906,2803,106,0.18896806988097836,0.04,0.037587197393121385,0.0,0.0,0.0,5.0,5.0
emblematica:E029907,2803,71,0.19302643210602652,0.08333333333333333,0.032831233744794526,0.0,0.0,0.0,3.0,5.0
emblematica:E029908,2803,121,0.14851151697210374,0.016129032258064516,0.04004413016246495,0.0,0.0,0.0,2.0,4.0
emblematica:E029909,2803,154,0.38557732198319083,0.5,0.05865557867759326,0.0,0.006493506493506494,0.006493506493506494,4.5,4.0
emblematica:E029910,2803,343,0.33760866649579874,0.25,0.11814990488108083,0.0,0.0029154518950437317,0.0029154518950437317,3.0,3.0
emblematica:E029911,2803,452,0.2710058013044603,0.09090909090909091,0.16963885754524227,0.0,0.0,0.0,3.5,4.0
emblematica:E029912,2803,153,0.4383890043110108,0.14285714285714285,0.05728995444534501,0.0,0.0,0.0196078431372549,3.0,4.0
emblematica:E029913,2803,307,0.3412185688775922,0.047619047619047616,0.10486085163702315,0.0,0.0,0.0,4.0,5.0
emblematica:E029914,2803,173,0.2321345639827236,0.03571428571428571,0.057000326227451374,0.0,0.0,0.0,11.0,5.0
emblematica:E029915,2803,455,0.3193801786889794,0.2,0.15941540983614788,0.0,0.002197802197802198,0.004395604395604396,4.0,5.0
emblematica:E029916,2803,1130,0.38112784709781833,0.3333333333333333,0.3905424056952456,0.0,0.0017699115044247787,0.002654867256637168,11.5,5.0
emblematica:E029917,2803,563,0.44382026290179627,0.2,0.1933696401592304,0.0,0.0017761989342806395,0.0017761989342806395,8.5,5.0
emblematica:E029918,2803,624,0.3407141797563812,0.3333333333333333,0.21894896734650943,0.0,0.0016025641025641025,0.003205128205128205,5.5,5.0
emblematica:E029919,2803,363,0.337924974346508,0.3333333333333333,0.1355252831592573,0.0,0.0027548209366391185,0.0027548209366391185,4.0,3.0
emblematica:E029920,2803,400,0.525569821613141,0.5,0.14698267806838194,0.0,0.0025,0.0075,7.0,4.0
emblematica:E029921,2803,519,0.4279041744769541,0.1111111111111111,0.1858648836108858,0.0,0.0,0.0019267822736030828,10.5,5.0
emblematica:E029922,2803,258,0.30845657290907935,0.1111111111111111,0.09484702024429618,0.0,0.0,0.003875968992248062,10.0,5.0
emblematica:E029923,2803,144,0.35880219338333763,0.3333333333333333,0.06663426777292458,0.0,0.013888888888888888,0.013888888888888888,4.0,5.0
emblematica:E029924,2803,19,0.21873365415711965,0.027777777777777776,0.011444503075328889,0.0,0.0,0.0,3.0,4.0
emblematica:E029925,2803,598,0.4276637514760796,0.25,0.2053989304408197,0.0,0.0033444816053511705,0.0033444816053511705,23.5,5.0
emblematica:E029926,2803,597,0.4398513779291059,0.09090909090909091,0.22480120930846478,0.0,0.0,0.0,25.0,5.0
emblematica:E029927,2803,544,0.33240683401567084,0.2,0.19218972556434996,0.0,0.001838235294117647,0.001838235294117647,8.0,5.0
emblematica:E029928,2803,496,0.3038755017861809,0.14285714285714285,0.18446823100038803,0.0,0.0,0.0020161290322580645,18.0,5.0
emblematica:E029929,2803,355,0.22362196278549962,0.09090909090909091,0.12580300322956933,0.0,0.0,0.0,8.0,6.0
emblematica:E029930,2803,311,0.28953380410804197,0.125,0.11671985228710434,0.0,0.0,0.006430868167202572,3.0,5.0
emblematica:E029931,2803,188,0.24386841011449262,0.1,0.07033806102513675,0.0,0.0,0.005319148936170213,11.0,4.0
emblematica:E029932,2803,372,0.21376545566122193,0.125,0.13465348239985692,0.0,0.0,0.002688172043010753,6.0,3.0
emblematica:E029933,2803,711,0.5224743118837745,1.0,0.2685176288770241,0.0014064697609001407,0.0014064697609001407,0.0028129395218002813,14.0,5.0
emblematica:E029934,2803,588,0.5349356791456924,0.2,0.21549634601998563,0.0,0.0017006802721088435,0.006802721088435374,9.0,5.0
emblematica:E029935,2803,284,0.1713140612859745,0.0625,0.09771362181909153,0.0,0.0,0.0,11.0,5.0
emblematica:E029936,2803,337,0.23858231168760496,0.1111111111111111,0.11683844376638604,0.0,0.0,0.002967359050445104,14.0,4.0
emblematica:E029937,2803,171,0.2765533747182128,0.06666666666666667,0.055536450428586945,0.0,0.0,0.0,5.0,4.0
emblematica:E029938,2803,203,0.5078720494847169,0.3333333333333333,0.07849811377352485,0.0,0.0049261083743842365,0.009852216748768473,10.0,3.0
emblematica:E029939,2803,418,0.3754632104548983,0.5,0.15808067068387777,0.0,0.0023923444976076554,0.004784688995215311,18.0,5.5
emblematica:E029940,2803,226,0.3818115619219844,0.058823529411764705,0.0858717326088041,0.0,0.0,0.0,7.0,6.0
emblematica:E029941,2803,409,0.49937647460238843,1.0,0.1471194076933872,0.0024449877750611247,0.0024449877750611247,0.007334963325183374,4.5,4.0
emblematica:E029942,2803,379,0.3774868577156894,0.1111111111111111,0.1410954522256274,0.0,0.0,0.002638522427440633,5.0,4.0
emblematica:E029943,2803,596,0.34593520839053005,0.5,0.22123605862896084,0.0,0.0016778523489932886,0.003355704697986577,10.0,4.0
emblematica:E029944,2803,114,0.2567131697885179,0.09090909090909091,0.038677526923377906,0.0,0.0,0.0,5.0,5.0
emblematica:E029945,2803,419,0.41008595939792214,0.3333333333333333,0.1510701948297808,0.0,0.002386634844868735,0.00477326968973747,15.0,5.0
emblematica:E029946,2803,314,0.2483943801579918,0.1,0.11656457110282543,0.0,0.0,0.0031847133757961785,7.5,5.5
emblematica:E029947,2803,93,0.2530646107220925,0.0196078431372549,0.03351476825572482,0.0,0.0,0.0,3.0,5.0
emblematica:E029948,2803,378,0.4317603894503563,0.25,0.1449158936727829,0.0,0.005291005291005291,0.007936507936507936,5.5,5.0
emblematica:E029949,2803,326,0.40185347226368046,0.25,0.11529320160882946,0.0,0.003067484662576687,0.003067484662576687,14.0,5.0
emblematica:E029950,2803,161,0.3397063275604724,0.037037037037037035,0.056755639860997936,0.0,0.0,0.0,4.0,4.0
emblematica:E029951,2803,545,0.3863463437243175,0.2,0.18170517859077295,0.0,0.001834862385321101,0.005504587155963303,9.0,5.0
emblematica:E029952,2803,447,0.20196007815102937,0.05,0.1657989023821905,0.0,0.0,0.0,4.0,4.0
emblematica:E029953,2803,553,0.4231844415777184,0.2,0.2016195604499913,0.0,0.0018083182640144665,0.0018083182640144665,8.5,5.0
emblematica:E029954,2803,331,0.29807170242288067,0.1111111111111111,0.11142312413024719,0.0,0.0,0.0030211480362537764,4.0,4.0
emblematica:E029955,2803,355,0.2678855938180532,0.1111111111111111,0.12457935945608403,0.0,0.0,0.0028169014084507044,2.0,4.0
emblematica:E029956,2803,336,0.2552801539815257,0.16666666666666666,0.11953133428524591,0.0,0.0,0.002976190476190476,7.0,4.0
emblematica:E029957,2803,921,0.6591537634031569,1.0,0.3314862654981654,0.0010857763300760044,0.002171552660152009,0.003257328990228013,4.0,4.0
emblematica:E029958,2803,585,0.5164572861673762,0.5,0.20430889827436044,0.0,0.003418803418803419,0.003418803418803419,5.0,4.0
emblematica:E029959,2803,1072,0.6371857574553587,0.5,0.3800501386033946,0.0,0.002798507462686567,0.0046641791044776115,2.0,3.0
emblematica:E029960,2803,1294,0.5038162891889639,1.0,0.45795917920257645,0.0007727975270479134,0.0015455950540958269,0.00231839258114374,16.0,5.0
emblematica:E029961,2803,366,0.42718961149090984,0.5,0.14609535721076483,0.0,0.00273224043715847,0.00546448087431694,2.0,4.5
emblematica:E029962,2803,442,0.18190250209069833,0.037037037037037035,0.15269390010348896,0.0,0.0,0.0,12.0,5.0
emblematica:E029963,2803,177,0.39286376152280966,0.09090909090909091,0.06672481514463616,0.0,0.0,0.0,4.0,5.0
emblematica:E029964,2803,207,0.17070845411204247,0.0625,0.07156966377874992,0.0,0.0,0.0,2.0,5.0
emblematica:E029965,2803,165,0.4297683133520126,0.5,0.06430070752503393,0.0,0.006060606060606061,0.012121212121212121,5.0,5.0
emblematica:E029966,2803,1122,0.7792681192612778,1.0,0.4087287491319386,0.00089126559714795,0.00267379679144385,0.0053475935828877,14.5,4.0
emblematica:E029967,2803,405,0.3591305653929009,0.25,0.14875941213775337,0.0,0.0024691358024691358,0.0049382716049382715,10.0,5.0
emblematica:E029968,2803,170,0.3333333333333333,0.041666666666666664,0.055435853758312184,0.0,0.0,0.0,2.0,4.0
emblematica:E029969,2803,525,0.6321363175533962,0.25,0.19190017729052675,0.0,0.0019047619047619048,0.007619047619047619,9.0,5.0
emblematica:E031317,2803,275,0.49473091193326174,0.5,0.10523171838931743,0.0,0.0036363636363636364,0.007272727272727273,5.0,5.0
emblematica:E031318,2803,438,0.5491689259808304,0.25,0.16020755904301923,0.0,0.00228310502283105,0.0045662100456621,2.0,3.0
emblematica:E031319,2803,428,0.65833460352942,1.0,0.16099241387287344,0.002336448598130841,0.004672897196261682,0.004672897196261682,8.0,4.0
emblematica:E031321,2803,387,0.3716633404539445,0.14285714285714285,0.13875567213087672,0.0,0.0,0.002583979328165375,6.0,5.0
emblematica:E031322,2803,330,0.21285869345368558,0.07142857142857142,0.12196116402003589,0.0,0.0,0.0,6.0,4.0
emblematica:E031323,2803,163,0.6688828551968976,0.3333333333333333,0.07570442317897134,0.0,0.006134969325153374,0.006134969325153374,5.0,5.0
emblematica:E031324,2803,387,0.42990151990808073,1.0,0.13382571196912785,0.002583979328165375,0.002583979328165375,0.002583979328165375,11.5,4.5
emblematica:E031325,2803,364,0.5396529870894297,1.0,0.13904925593434878,0.0027472527472527475,0.0027472527472527475,0.0027472527472527475,16.5,5.0
emblematica:E031326,2803,228,0.6923346221933125,0.25,0.08451991980220913,0.0,0.008771929824561403,0.008771929824561403,4.0,5.0
emblematica:E031328,2803,340,0.26766697908633635,0.1111111111111111,0.11943712770179371,0.0,0.0,0.0029411764705882353,4.0,4.0
emblematica:E031329,2803,417,0.1992506768294799,0.07142857142857142,0.14490702785405832,0.0,0.0,0.0,6.5,5.0
emblematica:E031330,2803,329,0.2635478070210733,0.08333333333333333,0.11470956547810282,0.0,0.0,0.0,10.0,5.0
emblematica:E031332,2803,494,0.29168667907769,0.07692307692307693,0.17092104903309918,0.0,0.0,0.0,6.5,4.0
emblematica:E031333,2803,678,0.37885595182077464,0.1111111111111111,0.24740064059743286,0.0,0.0,0.0014749262536873156,11.0,5.0
emblematica:E031334,2803,318,0.2569141817956556,0.038461538461538464,0.12392349434091629,0.0,0.0,0.0,15.0,5.0
emblematica:E031336,2803,404,0.3365973894632681,0.3333333333333333,0.13463083285611477,0.0,0.0024752475247524753,0.0024752475247524753,6.5,4.0
emblematica:E031337,2803,207,0.3255547840639611,0.125,0.08403179250804248,0.0,0.0,0.004830917874396135,7.0,5.0
emblematica:E031338,2803,83,0.29863417113723423,0.25,0.039785561390594436,0.0,0.012048192771084338,0.012048192771084338,2.0,5.0
emblematica:E031339,2803,77,0.1509437957883462,0.01639344262295082,0.03074592959629847,0.0,0.0,0.0,5.0,5.0
emblematica:E031340,2803,458,0.5511821405404489,1.0,0.1697441683523418,0.002183406113537118,0.002183406113537118,0.002183406113537118,10.0,5.0
emblematica:E031341,2803,446,0.4145359358002971,0.125,0.15460018681386142,0.0,0.0,0.002242152466367713,10.0,4.0
emblematica:E031342,2803,500,0.5051116431245274,0.5,0.1831908069651154,0.0,0.004,0.006,23.5,5.0
emblematica:E031343,2803,723,0.45612161315615146,0.25,0.2708840326661239,0.0,0.0013831258644536654,0.0027662517289073307,34.0,4.0
emblematica:E031344,2803,117,0.15260779416630144,0.03571428571428571,0.04124240757247513,0.0,0.0,0.0,8.0,5.0
emblematica:E031345,2803,496,0.38398605471606867,0.5,0.1763109398482235,0.0,0.0020161290322580645,0.0020161290322580645,5.0,4.0
emblematica:E031346,2803,506,0.243645101717778,0.1,0.17314281557812244,0.0,0.0,0.001976284584980237,8.0,5.0
emblematica:E031347,2803,389,0.5739787906465431,1.0,0.13626986899267565,0.002570694087403599,0.005141388174807198,0.005141388174807198,6.5,4.0
emblematica:E031348,2803,395,0.3697286661961366,0.2,0.1305343472558923,0.0,0.002531645569620253,0.005063291139240506,8.0,4.0
emblematica:E031349,2803,379,0.3228780107185994,0.07692307692307693,0.13356110060357335,0.0,0.0,0.0,24.0,4.0
emblematica:E031350,2803,488,0.5086874848257106,0.3333333333333333,0.17825591336371252,0.0,0.0020491803278688526,0.004098360655737705,17.0,4.0
emblematica:E031351,2803,143,0.32224739560629523,0.125,0.05022371760089929,0.0,0.0,0.006993006993006993,2.0,4.0
emblematica:E031352,2803,419,0.19136396310342427,0.08333333333333333,0.14924081051682964,0.0,0.0,0.0,6.0,5.0
emblematica:E031353,2803,317,0.32063167548908883,0.125,0.11579309078449171,0.0,0.0,0.0031545741324921135,5.0,5.0
emblematica:E031354,2803,289,0.3738158602582567,0.3333333333333333,0.10669546855395912,0.0,0.0034602076124567475,0.0034602076124567475,10.0,4.0
emblematica:E031355,2803,433,0.3243181887913371,0.0625,0.15732268809901212,0.0,0.0,0.0,7.5,5.0
emblematica:E031356,2803,504,0.43280791524677004,0.25,0.18416266905720302,0.0,0.001984126984126984,0.005952380952380952,13.0,4.0
emblematica:E031357,2803,767,0.5992628295159173,1.0,0.29592621386851387,0.001303780964797914,0.003911342894393742,0.00651890482398957,14.0,5.0
emblematica:E031358,2803,481,0.4661770651670231,0.14285714285714285,0.1678845566701352,0.0,0.0,0.002079002079002079,9.0,4.0
emblematica:E031359,2803,517,0.4569053656954073,1.0,0.18196611216213104,0.0019342359767891683,0.0019342359767891683,0.0038684719535783366,5.0,5.0
emblematica:E031360,2803,637,0.35194118458521256,0.25,0.228357105547848,0.0,0.0015698587127158557,0.0031397174254317113,11.0,4.5
emblematica:E031361,2803,705,0.5363955203390746,0.5,0.26329462692826017,0.0,0.0028368794326241137,0.0028368794326241137,18.0,4.0
emblematica:E031363,2803,463,0.4652874528447969,0.25,0.16673898400798517,0.0,0.0021598272138228943,0.0021598272138228943,15.0,5.0
emblematica:E031364,2803,598,0.45952789624431273,1.0,0.2191917688048225,0.0016722408026755853,0.0033444816053511705,0.0033444816053511705,11.0,4.5
emblematica:E031365,2803,184,0.3213566929225225,0.027777777777777776,0.07021612784818947,0.0,0.0,0.0,12.0,4.0
emblematica:E031366,2803,516,0.510321528039486,0.25,0.1808323964644945,0.0,0.001937984496124031,0.001937984496124031,8.0,4.0
emblematica:E031367,2803,752,0.49698976151365,0.5,0.26120017651502003,0.0,0.0013297872340425532,0.0026595744680851063,6.0,5.0
emblematica:E031372,2803,414,0.3504394036150364,0.2,0.144395274115797,0.0,0.0024154589371980675,0.004830917874396135,2.0,4.0
emblematica:E031380,2803,605,0.7015883945605395,1.0,0.213399169214599,0.001652892561983471,0.003305785123966942,0.0049586776859504135,16.0,4.0
emblematica:E031381,2803,203,0.16231388253616066,0.041666666666666664,0.06940725296927955,0.0,0.0,0.0,8.0,4.0
emblematica:E031382,2803,352,0.16189662792627083,0.058823529411764705,0.12220980140586653,0.0,0.0,0.0,9.0,4.0
emblematica:E031383,2803,592,0.40378712006386763,0.3333333333333333,0.21012473419205094,0.0,0.0016891891891891893,0.0033783783783783786,12.0,4.0
emblematica:E031384,2803,319,0.22740128594411302,0.03225806451612903,0.10532457555104126,0.0,0.0,0.0,8.5,4.0
emblematica:E031385,2803,579,0.31138778197886,0.09090909090909091,0.2074133502166691,0.0,0.0,0.0,8.0,5.0
emblematica:E031386,2803,350,0.2474065102707476,0.047619047619047616,0.1257574594170726,0.0,0.0,0.0,14.0,5.0
emblematica:E031387,2803,585,0.5009651498091728,0.5,0.21510400055702686,0.0,0.003418803418803419,0.003418803418803419,19.0,4.0
emblematica:E031388,2803,294,0.3435724184566892,0.14285714285714285,0.10795436556889684,0.0,0.0,0.006802721088435374,2.0,4.0
emblematica:E031389,2803,526,0.3150541303518566,0.25,0.17517504932679742,0.0,0.0019011406844106464,0.0019011406844106464,13.0,5.0
emblematica:E031390,2803,191,0.19073370639752255,0.01818181818181818,0.06216117526569359,0.0,0.0,0.0,8.0,4.0
emblematica:E031391,2803,430,0.38105295904521774,0.125,0.15351026973306042,0.0,0.0,0.002325581395348837,9.0,5.0
emblematica:E031394,2803,555,0.3924021115030962,0.14285714285714285,0.19885892250933876,0.0,0.0,0.0018018018018018018,6.5,6.0
emblematica:E031396,2803,520,0.2929352592443717,0.16666666666666666,0.18667221577198825,0.0,0.0,0.0038461538461538464,9.0,5.0
emblematica:E031397,2803,289,0.4453241003454039,0.043478260869565216,0.11037253959763123,0.0,0.0,0.0,2.0,5.0
emblematica:E031402,2803,619,0.5625709634435148,0.2,0.22270226457171827,0.0,0.0016155088852988692,0.0032310177705977385,9.0,4.0
emblematica:E031403,2803,268,0.41569728192430494,0.5,0.09271328241244398,0.0,0.007462686567164179,0.007462686567164179,4.0,5.0
emblematica:E031405,2803,214,0.3129204270412583,0.5,0.07892093536353142,0.0,0.004672897196261682,0.004672897196261682,2.0,4.0
emblematica:E031411,2803,390,0.5030414285016226,1.0,0.14428444781597813,0.002564102564102564,0.002564102564102564,0.007692307692307693,12.0,5.0
emblematica:E031412,2803,636,0.4176145511904264,0.058823529411764705,0.22876530329690128,0.0,0.0,0.0,26.0,4.0
emblematica:E031413,2803,355,0.33340150397978613,0.1,0.12863054615445424,0.0,0.0,0.0028169014084507044,8.0,5.0
emblematica:E031414,2803,466,0.2883481240208047,0.1111111111111111,0.16812560707101845,0.0,0.0,0.002145922746781116,30.0,4.0
emblematica:E031415,2803,265,0.3252099663925224,0.0625,0.09307660365831218,0.0,0.0,0.0,12.0,6.0
emblematica:E031416,2803,638,0.6500423649542232,1.0,0.2169655495215521,0.001567398119122257,0.003134796238244514,0.006269592476489028,14.0,5.0
emblematica:E031417,2803,535,0.5422578162853515,0.3333333333333333,0.18644559956612636,0.0,0.001869158878504673,0.003738317757009346,16.0,5.0
emblematica:E031418,2803,395,0.4525928961539624,0.2,0.13477002634224391,0.0,0.002531645569620253,0.002531645569620253,7.5,5.5
emblematica:E031419,2803,606,0.565242744821857,1.0,0.2240007091133963,0.0016501650165016502,0.0049504950495049506,0.0049504950495049506,22.0,4.0
emblematica:E031420,2803,443,0.25859485855187847,0.058823529411764705,0.157180298618893,0.0,0.0,0.0,37.0,5.0
emblematica:E031421,2803,270,0.3991584001639501,0.034482758620689655,0.09433175440454095,0.0,0.0,0.0,6.0,5.0
emblematica:E031422,2803,423,0.6143959510087467,0.25,0.1543767911220748,0.0,0.004728132387706856,0.004728132387706856,7.0,4.0
emblematica:E031423,2803,401,0.3376193921178997,0.0625,0.14400004794840124,0.0,0.0,0.0,9.0,4.0
emblematica:E031424,2803,522,0.3877866348570977,0.5,0.21205980901238283,0.0,0.0019157088122605363,0.0038314176245210726,10.0,4.5
emblematica:E031425,2803,513,0.39063241203744625,0.3333333333333333,0.1773236641063001,0.0,0.001949317738791423,0.003898635477582846,14.0,4.0
emblematica:E031426,2803,550,0.531452104231476,0.2,0.19003759474322948,0.0,0.0018181818181818182,0.0018181818181818182,12.0,5.0
emblematica:E031428,2803,698,0.2974293038043085,0.14285714285714285,0.24803308518226844,0.0,0.0,0.0014326647564469914,10.0,4.5
emblematica:E031429,2803,675,0.5873158331884645,1.0,0.25059258310847876,0.0014814814814814814,0.0044444444444444444,0.005925925925925926,3.0,5.0
emblematica:E031431,2803,480,0.26617191332986184,0.16666666666666666,0.16310460376633434,0.0,0.0,0.0020833333333333333,4.0,5.0
emblematica:E031432,2803,523,0.634430630434353,0.5,0.1949064699386837,0.0,0.0019120458891013384,0.0038240917782026767,12.5,5.0
emblematica:E031433,2803,347,0.2192430865071567,0.1,0.12075645449094594,0.0,0.0,0.002881844380403458,6.5,4.0
emblematica:E031436,2803,711,0.7380910754812556,1.0,0.27611239263172105,0.0014064697609001407,0.005625879043600563,0.007032348804500703,5.0,5.0
emblematica:E031437,2803,403,0.2549048596746689,0.07692307692307693,0.14596186249249388,0.0,0.0,0.0,13.5,4.0
emblematica:E031438,2803,348,0.276435305297816,0.125,0.13229733940459906,0.0,0.0,0.005747126436781609,7.0,4.0
emblematica:E031439,2803,394,0.41650531562556337,0.125,0.13479449971068416,0.0,0.0,0.005076142131979695,7.0,5.0
emblematica:E031440,2803,543,0.23622387065740436,0.1111111111111111,0.19262247631488988,0.0,0.0,0.001841620626151013,17.0,5.0
emblematica:E031441,2803,447,0.3453280805038949,0.2,0.1629638556374353,0.0,0.0022371364653243847,0.0044742729306487695,18.0,4.0
emblematica:E031442,2803,583,0.4947736598244091,0.3333333333333333,0.2095632940157276,0.0,0.0017152658662092624,0.005145797598627788,11.0,4.0
emblematica:E031443,2803,374,0.2826538867966979,0.1,0.13510227094804386,0.0,0.0,0.00267379679144385,3.0,5.0
emblematica:E031445,2803,458,0.3763169095379362,0.07692307692307693,0.1583121327467422,0.0,0.0,0.0,9.0,5.0
emblematica:E031446,2803,445,0.6571137976522483,1.0,0.1683705990214475,0.0022471910112359553,0.0044943820224719105,0.008988764044943821,5.0,4.0
emblematica:E031451,2803,284,0.33803163778012574,0.2,0.09625632160363927,0.0,0.0035211267605633804,0.0035211267605633804,1.0,5.0
emblematica:E031452,2803,674,0.5312803326371067,0.25,0.23618781378489692,0.0,0.001483679525222552,0.004451038575667656,30.0,4.5
emblematica:E031453,2803,743,0.5821211703981006,0.25,0.2638507508118746,0.0,0.0013458950201884253,0.0026917900403768506,9.0,5.0
emblematica:E031455,2803,415,0.3517392370463737,0.3333333333333333,0.1470107639617053,0.0,0.0024096385542168677,0.0024096385542168677,10.0,5.0
emblematica:E031456,2803,838,0.619913957232612,1.0,0.2901468252417091,0.0011933174224343676,0.002386634844868735,0.003579952267303103,8.0,5.0
emblematica:E031459,2803,382,0.22481185430310982,0.02631578947368421,0.13408052954604566,0.0,0.0,0.0,4.0,5.0
emblematica:E031460,2803,526,0.826160366329501,1.0,0.20001224484683294,0.0019011406844106464,0.0076045627376425855,0.011406844106463879,9.0,5.0
emblematica:E031462,2803,403,0.4355074287146044,0.25,0.14194911341491012,0.0,0.0024813895781637717,0.007444168734491315,15.0,4.5
emblematica:E031463,2803,395,0.4401494130332231,1.0,0.1591614494523622,0.002531645569620253,0.002531645569620253,0.005063291139240506,4.0,4.0
emblematica:E031466,2803,380,0.18343523744929968,0.06666666666666667,0.13904385731934588,0.0,0.0,0.0,10.0,5.0
emblematica:E031467,2803,460,0.30394437095105625,0.3333333333333333,0.15505892504379273,0.0,0.002173913043478261,0.004347826086956522,17.0,4.0
emblematica:E031468,2803,483,0.3290135418891088,0.03571428571428571,0.16119083011528929,0.0,0.0,0.0,22.0,5.0
emblematica:E031469,2803,245,0.3290293925812952,1.0,0.09948849979278597,0.004081632653061225,0.004081632653061225,0.004081632653061225,6.5,5.0
emblematica:E031470,2803,461,0.3158907943537027,0.2,0.16291441120262284,0.0,0.0021691973969631237,0.0021691973969631237,17.0,4.0
emblematica:E031472,2803,178,0.2219499709651997,0.03571428571428571,0.06182115255986688,0.0,0.0,0.0,5.0,5.0
emblematica:E031474,2803,288,0.26577749093102454,0.09090909090909091,0.10351306495985253,0.0,0.0,0.0,3.0,5.0
emblematica:E031475,2803,365,0.4461329368695963,0.08333333333333333,0.12377532784090592,0.0,0.0,0.0,4.0,6.0
emblematica:E031476,2803,182,0.17757403945933795,0.016129032258064516,0.06495511881500882,0.0,0.0,0.0,8.0,5.0
emblematica:E031477,2803,169,0.6711357374881243,0.25,0.06420411243156302,0.0,0.005917159763313609,0.011834319526627219,9.5,5.0
emblematica:E031478,2803,385,0.4618102768228629,1.0,0.14388128559775662,0.0025974025974025974,0.0025974025974025974,0.0025974025974025974,3.0,4.0
emblematica:E031479,2803,101,0.17487429812494257,0.08333333333333333,0.03279003433995396,0.0,0.0,0.0,4.0,5.0
emblematica:E031480,2803,593,0.5147018548220769,1.0,0.21174696310899585,0.0016863406408094434,0.0016863406408094434,0.00505902192242833,12.0,4.0
emblematica:E031481,2803,599,0.7223192822231604,0.5,0.22373072509240133,0.0,0.001669449081803005,0.005008347245409015,4.5,5.0
emblematica:E031483,2803,375,0.5690850730474212,1.0,0.1394117707584565,0.0026666666666666666,0.005333333333333333,0.008,16.5,4.0
emblematica:E031487,2803,257,0.288084827299287,0.045454545454545456,0.09194083789883871,0.0,0.0,0.0,15.0,5.0
emblematica:E031491,2803,177,0.19202579733594022,0.06666666666666667,0.0610858809294884,0.0,0.0,0.0,2.0,5.0
emblematica:E031497,2803,289,0.49347538504749117,0.5,0.10804304890220115,0.0,0.0034602076124567475,0.01384083044982699,9.0,5.0
emblematica:E031500,2803,430,0.3151458334359703,0.058823529411764705,0.1545032809345307,0.0,0.0,0.0,11.0,4.0
emblematica:E031502,2803,385,0.4642787008417056,0.5,0.13792659296037257,0.0,0.0025974025974025974,0.0025974025974025974,9.0,5.0
emblematica:E031503,2803,327,0.2573704577199162,0.1111111111111111,0.1198235483302292,0.0,0.0,0.0030581039755351682,8.0,5.0
emblematica:E031504,2803,547,0.5153173213319174,0.25,0.20091224413455372,0.0,0.003656307129798903,0.007312614259597806,10.0,5.0
emblematica:E031507,2803,481,0.3719570331181663,0.125,0.170622472357478,0.0,0.0,0.004158004158004158,8.0,4.5
emblematica:E031508,2803,444,0.7290445882027221,1.0,0.1669823046394864,0.0022522522522522522,0.006756756756756757,0.01126126126126126,5.0,5.0
emblematica:E031509,2803,866,0.5587112242960564,1.0,0.3182555030369249,0.0011547344110854503,0.0023094688221709007,0.0023094688221709007,13.0,5.5
emblematica:E031510,2803,544,0.29664983746571716,0.16666666666666666,0.19296323014792197,0.0,0.0,0.001838235294117647,10.0,6.0
emblematica:E031511,2803,59,0.3333333333333333,0.013513513513513514,0.021374561643723523,0.0,0.0,0.0,2.0,5.0
emblematica:E031512,2803,209,0.28938085302566896,0.017241379310344827,0.07422423059823947,0.0,0.0,0.0,4.0,5.0
emblematica:E033033,2803,166,0.3546881789903228,0.014084507042253521,0.05293831976923593,0.0,0.0,0.0,8.0,4.0
emblematica:E033035,2803,37,0.29743920911853033,0.07142857142857142,0.018215489458747146,0.0,0.0,0.0,7.5,3.5
emblematica:E033036,2803,37,0.3333333333333333,0.003937007874015748,0.012219131212734298,0.0,0.0,0.0,4.0,4.0
emblematica:E033038,2803,37,0.3333333333333333,0.004807692307692308,0.014140250973731025,0.0,0.0,0.0,4.0,4.0
emblematica:E033039,2803,507,0.5642035977813242,0.5,0.16834436065800737,0.0,0.005917159763313609,0.005917159763313609,9.0,4.0
emblematica:E033040,2803,12,0.35167431385817327,0.00641025641025641,0.006315433744700185,0.0,0.0,0.0,1.0,5.0
emblematica:E033041,2803,59,0.3333333333333333,0.043478260869565216,0.02441547405838348,0.0,0.0,0.0,3.0,4.0
emblematica:E033042,2803,46,0.41071609585330393,0.25,0.028974514820170525,0.0,0.021739130434782608,0.021739130434782608,4.5,4.0
emblematica:E033043,2803,87,0.48750728768183843,0.125,0.03356732602187458,0.0,0.0,0.011494252873563218,5.0,3.0
emblematica:E033044,2803,333,0.48057410659697486,0.5,0.12296971789878254,0.0,0.003003003003003003,0.006006006006006006,18.0,3.0
emblematica:E033045,2803,7,0.3023539042258865,0.014285714285714285,0.005499751609713181,0.0,0.0,0.0,2.0,6.0
emblematica:E033046,2803,73,0.3333333333333333,0.041666666666666664,0.02709464999069396,0.0,0.0,0.0,14.5,4.5
emblematica:E033047,2803,118,0.3217614630105371,0.07692307692307693,0.04427215926933397,0.0,0.0,0.0,12.0,4.0
emblematica:E033048,2803,33,0.31040710767728324,0.041666666666666664,0.014872943265857495,0.0,0.0,0.0,2.5,3.0
emblematica:E033049,2803,275,0.3573981511267084,0.25,0.10783622179519052,0.0,0.0036363636363636364,0.0036363636363636364,10.0,4.0
emblematica:E033050,2803,331,0.34490520365612953,0.09090909090909091,0.12205170116757781,0.0,0.0,0.0,4.0,4.0
emblematica:E033051,2803,363,0.3333333333333333,0.058823529411764705,0.13680924762806787,0.0,0.0,0.0,11.5,3.5
emblematica:E033052,2803,62,0.32110601298343994,0.02857142857142857,0.025886100592510362,0.0,0.0,0.0,8.0,4.0
emblematica:E033053,2803,27,0.3034204824856971,0.013513513513513514,0.013612219930190276,0.0,0.0,0.0,1.0,4.5
emblematica:E033054,2803,56,0.3333333333333333,0.08333333333333333,0.024455640412499334,0.0,0.0,0.0,8.0,3.0
emblematica:E033055,2803,39,0.32355147705341863,0.034482758620689655,0.01461483210763654,0.0,0.0,0.0,3.0,4.5
emblematica:E033056,2803,25,0.3039877644935893,0.018518518518518517,0.010480799200309653,0.0,0.0,0.0,3.0,5.0
emblematica:E033057,2803,41,0.3042131006765786,0.018518518518518517,0.013860831959662777,0.0,0.0,0.0,4.0,4.0
emblematica:E033058,2803,42,0.34490520365612953,0.022222222222222223,0.015283638266173264,0.0,0.0,0.0,6.0,4.0
emblematica:E033059,2803,16,0.31559518382466223,0.009433962264150943,0.0070681896080783966,0.0,0.0,0.0,2.5,4.0
emblematica:E033060,2803,138,0.3240758370750963,0.034482758620689655,0.05175487027099384,0.0,0.0,0.0,9.5,3.5
emblematica:E033061,2803,60,0.3132069826193107,0.010526315789473684,0.019858373760350167,0.0,0.0,0.0,11.0,4.0
emblematica:E033062,2803,30,0.2982018293321912,0.03571428571428571,0.015089182473244455,0.0,0.0,0.0,5.0,3.0
emblematica:E033063,2803,32,0.32416284307091325,0.058823529411764705,0.017659870048327204,0.0,0.0,0.0,3.0,4.0
emblematica:E033064,2803,303,0.4781738085681532,0.5,0.11073646532912738,0.0,0.0033003300330033004,0.006600660066006601,15.0,4.5
emblematica:E033065,2803,46,0.46744132544550304,1.0,0.03888729823582941,0.021739130434782608,0.021739130434782608,0.021739130434782608,8.0,3.0
emblematica:E033066,2803,3,0.4676037933279578,0.002061855670103093,0.0027408895104511465,0.0,0.0,0.0,1.5,4.5
emblematica:E033067,2803,104,0.36194422891297007,0.1,0.03414713784903213,0.0,0.0,0.009615384615384616,5.0,3.0
emblematica:E033068,2803,113,0.3521093438372581,0.125,0.038622238069407296,0.0,0.0,0.008849557522123894,10.0,3.0
emblematica:E033069,2803,54,0.32467422553506325,0.125,0.024074570126619635,0.0,0.0,0.018518518518518517,5.0,3.0
emblematica:E033070,2803,90,0.32485056157347303,0.045454545454545456,0.03477512227325501,0.0,0.0,0.0,22.0,4.0
emblematica:E033071,2803,43,0.3193592529334552,0.03225806451612903,0.0174618629810796,0.0,0.0,0.0,5.0,4.0
emblematica:E033072,2803,14,0.37220108328634666,0.05555555555555555,0.010068675812473556,0.0,0.0,0.0,3.5,3.0
emblematica:E033073,2803,62,0.3962441529022033,0.3333333333333333,0.028176337752360732,0.0,0.016129032258064516,0.016129032258064516,4.0,5.0
emblematica:E033074,2803,19,0.31499235280849325,0.005050505050505051,0.007153865241427603,0.0,0.0,0.0,2.0,3.0
emblematica:E033075,2803,4,0.33657384672568763,0.0014771048744460858,0.0016703357456895305,0.0,0.0,0.0,2.0,3.0
emblematica:E033076,2803,134,0.3333333333333333,0.03571428571428571,0.05237129114786153,0.0,0.0,0.0,8.0,4.0
emblematica:E033077,2803,64,0.3175352726050748,0.012987012987012988,0.021575956157906945,0.0,0.0,0.0,2.0,5.0
emblematica:E033078,2803,54,0.3201597006074766,0.009900990099009901,0.01657853426424524,0.0,0.0,0.0,3.5,5.0
emblematica:E033079,2803,28,0.36326286320025925,0.038461538461538464,0.018165589824856828,0.0,0.0,0.0,4.0,4.0
emblematica:E033080,2803,199,0.30440365752634274,0.07692307692307693,0.06461085894703515,0.0,0.0,0.0,9.0,4.0
emblematica:E033081,2803,119,0.31527840678675223,0.05,0.039555296064988345,0.0,0.0,0.0,17.5,3.0
emblematica:E033082,2803,53,0.36950511282836057,0.1111111111111111,0.028576751210380537,0.0,0.0,0.018867924528301886,5.5,3.5
emblematica:E033083,2803,59,0.3333333333333333,0.0196078431372549,0.02091224740820076,0.0,0.0,0.0,5.0,4.5
emblematica:E033084,2803,45,0.3193592529334552,0.01818181818181818,0.017455174614011557,0.0,0.0,0.0,6.5,4.0
emblematica:E033085,2803,53,0.3333333333333333,0.017857142857142856,0.025013257333077965,0.0,0.0,0.0,8.0,5.0
emblematica:E033086,2803,107,0.29994670071212803,0.047619047619047616,0.03601385295567376,0.0,0.0,0.0,11.5,4.0
emblematica:E033087,2803,106,0.335580574436625,0.1111111111111111,0.04460810254586781,0.0,0.0,0.009433962264150943,5.5,3.5
emblematica:E033088,2803,32,0.37375984297304643,0.02702702702702703,0.012771827888488007,0.0,0.0,0.0,1.0,4.0
emblematica:E033089,2803,44,0.3333333333333333,0.023809523809523808,0.015496263677169936,0.0,0.0,0.0,11.5,3.0
emblematica:E041082,2803,113,0.3333333333333333,0.023809523809523808,0.04218712994806882,0.0,0.0,0.0,9.0,3.0
emblematica:E041083,2803,27,0.3333333333333333,0.00558659217877095,0.009321656623482501,0.0,0.0,0.0,4.0,4.0
emblematica:E041084,2803,26,0.34490520365612953,0.0196078431372549,0.010880198159814704,0.0,0.0,0.0,5.0,4.0
emblematica:E041085,2803,37,0.3155930653152361,0.0625,0.01665738062682991,0.0,0.0,0.0,3.5,5.5
emblematica:E041086,2803,73,0.3219809176477838,0.009615384615384616,0.022736027353512496,0.0,0.0,0.0,1.5,4.0
emblematica:E041087,2803,60,0.35647707397892575,0.037037037037037035,0.023480626402788418,0.0,0.0,0.0,8.0,5.0
emblematica:E041088,2803,24,0.3217614630105371,0.013513513513513514,0.00935749866288552,0.0,0.0,0.0,2.0,3.5
emblematica:E041089,2803,127,0.5515377306675132,0.5,0.06019593216313291,0.0,0.015748031496062992,0.023622047244094488,8.0,4.0
emblematica:E041090,2803,25,0.3333333333333333,0.010869565217391304,0.009369962284229351,0.0,0.0,0.0,4.0,4.0
emblematica:E041091,2803,63,0.32543430296920406,0.030303030303030304,0.023192219482510053,0.0,0.0,0.0,1.0,4.0
emblematica:E041092,2803,91,0.3228802308028432,0.008695652173913044,0.03172114039589085,0.0,0.0,0.0,6.5,4.0
emblematica:E041093,2803,454,0.4371369173918072,0.3333333333333333,0.1593363576395284,0.0,0.004405286343612335,0.004405286343612335,18.0,4.0
