query_id,n_candidates,n_exact_relevant,ndcg_at_10,reciprocal_rank,average_precision,recall_at_1,recall_at_5,recall_at_10,median_query_label_frequency,median_query_hierarchy_depth
iconclass-ai:130e17_019r.jpg,1713,2,0.06451210983281006,0.002531645569620253,0.0028632668742669953,0.0,0.0,0.0,1.0,5.0
iconclass-ai:130e17_031v.jpg,1713,0,0.37073572971277174,,,,,,1.0,5.0
iconclass-ai:130e18_066v.jpg,1713,4,0.5628008520725932,1.0,0.5017407128514056,0.25,0.5,0.5,3.5,3.5
iconclass-ai:131f19_008r.jpg,1713,18,0.06951037784072625,0.004694835680751174,0.011610998868541167,0.0,0.0,0.0,7.0,5.0
iconclass-ai:131f19_015r.jpg,1713,54,0.03559163062144685,0.014925373134328358,0.035493542178969,0.0,0.0,0.0,55.0,4.0
iconclass-ai:131f19_032r.jpg,1713,28,0.06627743928807232,0.02040816326530612,0.01983956472288429,0.0,0.0,0.0,15.0,7.5
iconclass-ai:133a1_010r_min.jpg,1713,34,0.5143204568170484,1.0,0.19473637272510805,0.029411764705882353,0.08823529411764706,0.08823529411764706,8.0,7.0
iconclass-ai:133a1_010v_min.jpg,1713,37,0.5457539953769796,1.0,0.21259867059935733,0.02702702702702703,0.08108108108108109,0.10810810810810811,3.0,5.0
iconclass-ai:133a1_011r_min.jpg,1713,30,0.622111176779407,1.0,0.228666736650024,0.03333333333333333,0.1,0.13333333333333333,2.0,5.0
iconclass-ai:133a1_136r_min.jpg,1713,52,0.795900337133483,1.0,0.29175845181646987,0.019230769230769232,0.07692307692307693,0.1346153846153846,3.0,5.5
iconclass-ai:133a1_139v_min.jpg,1713,64,0.4407355640280784,1.0,0.11925737217657409,0.015625,0.03125,0.046875,9.5,5.0
iconclass-ai:133a1_149r_min.jpg,1713,52,0.6628811021721781,1.0,0.19457066418699545,0.019230769230769232,0.07692307692307693,0.09615384615384616,9.5,5.0
iconclass-ai:133e22_067v_min.jpg,1713,18,0.25688445763401146,0.25,0.09743391820500469,0.0,0.05555555555555555,0.1111111111111111,10.0,3.0
iconclass-ai:133e22_085v_min.jpg,1713,5,0.5059762204430897,1.0,0.4178098749426032,0.2,0.4,0.4,3.5,3.0
iconclass-ai:133h31_014v.jpg,1713,16,0.1755166286756264,0.14285714285714285,0.07889483755319136,0.0,0.0,0.125,10.0,5.0
iconclass-ai:133h31_078v.jpg,1713,0,0.42561397025551057,,,,,,1.0,6.0
iconclass-ai:133h31_120v.jpg,1713,4,0.49939485453359,1.0,0.3351485334164128,0.25,0.25,0.5,3.5,3.5
iconclass-ai:133h31_141v.jpg,1713,0,0.4912196912301483,,,,,,1.0,4.5
iconclass-ai:133m131_013v_min.jpg,1713,3,0.5597487839771216,1.0,0.43067669172932327,0.3333333333333333,0.3333333333333333,0.6666666666666666,3.0,5.5
iconclass-ai:133m131_078r_init.jpg,1713,32,0.17555164908203105,0.2,0.12649232723680406,0.0,0.03125,0.0625,4.0,6.0
iconclass-ai:133m131_136v_init.jpg,1713,36,0.7338742906760908,1.0,0.32281201941479903,0.027777777777777776,0.1111111111111111,0.16666666666666666,5.0,5.0
iconclass-ai:134c47_016v.jpg,1713,17,0.2863828352057815,0.25,0.0781911904301686,0.0,0.058823529411764705,0.11764705882352941,7.0,4.0
iconclass-ai:134c47_027r.jpg,1713,0,0.08679687801216172,,,,,,1.0,6.0
iconclass-ai:134c47_045v.jpg,1713,3,0.5065650607247475,1.0,0.36031302087747547,0.3333333333333333,0.3333333333333333,0.3333333333333333,4.0,4.0
iconclass-ai:134c47_064v.jpg,1713,3,0.2778524272898194,0.5,0.16887116292300053,0.0,0.3333333333333333,0.3333333333333333,4.0,5.0
iconclass-ai:134c47_082r.jpg,1713,18,0.355929615924579,0.5,0.06391019734410593,0.0,0.05555555555555555,0.1111111111111111,2.0,5.0
iconclass-ai:134c47_091v.jpg,1713,31,0.3395913060290984,0.5,0.06956195677156272,0.0,0.06451612903225806,0.06451612903225806,6.0,5.0
iconclass-ai:135e40_030r_init.jpg,1713,32,1.0,1.0,0.5956363866746415,0.03125,0.15625,0.3125,5.0,5.0
iconclass-ai:135e40_053r_init.jpg,1713,33,0.8679765271883422,1.0,0.3123462184921887,0.030303030303030304,0.15151515151515152,0.24242424242424243,3.5,5.0
iconclass-ai:135e40_056v_init.jpg,1713,33,0.6383251879590577,1.0,0.24134251051903904,0.030303030303030304,0.12121212121212122,0.15151515151515152,5.0,5.0
iconclass-ai:135e40_077r_init.jpg,1713,35,0.4247205510362544,1.0,0.1383544787005504,0.02857142857142857,0.05714285714285714,0.08571428571428572,3.0,5.5
iconclass-ai:135e40_086r_init.jpg,1713,34,0.6636916978365061,1.0,0.3482642525460924,0.029411764705882353,0.08823529411764706,0.17647058823529413,3.0,5.0
iconclass-ai:135e40_132r_init.jpg,1713,33,0.6424977639711755,1.0,0.282925413152919,0.030303030303030304,0.12121212121212122,0.15151515151515152,5.0,6.0
iconclass-ai:135g22_169r.jpg,1713,32,0.6436839050990617,0.5,0.35372843668395443,0.0,0.125,0.1875,1.0,5.0
iconclass-ai:135g9_001v.jpg,1713,27,0.12954165284519784,0.02040816326530612,0.021425084581670823,0.0,0.0,0.0,1.0,5.0
iconclass-ai:70-quod-1s_fac055.jpg,1713,15,0.11157456802525238,0.041666666666666664,0.018158869009789372,0.0,0.0,0.0,8.5,4.0
iconclass-ai:71a16_009r_min.jpg,1713,0,,,,,,,1.0,
iconclass-ai:71a16_209r_min.jpg,1713,0,0.0785947005326179,,,,,,1.0,4.5
iconclass-ai:74g37_017v_min.jpg,1713,17,0.04795729411515997,0.045454545454545456,0.017678254493997576,0.0,0.0,0.0,1.0,5.0
iconclass-ai:76f20_033r.jpg,1713,38,0.5087571532879172,1.0,0.29415287584175936,0.02631578947368421,0.05263157894736842,0.07894736842105263,2.0,6.0
iconclass-ai:76f20_038v.jpg,1713,2,0.22232206985161646,0.038461538461538464,0.03485576923076923,0.0,0.0,0.0,2.0,4.5
iconclass-ai:76f20_071r.jpg,1713,35,0.39214459309129995,1.0,0.24409812709799797,0.02857142857142857,0.05714285714285714,0.05714285714285714,4.0,5.0
iconclass-ai:76f20_105r.jpg,1713,34,0.4130341556277829,1.0,0.28706262298169555,0.029411764705882353,0.058823529411764705,0.058823529411764705,4.0,5.0
iconclass-ai:76f20_124r.jpg,1713,17,0.08900709089689259,0.002570694087403599,0.009258904008321179,0.0,0.0,0.0,5.5,5.0
iconclass-ai:76f20_166v.jpg,1713,1,0.11152488126359958,0.0014104372355430183,0.0014104372355430183,0.0,0.0,0.0,2.0,5.0
iconclass-ai:76f20_168r.jpg,1713,0,0.26389606034018415,,,,,,1.0,4.0
iconclass-ai:76f20_172v.jpg,1713,14,0.21359574534077083,0.25,0.12236851213717033,0.0,0.07142857142857142,0.07142857142857142,2.5,6.0
iconclass-ai:76f20_174v.jpg,1713,8,0.06223573855988283,0.0033333333333333335,0.005433711295614465,0.0,0.0,0.0,1.0,4.5
iconclass-ai:76f20_176v.jpg,1713,0,0.49780532284715423,,,,,,1.0,6.0
iconclass-ai:76f20_178v.jpg,1713,51,0.2877379542747827,0.25,0.08711747449722958,0.0,0.0196078431372549,0.0392156862745098,13.0,5.0
iconclass-ai:76f7_025v_min.jpg,1713,0,0.3641725387598939,,,,,,1.0,5.0
iconclass-ai:76f7_027v_min.jpg,1713,42,0.07773388778478685,0.07692307692307693,0.05042378306296482,0.0,0.0,0.0,3.5,4.5
iconclass-ai:76f7_033v_min.jpg,1713,5,0.24991455258269246,0.5,0.12633192386985156,0.0,0.2,0.2,2.0,6.0
iconclass-ai:76f7_054v_init.jpg,1713,36,0.7100047331615457,1.0,0.37970239542125644,0.027777777777777776,0.1111111111111111,0.16666666666666666,3.5,4.5
iconclass-ai:76f7_055r_init.jpg,1713,37,0.6693537472323234,1.0,0.3949874236931528,0.02702702702702703,0.10810810810810811,0.13513513513513514,2.5,5.5
iconclass-ai:76f7_059v_min.jpg,1713,2,0.12329620708111548,0.05555555555555555,0.033950617283950615,0.0,0.0,0.0,3.0,5.0
iconclass-ai:76f7_069r_min.jpg,1713,3,0.14334645099716176,0.058823529411764705,0.05845919448860626,0.0,0.0,0.0,4.0,4.0
iconclass-ai:76f7_076v_min.jpg,1713,0,0.3928554157580462,,,,,,1.0,5.0
iconclass-ai:76f7_086v_init.jpg,1713,72,0.8011594958780651,1.0,0.3066408133813089,0.013888888888888888,0.05555555555555555,0.09722222222222222,7.0,5.0
iconclass-ai:76f7_102r_init_onder.jpg,1713,32,0.7502493689992773,1.0,0.4467066519399096,0.03125,0.125,0.1875,1.5,5.5
iconclass-ai:76f7_103r_init_boven.jpg,1713,32,1.0,1.0,0.5155926873163942,0.03125,0.15625,0.3125,2.5,5.5
iconclass-ai:76f7_104r_init.jpg,1713,34,0.4859008259815688,1.0,0.22866967307638972,0.029411764705882353,0.058823529411764705,0.08823529411764706,3.0,6.0
iconclass-ai:76f7_158v_min.jpg,1713,9,0.33139716697381194,1.0,0.13591929279782158,0.1111111111111111,0.1111111111111111,0.1111111111111111,3.5,4.0
iconclass-ai:76g14_005r.jpg,1713,0,0.21168739658329072,,,,,,1.0,5.0
iconclass-ai:76g14_007r.jpg,1713,1,0.2374020192022377,0.0006480881399870382,0.0006480881399870382,0.0,0.0,0.0,1.0,5.0
iconclass-ai:76g14_007v.jpg,1713,3,0.2204790130142089,0.02,0.015278379603970375,0.0,0.0,0.0,4.0,4.0
iconclass-ai:76g14_008v.jpg,1713,3,0.22185163516129958,0.03125,0.01522301439021085,0.0,0.0,0.0,4.0,4.0
iconclass-ai:76g14_009v.jpg,1713,4,0.14521633834611816,0.0035714285714285713,0.005255430576692258,0.0,0.0,0.0,5.0,4.0
iconclass-ai:76g14_012r.jpg,1713,1,0.2964742244183444,0.0021691973969631237,0.0021691973969631237,0.0,0.0,0.0,2.0,4.0
iconclass-ai:76g14_013r.jpg,1713,2,0.11081853432468886,0.08333333333333333,0.051470588235294115,0.0,0.0,0.0,3.0,4.0
iconclass-ai:76g14_014r.jpg,1713,16,0.48176104207328,1.0,0.20636057242315253,0.0625,0.0625,0.25,3.5,5.0
iconclass-ai:76g14_015v.jpg,1713,20,0.5126450239012532,1.0,0.18762878226396612,0.05,0.1,0.2,6.0,5.0
iconclass-ai:76g14_035r.jpg,1713,4,0.16152381744763664,0.007692307692307693,0.010985353422811938,0.0,0.0,0.0,3.0,4.5
iconclass-ai:76g14_061r.jpg,1713,0,0.5305119169357804,,,,,,1.0,5.0
iconclass-ai:76g14_080r.jpg,1713,0,0.4144054105017066,,,,,,1.0,7.0
iconclass-ai:76g14_088r.jpg,1713,1,0.1595330691468992,0.04,0.04,0.0,0.0,0.0,2.0,5.0
iconclass-ai:76g14_094r.jpg,1713,3,0.1265780076455632,0.017857142857142856,0.02007750314201927,0.0,0.0,0.0,4.0,5.0
iconclass-ai:76g18_018v.jpg,1713,37,0.3408588972859352,1.0,0.11241511675032709,0.02702702702702703,0.02702702702702703,0.05405405405405406,3.0,5.0
iconclass-ai:76g18_019v.jpg,1713,38,0.29779652569040926,1.0,0.06880336455486001,0.02631578947368421,0.02631578947368421,0.02631578947368421,7.0,5.0
iconclass-ai:76g18_043r.jpg,1713,2,0.10472875278052562,0.05,0.03734567901234568,0.0,0.0,0.0,1.0,5.0
iconclass-ai:76g2_003v_init.jpg,1713,32,0.276063924302645,0.5,0.07378850919659785,0.0,0.0625,0.0625,3.0,5.0
iconclass-ai:76g2_188v_init.jpg,1713,50,0.9403711988910498,1.0,0.43325378729876335,0.02,0.1,0.18,4.0,6.0
iconclass-ai:76g2_310v_init.jpg,1713,33,0.70980912858273,1.0,0.3210496877631133,0.030303030303030304,0.09090909090909091,0.18181818181818182,2.0,5.0
iconclass-ai:76g2_370v_init.jpg,1713,55,0.7757200503167001,1.0,0.14904604907041702,0.01818181818181818,0.07272727272727272,0.10909090909090909,5.0,5.0
iconclass-ai:76g2_381v_init.jpg,1713,32,0.6572628872679194,1.0,0.22948003274340528,0.03125,0.125,0.15625,3.0,5.5
iconclass-ai:76g2_383v_init.jpg,1713,55,0.7822576641861907,1.0,0.17755927259899346,0.01818181818181818,0.09090909090909091,0.10909090909090909,5.0,5.0
iconclass-ai:76g2_384v_init.jpg,1713,55,0.8691760480472662,1.0,0.22031488767014132,0.01818181818181818,0.09090909090909091,0.14545454545454545,5.0,5.0
iconclass-ai:76g2_392v_init.jpg,1713,36,0.6877551641825604,1.0,0.21286177160504705,0.027777777777777776,0.1111111111111111,0.1388888888888889,3.0,5.0
iconclass-ai:77l60_018v_min.jpg,1713,41,0.2883436685789207,0.2,0.0976455958925914,0.0,0.024390243902439025,0.04878048780487805,7.0,4.5
iconclass-ai:77l60_036v_min.jpg,1713,1,0.1603171771297738,0.034482758620689655,0.034482758620689655,0.0,0.0,0.0,1.5,4.5
iconclass-ai:CESR_0009_114_img_01.jpg,1713,103,0.30295115551691354,0.058823529411764705,0.09157818250244625,0.0,0.0,0.0,3.0,5.0
iconclass-ai:CESR_0009_172_img_01.jpg,1713,145,0.6575284149558469,1.0,0.17629884511180693,0.006896551724137931,0.020689655172413793,0.027586206896551724,3.5,4.0
iconclass-ai:CESR_0009_237_img_01.jpg,1713,131,0.44458161564984383,1.0,0.15270440071806482,0.007633587786259542,0.007633587786259542,0.007633587786259542,2.0,3.0
iconclass-ai:CESR_0009_410_img_01.jpg,1713,51,0.32449943687274807,0.08333333333333333,0.0429107637958687,0.0,0.0,0.0,2.5,4.0
iconclass-ai:CESR_0009_444_img_01.jpg,1713,82,0.6290113205996599,1.0,0.10445869997178023,0.012195121951219513,0.012195121951219513,0.024390243902439025,1.5,4.0
iconclass-ai:alchab_26-8-med-2s_fac026.jpg,1713,5,0.20669290438580734,0.00909090909090909,0.005302688410685775,0.0,0.0,0.0,3.0,8.0
iconclass-ai:alchab_29-2-med-2f_fac009.jpg,1713,15,0.11649646117928779,0.029411764705882353,0.012544333507274965,0.0,0.0,0.0,1.0,5.0
iconclass-ai:alchab_li-51_fac026.jpg,1713,45,0.203308888302291,0.2,0.03049612455700578,0.0,0.022222222222222223,0.022222222222222223,4.0,3.0
iconclass-ai:alchab_mf-2f-6-2b_fac0057.jpg,1713,5,0.2591719310742019,0.14285714285714285,0.0331803684186408,0.0,0.0,0.2,1.0,9.0
iconclass-ai:alchab_mf-2f-6-2b_fac0061.jpg,1713,8,0.36787757295759066,0.5,0.21370934563664962,0.0,0.25,0.25,2.0,7.0
iconclass-ai:alchab_na-2f-3-2_fac026.jpg,1713,15,0.7167159907888859,0.5,0.09754883160070821,0.0,0.13333333333333333,0.13333333333333333,8.5,4.0
iconclass-ai:alchab_na-2f-3-2_fac039.jpg,1713,20,0.5806020001118017,0.5,0.25288702350887354,0.0,0.2,0.3,8.0,4.0
iconclass-ai:alchab_na-2f-3-2_fac047.jpg,1713,0,0.10686544582092405,,,,,,1.0,4.0
iconclass-ai:alchab_na-2f-3-2_fac048.jpg,1713,0,,,,,,,1.0,
iconclass-ai:alchab_na-2f-3-2_fac058.jpg,1713,0,,,,,,,1.0,
iconclass-ai:alchab_na-2f-3-2_fac061.jpg,1713,0,0.39692524134197626,,,,,,1.0,4.0
iconclass-ai:alchab_na-2f-3-2_fac062.jpg,1713,0,,,,,,,1.0,
iconclass-ai:alchab_na-2f-3-2_fac105.jpg,1713,16,0.3661154269292375,1.0,0.07963786870693618,0.0625,0.0625,0.0625,9.5,4.5
iconclass-ai:alchab_na-2f-3-2_fac107.jpg,1713,16,0.3783034488908167,1.0,0.07984565441555923,0.0625,0.0625,0.0625,9.5,4.5
iconclass-ai:alchab_na-2f-3-2_fac152.jpg,1713,1,0.47434963281258924,0.024390243902439025,0.024390243902439025,0.0,0.0,0.0,1.5,3.5
iconclass-ai:alchab_na-2f-3-2_fac213.jpg,1713,31,0.5411046115267563,1.0,0.1549974821426261,0.03225806451612903,0.0967741935483871,0.12903225806451613,9.0,4.5
iconclass-ai:alchab_na-2f-3-2_fac370.jpg,1713,1,0.6495537340508901,0.5,0.5,0.0,1.0,1.0,1.5,4.5
iconclass-ai:alchab_na-2f-3-2_fac411.jpg,1713,24,0.06793449982329977,0.012345679012345678,0.020185731804715435,0.0,0.0,0.0,7.5,4.0
iconclass-ai:alchab_na-2f-3-2_fac456.jpg,1713,22,0.5918753280108376,1.0,0.19910093310702257,0.045454545454545456,0.18181818181818182,0.18181818181818182,6.5,3.5
iconclass-ai:alchab_na-2f-3-2_fac462.jpg,1713,9,0.5542712908264805,1.0,0.3202875106019575,0.1111111111111111,0.2222222222222222,0.4444444444444444,2.0,6.0
iconclass-ai:alchab_na-2f-3-2_fac471.jpg,1713,18,0.47479014188018454,1.0,0.1734780330139919,0.05555555555555555,0.1111111111111111,0.2222222222222222,12.0,3.5
iconclass-ai:alchab_na-2f-3-2_fac487.jpg,1713,18,0.3547393077922468,0.5,0.06824013234009367,0.0,0.05555555555555555,0.05555555555555555,5.0,3.5
iconclass-ai:alchab_nd-283-2s_fac051.jpg,1713,15,0.6049492385282457,1.0,0.22105657756037006,0.06666666666666667,0.13333333333333333,0.3333333333333333,9.0,4.5
iconclass-ai:alchab_nd-283-2s_fac175.jpg,1713,15,0.6183487170480836,1.0,0.2174134578817587,0.06666666666666667,0.13333333333333333,0.3333333333333333,9.0,4.5
iconclass-ai:alchab_oc-77-2_fac0753.jpg,1713,1,0.3365852714184079,0.018867924528301886,0.018867924528301886,0.0,0.0,0.0,2.0,9.0
iconclass-ai:alchab_oc-77-2_fac0981.jpg,1713,22,0.15196563429855733,0.125,0.021976737441133685,0.0,0.0,0.045454545454545456,12.5,4.0
iconclass-ai:alchab_oc-77-2_fac1233.jpg,1713,16,0.2489083270225946,0.5,0.04544778736057497,0.0,0.0625,0.0625,7.0,3.0
iconclass-ai:alchab_oc-77-2_fac1252.jpg,1713,16,0.3338787913342378,0.5,0.047957090315946645,0.0,0.0625,0.0625,7.0,3.0
iconclass-ai:alchab_oc-77-2_fac1265.jpg,1713,5,0.3615465361867966,0.5,0.10553091106070626,0.0,0.2,0.2,6.0,5.0
iconclass-ai:alchab_od-215_fac011.jpg,1713,32,0.13752338314776769,0.005649717514124294,0.017663538663752944,0.0,0.0,0.0,1.0,4.0
iconclass-ai:alchab_wa-2f-98_fac010.jpg,1713,3,0.10001933112370827,0.003816793893129771,0.0023194982306098256,0.0,0.0,0.0,2.0,6.0
iconclass-ai:alchab_xb-3628_fac003.jpg,1713,15,0.03677107398941753,0.014705882352941176,0.013356564061759684,0.0,0.0,0.0,1.0,4.0
iconclass-ai:alchab_xb-3832_fac113.jpg,1713,5,0.22224488301345705,0.125,0.047776933503427974,0.0,0.0,0.2,6.0,5.0
iconclass-ai:bsb00024923_12.jpg,1713,34,0.7421382906389535,1.0,0.2128265479994895,0.029411764705882353,0.14705882352941177,0.17647058823529413,5.0,4.0
iconclass-ai:bsb00024923_33.jpg,1713,40,0.5043450792764996,1.0,0.13600724389973576,0.025,0.075,0.075,5.0,4.0
iconclass-ai:bsb00024923_34.jpg,1713,35,0.411576419804359,1.0,0.12788930849035818,0.02857142857142857,0.05714285714285714,0.05714285714285714,4.0,4.0
iconclass-ai:bsb00024923_7.jpg,1713,81,1.0,1.0,0.5777455048460405,0.012345679012345678,0.06172839506172839,0.12345679012345678,44.0,3.0
iconclass-ai:bsb00024923_8.jpg,1713,81,1.0,1.0,0.5863970673304976,0.012345679012345678,0.06172839506172839,0.12345679012345678,44.0,3.0
iconclass-ai:bsb00025107_10.jpg,1713,0,0.1455157777216276,,,,,,1.0,4.0
iconclass-ai:bsb00025107_32.jpg,1713,0,0.4035221588027755,,,,,,1.0,5.0
iconclass-ai:bsb00025307_21.jpg,1713,4,0.10380149399616027,0.00980392156862745,0.009971042802482934,0.0,0.0,0.0,2.0,7.0
iconclass-ai:bsb00025307_7.jpg,1713,9,0.5425310833402557,1.0,0.27045239037288277,0.1111111111111111,0.2222222222222222,0.2222222222222222,2.0,3.0
iconclass-ai:bsb00025457_12.jpg,1713,0,0.14907444677998263,,,,,,1.0,3.0
iconclass-ai:bsb00025460_153.jpg,1713,2,0.34658297903959645,0.002976190476190476,0.003312912756343413,0.0,0.0,0.0,3.0,5.0
iconclass-ai:bsb00025460_234.jpg,1713,2,0.32252063516729396,0.03125,0.03229166666666666,0.0,0.0,0.0,3.0,3.0
iconclass-ai:bsb00025460_42.jpg,1713,3,0.25314032362713534,0.16666666666666666,0.07979024943310657,0.0,0.0,0.3333333333333333,4.0,4.0
iconclass-ai:bsb00025460_7.jpg,1713,3,0.18251779471522905,0.02857142857142857,0.014287224714429602,0.0,0.0,0.0,2.5,4.5
iconclass-ai:bsb00025460_94.jpg,1713,2,0.16764975625964693,0.0035460992907801418,0.003032495489218786,0.0,0.0,0.0,3.0,5.0
iconclass-ai:bsb00025600_129.jpg,1713,34,0.8738355490866583,1.0,0.3640480839777944,0.029411764705882353,0.11764705882352941,0.23529411764705882,4.0,5.0
iconclass-ai:bsb00025600_135.jpg,1713,34,0.6236586266594992,1.0,0.2192303780477769,0.029411764705882353,0.058823529411764705,0.14705882352941177,4.0,3.5
iconclass-ai:bsb00025600_154.jpg,1713,84,0.4024373403881691,1.0,0.38947629957475033,0.011904761904761904,0.011904761904761904,0.023809523809523808,34.0,4.0
iconclass-ai:bsb00025600_238.jpg,1713,81,0.7702043899253146,1.0,0.5156083775455738,0.012345679012345678,0.04938271604938271,0.08641975308641975,44.0,3.0
iconclass-ai:bsb00025600_502.jpg,1713,47,0.5351072024947047,1.0,0.1131544358190228,0.02127659574468085,0.06382978723404255,0.06382978723404255,9.0,2.0
iconclass-ai:bsb00025600_548.jpg,1713,34,0.8809600885244989,1.0,0.5129510505982904,0.029411764705882353,0.14705882352941177,0.23529411764705882,19.5,3.0
iconclass-ai:bsb00025600_549.jpg,1713,33,0.6187416190092115,1.0,0.25403064533347564,0.030303030303030304,0.06060606060606061,0.15151515151515152,19.0,3.0
iconclass-ai:bsb00025600_56.jpg,1713,36,0.8756268926063681,1.0,0.3978638650019006,0.027777777777777776,0.1388888888888889,0.2222222222222222,5.0,4.0
iconclass-ai:bsb00025600_560.jpg,1713,33,0.2333395586056105,0.5,0.20995279464141078,0.0,0.030303030303030304,0.030303030303030304,18.5,3.0
iconclass-ai:bsb00025600_561.jpg,1713,46,0.43594540886489325,1.0,0.09515261781258032,0.021739130434782608,0.06521739130434782,0.06521739130434782,9.0,3.5
iconclass-ai:bsb00025600_564.jpg,1713,34,0.8242779576420306,1.0,0.4145432931279667,0.029411764705882353,0.11764705882352941,0.20588235294117646,4.5,2.0
iconclass-ai:bsb00025600_576.jpg,1713,34,0.550520466335727,1.0,0.15878049453859724,0.029411764705882353,0.08823529411764706,0.11764705882352941,19.5,3.0
iconclass-ai:bsb00025600_578.jpg,1713,35,0.8778341226404694,1.0,0.40320530320125264,0.02857142857142857,0.14285714285714285,0.22857142857142856,20.0,3.0
iconclass-ai:bsb00025600_579.jpg,1713,46,0.7858797047674371,1.0,0.26161328242234894,0.021739130434782608,0.08695652173913043,0.15217391304347827,6.0,4.0
iconclass-ai:bsb00025600_585.jpg,1713,34,0.5550688947996564,1.0,0.26090241003895637,0.029411764705882353,0.08823529411764706,0.11764705882352941,19.5,3.0
iconclass-ai:bsb00025600_588.jpg,1713,33,0.41773989434993614,1.0,0.12839315622528538,0.030303030303030304,0.030303030303030304,0.09090909090909091,19.5,3.0
iconclass-ai:bsb00025600_600.jpg,1713,33,0.6193164381981252,1.0,0.29425900849371084,0.030303030303030304,0.06060606060606061,0.15151515151515152,19.0,3.0
iconclass-ai:bsb00025600_601.jpg,1713,33,0.8157560353478995,1.0,0.29944979280974676,0.030303030303030304,0.15151515151515152,0.21212121212121213,19.5,3.0
iconclass-ai:bsb00025600_602.jpg,1713,35,0.5786568870585297,1.0,0.21065739322907043,0.02857142857142857,0.08571428571428572,0.11428571428571428,19.0,3.0
iconclass-ai:bsb00025600_604.jpg,1713,35,0.8120247161577334,1.0,0.4020790357735897,0.02857142857142857,0.14285714285714285,0.2,19.0,3.0
iconclass-ai:bsb00025600_61.jpg,1713,81,1.0,1.0,0.5873939481351117,0.012345679012345678,0.06172839506172839,0.12345679012345678,44.0,3.0
iconclass-ai:bsb00025600_638.jpg,1713,81,0.8521705090845474,1.0,0.5418529025347584,0.012345679012345678,0.06172839506172839,0.09876543209876543,44.0,3.0
iconclass-ai:bsb00025600_68.jpg,1713,36,0.9434481882675984,1.0,0.44460700508079637,0.027777777777777776,0.1388888888888889,0.25,4.5,4.0
iconclass-ai:bsb00025600_69.jpg,1713,34,0.6799392513021351,1.0,0.21099054327411246,0.029411764705882353,0.11764705882352941,0.14705882352941177,5.0,4.0
iconclass-ai:bsb00025600_700.jpg,1713,34,0.8169437621008733,1.0,0.2903885580017165,0.029411764705882353,0.11764705882352941,0.20588235294117646,4.0,5.0
iconclass-ai:bsb00025600_719.jpg,1713,34,1.0,1.0,0.5020889562431394,0.029411764705882353,0.14705882352941177,0.29411764705882354,4.0,5.0
iconclass-ai:bsb00025600_723.jpg,1713,50,0.6932268169789572,1.0,0.15608905141987717,0.02,0.08,0.1,9.0,5.0
iconclass-ai:bsb00025600_725.jpg,1713,75,0.7396019360813829,1.0,0.13996314955129988,0.013333333333333334,0.05333333333333334,0.08,12.5,4.5
iconclass-ai:bsb00025600_83.jpg,1713,35,0.9510907186004266,1.0,0.37528238588697443,0.02857142857142857,0.14285714285714285,0.2571428571428571,20.0,3.0
iconclass-ai:bsb00025969_257.jpg,1713,0,0.11509188621498484,,,,,,1.0,6.0
iconclass-ai:bsb00025969_261.jpg,1713,1,0.5738693251609905,1.0,1.0,1.0,1.0,1.0,2.0,6.0
iconclass-ai:bsb00025969_58.jpg,1713,2,0.0,0.001277139208173691,0.0018996036520061393,0.0,0.0,0.0,3.0,1.0
iconclass-ai:bsb00025969_687.jpg,1713,1,0.01593256196301426,0.0008347245409015025,0.0008347245409015025,0.0,0.0,0.0,2.0,5.0
iconclass-ai:bsb00026029_139.jpg,1713,1,0.0,0.00065359477124183,0.00065359477124183,0.0,0.0,0.0,2.0,4.0
iconclass-ai:bsb00026029_447.jpg,1713,1,0.1328556917978824,0.001455604075691412,0.001455604075691412,0.0,0.0,0.0,2.0,5.0
iconclass-ai:bsb00026029_549.jpg,1713,0,0.2966992302438887,,,,,,1.0,5.0
iconclass-ai:bsb00026029_562.jpg,1713,0,0.22034919398115907,,,,,,1.0,6.0
iconclass-ai:bsb00026029_568.jpg,1713,0,0.0,,,,,,1.0,6.0
iconclass-ai:bsb00026029_860.jpg,1713,1,0.17417824464849574,0.0014947683109118087,0.0014947683109118087,0.0,0.0,0.0,1.0,3.0
iconclass-ai:bsb00026117_13.jpg,1713,0,0.0,,,,,,1.0,4.0
iconclass-ai:bsb00026461_190.jpg,1713,0,0.056288784270998864,,,,,,1.0,5.0
iconclass-ai:bsb00026461_197.jpg,1713,1,0.7606670949040036,1.0,1.0,1.0,1.0,1.0,2.0,4.0
iconclass-ai:bsb00026461_203.jpg,1713,1,0.7606670949040036,1.0,1.0,1.0,1.0,1.0,2.0,4.0
iconclass-ai:bsb00026461_37.jpg,1713,28,0.31798396604289386,1.0,0.09563970994943828,0.03571428571428571,0.03571428571428571,0.03571428571428571,15.0,3.5
iconclass-ai:bsb00026461_43.jpg,1713,28,0.3888469128782845,1.0,0.13418719466283985,0.03571428571428571,0.07142857142857142,0.10714285714285714,15.0,3.5
iconclass-ai:bsb00026697_116.jpg,1713,3,0.24271758812068214,0.0008417508417508417,0.0015431812296222574,0.0,0.0,0.0,4.0,3.0
iconclass-ai:bsb00026697_484.jpg,1713,4,0.27428555543009153,0.01282051282051282,0.011703827966546692,0.0,0.0,0.0,3.0,4.0
iconclass-ai:bsb00026697_528.jpg,1713,0,0.5720683863218423,,,,,,1.0,6.0
iconclass-ai:bsb00026916_4.jpg,1713,2,0.5953477764364664,1.0,0.7,0.5,1.0,1.0,2.0,3.5
iconclass-ai:bsb00027184_127.jpg,1713,9,0.4220949603708207,0.5,0.36442638419133044,0.0,0.3333333333333333,0.4444444444444444,3.0,3.0
iconclass-ai:bsb00027184_133.jpg,1713,17,0.6300426811446146,1.0,0.28430467032991863,0.058823529411764705,0.23529411764705882,0.29411764705882354,7.0,5.0
iconclass-ai:bsb00027184_30.jpg,1713,29,0.3589542101716347,1.0,0.09561824005602582,0.034482758620689655,0.06896551724137931,0.06896551724137931,7.0,3.0
iconclass-ai:bsb00027184_52.jpg,1713,14,0.7273298443105218,1.0,0.4354430474568526,0.07142857142857142,0.35714285714285715,0.42857142857142855,7.0,4.0
iconclass-ai:bsb00027184_61.jpg,1713,6,0.558984752840862,1.0,0.5612589307711259,0.16666666666666666,0.5,0.6666666666666666,2.0,3.0
iconclass-ai:bsb00027184_74.jpg,1713,14,0.627466410883235,1.0,0.32520150632234696,0.07142857142857142,0.2857142857142857,0.35714285714285715,7.0,4.0
iconclass-ai:bsb00027184_92.jpg,1713,15,0.5607686333077346,1.0,0.3113825498320098,0.06666666666666667,0.26666666666666666,0.26666666666666666,7.0,5.0
iconclass-ai:bsb00027260_115.jpg,1713,0,0.6994423667633203,,,,,,1.0,3.0
iconclass-ai:bsb00027260_122.jpg,1713,0,0.5785047838362188,,,,,,1.0,4.5
iconclass-ai:bsb00027260_128.jpg,1713,1,0.32058573829847914,0.02857142857142857,0.02857142857142857,0.0,0.0,0.0,1.5,5.0
iconclass-ai:bsb00027260_130.jpg,1713,2,0.5094848248710002,0.002824858757062147,0.0027145127118644065,0.0,0.0,0.0,1.0,4.0
iconclass-ai:bsb00027260_136.jpg,1713,6,0.2591250371160026,0.1,0.04209189017958407,0.0,0.0,0.16666666666666666,3.0,4.0
iconclass-ai:bsb00027260_14.jpg,1713,0,0.644832841780351,,,,,,1.0,6.5
iconclass-ai:bsb00027260_144.jpg,1713,0,0.5472137584001794,,,,,,1.0,4.5
iconclass-ai:bsb00027260_17.jpg,1713,0,0.8813024645299538,,,,,,1.0,4.5
iconclass-ai:bsb00027260_20.jpg,1713,0,0.8239193273679793,,,,,,1.0,4.0
iconclass-ai:bsb00027260_209.jpg,1713,0,0.6948221663619502,,,,,,1.0,5.0
iconclass-ai:bsb00027260_215.jpg,1713,0,0.8282615068946653,,,,,,1.0,5.0
iconclass-ai:bsb00027260_237.jpg,1713,0,0.5959434721481384,,,,,,1.0,3.0
iconclass-ai:bsb00027260_287.jpg,1713,0,0.6469857313413506,,,,,,1.0,3.0
iconclass-ai:bsb00027260_291.jpg,1713,0,0.6760719354198829,,,,,,1.0,3.0
iconclass-ai:bsb00027260_303.jpg,1713,0,0.052840526002327956,,,,,,1.0,4.0
iconclass-ai:bsb00027260_32.jpg,1713,0,0.9242294924550294,,,,,,1.0,5.0
iconclass-ai:bsb00027260_325.jpg,1713,0,0.5805021953087721,,,,,,1.0,7.0
iconclass-ai:bsb00027260_329.jpg,1713,0,0.6937286140593518,,,,,,1.0,3.0
iconclass-ai:bsb00027260_345.jpg,1713,0,0.4480752980689922,,,,,,1.0,3.0
iconclass-ai:bsb00027260_355.jpg,1713,0,0.7007772105034898,,,,,,1.0,5.0
iconclass-ai:bsb00027260_375.jpg,1713,0,0.6718591943939273,,,,,,1.0,3.0
iconclass-ai:bsb00027260_379.jpg,1713,1,0.3108564835473703,0.05,0.05,0.0,0.0,0.0,1.5,5.0
iconclass-ai:bsb00027260_380.jpg,1713,0,0.5338600640514862,,,,,,1.0,5.0
iconclass-ai:bsb00027260_388.jpg,1713,0,0.8301920165999047,,,,,,1.0,5.0
iconclass-ai:bsb00027260_399.jpg,1713,0,0.5443279871416903,,,,,,1.0,5.0
iconclass-ai:bsb00027260_419.jpg,1713,0,0.8603593104219958,,,,,,1.0,4.0
iconclass-ai:bsb00027260_424.jpg,1713,2,0.28667353427504216,0.0008143322475570033,0.0011446292506221594,0.0,0.0,0.0,1.0,4.0
iconclass-ai:bsb00027260_427.jpg,1713,2,0.4130439324382852,0.08333333333333333,0.07196969696969696,0.0,0.0,0.0,1.0,2.5
iconclass-ai:bsb00027260_428.jpg,1713,0,0.6722862280660866,,,,,,1.0,3.0
iconclass-ai:bsb00027260_430.jpg,1713,0,0.5716326990215072,,,,,,1.0,3.0
iconclass-ai:bsb00027260_46.jpg,1713,0,0.8067701002674295,,,,,,1.0,5.0
iconclass-ai:bsb00027260_460.jpg,1713,2,0.465666623491315,0.023809523809523808,0.03231292517006802,0.0,0.0,0.0,1.0,2.5
iconclass-ai:bsb00027260_48.jpg,1713,0,0.7630167120055843,,,,,,1.0,5.0
iconclass-ai:bsb00027260_490.jpg,1713,0,0.642999210189418,,,,,,1.0,3.0
iconclass-ai:bsb00027260_510.jpg,1713,1,0.4600934114399256,0.02,0.02,0.0,0.0,0.0,1.0,5.0
iconclass-ai:bsb00027260_517.jpg,1713,0,0.6875523898074805,,,,,,1.0,5.0
iconclass-ai:bsb00027260_554.jpg,1713,0,0.7532985479907499,,,,,,1.0,4.0
iconclass-ai:bsb00027260_559.jpg,1713,4,0.33916757367155703,0.041666666666666664,0.03444707552012024,0.0,0.0,0.0,3.0,4.0
iconclass-ai:bsb00027260_572.jpg,1713,4,0.41829318243863906,0.004694835680751174,0.005024107122626202,0.0,0.0,0.0,3.0,4.0
iconclass-ai:bsb00027260_614.jpg,1713,0,0.6280198665082324,,,,,,1.0,3.0
iconclass-ai:bsb00027260_63.jpg,1713,0,0.787364054769156,,,,,,1.0,5.0
iconclass-ai:bsb00027260_655.jpg,1713,0,0.6508823780904845,,,,,,1.0,3.0
iconclass-ai:bsb00027260_668.jpg,1713,0,0.803094607087001,,,,,,1.0,4.5
iconclass-ai:bsb00027260_686.jpg,1713,1,0.4925926325303757,0.0010893246187363835,0.0010893246187363835,0.0,0.0,0.0,1.5,3.5
iconclass-ai:bsb00027260_691.jpg,1713,0,0.6324012536451996,,,,,,1.0,4.0
iconclass-ai:bsb00027260_705.jpg,1713,0,0.6429733939020001,,,,,,1.0,5.0
iconclass-ai:bsb00027260_707.jpg,1713,0,0.297524572394789,,,,,,1.0,5.5
iconclass-ai:bsb00027260_709.jpg,1713,1,0.4420044957870177,0.0005913660555884093,0.0005913660555884093,0.0,0.0,0.0,1.5,4.0
iconclass-ai:bsb00027260_718.jpg,1713,0,0.5860116716463681,,,,,,1.0,3.0
iconclass-ai:bsb00027260_727.jpg,1713,2,0.3077418266150897,0.014925373134328358,0.011848651479444881,0.0,0.0,0.0,2.0,5.0
iconclass-ai:bsb00027260_736.jpg,1713,1,0.014901097002848872,0.007936507936507936,0.007936507936507936,0.0,0.0,0.0,2.0,4.0
iconclass-ai:bsb00027260_74.jpg,1713,0,0.8212458624519487,,,,,,1.0,4.0
iconclass-ai:bsb00027260_744.jpg,1713,1,0.40559259325392283,0.013513513513513514,0.013513513513513514,0.0,0.0,0.0,1.0,4.0
iconclass-ai:bsb00027260_763.jpg,1713,2,0.21612908326240612,0.02,0.010689179875947622,0.0,0.0,0.0,2.0,5.5
iconclass-ai:bsb00027260_764.jpg,1713,0,0.6938640978391765,,,,,,1.0,3.0
iconclass-ai:bsb00027260_94.jpg,1713,0,0.6590696625287319,,,,,,1.0,3.0
iconclass-ai:bsb00027260_98.jpg,1713,0,0.6157373483162464,,,,,,1.0,3.0
iconclass-ai:bsb00027261_153.jpg,1713,1,0.1551416883769691,0.005263157894736842,0.005263157894736842,0.0,0.0,0.0,2.0,4.0
iconclass-ai:bsb00027261_170.jpg,1713,0,0.8038285445384266,,,,,,1.0,4.0
iconclass-ai:bsb00027261_233.jpg,1713,0,0.4325476189138408,,,,,,1.0,5.0
iconclass-ai:bsb00027261_242.jpg,1713,0,0.6679401140281929,,,,,,1.0,4.0
iconclass-ai:bsb00027261_245.jpg,1713,0,0.4712674356010355,,,,,,1.0,3.0
iconclass-ai:bsb00027261_264.jpg,1713,0,0.731328605433892,,,,,,1.0,4.0
iconclass-ai:bsb00027261_295.jpg,1713,5,0.4035911668399364,1.0,0.22806754435816967,0.2,0.2,0.2,3.5,4.5
iconclass-ai:bsb00027261_303.jpg,1713,1,0.3854311521222544,0.034482758620689655,0.034482758620689655,0.0,0.0,0.0,1.5,4.5
iconclass-ai:bsb00027261_307.jpg,1713,1,0.4207762430129614,0.125,0.125,0.0,0.0,1.0,2.0,4.0
iconclass-ai:bsb00027261_378.jpg,1713,2,0.3359682371572045,0.005025125628140704,0.004536854312046061,0.0,0.0,0.0,2.0,5.5
iconclass-ai:bsb00027261_384.jpg,1713,0,0.2457709980207087,,,,,,1.0,5.0
iconclass-ai:bsb00027261_387.jpg,1713,2,0.3268391108025271,0.01020408163265306,0.005699055741699665,0.0,0.0,0.0,2.5,5.5
iconclass-ai:bsb00027261_400.jpg,1713,4,0.3350111825309165,0.3333333333333333,0.11458797396297395,0.0,0.25,0.25,3.5,5.0
iconclass-ai:bsb00027261_416.jpg,1713,0,0.6669096679852747,,,,,,1.0,4.0
iconclass-ai:bsb00027261_421.jpg,1713,0,0.36776683805645327,,,,,,1.0,3.5
iconclass-ai:bsb00027261_427.jpg,1713,1,0.01885248208710291,0.004807692307692308,0.004807692307692308,0.0,0.0,0.0,2.0,4.0
iconclass-ai:bsb00027261_445.jpg,1713,0,0.5141160667586488,,,,,,1.0,4.0
iconclass-ai:bsb00027261_462.jpg,1713,11,0.16610572088185607,0.058823529411764705,0.03512456854353081,0.0,0.0,0.0,6.5,4.0
iconclass-ai:bsb00027261_95.jpg,1713,1,0.5348117256526117,0.006535947712418301,0.006535947712418301,0.0,0.0,0.0,2.0,4.0
iconclass-ai:bsb00027346_11.jpg,1713,0,0.3389582175467672,,,,,,1.0,4.0
iconclass-ai:bsb00027346_146.jpg,1713,0,0.34096307133839,,,,,,1.0,4.0
iconclass-ai:bsb00027346_208.jpg,1713,0,0.5171080413029746,,,,,,1.0,3.0
iconclass-ai:bsb00027346_211.jpg,1713,0,0.06183442132983543,,,,,,1.0,5.5
iconclass-ai:bsb00027346_72.jpg,1713,0,0.31910071304404136,,,,,,1.0,5.5
iconclass-ai:bsb00027346_86.jpg,1713,0,0.6347097924024492,,,,,,1.0,4.0
iconclass-ai:bsb00027477_103.jpg,1713,0,0.3507520127062341,,,,,,1.0,5.0
iconclass-ai:bsb00027477_105.jpg,1713,4,0.4719194330909097,1.0,0.321712158808933,0.25,0.25,0.5,3.0,5.0
iconclass-ai:bsb00027477_119.jpg,1713,4,0.5138979334828103,1.0,0.3157882241215575,0.25,0.25,0.5,3.0,5.0
iconclass-ai:bsb00027477_12.jpg,1713,4,0.29400656769586525,0.2,0.13207706201083685,0.0,0.25,0.25,3.0,5.0
iconclass-ai:bsb00027477_121.jpg,1713,0,0.7071744550297453,,,,,,1.0,4.0
iconclass-ai:bsb00027477_129.jpg,1713,2,0.19271564931921534,0.013888888888888888,0.00912309368191721,0.0,0.0,0.0,3.0,5.0
iconclass-ai:bsb00027477_132.jpg,1713,0,0.556120285270368,,,,,,1.0,5.0
iconclass-ai:bsb00027477_136.jpg,1713,0,0.5812993284224328,,,,,,1.0,7.0
iconclass-ai:bsb00027477_38.jpg,1713,0,0.46781942674175553,,,,,,1.0,5.0
iconclass-ai:bsb00027477_47.jpg,1713,0,0.6337186812947301,,,,,,1.0,4.5
iconclass-ai:bsb00027477_82.jpg,1713,2,0.18907368905632085,0.0033112582781456954,0.0040085703155434355,0.0,0.0,0.0,3.0,3.0
iconclass-ai:bsb00027477_9.jpg,1713,1,0.19833423882159368,0.001182033096926714,0.001182033096926714,0.0,0.0,0.0,2.0,5.0
iconclass-ai:bsb00027697_23.jpg,1713,21,0.022754000544131278,0.007692307692307693,0.011801526955015785,0.0,0.0,0.0,12.0,5.0
iconclass-ai:bsb00027697_34.jpg,1713,7,0.008059389230654367,0.0011862396204033216,0.0032249261566522423,0.0,0.0,0.0,4.5,4.5
iconclass-ai:bsb00027697_86.jpg,1713,1,0.08804135722427453,0.0007230657989877079,0.0007230657989877079,0.0,0.0,0.0,1.5,4.0
iconclass-ai:bsb00027852_107.jpg,1713,0,0.6402651412385829,,,,,,1.0,4.0
iconclass-ai:bsb00027852_118.jpg,1713,0,0.48395000444081826,,,,,,1.0,4.0
iconclass-ai:bsb00027852_119.jpg,1713,0,0.6504774048605503,,,,,,1.0,4.0
iconclass-ai:bsb00027852_127.jpg,1713,0,0.25184082931686363,,,,,,1.0,4.0
iconclass-ai:bsb00027852_131.jpg,1713,0,0.5606996328377534,,,,,,1.0,4.0
iconclass-ai:bsb00027852_133.jpg,1713,0,0.5649214397169678,,,,,,1.0,4.0
iconclass-ai:bsb00027852_134.jpg,1713,0,0.6208180946499753,,,,,,1.0,4.0
iconclass-ai:bsb00027852_136.jpg,1713,0,0.3530924808157952,,,,,,1.0,5.0
iconclass-ai:bsb00027852_144.jpg,1713,0,0.6099045882389192,,,,,,1.0,4.0
iconclass-ai:bsb00027852_155.jpg,1713,0,0.5258784706512593,,,,,,1.0,4.0
iconclass-ai:bsb00027852_157.jpg,1713,0,0.6311903676493245,,,,,,1.0,4.0
iconclass-ai:bsb00027852_159.jpg,1713,1,0.5327689786032295,0.007042253521126761,0.007042253521126761,0.0,0.0,0.0,2.0,5.0
iconclass-ai:bsb00027852_165.jpg,1713,0,0.2777329961168981,,,,,,1.0,4.0
iconclass-ai:bsb00027852_17.jpg,1713,0,0.6403181537433155,,,,,,1.0,4.0
iconclass-ai:bsb00027852_172.jpg,1713,0,0.4853689823201006,,,,,,1.0,5.0
iconclass-ai:bsb00027852_173.jpg,1713,0,0.5890475556336738,,,,,,1.0,4.0
iconclass-ai:bsb00027852_179.jpg,1713,0,0.6610862278921636,,,,,,1.0,4.0
iconclass-ai:bsb00027852_180.jpg,1713,0,0.5716898456568186,,,,,,1.0,4.0
iconclass-ai:bsb00027852_183.jpg,1713,0,0.7716267102225436,,,,,,1.0,4.0
iconclass-ai:bsb00027852_184.jpg,1713,0,0.37336072431198786,,,,,,1.0,4.0
iconclass-ai:bsb00027852_186.jpg,1713,1,0.23326936053956707,0.01020408163265306,0.01020408163265306,0.0,0.0,0.0,2.0,5.0
iconclass-ai:bsb00027852_191.jpg,1713,0,0.5732701394907525,,,,,,1.0,4.0
iconclass-ai:bsb00027852_192.jpg,1713,7,0.341641340503778,0.045454545454545456,0.05610847068832315,0.0,0.0,0.0,8.0,3.0
iconclass-ai:bsb00027852_198.jpg,1713,0,0.6542630102783634,,,,,,1.0,4.0
iconclass-ai:bsb00027852_201.jpg,1713,0,0.6347312016031742,,,,,,1.0,4.0
iconclass-ai:bsb00027852_203.jpg,1713,0,0.5952986334839475,,,,,,1.0,4.0
iconclass-ai:bsb00027852_204.jpg,1713,0,0.6147414275623115,,,,,,1.0,4.0
iconclass-ai:bsb00027852_206.jpg,1713,0,0.5104326399723852,,,,,,1.0,4.0
iconclass-ai:bsb00027852_209.jpg,1713,1,0.4790565080193354,0.002178649237472767,0.002178649237472767,0.0,0.0,0.0,2.0,5.0
iconclass-ai:bsb00027852_21.jpg,1713,0,0.5931942246145657,,,,,,1.0,4.0
iconclass-ai:bsb00027852_216.jpg,1713,0,0.6435229260210742,,,,,,1.0,4.0
iconclass-ai:bsb00027852_218.jpg,1713,0,0.4813459440601309,,,,,,1.0,6.0
iconclass-ai:bsb00027852_220.jpg,1713,0,0.6911213073664532,,,,,,1.0,4.0
iconclass-ai:bsb00027852_222.jpg,1713,0,0.7847156109683886,,,,,,1.0,5.0
iconclass-ai:bsb00027852_226.jpg,1713,0,0.6308234977937407,,,,,,1.0,4.0
iconclass-ai:bsb00027852_227.jpg,1713,0,0.4667466455240896,,,,,,1.0,5.0
iconclass-ai:bsb00027852_229.jpg,1713,0,0.6016983107267094,,,,,,1.0,3.0
iconclass-ai:bsb00027852_23.jpg,1713,0,0.6009454547537763,,,,,,1.0,4.0
iconclass-ai:bsb00027852_232.jpg,1713,0,0.5521062578517271,,,,,,1.0,4.0
iconclass-ai:bsb00027852_237.jpg,1713,0,0.6919771665274649,,,,,,1.0,4.0
iconclass-ai:bsb00027852_240.jpg,1713,0,0.4566180045930231,,,,,,1.0,5.0
iconclass-ai:bsb00027852_241.jpg,1713,0,0.49739891867453917,,,,,,1.0,5.0
iconclass-ai:bsb00027852_253.jpg,1713,0,0.46778958156187983,,,,,,1.0,4.0
iconclass-ai:bsb00027852_255.jpg,1713,0,0.4766791284622597,,,,,,1.0,4.0
iconclass-ai:bsb00027852_257.jpg,1713,0,0.5729157470326982,,,,,,1.0,3.0
iconclass-ai:bsb00027852_264.jpg,1713,0,0.6313789211504968,,,,,,1.0,4.0
iconclass-ai:bsb00027852_265.jpg,1713,7,0.44579418775778046,0.125,0.07735181752278394,0.0,0.0,0.14285714285714285,8.0,3.0
iconclass-ai:bsb00027852_277.jpg,1713,1,0.35832509541628826,0.012987012987012988,0.012987012987012988,0.0,0.0,0.0,2.0,4.0
iconclass-ai:bsb00027852_278.jpg,1713,1,0.45148490508626526,0.017543859649122806,0.017543859649122806,0.0,0.0,0.0,2.0,4.0
iconclass-ai:bsb00027852_281.jpg,1713,0,0.6710411899883859,,,,,,1.0,4.0
iconclass-ai:bsb00027852_284.jpg,1713,0,0.5834412743006027,,,,,,1.0,4.0
iconclass-ai:bsb00027852_286.jpg,1713,7,0.5611076106555641,0.5,0.16605209499530144,0.0,0.14285714285714285,0.2857142857142857,8.0,3.0
iconclass-ai:bsb00027852_292.jpg,1713,1,0.5563460341670475,0.009900990099009901,0.009900990099009901,0.0,0.0,0.0,2.0,4.0
iconclass-ai:bsb00027852_293.jpg,1713,1,0.42693739814941806,0.01639344262295082,0.01639344262295082,0.0,0.0,0.0,2.0,4.0
iconclass-ai:bsb00027852_295.jpg,1713,1,0.3059211057321843,0.0008163265306122449,0.0008163265306122449,0.0,0.0,0.0,2.0,6.0
iconclass-ai:bsb00027852_299.jpg,1713,0,0.6031440479624358,,,,,,1.0,4.0
iconclass-ai:bsb00027852_301.jpg,1713,0,0.5184549064421652,,,,,,1.0,4.0
iconclass-ai:bsb00027852_302.jpg,1713,0,0.44647201274157433,,,,,,1.0,4.0
iconclass-ai:bsb00027852_306.jpg,1713,8,0.19645117292006795,0.002824858757062147,0.004245149790827318,0.0,0.0,0.0,9.0,6.0
iconclass-ai:bsb00027852_317.jpg,1713,0,0.6250937774770292,,,,,,1.0,4.0
iconclass-ai:bsb00027852_318.jpg,1713,0,0.5905707135928367,,,,,,1.0,4.0
iconclass-ai:bsb00027852_324.jpg,1713,0,0.6645335101470454,,,,,,1.0,4.0
iconclass-ai:bsb00027852_325.jpg,1713,0,0.506001741013658,,,,,,1.0,4.0
iconclass-ai:bsb00027852_340.jpg,1713,1,0.0,0.0023148148148148147,0.0023148148148148147,0.0,0.0,0.0,2.0,5.0
iconclass-ai:bsb00027852_342.jpg,1713,0,0.5387516452337615,,,,,,1.0,4.0
iconclass-ai:bsb00027852_346.jpg,1713,7,0.37542363707775367,0.0625,0.0421250436936882,0.0,0.0,0.0,8.0,3.0
iconclass-ai:bsb00027852_350.jpg,1713,0,0.5196230274855085,,,,,,1.0,4.0
iconclass-ai:bsb00027852_352.jpg,1713,0,0.5286055800850711,,,,,,1.0,4.0
iconclass-ai:bsb00027852_356.jpg,1713,0,0.7033486277163465,,,,,,1.0,4.0
iconclass-ai:bsb00027852_36.jpg,1713,0,0.5592062504737942,,,,,,1.0,4.0
iconclass-ai:bsb00027852_365.jpg,1713,0,0.16314423862712044,,,,,,1.0,4.0
iconclass-ai:bsb00027852_367.jpg,1713,0,0.608046627003732,,,,,,1.0,4.0
iconclass-ai:bsb00027852_371.jpg,1713,0,0.41580927135057016,,,,,,1.0,5.0
iconclass-ai:bsb00027852_372.jpg,1713,0,0.5154359666631466,,,,,,1.0,5.0
iconclass-ai:bsb00027852_374.jpg,1713,0,0.7500423551141185,,,,,,1.0,5.0
iconclass-ai:bsb00027852_377.jpg,1713,3,0.13052932962291705,0.001088139281828074,0.0016151108286690148,0.0,0.0,0.0,4.0,5.0
iconclass-ai:bsb00027852_382.jpg,1713,0,0.5676355494781269,,,,,,1.0,4.0
iconclass-ai:bsb00027852_384.jpg,1713,0,0.544166959267571,,,,,,1.0,4.0
iconclass-ai:bsb00027852_385.jpg,1713,7,0.4668728882728055,0.08333333333333333,0.04759762830796995,0.0,0.0,0.0,8.0,3.0
iconclass-ai:bsb00027852_387.jpg,1713,1,0.37909204737016444,0.0018726591760299626,0.0018726591760299626,0.0,0.0,0.0,2.0,6.0
iconclass-ai:bsb00027852_391.jpg,1713,0,0.587841883382725,,,,,,1.0,5.0
iconclass-ai:bsb00027852_393.jpg,1713,7,0.5941406860993022,1.0,0.17648922654772609,0.14285714285714285,0.14285714285714285,0.14285714285714285,8.0,3.0
iconclass-ai:bsb00027852_401.jpg,1713,2,0.027048571751902003,0.0011299435028248588,0.0012746949593613294,0.0,0.0,0.0,2.0,5.5
iconclass-ai:bsb00027852_402.jpg,1713,0,0.46207947085396545,,,,,,1.0,4.0
iconclass-ai:bsb00027852_406.jpg,1713,2,0.41332771332948437,0.0037313432835820895,0.0032526341938021405,0.0,0.0,0.0,3.0,5.0
iconclass-ai:bsb00027852_409.jpg,1713,0,0.45584617374431735,,,,,,1.0,6.0
iconclass-ai:bsb00027852_411.jpg,1713,24,0.26108766751131074,0.001851851851851852,0.014137732437231586,0.0,0.0,0.0,25.0,3.0
iconclass-ai:bsb00027852_416.jpg,1713,0,0.0,,,,,,1.0,4.0
iconclass-ai:bsb00027852_424.jpg,1713,5,0.032039640763299806,0.0028735632183908046,0.003380531568125536,0.0,0.0,0.0,6.0,7.0
iconclass-ai:bsb00027852_425.jpg,1713,1,0.17096695052681313,0.07692307692307693,0.07692307692307693,0.0,0.0,0.0,2.0,6.0
iconclass-ai:bsb00027852_426.jpg,1713,7,0.2550923236665717,0.3333333333333333,0.07511873988471321,0.0,0.14285714285714285,0.14285714285714285,8.0,4.0
iconclass-ai:bsb00027852_430.jpg,1713,2,0.007030842758253116,0.00199203187250996,0.002036598662581723,0.0,0.0,0.0,3.0,7.0
iconclass-ai:bsb00027852_432.jpg,1713,1,0.19309304750088094,0.002197802197802198,0.002197802197802198,0.0,0.0,0.0,2.0,7.0
iconclass-ai:bsb00027852_441.jpg,1713,1,0.3417405540065989,0.14285714285714285,0.14285714285714285,0.0,0.0,1.0,2.0,6.0
iconclass-ai:bsb00027852_445.jpg,1713,0,0.44142292949815193,,,,,,1.0,3.0
iconclass-ai:bsb00027852_446.jpg,1713,0,0.2577328325541886,,,,,,1.0,4.0
iconclass-ai:bsb00027852_447.jpg,1713,0,0.16975949548151573,,,,,,1.0,6.0
iconclass-ai:bsb00027852_456.jpg,1713,0,0.487672472823167,,,,,,1.0,6.0
iconclass-ai:bsb00027852_458.jpg,1713,0,0.37428113444285055,,,,,,1.0,6.0
iconclass-ai:bsb00027852_459.jpg,1713,7,0.13680048150561375,0.0056179775280898875,0.006453222418885581,0.0,0.0,0.0,8.0,4.0
iconclass-ai:bsb00027852_463.jpg,1713,0,0.5118516461531327,,,,,,1.0,5.0
iconclass-ai:bsb00027852_465.jpg,1713,0,0.4521489951473031,,,,,,1.0,6.0
iconclass-ai:bsb00027852_466.jpg,1713,1,0.2149312492738762,0.015625,0.015625,0.0,0.0,0.0,2.0,4.0
iconclass-ai:bsb00027852_467.jpg,1713,0,0.19271443786854742,,,,,,1.0,6.0
iconclass-ai:bsb00027852_469.jpg,1713,0,0.22580515565063777,,,,,,1.0,6.0
iconclass-ai:bsb00027852_470.jpg,1713,0,0.34613992357931106,,,,,,1.0,6.0
iconclass-ai:bsb00027852_474.jpg,1713,7,0.3648200108170455,1.0,0.16010499029768901,0.14285714285714285,0.14285714285714285,0.14285714285714285,8.0,4.0
iconclass-ai:bsb00027852_475.jpg,1713,5,0.010135020166380656,0.017241379310344827,0.009089292811184656,0.0,0.0,0.0,6.0,7.0
iconclass-ai:bsb00027852_478.jpg,1713,0,0.0,,,,,,1.0,3.0
iconclass-ai:bsb00027852_481.jpg,1713,1,0.0393719986740029,0.0019083969465648854,0.0019083969465648854,0.0,0.0,0.0,2.0,5.0
iconclass-ai:bsb00027852_484.jpg,1713,0,0.13822707491379577,,,,,,1.0,5.0
iconclass-ai:bsb00027852_485.jpg,1713,1,0.24272588832927716,0.0012531328320802004,0.0012531328320802004,0.0,0.0,0.0,2.0,5.0
iconclass-ai:bsb00027852_486.jpg,1713,0,0.5478040693380971,,,,,,1.0,5.0
iconclass-ai:bsb00027852_487.jpg,1713,7,0.4322880233940873,1.0,0.19525184714567478,0.14285714285714285,0.14285714285714285,0.2857142857142857,8.0,4.0
iconclass-ai:bsb00027852_49.jpg,1713,0,0.4785069356073497,,,,,,1.0,4.0
iconclass-ai:bsb00027852_492.jpg,1713,0,0.2582711851871439,,,,,,1.0,5.0
iconclass-ai:bsb00027852_498.jpg,1713,5,0.12120289894745032,0.0016863406408094434,0.003725977819424456,0.0,0.0,0.0,6.0,6.0
iconclass-ai:bsb00027852_50.jpg,1713,0,0.6129546251463408,,,,,,1.0,4.0
iconclass-ai:bsb00027852_500.jpg,1713,0,0.27974984308425793,,,,,,1.0,4.0
iconclass-ai:bsb00027852_502.jpg,1713,4,0.40867545290731117,1.0,0.3283216861532948,0.25,0.25,0.25,3.0,3.5
iconclass-ai:bsb00027852_503.jpg,1713,1,0.509959322516419,0.16666666666666666,0.16666666666666666,0.0,0.0,1.0,2.0,4.0
iconclass-ai:bsb00027852_504.jpg,1713,0,0.46574097226331107,,,,,,1.0,5.0
iconclass-ai:bsb00027852_505.jpg,1713,1,0.171930368670208,0.0006082725060827251,0.0006082725060827251,0.0,0.0,0.0,2.0,6.0
iconclass-ai:bsb00027852_508.jpg,1713,0,0.5125903032643275,,,,,,1.0,4.0
iconclass-ai:bsb00027852_509.jpg,1713,3,0.3415460149890227,0.1111111111111111,0.05463588772433908,0.0,0.0,0.3333333333333333,4.0,3.0
iconclass-ai:bsb00027852_51.jpg,1713,0,,,,,,,1.0,
iconclass-ai:bsb00027852_512.jpg,1713,0,0.5117240382676881,,,,,,1.0,5.0
iconclass-ai:bsb00027852_513.jpg,1713,1,0.16211590196135578,0.001718213058419244,0.001718213058419244,0.0,0.0,0.0,2.0,7.0
iconclass-ai:bsb00027852_514.jpg,1713,1,0.21022208396138695,0.0011560693641618498,0.0011560693641618498,0.0,0.0,0.0,2.0,4.0
iconclass-ai:bsb00027852_516.jpg,1713,3,0.25257368601696173,0.0010822510822510823,0.0016270298080608696,0.0,0.0,0.0,4.0,6.0
iconclass-ai:bsb00027852_522.jpg,1713,0,0.5944177993310414,,,,,,1.0,4.0
iconclass-ai:bsb00027852_526.jpg,1713,0,0.3853417253724704,,,,,,1.0,6.0
iconclass-ai:bsb00027852_528.jpg,1713,0,0.7097267066525444,,,,,,1.0,5.0
iconclass-ai:bsb00027852_531.jpg,1713,3,0.17640750560613042,0.020833333333333332,0.010160087833498237,0.0,0.0,0.0,4.0,3.0
iconclass-ai:bsb00027852_534.jpg,1713,0,0.6918614947719393,,,,,,1.0,5.0
iconclass-ai:bsb00027852_539.jpg,1713,0,0.39037799127124145,,,,,,1.0,6.0
iconclass-ai:bsb00027852_542.jpg,1713,0,0.5496037766258389,,,,,,1.0,6.0
iconclass-ai:bsb00027852_544.jpg,1713,0,0.5315247966628011,,,,,,1.0,5.0
iconclass-ai:bsb00027852_545.jpg,1713,1,0.17111060294130853,0.0006215040397762585,0.0006215040397762585,0.0,0.0,0.0,2.0,6.0
iconclass-ai:bsb00027852_548.jpg,1713,0,0.2772480987303732,,,,,,1.0,7.0
iconclass-ai:bsb00027852_549.jpg,1713,0,0.4220466846375121,,,,,,1.0,5.0
iconclass-ai:bsb00027852_556.jpg,1713,0,0.4275046641601777,,,,,,1.0,4.0
iconclass-ai:bsb00027852_558.jpg,1713,0,0.627571789897066,,,,,,1.0,5.0
iconclass-ai:bsb00027852_559.jpg,1713,13,0.5355326158044539,1.0,0.24672299806076248,0.07692307692307693,0.15384615384615385,0.23076923076923078,14.0,3.0
iconclass-ai:bsb00027852_56.jpg,1713,0,0.7129889077672223,,,,,,1.0,5.0
iconclass-ai:bsb00027852_561.jpg,1713,0,0.4787468134477032,,,,,,1.0,5.0
iconclass-ai:bsb00027852_562.jpg,1713,13,0.4706614427456305,1.0,0.16450077083095035,0.07692307692307693,0.07692307692307693,0.15384615384615385,14.0,3.0
iconclass-ai:bsb00027852_567.jpg,1713,0,0.44488866080074174,,,,,,1.0,6.0
iconclass-ai:bsb00027852_57.jpg,1713,0,0.4744617496829718,,,,,,1.0,5.0
iconclass-ai:bsb00027852_577.jpg,1713,13,0.7006037724198584,1.0,0.35465855375499444,0.07692307692307693,0.23076923076923078,0.38461538461538464,14.0,3.0
iconclass-ai:bsb00027852_578.jpg,1713,0,0.28525975446027724,,,,,,1.0,6.0
iconclass-ai:bsb00027852_580.jpg,1713,1,0.502363455902068,0.05,0.05,0.0,0.0,0.0,2.0,4.0
iconclass-ai:bsb00027852_583.jpg,1713,0,0.5546074217078434,,,,,,1.0,4.0
iconclass-ai:bsb00027852_585.jpg,1713,0,0.35157814936024917,,,,,,1.0,4.5
iconclass-ai:bsb00027852_586.jpg,1713,13,0.1713257995773372,0.09090909090909091,0.027493515836469022,0.0,0.0,0.0,14.0,3.0
iconclass-ai:bsb00027852_587.jpg,1713,13,0.3479599841001941,0.25,0.09823286839983597,0.0,0.07692307692307693,0.15384615384615385,14.0,3.0
iconclass-ai:bsb00027852_589.jpg,1713,13,0.6979866870809319,1.0,0.352204220537909,0.07692307692307693,0.23076923076923078,0.38461538461538464,14.0,3.0
iconclass-ai:bsb00027852_593.jpg,1713,1,0.40753695256275824,0.0011111111111111111,0.0011111111111111111,0.0,0.0,0.0,2.0,6.0
iconclass-ai:bsb00027852_596.jpg,1713,0,0.7178342915437959,,,,,,1.0,5.0
iconclass-ai:bsb00027852_60.jpg,1713,0,0.5545790931507846,,,,,,1.0,4.0
iconclass-ai:bsb00027852_600.jpg,1713,13,0.6002486890037743,0.5,0.2710121521501928,0.0,0.23076923076923078,0.38461538461538464,14.0,3.0
iconclass-ai:bsb00027852_601.jpg,1713,4,0.24028123129327855,0.0014005602240896359,0.0021491834393246676,0.0,0.0,0.0,5.0,4.0
iconclass-ai:bsb00027852_603.jpg,1713,14,0.5461684503408599,1.0,0.17379464346284582,0.07142857142857142,0.07142857142857142,0.21428571428571427,8.0,3.0
iconclass-ai:bsb00027852_605.jpg,1713,5,0.19495312791279248,0.041666666666666664,0.018526442181441484,0.0,0.0,0.0,3.5,5.0
iconclass-ai:bsb00027852_606.jpg,1713,5,0.2930054594673966,0.125,0.0529367620160459,0.0,0.0,0.2,6.0,6.0
iconclass-ai:bsb00027852_609.jpg,1713,0,0.4061397768616481,,,,,,1.0,5.0
iconclass-ai:bsb00027852_611.jpg,1713,3,0.11234777332990396,0.0012285012285012285,0.0021905121430007223,0.0,0.0,0.0,2.5,4.0
iconclass-ai:bsb00027852_612.jpg,1713,0,0.4437739285148129,,,,,,1.0,5.0
iconclass-ai:bsb00027852_616.jpg,1713,0,0.33515161873377614,,,,,,1.0,6.0
iconclass-ai:bsb00027852_619.jpg,1713,1,0.3372331088759472,0.008928571428571428,0.008928571428571428,0.0,0.0,0.0,2.0,2.0
iconclass-ai:bsb00027852_627.jpg,1713,0,0.33499326625158093,,,,,,1.0,5.0
iconclass-ai:bsb00027852_629.jpg,1713,5,0.19180254539492853,0.017857142857142856,0.01226887921970871,0.0,0.0,0.0,6.0,6.0
iconclass-ai:bsb00027852_631.jpg,1713,6,0.3707755751009014,0.14285714285714285,0.028719128089676665,0.0,0.0,0.16666666666666666,7.0,4.0
iconclass-ai:bsb00027852_634.jpg,1713,0,0.5240043469053302,,,,,,1.0,5.0
iconclass-ai:bsb00027852_636.jpg,1713,0,0.4015814990359913,,,,,,1.0,6.0
iconclass-ai:bsb00027852_639.jpg,1713,6,0.21807002683561447,0.05555555555555555,0.013990168610700996,0.0,0.0,0.0,7.0,4.0
iconclass-ai:bsb00027852_64.jpg,1713,0,0.5973821072680978,,,,,,1.0,4.0
iconclass-ai:bsb00027852_640.jpg,1713,0,0.26722072195064633,,,,,,1.0,5.0
iconclass-ai:bsb00027852_646.jpg,1713,1,0.25570071304619946,0.0036900369003690036,0.0036900369003690036,0.0,0.0,0.0,2.0,2.0
iconclass-ai:bsb00027852_648.jpg,1713,1,0.6479063043685748,1.0,1.0,1.0,1.0,1.0,2.0,4.0
iconclass-ai:bsb00027852_649.jpg,1713,0,,,,,,,1.0,
iconclass-ai:bsb00027852_651.jpg,1713,0,0.3976547364123276,,,,,,1.0,5.0
iconclass-ai:bsb00027852_654.jpg,1713,1,0.47088006608795496,0.3333333333333333,0.3333333333333333,0.0,1.0,1.0,2.0,4.0
iconclass-ai:bsb00027852_661.jpg,1713,0,0.39086304075337736,,,,,,1.0,5.0
iconclass-ai:bsb00027852_663.jpg,1713,1,0.47666661383288267,0.014285714285714285,0.014285714285714285,0.0,0.0,0.0,2.0,5.0
iconclass-ai:bsb00027852_667.jpg,1713,0,0.09824273146194912,,,,,,1.0,1.0
iconclass-ai:bsb00027852_668.jpg,1713,1,0.0,0.0011976047904191617,0.0011976047904191617,0.0,0.0,0.0,2.0,5.0
iconclass-ai:bsb00027852_670.jpg,1713,6,0.1499630786810187,0.007874015748031496,0.006054416748682502,0.0,0.0,0.0,7.0,4.0
iconclass-ai:bsb00027852_69.jpg,1713,0,0.6666666666666666,,,,,,1.0,4.0
iconclass-ai:bsb00027852_71.jpg,1713,0,0.6524761470597298,,,,,,1.0,4.0
iconclass-ai:bsb00027852_73.jpg,1713,0,0.6497604849057823,,,,,,1.0,4.0
iconclass-ai:bsb00027852_74.jpg,1713,0,0.6890305703706163,,,,,,1.0,5.0
iconclass-ai:bsb00027852_76.jpg,1713,0,0.5334949714752913,,,,,,1.0,4.0
iconclass-ai:bsb00027852_77.jpg,1713,2,0.4761447752782994,0.03225806451612903,0.017527633656665913,0.0,0.0,0.0,3.0,5.0
iconclass-ai:bsb00027852_82.jpg,1713,0,0.6481516741501926,,,,,,1.0,4.0
iconclass-ai:bsb00027852_85.jpg,1713,0,0.6208508508490613,,,,,,1.0,4.0
iconclass-ai:bsb00027852_89.jpg,1713,0,0.5809458107711964,,,,,,1.0,4.0
iconclass-ai:bsb00027852_90.jpg,1713,0,0.5567791720153994,,,,,,1.0,6.0
iconclass-ai:bsb00027852_92.jpg,1713,0,0.6074904393955314,,,,,,1.0,4.0
iconclass-ai:bsb00027852_94.jpg,1713,0,0.6945492323215795,,,,,,1.0,4.0
iconclass-ai:bsb00027852_98.jpg,1713,0,0.7500000000000001,,,,,,1.0,5.0
iconclass-ai:bsb00027852_99.jpg,1713,0,0.7400305887660266,,,,,,1.0,4.0
iconclass-ai:bsb00027894_17.jpg,1713,3,0.1986111070844157,0.034482758620689655,0.02249583184339209,0.0,0.0,0.0,4.0,4.0
iconclass-ai:bsb00027894_18.jpg,1713,3,0.05511489549210986,0.006329113924050633,0.0054048211375610986,0.0,0.0,0.0,4.0,4.0
iconclass-ai:bsb00027894_22.jpg,1713,5,0.538518015651472,0.5,0.43792929292929295,0.0,0.6,0.6,6.0,4.0
iconclass-ai:bsb00027894_23.jpg,1713,4,0.6210943442079423,1.0,0.46358543417366943,0.25,0.25,0.75,5.0,4.0
iconclass-ai:bsb00027894_31.jpg,1713,6,0.14608374898934293,0.07692307692307693,0.04339491929211548,0.0,0.0,0.0,7.0,3.0
iconclass-ai:bsb00027894_34.jpg,1713,6,0.03916504857397664,0.05263157894736842,0.01380906940873756,0.0,0.0,0.0,4.0,4.0
iconclass-ai:bsb00027894_48.jpg,1713,6,0.009589109988549257,0.008849557522123894,0.00824664634130505,0.0,0.0,0.0,7.0,3.0
iconclass-ai:bsb00027894_53.jpg,1713,6,0.22292368213020222,0.3333333333333333,0.06285287436535479,0.0,0.16666666666666666,0.16666666666666666,4.0,4.5
iconclass-ai:bsb00027894_54.jpg,1713,8,0.12567936440907312,0.05555555555555555,0.021889956183616,0.0,0.0,0.0,5.0,4.5
iconclass-ai:bsb00027894_57.jpg,1713,0,0.22157027448949457,,,,,,1.0,3.5
iconclass-ai:bsb00027894_58.jpg,1713,0,0.2156330895357797,,,,,,1.0,5.0
iconclass-ai:bsb00027894_59.jpg,1713,6,0.09998079490272889,0.017241379310344827,0.010057459904581411,0.0,0.0,0.0,7.0,3.0
iconclass-ai:bsb00027894_76.jpg,1713,2,0.3777451508166996,0.0625,0.05625,0.0,0.0,0.0,2.0,4.5
iconclass-ai:bsb00027894_77.jpg,1713,3,0.8266432653897459,1.0,0.8333333333333334,0.3333333333333333,0.6666666666666666,1.0,2.5,4.5
iconclass-ai:bsb00027894_84.jpg,1713,0,0.614074392706981,,,,,,1.0,4.0
iconclass-ai:bsb00027948_100.jpg,1713,8,0.7052793916980665,1.0,0.603031727044885,0.125,0.375,0.75,8.0,5.5
iconclass-ai:bsb00027948_112.jpg,1713,8,0.7271745060095761,1.0,0.6213687055281881,0.125,0.375,0.75,5.0,4.5
iconclass-ai:bsb00027948_122.jpg,1713,8,0.54296481453335,1.0,0.4202087842712843,0.125,0.25,0.5,5.0,3.5
iconclass-ai:bsb00027948_130.jpg,1713,7,0.21697880432179972,0.3333333333333333,0.15193590056831976,0.0,0.14285714285714285,0.2857142857142857,5.5,4.5
iconclass-ai:bsb00027948_32.jpg,1713,8,0.673486525723111,1.0,0.6058766366612112,0.125,0.5,0.625,8.0,5.5
iconclass-ai:bsb00027948_53.jpg,1713,8,0.6624060037336518,1.0,0.6646527531608176,0.125,0.375,0.625,8.0,5.5
iconclass-ai:bsb00027948_72.jpg,1713,8,0.6886480096726101,1.0,0.6551947243996517,0.125,0.5,0.625,8.0,5.5
iconclass-ai:bsb00029085_113.jpg,1713,8,0.4955254984054866,0.3333333333333333,0.41859009046509044,0.0,0.25,0.625,8.0,5.5
iconclass-ai:bsb00029085_138.jpg,1713,7,0.5716003153435253,1.0,0.2940482763552633,0.14285714285714285,0.2857142857142857,0.42857142857142855,4.5,5.5
iconclass-ai:bsb00029085_141.jpg,1713,7,0.2976244185409059,0.5,0.2435999595573661,0.0,0.2857142857142857,0.2857142857142857,5.5,4.5
iconclass-ai:bsb00029085_183.jpg,1713,7,0.38523838580342756,0.5,0.30255539215822547,0.0,0.42857142857142855,0.42857142857142855,5.5,4.5
iconclass-ai:bsb00029085_44.jpg,1713,8,0.7090605381919964,1.0,0.6211677211677211,0.125,0.375,0.75,8.0,5.5
iconclass-ai:bsb00029085_81.jpg,1713,8,0.46854621589541073,0.5,0.3896338724168913,0.0,0.375,0.5,8.0,5.5
iconclass-ai:bsb00029086_47.jpg,1713,30,0.12430779328473159,0.125,0.13593164275704453,0.0,0.0,0.03333333333333333,17.0,5.5
iconclass-ai:bsb00029086_89.jpg,1713,1,0.01856556786381405,0.0006105006105006105,0.0006105006105006105,0.0,0.0,0.0,2.0,5.0
iconclass-ai:bsb00029223_114.jpg,1713,0,0.604570989452252,,,,,,1.0,4.0
iconclass-ai:bsb00029223_136.jpg,1713,1,0.4966619690076565,0.05,0.05,0.0,0.0,0.0,2.0,5.0
iconclass-ai:bsb00029223_150.jpg,1713,0,0.44886959788242714,,,,,,1.0,6.0
iconclass-ai:bsb00029223_178.jpg,1713,0,0.6575634976007029,,,,,,1.0,4.0
iconclass-ai:bsb00029223_18.jpg,1713,0,0.5224923107363753,,,,,,1.0,4.0
iconclass-ai:bsb00029223_192.jpg,1713,1,0.4961104770605396,0.014084507042253521,0.014084507042253521,0.0,0.0,0.0,2.0,5.0
iconclass-ai:bsb00029223_194.jpg,1713,0,0.6042518545226031,,,,,,1.0,4.0
iconclass-ai:bsb00029223_202.jpg,1713,0,0.6016006848214398,,,,,,1.0,4.0
iconclass-ai:bsb00029223_212.jpg,1713,0,0.6343469641268641,,,,,,1.0,4.0
iconclass-ai:bsb00029223_22.jpg,1713,0,0.5753543864213834,,,,,,1.0,4.0
iconclass-ai:bsb00029223_228.jpg,1713,0,0.511050004186771,,,,,,1.0,4.0
iconclass-ai:bsb00029223_24.jpg,1713,0,0.5847058380615537,,,,,,1.0,4.0
iconclass-ai:bsb00029223_240.jpg,1713,8,0.19066906875805595,0.025,0.008691566734729003,0.0,0.0,0.0,9.0,6.0
iconclass-ai:bsb00029223_258.jpg,1713,0,0.5576539272415985,,,,,,1.0,4.0
iconclass-ai:bsb00029223_262.jpg,1713,1,0.0,0.02564102564102564,0.02564102564102564,0.0,0.0,0.0,2.0,5.0
iconclass-ai:bsb00029223_264.jpg,1713,0,0.5155354238900699,,,,,,1.0,4.0
iconclass-ai:bsb00029223_278.jpg,1713,0,0.5983525847512002,,,,,,1.0,5.0
iconclass-ai:bsb00029223_280.jpg,1713,2,0.44535551714099436,0.3333333333333333,0.16729678638941398,0.0,0.5,0.5,3.0,6.0
iconclass-ai:bsb00029223_286.jpg,1713,0,0.5529258147013666,,,,,,1.0,4.0
iconclass-ai:bsb00029223_304.jpg,1713,1,0.36631232978363154,0.02702702702702703,0.02702702702702703,0.0,0.0,0.0,2.0,6.0
iconclass-ai:bsb00029223_308.jpg,1713,1,0.4947064391485596,0.0014903129657228018,0.0014903129657228018,0.0,0.0,0.0,2.0,5.0
iconclass-ai:bsb00029223_32.jpg,1713,0,0.5832713878239991,,,,,,1.0,4.0
iconclass-ai:bsb00029223_72.jpg,1713,0,0.5671089670142926,,,,,,1.0,4.0
iconclass-ai:bsb00029223_82.jpg,1713,0,0.653600288503554,,,,,,1.0,4.0
iconclass-ai:bsb00029223_92.jpg,1713,2,0.6184915843530193,1.0,0.5006020469596628,0.5,0.5,0.5,3.0,6.0
iconclass-ai:bsb00029232_112.jpg,1713,1,0.5616816322987912,0.0007639419404125286,0.0007639419404125286,0.0,0.0,0.0,1.5,3.5
iconclass-ai:bsb00029232_230.jpg,1713,0,0.6136542512689683,,,,,,1.0,4.0
iconclass-ai:bsb00029232_320.jpg,1713,0,0.591859740886368,,,,,,1.0,3.0
iconclass-ai:bsb00029232_359.jpg,1713,1,0.3835361612241827,0.07142857142857142,0.07142857142857142,0.0,0.0,0.0,1.0,3.0
iconclass-ai:bsb00029232_404.jpg,1713,0,0.5176567069412976,,,,,,1.0,6.0
iconclass-ai:bsb00029232_414.jpg,1713,0,0.7811252473773974,,,,,,1.0,4.0
iconclass-ai:bsb00029232_434.jpg,1713,1,0.5052288680115679,0.023809523809523808,0.023809523809523808,0.0,0.0,0.0,1.5,5.0
iconclass-ai:bsb00029232_439.jpg,1713,2,0.32879971783087925,0.011111111111111112,0.0061406930628697745,0.0,0.0,0.0,2.5,5.5
iconclass-ai:bsb00029232_449.jpg,1713,4,0.47915991132550195,1.0,0.3291990646833446,0.25,0.25,0.25,3.5,5.0
iconclass-ai:bsb00029232_470.jpg,1713,4,0.6454739363766874,1.0,0.44874906646751306,0.25,0.5,0.5,3.0,5.0
iconclass-ai:bsb00029232_503.jpg,1713,11,0.19409581340877194,0.0625,0.058549877078304724,0.0,0.0,0.0,6.5,4.0
iconclass-ai:bsb00029232_51.jpg,1713,0,0.6867284403149546,,,,,,1.0,4.0
iconclass-ai:bsb00029232_68.jpg,1713,4,0.5817265891240229,1.0,0.3880279169649248,0.25,0.5,0.5,3.0,5.5
iconclass-ai:bsb00029471_5.jpg,1713,2,0.55999200295233,1.0,0.8333333333333333,0.5,1.0,1.0,2.0,4.0
iconclass-ai:bsb00029502_133.jpg,1713,0,0.4575386890872649,,,,,,1.0,4.0
iconclass-ai:bsb00029502_135.jpg,1713,0,0.47097200944148715,,,,,,1.0,6.0
iconclass-ai:bsb00029502_138.jpg,1713,1,0.4918948704953249,0.006024096385542169,0.006024096385542169,0.0,0.0,0.0,2.0,5.0
iconclass-ai:bsb00029502_146.jpg,1713,2,0.19481266197790906,0.058823529411764705,0.03875755909840572,0.0,0.0,0.0,3.0,5.0
iconclass-ai:bsb00029502_166.jpg,1713,0,0.5446639691665788,,,,,,1.0,5.0
iconclass-ai:bsb00029502_168.jpg,1713,0,0.5806654138381446,,,,,,1.0,4.0
iconclass-ai:bsb00029502_170.jpg,1713,0,0.4037036309255122,,,,,,1.0,4.0
iconclass-ai:bsb00029502_174.jpg,1713,1,0.26621485672553,0.04,0.04,0.0,0.0,0.0,2.0,5.0
iconclass-ai:bsb00029502_180.jpg,1713,0,0.6383263554920192,,,,,,1.0,0.0
iconclass-ai:bsb00029502_191.jpg,1713,0,0.41264587391549945,,,,,,1.0,4.0
iconclass-ai:bsb00029502_4.jpg,1713,1,0.03769241436544414,0.0036101083032490976,0.0036101083032490976,0.0,0.0,0.0,1.5,4.0
iconclass-ai:bsb00029709_117.jpg,1713,5,0.5057620915387179,1.0,0.40627503064678977,0.2,0.4,0.4,6.0,3.0
iconclass-ai:bsb00029709_135.jpg,1713,5,0.5165855082621841,1.0,0.40796542337243985,0.2,0.4,0.4,6.0,3.0
iconclass-ai:bsb00029709_4.jpg,1713,2,0.15222282420389852,0.06666666666666667,0.07179487179487179,0.0,0.0,0.0,2.0,4.0
iconclass-ai:bsb00029709_81.jpg,1713,5,0.5155694712087144,1.0,0.40608158297850877,0.2,0.4,0.4,6.0,3.0
iconclass-ai:bsb00030084_100.jpg,1713,15,0.14646719813684833,0.25,0.041866571567213705,0.0,0.06666666666666667,0.06666666666666667,8.5,4.0
iconclass-ai:bsb00030084_107.jpg,1713,0,0.0,,,,,,1.0,4.0
iconclass-ai:bsb00030084_126.jpg,1713,15,0.31259646432352217,1.0,0.12950398644038236,0.06666666666666667,0.13333333333333333,0.13333333333333333,8.5,4.5
iconclass-ai:bsb00030084_53.jpg,1713,15,0.028522654154896656,0.05263157894736842,0.02520962856810714,0.0,0.0,0.0,8.5,5.0
iconclass-ai:bsb00030084_86.jpg,1713,38,0.37120637211964136,1.0,0.08568190560284727,0.02631578947368421,0.02631578947368421,0.07894736842105263,14.0,4.0
iconclass-ai:bsb00031043_294.jpg,1713,5,0.873121297698188,1.0,1.0,0.2,1.0,1.0,6.0,3.0
iconclass-ai:bsb00031043_406.jpg,1713,5,0.873121297698188,1.0,1.0,0.2,1.0,1.0,6.0,3.0
iconclass-ai:bsb00031043_630.jpg,1713,5,0.873121297698188,1.0,1.0,0.2,1.0,1.0,6.0,3.0
iconclass-ai:bsb00031043_742.jpg,1713,5,0.873121297698188,1.0,1.0,0.2,1.0,1.0,6.0,3.0
iconclass-ai:bsb00031043_826.jpg,1713,5,0.873121297698188,1.0,1.0,0.2,1.0,1.0,6.0,3.0
iconclass-ai:bsb00031044_21.jpg,1713,53,0.6675024007939756,1.0,0.5860330292526529,0.018867924528301886,0.07547169811320754,0.09433962264150944,27.5,4.0
iconclass-ai:bsb00031044_414.jpg,1713,5,0.873121297698188,1.0,1.0,0.2,1.0,1.0,6.0,3.0
iconclass-ai:bsb00031296_100.jpg,1713,53,1.0,1.0,0.8092583678301478,0.018867924528301886,0.09433962264150944,0.18867924528301888,54.0,4.0
iconclass-ai:bsb00031296_102.jpg,1713,53,1.0,1.0,0.8567733953147456,0.018867924528301886,0.09433962264150944,0.18867924528301888,54.0,4.0
iconclass-ai:bsb00031296_105.jpg,1713,53,1.0,1.0,0.8570413914161994,0.018867924528301886,0.09433962264150944,0.18867924528301888,54.0,4.0
iconclass-ai:bsb00031296_106.jpg,1713,53,1.0,1.0,0.8166240203657802,0.018867924528301886,0.09433962264150944,0.18867924528301888,54.0,4.0
iconclass-ai:bsb00031296_107.jpg,1713,53,1.0,1.0,0.8095254835728574,0.018867924528301886,0.09433962264150944,0.18867924528301888,54.0,4.0
iconclass-ai:bsb00031296_110.jpg,1713,53,1.0,1.0,0.7675433452182421,0.018867924528301886,0.09433962264150944,0.18867924528301888,54.0,4.0
iconclass-ai:bsb00031296_111.jpg,1713,53,1.0,1.0,0.7143510401008664,0.018867924528301886,0.09433962264150944,0.18867924528301888,54.0,4.0
iconclass-ai:bsb00031296_114.jpg,1713,53,1.0,1.0,0.7762514867873105,0.018867924528301886,0.09433962264150944,0.18867924528301888,54.0,4.0
iconclass-ai:bsb00031296_119.jpg,1713,53,1.0,1.0,0.8494699152063517,0.018867924528301886,0.09433962264150944,0.18867924528301888,54.0,4.0
iconclass-ai:bsb00031296_124.jpg,1713,53,1.0,1.0,0.7999601682214569,0.018867924528301886,0.09433962264150944,0.18867924528301888,54.0,4.0
iconclass-ai:bsb00031296_129.jpg,1713,53,1.0,1.0,0.7471916408291868,0.018867924528301886,0.09433962264150944,0.18867924528301888,54.0,4.0
iconclass-ai:bsb00031296_17.jpg,1713,53,1.0,1.0,0.8311915530149392,0.018867924528301886,0.09433962264150944,0.18867924528301888,54.0,4.0
iconclass-ai:bsb00031296_37.jpg,1713,53,1.0,1.0,0.883273109248847,0.018867924528301886,0.09433962264150944,0.18867924528301888,30.5,3.5
iconclass-ai:bsb00031296_40.jpg,1713,53,1.0,1.0,0.7967507389462978,0.018867924528301886,0.09433962264150944,0.18867924528301888,54.0,4.0
iconclass-ai:bsb00031296_49.jpg,1713,53,1.0,1.0,0.8484315308637038,0.018867924528301886,0.09433962264150944,0.18867924528301888,54.0,4.0
iconclass-ai:bsb00031296_62.jpg,1713,53,1.0,1.0,0.7726406205288185,0.018867924528301886,0.09433962264150944,0.18867924528301888,54.0,4.0
iconclass-ai:bsb00031296_65.jpg,1713,53,1.0,1.0,0.828668710077637,0.018867924528301886,0.09433962264150944,0.18867924528301888,54.0,4.0
iconclass-ai:bsb00031296_71.jpg,1713,53,1.0,1.0,0.7952391743219602,0.018867924528301886,0.09433962264150944,0.18867924528301888,54.0,4.0
iconclass-ai:bsb00031296_73.jpg,1713,53,1.0,1.0,0.7940748769017969,0.018867924528301886,0.09433962264150944,0.18867924528301888,54.0,4.0
iconclass-ai:bsb00031296_78.jpg,1713,53,1.0,1.0,0.8276866683122218,0.018867924528301886,0.09433962264150944,0.18867924528301888,54.0,4.0
iconclass-ai:bsb00031296_80.jpg,1713,53,1.0,1.0,0.7933532270007015,0.018867924528301886,0.09433962264150944,0.18867924528301888,54.0,4.0
iconclass-ai:bsb00031296_87.jpg,1713,53,1.0,1.0,0.8600018522836206,0.018867924528301886,0.09433962264150944,0.18867924528301888,54.0,4.0
iconclass-ai:bsb00031296_88.jpg,1713,53,1.0,1.0,0.8087354732502158,0.018867924528301886,0.09433962264150944,0.18867924528301888,54.0,4.0
iconclass-ai:bsb00031296_91.jpg,1713,53,1.0,1.0,0.8157924874840278,0.018867924528301886,0.09433962264150944,0.18867924528301888,54.0,4.0
iconclass-ai:bsb00031296_98.jpg,1713,53,1.0,1.0,0.8338455056098151,0.018867924528301886,0.09433962264150944,0.18867924528301888,54.0,4.0
iconclass-ai:bsb00031335_106.jpg,1713,53,1.0,1.0,0.8486277049158212,0.018867924528301886,0.09433962264150944,0.18867924528301888,54.0,4.0
iconclass-ai:bsb00031335_109.jpg,1713,53,1.0,1.0,0.8553221928039456,0.018867924528301886,0.09433962264150944,0.18867924528301888,54.0,4.0
iconclass-ai:bsb00031335_111.jpg,1713,53,1.0,1.0,0.8399596866266132,0.018867924528301886,0.09433962264150944,0.18867924528301888,30.5,3.5
iconclass-ai:bsb00031335_113.jpg,1713,53,0.9420275544774096,1.0,0.5627292509599707,0.018867924528301886,0.09433962264150944,0.16981132075471697,30.5,3.5
iconclass-ai:bsb00031335_120.jpg,1713,53,0.7356116222423205,1.0,0.2941502398921511,0.018867924528301886,0.09433962264150944,0.11320754716981132,30.5,3.5
iconclass-ai:bsb00031335_131.jpg,1713,53,1.0,1.0,0.8335556251613268,0.018867924528301886,0.09433962264150944,0.18867924528301888,54.0,4.0
iconclass-ai:bsb00031335_139.jpg,1713,53,1.0,1.0,0.8589059939968537,0.018867924528301886,0.09433962264150944,0.18867924528301888,54.0,4.0
iconclass-ai:bsb00031335_141.jpg,1713,53,1.0,1.0,0.8101723795822418,0.018867924528301886,0.09433962264150944,0.18867924528301888,54.0,4.0
iconclass-ai:bsb00031335_144.jpg,1713,53,0.733691923130417,1.0,0.1909872751043524,0.018867924528301886,0.09433962264150944,0.11320754716981132,30.5,3.5
iconclass-ai:bsb00031335_146.jpg,1713,53,1.0,1.0,0.8102876928528591,0.018867924528301886,0.09433962264150944,0.18867924528301888,54.0,4.0
iconclass-ai:bsb00031335_147.jpg,1713,53,1.0,1.0,0.8234244821384474,0.018867924528301886,0.09433962264150944,0.18867924528301888,54.0,4.0
iconclass-ai:bsb00031335_26.jpg,1713,53,1.0,1.0,0.8844794036803326,0.018867924528301886,0.09433962264150944,0.18867924528301888,27.5,4.0
iconclass-ai:bsb00031335_31.jpg,1713,53,1.0,1.0,0.8898308605655671,0.018867924528301886,0.09433962264150944,0.18867924528301888,54.0,4.0
iconclass-ai:bsb00031335_55.jpg,1713,53,1.0,1.0,0.8502421985683289,0.018867924528301886,0.09433962264150944,0.18867924528301888,54.0,4.0
iconclass-ai:bsb00031335_56.jpg,1713,53,1.0,1.0,0.8702857698202132,0.018867924528301886,0.09433962264150944,0.18867924528301888,54.0,4.0
iconclass-ai:bsb00031335_67.jpg,1713,53,0.8695523447086708,1.0,0.4357479039760244,0.018867924528301886,0.09433962264150944,0.1509433962264151,30.5,3.5
iconclass-ai:bsb00031335_73.jpg,1713,53,1.0,1.0,0.8408388170901971,0.018867924528301886,0.09433962264150944,0.18867924528301888,54.0,4.0
iconclass-ai:bsb00031335_74.jpg,1713,53,1.0,1.0,0.8368480735295144,0.018867924528301886,0.09433962264150944,0.18867924528301888,54.0,4.0
iconclass-ai:bsb00031335_82.jpg,1713,53,1.0,1.0,0.8854383838741935,0.018867924528301886,0.09433962264150944,0.18867924528301888,30.5,3.5
iconclass-ai:bsb00031335_84.jpg,1713,53,1.0,1.0,0.8434959346757981,0.018867924528301886,0.09433962264150944,0.18867924528301888,54.0,4.0
iconclass-ai:bsb00031335_90.jpg,1713,53,1.0,1.0,0.8388953210785713,0.018867924528301886,0.09433962264150944,0.18867924528301888,54.0,4.0
iconclass-ai:bsb00031335_99.jpg,1713,53,1.0,1.0,0.8483396269471033,0.018867924528301886,0.09433962264150944,0.18867924528301888,54.0,4.0
iconclass-ai:bsb00031698_133.jpg,1713,0,0.3473195277268564,,,,,,1.0,5.0
iconclass-ai:bsb00031698_152.jpg,1713,12,0.07336392209936005,0.14285714285714285,0.028589474849518886,0.0,0.0,0.08333333333333333,7.0,4.5
iconclass-ai:bsb00031698_167.jpg,1713,0,0.2166606568487208,,,,,,1.0,4.0
iconclass-ai:bsb00031698_187.jpg,1713,0,0.3551560420778124,,,,,,1.0,4.0
iconclass-ai:bsb00031698_202.jpg,1713,0,0.30788133607195706,,,,,,1.0,5.0
iconclass-ai:bsb00031698_206.jpg,1713,0,0.5196314644872878,,,,,,1.0,5.0
iconclass-ai:bsb00031698_207.jpg,1713,0,0.4720509298646153,,,,,,1.0,7.0
iconclass-ai:bsb00031698_208.jpg,1713,0,0.518275670530104,,,,,,1.0,6.0
iconclass-ai:bsb00031698_209.jpg,1713,0,0.3486182305159742,,,,,,1.0,3.0
iconclass-ai:bsb00031698_210.jpg,1713,0,0.3498194614128315,,,,,,1.0,6.0
iconclass-ai:bsb00031698_214.jpg,1713,0,0.1853198732025153,,,,,,1.0,5.0
iconclass-ai:bsb00031698_219.jpg,1713,0,0.28894969647273366,,,,,,1.0,8.0
iconclass-ai:bsb00031698_222.jpg,1713,0,0.5443798371317937,,,,,,1.0,6.0
iconclass-ai:bsb00031698_243.jpg,1713,0,0.2846732193349131,,,,,,1.0,4.0
iconclass-ai:bsb00031698_259.jpg,1713,0,0.35926685334759173,,,,,,1.0,5.0
iconclass-ai:bsb00031698_278.jpg,1713,0,0.3657486902936645,,,,,,1.0,6.0
iconclass-ai:bsb00031698_292.jpg,1713,0,0.263419833957324,,,,,,1.0,4.0
iconclass-ai:bsb00031698_313.jpg,1713,3,0.07305804032047664,0.0019120458891013384,0.0033770345181205115,0.0,0.0,0.0,1.0,5.0
iconclass-ai:bsb00031698_314.jpg,1713,2,0.025470494034267464,0.0011037527593818985,0.0016202524480670177,0.0,0.0,0.0,2.0,5.5
iconclass-ai:bsb00031698_315.jpg,1713,0,0.19840768416650123,,,,,,1.0,6.0
iconclass-ai:bsb00031698_323.jpg,1713,1,0.11468551728315601,0.0018484288354898336,0.0018484288354898336,0.0,0.0,0.0,2.0,5.0
iconclass-ai:bsb00031698_326.jpg,1713,4,0.09247235606084155,0.01639344262295082,0.01569307443698192,0.0,0.0,0.0,3.0,6.0
iconclass-ai:bsb00031698_336.jpg,1713,0,0.36598287987371186,,,,,,1.0,6.0
iconclass-ai:bsb00031698_337.jpg,1713,0,0.3059028891602273,,,,,,1.0,7.0
iconclass-ai:bsb00031698_341.jpg,1713,7,0.3530647967427979,1.0,0.2501009007131074,0.14285714285714285,0.2857142857142857,0.2857142857142857,5.0,3.0
iconclass-ai:bsb00031698_342.jpg,1713,7,0.3007765153379891,0.3333333333333333,0.14621936536781815,0.0,0.14285714285714285,0.42857142857142855,5.0,3.0
iconclass-ai:bsb00031698_343.jpg,1713,7,0.3631294376885683,1.0,0.2383793662804585,0.14285714285714285,0.2857142857142857,0.2857142857142857,4.5,3.5
iconclass-ai:bsb00031698_345.jpg,1713,3,0.1623581820742951,0.05,0.02275191547036207,0.0,0.0,0.0,2.5,4.0
iconclass-ai:bsb00031698_346.jpg,1713,16,0.2876733326980886,0.5,0.08644707721927601,0.0,0.125,0.125,9.5,4.0
iconclass-ai:bsb00031698_347.jpg,1713,16,0.23428933638055408,0.5,0.08216601012668194,0.0,0.0625,0.125,9.5,4.0
iconclass-ai:bsb00031698_37.jpg,1713,0,0.22874633608015477,,,,,,1.0,5.0
iconclass-ai:bsb00031698_370.jpg,1713,17,0.08329558206100596,0.010869565217391304,0.01273478903230082,0.0,0.0,0.0,9.5,6.0
iconclass-ai:bsb00031698_40.jpg,1713,0,0.10525537943361551,,,,,,1.0,6.0
iconclass-ai:bsb00031698_41.jpg,1713,0,0.44227207900645366,,,,,,1.0,7.0
iconclass-ai:bsb00031698_459.jpg,1713,2,0.08663000625835064,0.0018181818181818182,0.0019051068453458892,0.0,0.0,0.0,2.0,6.0
iconclass-ai:bsb00031698_46.jpg,1713,5,0.00867056732845405,0.0011750881316098707,0.0023575574768508177,0.0,0.0,0.0,3.5,5.5
iconclass-ai:bsb00031698_460.jpg,1713,3,0.11933090053454719,0.0012755102040816326,0.002335324631478696,0.0,0.0,0.0,4.0,5.0
iconclass-ai:bsb00031698_462.jpg,1713,0,0.40786954561864025,,,,,,1.0,5.0
iconclass-ai:bsb00031698_472.jpg,1713,0,0.34089907604828984,,,,,,1.0,4.5
iconclass-ai:bsb00031698_57.jpg,1713,1,0.2339959257327642,0.0008583690987124463,0.0008583690987124463,0.0,0.0,0.0,2.0,3.0
iconclass-ai:bsb00031698_79.jpg,1713,1,0.13429856010672733,0.0006447453255963894,0.0006447453255963894,0.0,0.0,0.0,2.0,5.0
iconclass-ai:bsb00031698_88.jpg,1713,1,0.11205311714792256,0.001658374792703151,0.001658374792703151,0.0,0.0,0.0,2.0,5.0
iconclass-ai:bsb00031698_98.jpg,1713,0,0.268507619617209,,,,,,1.0,3.0
iconclass-ai:bsb00032021_20.jpg,1713,5,0.4603125456640305,1.0,0.34476624351624346,0.2,0.4,0.4,6.0,3.0
iconclass-ai:bsb00032021_24.jpg,1713,5,0.5692808548537269,0.5,0.4714285714285714,0.0,0.6,0.8,6.0,3.0
iconclass-ai:bsb00032021_25.jpg,1713,5,0.5016959303713747,1.0,0.4347535067807461,0.2,0.4,0.4,6.0,3.0
iconclass-ai:bsb00032367_64.jpg,1713,3,0.3004576796228055,0.05263157894736842,0.022909713307659393,0.0,0.0,0.0,2.0,4.0
iconclass-ai:bsb00032367_7.jpg,1713,8,0.24380578426770386,0.25,0.07435709306523454,0.0,0.125,0.25,5.0,4.0
iconclass-ai:bsb00032393_155.jpg,1713,10,0.2536365979795602,0.045454545454545456,0.024628207034484786,0.0,0.0,0.0,2.0,6.0
iconclass-ai:bsb00032393_355.jpg,1713,7,0.34812108245053397,0.05,0.054090446523476284,0.0,0.0,0.0,1.0,2.0
iconclass-ai:bsb00032951_6.jpg,1713,1,0.16897175701716063,0.023255813953488372,0.023255813953488372,0.0,0.0,0.0,1.0,3.0
iconclass-ai:bsb00033562_26.jpg,1713,0,0.1428283947398848,,,,,,1.0,5.0
iconclass-ai:bsb00035255_101.jpg,1713,31,0.7875901743244497,1.0,0.4543552919380461,0.03225806451612903,0.0967741935483871,0.25806451612903225,16.5,6.0
iconclass-ai:bsb00035255_105.jpg,1713,12,0.2363959886906239,0.2,0.07601169586912429,0.0,0.08333333333333333,0.16666666666666666,7.0,4.5
iconclass-ai:bsb00035255_114.jpg,1713,27,0.8767537136318165,1.0,0.5270212521968597,0.037037037037037035,0.18518518518518517,0.2962962962962963,15.0,4.5
iconclass-ai:bsb00035255_116.jpg,1713,27,0.7307666751119349,1.0,0.4457037297775739,0.037037037037037035,0.1111111111111111,0.25925925925925924,14.5,6.0
iconclass-ai:bsb00035255_126.jpg,1713,43,0.5856768045752299,0.5,0.20269748957011455,0.0,0.046511627906976744,0.11627906976744186,15.0,5.0
iconclass-ai:bsb00035255_129.jpg,1713,35,0.706739380476507,1.0,0.37054630894562096,0.02857142857142857,0.11428571428571428,0.17142857142857143,18.5,6.0
iconclass-ai:bsb00035255_13.jpg,1713,11,0.25200372678560484,0.25,0.1019809959436437,0.0,0.09090909090909091,0.18181818181818182,6.5,5.5
iconclass-ai:bsb00035255_139.jpg,1713,28,0.5784073354920195,0.5,0.4172695679439252,0.0,0.10714285714285714,0.21428571428571427,15.0,5.5
iconclass-ai:bsb00035255_147.jpg,1713,27,0.7142262522250896,1.0,0.4310211008720301,0.037037037037037035,0.1111111111111111,0.25925925925925924,28.0,7.0
iconclass-ai:bsb00035255_160.jpg,1713,27,0.683186852841221,0.5,0.489628247974561,0.0,0.14814814814814814,0.25925925925925924,14.5,6.5
iconclass-ai:bsb00035255_167.jpg,1713,27,0.6609752277803257,1.0,0.38730450265552463,0.037037037037037035,0.1111111111111111,0.2222222222222222,14.5,5.5
iconclass-ai:bsb00035255_181.jpg,1713,8,0.14905616503228128,0.0125,0.008354820051621914,0.0,0.0,0.0,2.0,4.0
iconclass-ai:bsb00035255_186.jpg,1713,33,0.49670533051912796,0.5,0.3439233143454116,0.0,0.06060606060606061,0.15151515151515152,18.0,6.0
iconclass-ai:bsb00035255_19.jpg,1713,12,0.2962040823828482,0.125,0.06515853688373614,0.0,0.0,0.16666666666666666,2.0,5.0
iconclass-ai:bsb00035255_191.jpg,1713,27,0.7737197027067321,1.0,0.4839733517856086,0.037037037037037035,0.1111111111111111,0.2962962962962963,28.0,7.0
iconclass-ai:bsb00035255_193.jpg,1713,11,0.2169546939673439,0.16666666666666666,0.07954151753581944,0.0,0.0,0.18181818181818182,6.5,5.0
iconclass-ai:bsb00035255_23.jpg,1713,0,0.16803959370003033,,,,,,1.0,5.0
iconclass-ai:bsb00035255_27.jpg,1713,29,0.7103230230776691,1.0,0.41263390078001483,0.034482758620689655,0.10344827586206896,0.20689655172413793,15.5,5.0
iconclass-ai:bsb00035255_28.jpg,1713,34,0.6108846172979309,0.5,0.35092535679720743,0.0,0.11764705882352941,0.17647058823529413,8.0,4.0
iconclass-ai:bsb00035255_30.jpg,1713,2,0.22201031468215052,0.007352941176470588,0.004665590271716995,0.0,0.0,0.0,3.0,2.0
iconclass-ai:bsb00035255_50.jpg,1713,33,1.0,1.0,0.6368144580354472,0.030303030303030304,0.15151515151515152,0.30303030303030304,20.0,6.0
iconclass-ai:bsb00035255_62.jpg,1713,32,0.5772885724592296,1.0,0.3260832689249565,0.03125,0.09375,0.15625,17.0,6.5
iconclass-ai:bsb00035255_67.jpg,1713,30,0.7045232639070286,1.0,0.39999538882683755,0.03333333333333333,0.13333333333333333,0.2,17.0,5.5
iconclass-ai:bsb00035255_71.jpg,1713,30,0.7256232933074538,1.0,0.4345874823741026,0.03333333333333333,0.13333333333333333,0.2,17.0,5.5
iconclass-ai:bsb00035255_79.jpg,1713,27,0.7277884490547799,1.0,0.4393209895429222,0.037037037037037035,0.1111111111111111,0.25925925925925924,14.5,6.0
iconclass-ai:bsb00035255_94.jpg,1713,28,0.8701862326944205,1.0,0.5106664910198495,0.03571428571428571,0.17857142857142858,0.2857142857142857,15.0,6.5
iconclass-ai:bsb00035255_99.jpg,1713,33,0.7053062336420151,1.0,0.3794562215551651,0.030303030303030304,0.09090909090909091,0.18181818181818182,18.0,6.0
iconclass-ai:bsb00041184_238.jpg,1713,2,0.0697096323491426,0.008620689655172414,0.006537516319791107,0.0,0.0,0.0,3.0,5.0
iconclass-ai:bsb00041184_33.jpg,1713,4,0.3226416347942724,0.5,0.22275132275132276,0.0,0.25,0.25,5.0,5.0
iconclass-ai:bsb00041184_47.jpg,1713,15,0.07648034611976373,0.003401360544217687,0.007550208042903098,0.0,0.0,0.0,8.5,6.0
iconclass-ai:bsb00041184_57.jpg,1713,4,0.34661099104918375,0.5,0.24233091787439615,0.0,0.25,0.5,5.0,5.0
iconclass-ai:bsb00041184_88.jpg,1713,0,0.3989383017235032,,,,,,1.0,6.0
iconclass-ai:bsb00045025_4.jpg,1713,5,0.06260558187024796,0.004694835680751174,0.004573171510393341,0.0,0.0,0.0,3.5,4.0
iconclass-ai:bsb00070432_48.jpg,1713,5,0.031495036357897355,0.014084507042253521,0.015153491307195299,0.0,0.0,0.0,2.0,5.0
iconclass-ai:embepu_c1627_pic006.jpg,1713,128,0.520432956762504,1.0,0.1791648618352214,0.0078125,0.0078125,0.015625,4.5,3.5
iconclass-ai:embepu_c1627_pic011.jpg,1713,48,0.3333333333333333,0.030303030303030304,0.08778517325232031,0.0,0.0,0.0,4.0,5.0
iconclass-ai:embepu_c1627_pic017.jpg,1713,98,0.5957072129704393,0.5,0.1581432206285122,0.0,0.02040816326530612,0.04081632653061224,3.0,5.0
iconclass-ai:embepu_c1627_pic018.jpg,1713,19,0.48006117753205335,1.0,0.12761521407601784,0.05263157894736842,0.05263157894736842,0.05263157894736842,3.0,4.0
iconclass-ai:embepu_c1627_pic020.jpg,1713,83,0.7798582106137463,1.0,0.28654085491670395,0.012048192771084338,0.03614457831325301,0.060240963855421686,4.0,5.0
iconclass-ai:embepu_c1627_pic023.jpg,1713,33,0.4412839988378192,0.09090909090909091,0.05441495375744166,0.0,0.0,0.0,1.0,5.0
iconclass-ai:embepu_c1627_pic028.jpg,1713,81,0.49425169713899025,1.0,0.11458855601059564,0.012345679012345678,0.012345679012345678,0.012345679012345678,1.5,5.0
iconclass-ai:embepu_c1627_pic030.jpg,1713,15,0.38224261473290666,0.14285714285714285,0.03379392260445384,0.0,0.0,0.06666666666666667,1.0,5.5
iconclass-ai:embepu_c1627_pic035.jpg,1713,39,0.6026247204496183,1.0,0.12369255834155918,0.02564102564102564,0.05128205128205128,0.05128205128205128,3.5,5.5
iconclass-ai:embepu_c1627_pic037.jpg,1713,97,0.6166173425444472,1.0,0.20461445987371732,0.010309278350515464,0.020618556701030927,0.020618556701030927,3.0,4.0
iconclass-ai:embepu_c1627_pic051.jpg,1713,5,0.34639971149644583,0.0055248618784530384,0.004141814213966305,0.0,0.0,0.0,1.0,4.0
iconclass-ai:embepu_su1724_pic10002.jpg,1713,59,0.9048032373092417,1.0,0.22272919233101673,0.01694915254237288,0.0847457627118644,0.13559322033898305,3.0,4.0
iconclass-ai:embepu_su1724_pic10005.jpg,1713,63,0.3217614630105371,0.07142857142857142,0.133041057903943,0.0,0.0,0.0,2.5,4.5
iconclass-ai:embepu_su1724_pic10012.jpg,1713,95,0.5904219224658217,0.5,0.18602697043436633,0.0,0.031578947368421054,0.042105263157894736,4.0,4.0
iconclass-ai:embepu_su1724_pic10013.jpg,1713,69,0.6886703645896131,1.0,0.18061994032165185,0.014492753623188406,0.043478260869565216,0.07246376811594203,3.0,4.0
iconclass-ai:embepu_su1724_pic10032.jpg,1713,78,0.4016351580382598,1.0,0.11331307528119762,0.01282051282051282,0.01282051282051282,0.01282051282051282,4.5,4.0
iconclass-ai:embepu_su1724_pic10033.jpg,1713,80,0.458601833516829,1.0,0.12435720047537384,0.0125,0.0125,0.0125,7.0,4.0
iconclass-ai:embepu_su1724_pic10036.jpg,1713,61,0.5332700211316629,0.5,0.11100922371280927,0.0,0.03278688524590164,0.04918032786885246,3.0,3.0
iconclass-ai:embepu_su1724_pic10039.jpg,1713,91,0.6854899464301654,1.0,0.18533943661910418,0.01098901098901099,0.03296703296703297,0.04395604395604396,7.0,4.0
iconclass-ai:embepu_su1724_pic10043.jpg,1713,68,0.6031692019560092,1.0,0.16352600494428446,0.014705882352941176,0.029411764705882353,0.058823529411764705,3.5,4.0
iconclass-ai:embepu_su1724_pic20001.jpg,1713,95,0.5432534204450873,1.0,0.12496733246138939,0.010526315789473684,0.021052631578947368,0.021052631578947368,9.5,3.5
iconclass-ai:embepu_su1724_pic20003.jpg,1713,55,0.8182198962070145,1.0,0.23905090658388511,0.01818181818181818,0.09090909090909091,0.10909090909090909,7.5,4.0
iconclass-ai:embepu_su1724_pic20006.jpg,1713,92,0.9633180389503199,1.0,0.23647535878068965,0.010869565217391304,0.05434782608695652,0.08695652173913043,12.0,4.0
iconclass-ai:embepu_su1724_pic20011.jpg,1713,53,0.9134166588977728,1.0,0.2631768905895622,0.018867924528301886,0.09433962264150944,0.1320754716981132,2.5,4.0
iconclass-ai:embepu_su1724_pic20027.jpg,1713,115,0.7423396902069549,1.0,0.20243602960605261,0.008695652173913044,0.02608695652173913,0.05217391304347826,5.5,4.0
iconclass-ai:embepu_su1724_pic20029.jpg,1713,94,0.8247094730019401,1.0,0.274760242872249,0.010638297872340425,0.0425531914893617,0.06382978723404255,9.0,4.0
iconclass-ai:embepu_su1724_pic20030.jpg,1713,104,0.8611511462453225,1.0,0.21890941704788291,0.009615384615384616,0.04807692307692308,0.0673076923076923,10.0,4.0
iconclass-ai:embepu_su1724_pic20033.jpg,1713,83,0.7763824930433321,1.0,0.23410775338309106,0.012048192771084338,0.03614457831325301,0.060240963855421686,8.5,4.0
iconclass-ai:embepu_su1724_pic20048.jpg,1713,111,0.8498125093861424,1.0,0.24736609026899498,0.009009009009009009,0.04504504504504504,0.06306306306306306,10.5,4.0
iconclass-ai:embepu_su1724_pic20050.jpg,1713,60,0.5258125189602553,0.25,0.16468499538634082,0.0,0.03333333333333333,0.05,3.0,4.0
iconclass-ai:embepu_su1724_pic20053.jpg,1713,65,0.631081424790173,1.0,0.1913538397251658,0.015384615384615385,0.03076923076923077,0.06153846153846154,2.0,4.0
iconclass-ai:embepu_su1724_pic20060.jpg,1713,107,0.47038111594539406,0.3333333333333333,0.16099094625617674,0.0,0.018691588785046728,0.028037383177570093,9.0,4.0
iconclass-ai:embhab_206-2-poet-3s_pic047.jpg,1713,19,0.36015787358144363,0.14285714285714285,0.02653187728128014,0.0,0.0,0.05263157894736842,2.0,4.0
iconclass-ai:embhab_21eth_pic089.jpg,1713,30,0.44236092441353086,0.16666666666666666,0.09068229033412695,0.0,0.0,0.03333333333333333,2.5,3.0
iconclass-ai:embhab_21eth_pic095.jpg,1713,101,0.7179242166956861,1.0,0.15949634187380138,0.009900990099009901,0.0297029702970297,0.039603960396039604,3.0,4.0
iconclass-ai:embhab_21eth_pic107.jpg,1713,13,0.34890676082864447,0.011235955056179775,0.011733582501428518,0.0,0.0,0.0,1.0,5.0
iconclass-ai:embhab_21eth_pic131.jpg,1713,10,0.6795240832920917,1.0,0.3211554995389797,0.1,0.3,0.3,2.0,4.0
iconclass-ai:embhab_21eth_pic155.jpg,1713,19,0.48006117753205335,1.0,0.13271042393598845,0.05263157894736842,0.05263157894736842,0.05263157894736842,3.0,4.0
iconclass-ai:embhab_21eth_pic167.jpg,1713,83,0.7467307360157895,1.0,0.24534549907296369,0.012048192771084338,0.024096385542168676,0.07228915662650602,4.0,5.0
iconclass-ai:embhab_21eth_pic173.jpg,1713,64,0.7670088400322298,1.0,0.19608482912674616,0.015625,0.03125,0.0625,2.0,5.0
iconclass-ai:embhab_21eth_pic209.jpg,1713,28,0.35647707397892575,0.03125,0.026593014550869397,0.0,0.0,0.0,1.0,4.0
iconclass-ai:embhab_21eth_pic239.jpg,1713,62,0.6261141063506821,1.0,0.15244338923338313,0.016129032258064516,0.03225806451612903,0.04838709677419355,4.5,5.0
iconclass-ai:embhab_21eth_pic257.jpg,1713,39,0.6390921723738102,1.0,0.1383125927188672,0.02564102564102564,0.05128205128205128,0.07692307692307693,3.5,5.5
iconclass-ai:embhab_21eth_pic269.jpg,1713,97,0.5975945819343395,1.0,0.18378848024264757,0.010309278350515464,0.010309278350515464,0.020618556701030927,3.0,4.0
iconclass-ai:embhab_21eth_pic323.jpg,1713,49,0.39652557624636714,0.25,0.03656831942103538,0.0,0.02040816326530612,0.02040816326530612,3.0,4.0
iconclass-ai:embhab_21eth_pic411.jpg,1713,77,0.5391417845831621,0.5,0.1565290038515956,0.0,0.012987012987012988,0.03896103896103896,3.5,5.0
iconclass-ai:embhab_21eth_pic415.jpg,1713,12,0.4698894983457272,0.25,0.05645219172280025,0.0,0.08333333333333333,0.08333333333333333,1.0,4.0
iconclass-ai:embhab_21eth_pic427.jpg,1713,22,0.359660007410565,0.25,0.06248140692321371,0.0,0.045454545454545456,0.045454545454545456,2.5,4.0
iconclass-ai:embhab_21eth_pic431.jpg,1713,68,0.674113852116683,0.3333333333333333,0.1317544877785374,0.0,0.04411764705882353,0.08823529411764706,1.0,5.0
iconclass-ai:embhab_21eth_pic435.jpg,1713,55,0.5726361401144231,1.0,0.12931284951903357,0.01818181818181818,0.03636363636363636,0.03636363636363636,1.0,4.5
iconclass-ai:embhab_21eth_pic451.jpg,1713,68,0.3406319432824418,0.08333333333333333,0.07505157001718352,0.0,0.0,0.0,1.5,3.5
iconclass-ai:embhab_21eth_pic459.jpg,1713,45,0.3796432330974605,0.25,0.058428244926160035,0.0,0.022222222222222223,0.022222222222222223,2.5,5.0
iconclass-ai:embhab_21eth_pic471.jpg,1713,68,0.3333333333333333,0.06666666666666667,0.08120308774413072,0.0,0.0,0.0,2.0,4.0
iconclass-ai:embhab_21eth_pic475.jpg,1713,76,0.4781738085681532,0.5,0.10284790202259193,0.0,0.013157894736842105,0.02631578947368421,3.5,4.0
iconclass-ai:embhab_21eth_pic481.jpg,1713,24,0.30342048248569703,0.015384615384615385,0.03157072307990616,0.0,0.0,0.0,2.0,4.5
iconclass-ai:embhab_21eth_pic538.jpg,1713,46,0.28031461176599,0.1111111111111111,0.046558263712619695,0.0,0.0,0.021739130434782608,2.0,6.0
iconclass-ai:embhab_21eth_pic592.jpg,1713,56,0.2433640004349872,0.2,0.12175898309318367,0.0,0.017857142857142856,0.03571428571428571,1.0,6.0
iconclass-ai:embhab_2f-kapsel-1-19s_pic031.jpg,1713,48,0.48006117753205335,1.0,0.05327543339892062,0.020833333333333332,0.020833333333333332,0.020833333333333332,1.0,3.0
iconclass-ai:embhab_2f-kapsel-1-19s_pic053.jpg,1713,8,0.5134000994836886,1.0,0.13529718864775514,0.125,0.125,0.125,2.0,4.0
iconclass-ai:embhab_41-2-geom-4s_pic069.jpg,1713,18,0.37067074441011044,0.14285714285714285,0.03437904509151535,0.0,0.0,0.05555555555555555,2.0,4.0
iconclass-ai:embhab_41-2-geom-4s_pic141.jpg,1713,14,0.5299529643487343,1.0,0.11004731030181063,0.07142857142857142,0.07142857142857142,0.07142857142857142,2.0,4.0
iconclass-ai:embhab_41-2-geom-4s_pic151.jpg,1713,20,0.5727375397047567,0.5,0.11917945606160826,0.0,0.1,0.2,2.0,4.5
iconclass-ai:embhab_gm-4f-19_pic03504.jpg,1713,8,0.367822258059047,0.01639344262295082,0.016916226766949805,0.0,0.0,0.0,1.0,3.0
iconclass-ai:embhab_gm-4f-19_pic04302.jpg,1713,23,0.40669725543269336,0.3333333333333333,0.04357285344127519,0.0,0.043478260869565216,0.043478260869565216,2.5,4.0
iconclass-ai:embhab_gm-4f-19_pic06101.jpg,1713,20,0.6416255388920638,1.0,0.18258887336000082,0.05,0.15,0.15,5.0,5.0
iconclass-ai:embhab_gm-4f-19_pic06102.jpg,1713,9,0.4902538550267126,0.5,0.17550132926809914,0.0,0.2222222222222222,0.2222222222222222,1.0,5.0
iconclass-ai:embhab_gm-4f-19_pic06109.jpg,1713,26,0.44424927644054296,0.5,0.074460699949734,0.0,0.038461538461538464,0.038461538461538464,3.0,5.0
iconclass-ai:embhab_gm-4f-19_pic06703.jpg,1713,12,0.3333333333333333,0.09090909090909091,0.05020033919442593,0.0,0.0,0.0,1.0,3.0
iconclass-ai:embhab_gm-4f-19_pic06705.jpg,1713,15,0.3775028156362593,0.1111111111111111,0.06351202427713008,0.0,0.0,0.06666666666666667,2.0,3.0
iconclass-ai:embhab_gm-4f-19_pic07001.jpg,1713,8,0.5134000994836886,1.0,0.15348619710545688,0.125,0.125,0.125,1.0,4.0
iconclass-ai:embhab_gm-4f-19_pic07003.jpg,1713,21,0.4538554281132835,0.25,0.0759039682080983,0.0,0.047619047619047616,0.09523809523809523,3.0,3.0
iconclass-ai:embhab_gm-4f-19_pic07701.jpg,1713,25,0.7256449336246448,1.0,0.2292973098536098,0.04,0.16,0.2,4.5,3.0
iconclass-ai:embhab_gm-4f-19_pic08702.jpg,1713,17,0.3333333333333333,0.037037037037037035,0.018242824604014593,0.0,0.0,0.0,2.0,5.5
iconclass-ai:embhab_gm-4f-19_pic09001.jpg,1713,6,0.37367485972238074,0.010526315789473684,0.013824311503153911,0.0,0.0,0.0,1.5,4.0
iconclass-ai:embhab_gm-4f-19_pic09002.jpg,1713,8,0.3311687640131079,0.011764705882352941,0.012656246777623174,0.0,0.0,0.0,1.0,2.5
iconclass-ai:embhab_gm-4f-19_pic10503.jpg,1713,55,0.3101895926877409,0.02564102564102564,0.03715567465600273,0.0,0.0,0.0,2.0,3.0
iconclass-ai:embhab_gm-4f-19_pic11302.jpg,1713,72,0.556151356152604,0.3333333333333333,0.16163535805793502,0.0,0.027777777777777776,0.05555555555555555,7.5,3.0
iconclass-ai:embhab_gm-4f-19_pic11304.jpg,1713,25,0.4237902969274442,0.125,0.06591262616366204,0.0,0.0,0.04,1.0,3.0
iconclass-ai:embhab_gm-4f-19_pic11601.jpg,1713,12,0.2036879713233221,0.029411764705882353,0.023162342153792412,0.0,0.0,0.0,2.5,5.0
iconclass-ai:embhab_gm-4f-19_pic11602.jpg,1713,11,0.45488557815623004,0.1111111111111111,0.027972931617157394,0.0,0.0,0.09090909090909091,2.0,4.0
iconclass-ai:embhab_gm-4f-19_pic11604.jpg,1713,59,0.3590957232630663,0.05263157894736842,0.0675107457033497,0.0,0.0,0.0,4.0,3.5
iconclass-ai:embhab_gm-4f-19_pic12001.jpg,1713,49,0.5264938767519651,0.3333333333333333,0.08987048904139865,0.0,0.04081632653061224,0.061224489795918366,2.5,3.0
iconclass-ai:embhab_gm-4f-19_pic14101.jpg,1713,21,0.4837884515082788,0.3333333333333333,0.1223750042210015,0.0,0.09523809523809523,0.14285714285714285,4.0,4.0
iconclass-ai:embhab_gm-4f-19_pic14502.jpg,1713,27,0.36443643747314675,0.1111111111111111,0.04161408501120752,0.0,0.0,0.037037037037037035,1.0,6.0
iconclass-ai:embhab_gm-4f-19_pic14504.jpg,1713,16,0.3691762365697941,0.018518518518518517,0.01994285717606355,0.0,0.0,0.0,2.0,4.0
iconclass-ai:embhab_gm-4f-19_pic14505.jpg,1713,34,0.5921627018446607,1.0,0.14814245536194634,0.029411764705882353,0.058823529411764705,0.08823529411764706,2.0,4.0
iconclass-ai:embhab_gm-4f-19_pic14507.jpg,1713,27,0.6670258038711168,1.0,0.12748799932208385,0.037037037037037035,0.07407407407407407,0.14814814814814814,2.0,4.5
iconclass-ai:embhab_gm-4f-19_pic15301.jpg,1713,45,0.564467470207145,1.0,0.1488678098601995,0.022222222222222223,0.044444444444444446,0.044444444444444446,5.0,3.0
iconclass-ai:embhab_li6643-2_pic017.jpg,1713,25,0.6452719443971098,1.0,0.07841982998815283,0.04,0.04,0.08,3.0,5.0
iconclass-ai:embhab_li6643-2_pic025.jpg,1713,72,0.5767961901473719,0.3333333333333333,0.10892311833163339,0.0,0.027777777777777776,0.05555555555555555,9.0,4.0
iconclass-ai:embhab_li6643-2_pic027.jpg,1713,8,0.5439878515895755,0.05555555555555555,0.0420996377221017,0.0,0.0,0.0,1.0,5.0
iconclass-ai:embhab_li6643-2_pic051.jpg,1713,21,0.6379980500118243,1.0,0.0968030597250911,0.047619047619047616,0.047619047619047616,0.09523809523809523,3.0,5.0
iconclass-ai:embhab_li6643-2_pic059.jpg,1713,14,0.6933248925996927,0.5,0.05593001606400072,0.0,0.07142857142857142,0.07142857142857142,2.0,4.0
iconclass-ai:embhab_li6643-2_pic061.jpg,1713,19,0.5421467195514966,0.010309278350515464,0.025761088718374014,0.0,0.0,0.0,2.0,5.0
iconclass-ai:embhab_li6643-2_pic063.jpg,1713,43,0.6037345721674569,1.0,0.1613186273043728,0.023255813953488372,0.046511627906976744,0.06976744186046512,4.5,3.0
iconclass-ai:embhab_li6643-2_pic067.jpg,1713,20,0.43307704399955077,0.125,0.07315470511492111,0.0,0.0,0.1,3.0,4.0
iconclass-ai:embhab_li6643-2_pic079.jpg,1713,75,0.730573012594194,1.0,0.16010858834104433,0.013333333333333334,0.04,0.06666666666666667,6.0,3.0
iconclass-ai:embhab_li6643-2_pic089.jpg,1713,26,0.6101871780591608,1.0,0.18039295756491247,0.038461538461538464,0.11538461538461539,0.11538461538461539,1.0,3.0
iconclass-ai:embhab_li6643-2_pic095.jpg,1713,37,0.7437924315970611,0.5,0.26266422577737736,0.0,0.08108108108108109,0.13513513513513514,4.5,4.0
iconclass-ai:embhab_li6643-2_pic103.jpg,1713,12,0.365275495286366,0.011494252873563218,0.014701302491317597,0.0,0.0,0.0,1.0,3.0
iconclass-ai:embhab_li6643-2_pic107.jpg,1713,20,0.583240236245484,1.0,0.12242560217755227,0.05,0.1,0.1,3.0,3.0
iconclass-ai:embhab_li6643-2_pic117.jpg,1713,9,0.5095891151301162,0.07142857142857142,0.017740618554620474,0.0,0.0,0.0,2.0,5.0
iconclass-ai:embhab_li6643-2_pic131.jpg,1713,6,0.27500553700809643,0.002145922746781116,0.0030851753494991006,0.0,0.0,0.0,1.5,3.0
iconclass-ai:embhab_li6643-2_pic153.jpg,1713,2,0.43816616668974745,0.0019193857965451055,0.001583523216426015,0.0,0.0,0.0,1.0,4.0
iconclass-ai:embhab_li6643-2_pic157.jpg,1713,3,0.8539041829519637,1.0,0.5606575963718821,0.3333333333333333,0.6666666666666666,0.6666666666666666,1.0,5.0
iconclass-ai:embhab_li6643-2_pic159.jpg,1713,2,0.456587557531379,0.005076142131979695,0.004241648578766679,0.0,0.0,0.0,1.0,4.0
iconclass-ai:embhab_li6643-2_pic165.jpg,1713,69,0.755898344683386,1.0,0.08390728096838407,0.014492753623188406,0.014492753623188406,0.014492753623188406,1.5,5.0
iconclass-ai:embhab_li6643-2_pic167.jpg,1713,31,0.3175352726050748,0.045454545454545456,0.055208425875735635,0.0,0.0,0.0,2.0,3.0
iconclass-ai:embhab_li6643-2_pic179.jpg,1713,44,0.35941421942874374,0.058823529411764705,0.05433134057486075,0.0,0.0,0.0,2.5,4.0
iconclass-ai:embhab_li6643-2_pic181.jpg,1713,23,0.5110612639202858,0.25,0.04894177019197738,0.0,0.043478260869565216,0.08695652173913043,1.0,4.0
iconclass-ai:embhab_li6643-2_pic187.jpg,1713,97,0.444081140883178,0.2,0.12732004354864251,0.0,0.010309278350515464,0.020618556701030927,9.5,3.0
iconclass-ai:embhab_li6643-2_pic201.jpg,1713,13,0.42590829591570295,0.5,0.06932647107291307,0.0,0.07692307692307693,0.07692307692307693,2.0,4.0
iconclass-ai:embhab_ma-732_pic026.jpg,1713,7,0.37022767507871573,0.015873015873015872,0.01238503306349888,0.0,0.0,0.0,2.0,3.0
iconclass-ai:embhab_ma-732_pic028.jpg,1713,4,0.32831402906138996,0.0031847133757961785,0.004721885973983397,0.0,0.0,0.0,1.0,3.5
iconclass-ai:embhab_ma-732_pic036.jpg,1713,33,0.3960026248532696,0.25,0.0874776581569893,0.0,0.030303030303030304,0.06060606060606061,2.5,4.0
iconclass-ai:embhab_ma-732_pic038.jpg,1713,25,0.25640521920957526,0.05263157894736842,0.05686507382254977,0.0,0.0,0.0,1.0,4.0
iconclass-ai:embhab_ma-732_pic054.jpg,1713,1,0.3333333333333333,0.0013245033112582781,0.0013245033112582781,0.0,0.0,0.0,1.0,4.0
iconclass-ai:embhab_ma-732_pic066.jpg,1713,7,0.30053700188802196,0.043478260869565216,0.014755511652012358,0.0,0.0,0.0,1.0,3.0
iconclass-ai:embhab_ma-732_pic070.jpg,1713,22,0.32110601298343994,0.05263157894736842,0.017805990599767382,0.0,0.0,0.0,2.0,5.0
iconclass-ai:embhab_ma-732_pic074.jpg,1713,1,0.5360774605490161,0.0010905125408942203,0.0010905125408942203,0.0,0.0,0.0,1.0,4.0
iconclass-ai:embhab_ma-732_pic080.jpg,1713,13,0.3562934661928036,0.015384615384615385,0.015877821816166118,0.0,0.0,0.0,1.0,4.0
iconclass-ai:embhab_ma-732_pic090.jpg,1713,17,0.3333333333333333,0.07142857142857142,0.025444642283248796,0.0,0.0,0.0,2.5,4.5
iconclass-ai:embhab_ma-732_pic104.jpg,1713,10,0.3222909627576018,0.02564102564102564,0.02465164072231006,0.0,0.0,0.0,1.0,3.5
iconclass-ai:embhab_ma-732_pic108.jpg,1713,9,0.34490520365612953,0.03571428571428571,0.012199384955114106,0.0,0.0,0.0,2.0,4.0
iconclass-ai:embhab_ma-732_pic124.jpg,1713,77,0.43638289305226546,0.125,0.11064128223918435,0.0,0.0,0.012987012987012988,1.0,4.0
iconclass-ai:embhab_ma-732_pic138.jpg,1713,4,0.22121776600021162,0.0070921985815602835,0.00536977522915625,0.0,0.0,0.0,2.0,4.0
iconclass-ai:embhab_ma-732_pic142.jpg,1713,38,0.7270187947029442,1.0,0.1003800705589577,0.02631578947368421,0.05263157894736842,0.07894736842105263,2.0,4.0
iconclass-ai:embhab_p-522a-2f-helmst_pic009.jpg,1713,104,0.6938241789351807,0.3333333333333333,0.10475509511939494,0.0,0.009615384615384616,0.019230769230769232,2.0,4.0
iconclass-ai:embhab_p-522a-2f-helmst_pic035.jpg,1713,63,0.3902276768540627,0.5,0.07469853288033493,0.0,0.015873015873015872,0.015873015873015872,1.5,4.5
iconclass-ai:embhab_sf-231-1s_pic006.jpg,1713,46,0.4189245757825867,0.14285714285714285,0.05380262861940012,0.0,0.0,0.021739130434782608,2.0,5.0
iconclass-ai:embhab_sf-231-1s_pic015.jpg,1713,16,0.3333333333333333,0.018867924528301886,0.021243571206442616,0.0,0.0,0.0,1.5,4.5
iconclass-ai:embhab_th-1402_pic029.jpg,1713,11,0.31559518382466223,0.010416666666666666,0.020639910354547382,0.0,0.0,0.0,3.5,4.0
iconclass-ai:embhab_th-1402_pic040.jpg,1713,58,0.41026799581105844,0.3333333333333333,0.08033637035009784,0.0,0.017241379310344827,0.017241379310344827,6.5,4.0
iconclass-ai:embhab_th-1402_pic046.jpg,1713,8,0.3446731793499352,0.011111111111111112,0.010790847105830921,0.0,0.0,0.0,2.0,5.0
iconclass-ai:embhab_th-1402_pic052.jpg,1713,28,0.39939864548358484,0.043478260869565216,0.047505664849563645,0.0,0.0,0.0,2.0,3.0
iconclass-ai:embhab_th-1402_pic082.jpg,1713,11,0.3333333333333333,0.007633587786259542,0.010011370570298286,0.0,0.0,0.0,4.0,5.0
iconclass-ai:embhab_th-1402_pic154.jpg,1713,29,0.5076288161633667,0.3333333333333333,0.14446181300063948,0.0,0.06896551724137931,0.10344827586206896,1.0,4.0
iconclass-ai:embhab_uh-103_pic024.jpg,1713,68,0.8969504402810676,1.0,0.21882999915480036,0.014705882352941176,0.058823529411764705,0.10294117647058823,3.5,3.5
iconclass-ai:embhab_uh-103_pic034.jpg,1713,71,0.6359751698751274,0.3333333333333333,0.1407525332254883,0.0,0.028169014084507043,0.056338028169014086,2.0,3.0
iconclass-ai:embhab_uh-103_pic048.jpg,1713,37,0.5191907164585656,0.5,0.10382835674692097,0.0,0.05405405405405406,0.08108108108108109,1.0,3.0
iconclass-ai:embhab_uh-103_pic060.jpg,1713,46,0.8990684392693266,1.0,0.2606175193885016,0.021739130434782608,0.08695652173913043,0.13043478260869565,2.0,3.0
iconclass-ai:embhab_uh-103_pic062.jpg,1713,49,0.45540913536678757,0.5,0.12806889549223385,0.0,0.02040816326530612,0.02040816326530612,1.0,3.0
iconclass-ai:embhab_uh-103_pic072.jpg,1713,33,0.6976204348040208,1.0,0.24767781275605416,0.030303030303030304,0.12121212121212122,0.12121212121212122,2.0,3.0
iconclass-ai:embhab_uh-103_pic074.jpg,1713,76,0.8343680305135645,1.0,0.20124661082760784,0.013157894736842105,0.039473684210526314,0.05263157894736842,2.5,3.0
iconclass-ai:embhab_uh-103_pic084.jpg,1713,86,0.7892046906662038,1.0,0.14305859678726052,0.011627906976744186,0.03488372093023256,0.03488372093023256,3.0,3.0
iconclass-ai:embhab_uh-103_pic088.jpg,1713,71,0.6373529099496117,1.0,0.17629250926262455,0.014084507042253521,0.04225352112676056,0.056338028169014086,1.0,3.0
iconclass-ai:embhab_uh-103_pic096.jpg,1713,40,0.736602243736621,1.0,0.28170404473734667,0.025,0.075,0.125,1.0,2.5
iconclass-ai:embhab_uk40_pic022.jpg,1713,38,0.36028382386147606,0.3333333333333333,0.041124368653531806,0.0,0.02631578947368421,0.02631578947368421,2.0,5.0
iconclass-ai:embhab_uk40_pic046.jpg,1713,19,0.3333333333333333,0.05,0.02656461578868057,0.0,0.0,0.0,3.0,4.0
iconclass-ai:embhab_uk40_pic048.jpg,1713,22,0.4603136016217303,1.0,0.0749168555817232,0.045454545454545456,0.045454545454545456,0.045454545454545456,1.0,4.0
iconclass-ai:embhab_uk40_pic050.jpg,1713,15,0.4771874768636,0.010416666666666666,0.012130711873796328,0.0,0.0,0.0,1.0,4.5
iconclass-ai:embhab_uk40_pic070.jpg,1713,57,0.4353186715791296,1.0,0.07017007480384865,0.017543859649122806,0.017543859649122806,0.017543859649122806,3.0,5.0
iconclass-ai:embhab_uk40_pic076.jpg,1713,30,0.5446927901723262,1.0,0.07499276420184048,0.03333333333333333,0.03333333333333333,0.06666666666666667,2.5,5.5
iconclass-ai:embhab_uk40_pic084.jpg,1713,104,0.43010776102195003,1.0,0.1195170074577069,0.009615384615384616,0.009615384615384616,0.009615384615384616,10.0,4.0
iconclass-ai:embhab_wa-6382_pic021.jpg,1713,25,0.43638289305226546,0.2,0.0755172845228282,0.0,0.04,0.08,5.0,4.0
iconclass-ai:embhab_wa-6382_pic035.jpg,1713,79,0.6988613993581023,0.5,0.15251246869018512,0.0,0.02531645569620253,0.0379746835443038,4.5,4.0
iconclass-ai:embhab_wa-6382_pic043.jpg,1713,7,0.36060229518458903,0.006666666666666667,0.016509339098535532,0.0,0.0,0.0,2.0,3.0
iconclass-ai:embhab_wa-6382_pic052.jpg,1713,26,0.5318839750259409,0.5,0.1324482421460831,0.0,0.11538461538461539,0.15384615384615385,3.0,5.0
iconclass-ai:embhab_wa-6382_pic063.jpg,1713,8,0.35648241204244513,0.011764705882352941,0.01767180471416596,0.0,0.0,0.0,1.0,4.0
iconclass-ai:embhab_wa-6382_pic069.jpg,1713,52,0.8182198962070145,1.0,0.2265856183346188,0.019230769230769232,0.07692307692307693,0.09615384615384616,5.0,4.5
iconclass-ai:embhab_wa-6382_pic087.jpg,1713,53,0.5890887686122509,1.0,0.1593229704081894,0.018867924528301886,0.03773584905660377,0.05660377358490566,5.0,4.0
iconclass-ai:embhab_wa-6382_pic121.jpg,1713,68,0.48656469906259414,0.3333333333333333,0.15208659905422856,0.0,0.014705882352941176,0.029411764705882353,2.5,4.0
iconclass-ai:embhab_wa-6382_pic197.jpg,1713,3,0.4115153317933947,0.004347826086956522,0.005600439755318703,0.0,0.0,0.0,1.5,2.5
iconclass-ai:embhab_wa-6382_pic234.jpg,1713,62,0.5047028235476815,1.0,0.11421974749790195,0.016129032258064516,0.016129032258064516,0.03225806451612903,1.5,4.0
iconclass-ai:embhab_wa-6382_pic243.jpg,1713,71,0.6290329427672424,0.5,0.13546786392926224,0.0,0.014084507042253521,0.028169014084507043,2.0,4.0
iconclass-ai:embhab_wa-6382_pic250.jpg,1713,78,0.48913055791057525,0.25,0.13823769056187668,0.0,0.02564102564102564,0.02564102564102564,4.0,3.0
iconclass-ai:embhab_wa-6382_pic266.jpg,1713,72,0.6997585781078164,1.0,0.18891351321461078,0.013888888888888888,0.027777777777777776,0.041666666666666664,3.0,4.0
iconclass-ai:embhab_wa-6382_pic273.jpg,1713,1,0.531369179699311,0.004291845493562232,0.004291845493562232,0.0,0.0,0.0,1.0,4.0
iconclass-ai:embhab_wa-6382_pic306.jpg,1713,12,0.3333333333333333,0.06666666666666667,0.0571347631635962,0.0,0.0,0.0,1.0,4.5
iconclass-ai:embhab_wa-6382_pic345.jpg,1713,68,0.49530538552784814,1.0,0.13350002777912634,0.014705882352941176,0.014705882352941176,0.029411764705882353,3.5,4.0
iconclass-ai:embhab_xb-6512_pic025.jpg,1713,66,0.6954005414364945,0.5,0.5101677621261113,0.0,0.045454545454545456,0.09090909090909091,3.0,3.0
iconclass-ai:embhab_xb-6512_pic031.jpg,1713,117,1.0,1.0,0.5362478712578364,0.008547008547008548,0.042735042735042736,0.08547008547008547,4.0,5.0
iconclass-ai:embhab_xb-6512_pic037.jpg,1713,77,0.8845422444345158,1.0,0.6155070597062436,0.012987012987012988,0.05194805194805195,0.1038961038961039,4.0,3.5
iconclass-ai:embhab_xb-6512_pic041.jpg,1713,65,0.8506629589898829,1.0,0.6832063608766001,0.015384615384615385,0.046153846153846156,0.12307692307692308,2.0,3.0
iconclass-ai:embhab_xb-6512_pic047.jpg,1713,8,0.4596145508634258,0.16666666666666666,0.1147134621155484,0.0,0.0,0.25,2.0,5.0
iconclass-ai:embhab_xb-6512_pic049.jpg,1713,7,0.5728256588814095,1.0,0.19957152357920904,0.14285714285714285,0.14285714285714285,0.14285714285714285,1.0,5.0
iconclass-ai:embhab_xb-6512_pic055.jpg,1713,33,0.3455606536832266,0.07692307692307693,0.03745627665801898,0.0,0.0,0.0,3.0,4.0
iconclass-ai:embhab_xb-6512_pic093.jpg,1713,69,1.0,1.0,0.7395877308179666,0.014492753623188406,0.07246376811594203,0.14492753623188406,6.5,5.0
iconclass-ai:embhab_xb-6512_pic123.jpg,1713,66,0.9575861412006987,1.0,0.770986782688862,0.015151515151515152,0.07575757575757576,0.13636363636363635,2.0,5.0
iconclass-ai:embhab_xb-6512_pic129.jpg,1713,68,0.8532721558012798,0.5,0.6751354581560988,0.0,0.058823529411764705,0.1323529411764706,5.0,5.0
iconclass-ai:embhab_xb-6512_pic145.jpg,1713,75,0.6554957358352482,1.0,0.34280075364356977,0.013333333333333334,0.04,0.05333333333333334,7.0,3.5
iconclass-ai:embhab_xb-6512_pic147.jpg,1713,66,1.0,1.0,0.7139382978007849,0.015151515151515152,0.07575757575757576,0.15151515151515152,2.5,4.5
iconclass-ai:embhab_xb-6512_pic163.jpg,1713,65,1.0,1.0,0.8188670950870053,0.015384615384615385,0.07692307692307693,0.15384615384615385,1.0,5.0
iconclass-ai:embhab_xb-6512_pic173.jpg,1713,63,0.790079912888246,0.5,0.5191582742110457,0.0,0.047619047619047616,0.12698412698412698,2.0,5.0
iconclass-ai:embhab_xb-6512_pic187.jpg,1713,72,0.8532721558012798,0.5,0.7328033966573458,0.0,0.05555555555555555,0.125,5.0,4.0
iconclass-ai:embhab_xb-6512_pic193.jpg,1713,66,1.0,1.0,0.7858552918255655,0.015151515151515152,0.07575757575757576,0.15151515151515152,4.0,5.0
iconclass-ai:embhab_xb-6512_pic195.jpg,1713,64,1.0,1.0,0.8613311770133266,0.015625,0.078125,0.15625,2.0,4.0
iconclass-ai:embhab_xb-6512_pic221.jpg,1713,63,1.0,1.0,0.675014831425624,0.015873015873015872,0.07936507936507936,0.15873015873015872,2.0,6.0
iconclass-ai:embhab_xb-6512_pic225.jpg,1713,63,0.9575861412006987,1.0,0.8245371655982481,0.015873015873015872,0.07936507936507936,0.14285714285714285,2.0,7.0
iconclass-ai:embhab_xb-6512_pic233.jpg,1713,8,0.4307696187786568,0.1111111111111111,0.07800306288183462,0.0,0.0,0.125,3.0,5.0
iconclass-ai:embhab_xb-6512_pic235.jpg,1713,72,0.9575861412006987,1.0,0.6915414725166044,0.013888888888888888,0.06944444444444445,0.125,1.0,6.0
iconclass-ai:embhab_xb-6512_pic255.jpg,1713,63,0.9432379215722525,1.0,0.8174051956420241,0.015873015873015872,0.06349206349206349,0.14285714285714285,1.0,6.0
iconclass-ai:embhab_xb-6512_pic263.jpg,1713,68,1.0,1.0,0.7453101484933216,0.014705882352941176,0.07352941176470588,0.14705882352941177,3.0,4.0
iconclass-ai:embhab_xb-6512_pic271.jpg,1713,63,1.0,1.0,0.8074648480294507,0.015873015873015872,0.07936507936507936,0.15873015873015872,1.0,4.0
iconclass-ai:embhab_xb-6512_pic279.jpg,1713,36,0.42590829591570295,0.5,0.07263562894070426,0.0,0.027777777777777776,0.027777777777777776,5.0,4.0
iconclass-ai:embhab_xb-6512_pic281.jpg,1713,91,1.0,1.0,0.6617621945111366,0.01098901098901099,0.054945054945054944,0.10989010989010989,6.0,4.0
iconclass-ai:embhab_xb-6512_pic285.jpg,1713,67,0.8442327945045964,1.0,0.6836009148883405,0.014925373134328358,0.04477611940298507,0.11940298507462686,4.0,3.0
iconclass-ai:embhab_xb-6512_pic301.jpg,1713,68,0.6925904614552042,1.0,0.2620828430011366,0.014705882352941176,0.058823529411764705,0.058823529411764705,3.0,3.0
iconclass-ai:embhab_xb-6512_pic303.jpg,1713,67,0.9432379215722525,1.0,0.7033218982804613,0.014925373134328358,0.05970149253731343,0.13432835820895522,4.0,4.5
iconclass-ai:embhab_xb-6512_pic307.jpg,1713,66,0.9477344873475497,1.0,0.7607997089871869,0.015151515151515152,0.07575757575757576,0.13636363636363635,2.0,4.0
iconclass-ai:embhab_xb-6512_pic317.jpg,1713,127,1.0,1.0,0.49576099523136596,0.007874015748031496,0.03937007874015748,0.07874015748031496,7.0,4.0
iconclass-ai:embhab_xb-6512_pic341.jpg,1713,75,0.6982655748662334,1.0,0.3250773414859811,0.013333333333333334,0.04,0.05333333333333334,7.0,4.0
iconclass-ai:embhab_xb-6512_pic369.jpg,1713,72,1.0,1.0,0.7285246956007375,0.013888888888888888,0.06944444444444445,0.1388888888888889,5.0,4.0
iconclass-ai:embhab_xb-6512_pic385.jpg,1713,69,1.0,1.0,0.6829908375343436,0.014492753623188406,0.07246376811594203,0.14492753623188406,3.5,4.0
iconclass-ai:embhab_xb-6512_pic405.jpg,1713,79,1.0,1.0,0.7643673084927181,0.012658227848101266,0.06329113924050633,0.12658227848101267,10.5,4.0
iconclass-ai:embhab_xb-6512_pic411.jpg,1713,71,0.9368077570869661,1.0,0.7200626640967668,0.014084507042253521,0.056338028169014086,0.1267605633802817,8.5,4.0
iconclass-ai:embhab_xb-6512_pic421.jpg,1713,77,1.0,1.0,0.5536355654233595,0.012987012987012988,0.06493506493506493,0.12987012987012986,11.0,3.5
iconclass-ai:embhab_xb-6512_pic431.jpg,1713,70,1.0,1.0,0.7970065933765551,0.014285714285714285,0.07142857142857142,0.14285714285714285,5.5,5.0
iconclass-ai:embhab_xb-6512_pic433.jpg,1713,75,1.0,1.0,0.6659759227679222,0.013333333333333334,0.06666666666666667,0.13333333333333333,6.0,4.0
iconclass-ai:embhab_xb-6512_pic435.jpg,1713,74,0.9575861412006987,1.0,0.6749363404765866,0.013513513513513514,0.06756756756756757,0.12162162162162163,2.5,5.0
iconclass-ai:embhab_xb-6512_pic463.jpg,1713,70,1.0,1.0,0.7852016539491906,0.014285714285714285,0.07142857142857142,0.14285714285714285,4.0,3.0
iconclass-ai:embhab_xb-6512_pic473.jpg,1713,71,1.0,1.0,0.735284991110533,0.014084507042253521,0.07042253521126761,0.14084507042253522,9.0,4.0
iconclass-ai:embhab_xb-6512_pic477.jpg,1713,67,0.9368077570869661,1.0,0.7765344524295733,0.014925373134328358,0.05970149253731343,0.13432835820895522,2.0,5.0
iconclass-ai:embhab_xb-6512_pic479.jpg,1713,8,0.43992999415486767,0.3333333333333333,0.1543661124736976,0.0,0.125,0.125,2.5,5.5
iconclass-ai:embhab_xb-6512_pic491.jpg,1713,93,0.9368077570869661,1.0,0.531854021008709,0.010752688172043012,0.043010752688172046,0.0967741935483871,15.0,4.5
iconclass-ai:embhab_xb-6512_pic499.jpg,1713,68,0.9575861412006987,1.0,0.7974399797417342,0.014705882352941176,0.07352941176470588,0.1323529411764706,6.0,5.0
iconclass-ai:embhab_xb-6512_pic527.jpg,1713,68,0.9266360779006398,1.0,0.5685555428891822,0.014705882352941176,0.058823529411764705,0.1323529411764706,4.0,4.0
iconclass-ai:embhab_xb-6512_pic553.jpg,1713,69,1.0,1.0,0.8206491033809225,0.014492753623188406,0.07246376811594203,0.14492753623188406,6.0,4.0
iconclass-ai:embhab_xb-6512_pic561.jpg,1713,0,0.7550213899917172,,,,,,1.0,5.5
iconclass-ai:embhab_xb-6512_pic581.jpg,1713,67,1.0,1.0,0.7817334302432484,0.014925373134328358,0.07462686567164178,0.14925373134328357,3.0,4.0
iconclass-ai:embhab_xb-6512_pic589.jpg,1713,65,1.0,1.0,0.7833347492722612,0.015384615384615385,0.07692307692307693,0.15384615384615385,2.0,5.0
iconclass-ai:embhab_xb-6512_pic593.jpg,1713,72,1.0,1.0,0.7644118092991805,0.013888888888888888,0.06944444444444445,0.1388888888888889,12.0,4.0
iconclass-ai:embhab_xb-6512_pic603.jpg,1713,69,1.0,1.0,0.7728758932252289,0.014492753623188406,0.07246376811594203,0.14492753623188406,4.5,4.0
iconclass-ai:embhab_xb-6512_pic609.jpg,1713,72,0.9537125187088151,1.0,0.6891890207851671,0.013888888888888888,0.06944444444444445,0.125,3.0,4.0
iconclass-ai:embhab_xb-6512_pic615.jpg,1713,77,1.0,1.0,0.6814094083409883,0.012987012987012988,0.06493506493506493,0.12987012987012986,7.0,4.0
iconclass-ai:embhab_xb-6512_pic627.jpg,1713,70,1.0,1.0,0.7606142094690136,0.014285714285714285,0.07142857142857142,0.14285714285714285,2.0,5.0
iconclass-ai:embhab_xb-6512_pic629.jpg,1713,74,0.9266360779006398,1.0,0.7298011958447226,0.013513513513513514,0.05405405405405406,0.12162162162162163,4.0,4.0
iconclass-ai:embhab_xb-6512_pic645.jpg,1713,66,1.0,1.0,0.8117995491940144,0.015151515151515152,0.07575757575757576,0.15151515151515152,1.0,4.0
iconclass-ai:embhab_xb-6512_pic673.jpg,1713,93,1.0,1.0,0.6405566073967002,0.010752688172043012,0.053763440860215055,0.10752688172043011,9.0,4.0
iconclass-ai:embhab_xb-6512_pic677.jpg,1713,69,0.85515952476518,1.0,0.7131840010447584,0.014492753623188406,0.057971014492753624,0.11594202898550725,1.5,5.0
iconclass-ai:embhab_xb-6512_pic691.jpg,1713,65,1.0,1.0,0.8122455468045297,0.015384615384615385,0.07692307692307693,0.15384615384615385,1.0,6.0
iconclass-ai:embhab_xb-6512_pic701.jpg,1713,75,0.9510907186004266,1.0,0.7204996938564104,0.013333333333333334,0.06666666666666667,0.12,1.0,5.0
iconclass-ai:embhab_xb-6512_pic711.jpg,1713,65,0.9368077570869661,1.0,0.732672662856109,0.015384615384615385,0.06153846153846154,0.13846153846153847,2.0,4.0
iconclass-ai:embhab_xb-6512_pic713.jpg,1713,5,0.503422728904997,0.16666666666666666,0.035661748939591086,0.0,0.0,0.2,1.0,4.5
iconclass-ai:embhab_xb-6512_pic727.jpg,1713,69,0.6906878611313917,1.0,0.39145678653265065,0.014492753623188406,0.043478260869565216,0.07246376811594203,4.5,4.0
iconclass-ai:embhab_xb-6512_pic739.jpg,1713,68,1.0,1.0,0.8458318037240887,0.014705882352941176,0.07352941176470588,0.14705882352941177,2.5,4.5
iconclass-ai:embhab_xb-6512_pic747.jpg,1713,71,1.0,1.0,0.754195916996422,0.014084507042253521,0.07042253521126761,0.14084507042253522,6.0,4.0
iconclass-ai:embhab_xb-6512_pic749.jpg,1713,64,0.9048032373092417,1.0,0.6740882404806007,0.015625,0.078125,0.125,2.0,4.0
iconclass-ai:embhab_xb-6512_pic757.jpg,1713,64,1.0,1.0,0.8804332466395964,0.015625,0.078125,0.15625,2.0,4.0
iconclass-ai:embhab_xb-6512_pic759.jpg,1713,66,0.9432379215722525,1.0,0.8110876012865501,0.015151515151515152,0.06060606060606061,0.13636363636363635,2.0,4.0
iconclass-ai:embhab_xb-6512_pic763.jpg,1713,74,0.8532721558012798,0.5,0.652503960444225,0.0,0.05405405405405406,0.12162162162162163,2.5,4.0
iconclass-ai:embhab_xb-6512_pic769.jpg,1713,74,1.0,1.0,0.7391666820006808,0.013513513513513514,0.06756756756756757,0.13513513513513514,1.0,5.0
iconclass-ai:embmne_pae1591_pic009.jpg,1713,4,0.30592470230128943,0.011235955056179775,0.005182303191058849,0.0,0.0,0.0,1.0,5.0
iconclass-ai:embmne_pae1591_pic011.jpg,1713,3,0.45166768966809345,0.0016611295681063123,0.002068083514490204,0.0,0.0,0.0,1.0,5.5
iconclass-ai:embmne_pae1591_pic017.jpg,1713,43,0.3758966047203382,0.5,0.061352632102509894,0.0,0.023255813953488372,0.046511627906976744,1.0,5.0
iconclass-ai:embmne_pae1591_pic029.jpg,1713,67,0.3964598986714382,0.25,0.05311829699569421,0.0,0.029850746268656716,0.029850746268656716,3.0,4.0
iconclass-ai:embmne_pae1591_pic035.jpg,1713,8,0.4152830176772824,1.0,0.15057366645524703,0.125,0.125,0.125,1.0,4.0
iconclass-ai:embmne_pae1591_pic046.jpg,1713,93,0.30467664050178705,0.03225806451612903,0.06244670658929477,0.0,0.0,0.0,3.0,3.0
iconclass-ai:embmne_pae1591_pic055.jpg,1713,4,0.280300643937074,0.0012515644555694619,0.001848780435432449,0.0,0.0,0.0,1.5,4.5
iconclass-ai:embmne_pae1591_pic067.jpg,1713,5,0.27989569693944905,0.004901960784313725,0.0042687655860671825,0.0,0.0,0.0,1.0,5.0
iconclass-ai:embmne_pae1591_pic081.jpg,1713,28,0.5181858249890455,1.0,0.07562830650194395,0.03571428571428571,0.07142857142857142,0.07142857142857142,2.0,4.0
iconclass-ai:embmne_pae1591_pic101.jpg,1713,20,0.27339488650028565,0.3333333333333333,0.03133193385453834,0.0,0.05,0.05,1.0,3.5
iconclass-ai:embmne_pae1591_pic125.jpg,1713,60,0.5024830913959121,0.3333333333333333,0.09464738056610406,0.0,0.03333333333333333,0.06666666666666667,1.0,6.0
iconclass-ai:embmne_pae1591_pic143.jpg,1713,28,0.3333333333333333,0.029411764705882353,0.026126044062220573,0.0,0.0,0.0,2.0,3.5
iconclass-ai:embmne_pae1591_pic152.jpg,1713,90,0.47179755948969326,1.0,0.12917274661180972,0.011111111111111112,0.011111111111111112,0.022222222222222223,9.5,5.0
iconclass-ai:embmne_pae1591_pic158.jpg,1713,18,0.231014922828005,0.05,0.01932329155018838,0.0,0.0,0.0,3.0,5.5
iconclass-ai:embmne_pae1591_pic160.jpg,1713,26,0.23729751282935588,0.015151515151515152,0.016778563382993748,0.0,0.0,0.0,1.0,4.0
iconclass-ai:embmne_pae1591_pic174.jpg,1713,57,0.4621550567711821,1.0,0.09502016459402206,0.017543859649122806,0.017543859649122806,0.03508771929824561,1.5,4.0
iconclass-ai:embmne_pae1591_pic176.jpg,1713,5,0.2544222161321151,0.004830917874396135,0.0030421683785291313,0.0,0.0,0.0,1.0,3.0
iconclass-ai:embmne_pae1591_pic188.jpg,1713,0,0.2435820974631938,,,,,,1.0,4.0
iconclass-ai:embmne_pae1591_pic191.jpg,1713,2,0.3270158948192545,0.004629629629629629,0.005775022427271562,0.0,0.0,0.0,1.0,3.0
iconclass-ai:embmne_pae1591_pic202.jpg,1713,14,0.33236492771036236,0.09090909090909091,0.05431840330806819,0.0,0.0,0.0,1.0,4.0
iconclass-ai:embmne_pae1591_pic203.jpg,1713,15,0.08978838219834656,0.023255813953488372,0.012848732071696484,0.0,0.0,0.0,2.0,3.0
iconclass-ai:embmne_pae1591_pic217.jpg,1713,12,0.3044957445531409,0.05263157894736842,0.024846655415995376,0.0,0.0,0.0,2.0,3.0
iconclass-ai:embmne_pae1591_pic233.jpg,1713,12,0.21638210605037164,0.043478260869565216,0.011986915600920134,0.0,0.0,0.0,2.0,4.0
iconclass-ai:embmne_pae1591_pic237.jpg,1713,6,0.3838083522354668,0.03333333333333333,0.020030695007352436,0.0,0.0,0.0,1.0,4.0
iconclass-ai:embmne_pae1591_pic265.jpg,1713,29,0.3470729944914071,0.058823529411764705,0.053587701870063204,0.0,0.0,0.0,1.5,3.0
iconclass-ai:embmne_pae1591_pic268.jpg,1713,10,0.44685344192372056,1.0,0.1131000714900143,0.1,0.1,0.1,2.0,4.0
iconclass-ai:embmne_pae1591_pic284.jpg,1713,27,0.3900954117610806,0.2,0.06040564009200223,0.0,0.037037037037037035,0.037037037037037035,2.0,6.0
iconclass-ai:embmne_pae1591_pic286.jpg,1713,9,0.47080368127381644,1.0,0.11541773458858626,0.1111111111111111,0.1111111111111111,0.1111111111111111,1.0,4.0
iconclass-ai:embmne_pae1591_pic288.jpg,1713,52,0.4235000852855239,0.3333333333333333,0.08411742094402645,0.0,0.019230769230769232,0.038461538461538464,1.5,5.5
iconclass-ai:embmne_pae1591_pic295.jpg,1713,1,0.19147129960442047,0.0012300123001230013,0.0012300123001230013,0.0,0.0,0.0,1.0,5.0
iconclass-ai:embmne_pae1591_pic331.jpg,1713,21,0.3402589806040702,0.5,0.03584085314880477,0.0,0.047619047619047616,0.047619047619047616,1.0,5.0
iconclass-ai:embmne_pae1591_pic332.jpg,1713,56,0.14601298204147323,0.09090909090909091,0.04470558895128512,0.0,0.0,0.0,1.0,4.5
iconclass-ai:embmne_pae1591_pic336.jpg,1713,51,0.3553773643482886,1.0,0.07520132963269899,0.0196078431372549,0.0392156862745098,0.0392156862745098,2.0,4.5
iconclass-ai:embmne_pae1591_pic341.jpg,1713,64,0.8511234837521311,1.0,0.14527114921959544,0.015625,0.0625,0.0625,5.5,5.0
iconclass-ai:embmne_pae1591_pic354.jpg,1713,37,0.13445297109435703,0.018867924528301886,0.019376560893591133,0.0,0.0,0.0,1.0,5.0
iconclass-ai:embmne_pae1591_pic360.jpg,1713,120,0.062318379109306175,0.09090909090909091,0.0553131579443921,0.0,0.0,0.0,4.0,5.0
iconclass-ai:embmne_pae1591_pic367.jpg,1713,68,0.24383312999066162,0.02631578947368421,0.0532800966055657,0.0,0.0,0.0,2.5,5.0
iconclass-ai:embstma_1667_pic002.jpg,1713,155,1.0,1.0,0.2986388710840258,0.0064516129032258064,0.03225806451612903,0.06451612903225806,5.0,5.0
iconclass-ai:embstma_1667_pic004.jpg,1713,156,1.0,1.0,0.2621393764793448,0.00641025641025641,0.03205128205128205,0.0641025641025641,4.0,5.0
iconclass-ai:embstma_1667_pic008.jpg,1713,82,0.4434512243165534,0.3333333333333333,0.1793982705893181,0.0,0.012195121951219513,0.04878048780487805,2.0,5.0
iconclass-ai:embstma_1667_pic011.jpg,1713,106,1.0,1.0,0.253652006968863,0.009433962264150943,0.03773584905660377,0.08490566037735849,6.0,4.5
iconclass-ai:embstma_1667_pic014.jpg,1713,199,1.0,1.0,0.27293200909703724,0.005025125628140704,0.02512562814070352,0.05025125628140704,4.5,5.0
iconclass-ai:embstma_1667_pic019.jpg,1713,153,0.9346681091844371,1.0,0.2431525880072322,0.006535947712418301,0.032679738562091505,0.058823529411764705,4.5,4.0
iconclass-ai:embstma_1667_pic020.jpg,1713,157,1.0,1.0,0.2873751518492637,0.006369426751592357,0.03184713375796178,0.06369426751592357,5.0,4.0
iconclass-ai:embstma_1667_pic024.jpg,1713,1,0.3386938942366667,0.022222222222222223,0.022222222222222223,0.0,0.0,0.0,1.0,4.0
iconclass-ai:embstma_1667_pic025.jpg,1713,79,0.942140648386019,1.0,0.2716505854962862,0.012658227848101266,0.06329113924050633,0.10126582278481013,3.0,5.0
iconclass-ai:embstma_1667_pic026.jpg,1713,128,1.0,1.0,0.2999423659137979,0.0078125,0.0390625,0.078125,4.0,5.0
iconclass-ai:embstma_1667_pic030.jpg,1713,60,0.6815739986440854,0.5,0.1516135507205295,0.0,0.05,0.06666666666666667,2.0,4.5
iconclass-ai:embstma_1667_pic032.jpg,1713,182,0.9469826765008734,1.0,0.26198449697391324,0.005494505494505495,0.027472527472527472,0.04945054945054945,4.5,5.0
iconclass-ai:embstma_1667_pic034.jpg,1713,88,0.8318605961632634,1.0,0.272757930632661,0.011363636363636364,0.045454545454545456,0.07954545454545454,2.0,4.0
iconclass-ai:embstma_1667_pic044.jpg,1713,92,0.7629588739735508,1.0,0.2668922166446902,0.010869565217391304,0.021739130434782608,0.043478260869565216,1.0,4.0
iconclass-ai:embstma_1667_pic050b.jpg,1713,150,0.24565697030795897,0.25,0.16012557884385586,0.0,0.006666666666666667,0.006666666666666667,3.0,5.0
iconclass-ai:embstma_1667_pic052a.jpg,1713,79,0.5990435543900737,0.5,0.16147202109411288,0.0,0.02531645569620253,0.06329113924050633,2.5,5.0
iconclass-ai:embstma_1667_pic056.jpg,1713,163,1.0,1.0,0.28476267361680924,0.006134969325153374,0.03067484662576687,0.06134969325153374,5.0,4.0
iconclass-ai:embstma_1667_pic060.jpg,1713,105,0.4810405359533954,0.3333333333333333,0.21024591177233057,0.0,0.009523809523809525,0.02857142857142857,2.0,5.0
iconclass-ai:embstma_1667_pic063.jpg,1713,91,0.8181707268522083,0.25,0.180430148489903,0.0,0.01098901098901099,0.04395604395604396,3.0,6.0
iconclass-ai:embstma_1667_pic066.jpg,1713,71,0.7067497660207394,1.0,0.17140006707801275,0.014084507042253521,0.04225352112676056,0.07042253521126761,1.0,4.0
iconclass-ai:embstma_1667_pic069.jpg,1713,121,1.0,0.5,0.2620816685123084,0.0,0.03305785123966942,0.0743801652892562,2.0,5.0
iconclass-ai:embstma_1667_pic077b.jpg,1713,143,0.41077223356850884,0.5,0.16244484786120472,0.0,0.013986013986013986,0.013986013986013986,8.0,5.0
iconclass-ai:embstma_1667_pic083.jpg,1713,140,1.0,1.0,0.30466789026886315,0.007142857142857143,0.03571428571428571,0.07142857142857142,3.0,5.0
iconclass-ai:embstma_1667_pic094.jpg,1713,115,0.9447881471213424,1.0,0.25481448145779934,0.008695652173913044,0.043478260869565216,0.0782608695652174,2.0,4.0
iconclass-ai:embstma_1667_pic095.jpg,1713,91,1.0,1.0,0.3264609729735304,0.01098901098901099,0.054945054945054944,0.10989010989010989,6.0,5.0
iconclass-ai:embstma_1667_pic097.jpg,1713,168,1.0,1.0,0.28526336442780603,0.005952380952380952,0.02976190476190476,0.05952380952380952,7.0,5.0
iconclass-ai:embstma_1667_pic115.jpg,1713,59,0.6498600945867897,1.0,0.22226020587258333,0.01694915254237288,0.03389830508474576,0.06779661016949153,1.5,3.0
iconclass-ai:embstma_1667_pic142.jpg,1713,151,0.512733972573951,1.0,0.1935411081278781,0.006622516556291391,0.019867549668874173,0.019867549668874173,1.5,4.0
iconclass-ai:embstma_1667_pic150.jpg,1713,89,0.6509177912920364,0.3333333333333333,0.1604344598118944,0.0,0.02247191011235955,0.033707865168539325,3.0,5.0
iconclass-ai:embstma_1667_pic153b.jpg,1713,39,0.3945009372277504,0.08333333333333333,0.06759444632907646,0.0,0.0,0.0,1.5,4.0
iconclass-ai:embstma_1667_pic156a.jpg,1713,107,0.5630788932808194,1.0,0.20195585034495764,0.009345794392523364,0.018691588785046728,0.028037383177570093,3.0,5.0
iconclass-ai:embstma_1667_pic158.jpg,1713,93,1.0,1.0,0.2899609283350868,0.010752688172043012,0.053763440860215055,0.10752688172043011,3.0,5.0
iconclass-ai:embstma_1667_pic161.jpg,1713,64,0.7669744741665802,1.0,0.14336773021777688,0.015625,0.03125,0.03125,1.0,5.0
iconclass-ai:embstma_1667_pic166b.jpg,1713,93,0.7391804232109159,1.0,0.14452823229035605,0.010752688172043012,0.03225806451612903,0.053763440860215055,2.0,4.0
iconclass-ai:embstma_1667_pic168b.jpg,1713,23,0.30447221963259086,0.0625,0.020276788792697592,0.0,0.0,0.0,1.0,4.5
iconclass-ai:embstma_1667_pic171.jpg,1713,48,0.26462022272743835,0.3333333333333333,0.10770246839346548,0.0,0.020833333333333332,0.041666666666666664,2.0,4.0
iconclass-ai:embstma_1667_pic179.jpg,1713,114,0.8091026734983537,0.5,0.22880419938771468,0.0,0.03508771929824561,0.06140350877192982,6.0,4.0
iconclass-ai:embstma_1667_pic180.jpg,1713,90,1.0,1.0,0.3184015646969374,0.011111111111111112,0.05555555555555555,0.1111111111111111,4.0,5.0
iconclass-ai:embstma_1667_pic184.jpg,1713,14,0.48704489766516973,0.029411764705882353,0.027371542125268215,0.0,0.0,0.0,2.0,4.0
iconclass-ai:embstma_1667_pic188a.jpg,1713,2,0.42925915924783825,0.021739130434782608,0.013010892840517643,0.0,0.0,0.0,1.0,4.0
iconclass-ai:embstma_1667_pic189b.jpg,1713,175,0.41785915847467064,0.25,0.19738401069312073,0.0,0.005714285714285714,0.017142857142857144,2.5,4.0
iconclass-ai:embstma_1667_pic190b.jpg,1713,89,0.8442111455903263,1.0,0.22117126581525842,0.011235955056179775,0.056179775280898875,0.07865168539325842,6.0,5.0
iconclass-ai:embstma_1667_pic198.jpg,1713,139,0.9023742883220411,1.0,0.1972862950573622,0.007194244604316547,0.03597122302158273,0.050359712230215826,4.5,5.0
iconclass-ai:embstma_1667_pic208.jpg,1713,103,1.0,0.5,0.24788706546031739,0.0,0.038834951456310676,0.08737864077669903,3.0,5.0
iconclass-ai:embstma_1667_pic220.jpg,1713,107,1.0,1.0,0.3148234367717828,0.009345794392523364,0.04672897196261682,0.09345794392523364,2.0,4.0
iconclass-ai:embstma_1667_pic223.jpg,1713,170,1.0,1.0,0.2816331382559766,0.0058823529411764705,0.029411764705882353,0.058823529411764705,7.0,4.0
iconclass-ai:embstma_1667_pic224a.jpg,1713,49,0.3248114999179586,0.2,0.06553131038126139,0.0,0.02040816326530612,0.02040816326530612,3.0,6.0
iconclass-ai:embstma_1667_pic226.jpg,1713,65,0.8623893785099406,1.0,0.28993022241118915,0.015384615384615385,0.07692307692307693,0.1076923076923077,4.5,5.0
iconclass-ai:embstma_1667_pic229b.jpg,1713,6,0.36635776635576167,0.125,0.0249443845927125,0.0,0.0,0.16666666666666666,1.0,4.0
iconclass-ai:embstma_204_fac009.jpg,1713,22,0.40669725543269336,0.3333333333333333,0.03520274543325492,0.0,0.045454545454545456,0.045454545454545456,4.0,3.0
iconclass-ai:embstma_204_fac017.jpg,1713,78,0.3333333333333333,0.07142857142857142,0.06314100366857878,0.0,0.0,0.0,4.0,5.0
iconclass-ai:embstma_204_fac019.jpg,1713,39,0.48006117753205335,1.0,0.047815357495488334,0.02564102564102564,0.02564102564102564,0.02564102564102564,3.0,5.0
iconclass-ai:embstma_204_fac041.jpg,1713,40,0.3333333333333333,0.02631578947368421,0.024644700595415497,0.0,0.0,0.0,1.5,4.0
iconclass-ai:embstma_204_fac045.jpg,1713,12,0.3333333333333333,0.004651162790697674,0.008670968206698729,0.0,0.0,0.0,1.0,4.0
iconclass-ai:embstma_204_fac057.jpg,1713,54,0.48910053882873683,0.5,0.06529998774858851,0.0,0.037037037037037035,0.037037037037037035,2.5,3.5
iconclass-ai:embstma_204_fac061.jpg,1713,8,0.3900954117610806,0.005128205128205128,0.004812426017764663,0.0,0.0,0.0,2.5,3.5
iconclass-ai:embstma_204_fac079.jpg,1713,73,0.5123745784233602,1.0,0.08900469820723675,0.0136986301369863,0.0136986301369863,0.0273972602739726,2.5,3.0
iconclass-ai:embstma_204_fac083.jpg,1713,13,0.40669725543269336,0.3333333333333333,0.034614500351678144,0.0,0.07692307692307693,0.07692307692307693,1.0,4.0
iconclass-ai:embstma_204_fac087.jpg,1713,33,0.5432534204450873,1.0,0.0865587765988853,0.030303030303030304,0.06060606060606061,0.06060606060606061,3.0,3.5
iconclass-ai:embstma_204_fac105.jpg,1713,18,0.3333333333333333,0.004629629629629629,0.009919914762071744,0.0,0.0,0.0,2.0,3.0
iconclass-ai:embstma_204_fac107.jpg,1713,39,0.3333333333333333,0.09090909090909091,0.03577400526161352,0.0,0.0,0.0,2.0,4.5
iconclass-ai:embstma_204_fac117.jpg,1713,64,0.4748175773152763,0.5,0.08604968326945135,0.0,0.015625,0.03125,4.0,4.0
iconclass-ai:embstma_204_fac169.jpg,1713,37,0.44281305753755196,0.25,0.045082979150406356,0.0,0.02702702702702703,0.05405405405405406,1.5,4.5
iconclass-ai:embstma_204_fac203.jpg,1713,4,0.38559884598578353,0.004878048780487805,0.0036545327534531,0.0,0.0,0.0,1.5,3.0
iconclass-ai:embstma_260_pic047.jpg,1713,38,0.39652557624636714,0.25,0.04152511099760215,0.0,0.02631578947368421,0.02631578947368421,4.0,5.0
iconclass-ai:embstma_260_pic083.jpg,1713,0,1.0,,,,,,1.0,2.0
iconclass-ai:embstma_260_pic095.jpg,1713,0,1.0,,,,,,1.0,2.0
iconclass-ai:embstma_260_pic097.jpg,1713,0,1.0,,,,,,1.0,2.0
iconclass-ai:embstma_260_pic105.jpg,1713,0,1.0,,,,,,1.0,2.0
iconclass-ai:embstma_260_pic107.jpg,1713,0,1.0,,,,,,1.0,2.0
iconclass-ai:embstma_260_pic121.jpg,1713,0,1.0,,,,,,1.0,2.0
iconclass-ai:embstma_260_pic123.jpg,1713,0,1.0,,,,,,1.0,2.0
iconclass-ai:embstma_260_pic133.jpg,1713,0,1.0,,,,,,1.0,2.0
iconclass-ai:embstma_260_pic149.jpg,1713,0,1.0,,,,,,1.0,2.0
iconclass-ai:embstma_260_pic151.jpg,1713,0,1.0,,,,,,1.0,2.0
iconclass-ai:embstma_260_pic157.jpg,1713,0,1.0,,,,,,1.0,2.0
iconclass-ai:embstma_260_pic169.jpg,1713,0,1.0,,,,,,1.0,2.0
iconclass-ai:embstma_260_pic175.jpg,1713,0,1.0,,,,,,1.0,2.0
iconclass-ai:embstma_260_pic201.jpg,1713,0,1.0,,,,,,1.0,2.0
iconclass-ai:embstma_260_pic203.jpg,1713,0,1.0,,,,,,1.0,2.0
iconclass-ai:embstma_260_pic207.jpg,1713,0,0.59932948189937,,,,,,1.0,2.0
iconclass-ai:embstma_260_pic221.jpg,1713,0,1.0,,,,,,1.0,2.0
iconclass-ai:embstma_260_pic223.jpg,1713,0,1.0,,,,,,1.0,2.0
iconclass-ai:embstma_260_pic233.jpg,1713,0,1.0,,,,,,1.0,2.0
iconclass-ai:embstma_260_pic241.jpg,1713,0,0.92663607790064,,,,,,1.0,2.0
iconclass-ai:embstma_260_pic279.jpg,1713,0,1.0,,,,,,1.0,2.0
iconclass-ai:embstma_260_pic295.jpg,1713,0,1.0,,,,,,1.0,2.0
iconclass-ai:embstma_260_pic307.jpg,1713,0,1.0,,,,,,1.0,2.0
iconclass-ai:embstma_260_pic313.jpg,1713,0,1.0,,,,,,1.0,2.0
iconclass-ai:embstma_260_pic317.jpg,1713,0,1.0,,,,,,1.0,2.0
iconclass-ai:embstma_260_pic327.jpg,1713,0,0.9526058178152246,,,,,,1.0,2.0
iconclass-ai:embstma_260_pic345.jpg,1713,0,1.0,,,,,,1.0,2.0
iconclass-ai:embstma_260_pic347.jpg,1713,0,1.0,,,,,,1.0,2.0
iconclass-ai:embstma_260_pic377.jpg,1713,0,1.0,,,,,,1.0,2.0
iconclass-ai:embstma_260_pic385.jpg,1713,0,1.0,,,,,,1.0,2.0
iconclass-ai:embstma_260_pic393.jpg,1713,0,1.0,,,,,,1.0,2.0
iconclass-ai:embstma_260_pic395.jpg,1713,0,1.0,,,,,,1.0,2.0
iconclass-ai:embstma_260_pic399.jpg,1713,0,1.0,,,,,,1.0,2.0
iconclass-ai:embstma_260_pic403.jpg,1713,0,1.0,,,,,,1.0,2.0
iconclass-ai:embstma_260_pic405.jpg,1713,0,1.0,,,,,,1.0,2.0
iconclass-ai:embstma_260_pic407.jpg,1713,0,1.0,,,,,,1.0,2.0
iconclass-ai:embstma_260_pic409.jpg,1713,0,1.0,,,,,,1.0,2.0
iconclass-ai:embstma_260_pic411.jpg,1713,0,1.0,,,,,,1.0,2.0
iconclass-ai:embstma_260_pic423.jpg,1713,0,1.0,,,,,,1.0,2.0
iconclass-ai:embstma_260_pic431.jpg,1713,0,1.0,,,,,,1.0,2.0
iconclass-ai:embstma_260_pic433.jpg,1713,0,1.0,,,,,,1.0,2.0
iconclass-ai:embstma_260_pic445.jpg,1713,0,1.0,,,,,,1.0,2.0
iconclass-ai:embstma_260_pic459.jpg,1713,0,1.0,,,,,,1.0,2.0
iconclass-ai:embstma_260_pic461.jpg,1713,0,1.0,,,,,,1.0,2.0
iconclass-ai:embstma_260_pic465.jpg,1713,0,1.0,,,,,,1.0,2.0
iconclass-ai:embstma_260_pic495.jpg,1713,0,,,,,,,0.0,
iconclass-ai:embstma_260_pic531.jpg,1713,0,1.0,,,,,,1.0,2.0
iconclass-ai:embstma_260_pic539.jpg,1713,0,0.7542110966928646,,,,,,1.0,2.0
iconclass-ai:embstma_260_pic557.jpg,1713,0,1.0,,,,,,1.0,2.0
iconclass-ai:embstma_260_pic577.jpg,1713,0,1.0,,,,,,1.0,2.0
iconclass-ai:embstma_260_pic581.jpg,1713,0,1.0,,,,,,1.0,2.0
iconclass-ai:embstma_260_pic591.jpg,1713,0,1.0,,,,,,1.0,2.0
iconclass-ai:embstma_260_pic593.jpg,1713,0,1.0,,,,,,1.0,2.0
iconclass-ai:embstma_260_pic607.jpg,1713,0,1.0,,,,,,1.0,2.0
iconclass-ai:embstma_260_pic617.jpg,1713,0,1.0,,,,,,1.0,2.0
iconclass-ai:embstma_260_pic641.jpg,1713,0,1.0,,,,,,1.0,2.0
iconclass-ai:embstma_260_pic659.jpg,1713,0,1.0,,,,,,1.0,2.0
iconclass-ai:embstma_260_pic671.jpg,1713,0,1.0,,,,,,1.0,2.0
iconclass-ai:embstma_260_pic687.jpg,1713,0,1.0,,,,,,1.0,2.0
iconclass-ai:embstma_260_pic693.jpg,1713,0,1.0,,,,,,1.0,2.0
iconclass-ai:embstma_260_pic733.jpg,1713,0,1.0,,,,,,1.0,2.0
iconclass-ai:embstma_260_pic739.jpg,1713,0,1.0,,,,,,1.0,2.0
iconclass-ai:embstma_260_pic741.jpg,1713,0,1.0,,,,,,1.0,2.0
iconclass-ai:embstma_260_pic751.jpg,1713,6,0.34809749117230654,0.058823529411764705,0.017819296793144434,0.0,0.0,0.0,3.0,6.0
iconclass-ai:embstma_260_pic763.jpg,1713,0,0.685119869332369,,,,,,1.0,2.0
iconclass-ai:embstma_260_pic775.jpg,1713,0,1.0,,,,,,1.0,2.0
iconclass-ai:embstma_260_pic787.jpg,1713,0,1.0,,,,,,1.0,2.0
iconclass-ai:embstma_260_pic823.jpg,1713,0,0.9668728882728054,,,,,,1.0,2.0
iconclass-ai:embstma_260_pic829.jpg,1713,0,1.0,,,,,,1.0,2.0
iconclass-ai:embstma_260_pic831.jpg,1713,0,1.0,,,,,,1.0,2.0
iconclass-ai:embstma_260_pic835.jpg,1713,0,1.0,,,,,,1.0,2.0
iconclass-ai:embstma_260_pic849.jpg,1713,0,1.0,,,,,,1.0,2.0
iconclass-ai:embstma_260_pic851.jpg,1713,0,1.0,,,,,,1.0,2.0
iconclass-ai:embstma_260_pic853.jpg,1713,0,1.0,,,,,,1.0,2.0
iconclass-ai:embstma_260_pic857.jpg,1713,0,1.0,,,,,,1.0,2.0
iconclass-ai:embstma_260_pic859.jpg,1713,0,1.0,,,,,,1.0,2.0
iconclass-ai:embstma_260_pic863.jpg,1713,0,1.0,,,,,,1.0,2.0
iconclass-ai:embstma_260_pic869.jpg,1713,0,1.0,,,,,,1.0,2.0
iconclass-ai:embstma_260_pic877.jpg,1713,0,1.0,,,,,,1.0,2.0
iconclass-ai:embstma_260_pic917.jpg,1713,0,1.0,,,,,,1.0,2.0
iconclass-ai:embstma_260_pic923.jpg,1713,0,0.6507467628006828,,,,,,1.0,2.0
iconclass-ai:embstma_260_pic925.jpg,1713,0,1.0,,,,,,1.0,2.0
iconclass-ai:embstma_260_pic927.jpg,1713,0,1.0,,,,,,1.0,2.0
iconclass-ai:embstma_add132_pic007.jpg,1713,117,0.31499235280849325,0.058823529411764705,0.1285499729101611,0.0,0.0,0.0,6.0,6.0
iconclass-ai:embstma_add132_pic009.jpg,1713,98,0.5270830899677266,0.5,0.09623891241416681,0.0,0.01020408163265306,0.030612244897959183,3.0,5.0
iconclass-ai:embstma_add132_pic069.jpg,1713,6,0.48006117753205335,1.0,0.17485748236354412,0.16666666666666666,0.16666666666666666,0.16666666666666666,1.0,4.0
iconclass-ai:embstma_add132_pic087.jpg,1713,10,0.6738109341664467,1.0,0.19302392865810064,0.1,0.1,0.3,1.0,4.0
iconclass-ai:embstma_add132_pic179.jpg,1713,7,0.5275451821845111,0.1111111111111111,0.08815242146000372,0.0,0.0,0.14285714285714285,1.0,5.0
iconclass-ai:gri271934_pic030.jpg,1713,100,1.0,1.0,0.7050948141948814,0.01,0.05,0.1,101.0,3.0
iconclass-ai:gri271934_pic042.jpg,1713,100,0.942140648386019,1.0,0.5549938240970212,0.01,0.05,0.09,101.0,3.0
iconclass-ai:gri271934_pic050.jpg,1713,100,1.0,1.0,0.6467850053149666,0.01,0.05,0.1,101.0,3.0
iconclass-ai:gri271934_pic072.jpg,1713,100,1.0,1.0,0.7067873941336228,0.01,0.05,0.1,101.0,3.0
iconclass-ai:gri271934_pic079.jpg,1713,100,1.0,1.0,0.6276600074960605,0.01,0.05,0.1,101.0,3.0
iconclass-ai:gri271934_pic095.jpg,1713,100,1.0,1.0,0.5635619226682185,0.01,0.05,0.1,101.0,3.0
iconclass-ai:gri271934_pic098.jpg,1713,100,1.0,1.0,0.6561257535748934,0.01,0.05,0.1,101.0,3.0
iconclass-ai:gri271934_pic102.jpg,1713,100,1.0,1.0,0.7138668030970369,0.01,0.05,0.1,101.0,3.0
iconclass-ai:gri271934_pic108.jpg,1713,100,1.0,1.0,0.6103955851516097,0.01,0.05,0.1,101.0,3.0
iconclass-ai:gri271934_pic110.jpg,1713,100,1.0,1.0,0.6213449470977668,0.01,0.05,0.1,101.0,3.0
iconclass-ai:gri271934_pic115.jpg,1713,100,1.0,1.0,0.47679079542805525,0.01,0.05,0.1,101.0,3.0
iconclass-ai:gri271934_pic120.jpg,1713,100,1.0,1.0,0.6061427228034906,0.01,0.05,0.1,101.0,3.0
iconclass-ai:gri271934_pic126.jpg,1713,100,1.0,1.0,0.6181579127269723,0.01,0.05,0.1,101.0,3.0
iconclass-ai:gri271934_pic129.jpg,1713,100,1.0,1.0,0.6499674012332497,0.01,0.05,0.1,101.0,3.0
iconclass-ai:gri271934_pic136.jpg,1713,100,1.0,1.0,0.6182369175601088,0.01,0.05,0.1,101.0,3.0
iconclass-ai:gri271934_pic140.jpg,1713,100,1.0,1.0,0.6817617553509718,0.01,0.05,0.1,101.0,3.0
iconclass-ai:gri271934_pic141.jpg,1713,100,1.0,1.0,0.6247194610237808,0.01,0.05,0.1,101.0,3.0
iconclass-ai:gri271934_pic161.jpg,1713,100,0.9290474019653158,1.0,0.45199966863083035,0.01,0.04,0.09,101.0,3.0
iconclass-ai:gri271934_pic162.jpg,1713,100,0.9210096963587077,1.0,0.5084665345204205,0.01,0.04,0.09,101.0,3.0
iconclass-ai:gri271934_pic163.jpg,1713,100,1.0,1.0,0.6555166952755563,0.01,0.05,0.1,101.0,3.0
iconclass-ai:gri271934_pic172.jpg,1713,100,1.0,1.0,0.6016982061889751,0.01,0.05,0.1,101.0,3.0
iconclass-ai:gri271934_pic176.jpg,1713,100,1.0,1.0,0.6665500207135748,0.01,0.05,0.1,101.0,3.0
iconclass-ai:gri271934_pic179.jpg,1713,100,1.0,1.0,0.6451796133819384,0.01,0.05,0.1,101.0,3.0
iconclass-ai:gri271934_pic181.jpg,1713,100,1.0,1.0,0.6824381409187442,0.01,0.05,0.1,101.0,3.0
iconclass-ai:gri271934_pic188.jpg,1713,100,1.0,1.0,0.6241474769566294,0.01,0.05,0.1,101.0,3.0
iconclass-ai:gri271934_pic189.jpg,1713,100,1.0,1.0,0.6393386683557294,0.01,0.05,0.1,101.0,3.0
iconclass-ai:gri271934_pic190.jpg,1713,100,1.0,1.0,0.5605315948261187,0.01,0.05,0.1,101.0,3.0
iconclass-ai:gri271934_pic191.jpg,1713,100,1.0,1.0,0.6462586198558218,0.01,0.05,0.1,101.0,3.0
iconclass-ai:gri271934_pic199.jpg,1713,100,1.0,1.0,0.6523840526784465,0.01,0.05,0.1,101.0,3.0
iconclass-ai:gri_9925178790001551_pic031.jpg,1713,2,0.30283532309597766,0.0022624434389140274,0.0033534439416792357,0.0,0.0,0.0,1.0,5.0
iconclass-ai:gri_9925178790001551_pic068.jpg,1713,100,0.5722567181266845,1.0,0.20282590686592705,0.01,0.03,0.05,101.0,3.0
iconclass-ai:gri_9925178790001551_pic100.jpg,1713,100,0.4022133990215197,0.5,0.1564007595122748,0.0,0.02,0.04,101.0,3.0
iconclass-ai:gri_9925178790001551_pic110.jpg,1713,100,0.8657978434800501,1.0,0.47536038417738735,0.01,0.04,0.08,101.0,3.0
iconclass-ai:gri_9925178790001551_pic140.jpg,1713,100,0.7080727308433675,1.0,0.3186063534543821,0.01,0.04,0.06,101.0,3.0
iconclass-ai:gri_9925178790001551_pic155.jpg,1713,100,0.6872583397918576,1.0,0.18423520480700778,0.01,0.04,0.05,101.0,3.0
iconclass-ai:gri_9925178790001551_pic186.jpg,1713,100,0.44823854804526647,0.3333333333333333,0.2079635032879232,0.0,0.02,0.04,101.0,3.0
iconclass-ai:gri_9925178790001551_pic202.jpg,1713,100,0.8504357457618188,1.0,0.4174904228941533,0.01,0.04,0.08,101.0,3.0
iconclass-ai:gri_9925178790001551_pic224.jpg,1713,100,0.8125602720947126,1.0,0.27836917792709825,0.01,0.04,0.07,101.0,3.0
iconclass-ai:gri_9925178790001551_pic247.jpg,1713,100,0.6525419030955012,1.0,0.29932463899608963,0.01,0.03,0.05,101.0,3.0
iconclass-ai:gri_9925178790001551_pic248.jpg,1713,100,0.5420815734809812,0.3333333333333333,0.24709675265386988,0.0,0.03,0.05,101.0,3.0
iconclass-ai:gri_9925178790001551_pic282.jpg,1713,100,0.7313665546519456,1.0,0.3492921248916716,0.01,0.03,0.06,101.0,3.0
iconclass-ai:gri_9925178790001551_pic294.jpg,1713,100,0.44547807269439904,0.5,0.2282849086151975,0.0,0.02,0.04,101.0,3.0
iconclass-ai:gri_9925178790001551_pic320.jpg,1713,100,0.9346681091844371,1.0,0.3287098185054025,0.01,0.05,0.09,101.0,3.0
iconclass-ai:hab_31-geom-3_fac002.jpg,1713,0,0.1322483270763851,,,,,,1.0,4.0
iconclass-ai:hab_31-geom-3_pic015.jpg,1713,108,0.8857588277848637,1.0,0.2726033006067057,0.009259259259259259,0.046296296296296294,0.07407407407407407,2.0,4.0
iconclass-ai:hab_31-geom-3_pic027.jpg,1713,139,0.8311176486356693,1.0,0.2586438140461432,0.007194244604316547,0.03597122302158273,0.050359712230215826,7.0,4.0
iconclass-ai:hab_31-geom-3_pic029.jpg,1713,106,1.0,1.0,0.29173192429880296,0.009433962264150943,0.04716981132075472,0.08490566037735849,4.0,4.0
iconclass-ai:hab_31-geom-3_pic031.jpg,1713,126,0.9477344873475497,1.0,0.2784167623203882,0.007936507936507936,0.03968253968253968,0.07142857142857142,4.0,4.0
iconclass-ai:hab_31-geom-3_pic035.jpg,1713,164,0.6925288923638863,1.0,0.25136900865199163,0.006097560975609756,0.018292682926829267,0.036585365853658534,3.5,5.0
iconclass-ai:hab_31-geom-3_pic041.jpg,1713,148,0.9447881471213424,1.0,0.2505002773199501,0.006756756756756757,0.033783783783783786,0.060810810810810814,5.0,4.0
iconclass-ai:hab_31-geom-3_pic043.jpg,1713,132,0.8777267965010666,1.0,0.22079927066648591,0.007575757575757576,0.030303030303030304,0.05303030303030303,7.0,4.0
iconclass-ai:hab_31-geom-3_pic045.jpg,1713,193,0.9014470060563649,1.0,0.27314094868113287,0.0051813471502590676,0.025906735751295335,0.03626943005181347,13.0,4.0
iconclass-ai:hab_31-geom-3_pic053.jpg,1713,138,0.8375631773123627,1.0,0.27368716732489073,0.007246376811594203,0.036231884057971016,0.050724637681159424,4.0,4.0
iconclass-ai:hab_31-geom-3_pic063.jpg,1713,91,0.9491033694408385,1.0,0.24799986839166985,0.01098901098901099,0.054945054945054944,0.0989010989010989,3.0,4.0
iconclass-ai:hab_31-geom-3_pic065.jpg,1713,174,0.8990684392693266,1.0,0.2926270760905353,0.005747126436781609,0.017241379310344827,0.040229885057471264,7.5,4.0
iconclass-ai:hab_31-geom-3_pic071.jpg,1713,149,0.9179636068732321,1.0,0.2968746127658518,0.006711409395973154,0.026845637583892617,0.04697986577181208,2.0,4.0
iconclass-ai:hab_xb6550_pic028.jpg,1713,15,0.47335278133827124,1.0,0.08689554697797472,0.06666666666666667,0.06666666666666667,0.06666666666666667,1.5,3.5
iconclass-ai:hab_xb6550_pic030.jpg,1713,35,0.38691627374937876,0.027777777777777776,0.033153087998363785,0.0,0.0,0.0,1.0,6.0
iconclass-ai:hab_xb6550_pic040.jpg,1713,106,0.4685011113512509,0.5,0.132695696797165,0.0,0.009433962264150943,0.009433962264150943,1.0,5.0
iconclass-ai:hab_xb6550_pic042.jpg,1713,76,0.4524169632847092,0.3333333333333333,0.08320963384424662,0.0,0.013157894736842105,0.013157894736842105,2.0,5.0
iconclass-ai:hab_xb6550_pic050.jpg,1713,60,0.8374837374776144,1.0,0.2684569601535758,0.016666666666666666,0.05,0.1,1.0,4.0
iconclass-ai:hab_xb6550_pic068.jpg,1713,86,0.6811356508422017,1.0,0.19212471298251535,0.011627906976744186,0.023255813953488372,0.046511627906976744,2.5,4.0
iconclass-ai:hab_xb6550_pic070.jpg,1713,27,0.6139064980592545,1.0,0.17841190263770987,0.037037037037037035,0.1111111111111111,0.1111111111111111,2.0,5.0
iconclass-ai:hab_xb6550_pic080.jpg,1713,39,0.5542384110877088,1.0,0.11544734452133576,0.02564102564102564,0.02564102564102564,0.05128205128205128,1.5,6.0
iconclass-ai:hab_xb6550_pic082.jpg,1713,106,0.6591283153370519,0.5,0.20119174215424615,0.0,0.02830188679245283,0.04716981132075472,2.5,4.5
iconclass-ai:hab_xb6550_pic100.jpg,1713,110,0.8100514486018681,1.0,0.15420800691292283,0.00909090909090909,0.03636363636363636,0.045454545454545456,1.0,5.0
iconclass-ai:hab_xb6550_pic102.jpg,1713,25,0.5400287205632378,0.1111111111111111,0.04259565694438528,0.0,0.0,0.04,1.0,5.0
iconclass-ai:hab_xb6550_pic120.jpg,1713,44,0.5534250996314135,0.3333333333333333,0.06383999955168,0.0,0.022727272727272728,0.022727272727272728,1.0,5.0
iconclass-ai:hab_xb6550_pic138.jpg,1713,76,0.615553800033854,0.14285714285714285,0.0865270892609652,0.0,0.0,0.039473684210526314,1.0,5.0
iconclass-ai:hunterian_bn13_pic011.jpg,1713,100,0.8760300784661893,1.0,0.46510423276885654,0.01,0.04,0.08,101.0,3.0
iconclass-ai:hunterian_bn13_pic048.jpg,1713,100,0.22187851954532414,0.1111111111111111,0.1612179836206367,0.0,0.0,0.01,101.0,3.0
iconclass-ai:hunterian_bn13_pic050.jpg,1713,100,0.4937432163448247,0.3333333333333333,0.35304646673832446,0.0,0.02,0.04,101.0,3.0
iconclass-ai:hunterian_bn13_pic053.jpg,1713,100,0.535455528106157,1.0,0.4236995256763979,0.01,0.01,0.04,101.0,3.0
iconclass-ai:hunterian_bn13_pic075.jpg,1713,100,0.6690065042804986,1.0,0.3591011700186638,0.01,0.02,0.06,101.0,3.0
iconclass-ai:hunterian_bn13_pic086.jpg,1713,100,0.6513395018668031,1.0,0.388131172029642,0.01,0.03,0.05,101.0,3.0
iconclass-ai:hunterian_bn13_pic090.jpg,1713,100,0.6350335903057501,1.0,0.2985566388908711,0.01,0.02,0.05,101.0,3.0
iconclass-ai:hunterian_bn13_pic107.jpg,1713,0,0.73053123947584,,,,,,1.0,3.5
iconclass-ai:hunterian_bn13_pic113.jpg,1713,100,0.6454147529959939,1.0,0.28088018795984415,0.01,0.03,0.05,101.0,3.0
iconclass-ai:hunterian_bn13_pic115.jpg,1713,100,0.6225223698629284,1.0,0.3186757309016022,0.01,0.02,0.05,101.0,3.0
iconclass-ai:hunterian_bn13_pic127.jpg,1713,100,0.6965080310634589,1.0,0.35578725499276687,0.01,0.03,0.06,101.0,3.0
iconclass-ai:hunterian_bn13_pic132.jpg,1713,100,0.5633920848682021,0.5,0.25137096820961546,0.0,0.03,0.05,101.0,3.0
iconclass-ai:hunterian_bn13_pic142.jpg,1713,100,0.5259077584456238,1.0,0.2925765479614589,0.01,0.02,0.03,101.0,3.0
iconclass-ai:hunterian_bn13_pic180.jpg,1713,100,0.5784923545520613,1.0,0.2888198448870384,0.01,0.03,0.04,101.0,3.0
iconclass-ai:hunterian_bn13_pic208.jpg,1713,100,0.5467548655211403,1.0,0.3297628554069274,0.01,0.02,0.04,101.0,3.0
iconclass-ai:hunterian_bn13_pic211.jpg,1713,100,0.5443912117376114,1.0,0.31724549643189265,0.01,0.02,0.04,101.0,3.0
iconclass-ai:hunterian_bn13_pic231.jpg,1713,100,0.4417813745392668,1.0,0.2741885211236808,0.01,0.02,0.02,101.0,3.0
iconclass-ai:hunterian_bn13_pic278.jpg,1713,100,0.5830787908626851,1.0,0.32961463375301325,0.01,0.03,0.04,101.0,3.0
iconclass-ai:kb_171e37_pic004.jpg,1713,3,0.16639784546064038,1.0,1.0,0.3333333333333333,1.0,1.0,1.0,5.0
iconclass-ai:kb_171e37_pic010.jpg,1713,5,0.13743765966522145,1.0,0.49049823633156964,0.2,0.4,0.6,1.0,3.0
iconclass-ai:kb_171e37_pic025.jpg,1713,16,0.08967957330426052,1.0,0.18542499976784246,0.0625,0.1875,0.1875,2.5,4.0
iconclass-ai:kb_171e37_pic027.jpg,1713,18,0.0654323169979731,1.0,0.20219711565082865,0.05555555555555555,0.16666666666666666,0.16666666666666666,2.5,6.0
iconclass-ai:kb_171e37_pic034.jpg,1713,0,0.09772298574683137,,,,,,1.0,6.0
iconclass-ai:kb_171e37_pic038.jpg,1713,4,0.2592185036346663,0.029411764705882353,0.011165659269447268,0.0,0.0,0.0,2.0,4.0
iconclass-ai:kb_171e37_pic041.jpg,1713,14,0.5242905233440497,1.0,0.18401571615620438,0.07142857142857142,0.14285714285714285,0.14285714285714285,7.0,4.0
iconclass-ai:kb_171e37_pic045.jpg,1713,7,0.5766172359789826,0.3333333333333333,0.263197785790171,0.0,0.2857142857142857,0.5714285714285714,1.0,6.0
iconclass-ai:kb_171e37_pic048.jpg,1713,11,0.4487910888988174,0.25,0.06409513404302435,0.0,0.09090909090909091,0.09090909090909091,6.0,6.0
iconclass-ai:kb_171e37_pic072.jpg,1713,7,0.2766770097865032,0.01818181818181818,0.007910020175901962,0.0,0.0,0.0,1.0,3.0
iconclass-ai:kb_171e37_pic080.jpg,1713,11,0.7979589033322887,1.0,0.48590382407094573,0.09090909090909091,0.2727272727272727,0.45454545454545453,4.0,5.0
iconclass-ai:kb_171e37_pic094.jpg,1713,30,0.207213733484228,0.022727272727272728,0.04488102810722581,0.0,0.0,0.0,2.0,4.0
iconclass-ai:kb_171e37_pic098.jpg,1713,1,0.6142355174458249,0.017857142857142856,0.017857142857142856,0.0,0.0,0.0,1.0,5.0
iconclass-ai:kb_171e37_pic103.jpg,1713,5,0.618923621405608,1.0,0.27024603498674543,0.2,0.2,0.4,2.0,4.0
iconclass-ai:kb_171e37_pic110b.jpg,1713,1,0.36448981268635366,0.00909090909090909,0.00909090909090909,0.0,0.0,0.0,1.0,3.0
iconclass-ai:kb_171e37_pic111.jpg,1713,6,0.38339622930770634,0.14285714285714285,0.044703505302254594,0.0,0.0,0.16666666666666666,1.0,5.0
iconclass-ai:kb_171e37_pic116a.jpg,1713,7,0.6082998090952606,0.5,0.3378131472565777,0.0,0.42857142857142855,0.42857142857142855,1.0,6.0
iconclass-ai:kb_171e37_pic118b.jpg,1713,2,0.3917209271577112,0.006289308176100629,0.00656931162229689,0.0,0.0,0.0,2.0,7.0
iconclass-ai:kb_171e37_pic133.jpg,1713,14,0.6299020196623001,1.0,0.22408393364475318,0.07142857142857142,0.14285714285714285,0.2857142857142857,8.0,4.0
iconclass-ai:kb_171e37_pic135.jpg,1713,0,0.9216017310213247,,,,,,1.0,2.0
iconclass-ai:kb_171e37_pic143.jpg,1713,5,0.3333333333333333,0.045454545454545456,0.039012057989656436,0.0,0.0,0.0,1.5,6.0
iconclass-ai:kb_171e37_pic145b.jpg,1713,5,0.4313996289642169,0.125,0.08315741255014167,0.0,0.0,0.4,1.0,5.0
iconclass-ai:kb_171e37_pic149a.jpg,1713,7,0.6438820632255243,1.0,0.3743489298371374,0.14285714285714285,0.2857142857142857,0.5714285714285714,1.0,5.0
iconclass-ai:kb_171e37_pic153a.jpg,1713,54,0.22226947601403965,0.030303030303030304,0.06508384582944404,0.0,0.0,0.0,1.0,4.0
iconclass-ai:kb_171e37_pic156.jpg,1713,9,0.32109431351887696,0.16666666666666666,0.07837067819912344,0.0,0.0,0.2222222222222222,3.0,3.0
iconclass-ai:kb_171e37_pic158.jpg,1713,1,0.4879211390937551,0.004166666666666667,0.004166666666666667,0.0,0.0,0.0,1.5,4.5
iconclass-ai:kb_171e37_pic165.jpg,1713,8,0.4016672820838768,0.2,0.04265729583834488,0.0,0.125,0.125,1.5,5.5
iconclass-ai:kb_171e37_pic169.jpg,1713,2,0.47614298419964324,0.02857142857142857,0.021532091097308487,0.0,0.0,0.0,2.0,4.5
iconclass-ai:kb_171e37_pic177.jpg,1713,0,0.5674981299196923,,,,,,1.0,4.0
iconclass-ai:kb_171e37_pic179.jpg,1713,0,0.6179448176118009,,,,,,1.0,4.0
iconclass-ai:kb_171e37_pic182.jpg,1713,1,0.6541697167671341,0.02702702702702703,0.02702702702702703,0.0,0.0,0.0,1.5,3.0
iconclass-ai:kb_171e37_pic183.jpg,1713,56,0.3733089313315991,0.5,0.07099927297126689,0.0,0.017857142857142856,0.017857142857142856,5.5,2.0
iconclass-ai:kb_171e37_pic190.jpg,1713,2,0.2591324738527142,0.002570694087403599,0.0034639962811745667,0.0,0.0,0.0,1.0,5.0
iconclass-ai:kb_171e37_pic192.jpg,1713,1,0.35154907135716323,0.0016181229773462784,0.0016181229773462784,0.0,0.0,0.0,1.0,4.0
iconclass-ai:kb_171e37_pic196.jpg,1713,0,0.39470309356970007,,,,,,1.0,4.0
iconclass-ai:kb_171e37_pic199.jpg,1713,3,0.28062316421930666,0.004608294930875576,0.004039648235572907,0.0,0.0,0.0,1.0,5.0
iconclass-ai:kb_171e37_pic201.jpg,1713,0,0.3410119124849236,,,,,,1.0,5.0
iconclass-ai:kb_171e37_pic207.jpg,1713,11,0.26658381415696986,0.25,0.03987448772108732,0.0,0.09090909090909091,0.09090909090909091,2.5,5.0
iconclass-ai:lci001_c011_001.jpg,1713,0,0.19992346025262012,,,,,,1.0,5.0
iconclass-ai:mmw_10a14_005r_min_a.jpg,1713,3,0.18008067316732376,0.04,0.020414965235625207,0.0,0.0,0.0,2.5,4.5
iconclass-ai:mmw_10a14_006v_min_a.jpg,1713,5,0.170849729561585,0.047619047619047616,0.014411736845754442,0.0,0.0,0.0,2.0,5.0
iconclass-ai:mmw_10a14_006v_min_b.jpg,1713,3,0.21027979984735748,0.008130081300813009,0.012626712199437853,0.0,0.0,0.0,4.0,4.0
iconclass-ai:mmw_10a14_139r_init_2.jpg,1713,34,0.7269780606097822,0.5,0.4346334676566013,0.0,0.11764705882352941,0.23529411764705882,3.0,5.0
iconclass-ai:mmw_10a14_176v_init.jpg,1713,33,0.7698989916888177,1.0,0.43258067809416506,0.030303030303030304,0.12121212121212122,0.21212121212121213,1.5,5.5
iconclass-ai:mmw_10a14_192v_init.jpg,1713,46,0.5564028487715866,1.0,0.18453417331695735,0.021739130434782608,0.043478260869565216,0.08695652173913043,2.0,5.5
iconclass-ai:mmw_10b22_085v_init.jpg,1713,42,0.5979452879937829,1.0,0.29226372530503186,0.023809523809523808,0.07142857142857142,0.09523809523809523,3.0,4.0
iconclass-ai:mmw_10c12_001v.jpg,1713,18,0.17847551965125139,0.16666666666666666,0.01660287948307891,0.0,0.0,0.05555555555555555,4.0,5.5
iconclass-ai:mmw_10c12_037r_randv.jpg,1713,38,0.2435424006486037,0.125,0.03811886328532573,0.0,0.0,0.02631578947368421,8.0,3.0
iconclass-ai:mmw_10c12_040r_min.jpg,1713,31,0.5997227989148297,1.0,0.17744740911279222,0.03225806451612903,0.0967741935483871,0.16129032258064516,3.0,5.0
iconclass-ai:mmw_10c12_042v_min.jpg,1713,31,0.38410474819231794,1.0,0.13362892733195966,0.03225806451612903,0.06451612903225806,0.06451612903225806,3.0,5.0
iconclass-ai:mmw_10c12_052v_min.jpg,1713,34,0.37727225508665746,1.0,0.13006875786103267,0.029411764705882353,0.058823529411764705,0.058823529411764705,3.0,5.0
iconclass-ai:mmw_10d26_136r_init.jpg,1713,33,0.3359199537839918,0.3333333333333333,0.26916467648988546,0.0,0.030303030303030304,0.09090909090909091,2.0,5.5
iconclass-ai:mmw_10f11_024r_min.jpg,1713,3,0.44653339403505654,1.0,0.38243167089320934,0.3333333333333333,0.3333333333333333,0.3333333333333333,2.5,5.5
iconclass-ai:norris90200_pic020.jpg,1713,100,1.0,1.0,0.6986472885299105,0.01,0.05,0.1,101.0,3.0
iconclass-ai:norris90200_pic021.jpg,1713,100,1.0,1.0,0.7199418354577015,0.01,0.05,0.1,101.0,3.0
iconclass-ai:norris90200_pic022.jpg,1713,100,1.0,1.0,0.699195339539963,0.01,0.05,0.1,101.0,3.0
iconclass-ai:norris90200_pic027.jpg,1713,100,1.0,1.0,0.6476152781652849,0.01,0.05,0.1,101.0,3.0
iconclass-ai:norris90200_pic029.jpg,1713,100,0.9388633982505333,1.0,0.5679550476864772,0.01,0.05,0.09,101.0,3.0
iconclass-ai:norris90200_pic031.jpg,1713,100,1.0,1.0,0.6961645936416154,0.01,0.05,0.1,101.0,3.0
iconclass-ai:norris90200_pic033.jpg,1713,100,1.0,1.0,0.6054636653063273,0.01,0.05,0.1,101.0,3.0
iconclass-ai:norris90200_pic036.jpg,1713,100,1.0,1.0,0.6097974525869355,0.01,0.05,0.1,101.0,3.0
iconclass-ai:norris90200_pic040.jpg,1713,100,1.0,1.0,0.6921247510804609,0.01,0.05,0.1,101.0,3.0
iconclass-ai:norris90200_pic043.jpg,1713,100,1.0,1.0,0.6169930468645936,0.01,0.05,0.1,101.0,3.0
iconclass-ai:norris90200_pic049.jpg,1713,100,1.0,1.0,0.6680350414854196,0.01,0.05,0.1,101.0,3.0
iconclass-ai:norris90200_pic060.jpg,1713,100,1.0,1.0,0.6075294367869674,0.01,0.05,0.1,101.0,3.0
iconclass-ai:norris90200_pic068.jpg,1713,100,0.9290474019653158,1.0,0.536551221325204,0.01,0.04,0.09,101.0,3.0
iconclass-ai:norris90200_pic071.jpg,1713,100,1.0,1.0,0.6534661908385739,0.01,0.05,0.1,101.0,3.0
iconclass-ai:norris90200_pic082.jpg,1713,100,0.9082950973757998,1.0,0.4817958911500032,0.01,0.04,0.09,101.0,3.0
iconclass-ai:norris90200_pic084.jpg,1713,100,1.0,1.0,0.4712833684167565,0.01,0.05,0.1,101.0,3.0
iconclass-ai:norris90200_pic086.jpg,1713,100,0.9469826765008734,1.0,0.5658275276026362,0.01,0.05,0.09,101.0,3.0
iconclass-ai:norris90200_pic090.jpg,1713,100,1.0,1.0,0.7049896717080896,0.01,0.05,0.1,101.0,3.0
iconclass-ai:norris90200_pic092.jpg,1713,100,1.0,1.0,0.6004359018065301,0.01,0.05,0.1,101.0,3.0
iconclass-ai:norris90200_pic094.jpg,1713,100,1.0,1.0,0.594324860439439,0.01,0.05,0.1,101.0,3.0
iconclass-ai:norris90200_pic097.jpg,1713,100,1.0,1.0,0.6438219646399338,0.01,0.05,0.1,101.0,3.0
iconclass-ai:norris90200_pic102.jpg,1713,100,0.9447881471213424,1.0,0.547457368679555,0.01,0.05,0.09,101.0,3.0
iconclass-ai:norris90200_pic118.jpg,1713,100,1.0,1.0,0.7087727309603069,0.01,0.05,0.1,101.0,3.0
iconclass-ai:norris90200_pic131.jpg,1713,100,1.0,1.0,0.6347802252286251,0.01,0.05,0.1,101.0,3.0
iconclass-ai:norris90200_pic135.jpg,1713,100,1.0,1.0,0.57036708600517,0.01,0.05,0.1,101.0,3.0
iconclass-ai:norris90200_pic139.jpg,1713,100,1.0,1.0,0.7085544801092394,0.01,0.05,0.1,101.0,3.0
iconclass-ai:norris90200_pic141.jpg,1713,100,1.0,1.0,0.6692439816688172,0.01,0.05,0.1,101.0,3.0
iconclass-ai:norris90200_pic148.jpg,1713,100,1.0,1.0,0.6800304477440943,0.01,0.05,0.1,101.0,3.0
iconclass-ai:norris90200_pic149.jpg,1713,100,1.0,1.0,0.5597911406531785,0.01,0.05,0.1,101.0,3.0
iconclass-ai:norris90200_pic151.jpg,1713,100,1.0,1.0,0.5726122711461931,0.01,0.05,0.1,101.0,3.0
iconclass-ai:norris90200_pic155.jpg,1713,100,0.9210096963587077,1.0,0.5157633934870861,0.01,0.04,0.09,101.0,3.0
iconclass-ai:norris90200_pic158.jpg,1713,100,1.0,1.0,0.6604808420578817,0.01,0.05,0.1,101.0,3.0
iconclass-ai:norris90200_pic159.jpg,1713,100,1.0,1.0,0.6697259711417962,0.01,0.05,0.1,101.0,3.0
iconclass-ai:norris90200_pic164.jpg,1713,100,0.9290474019653158,1.0,0.5310695142756309,0.01,0.04,0.09,101.0,3.0
iconclass-ai:norris90200_pic169.jpg,1713,100,1.0,1.0,0.679669153476249,0.01,0.05,0.1,101.0,3.0
iconclass-ai:norris90200_pic177.jpg,1713,100,1.0,1.0,0.5868041176667601,0.01,0.05,0.1,101.0,3.0
iconclass-ai:norris90200_pic179.jpg,1713,100,1.0,1.0,0.634878232612302,0.01,0.05,0.1,101.0,3.0
iconclass-ai:norris90200_pic186.jpg,1713,100,1.0,1.0,0.5994262429939713,0.01,0.05,0.1,101.0,3.0
iconclass-ai:norris90200_pic187.jpg,1713,100,1.0,1.0,0.6298206750851257,0.01,0.05,0.1,101.0,3.0
iconclass-ai:norris90200_pic188.jpg,1713,100,1.0,1.0,0.5195918637980234,0.01,0.05,0.1,101.0,3.0
iconclass-ai:norris90200_pic189.jpg,1713,100,1.0,1.0,0.6974097680337428,0.01,0.05,0.1,101.0,3.0
iconclass-ai:norris90200_pic191.jpg,1713,100,1.0,1.0,0.7445571154422295,0.01,0.05,0.1,101.0,3.0
iconclass-ai:sdc_10347_3903_fac003.jpg,1713,0,,,,,,,0.0,
iconclass-ai:sdc_10347_3903_pic025.jpg,1713,0,1.0,,,,,,1.0,2.0
iconclass-ai:sdc_10347_3903_pic086.jpg,1713,0,0.8107005969804694,,,,,,1.0,2.0
iconclass-ai:sdc_10347_3903_pic249.jpg,1713,0,0.968189605900524,,,,,,1.0,2.0
iconclass-ai:sdc_10347_3903_pic285.jpg,1713,0,0.9216017310213247,,,,,,1.0,2.0
iconclass-ai:sdc_10347_3903_pic357.jpg,1713,0,0.9668728882728054,,,,,,1.0,2.0
iconclass-ai:sdc_10347_3903_pic553.jpg,1713,0,1.0,,,,,,1.0,2.0
iconclass-ai:sdc_10347_3903_pic625.jpg,1713,0,0.8958633596839919,,,,,,1.0,2.0
iconclass-ai:sdc_10347_3903_pic647.jpg,1713,0,1.0,,,,,,1.0,2.0
iconclass-ai:sdc_10347_3903_pic658.jpg,1713,0,0.8657724821412287,,,,,,1.0,2.0
iconclass-ai:sdc_10347_3903_pic674.jpg,1713,0,0.9227128302108007,,,,,,1.0,2.0
iconclass-ai:sdc_10347_3903_pic857.jpg,1713,0,0.8150213405723074,,,,,,1.0,2.0
iconclass-ai:uiuc_0961b237g_pic017.jpg,1713,0,0.8553460464359453,,,,,,1.0,3.0
iconclass-ai:uiuc_0961b237g_pic021.jpg,1713,2,0.7430629587262284,1.0,0.5035971223021583,0.5,0.5,0.5,2.0,2.5
iconclass-ai:uiuc_0961b237g_pic061.jpg,1713,17,0.24617548284783367,0.005025125628140704,0.011168451423504297,0.0,0.0,0.0,1.0,5.0
iconclass-ai:uiuc_0961b237g_pic073.jpg,1713,20,0.5289704589316268,1.0,0.11177436909484059,0.05,0.05,0.1,2.0,5.0
iconclass-ai:uiuc_0961b237g_pic077.jpg,1713,3,0.585421002258578,1.0,0.3480747371412333,0.3333333333333333,0.3333333333333333,0.3333333333333333,2.0,5.0
iconclass-ai:uiuc_0961b237g_pic081.jpg,1713,9,0.3133895268411627,0.020833333333333332,0.01262286392981568,0.0,0.0,0.0,2.0,5.0
iconclass-ai:uiuc_0961b237g_pic093.jpg,1713,5,0.32888134317485473,0.058823529411764705,0.02416541255592311,0.0,0.0,0.0,1.0,6.0
iconclass-ai:uiuc_0961b237g_pic161.jpg,1713,25,0.298986544205165,0.2,0.05318169707232553,0.0,0.04,0.04,1.0,5.0
iconclass-ai:uiuc_0961b237g_pic169.jpg,1713,1,0.48487699798423983,0.002079002079002079,0.002079002079002079,0.0,0.0,0.0,1.0,4.0
iconclass-ai:uiuc_0961b237g_pic173.jpg,1713,2,0.4426172815282381,1.0,0.5014025245441796,0.5,0.5,0.5,1.0,6.0
iconclass-ai:uiuc_27171l979_pic027.jpg,1713,44,0.40688110992428683,0.5,0.0669730631100517,0.0,0.022727272727272728,0.022727272727272728,1.0,5.0
iconclass-ai:uiuc_27171l979_pic053.jpg,1713,20,0.47736053294857556,0.2,0.03330127714174167,0.0,0.05,0.05,2.5,4.5
iconclass-ai:uiuc_27171l979_pic055.jpg,1713,20,0.38558370805824527,0.25,0.046398696603367734,0.0,0.05,0.05,1.5,5.5
iconclass-ai:uiuc_27171l979_pic059.jpg,1713,10,0.3492975790765023,0.2,0.07704057854279303,0.0,0.1,0.1,2.5,3.5
iconclass-ai:uiuc_3201sa12iea2_pic022.jpg,1713,61,0.5764961724874297,1.0,0.0823239991857453,0.01639344262295082,0.01639344262295082,0.04918032786885246,5.0,3.0
iconclass-ai:uiuc_3201sa12iea2_pic030.jpg,1713,19,0.3101895926877409,0.015384615384615385,0.025918438596217223,0.0,0.0,0.0,1.0,4.0
iconclass-ai:uiuc_3201sa12iea2_pic035.jpg,1713,72,0.499272218015063,0.5,0.0935761792218831,0.0,0.027777777777777776,0.027777777777777776,6.5,3.5
iconclass-ai:uiuc_3201sa12iea2_pic041.jpg,1713,91,0.6655266239440206,1.0,0.14423881984905795,0.01098901098901099,0.03296703296703297,0.04395604395604396,5.0,4.0
iconclass-ai:uiuc_3201sa12iea2_pic057.jpg,1713,18,0.39782616633567686,0.16666666666666666,0.06932512090224144,0.0,0.0,0.05555555555555555,1.0,3.0
iconclass-ai:uiuc_3201sa12iea2_pic106.jpg,1713,71,0.3900954117610806,0.2,0.09035563930004466,0.0,0.014084507042253521,0.014084507042253521,1.5,4.0
iconclass-ai:uiuc_3201sa12iea2_pic124.jpg,1713,19,0.5874229027480132,0.1111111111111111,0.06409777483994618,0.0,0.0,0.05263157894736842,1.0,3.5
iconclass-ai:uiuc_3201sa12iea2_pic184.jpg,1713,103,0.8446849276286176,1.0,0.16420272251843737,0.009708737864077669,0.038834951456310676,0.06796116504854369,5.5,4.0
iconclass-ai:uiuc_3201sa12iea2_pic190.jpg,1713,51,0.38224261473290666,0.14285714285714285,0.050058521510432066,0.0,0.0,0.0196078431372549,2.0,5.0
iconclass-ai:uiuc_3201sa12iea2_pic207.jpg,1713,48,0.48006117753205335,1.0,0.07236285642260255,0.020833333333333332,0.020833333333333332,0.020833333333333332,6.0,5.0
iconclass-ai:uiuc_3201sa12iea2_pic213.jpg,1713,43,0.6528239126386862,0.02564102564102564,0.056263883347045116,0.0,0.0,0.0,3.0,3.5
iconclass-ai:uiuc_3201sa12iea2_pic220.jpg,1713,30,0.3900954117610806,0.2,0.060485506705066756,0.0,0.03333333333333333,0.03333333333333333,2.0,4.0
iconclass-ai:uiuc_3201sa12iea2_pic251.jpg,1713,51,0.4285300960240915,0.14285714285714285,0.058275735271136886,0.0,0.0,0.0392156862745098,2.5,4.5
iconclass-ai:uiuc_3201sa12iea2_pic295.jpg,1713,23,0.48620583985195054,0.5,0.09772050677847449,0.0,0.08695652173913043,0.08695652173913043,1.0,4.0
iconclass-ai:uiuc_3201sa12iea2_pic317.jpg,1713,3,0.45382343384312973,0.06666666666666667,0.024605127018384087,0.0,0.0,0.0,1.5,3.5
iconclass-ai:uiuc_3201sa12iea2_pic368.jpg,1713,18,0.3333333333333333,0.043478260869565216,0.015315523918338268,0.0,0.0,0.0,1.0,4.0
iconclass-ai:uiuc_832w91o_pic01101.jpg,1713,33,0.6461198117368625,1.0,0.2187279536989227,0.030303030303030304,0.09090909090909091,0.15151515151515152,2.0,5.0
iconclass-ai:uiuc_832w91o_pic01105.jpg,1713,11,0.1290255518105757,0.0049504950495049506,0.010969108079758025,0.0,0.0,0.0,2.0,5.0
iconclass-ai:uiuc_832w91o_pic01111.jpg,1713,47,0.5434417003179891,0.5,0.09353012933357095,0.0,0.0425531914893617,0.06382978723404255,3.5,3.0
iconclass-ai:uiuc_832w91o_pic01301.jpg,1713,33,0.3333333333333333,0.05263157894736842,0.059813814272042465,0.0,0.0,0.0,1.0,5.0
iconclass-ai:uiuc_832w91o_pic01309.jpg,1713,7,0.45328765467411447,0.25,0.09838375573960986,0.0,0.2857142857142857,0.2857142857142857,1.0,4.5
iconclass-ai:uiuc_832w91o_pic01311.jpg,1713,20,0.43638289305226546,0.2,0.040675789449503716,0.0,0.05,0.1,3.0,4.0
iconclass-ai:uiuc_832w91o_pic01508.jpg,1713,15,0.8560868070308564,1.0,0.506851003329811,0.06666666666666667,0.26666666666666666,0.4,1.0,5.0
iconclass-ai:uiuc_832w91o_pic01511.jpg,1713,45,0.7814926847155836,0.5,0.1016841556462419,0.0,0.044444444444444446,0.044444444444444446,1.5,3.0
iconclass-ai:uiuc_832w91o_pic01701.jpg,1713,2,0.5057695876773116,0.0013736263736263737,0.0015992219459372743,0.0,0.0,0.0,1.0,5.0
iconclass-ai:uiuc_832w91o_pic01705.jpg,1713,12,0.6293982185421705,1.0,0.1469629884515076,0.08333333333333333,0.16666666666666666,0.16666666666666666,2.0,4.0
iconclass-ai:uiuc_832w91o_pic01909.jpg,1713,29,0.38224261473290666,0.058823529411764705,0.03866339832761515,0.0,0.0,0.0,2.0,5.5
iconclass-ai:uiuc_832w91o_pic02101.jpg,1713,6,0.42590829591570295,0.5,0.11818622158769598,0.0,0.16666666666666666,0.16666666666666666,2.0,4.0
iconclass-ai:uiuc_832w91o_pic02106.jpg,1713,7,0.5028497116690845,0.25,0.05272107784437901,0.0,0.14285714285714285,0.14285714285714285,1.5,4.0
iconclass-ai:uiuc_832w91o_pic02302.jpg,1713,6,0.4784473727130825,0.2,0.07341701710911679,0.0,0.16666666666666666,0.16666666666666666,1.0,4.0
iconclass-ai:uiuc_832w91o_pic02303.jpg,1713,2,0.3925067358257565,0.3333333333333333,0.18707482993197277,0.0,0.5,0.5,1.0,3.0
iconclass-ai:uiuc_832w91o_pic02307.jpg,1713,6,0.37384895752984987,0.0045662100456621,0.007941629335447504,0.0,0.0,0.0,1.0,5.0
iconclass-ai:uiuc_832w91o_pic02312.jpg,1713,39,0.41364997342085924,0.06666666666666667,0.06018748265202911,0.0,0.0,0.0,2.0,3.0
iconclass-ai:uiuc_832w91o_pic02502.jpg,1713,30,0.6756856998333552,1.0,0.1535360566121919,0.03333333333333333,0.1,0.1,4.5,4.5
iconclass-ai:uiuc_832w91o_pic02701.jpg,1713,8,0.37962081462451813,0.125,0.036825433585593446,0.0,0.0,0.125,2.0,3.5
iconclass-ai:uiuc_832w91o_pic02703.jpg,1713,2,0.49846464431716325,0.001976284584980237,0.0018637990350470362,0.0,0.0,0.0,1.0,4.0
iconclass-ai:uiuc_832w91o_pic02707.jpg,1713,37,0.537557687104289,0.2,0.1324866133463189,0.0,0.02702702702702703,0.10810810810810811,3.5,3.5
iconclass-ai:uiuc_832w91o_pic02708.jpg,1713,25,0.43231380405758835,0.14285714285714285,0.08925821025362757,0.0,0.0,0.08,1.0,4.0
iconclass-ai:uiuc_832w91o_pic02709.jpg,1713,3,0.9616390248811665,1.0,0.7000000000000001,0.3333333333333333,1.0,1.0,1.0,5.0
iconclass-ai:uiuc_832w91o_pic02905.jpg,1713,7,0.359411829683188,0.05,0.014457118813882194,0.0,0.0,0.0,1.0,4.0
iconclass-ai:uiuc_832w91o_pic02907.jpg,1713,72,0.40669725543269336,0.3333333333333333,0.07870268107515856,0.0,0.013888888888888888,0.013888888888888888,3.0,3.0
iconclass-ai:uiuc_832w91o_pic02911.jpg,1713,28,0.3900954117610806,0.2,0.0815957768336181,0.0,0.03571428571428571,0.03571428571428571,1.5,4.0
iconclass-ai:uiuc_832w91o_pic03303.jpg,1713,49,0.5554735816543439,1.0,0.10654878075346505,0.02040816326530612,0.02040816326530612,0.04081632653061224,4.0,4.0
iconclass-ai:uiuc_832w91o_pic03503.jpg,1713,45,0.5484844173648727,0.14285714285714285,0.07609217445417343,0.0,0.0,0.022222222222222223,3.0,3.5
iconclass-ai:uiuc_832w91o_pic03506.jpg,1713,15,0.6913292113643522,1.0,0.2504353764371637,0.06666666666666667,0.13333333333333333,0.26666666666666666,1.0,5.0
iconclass-ai:uiuc_832w91o_pic03709.jpg,1713,24,0.38559884598578353,0.16666666666666666,0.05476760759390164,0.0,0.0,0.041666666666666664,1.0,5.0
iconclass-ai:uiuc_832w91o_pic04106.jpg,1713,5,0.40430220188639443,0.006369426751592357,0.0058848402969496946,0.0,0.0,0.0,1.0,6.0
iconclass-ai:uiuc_832w91o_pic04111.jpg,1713,4,0.34809749117230654,0.005649717514124294,0.008530095108636995,0.0,0.0,0.0,1.0,3.0
iconclass-ai:uiuc_832w91o_pic04112.jpg,1713,25,0.715401160142317,0.3333333333333333,0.16548675291673023,0.0,0.08,0.16,1.5,4.0
iconclass-ai:uiuc_832w91o_pic04307.jpg,1713,40,0.5624644609280969,0.3333333333333333,0.09761291058022914,0.0,0.05,0.05,6.0,3.5
iconclass-ai:uiuc_832w91o_pic04501.jpg,1713,10,0.42590829591570295,0.5,0.07799677393601882,0.0,0.1,0.1,3.5,5.0
iconclass-ai:uiuc_832w91o_pic04505.jpg,1713,10,0.3333333333333333,0.058823529411764705,0.03181953741177132,0.0,0.0,0.0,2.0,5.0
iconclass-ai:uiuc_832w91o_pic04510.jpg,1713,43,0.3743502412237456,0.25,0.07176143152564882,0.0,0.023255813953488372,0.023255813953488372,3.0,5.0
iconclass-ai:uiuc_832w91o_pic04704.jpg,1713,16,0.3275473981719352,0.0196078431372549,0.01820921793600667,0.0,0.0,0.0,2.0,4.0
iconclass-ai:uiuc_832w91o_pic04709.jpg,1713,1,0.5036782695174337,0.02631578947368421,0.02631578947368421,0.0,0.0,0.0,1.0,4.5
iconclass-ai:uiuc_832w91o_pic04712.jpg,1713,17,0.3333333333333333,0.05555555555555555,0.03897149515929714,0.0,0.0,0.0,1.0,4.0
iconclass-ai:uiuc_832w91o_pic04909.jpg,1713,0,0.3333333333333333,,,,,,1.0,5.5
iconclass-ai:uiuc_832w91o_pic04912.jpg,1713,80,0.6234065970620278,1.0,0.12661196725260182,0.0125,0.025,0.05,8.5,5.0
iconclass-ai:uiuc_832w91o_pic05105.jpg,1713,30,0.48006117753205335,0.038461538461538464,0.04444457703565409,0.0,0.0,0.0,1.0,3.0
iconclass-ai:uiuc_832w91o_pic05109.jpg,1713,44,0.604878319727398,0.5,0.15636135565624168,0.0,0.06818181818181818,0.09090909090909091,1.0,5.0
iconclass-ai:uiuc_832w91o_pic05110.jpg,1713,29,0.6847376644270303,1.0,0.10576950206472811,0.034482758620689655,0.034482758620689655,0.034482758620689655,2.0,6.0
iconclass-ai:uiuc_832w91o_pic05302.jpg,1713,50,0.41630277567419816,0.125,0.09954040251118684,0.0,0.0,0.02,6.0,3.5
iconclass-ai:uiuc_832w91o_pic05511.jpg,1713,3,0.38224261473290666,0.14285714285714285,0.05980826654093981,0.0,0.0,0.3333333333333333,2.0,4.0
iconclass-ai:uiuc_832w91o_pic05711.jpg,1713,10,0.5560342964428103,0.3333333333333333,0.09927837076904403,0.0,0.2,0.2,2.5,2.5
iconclass-ai:uiuc_832w91o_pic05906.jpg,1713,46,0.7086778141781042,0.1111111111111111,0.07234796829664203,0.0,0.0,0.021739130434782608,2.0,3.0
iconclass-ai:uiuc_832w91o_pic06104.jpg,1713,7,0.3333333333333333,0.007751937984496124,0.007497943492584652,0.0,0.0,0.0,1.0,4.0
iconclass-ai:uiuc_832w91o_pic06106.jpg,1713,9,0.44236092441353086,0.2,0.039417525086879374,0.0,0.1111111111111111,0.1111111111111111,1.0,4.0
iconclass-ai:uiuc_832w91o_pic06108.jpg,1713,7,0.3486281395696072,0.02702702702702703,0.027275623925585073,0.0,0.0,0.0,1.0,4.0
iconclass-ai:uiuc_832w91o_pic06301.jpg,1713,2,0.5361851997593725,0.16666666666666666,0.08616619452313502,0.0,0.0,0.5,1.0,4.5
iconclass-ai:uiuc_832w91o_pic06302.jpg,1713,66,0.5521606739509266,0.3333333333333333,0.11638240736685014,0.0,0.015151515151515152,0.045454545454545456,3.0,3.0
iconclass-ai:uiuc_832w91o_pic06304.jpg,1713,0,1.0,,,,,,1.0,2.0
iconclass-ai:uiuc_832w91o_pic06309.jpg,1713,6,0.3775028156362593,0.019230769230769232,0.012318303596945404,0.0,0.0,0.0,1.0,4.0
iconclass-ai:uiuc_832w91o_pic06311.jpg,1713,7,0.3328038335862686,0.014084507042253521,0.014777858079195254,0.0,0.0,0.0,1.0,5.0
iconclass-ai:uiuc_832w91o_pic06503.jpg,1713,47,0.5388162669794291,0.3333333333333333,0.15195956891276222,0.0,0.02127659574468085,0.0851063829787234,4.0,4.0
iconclass-ai:uiuc_832w91o_pic06504.jpg,1713,17,0.3217614630105371,0.058823529411764705,0.035567832872535496,0.0,0.0,0.0,1.0,4.5
iconclass-ai:uiuc_832w91o_pic06512.jpg,1713,31,0.7581015865263904,1.0,0.25505272176772137,0.03225806451612903,0.12903225806451613,0.16129032258064516,2.5,5.0
iconclass-ai:uiuc_832w91o_pic06705.jpg,1713,5,0.38595214970813646,0.09090909090909091,0.030774103361725536,0.0,0.0,0.0,1.0,5.0
iconclass-ai:uiuc_832w91o_pic06707.jpg,1713,11,0.3333333333333333,0.015151515151515152,0.019129349247294536,0.0,0.0,0.0,1.0,4.0
iconclass-ai:uiuc_832w91o_pic06708.jpg,1713,0,1.0,,,,,,1.0,2.0
iconclass-ai:uiuc_832w91o_pic06902.jpg,1713,2,0.5554807407949806,0.02702702702702703,0.019163231027637808,0.0,0.0,0.0,1.0,5.0
iconclass-ai:uiuc_832w91o_pic06904.jpg,1713,45,0.4556065368322667,0.3333333333333333,0.07984693053596204,0.0,0.022222222222222223,0.044444444444444446,9.0,3.0
iconclass-ai:uiuc_832w91o_pic06908.jpg,1713,58,0.45086673773561936,0.3333333333333333,0.10519279384415652,0.0,0.017241379310344827,0.034482758620689655,2.0,5.0
iconclass-ai:uiuc_832w91o_pic06911.jpg,1713,52,0.48006117753205335,1.0,0.10637636836959025,0.019230769230769232,0.019230769230769232,0.019230769230769232,3.5,5.0
iconclass-ai:uiuc_832w91o_pic07103.jpg,1713,102,0.6000154988728346,1.0,0.1376892115898607,0.00980392156862745,0.029411764705882353,0.029411764705882353,2.5,4.5
iconclass-ai:uiuc_832w91o_pic07104.jpg,1713,30,0.6035571097083192,0.5,0.06561715429687359,0.0,0.03333333333333333,0.06666666666666667,1.0,5.0
iconclass-ai:uiuc_832w91o_pic07108.jpg,1713,2,0.5114577817840944,0.047619047619047616,0.040758676351896686,0.0,0.0,0.0,1.0,4.5
iconclass-ai:uiuc_832w91o_pic07111.jpg,1713,13,0.5665224799394765,1.0,0.1642274364282758,0.07692307692307693,0.15384615384615385,0.15384615384615385,2.0,4.0
iconclass-ai:uiuc_832w91o_pic07301.jpg,1713,5,0.42788761187617214,0.05263157894736842,0.021038726224260333,0.0,0.0,0.0,2.0,3.5
iconclass-ai:uiuc_832w91o_pic07302.jpg,1713,15,0.43071168746769106,0.03225806451612903,0.04365920104714595,0.0,0.0,0.0,1.0,4.0
iconclass-ai:uiuc_832w91o_pic07312.jpg,1713,35,0.6460000622137831,1.0,0.15022045816530735,0.02857142857142857,0.08571428571428572,0.08571428571428572,2.0,5.0
iconclass-ai:uiuc_832w91o_pic07502.jpg,1713,3,0.38595214970813646,0.004694835680751174,0.004341700258826729,0.0,0.0,0.0,1.0,4.5
iconclass-ai:uiuc_832w91o_pic07505.jpg,1713,10,0.5263486588232382,1.0,0.13244953302045348,0.1,0.1,0.1,1.0,4.0
iconclass-ai:uiuc_832w91o_pic07512.jpg,1713,5,0.38559884598578353,0.16666666666666666,0.04519675563953583,0.0,0.0,0.2,1.0,4.0
iconclass-ai:uiuc_832w91o_pic07701.jpg,1713,10,0.38993771173957126,0.1,0.03262715477310502,0.0,0.0,0.1,2.0,4.0
iconclass-ai:uiuc_832w91o_pic07703.jpg,1713,2,0.6005540286277394,0.05555555555555555,0.03940568475452196,0.0,0.0,0.0,1.0,5.0
iconclass-ai:uiuc_832w91o_pic07704.jpg,1713,8,0.30596340228227864,0.017857142857142856,0.015238205913697733,0.0,0.0,0.0,2.5,4.0
iconclass-ai:uiuc_832w91o_pic07709.jpg,1713,27,0.3443757039090648,0.07692307692307693,0.03716939389074608,0.0,0.0,0.0,3.0,4.0
iconclass-ai:uiuc_832w91o_pic07712.jpg,1713,23,0.5481814994146365,0.5,0.08391800662127123,0.0,0.043478260869565216,0.08695652173913043,5.0,3.0
iconclass-ai:uiuc_832w91o_pic07901.jpg,1713,13,0.35167431385817327,0.047619047619047616,0.025866713126282373,0.0,0.0,0.0,3.0,4.0
iconclass-ai:uiuc_832w91o_pic07909.jpg,1713,13,0.3700152943830133,0.05555555555555555,0.029139007260815412,0.0,0.0,0.0,1.0,4.0
iconclass-ai:uiuc_832w91o_pic08105.jpg,1713,12,0.40669725543269336,0.3333333333333333,0.05269833078803026,0.0,0.08333333333333333,0.08333333333333333,2.5,3.0
iconclass-ai:uiuc_832w91o_pic08107.jpg,1713,18,0.5323266901845036,1.0,0.1268853433513917,0.05555555555555555,0.05555555555555555,0.1111111111111111,1.0,5.0
iconclass-ai:uiuc_832w91o_pic08110.jpg,1713,40,0.6047858778208745,0.5,0.09396438809875834,0.0,0.05,0.075,2.0,3.5
iconclass-ai:uiuc_832w91o_pic08111.jpg,1713,27,0.44810930881354955,0.16666666666666666,0.10490415315766877,0.0,0.0,0.07407407407407407,1.0,5.5
iconclass-ai:uiuc_832w91o_pic08303.jpg,1713,11,0.48006117753205335,1.0,0.10629424306906093,0.09090909090909091,0.09090909090909091,0.09090909090909091,2.0,5.5
iconclass-ai:uiuc_832w91o_pic08308.jpg,1713,10,0.6424293576721357,1.0,0.10533527273155088,0.1,0.1,0.1,2.0,4.0
iconclass-ai:uiuc_832w91o_pic08501.jpg,1713,42,0.396641216561515,0.16666666666666666,0.05335970232579495,0.0,0.0,0.023809523809523808,7.5,4.0
iconclass-ai:uiuc_832w91o_pic08508.jpg,1713,56,0.5097468151516255,0.3333333333333333,0.1289494022999074,0.0,0.03571428571428571,0.05357142857142857,15.0,3.0
iconclass-ai:uiuc_832w91o_pic08511.jpg,1713,32,0.48006117753205335,1.0,0.0679068133721019,0.03125,0.03125,0.03125,2.0,4.0
iconclass-ai:uiuc_832w91o_pic08707.jpg,1713,1,0.694355946562825,0.0037593984962406013,0.0037593984962406013,0.0,0.0,0.0,1.0,3.0
iconclass-ai:uiuc_832w91o_pic08708.jpg,1713,25,0.35647707397892575,0.038461538461538464,0.02495895525068885,0.0,0.0,0.0,4.0,4.0
iconclass-ai:uiuc_832w91o_pic08903.jpg,1713,54,0.7814926847155836,1.0,0.23429461966392687,0.018518518518518517,0.05555555555555555,0.1111111111111111,6.5,4.0
iconclass-ai:uiuc_832w91o_pic08906.jpg,1713,5,0.31886849542983803,0.013888888888888888,0.00962031036037952,0.0,0.0,0.0,1.0,5.0
iconclass-ai:uiuc_832w91o_pic08909.jpg,1713,30,0.3333333333333333,0.05263157894736842,0.04580037967253297,0.0,0.0,0.0,6.5,4.0
iconclass-ai:uiuc_832w91o_pic09101.jpg,1713,37,0.45328765467411447,0.25,0.09622630513741753,0.0,0.05405405405405406,0.05405405405405406,4.0,5.0
iconclass-ai:uiuc_832w91o_pic09102.jpg,1713,38,0.5323266901845036,1.0,0.10396819852541954,0.02631578947368421,0.02631578947368421,0.05263157894736842,2.5,5.0
iconclass-ai:uiuc_832w91o_pic09107.jpg,1713,18,0.3333333333333333,0.05,0.02292325532733926,0.0,0.0,0.0,2.0,3.0
iconclass-ai:uiuc_832w91o_pic09109.jpg,1713,4,0.4384531899742006,0.004098360655737705,0.003499345471351024,0.0,0.0,0.0,1.0,5.0
iconclass-ai:uiuc_832w91o_pic09305.jpg,1713,16,0.6159206903031295,0.5,0.21190856521289542,0.0,0.1875,0.25,1.0,5.0
iconclass-ai:uiuc_832w91o_pic09903.jpg,1713,24,0.6310624187467632,0.25,0.21292379934712546,0.0,0.08333333333333333,0.16666666666666666,2.0,4.0
iconclass-ai:uiuc_832w91o_pic10107.jpg,1713,5,0.40424403620600957,0.02127659574468085,0.015368704388584505,0.0,0.0,0.0,1.0,3.0
iconclass-ai:uiuc_832w91o_pic10110.jpg,1713,78,0.5842837114006179,0.25,0.1543418552548257,0.0,0.01282051282051282,0.0641025641025641,3.0,5.0
iconclass-ai:uiuc_832w91o_pic10304.jpg,1713,7,0.3944699350828,0.3333333333333333,0.06121962444700469,0.0,0.14285714285714285,0.14285714285714285,1.0,5.0
iconclass-ai:uiuc_832w91o_pic10504.jpg,1713,79,0.705246014845357,1.0,0.19084866449912966,0.012658227848101266,0.02531645569620253,0.06329113924050633,7.0,5.0
iconclass-ai:uiuc_832w91o_pic10507.jpg,1713,50,0.43426489406400665,0.2,0.11462798865540001,0.0,0.02,0.04,4.0,4.0
iconclass-ai:uiuc_832w91o_pic10907.jpg,1713,0,0.6624206586463788,,,,,,1.0,5.0
iconclass-ai:uiuc_832w91o_pic11307.jpg,1713,4,0.7820417362774642,1.0,0.260471725091991,0.25,0.25,0.25,1.0,3.0
iconclass-ai:uiuc_832w91o_pic11309.jpg,1713,11,0.5459067402264037,1.0,0.13707892001131955,0.09090909090909091,0.18181818181818182,0.18181818181818182,1.0,4.0
iconclass-ai:uiuc_832w91o_pic11310.jpg,1713,18,0.470077778218629,0.5,0.0649785083515192,0.0,0.05555555555555555,0.1111111111111111,1.0,4.0
iconclass-ai:uiuc_832w91o_pic11503.jpg,1713,21,0.4748175773152763,0.03125,0.032319096297906746,0.0,0.0,0.0,2.0,4.0
iconclass-ai:uiuc_832w91o_pic11511.jpg,1713,55,0.5646341279124643,0.3333333333333333,0.08313732564840837,0.0,0.03636363636363636,0.07272727272727272,6.0,5.0
iconclass-ai:uiuc_832w91o_pic11512.jpg,1713,33,0.5368232559598007,1.0,0.13332612385208098,0.030303030303030304,0.06060606060606061,0.06060606060606061,2.0,4.5
iconclass-ai:uiuc_832w91o_pic11701.jpg,1713,7,0.3649302102017378,0.022222222222222223,0.011270244051963474,0.0,0.0,0.0,1.0,5.0
iconclass-ai:uiuc_832w91o_pic11703.jpg,1713,11,0.38224261473290666,0.14285714285714285,0.043403489325410945,0.0,0.0,0.09090909090909091,2.5,4.0
iconclass-ai:uiuc_832w91o_pic11711.jpg,1713,90,0.35167431385817327,0.047619047619047616,0.10927687714548215,0.0,0.0,0.0,5.0,4.0
iconclass-ai:uiuc_832w91o_pic11902.jpg,1713,21,0.44281305753755196,0.125,0.08108988054537825,0.0,0.0,0.047619047619047616,3.0,5.0
iconclass-ai:uiuc_832w91o_pic11910.jpg,1713,14,0.3775028156362593,0.1111111111111111,0.034396459647245865,0.0,0.0,0.07142857142857142,2.5,3.5
iconclass-ai:uiuc_832w91o_pic11911.jpg,1713,14,0.3333333333333333,0.03225806451612903,0.025925290459396816,0.0,0.0,0.0,1.0,4.0
iconclass-ai:uiuc_832w91o_pic12102.jpg,1713,21,0.35647707397892575,0.03571428571428571,0.043063552095454496,0.0,0.0,0.0,1.0,4.0
iconclass-ai:uiuc_832w91o_pic12104.jpg,1713,2,0.5821032065260975,0.00398406374501992,0.002755390651135914,0.0,0.0,0.0,2.0,5.0
iconclass-ai:uiuc_832w91o_pic12110.jpg,1713,8,0.38224261473290666,0.14285714285714285,0.02908710685671598,0.0,0.0,0.125,1.0,4.0
iconclass-ai:uiuc_832w91o_pic12112.jpg,1713,0,1.0,,,,,,1.0,2.0
iconclass-ai:uiuc_832w91o_pic12309.jpg,1713,53,0.6925904614552042,1.0,0.25119677508439875,0.018867924528301886,0.07547169811320754,0.07547169811320754,3.0,4.0
iconclass-ai:uiuc_832w91o_pic12310.jpg,1713,52,0.6839305654929657,1.0,0.14930636514805634,0.019230769230769232,0.057692307692307696,0.07692307692307693,4.0,4.0
iconclass-ai:uiuc_832w91o_pic12505.jpg,1713,2,0.5187987797453005,0.0021141649048625794,0.00226335507004287,0.0,0.0,0.0,1.0,3.0
iconclass-ai:uiuc_832w91o_pic12506.jpg,1713,32,0.6150499989137242,1.0,0.16636903089101027,0.03125,0.0625,0.09375,4.5,5.0
iconclass-ai:uiuc_832w91o_pic12510.jpg,1713,20,0.5140589806486532,0.3333333333333333,0.03641578340261993,0.0,0.05,0.05,1.0,6.0
iconclass-ai:uiuc_832w91o_pic12710.jpg,1713,42,0.5097468151516255,0.2,0.07626420606384787,0.0,0.023809523809523808,0.047619047619047616,2.0,5.0
iconclass-ai:uiuc_832w91o_pic12901.jpg,1713,56,0.42228080703546356,0.16666666666666666,0.08983337346774885,0.0,0.0,0.017857142857142856,2.0,3.0
iconclass-ai:uiuc_832w91o_pic13110.jpg,1713,22,0.38559884598578353,0.16666666666666666,0.03889888657351445,0.0,0.0,0.045454545454545456,3.5,5.0
iconclass-ai:uiuc_832w91o_pic13302.jpg,1713,48,0.754876886644541,1.0,0.15016835667229042,0.020833333333333332,0.0625,0.10416666666666667,3.0,5.0
iconclass-ai:uiuc_832w91o_pic13308.jpg,1713,8,0.541366051481187,0.16666666666666666,0.04232916091027937,0.0,0.0,0.125,2.0,6.0
iconclass-ai:uiuc_832w91o_pic13310.jpg,1713,15,0.48006117753205335,1.0,0.0923464557133896,0.06666666666666667,0.06666666666666667,0.06666666666666667,1.0,3.5
iconclass-ai:uiuc_832w91o_pic13508.jpg,1713,8,0.5726361401144231,1.0,0.1311610798996133,0.125,0.125,0.125,1.0,5.5
iconclass-ai:uiuc_832w91o_pic13509.jpg,1713,21,0.4500470637363855,0.2,0.063296885044031,0.0,0.047619047619047616,0.09523809523809523,1.0,2.5
iconclass-ai:uiuc_832w91o_pic13512.jpg,1713,0,0.5821032065260975,,,,,,1.0,6.0
iconclass-ai:uiuc_832w91o_pic13712.jpg,1713,4,0.34428518061118435,0.0125,0.006043696119076231,0.0,0.0,0.0,1.5,4.0
iconclass-ai:uiuc_832w91o_pic13901.jpg,1713,0,1.0,,,,,,1.0,2.0
iconclass-ai:uiuc_832w91o_pic13903.jpg,1713,9,0.4398437509738732,0.038461538461538464,0.029877565348110067,0.0,0.0,0.0,1.0,3.0
iconclass-ai:uiuc_832w91o_pic13904.jpg,1713,10,0.6002037787457364,0.1111111111111111,0.02416500880490033,0.0,0.0,0.1,2.0,3.0
iconclass-ai:uiuc_832w91o_pic13906.jpg,1713,51,0.470077778218629,0.5,0.08722741005117209,0.0,0.0196078431372549,0.0392156862745098,3.0,5.0
iconclass-ai:uiuc_832w91o_pic14102.jpg,1713,5,0.3333333333333333,0.0015337423312883436,0.0026469357826659247,0.0,0.0,0.0,1.0,6.0
iconclass-ai:uiuc_832w91o_pic14103.jpg,1713,34,0.581235971584077,0.006134969325153374,0.022271170604408187,0.0,0.0,0.0,1.0,4.5
iconclass-ai:uiuc_832w91o_pic14105.jpg,1713,26,0.48006117753205335,1.0,0.06411711113729102,0.038461538461538464,0.038461538461538464,0.038461538461538464,3.5,5.0
iconclass-ai:uiuc_832w91o_pic14107.jpg,1713,25,0.37574719213263447,0.1,0.05713214580692736,0.0,0.0,0.04,2.0,5.5
iconclass-ai:uiuc_832w91o_pic14109.jpg,1713,18,0.4911035481077849,1.0,0.08813574085576265,0.05555555555555555,0.05555555555555555,0.05555555555555555,7.0,3.0
iconclass-ai:uiuc_832w91o_pic14302.jpg,1713,13,0.40669725543269336,0.021739130434782608,0.020415255567472448,0.0,0.0,0.0,4.0,3.5
iconclass-ai:uiuc_832w91o_pic14306.jpg,1713,42,0.605994513297212,0.5,0.20371345837190488,0.0,0.047619047619047616,0.09523809523809523,5.0,3.0
iconclass-ai:uiuc_832w91o_pic14307.jpg,1713,25,0.5726361401144231,1.0,0.15252545993708808,0.04,0.08,0.08,2.0,4.0
iconclass-ai:uiuc_832w91o_pic14506.jpg,1713,30,0.368704394328819,0.058823529411764705,0.040857607931423345,0.0,0.0,0.0,7.0,3.0
iconclass-ai:uiuc_832w91o_pic14701.jpg,1713,4,0.6753077378189496,1.0,0.5023623330074943,0.25,0.5,0.5,1.5,4.0
iconclass-ai:uiuc_832w91o_pic14704.jpg,1713,30,0.48006117753205335,1.0,0.16635332928271754,0.03333333333333333,0.03333333333333333,0.03333333333333333,1.5,4.5
iconclass-ai:uiuc_832w91o_pic14711.jpg,1713,36,0.8546557236450504,1.0,0.4458200411082931,0.027777777777777776,0.1388888888888889,0.19444444444444445,1.0,5.0
iconclass-ai:uiuc_832w91o_pic14902.jpg,1713,9,0.43541537997995783,0.047619047619047616,0.04080518258864876,0.0,0.0,0.0,2.0,6.0
iconclass-ai:uiuc_832w91o_pic14904.jpg,1713,14,0.6491130601453097,0.5,0.26843094437626946,0.0,0.21428571428571427,0.35714285714285715,1.0,4.5
iconclass-ai:uiuc_832w91o_pic14908.jpg,1713,40,0.7258303132072527,0.5,0.19502547294316383,0.0,0.05,0.125,1.0,4.0
iconclass-ai:uiuc_832w91o_pic15302.jpg,1713,12,0.3333333333333333,0.02702702702702703,0.01839811118231865,0.0,0.0,0.0,1.0,6.0
iconclass-ai:uiuc_832w91o_pic15304.jpg,1713,14,0.597929838627429,1.0,0.20335362316341166,0.07142857142857142,0.14285714285714285,0.14285714285714285,1.0,5.0
iconclass-ai:uiuc_832w91o_pic15308.jpg,1713,15,0.3900954117610806,0.2,0.0589006246206887,0.0,0.06666666666666667,0.06666666666666667,4.5,3.0
iconclass-ai:uiuc_832w91o_pic15312.jpg,1713,18,0.37574719213263447,0.1,0.05295927203233245,0.0,0.0,0.05555555555555555,1.0,6.0
iconclass-ai:uiuc_832w91o_pic15501.jpg,1713,107,0.4110281733124707,0.125,0.15962210523483192,0.0,0.0,0.009345794392523364,10.5,4.0
iconclass-ai:uiuc_832w91o_pic15902.jpg,1713,38,0.39652557624636714,0.25,0.04744663628953614,0.0,0.02631578947368421,0.02631578947368421,1.0,5.5
iconclass-ai:uiuc_832w91o_pic15903.jpg,1713,8,0.3333333333333333,0.09090909090909091,0.03496738795371014,0.0,0.0,0.0,2.0,5.0
iconclass-ai:uiuc_832w91o_pic15906.jpg,1713,15,0.36751944455465724,0.007518796992481203,0.012065463447770994,0.0,0.0,0.0,1.5,4.5
iconclass-ai:uiuc_832w91o_pic16105.jpg,1713,20,0.5684424922893623,0.16666666666666666,0.11623044241960476,0.0,0.0,0.1,1.0,5.0
iconclass-ai:uiuc_832w91o_pic16301.jpg,1713,58,0.7887225384603442,1.0,0.15800675414182996,0.017241379310344827,0.05172413793103448,0.10344827586206896,5.5,4.5
iconclass-ai:uiuc_832w91o_pic16309.jpg,1713,22,0.3475238529402701,0.016666666666666666,0.035365316053100254,0.0,0.0,0.0,1.5,5.0
iconclass-ai:uiuc_832w91o_pic16502.jpg,1713,14,0.5319042205344495,0.5,0.1370119000886635,0.0,0.14285714285714285,0.21428571428571427,2.5,4.0
iconclass-ai:uiuc_832w91o_pic16504.jpg,1713,21,0.8005154453256915,1.0,0.30939939547846057,0.047619047619047616,0.19047619047619047,0.2857142857142857,1.0,4.0
iconclass-ai:uiuc_832w91o_pic16511.jpg,1713,10,0.3100636424077084,0.017241379310344827,0.020395142420746158,0.0,0.0,0.0,1.0,6.0
iconclass-ai:uiuc_832w91o_pic16512.jpg,1713,51,0.48385553325528985,0.1,0.06077322191427972,0.0,0.0,0.0196078431372549,3.0,3.5
iconclass-ai:uiuc_832w91o_pic16703.jpg,1713,25,0.5574344875792804,0.5,0.1395658490686036,0.0,0.12,0.12,1.0,5.0
iconclass-ai:uiuc_832w91o_pic17109.jpg,1713,10,0.37962081462451813,0.125,0.06336734224820964,0.0,0.0,0.1,1.0,5.0
iconclass-ai:uiuc_832w91o_pic17306.jpg,1713,80,0.7533453007793455,1.0,0.32052659538872963,0.0125,0.05,0.0625,4.5,4.0
iconclass-ai:uiuc_832w91o_pic17308.jpg,1713,24,0.3700152943830133,0.09090909090909091,0.024747227915872808,0.0,0.0,0.0,3.0,3.0
iconclass-ai:uiuc_832w91o_pic17501.jpg,1713,3,0.4700182601018591,0.0038314176245210726,0.0052754557064901885,0.0,0.0,0.0,1.0,4.0
iconclass-ai:uiuc_832w91o_pic17503.jpg,1713,33,0.9086768598011253,1.0,0.3796395921244652,0.030303030303030304,0.15151515151515152,0.24242424242424243,2.0,5.0
iconclass-ai:uiuc_832w91o_pic17505.jpg,1713,28,0.484774783212832,0.2,0.10900508215648207,0.0,0.03571428571428571,0.10714285714285714,3.5,3.5
iconclass-ai:uiuc_832w91o_pic17510.jpg,1713,0,0.5859265539619268,,,,,,1.0,4.5
iconclass-ai:uiuc_832w91o_pic17511.jpg,1713,39,0.5189870596182024,0.5,0.07954856553733373,0.0,0.02564102564102564,0.05128205128205128,2.0,4.0
iconclass-ai:uiuc_832w91o_pic17703.jpg,1713,31,0.6493985623106991,1.0,0.13658238887921478,0.03225806451612903,0.06451612903225806,0.12903225806451613,2.5,4.5
iconclass-ai:uiuc_832w91o_pic17704.jpg,1713,45,0.3333333333333333,0.047619047619047616,0.0721064343301395,0.0,0.0,0.0,1.0,5.0
iconclass-ai:uiuc_832w91o_pic17706.jpg,1713,46,0.5646341279124643,0.3333333333333333,0.1505511313883202,0.0,0.043478260869565216,0.08695652173913043,5.0,5.0
iconclass-ai:uiuc_832w91o_pic17903.jpg,1713,57,0.4781738085681532,0.5,0.09797015569400366,0.0,0.017543859649122806,0.03508771929824561,4.0,4.0
iconclass-ai:uiuc_832w91o_pic17907.jpg,1713,8,0.4443216083983828,0.125,0.03479633660778001,0.0,0.0,0.125,1.5,4.0
iconclass-ai:uiuc_832w91o_pic17908.jpg,1713,51,0.7032659417616601,1.0,0.18922506291752308,0.0196078431372549,0.058823529411764705,0.09803921568627451,2.5,5.0
iconclass-ai:uiuc_832w91o_pic17911.jpg,1713,27,0.9469826765008734,1.0,0.41383554481456847,0.037037037037037035,0.14814814814814814,0.2962962962962963,1.0,4.5
iconclass-ai:uiuc_832w91o_pic18706.jpg,1713,27,0.7367599437581304,0.5,0.12353180157951217,0.0,0.07407407407407407,0.1111111111111111,3.0,4.5
iconclass-ai:uiuc_832w91o_pic18906.jpg,1713,21,0.42590829591570295,0.5,0.057475006547756516,0.0,0.047619047619047616,0.047619047619047616,1.0,5.0
iconclass-ai:uiuc_832w91o_pic19103.jpg,1713,45,0.5140589806486532,0.3333333333333333,0.16357005747124312,0.0,0.044444444444444446,0.06666666666666667,3.0,4.0
iconclass-ai:uiuc_832w91o_pic19107.jpg,1713,23,0.5809927382627267,1.0,0.14649372122113014,0.043478260869565216,0.08695652173913043,0.13043478260869565,1.0,4.0
iconclass-ai:uiuc_832w91o_pic19108.jpg,1713,48,0.37574719213263447,0.1,0.04404102769628826,0.0,0.0,0.020833333333333332,1.0,2.0
iconclass-ai:uiuc_832w91o_pic19111.jpg,1713,61,0.3775028156362593,0.1111111111111111,0.04714228699816781,0.0,0.0,0.01639344262295082,3.5,4.0
iconclass-ai:uiuc_832w91o_pic19302.jpg,1713,83,0.5458626172564842,0.5,0.18008014479890744,0.0,0.03614457831325301,0.03614457831325301,6.0,4.0
iconclass-ai:uiuc_832w91o_pic19310.jpg,1713,44,0.7207213587410449,1.0,0.2653574366283201,0.022727272727272728,0.06818181818181818,0.11363636363636363,3.5,5.0
iconclass-ai:uiuc_832w91o_pic19312.jpg,1713,55,0.37962081462451813,0.125,0.049705727830979915,0.0,0.0,0.01818181818181818,1.0,4.0
iconclass-ai:uiuc_832w91o_pic19502.jpg,1713,40,0.47219577720688777,0.5,0.08254396866741529,0.0,0.025,0.025,3.5,4.5
iconclass-ai:uiuc_832w91o_pic19509.jpg,1713,16,0.39652557624636714,0.25,0.03524584250968107,0.0,0.0625,0.0625,1.0,4.5
iconclass-ai:uiuc_832w91o_pic19511.jpg,1713,22,0.37962081462451813,0.125,0.035875831863882296,0.0,0.0,0.045454545454545456,3.0,5.5
iconclass-ai:uiuc_832w91o_pic19703.jpg,1713,4,0.42127537606450416,0.008695652173913044,0.005816043988614204,0.0,0.0,0.0,1.0,4.0
iconclass-ai:uiuc_832w91o_pic19708.jpg,1713,38,0.6526010368584619,1.0,0.1901089411431313,0.02631578947368421,0.07894736842105263,0.10526315789473684,7.5,4.5
iconclass-ai:uiuc_832w91o_pic19709.jpg,1713,35,0.5078720494847169,0.3333333333333333,0.08925881008627312,0.0,0.02857142857142857,0.08571428571428572,3.5,4.0
iconclass-ai:uiuc_832w91o_pic19710.jpg,1713,10,0.5323266901845036,0.16666666666666666,0.028086083757420176,0.0,0.0,0.1,2.5,6.0
iconclass-ai:uiuc_832w91o_pic19908.jpg,1713,4,0.7109189158020285,0.16666666666666666,0.13335076708507673,0.0,0.0,0.5,1.5,6.0
iconclass-ai:uiuc_832w91o_pic19910.jpg,1713,27,0.5458626172564842,0.25,0.07195461600950505,0.0,0.07407407407407407,0.07407407407407407,2.0,5.0
iconclass-ai:uiuc_832w91o_pic20107.jpg,1713,38,0.47218218708801074,0.16666666666666666,0.1381908904299776,0.0,0.0,0.07894736842105263,3.0,4.0
iconclass-ai:uiuc_832w91o_pic20111.jpg,1713,13,0.3110094589119838,0.07142857142857142,0.05892087997666543,0.0,0.0,0.0,1.0,4.0
iconclass-ai:uiuc_832w91o_pic20307.jpg,1713,51,0.6470374113085078,0.5,0.2179453036367226,0.0,0.058823529411764705,0.09803921568627451,1.5,5.0
iconclass-ai:uiuc_832w91o_pic20309.jpg,1713,19,0.3700152943830133,0.08333333333333333,0.031050254048200304,0.0,0.0,0.0,2.0,4.0
iconclass-ai:uiuc_832w91o_pic20506.jpg,1713,76,0.5368232559598007,1.0,0.1613460748460968,0.013157894736842105,0.02631578947368421,0.02631578947368421,2.0,5.0
iconclass-ai:uiuc_832w91o_pic20509.jpg,1713,63,0.3900954117610806,0.07142857142857142,0.05833244708474373,0.0,0.0,0.0,1.0,3.0
iconclass-ai:uiuc_832w91o_pic20705.jpg,1713,60,0.5062526579941867,0.25,0.08934568350659641,0.0,0.016666666666666666,0.05,7.0,3.0
iconclass-ai:uiuc_832w91o_pic20709.jpg,1713,13,0.5498896341229134,1.0,0.13351858278273626,0.07692307692307693,0.15384615384615385,0.15384615384615385,2.5,3.0
iconclass-ai:uiuc_832w91o_pic20710.jpg,1713,19,0.38224261473290666,0.14285714285714285,0.044089488891002046,0.0,0.0,0.05263157894736842,1.0,4.5
iconclass-ai:uiuc_832w91o_pic20906.jpg,1713,8,0.3333333333333333,0.007462686567164179,0.007026623291075665,0.0,0.0,0.0,1.5,4.5
iconclass-ai:uiuc_832w91o_pic21106.jpg,1713,30,0.4814185519599551,0.2,0.07528151224959806,0.0,0.03333333333333333,0.06666666666666667,5.0,6.0
iconclass-ai:uiuc_832w91o_pic21108.jpg,1713,2,0.4846509872228903,0.03571428571428571,0.029351395730706074,0.0,0.0,0.0,1.0,6.0
iconclass-ai:uiuc_832w91o_pic21308.jpg,1713,26,0.3333333333333333,0.017241379310344827,0.023924609496733747,0.0,0.0,0.0,3.0,4.0
iconclass-ai:uiuc_832w91o_pic21309.jpg,1713,10,0.32781214804546754,0.02127659574468085,0.010117198872480741,0.0,0.0,0.0,1.5,3.0
iconclass-ai:uiuc_832w91o_pic21502.jpg,1713,31,0.5948371530122697,1.0,0.12380583882081456,0.03225806451612903,0.03225806451612903,0.0967741935483871,2.0,4.5
iconclass-ai:uiuc_832w91o_pic21508.jpg,1713,76,0.42590829591570295,0.5,0.0997016784933885,0.0,0.013157894736842105,0.013157894736842105,3.0,4.0
iconclass-ai:uiuc_832w91o_pic21704.jpg,1713,62,0.8845422444345158,1.0,0.34452921463093383,0.016129032258064516,0.06451612903225806,0.12903225806451613,5.5,5.0
iconclass-ai:uiuc_832w91o_pic21705.jpg,1713,64,0.37574719213263447,0.058823529411764705,0.06052476115489024,0.0,0.0,0.0,4.5,2.5
iconclass-ai:uiuc_832w91o_pic21901.jpg,1713,3,0.40669725543269336,0.3333333333333333,0.13029717841433322,0.0,0.3333333333333333,0.3333333333333333,1.5,5.0
iconclass-ai:uiuc_832w91o_pic21908.jpg,1713,49,0.8645073774981994,1.0,0.42524314467266283,0.02040816326530612,0.10204081632653061,0.14285714285714285,5.0,5.0
iconclass-ai:uiuc_832w91o_pic21909.jpg,1713,9,0.35167431385817327,0.04,0.03657682807743032,0.0,0.0,0.0,3.0,5.0
iconclass-ai:uiuc_832w91o_pic22105.jpg,1713,4,0.4039206555930895,0.05555555555555555,0.02924395108381882,0.0,0.0,0.0,1.0,5.0
iconclass-ai:uiuc_832w91o_pic22110.jpg,1713,38,0.5729390580646594,0.3333333333333333,0.14727066491849078,0.0,0.07894736842105263,0.10526315789473684,7.0,4.5
iconclass-ai:uiuc_832w91o_pic22301.jpg,1713,13,0.40809744656916336,0.25,0.07798756237176867,0.0,0.07692307692307693,0.07692307692307693,1.5,3.0
iconclass-ai:uiuc_832w91o_pic22304.jpg,1713,7,0.3333333333333333,0.07142857142857142,0.029111628278530113,0.0,0.0,0.0,1.0,3.0
iconclass-ai:uiuc_832w91o_pic22306.jpg,1713,48,0.37574719213263447,0.1,0.05900011326573443,0.0,0.0,0.020833333333333332,3.0,3.0
iconclass-ai:uiuc_832w91o_pic22307.jpg,1713,50,0.7682470722968477,1.0,0.21005949049460823,0.02,0.06,0.12,3.0,4.0
iconclass-ai:uiuc_832w91o_pic22309.jpg,1713,16,0.8539041829519637,1.0,0.649469372305503,0.0625,0.3125,0.4375,2.5,5.0
iconclass-ai:uiuc_832w91o_pic22502.jpg,1713,49,0.4007824089653409,0.5,0.15670241886470035,0.0,0.02040816326530612,0.02040816326530612,1.0,5.5
iconclass-ai:uiuc_832w91o_pic22708.jpg,1713,39,0.5817271694072151,0.2,0.16216807406534453,0.0,0.02564102564102564,0.1282051282051282,7.0,4.0
iconclass-ai:uiuc_832w91o_pic22712.jpg,1713,27,0.43748016623849917,0.5,0.057812529152232846,0.0,0.037037037037037035,0.037037037037037035,2.0,4.0
iconclass-ai:uiuc_832w91o_pic22902.jpg,1713,79,0.5289704589316268,1.0,0.22253755203741074,0.012658227848101266,0.012658227848101266,0.02531645569620253,3.5,4.5
iconclass-ai:uiuc_832w91o_pic22903.jpg,1713,51,0.3728077852784968,0.06666666666666667,0.11998130478355734,0.0,0.0,0.0,1.5,5.0
iconclass-ai:uiuc_832w91o_pic22909.jpg,1713,79,0.5416860768143642,0.5,0.28024017037878785,0.0,0.02531645569620253,0.0379746835443038,9.0,5.0
iconclass-ai:uiuc_832w91o_pic22912.jpg,1713,34,0.5862063193976653,1.0,0.12493901943908528,0.029411764705882353,0.029411764705882353,0.08823529411764706,2.0,5.0
iconclass-ai:uiuc_832w91o_pic23104.jpg,1713,51,0.7177921365964709,1.0,0.3446101714007719,0.0196078431372549,0.058823529411764705,0.09803921568627451,1.0,5.0
iconclass-ai:uiuc_832w91o_pic23105.jpg,1713,42,0.4589627680851436,0.3333333333333333,0.21009820926505088,0.0,0.023809523809523808,0.047619047619047616,1.0,4.5
iconclass-ai:uiuc_832w91o_pic23106.jpg,1713,15,0.35167431385817327,0.03333333333333333,0.012315044002521114,0.0,0.0,0.0,1.0,4.0
iconclass-ai:uiuc_832w91o_pic23107.jpg,1713,31,0.3333333333333333,0.019230769230769232,0.025696343054677547,0.0,0.0,0.0,2.0,4.0
iconclass-ai:uiuc_832w91o_pic23109.jpg,1713,34,0.4285300960240915,0.14285714285714285,0.10214717310441232,0.0,0.0,0.058823529411764705,3.5,4.0
iconclass-ai:uiuc_832w91o_pic23110.jpg,1713,52,0.5322223979087715,0.3333333333333333,0.1393692884252053,0.0,0.019230769230769232,0.057692307692307696,4.5,4.5
iconclass-ai:uiuc_832w91o_pic23301.jpg,1713,4,0.5979996111852722,1.0,0.5017689867550202,0.25,0.5,0.5,2.0,3.5
iconclass-ai:uiuc_832w91o_pic23302.jpg,1713,31,0.39643313433984345,0.14285714285714285,0.06597035909706524,0.0,0.0,0.03225806451612903,4.0,4.0
iconclass-ai:uiuc_832w91o_pic23305.jpg,1713,75,0.8525377246567915,1.0,0.2960944643434801,0.013333333333333334,0.06666666666666667,0.09333333333333334,6.5,5.0
iconclass-ai:uiuc_832w91o_pic23503.jpg,1713,73,0.8463507934928551,1.0,0.3242558196063715,0.0136986301369863,0.0547945205479452,0.0958904109589041,4.0,4.0
iconclass-ai:uiuc_832w91o_pic23505.jpg,1713,3,0.642429321835418,0.011363636363636364,0.00579362402496766,0.0,0.0,0.0,1.0,4.0
iconclass-ai:uiuc_832w91o_pic23509.jpg,1713,40,0.5376833133308553,0.16666666666666666,0.11954424251944833,0.0,0.0,0.025,1.0,4.0
iconclass-ai:uiuc_832w91o_pic23511.jpg,1713,24,0.3362680890375956,0.034482758620689655,0.024565369658789762,0.0,0.0,0.0,2.0,4.5
iconclass-ai:uiuc_832w91o_pic23710.jpg,1713,59,0.7151703364880824,1.0,0.2306843814429198,0.01694915254237288,0.05084745762711865,0.0847457627118644,5.5,6.0
iconclass-ai:uiuc_832w91o_pic23711.jpg,1713,10,0.4665229571279658,0.3333333333333333,0.06882524628088382,0.0,0.1,0.1,3.0,4.0
iconclass-ai:uiuc_832w91o_pic23907.jpg,1713,82,0.4781738085681532,0.5,0.16358449018635263,0.0,0.012195121951219513,0.024390243902439025,6.0,4.0
iconclass-ai:uiuc_832w91o_pic23908.jpg,1713,36,0.7305077544792083,1.0,0.3089387066413556,0.027777777777777776,0.08333333333333333,0.1388888888888889,2.0,4.5
iconclass-ai:uiuc_832w91o_pic24105.jpg,1713,37,0.6418064143887223,1.0,0.1883166088313927,0.02702702702702703,0.05405405405405406,0.10810810810810811,1.5,5.0
iconclass-ai:uiuc_832w91o_pic24109.jpg,1713,18,0.42590829591570295,0.5,0.05282145244349973,0.0,0.05555555555555555,0.05555555555555555,3.5,4.0
iconclass-ai:uiuc_832w91o_pic24112.jpg,1713,11,0.40669725543269336,0.09090909090909091,0.03707727448177031,0.0,0.0,0.0,1.0,4.0
iconclass-ai:uiuc_832w91o_pic24302.jpg,1713,15,0.3333333333333333,0.07692307692307693,0.04361445759352391,0.0,0.0,0.0,1.5,4.5
iconclass-ai:uiuc_832w91o_pic24306.jpg,1713,40,0.5599976915318163,1.0,0.15030555425107034,0.025,0.05,0.05,2.5,3.5
iconclass-ai:uiuc_832w91o_pic24310.jpg,1713,10,0.6089827629320047,1.0,0.1913395941926383,0.1,0.2,0.2,1.0,5.0
iconclass-ai:uiuc_832w91o_pic24505.jpg,1713,72,0.8013151345851656,1.0,0.28627779871623826,0.013888888888888888,0.05555555555555555,0.08333333333333333,3.5,4.5
iconclass-ai:uiuc_832w91o_pic24508.jpg,1713,75,0.42465647353220776,0.14285714285714285,0.1334861485210732,0.0,0.0,0.02666666666666667,20.0,5.0
iconclass-ai:uiuc_832w91o_pic24511.jpg,1713,15,0.3491313940615917,0.015873015873015872,0.014547839141214177,0.0,0.0,0.0,4.5,5.0
iconclass-ai:uiuc_832w91o_pic24703.jpg,1713,13,0.3333333333333333,0.016666666666666666,0.013344245617976739,0.0,0.0,0.0,3.5,2.5
iconclass-ai:uiuc_832w91o_pic24706.jpg,1713,21,0.6275234528752618,1.0,0.17188798468149852,0.047619047619047616,0.047619047619047616,0.19047619047619047,2.5,5.0
iconclass-ai:uiuc_832w91o_pic24708.jpg,1713,25,0.5624644609280969,0.5,0.12824603332224874,0.0,0.12,0.12,2.0,5.0
iconclass-ai:uiuc_832w91o_pic24910.jpg,1713,72,0.7575841952873834,1.0,0.18602426482656562,0.013888888888888888,0.041666666666666664,0.08333333333333333,3.0,4.5
iconclass-ai:uiuc_832w91o_pic25104.jpg,1713,74,0.7388779427463891,1.0,0.2122540687028954,0.013513513513513514,0.05405405405405406,0.06756756756756757,9.0,4.0
iconclass-ai:uiuc_832w91o_pic25106.jpg,1713,29,0.7102467616044825,1.0,0.26249612075017115,0.034482758620689655,0.06896551724137931,0.1724137931034483,2.0,5.0
iconclass-ai:uiuc_832w91o_pic25109.jpg,1713,16,0.42590829591570295,0.5,0.0582924886636581,0.0,0.0625,0.0625,2.5,4.5
iconclass-ai:uiuc_832w91o_pic25306.jpg,1713,10,0.5354935363276105,0.5,0.12136865840725827,0.0,0.1,0.3,2.0,5.0
iconclass-ai:uiuc_832w91o_pic25307.jpg,1713,71,0.4454348576459405,0.25,0.17896825140771325,0.0,0.014084507042253521,0.028169014084507043,5.5,4.0
iconclass-ai:uiuc_832w91o_pic25311.jpg,1713,25,0.3333333333333333,0.0070921985815602835,0.016804411137534878,0.0,0.0,0.0,3.5,3.5
iconclass-ai:uiuc_832w91o_pic25509.jpg,1713,31,0.8403727621315898,1.0,0.344563261820625,0.03225806451612903,0.12903225806451613,0.1935483870967742,1.0,6.0
iconclass-ai:uiuc_832w91o_pic25706.jpg,1713,25,0.5857325373593741,1.0,0.19916930639808794,0.04,0.08,0.12,2.0,4.0
iconclass-ai:uiuc_832w91o_pic25709.jpg,1713,4,0.5323266901845036,0.004366812227074236,0.005933633908615523,0.0,0.0,0.0,1.0,5.0
iconclass-ai:uiuc_832w91o_pic25710.jpg,1713,27,0.499272218015063,0.5,0.13916731000021895,0.0,0.07407407407407407,0.07407407407407407,1.0,4.0
iconclass-ai:uiuc_832w91o_pic25901.jpg,1713,28,0.3775028156362593,0.02564102564102564,0.03688480845820257,0.0,0.0,0.0,1.0,5.0
iconclass-ai:uiuc_832w91o_pic25903.jpg,1713,19,0.4556065368322667,0.3333333333333333,0.12937636735359134,0.0,0.05263157894736842,0.10526315789473684,1.0,6.0
iconclass-ai:uiuc_832w91o_pic25908.jpg,1713,2,0.8225353465819379,0.023255813953488372,0.02080221890334969,0.0,0.0,0.0,1.0,4.5
iconclass-ai:uiuc_832w91o_pic25910.jpg,1713,19,0.5368232559598007,0.2,0.0710978590531755,0.0,0.05263157894736842,0.05263157894736842,1.0,4.0
iconclass-ai:uiuc_832w91o_pic26108.jpg,1713,6,0.5463304939299821,1.0,0.17653868034620246,0.16666666666666666,0.16666666666666666,0.16666666666666666,1.5,3.5
iconclass-ai:uiuc_832w91o_pic26112.jpg,1713,1,0.5464069876394801,0.019230769230769232,0.019230769230769232,0.0,0.0,0.0,1.0,4.0
iconclass-ai:uiuc_832w91o_pic26303.jpg,1713,8,0.5132741828118044,0.1111111111111111,0.038984177514266444,0.0,0.0,0.125,1.0,6.0
iconclass-ai:uiuc_832w91o_pic26307.jpg,1713,14,0.5278431666635546,1.0,0.08749834365172983,0.07142857142857142,0.07142857142857142,0.07142857142857142,1.0,4.0
iconclass-ai:uiuc_832w91o_pic26310.jpg,1713,3,0.9258936567941141,1.0,0.9166666666666666,0.3333333333333333,1.0,1.0,1.0,5.0
iconclass-ai:uiuc_832w91o_pic26502.jpg,1713,9,0.3900954117610806,0.2,0.06693851167412286,0.0,0.1111111111111111,0.1111111111111111,2.5,5.5
iconclass-ai:uiuc_832w91o_pic26703.jpg,1713,25,0.6880938956799072,1.0,0.21135658801013155,0.04,0.12,0.16,3.0,4.0
iconclass-ai:uiuc_832w91o_pic26704.jpg,1713,31,0.4143364255929068,0.5,0.1447667310948421,0.0,0.03225806451612903,0.03225806451612903,2.0,5.0
iconclass-ai:uiuc_832w91o_pic26907.jpg,1713,11,0.35647707397892575,0.08333333333333333,0.037425618709514524,0.0,0.0,0.0,1.0,5.0
iconclass-ai:uiuc_832w91o_pic26908.jpg,1713,15,0.4558794357006645,0.125,0.04304532150507233,0.0,0.0,0.06666666666666667,1.0,3.0
iconclass-ai:uiuc_832w91o_pic26909.jpg,1713,44,0.3728557333834293,0.25,0.09534220621478329,0.0,0.022727272727272728,0.022727272727272728,1.0,4.0
iconclass-ai:uiuc_emblems0078_pic007.jpg,1713,6,0.36915012409446024,0.021739130434782608,0.00970454718137214,0.0,0.0,0.0,1.0,6.0
iconclass-ai:uiuc_emblems0078_pic062.jpg,1713,27,0.5374089695964632,1.0,0.12213399511262002,0.037037037037037035,0.037037037037037035,0.07407407407407407,2.0,3.0
iconclass-ai:uiuc_emblems0078_pic074.jpg,1713,30,0.7494814074462144,1.0,0.25454569628995743,0.03333333333333333,0.13333333333333333,0.16666666666666666,1.0,5.0
iconclass-ai:uiuc_emblems0078_pic095.jpg,1713,33,0.41326144665920006,0.07692307692307693,0.068200416587649,0.0,0.0,0.0,3.0,4.0
iconclass-ai:uiuc_emblems0078_pic098.jpg,1713,79,0.6566035269136083,1.0,0.15888996453778073,0.012658227848101266,0.0379746835443038,0.0379746835443038,3.0,3.0
iconclass-ai:uiuc_emblems0078_pic101.jpg,1713,41,0.6348564286900199,1.0,0.1431962626614812,0.024390243902439025,0.07317073170731707,0.07317073170731707,1.0,4.0
iconclass-ai:uiuc_emblems0078_pic104.jpg,1713,46,0.5726361401144231,1.0,0.12075536901703139,0.021739130434782608,0.043478260869565216,0.043478260869565216,2.0,3.0
iconclass-ai:uiuc_emblems0078_pic127.jpg,1713,64,0.4011760701448276,0.3333333333333333,0.07857559606802356,0.0,0.015625,0.015625,2.0,4.0
iconclass-ai:uiuc_emblems0078_pic158.jpg,1713,46,0.5432534204450873,1.0,0.13872978350946633,0.021739130434782608,0.043478260869565216,0.043478260869565216,3.0,4.0
iconclass-ai:uiuc_emblems0078_pic172.jpg,1713,6,0.3700152943830133,0.008130081300813009,0.009091474368412967,0.0,0.0,0.0,1.0,4.0
iconclass-ai:uiuc_emblems0078_pic179.jpg,1713,79,0.4977003702983907,0.25,0.1490434575648682,0.0,0.012658227848101266,0.0379746835443038,2.0,4.0
iconclass-ai:uiuc_emblems0078_pic182.jpg,1713,25,0.4013955230827807,0.3333333333333333,0.05344436174905875,0.0,0.04,0.04,1.0,5.0
iconclass-ai:uiuc_emblems0078_pic198.jpg,1713,73,0.3333333333333333,0.05263157894736842,0.06421299547155782,0.0,0.0,0.0,6.0,3.0
iconclass-ai:uiuc_q832v59oj1721_pic023.jpg,1713,56,0.691338639071709,1.0,0.10830992288936123,0.017857142857142856,0.05357142857142857,0.08928571428571429,3.5,5.0
iconclass-ai:uiuc_q832v59oj1721_pic053.jpg,1713,10,0.6696940783532127,1.0,0.4272751532648268,0.1,0.2,0.5,1.0,5.0
iconclass-ai:uiuc_q832v59oj1721_pic055.jpg,1713,39,0.37962081462451813,0.125,0.027733496273314725,0.0,0.0,0.02564102564102564,4.0,5.0
iconclass-ai:uiuc_q832v59oj1721_pic057.jpg,1713,29,0.7666888146990526,0.5,0.27618210179209707,0.0,0.13793103448275862,0.2413793103448276,2.0,5.0
iconclass-ai:uiuc_q832v59oj1721_pic061.jpg,1713,57,0.8632555551147042,1.0,0.2539812900418998,0.017543859649122806,0.07017543859649122,0.14035087719298245,3.5,4.5
iconclass-ai:uiuc_q832v59oj1721_pic065.jpg,1713,59,0.8353129377017654,1.0,0.2225648495314121,0.01694915254237288,0.06779661016949153,0.11864406779661017,6.0,4.0
iconclass-ai:uiuc_q832v59oj1721_pic071.jpg,1713,46,0.7156615343112205,0.5,0.21113770406396218,0.0,0.08695652173913043,0.13043478260869565,3.0,6.0
iconclass-ai:uiuc_q832v59oj1721_pic093.jpg,1713,74,0.6232719513114586,0.5,0.1306525185458589,0.0,0.013513513513513514,0.06756756756756757,3.5,4.0
iconclass-ai:uiuc_q832v59oj1721_pic129.jpg,1713,74,0.8486993411980551,1.0,0.18675312835667648,0.013513513513513514,0.05405405405405406,0.0945945945945946,4.5,4.0
iconclass-ai:uiuc_q832v59oj1721_pic137.jpg,1713,84,0.9510907186004266,1.0,0.22228208583383163,0.011904761904761904,0.05952380952380952,0.10714285714285714,4.5,4.5
iconclass-ai:uiuc_q832v59oj1721_pic143.jpg,1713,71,0.8082491001905818,1.0,0.21588156425281047,0.014084507042253521,0.04225352112676056,0.09859154929577464,8.0,5.0
iconclass-ai:uiuc_q832v59oj1721_pic147.jpg,1713,32,0.6655004305281519,0.3333333333333333,0.18488113063911094,0.0,0.09375,0.1875,2.0,5.0
iconclass-ai:uiuc_q832v59oj1721_pic151.jpg,1713,26,0.9575861412006987,1.0,0.4833133070056216,0.038461538461538464,0.19230769230769232,0.34615384615384615,3.5,5.0
iconclass-ai:uiuc_q832v59oj1721_pic155.jpg,1713,21,0.626259027194775,0.5,0.14079491721412282,0.0,0.09523809523809523,0.23809523809523808,1.0,5.0
iconclass-ai:uiuc_q832v59oj1721_pic163.jpg,1713,61,0.9575861412006987,1.0,0.33959568173061344,0.01639344262295082,0.08196721311475409,0.14754098360655737,7.0,4.0
iconclass-ai:uiuc_q832v59oj1721_pic185.jpg,1713,26,0.6624526907116111,1.0,0.16591175793838098,0.038461538461538464,0.11538461538461539,0.15384615384615385,2.0,4.5
iconclass-ai:uiuc_q832v59oj1721_pic187.jpg,1713,69,0.7183036820301311,1.0,0.11579132548040727,0.014492753623188406,0.043478260869565216,0.07246376811594203,3.0,6.0
iconclass-ai:uiuc_q832v59oj1721_pic207.jpg,1713,9,0.4951143065049467,0.5,0.0861477644455049,0.0,0.1111111111111111,0.2222222222222222,1.0,4.5
iconclass-ai:uiuc_q832v59oj1721_pic209.jpg,1713,66,0.6344448151836865,0.5,0.14697366848513838,0.0,0.030303030303030304,0.07575757575757576,2.0,5.0
