query_id,n_candidates,n_exact_relevant,ndcg_at_10,reciprocal_rank,average_precision,recall_at_1,recall_at_5,recall_at_10,median_query_label_frequency,median_query_hierarchy_depth
emblematica:E000266,2803,22,0.3333333333333333,0.030303030303030304,0.008824839184081472,0.0,0.0,0.0,5.0,5.0
emblematica:E000267,2803,7,0.3333333333333333,0.025,0.006098542459458004,0.0,0.0,0.0,2.0,4.0
emblematica:E000268,2803,78,0.44281305753755196,0.25,0.03175395938666982,0.0,0.01282051282051282,0.02564102564102564,5.5,3.5
emblematica:E000269,2803,141,0.42590829591570295,0.5,0.04736010729787129,0.0,0.0070921985815602835,0.0070921985815602835,12.0,3.0
emblematica:E000270,2803,74,0.3333333333333333,0.004672897196261682,0.027826698108673387,0.0,0.0,0.0,4.0,5.0
emblematica:E000271,2803,60,0.6168056224173492,1.0,0.06487866820700786,0.016666666666666666,0.03333333333333333,0.05,11.0,4.0
emblematica:E000272,2803,75,0.4556065368322667,0.3333333333333333,0.03664431604830608,0.0,0.013333333333333334,0.02666666666666667,11.0,4.0
emblematica:E000273,2803,342,0.3333333333333333,0.07142857142857142,0.13223936531142041,0.0,0.0,0.0,4.0,4.0
emblematica:E000274,2803,34,0.3333333333333333,0.007575757575757576,0.010966093057046617,0.0,0.0,0.0,4.0,5.0
emblematica:E000275,2803,31,0.40669725543269336,0.3333333333333333,0.02669186716683553,0.0,0.03225806451612903,0.03225806451612903,1.0,4.0
emblematica:E000276,2803,60,0.42590829591570295,0.5,0.03516456946302939,0.0,0.016666666666666666,0.016666666666666666,5.5,3.0
emblematica:E000277,2803,91,0.5458626172564842,0.5,0.04917849433446416,0.0,0.03296703296703297,0.03296703296703297,6.0,3.0
emblematica:E000278,2803,310,0.3491313940615917,0.07692307692307693,0.09793072816365041,0.0,0.0,0.0,8.0,4.0
emblematica:E000279,2803,852,0.5289704589316268,1.0,0.3196363219846913,0.0011737089201877935,0.0011737089201877935,0.002347417840375587,4.5,3.5
emblematica:E000280,2803,22,0.3333333333333333,0.001594896331738437,0.006198301913305144,0.0,0.0,0.0,6.5,4.5
emblematica:E000281,2803,417,0.48910053882873683,0.5,0.15233917293165497,0.0,0.004796163069544364,0.004796163069544364,3.0,4.0
emblematica:E000282,2803,15,0.3333333333333333,0.01639344262295082,0.01810657911255267,0.0,0.0,0.0,2.0,4.0
emblematica:E000283,2803,153,0.3333333333333333,0.0625,0.07414187943352044,0.0,0.0,0.0,16.0,4.0
emblematica:E000284,2803,12,0.3333333333333333,0.011111111111111112,0.007727310671928272,0.0,0.0,0.0,1.0,4.5
emblematica:E000285,2803,175,0.3997893655927203,0.16666666666666666,0.07236727001827911,0.0,0.0,0.005714285714285714,2.0,4.0
emblematica:E000286,2803,189,0.38224261473290666,0.14285714285714285,0.06055379034484877,0.0,0.0,0.005291005291005291,15.0,4.0
emblematica:E000287,2803,122,0.4499818056213998,0.25,0.08550371198291426,0.0,0.00819672131147541,0.01639344262295082,9.0,4.0
emblematica:E000288,2803,52,0.3491313940615917,0.006134969325153374,0.018718641920488565,0.0,0.0,0.0,8.0,4.0
emblematica:E000289,2803,181,0.3491313940615917,0.014285714285714285,0.08916731733958813,0.0,0.0,0.0,11.0,4.0
emblematica:E000290,2803,66,0.3333333333333333,0.03125,0.023287740007985176,0.0,0.0,0.0,16.0,4.0
emblematica:E000291,2803,36,0.3333333333333333,0.004651162790697674,0.01111030403825793,0.0,0.0,0.0,1.0,4.0
emblematica:E000292,2803,73,0.42590829591570295,0.5,0.03718023986347036,0.0,0.0136986301369863,0.0136986301369863,4.0,5.0
emblematica:E000293,2803,163,0.48006117753205335,1.0,0.06697750716954229,0.006134969325153374,0.006134969325153374,0.006134969325153374,11.0,4.0
emblematica:E000294,2803,37,0.3333333333333333,0.003861003861003861,0.015963138444379635,0.0,0.0,0.0,1.5,3.5
emblematica:E000295,2803,55,0.37962081462451813,0.125,0.029768504544835782,0.0,0.0,0.01818181818181818,13.0,3.0
emblematica:E000296,2803,85,0.40669725543269336,0.025,0.029183976784904912,0.0,0.0,0.0,6.0,4.0
emblematica:E000297,2803,138,0.635828383027457,1.0,0.10139015253456068,0.007246376811594203,0.021739130434782608,0.021739130434782608,20.0,3.0
emblematica:E000298,2803,79,0.3333333333333333,0.0625,0.029117537109272198,0.0,0.0,0.0,2.0,5.0
emblematica:E000299,2803,73,0.6249016527668733,1.0,0.07796576573670823,0.0136986301369863,0.0273972602739726,0.0410958904109589,6.0,4.0
emblematica:E001026,2803,48,1.0,1.0,0.34201931124229823,0.020833333333333332,0.10416666666666667,0.20833333333333334,2.5,2.5
emblematica:E001027,2803,64,1.0,1.0,0.2763236606289156,0.015625,0.078125,0.15625,11.0,3.0
emblematica:E001028,2803,53,1.0,1.0,0.3261039850160938,0.018867924528301886,0.09433962264150944,0.18867924528301888,7.0,4.0
emblematica:E001029,2803,228,1.0,1.0,0.15945353405878446,0.0043859649122807015,0.021929824561403508,0.043859649122807015,18.0,3.0
emblematica:E001030,2803,121,1.0,1.0,0.18430814253716668,0.008264462809917356,0.04132231404958678,0.08264462809917356,5.0,4.0
emblematica:E001031,2803,36,1.0,1.0,0.4722396122587756,0.027777777777777776,0.1388888888888889,0.2777777777777778,5.0,2.0
emblematica:E001032,2803,51,1.0,1.0,0.3340679077972618,0.0196078431372549,0.09803921568627451,0.19607843137254902,18.0,2.0
emblematica:E001033,2803,82,1.0,1.0,0.22685781708137143,0.012195121951219513,0.06097560975609756,0.12195121951219512,3.5,4.0
emblematica:E001034,2803,209,1.0,1.0,0.16769793940937935,0.004784688995215311,0.023923444976076555,0.04784688995215311,5.0,4.0
emblematica:E001035,2803,62,1.0,1.0,0.2802235730963866,0.016129032258064516,0.08064516129032258,0.16129032258064516,12.0,3.0
emblematica:E001036,2803,82,1.0,1.0,0.22691739182964912,0.012195121951219513,0.06097560975609756,0.12195121951219512,4.5,4.5
emblematica:E001037,2803,70,1.0,1.0,0.24674390996983395,0.014285714285714285,0.07142857142857142,0.14285714285714285,3.0,3.0
emblematica:E001039,2803,98,1.0,1.0,0.19292555176582102,0.01020408163265306,0.05102040816326531,0.10204081632653061,5.0,3.5
emblematica:E001040,2803,42,1.0,1.0,0.3975076972532119,0.023809523809523808,0.11904761904761904,0.23809523809523808,4.0,4.0
emblematica:E001041,2803,88,1.0,1.0,0.22653842904960736,0.011363636363636364,0.056818181818181816,0.11363636363636363,22.0,3.0
emblematica:E001042,2803,35,1.0,1.0,0.45480670508811993,0.02857142857142857,0.14285714285714285,0.2857142857142857,6.0,4.0
emblematica:E001043,2803,135,0.7490496219327153,1.0,0.10348413549318891,0.007407407407407408,0.02962962962962963,0.037037037037037035,12.5,3.5
emblematica:E001247,2803,98,0.38559884598578353,0.16666666666666666,0.14853600222054733,0.0,0.0,0.01020408163265306,13.0,3.0
emblematica:E001248,2803,314,1.0,1.0,0.36692066259693934,0.0031847133757961785,0.01592356687898089,0.03184713375796178,2.0,4.0
emblematica:E001249,2803,419,0.9368077570869661,1.0,0.3082678456183881,0.002386634844868735,0.00954653937947494,0.021479713603818614,6.0,5.0
emblematica:E001250,2803,347,1.0,1.0,0.3342191210671567,0.002881844380403458,0.01440922190201729,0.02881844380403458,10.5,5.0
emblematica:E001251,2803,328,1.0,1.0,0.3506021053322849,0.003048780487804878,0.01524390243902439,0.03048780487804878,13.0,4.0
emblematica:E001252,2803,389,1.0,1.0,0.341295982419645,0.002570694087403599,0.012853470437017995,0.02570694087403599,3.5,4.0
emblematica:E001253,2803,450,1.0,1.0,0.357708596161363,0.0022222222222222222,0.011111111111111112,0.022222222222222223,11.0,4.0
emblematica:E001254,2803,363,1.0,1.0,0.35728852865012095,0.0027548209366391185,0.013774104683195593,0.027548209366391185,5.0,4.5
emblematica:E001255,2803,388,1.0,1.0,0.34624287624112776,0.002577319587628866,0.01288659793814433,0.02577319587628866,10.5,4.0
emblematica:E001256,2803,315,1.0,1.0,0.3599340984211201,0.0031746031746031746,0.015873015873015872,0.031746031746031744,6.0,3.0
emblematica:E001257,2803,446,1.0,1.0,0.3749666251097064,0.002242152466367713,0.011210762331838564,0.02242152466367713,8.0,4.0
emblematica:E001258,2803,331,1.0,1.0,0.34626464488162517,0.0030211480362537764,0.015105740181268883,0.030211480362537766,4.0,4.0
emblematica:E001259,2803,22,0.5726361401144231,1.0,0.160333367123069,0.045454545454545456,0.09090909090909091,0.09090909090909091,3.0,5.0
emblematica:E001260,2803,310,0.8457846345480339,0.5,0.23044519274217506,0.0,0.012903225806451613,0.025806451612903226,6.0,4.0
emblematica:E001261,2803,317,0.9368077570869661,1.0,0.33055682814002957,0.0031545741324921135,0.012618296529968454,0.028391167192429023,4.0,4.0
emblematica:E001262,2803,441,1.0,1.0,0.37039668243627394,0.0022675736961451248,0.011337868480725623,0.022675736961451247,11.0,4.0
emblematica:E001263,2803,344,1.0,1.0,0.37146100387876557,0.0029069767441860465,0.014534883720930232,0.029069767441860465,8.0,4.0
emblematica:E001264,2803,410,0.9558305176970738,1.0,0.24591976951248623,0.0024390243902439024,0.012195121951219513,0.02195121951219512,4.0,4.5
emblematica:E001265,2803,376,1.0,1.0,0.34072924143747996,0.0026595744680851063,0.013297872340425532,0.026595744680851064,12.0,4.0
emblematica:E001266,2803,310,0.7802769215490118,1.0,0.21422445556406225,0.0032258064516129032,0.012903225806451613,0.016129032258064516,3.0,4.0
emblematica:E001267,2803,443,0.9510907186004266,1.0,0.2910757071928223,0.002257336343115124,0.011286681715575621,0.020316027088036117,12.0,4.0
emblematica:E001268,2803,82,0.8091026734983537,0.5,0.4585960169091268,0.0,0.04878048780487805,0.0975609756097561,2.0,4.0
emblematica:E001269,2803,331,1.0,1.0,0.35737093688732213,0.0030211480362537764,0.015105740181268883,0.030211480362537766,7.0,4.0
emblematica:E001270,2803,329,1.0,1.0,0.3457975051329938,0.00303951367781155,0.015197568389057751,0.030395136778115502,11.0,3.5
emblematica:E001271,2803,376,0.8566545804700254,1.0,0.2566177385435422,0.0026595744680851063,0.010638297872340425,0.018617021276595744,6.5,4.0
emblematica:E001272,2803,311,1.0,1.0,0.3239471457939103,0.003215434083601286,0.01607717041800643,0.03215434083601286,6.5,3.5
emblematica:E001273,2803,292,1.0,1.0,0.32370183125793117,0.003424657534246575,0.017123287671232876,0.03424657534246575,10.0,4.0
emblematica:E001274,2803,381,1.0,1.0,0.32722540139014683,0.0026246719160104987,0.013123359580052493,0.026246719160104987,7.5,4.5
emblematica:E001275,2803,84,0.9558305176970738,1.0,0.43240725325683566,0.011904761904761904,0.05952380952380952,0.10714285714285714,4.0,3.0
emblematica:E001276,2803,235,0.9510907186004266,1.0,0.34501780845216273,0.00425531914893617,0.02127659574468085,0.03829787234042553,7.0,4.0
emblematica:E001277,2803,284,0.8527809579781417,1.0,0.3131308166825297,0.0035211267605633804,0.014084507042253521,0.02464788732394366,4.5,4.0
emblematica:E001278,2803,83,0.8969504402810676,1.0,0.55283503456643,0.012048192771084338,0.04819277108433735,0.0963855421686747,1.0,4.0
emblematica:E001279,2803,331,1.0,1.0,0.3469602374441722,0.0030211480362537764,0.015105740181268883,0.030211480362537766,6.0,4.0
emblematica:E001280,2803,289,0.7424350571691594,1.0,0.2134605510878375,0.0034602076124567475,0.010380622837370242,0.01730103806228374,5.0,4.0
emblematica:E001281,2803,95,0.9477344873475497,1.0,0.40791755359253296,0.010526315789473684,0.05263157894736842,0.09473684210526316,3.5,4.5
emblematica:E001282,2803,319,1.0,1.0,0.36830725744737974,0.003134796238244514,0.01567398119122257,0.03134796238244514,5.0,4.0
emblematica:E001283,2803,79,0.9510907186004266,1.0,0.6265707894773143,0.012658227848101266,0.06329113924050633,0.11392405063291139,1.5,4.5
emblematica:E001284,2803,246,1.0,1.0,0.31920232721014663,0.0040650406504065045,0.02032520325203252,0.04065040650406504,2.5,4.5
emblematica:E001285,2803,104,1.0,1.0,0.5121378483017213,0.009615384615384616,0.04807692307692308,0.09615384615384616,5.5,4.0
emblematica:E001286,2803,129,1.0,1.0,0.47320571657656946,0.007751937984496124,0.03875968992248062,0.07751937984496124,5.0,4.0
emblematica:E001287,2803,83,0.9432379215722525,1.0,0.4481642330343808,0.012048192771084338,0.04819277108433735,0.10843373493975904,5.0,4.0
emblematica:E001288,2803,152,0.9368077570869661,1.0,0.3934917621697334,0.006578947368421052,0.02631578947368421,0.05921052631578947,8.0,4.0
emblematica:E001289,2803,326,1.0,1.0,0.3476959491482625,0.003067484662576687,0.015337423312883436,0.03067484662576687,7.0,4.0
emblematica:E001290,2803,96,1.0,1.0,0.5330473415893783,0.010416666666666666,0.052083333333333336,0.10416666666666667,3.0,4.0
emblematica:E001291,2803,335,1.0,1.0,0.3291483191599477,0.0029850746268656717,0.014925373134328358,0.029850746268656716,9.0,5.0
emblematica:E001292,2803,909,1.0,1.0,0.5620479714567477,0.0011001100110011,0.005500550055005501,0.011001100110011002,2.0,3.0
emblematica:E001293,2803,230,0.8572048559638626,1.0,0.3669510925103349,0.004347826086956522,0.013043478260869565,0.034782608695652174,4.0,4.0
emblematica:E001294,2803,333,1.0,1.0,0.34611733676489,0.003003003003003003,0.015015015015015015,0.03003003003003003,2.0,4.5
emblematica:E001295,2803,137,0.9069212362975004,1.0,0.36278601973109,0.0072992700729927005,0.0364963503649635,0.058394160583941604,7.0,4.0
emblematica:E001296,2803,546,0.8842222191013388,1.0,0.2779844591865486,0.0018315018315018315,0.007326007326007326,0.014652014652014652,11.0,4.5
emblematica:E001297,2803,387,0.9368077570869661,1.0,0.3449494226007687,0.002583979328165375,0.0103359173126615,0.023255813953488372,14.0,4.0
emblematica:E001298,2803,81,1.0,1.0,0.6265508528721913,0.012345679012345678,0.06172839506172839,0.12345679012345678,3.0,4.0
emblematica:E001299,2803,240,1.0,1.0,0.33677874337508434,0.004166666666666667,0.020833333333333332,0.041666666666666664,5.0,3.0
emblematica:E001300,2803,101,0.9575861412006987,1.0,0.4327441877566576,0.009900990099009901,0.04950495049504951,0.0891089108910891,4.0,4.0
emblematica:E001301,2803,325,0.7698144159275709,1.0,0.2107952831389553,0.003076923076923077,0.012307692307692308,0.018461538461538463,3.5,4.5
emblematica:E001302,2803,184,0.8532721558012798,0.5,0.34137681851615964,0.0,0.021739130434782608,0.04891304347826087,6.0,5.0
emblematica:E001303,2803,193,0.9652843890316114,1.0,0.33699675483966224,0.0051813471502590676,0.025906735751295335,0.046632124352331605,9.0,5.0
emblematica:E001304,2803,146,0.9074250374176303,1.0,0.401348984068749,0.00684931506849315,0.0273972602739726,0.06164383561643835,13.0,3.0
emblematica:E001305,2803,347,1.0,1.0,0.3422684327099769,0.002881844380403458,0.01440922190201729,0.02881844380403458,3.5,4.0
emblematica:E001306,2803,94,1.0,1.0,0.5017489508390821,0.010638297872340425,0.05319148936170213,0.10638297872340426,4.0,4.0
emblematica:E001307,2803,73,0.8926382747840401,1.0,0.46778936439419194,0.0136986301369863,0.0547945205479452,0.1095890410958904,2.5,4.5
emblematica:E001308,2803,241,1.0,1.0,0.3803705291391287,0.004149377593360996,0.02074688796680498,0.04149377593360996,3.0,5.0
emblematica:E001309,2803,311,1.0,1.0,0.3394318082885099,0.003215434083601286,0.01607717041800643,0.03215434083601286,5.0,4.0
emblematica:E001310,2803,343,1.0,1.0,0.3227562877421398,0.0029154518950437317,0.014577259475218658,0.029154518950437316,8.0,4.0
emblematica:E001311,2803,325,1.0,1.0,0.34331460309304945,0.003076923076923077,0.015384615384615385,0.03076923076923077,6.0,4.0
emblematica:E001323,2803,39,0.7659543835545644,1.0,0.10247181161294475,0.02564102564102564,0.07692307692307693,0.07692307692307693,1.0,3.0
emblematica:E001324,2803,78,0.5714661991386132,0.3333333333333333,0.06423174787788793,0.0,0.02564102564102564,0.05128205128205128,1.0,3.0
emblematica:E001325,2803,80,0.524461289859338,0.5,0.06786380728997266,0.0,0.0125,0.025,3.0,5.0
emblematica:E001326,2803,245,0.7079404827433218,1.0,0.11613791024726393,0.004081632653061225,0.012244897959183673,0.0163265306122449,18.0,4.0
emblematica:E001327,2803,70,0.5540060700516738,1.0,0.06615274739447256,0.014285714285714285,0.014285714285714285,0.02857142857142857,3.5,4.0
emblematica:E001328,2803,37,0.7204013334078677,0.5,0.16417821556058945,0.0,0.10810810810810811,0.16216216216216217,3.5,4.0
emblematica:E001329,2803,27,0.3333333333333333,0.02702702702702703,0.019611260809947254,0.0,0.0,0.0,2.0,4.0
emblematica:E001330,2803,19,0.424095623556815,1.0,0.07807775488250367,0.05263157894736842,0.05263157894736842,0.05263157894736842,1.5,5.0
emblematica:E001331,2803,105,0.3633122960293225,0.08333333333333333,0.06204072444277864,0.0,0.0,0.0,1.0,4.0
emblematica:E001332,2803,56,0.5874229027480132,1.0,0.06440213981253456,0.017857142857142856,0.03571428571428571,0.05357142857142857,2.5,3.5
emblematica:E001333,2803,106,0.7027621406415304,1.0,0.08465331090350398,0.009433962264150943,0.03773584905660377,0.03773584905660377,4.0,4.0
emblematica:E001334,2803,348,0.7581015865263904,1.0,0.1384626115730056,0.0028735632183908046,0.011494252873563218,0.014367816091954023,7.5,5.0
emblematica:E001497,2803,44,0.3333333333333333,0.034482758620689655,0.027985078005646428,0.0,0.0,0.0,1.0,4.5
emblematica:E001498,2803,345,0.4826703743434503,0.5,0.13830686055919014,0.0,0.005797101449275362,0.005797101449275362,17.5,4.0
emblematica:E001499,2803,36,0.32449943687274807,0.023255813953488372,0.023020592495373877,0.0,0.0,0.0,2.0,5.0
emblematica:E001500,2803,62,0.3333333333333333,0.005917159763313609,0.019516946712671616,0.0,0.0,0.0,2.0,4.0
emblematica:E001501,2803,141,0.3775028156362593,0.07142857142857142,0.05491880290770224,0.0,0.0,0.0,1.0,5.0
emblematica:E001502,2803,75,0.40669725543269336,0.3333333333333333,0.04653338129487936,0.0,0.013333333333333334,0.013333333333333334,5.5,4.0
emblematica:E001503,2803,421,0.541366051481187,0.5,0.17819452302353622,0.0,0.004750593824228029,0.007125890736342043,7.0,4.0
emblematica:E001504,2803,190,0.4698894983457272,0.3333333333333333,0.07250100048995962,0.0,0.010526315789473684,0.010526315789473684,9.5,4.0
emblematica:E001505,2803,42,0.472965917728585,1.0,0.05087128394875387,0.023809523809523808,0.023809523809523808,0.023809523809523808,7.0,4.0
emblematica:E001506,2803,91,0.4289651260031763,0.5,0.051759677084907925,0.0,0.01098901098901099,0.01098901098901099,9.0,3.0
emblematica:E001507,2803,1,0.6043744244510955,0.0021231422505307855,0.0021231422505307855,0.0,0.0,0.0,1.0,5.0
emblematica:E001508,2803,218,0.6115873691956307,1.0,0.11974835624898922,0.0045871559633027525,0.013761467889908258,0.013761467889908258,6.0,4.0
emblematica:E001668,2803,87,0.3333333333333333,0.07692307692307693,0.06362851364356292,0.0,0.0,0.0,1.0,4.0
emblematica:E001669,2803,87,0.3775028156362593,0.1111111111111111,0.06481609832733756,0.0,0.0,0.011494252873563218,1.5,4.0
emblematica:E001670,2803,37,0.34490520365612953,0.01818181818181818,0.060858718324773055,0.0,0.0,0.0,2.0,5.0
emblematica:E001671,2803,87,0.4487910888988174,0.25,0.07769982173255502,0.0,0.011494252873563218,0.022988505747126436,1.0,5.0
emblematica:E001672,2803,87,0.5416860768143642,0.5,0.09550751274001405,0.0,0.022988505747126436,0.034482758620689655,1.0,4.5
emblematica:E001673,2803,88,0.49570151347341557,0.25,0.08237183756674535,0.0,0.022727272727272728,0.03409090909090909,1.0,5.0
emblematica:E001675,2803,87,0.5786141714756885,1.0,0.09674819345616999,0.011494252873563218,0.011494252873563218,0.034482758620689655,2.0,4.5
emblematica:E001676,2803,87,0.499272218015063,0.5,0.06675298452369613,0.0,0.022988505747126436,0.022988505747126436,1.0,3.0
emblematica:E001677,2803,87,0.5957072129704393,0.5,0.0794097949931198,0.0,0.022988505747126436,0.04597701149425287,1.0,4.5
emblematica:E001678,2803,87,0.5481814994146365,0.5,0.07331587699050528,0.0,0.022988505747126436,0.034482758620689655,1.0,4.5
emblematica:E001679,2803,3,0.40430220188639443,0.007936507936507936,0.003501884465035663,0.0,0.0,0.0,1.0,6.0
emblematica:E001680,2803,14,0.3333333333333333,0.012195121951219513,0.0063926726624967695,0.0,0.0,0.0,1.0,5.0
emblematica:E001681,2803,6,0.38595214970813646,0.019230769230769232,0.012367745713564847,0.0,0.0,0.0,1.0,6.0
emblematica:E001682,2803,23,0.3333333333333333,0.037037037037037035,0.016890116135476637,0.0,0.0,0.0,1.0,6.0
emblematica:E001683,2803,23,0.38224261473290666,0.14285714285714285,0.01990624990751591,0.0,0.0,0.043478260869565216,1.0,6.0
emblematica:E001684,2803,87,0.575683879930964,0.5,0.09206384899152308,0.0,0.022988505747126436,0.04597701149425287,2.0,4.5
emblematica:E001685,2803,2,0.5821032065260975,0.0007645259938837921,0.0010405908442098354,0.0,0.0,0.0,1.0,4.5
emblematica:E001687,2803,23,0.3900954117610806,0.2,0.024718151483134523,0.0,0.043478260869565216,0.043478260869565216,1.0,5.0
emblematica:E001688,2803,1,0.6043744244510955,0.0007072135785007072,0.0007072135785007072,0.0,0.0,0.0,1.0,4.5
emblematica:E001689,2803,6,0.38595214970813646,0.01818181818181818,0.011579207053118183,0.0,0.0,0.0,1.0,5.5
emblematica:E001690,2803,3,0.5159958223394444,0.006211180124223602,0.004077689825061486,0.0,0.0,0.0,1.0,4.0
emblematica:E001691,2803,7,0.39480140295183036,0.14285714285714285,0.026248183011613663,0.0,0.0,0.14285714285714285,1.0,5.0
emblematica:E001692,2803,23,0.3333333333333333,0.02,0.012108281218169245,0.0,0.0,0.0,1.0,3.0
emblematica:E001694,2803,7,0.3899058751876805,0.1111111111111111,0.021369243025326258,0.0,0.0,0.14285714285714285,1.0,5.0
emblematica:E001696,2803,6,0.38595214970813646,0.025,0.014289432363774215,0.0,0.0,0.0,1.0,5.0
emblematica:E001697,2803,11,0.3333333333333333,0.004149377593360996,0.005436472404020695,0.0,0.0,0.0,1.0,3.0
emblematica:E001698,2803,4,0.4073884476270398,0.0013869625520110957,0.0014437571390097251,0.0,0.0,0.0,1.0,3.5
emblematica:E001699,2803,3,0.45382343384312973,0.003257328990228013,0.0020305129982283324,0.0,0.0,0.0,1.0,3.5
emblematica:E001700,2803,34,0.3333333333333333,0.008771929824561403,0.018668725491767638,0.0,0.0,0.0,1.0,4.0
emblematica:E001701,2803,37,0.3333333333333333,0.038461538461538464,0.020171725127474498,0.0,0.0,0.0,5.0,4.5
emblematica:E001704,2803,5,0.4753864457902039,0.16666666666666666,0.07829641212970975,0.0,0.0,0.4,1.0,5.0
emblematica:E001705,2803,34,0.37574719213263447,0.1,0.026732329862310264,0.0,0.0,0.029411764705882353,2.0,5.0
emblematica:E001706,2803,1,0.4263151217085707,0.0005998800239952009,0.0005998800239952009,0.0,0.0,0.0,1.0,4.5
emblematica:E001707,2803,7,0.37022767507871573,0.011111111111111112,0.005124230933477964,0.0,0.0,0.0,1.0,3.0
emblematica:E001708,2803,19,0.3333333333333333,0.01639344262295082,0.013072832742258003,0.0,0.0,0.0,1.0,4.0
emblematica:E001709,2803,8,0.3333333333333333,0.004098360655737705,0.0038580689928953277,0.0,0.0,0.0,1.0,3.5
emblematica:E001710,2803,3,0.40956968264424565,0.0024630541871921183,0.0024795111562928213,0.0,0.0,0.0,1.0,4.0
emblematica:E001711,2803,2,0.5257357542330399,0.0018552875695732839,0.0014081819875737635,0.0,0.0,0.0,1.0,4.0
emblematica:E001712,2803,4,0.38595214970813646,0.058823529411764705,0.01953985294379337,0.0,0.0,0.0,1.0,5.5
emblematica:E001714,2803,8,0.3333333333333333,0.006211180124223602,0.006148762210266282,0.0,0.0,0.0,1.0,5.0
emblematica:E001715,2803,0,0.6666666666666666,,,,,,1.0,4.5
emblematica:E003038,2803,0,1.0,,,,,,1.0,3.5
emblematica:E003039,2803,156,0.37962081462451813,0.125,0.06785135217287447,0.0,0.0,0.00641025641025641,10.0,5.0
emblematica:E003040,2803,16,0.5856672792443884,1.0,0.1350998975153734,0.0625,0.125,0.1875,2.0,5.0
emblematica:E003041,2803,80,0.6081490424458209,0.5,0.07295049495309809,0.0,0.025,0.05,11.0,4.0
emblematica:E003042,2803,319,0.6236498303833781,1.0,0.1904555756828969,0.003134796238244514,0.003134796238244514,0.012539184952978056,4.0,5.0
emblematica:E003043,2803,251,0.5890887686122509,1.0,0.09937102382560531,0.00398406374501992,0.00796812749003984,0.01195219123505976,11.0,4.0
emblematica:E003044,2803,105,0.635828383027457,1.0,0.07774816876314686,0.009523809523809525,0.02857142857142857,0.02857142857142857,7.0,4.0
emblematica:E003045,2803,174,0.3775028156362593,0.1111111111111111,0.10133663064058115,0.0,0.0,0.005747126436781609,1.0,5.0
emblematica:E003046,2803,768,0.5534250996314135,1.0,0.3840601691574519,0.0013020833333333333,0.0026041666666666665,0.0026041666666666665,3.0,4.0
emblematica:E003047,2803,50,0.4950785701900022,0.25,0.05520613338644524,0.0,0.02,0.06,9.0,5.0
emblematica:E003048,2803,83,0.45086673773561936,0.3333333333333333,0.04045258738527756,0.0,0.012048192771084338,0.024096385542168676,2.0,3.0
emblematica:E003049,2803,142,0.4075679468220986,0.25,0.06466437764127145,0.0,0.007042253521126761,0.007042253521126761,9.0,4.0
emblematica:E003050,2803,40,0.3333333333333333,0.034482758620689655,0.020521014767428573,0.0,0.0,0.0,2.5,4.0
emblematica:E003051,2803,21,0.4389746740788156,0.5,0.04823173769678798,0.0,0.047619047619047616,0.047619047619047616,2.0,3.0
emblematica:E003052,2803,19,0.6023343810309868,1.0,0.14140140129922588,0.05263157894736842,0.10526315789473684,0.15789473684210525,2.0,4.0
emblematica:E003062,2803,331,0.8909724089198024,1.0,0.21910291716208563,0.0030211480362537764,0.012084592145015106,0.021148036253776436,4.0,6.0
emblematica:E003063,2803,313,0.8532721558012798,0.5,0.23062428645647573,0.0,0.012779552715654952,0.02875399361022364,11.0,4.0
emblematica:E003064,2803,341,0.8091026734983537,0.5,0.2465926277659246,0.0,0.011730205278592375,0.02346041055718475,10.0,3.0
emblematica:E003065,2803,349,0.6607868248473733,1.0,0.20194370341537016,0.0028653295128939827,0.008595988538681949,0.014326647564469915,12.0,4.0
emblematica:E003066,2803,209,0.40457925644443454,0.3333333333333333,0.13626206762439955,0.0,0.004784688995215311,0.009569377990430622,7.0,4.0
emblematica:E003067,2803,322,0.657802014696409,0.5,0.21873143827216934,0.0,0.009316770186335404,0.015527950310559006,13.0,4.0
emblematica:E003068,2803,428,0.831618549465505,1.0,0.22024283884539875,0.002336448598130841,0.009345794392523364,0.016355140186915886,9.0,4.0
emblematica:E003069,2803,368,0.772314863073692,1.0,0.22435673458457697,0.002717391304347826,0.008152173913043478,0.016304347826086956,7.0,5.0
emblematica:E003070,2803,305,0.8943938982876649,1.0,0.24167050669360868,0.003278688524590164,0.013114754098360656,0.02622950819672131,7.0,4.0
emblematica:E003071,2803,327,0.5629682620482266,1.0,0.17648989564338108,0.0030581039755351682,0.0061162079510703364,0.009174311926605505,4.0,4.0
emblematica:E003072,2803,389,0.8379938154808529,1.0,0.2756819211510558,0.002570694087403599,0.010282776349614395,0.02056555269922879,9.0,4.0
emblematica:E003073,2803,144,0.44236092441353086,0.2,0.09436197655585271,0.0,0.006944444444444444,0.013888888888888888,6.0,4.0
emblematica:E003074,2803,474,0.5832504105334235,0.5,0.16688763281626734,0.0,0.004219409282700422,0.008438818565400843,20.0,4.0
emblematica:E003075,2803,457,0.8824665955977139,1.0,0.25622204070618004,0.002188183807439825,0.0087527352297593,0.0175054704595186,17.0,4.0
emblematica:E003076,2803,399,0.68733327111955,0.25,0.2624651326037423,0.0,0.005012531328320802,0.017543859649122806,21.0,4.0
emblematica:E003077,2803,193,0.36155667252569756,0.1,0.09013682727850321,0.0,0.0,0.0051813471502590676,10.0,4.0
emblematica:E003078,2803,502,0.9477344873475497,1.0,0.33283956582319013,0.00199203187250996,0.0099601593625498,0.017928286852589643,18.0,4.0
emblematica:E003079,2803,429,0.721315516335957,1.0,0.24335901868146342,0.002331002331002331,0.006993006993006993,0.011655011655011656,9.0,4.0
emblematica:E003080,2803,334,0.9053206285482487,1.0,0.27113340653908424,0.0029940119760479044,0.014970059880239521,0.023952095808383235,4.5,4.0
emblematica:E003081,2803,383,0.9432379215722525,1.0,0.2833551428372446,0.0026109660574412533,0.010443864229765013,0.02349869451697128,12.0,4.0
emblematica:E003082,2803,70,0.606817551017145,0.5,0.09064231399826828,0.0,0.02857142857142857,0.05714285714285714,4.0,4.0
emblematica:E003083,2803,128,0.766458184674694,1.0,0.11774321803847,0.0078125,0.03125,0.046875,5.0,4.5
emblematica:E003084,2803,460,0.9368077570869661,1.0,0.31992389386039105,0.002173913043478261,0.008695652173913044,0.01956521739130435,18.0,4.0
emblematica:E003085,2803,446,0.7726871936708402,1.0,0.26070901939641206,0.002242152466367713,0.006726457399103139,0.013452914798206279,9.0,5.0
emblematica:E003086,2803,5,0.188642314100963,0.14285714285714285,0.03970684198174009,0.0,0.0,0.2,3.5,3.5
emblematica:E003768,2803,260,1.0,1.0,0.44069858351317276,0.0038461538461538464,0.019230769230769232,0.038461538461538464,11.0,4.0
emblematica:E003769,2803,335,1.0,1.0,0.4669530032650682,0.0029850746268656717,0.014925373134328358,0.029850746268656716,4.0,5.0
emblematica:E003770,2803,235,1.0,1.0,0.5193986215463378,0.00425531914893617,0.02127659574468085,0.0425531914893617,21.0,4.0
emblematica:E003771,2803,191,1.0,1.0,0.5566681293762712,0.005235602094240838,0.02617801047120419,0.05235602094240838,28.5,4.0
emblematica:E003772,2803,277,0.8532721558012798,0.5,0.30827538496619017,0.0,0.01444043321299639,0.032490974729241874,4.0,5.0
emblematica:E003773,2803,433,1.0,1.0,0.4025167355958448,0.0023094688221709007,0.011547344110854504,0.023094688221709007,21.0,4.0
emblematica:E003774,2803,274,0.9240201235975981,1.0,0.3168731276578028,0.0036496350364963502,0.01824817518248175,0.029197080291970802,11.0,5.0
emblematica:E003775,2803,270,1.0,1.0,0.3606799665840375,0.003703703703703704,0.018518518518518517,0.037037037037037035,17.0,4.0
emblematica:E003776,2803,438,1.0,1.0,0.40378374967732866,0.00228310502283105,0.01141552511415525,0.0228310502283105,23.0,4.0
emblematica:E003777,2803,312,1.0,1.0,0.4833329112555339,0.003205128205128205,0.016025641025641024,0.03205128205128205,23.5,4.0
emblematica:E003778,2803,427,0.8379347378101539,1.0,0.39529223000050107,0.00234192037470726,0.00936768149882904,0.01639344262295082,20.5,4.0
emblematica:E003779,2803,260,0.9558305176970738,1.0,0.42030419056956386,0.0038461538461538464,0.019230769230769232,0.03461538461538462,5.0,5.0
emblematica:E003780,2803,209,0.8600308552328548,1.0,0.28320719227838337,0.004784688995215311,0.014354066985645933,0.03827751196172249,14.5,4.0
emblematica:E003781,2803,579,0.9575861412006987,1.0,0.3859637498191598,0.0017271157167530224,0.008635578583765112,0.015544041450777202,7.5,4.0
emblematica:E003782,2803,379,1.0,1.0,0.3965192865645453,0.002638522427440633,0.013192612137203167,0.026385224274406333,12.0,4.5
emblematica:E003783,2803,482,0.8204439137967913,1.0,0.3564245309128821,0.002074688796680498,0.008298755186721992,0.014522821576763486,6.0,4.0
emblematica:E003784,2803,521,1.0,1.0,0.39973644901783034,0.0019193857965451055,0.009596928982725527,0.019193857965451054,13.5,4.0
emblematica:E003785,2803,463,1.0,1.0,0.41298611238917426,0.0021598272138228943,0.01079913606911447,0.02159827213822894,21.0,4.0
emblematica:E003786,2803,234,1.0,1.0,0.44313615930973904,0.004273504273504274,0.021367521367521368,0.042735042735042736,3.0,4.0
emblematica:E003787,2803,460,0.9048032373092417,1.0,0.33962185801953104,0.002173913043478261,0.010869565217391304,0.017391304347826087,11.0,5.0
emblematica:E003788,2803,214,1.0,1.0,0.4438281800185365,0.004672897196261682,0.02336448598130841,0.04672897196261682,10.0,4.0
emblematica:E003789,2803,218,1.0,1.0,0.479215831850876,0.0045871559633027525,0.022935779816513763,0.045871559633027525,9.0,4.0
emblematica:E003790,2803,202,1.0,1.0,0.46407604824933685,0.0049504950495049506,0.024752475247524754,0.04950495049504951,38.0,4.0
emblematica:E003791,2803,216,1.0,1.0,0.524003378789329,0.004629629629629629,0.023148148148148147,0.046296296296296294,38.0,4.0
emblematica:E003792,2803,311,0.9146073756203552,1.0,0.43678377641868066,0.003215434083601286,0.01607717041800643,0.02572347266881029,3.0,4.0
emblematica:E003793,2803,300,1.0,1.0,0.38506483037751105,0.0033333333333333335,0.016666666666666666,0.03333333333333333,30.5,4.0
emblematica:E003794,2803,233,1.0,1.0,0.39788400125431883,0.004291845493562232,0.02145922746781116,0.04291845493562232,14.0,4.0
emblematica:E003795,2803,189,1.0,1.0,0.5521030937945287,0.005291005291005291,0.026455026455026454,0.05291005291005291,21.0,4.0
emblematica:E003796,2803,538,1.0,1.0,0.4666521753913224,0.0018587360594795538,0.00929368029739777,0.01858736059479554,6.0,5.0
emblematica:E003797,2803,258,1.0,1.0,0.4697216243554187,0.003875968992248062,0.01937984496124031,0.03875968992248062,16.0,4.0
emblematica:E003798,2803,189,1.0,1.0,0.41445318303409595,0.005291005291005291,0.026455026455026454,0.05291005291005291,8.0,4.0
emblematica:E003799,2803,298,1.0,1.0,0.4123420660699421,0.003355704697986577,0.016778523489932886,0.03355704697986577,16.0,4.0
emblematica:E003800,2803,332,1.0,1.0,0.4603527104271331,0.0030120481927710845,0.015060240963855422,0.030120481927710843,7.0,4.0
emblematica:E003801,2803,227,0.7433675107887383,0.5,0.2720584737728192,0.0,0.00881057268722467,0.02643171806167401,6.0,5.0
emblematica:E003802,2803,553,1.0,1.0,0.48151957127142686,0.0018083182640144665,0.009041591320072333,0.018083182640144666,11.0,5.0
emblematica:E003803,2803,301,1.0,1.0,0.3999762456747085,0.0033222591362126247,0.016611295681063124,0.03322259136212625,3.0,4.0
emblematica:E003804,2803,302,0.9368077570869661,1.0,0.41081009807158836,0.0033112582781456954,0.013245033112582781,0.029801324503311258,2.0,6.0
emblematica:E003805,2803,212,1.0,1.0,0.5167607789072793,0.0047169811320754715,0.02358490566037736,0.04716981132075472,36.0,4.0
emblematica:E003806,2803,213,0.9074250374176303,1.0,0.3906100464308534,0.004694835680751174,0.018779342723004695,0.04225352112676056,10.0,4.0
emblematica:E003807,2803,419,1.0,1.0,0.4372019201969834,0.002386634844868735,0.011933174224343675,0.02386634844868735,8.0,4.5
emblematica:E003808,2803,248,1.0,1.0,0.3502034586402528,0.004032258064516129,0.020161290322580645,0.04032258064516129,4.0,4.0
emblematica:E003809,2803,287,0.8043687202070532,1.0,0.3120872229616654,0.003484320557491289,0.013937282229965157,0.020905923344947737,19.5,5.0
emblematica:E003810,2803,141,0.755967100887734,0.25,0.29777951815353093,0.0,0.014184397163120567,0.03546099290780142,5.0,5.0
emblematica:E003811,2803,370,0.8201450440740853,0.5,0.25612008493336863,0.0,0.010810810810810811,0.021621621621621623,9.0,4.0
emblematica:E003813,2803,366,1.0,1.0,0.4331167075947343,0.00273224043715847,0.01366120218579235,0.0273224043715847,10.0,4.0
emblematica:E003814,2803,335,1.0,1.0,0.4871430155539414,0.0029850746268656717,0.014925373134328358,0.029850746268656716,10.5,4.0
emblematica:E003815,2803,352,0.9053206285482487,1.0,0.41427958628296596,0.002840909090909091,0.014204545454545454,0.022727272727272728,23.0,4.0
emblematica:E003816,2803,327,1.0,1.0,0.48265969176618795,0.0030581039755351682,0.01529051987767584,0.03058103975535168,15.5,4.0
emblematica:E003817,2803,324,1.0,1.0,0.43376893526686033,0.0030864197530864196,0.015432098765432098,0.030864197530864196,18.0,4.0
emblematica:E003818,2803,340,1.0,1.0,0.39269490904699167,0.0029411764705882353,0.014705882352941176,0.029411764705882353,16.0,4.0
emblematica:E003819,2803,365,0.9074250374176303,1.0,0.3562337190460229,0.0027397260273972603,0.010958904109589041,0.024657534246575342,18.0,4.0
emblematica:E003820,2803,342,1.0,1.0,0.5038976327171287,0.0029239766081871343,0.014619883040935672,0.029239766081871343,28.0,4.0
emblematica:E003821,2803,343,1.0,1.0,0.3688152055473367,0.0029154518950437317,0.014577259475218658,0.029154518950437316,14.5,4.0
emblematica:E003822,2803,334,1.0,1.0,0.4437913099146199,0.0029940119760479044,0.014970059880239521,0.029940119760479042,25.0,4.0
emblematica:E003823,2803,423,1.0,1.0,0.4501659060126441,0.002364066193853428,0.01182033096926714,0.02364066193853428,15.5,4.0
emblematica:E003824,2803,358,1.0,1.0,0.41449657088381525,0.002793296089385475,0.013966480446927373,0.027932960893854747,9.5,5.0
emblematica:E003825,2803,105,0.7763534126112566,0.3333333333333333,0.48285429162883375,0.0,0.02857142857142857,0.06666666666666667,5.5,4.0
emblematica:E003826,2803,359,1.0,1.0,0.4454398887509601,0.002785515320334262,0.013927576601671309,0.027855153203342618,15.0,4.0
emblematica:E003827,2803,234,1.0,1.0,0.5587697308308137,0.004273504273504274,0.021367521367521368,0.042735042735042736,40.0,4.0
emblematica:E003828,2803,239,1.0,1.0,0.514996544402662,0.0041841004184100415,0.02092050209205021,0.04184100418410042,16.0,4.0
emblematica:E003829,2803,463,1.0,1.0,0.48332395742892525,0.0021598272138228943,0.01079913606911447,0.02159827213822894,8.0,5.0
emblematica:E003830,2803,155,0.6909657483129954,0.3333333333333333,0.11990324532912806,0.0,0.0064516129032258064,0.01935483870967742,6.0,5.0
emblematica:E003831,2803,329,0.8606337550063157,1.0,0.33384451327617476,0.00303951367781155,0.015197568389057751,0.02127659574468085,6.0,4.0
emblematica:E003832,2803,357,1.0,1.0,0.3811165370408428,0.0028011204481792717,0.014005602240896359,0.028011204481792718,12.0,4.0
emblematica:E003833,2803,327,1.0,1.0,0.4521511114814121,0.0030581039755351682,0.01529051987767584,0.03058103975535168,15.0,4.0
emblematica:E003834,2803,465,1.0,1.0,0.45599423615663276,0.002150537634408602,0.010752688172043012,0.021505376344086023,36.0,4.0
emblematica:E003835,2803,272,1.0,1.0,0.44946050037897267,0.003676470588235294,0.01838235294117647,0.03676470588235294,11.0,5.0
emblematica:E003836,2803,215,1.0,1.0,0.5216113483499641,0.004651162790697674,0.023255813953488372,0.046511627906976744,17.0,4.0
emblematica:E003837,2803,222,1.0,1.0,0.4761555421837275,0.0045045045045045045,0.02252252252252252,0.04504504504504504,13.5,4.0
emblematica:E003838,2803,280,1.0,1.0,0.4825844853904276,0.0035714285714285713,0.017857142857142856,0.03571428571428571,11.0,5.0
emblematica:E003839,2803,142,0.8532721558012798,0.5,0.5615728967796666,0.0,0.028169014084507043,0.06338028169014084,7.0,4.0
emblematica:E003840,2803,409,0.9063183365240397,1.0,0.3354272357500428,0.0024449877750611247,0.009779951100244499,0.019559902200488997,27.0,4.0
emblematica:E003841,2803,257,1.0,1.0,0.3803052885229162,0.0038910505836575876,0.019455252918287938,0.038910505836575876,19.0,4.0
emblematica:E003843,2803,266,1.0,1.0,0.43045584149674787,0.0037593984962406013,0.018796992481203006,0.03759398496240601,11.0,4.0
emblematica:E003844,2803,231,1.0,1.0,0.4779642687799105,0.004329004329004329,0.021645021645021644,0.04329004329004329,25.0,4.0
emblematica:E003846,2803,239,1.0,1.0,0.4553215306587645,0.0041841004184100415,0.02092050209205021,0.04184100418410042,4.5,4.5
emblematica:E003847,2803,365,1.0,1.0,0.4199178827050209,0.0027397260273972603,0.0136986301369863,0.0273972602739726,37.0,4.0
emblematica:E003848,2803,476,1.0,1.0,0.436323819249958,0.0021008403361344537,0.01050420168067227,0.02100840336134454,45.0,4.0
emblematica:E003849,2803,149,0.8313928408361743,1.0,0.2542549123457968,0.006711409395973154,0.020134228187919462,0.04697986577181208,4.0,5.0
emblematica:E003850,2803,424,0.83761533320952,1.0,0.24288512006649005,0.0023584905660377358,0.007075471698113208,0.01650943396226415,7.0,5.0
emblematica:E003851,2803,444,0.8943938982876649,1.0,0.3392440277086926,0.0022522522522522522,0.009009009009009009,0.018018018018018018,34.0,4.0
emblematica:E003852,2803,328,1.0,1.0,0.3616753998646552,0.003048780487804878,0.01524390243902439,0.03048780487804878,23.5,4.0
emblematica:E003853,2803,265,1.0,1.0,0.4138707938987689,0.0037735849056603774,0.018867924528301886,0.03773584905660377,9.5,5.0
emblematica:E003854,2803,285,1.0,1.0,0.42943876046378743,0.0035087719298245615,0.017543859649122806,0.03508771929824561,25.0,4.0
emblematica:E003855,2803,328,0.8335573141981405,1.0,0.32982106298358665,0.003048780487804878,0.012195121951219513,0.021341463414634148,25.0,5.0
emblematica:E003856,2803,218,0.9112986599095139,1.0,0.4072851330431998,0.0045871559633027525,0.022935779816513763,0.03669724770642202,13.0,4.0
emblematica:E003857,2803,652,1.0,1.0,0.48102189460346007,0.0015337423312883436,0.007668711656441718,0.015337423312883436,26.5,4.0
emblematica:E003858,2803,610,0.8475402580516587,0.5,0.4354138273165185,0.0,0.006557377049180328,0.013114754098360656,12.0,5.0
emblematica:E003859,2803,252,0.8532721558012798,0.5,0.433636309368248,0.0,0.015873015873015872,0.03571428571428571,40.0,4.0
emblematica:E003860,2803,456,1.0,1.0,0.4418495429421188,0.0021929824561403508,0.010964912280701754,0.021929824561403508,14.0,4.0
emblematica:E003861,2803,369,1.0,1.0,0.4588796763246073,0.0027100271002710027,0.013550135501355014,0.02710027100271003,13.0,4.0
emblematica:E003862,2803,548,1.0,1.0,0.3857250363570313,0.0018248175182481751,0.009124087591240875,0.01824817518248175,42.5,4.0
emblematica:E003863,2803,268,1.0,1.0,0.40502608406844764,0.0037313432835820895,0.018656716417910446,0.03731343283582089,12.5,4.0
emblematica:E003864,2803,302,1.0,1.0,0.3794854524456358,0.0033112582781456954,0.016556291390728478,0.033112582781456956,28.5,4.0
emblematica:E003865,2803,196,0.8899541168509599,0.5,0.48190512286919407,0.0,0.02040816326530612,0.04591836734693878,7.0,4.0
emblematica:E003866,2803,285,0.9368077570869661,1.0,0.384232518050617,0.0035087719298245615,0.014035087719298246,0.031578947368421054,45.0,4.0
emblematica:E003867,2803,264,0.8376886041985097,0.5,0.37730580744855313,0.0,0.015151515151515152,0.030303030303030304,10.0,4.0
emblematica:E003868,2803,264,0.9668728882728055,1.0,0.4255332350774584,0.003787878787878788,0.01893939393939394,0.03409090909090909,17.0,4.0
emblematica:E003869,2803,383,1.0,1.0,0.474868581717685,0.0026109660574412533,0.013054830287206266,0.02610966057441253,11.0,5.0
emblematica:E003870,2803,361,1.0,1.0,0.4416327322112531,0.002770083102493075,0.013850415512465374,0.027700831024930747,40.0,4.0
emblematica:E003871,2803,331,1.0,1.0,0.4063320231734488,0.0030211480362537764,0.015105740181268883,0.030211480362537766,11.0,5.0
emblematica:E003872,2803,235,0.8803485966094551,1.0,0.4126303028740176,0.00425531914893617,0.01702127659574468,0.03404255319148936,11.0,4.5
emblematica:E003873,2803,205,1.0,1.0,0.38024485020248294,0.004878048780487805,0.024390243902439025,0.04878048780487805,9.5,4.0
emblematica:E003874,2803,313,1.0,1.0,0.41218049468316514,0.003194888178913738,0.01597444089456869,0.03194888178913738,17.0,4.0
emblematica:E003875,2803,252,1.0,1.0,0.43576866516393853,0.003968253968253968,0.01984126984126984,0.03968253968253968,40.0,4.0
emblematica:E003876,2803,231,1.0,1.0,0.4824753459739907,0.004329004329004329,0.021645021645021644,0.04329004329004329,6.5,4.0
emblematica:E003877,2803,271,0.6690711350697994,1.0,0.2115993385689815,0.0036900369003690036,0.007380073800738007,0.014760147601476014,36.0,4.0
emblematica:E003878,2803,201,0.9178902068468359,1.0,0.36834697274141237,0.004975124378109453,0.01990049751243781,0.03980099502487562,5.5,4.0
emblematica:E003879,2803,327,0.7929581565731633,1.0,0.24927889046353938,0.0030581039755351682,0.009174311926605505,0.01529051987767584,18.0,4.5
emblematica:E003880,2803,353,0.9537125187088151,1.0,0.3662618328729046,0.0028328611898017,0.014164305949008499,0.025495750708215296,21.0,4.0
emblematica:E003881,2803,230,0.865011178618329,1.0,0.3568928282322693,0.004347826086956522,0.017391304347826087,0.034782608695652174,9.0,4.0
emblematica:E003882,2803,239,0.9575861412006987,1.0,0.371782576627663,0.0041841004184100415,0.02092050209205021,0.03765690376569038,40.0,4.0
emblematica:E003883,2803,219,0.9477344873475497,1.0,0.3369292169232519,0.0045662100456621,0.0228310502283105,0.0410958904109589,8.0,4.0
emblematica:E003884,2803,256,0.942140648386019,1.0,0.30561634989394926,0.00390625,0.01953125,0.03515625,13.0,4.0
emblematica:E003885,2803,436,1.0,1.0,0.4236526719300925,0.0022935779816513763,0.011467889908256881,0.022935779816513763,11.0,4.0
emblematica:E004091,2803,297,1.0,1.0,0.2866395483663976,0.003367003367003367,0.016835016835016835,0.03367003367003367,22.0,5.0
emblematica:E004092,2803,154,0.6353138920787441,0.25,0.15845587065085925,0.0,0.012987012987012988,0.032467532467532464,18.0,3.0
emblematica:E004093,2803,366,0.9432379215722525,1.0,0.3246614193903156,0.00273224043715847,0.01092896174863388,0.02459016393442623,59.0,3.0
emblematica:E004094,2803,141,0.9432379215722525,1.0,0.35333053430440536,0.0070921985815602835,0.028368794326241134,0.06382978723404255,17.5,3.5
emblematica:E004095,2803,183,0.48006117753205335,1.0,0.21731657844282318,0.00546448087431694,0.00546448087431694,0.00546448087431694,10.5,6.0
emblematica:E004096,2803,246,0.8878984756873928,1.0,0.27362404949679753,0.0040650406504065045,0.016260162601626018,0.032520325203252036,16.0,3.0
emblematica:E004097,2803,145,0.8943938982876649,1.0,0.37482148028394535,0.006896551724137931,0.027586206896551724,0.05517241379310345,10.0,3.0
emblematica:E004098,2803,145,0.7893454817437576,1.0,0.2130991483845112,0.006896551724137931,0.027586206896551724,0.041379310344827586,10.0,3.0
emblematica:E004099,2803,141,0.9510907186004266,1.0,0.36427421825153544,0.0070921985815602835,0.03546099290780142,0.06382978723404255,2.0,3.0
emblematica:E004100,2803,121,1.0,1.0,0.371091328023464,0.008264462809917356,0.04132231404958678,0.08264462809917356,3.0,5.0
emblematica:E004101,2803,277,0.8161018972187557,1.0,0.3101203830869206,0.0036101083032490976,0.01444043321299639,0.02527075812274368,2.0,5.0
emblematica:E004102,2803,142,0.9432379215722525,1.0,0.3218744727871277,0.007042253521126761,0.028169014084507043,0.06338028169014084,11.0,4.0
emblematica:E004103,2803,441,0.9008240627729515,1.0,0.28344810376151064,0.0022675736961451248,0.009070294784580499,0.018140589569160998,13.0,3.5
emblematica:E004104,2803,219,1.0,1.0,0.26959513029078686,0.0045662100456621,0.0228310502283105,0.045662100456621,12.5,4.5
emblematica:E004105,2803,118,0.8519147813733781,1.0,0.280288293470281,0.00847457627118644,0.03389830508474576,0.059322033898305086,1.0,5.0
emblematica:E004106,2803,142,0.9008240627729515,1.0,0.41504866058877987,0.007042253521126761,0.028169014084507043,0.056338028169014086,4.0,4.0
emblematica:E004107,2803,268,0.7734390045175162,1.0,0.23502330952261136,0.0037313432835820895,0.011194029850746268,0.022388059701492536,2.0,5.0
emblematica:E004108,2803,287,0.9575861412006987,1.0,0.32114137480807664,0.003484320557491289,0.017421602787456445,0.0313588850174216,5.0,4.0
emblematica:E004109,2803,138,0.8254612838486163,1.0,0.28626936869540603,0.007246376811594203,0.028985507246376812,0.050724637681159424,1.0,5.0
emblematica:E004110,2803,153,1.0,1.0,0.34794076208054575,0.006535947712418301,0.032679738562091505,0.06535947712418301,3.0,5.0
emblematica:E004111,2803,43,0.42590829591570295,0.5,0.05299025885550956,0.0,0.023255813953488372,0.023255813953488372,2.0,3.5
emblematica:E004112,2803,353,0.8111783223351559,1.0,0.25184538322941674,0.0028328611898017,0.0084985835694051,0.019830028328611898,44.5,5.0
emblematica:E004113,2803,23,0.3333333333333333,0.030303030303030304,0.020157584549889685,0.0,0.0,0.0,5.0,3.0
emblematica:E004114,2803,66,0.3333333333333333,0.045454545454545456,0.02746977689714892,0.0,0.0,0.0,2.0,4.0
emblematica:E004115,2803,42,0.4748175773152763,0.5,0.07988804348560753,0.0,0.023809523809523808,0.07142857142857142,3.0,3.0
emblematica:E004116,2803,136,0.909543036405889,1.0,0.22911210234022542,0.007352941176470588,0.03676470588235294,0.058823529411764705,3.5,4.5
emblematica:E004117,2803,376,0.8632555551147042,1.0,0.28134148536717435,0.0026595744680851063,0.010638297872340425,0.02127659574468085,17.0,2.0
emblematica:E004118,2803,181,0.8532721558012798,0.5,0.2494946744249641,0.0,0.022099447513812154,0.049723756906077346,3.0,5.0
emblematica:E004119,2803,129,0.5097468151516255,0.3333333333333333,0.1520233557295364,0.0,0.015503875968992248,0.023255813953488372,8.0,5.0
emblematica:E004120,2803,377,0.8943286401726791,1.0,0.3088070511298358,0.002652519893899204,0.010610079575596816,0.021220159151193633,23.0,4.0
emblematica:E004121,2803,126,0.9575861412006987,1.0,0.3731144915942006,0.007936507936507936,0.03968253968253968,0.07142857142857142,6.0,5.0
emblematica:E004122,2803,169,0.9209041801510187,1.0,0.30931293956638706,0.005917159763313609,0.029585798816568046,0.047337278106508875,15.5,3.5
emblematica:E004123,2803,118,0.8546557236450504,1.0,0.2922070886745351,0.00847457627118644,0.0423728813559322,0.059322033898305086,2.0,6.0
emblematica:E004124,2803,76,0.38224261473290666,0.14285714285714285,0.03568052338952418,0.0,0.0,0.013157894736842105,22.5,3.0
emblematica:E004125,2803,179,0.5939515894668144,0.1,0.10992208762109633,0.0,0.0,0.00558659217877095,6.0,4.0
emblematica:E004126,2803,290,0.9575861412006987,1.0,0.2861532818137381,0.0034482758620689655,0.017241379310344827,0.03103448275862069,14.0,4.5
emblematica:E004127,2803,182,0.43638289305226546,0.2,0.1157487365774179,0.0,0.005494505494505495,0.01098901098901099,4.0,4.5
emblematica:E004128,2803,283,0.9575861412006987,1.0,0.35035251067172707,0.0035335689045936395,0.0176678445229682,0.03180212014134275,23.0,4.0
emblematica:E004129,2803,137,0.8590331472570637,1.0,0.2953959131464729,0.0072992700729927005,0.0364963503649635,0.051094890510948905,3.0,4.0
emblematica:E004130,2803,116,0.8777267965010666,1.0,0.4338939313443835,0.008620689655172414,0.034482758620689655,0.06896551724137931,59.0,4.5
emblematica:E004131,2803,116,0.5221550109981774,0.3333333333333333,0.14870648461515376,0.0,0.017241379310344827,0.02586206896551724,100.5,4.5
emblematica:E004132,2803,116,0.9432379215722525,1.0,0.46691880408709824,0.008620689655172414,0.034482758620689655,0.07758620689655173,100.5,4.5
emblematica:E004133,2803,116,1.0,1.0,0.366295792820225,0.008620689655172414,0.04310344827586207,0.08620689655172414,100.5,4.5
emblematica:E004134,2803,116,1.0,1.0,0.43161486352956396,0.008620689655172414,0.04310344827586207,0.08620689655172414,100.5,4.5
emblematica:E004135,2803,116,0.44640027824800127,1.0,0.10287283334427909,0.008620689655172414,0.008620689655172414,0.008620689655172414,100.5,4.5
emblematica:E004136,2803,116,0.9368077570869661,1.0,0.4495410570924342,0.008620689655172414,0.034482758620689655,0.07758620689655173,100.5,4.5
emblematica:E004137,2803,116,0.8532721558012798,0.5,0.37247389924705926,0.0,0.034482758620689655,0.07758620689655173,100.5,4.5
emblematica:E004138,2803,116,0.8182198962070145,1.0,0.40634359783167634,0.008620689655172414,0.04310344827586207,0.05172413793103448,100.5,4.5
emblematica:E004139,2803,116,0.7079404827433218,1.0,0.22735428250982997,0.008620689655172414,0.02586206896551724,0.04310344827586207,100.5,4.5
emblematica:E004140,2803,116,1.0,1.0,0.35631984814886775,0.008620689655172414,0.04310344827586207,0.08620689655172414,100.5,4.5
emblematica:E004141,2803,116,1.0,1.0,0.3916349179988781,0.008620689655172414,0.04310344827586207,0.08620689655172414,100.5,4.5
emblematica:E004142,2803,116,0.9432379215722525,1.0,0.42980262400832686,0.008620689655172414,0.034482758620689655,0.07758620689655173,100.5,4.5
emblematica:E004143,2803,116,0.3333333333333333,0.09090909090909091,0.09747755472223874,0.0,0.0,0.0,100.5,4.5
emblematica:E004144,2803,116,0.8069846745100949,0.5,0.3543861127343835,0.0,0.034482758620689655,0.06896551724137931,100.5,4.5
emblematica:E004145,2803,116,0.8671291776065879,1.0,0.33998079548661553,0.008620689655172414,0.04310344827586207,0.0603448275862069,100.5,4.5
emblematica:E004146,2803,116,0.6639592803132977,1.0,0.2170510594127918,0.008620689655172414,0.017241379310344827,0.034482758620689655,100.5,4.5
emblematica:E004147,2803,116,0.3900954117610806,0.2,0.21798648018001018,0.0,0.008620689655172414,0.008620689655172414,100.5,4.5
emblematica:E004148,2803,116,0.8082491001905818,1.0,0.26490177912459234,0.008620689655172414,0.02586206896551724,0.0603448275862069,100.5,4.5
emblematica:E004149,2803,116,0.7156615343112205,0.5,0.19287128006955595,0.0,0.034482758620689655,0.05172413793103448,100.5,4.5
emblematica:E004150,2803,116,1.0,1.0,0.45081343500754945,0.008620689655172414,0.04310344827586207,0.08620689655172414,100.5,4.5
emblematica:E004151,2803,116,0.3333333333333333,0.045454545454545456,0.12432276442917603,0.0,0.0,0.0,100.5,4.5
emblematica:E004152,2803,116,0.6852288622501684,0.5,0.24242095864482452,0.0,0.02586206896551724,0.05172413793103448,100.5,4.5
emblematica:E004153,2803,116,0.618923621405608,1.0,0.2241473177941437,0.008620689655172414,0.017241379310344827,0.02586206896551724,100.5,4.5
emblematica:E004154,2803,116,0.9134166588977728,1.0,0.24738726383109516,0.008620689655172414,0.04310344827586207,0.06896551724137931,100.5,4.5
emblematica:E004155,2803,116,0.5458626172564842,0.5,0.25568331223226937,0.0,0.02586206896551724,0.02586206896551724,100.5,4.5
emblematica:E004156,2803,116,0.8502244159847389,1.0,0.32088400291548325,0.008620689655172414,0.034482758620689655,0.0603448275862069,100.5,4.5
emblematica:E004157,2803,116,0.7877736340270853,1.0,0.26924919057932317,0.008620689655172414,0.02586206896551724,0.0603448275862069,100.5,4.5
emblematica:E004158,2803,116,0.909543036405889,1.0,0.2910867182693597,0.008620689655172414,0.04310344827586207,0.06896551724137931,100.5,4.5
emblematica:E004159,2803,116,1.0,1.0,0.5497052746889179,0.008620689655172414,0.04310344827586207,0.08620689655172414,100.5,4.5
emblematica:E004160,2803,116,1.0,1.0,0.3930955026471168,0.008620689655172414,0.04310344827586207,0.08620689655172414,100.5,4.5
emblematica:E004161,2803,116,1.0,1.0,0.44829478420399593,0.008620689655172414,0.04310344827586207,0.08620689655172414,100.5,4.5
emblematica:E004162,2803,116,1.0,1.0,0.32643226336131254,0.008620689655172414,0.04310344827586207,0.08620689655172414,100.5,4.5
emblematica:E004163,2803,116,1.0,1.0,0.5387793219261707,0.008620689655172414,0.04310344827586207,0.08620689655172414,100.5,4.5
emblematica:E004164,2803,116,1.0,1.0,0.4830392924286487,0.008620689655172414,0.04310344827586207,0.08620689655172414,100.5,4.5
emblematica:E004165,2803,116,1.0,1.0,0.4489771833375002,0.008620689655172414,0.04310344827586207,0.08620689655172414,100.5,4.5
emblematica:E004166,2803,116,1.0,1.0,0.4008076649063335,0.008620689655172414,0.04310344827586207,0.08620689655172414,100.5,4.5
emblematica:E004167,2803,116,1.0,1.0,0.4064714216380698,0.008620689655172414,0.04310344827586207,0.08620689655172414,100.5,4.5
emblematica:E004168,2803,116,0.8083682423538655,1.0,0.33667863183726277,0.008620689655172414,0.04310344827586207,0.05172413793103448,100.5,4.5
emblematica:E004169,2803,116,1.0,1.0,0.5444318794506364,0.008620689655172414,0.04310344827586207,0.08620689655172414,100.5,4.5
emblematica:E004170,2803,116,0.9510907186004266,1.0,0.3257611712615087,0.008620689655172414,0.04310344827586207,0.07758620689655173,100.5,4.5
emblematica:E004171,2803,116,0.9537125187088151,1.0,0.4095834932837672,0.008620689655172414,0.04310344827586207,0.07758620689655173,100.5,4.5
emblematica:E004172,2803,116,1.0,1.0,0.424909819698751,0.008620689655172414,0.04310344827586207,0.08620689655172414,100.5,4.5
emblematica:E004173,2803,116,1.0,1.0,0.4658350574788425,0.008620689655172414,0.04310344827586207,0.08620689655172414,100.5,4.5
emblematica:E004174,2803,116,0.9575861412006987,1.0,0.39175768412518497,0.008620689655172414,0.04310344827586207,0.07758620689655173,100.5,4.5
emblematica:E004175,2803,116,1.0,1.0,0.4477394451251341,0.008620689655172414,0.04310344827586207,0.08620689655172414,100.5,4.5
emblematica:E004176,2803,116,1.0,1.0,0.45170984375282897,0.008620689655172414,0.04310344827586207,0.08620689655172414,100.5,4.5
emblematica:E004177,2803,116,1.0,1.0,0.33699323275018617,0.008620689655172414,0.04310344827586207,0.08620689655172414,100.5,4.5
emblematica:E004178,2803,116,1.0,1.0,0.5611736725233937,0.008620689655172414,0.04310344827586207,0.08620689655172414,100.5,4.5
emblematica:E004179,2803,116,1.0,1.0,0.2792664615917772,0.008620689655172414,0.04310344827586207,0.08620689655172414,100.5,4.5
emblematica:E004180,2803,116,0.7027621406415304,1.0,0.31097629289288453,0.008620689655172414,0.034482758620689655,0.034482758620689655,100.5,4.5
emblematica:E004181,2803,116,0.4748175773152763,0.5,0.12039474470723946,0.0,0.008620689655172414,0.017241379310344827,100.5,4.5
emblematica:E004182,2803,116,0.7516061639261181,1.0,0.16908718809209833,0.008620689655172414,0.034482758620689655,0.04310344827586207,100.5,4.5
emblematica:E004183,2803,116,0.7979589033322887,1.0,0.24508577032315612,0.008620689655172414,0.034482758620689655,0.05172413793103448,100.5,4.5
emblematica:E004184,2803,116,0.5481814994146365,0.5,0.17881465847391376,0.0,0.017241379310344827,0.02586206896551724,100.5,4.5
emblematica:E004185,2803,116,0.7469316229444565,1.0,0.15449223636292633,0.008620689655172414,0.034482758620689655,0.04310344827586207,100.5,4.5
emblematica:E004186,2803,116,0.5315796557430237,0.5,0.15215957112191442,0.0,0.017241379310344827,0.02586206896551724,100.5,4.5
emblematica:E004187,2803,116,0.5861584770675266,0.25,0.11202082445756592,0.0,0.017241379310344827,0.04310344827586207,100.5,4.5
emblematica:E004188,2803,116,0.7055069625078351,1.0,0.18527708540773385,0.008620689655172414,0.017241379310344827,0.04310344827586207,100.5,4.5
emblematica:E004189,2803,116,0.8437289933844666,1.0,0.19150923564984676,0.008620689655172414,0.034482758620689655,0.0603448275862069,100.5,4.5
emblematica:E004190,2803,116,0.8335573141981405,1.0,0.25249992264946197,0.008620689655172414,0.034482758620689655,0.0603448275862069,100.5,4.5
emblematica:E004191,2803,116,0.7989584679043997,1.0,0.32731331766133487,0.008620689655172414,0.04310344827586207,0.05172413793103448,100.5,4.5
emblematica:E004192,2803,116,0.7614578177792671,1.0,0.24120203336169121,0.008620689655172414,0.034482758620689655,0.04310344827586207,100.5,4.5
emblematica:E004193,2803,116,0.7162247929657478,1.0,0.1774620338949256,0.008620689655172414,0.017241379310344827,0.04310344827586207,100.5,4.5
emblematica:E004194,2803,116,0.9575861412006987,1.0,0.4620149414700931,0.008620689655172414,0.04310344827586207,0.07758620689655173,100.5,4.5
emblematica:E004195,2803,116,0.7027621406415304,1.0,0.09740233829172759,0.008620689655172414,0.034482758620689655,0.034482758620689655,100.5,4.5
emblematica:E004196,2803,116,0.9510907186004266,1.0,0.3939750704424034,0.008620689655172414,0.04310344827586207,0.07758620689655173,100.5,4.5
emblematica:E004197,2803,116,0.8182198962070145,1.0,0.16121569765835336,0.008620689655172414,0.04310344827586207,0.05172413793103448,100.5,4.5
emblematica:E004198,2803,116,0.8519147813733781,1.0,0.2590746794089722,0.008620689655172414,0.034482758620689655,0.0603448275862069,100.5,4.5
emblematica:E004199,2803,116,0.8718192825782572,1.0,0.38111001438253844,0.008620689655172414,0.034482758620689655,0.07758620689655173,100.5,4.5
emblematica:E004200,2803,116,1.0,1.0,0.325986204237505,0.008620689655172414,0.04310344827586207,0.08620689655172414,100.5,4.5
emblematica:E004201,2803,116,0.3775028156362593,0.1111111111111111,0.1821608239681546,0.0,0.0,0.008620689655172414,100.5,4.5
emblematica:E004202,2803,116,0.8645073774981994,1.0,0.16932902422596424,0.008620689655172414,0.04310344827586207,0.0603448275862069,100.5,4.5
emblematica:E004203,2803,116,0.48910053882873683,0.5,0.14294604689564733,0.0,0.017241379310344827,0.017241379310344827,100.5,4.5
emblematica:E004204,2803,116,0.9537125187088151,1.0,0.36710530944955905,0.008620689655172414,0.04310344827586207,0.07758620689655173,100.5,4.5
emblematica:E004205,2803,116,0.8885802557726605,1.0,0.36510088448716016,0.008620689655172414,0.04310344827586207,0.06896551724137931,100.5,4.5
emblematica:E004206,2803,116,0.6218483394642327,0.3333333333333333,0.16413345888865502,0.0,0.02586206896551724,0.04310344827586207,100.5,4.5
emblematica:E004207,2803,116,0.5539162974545516,0.3333333333333333,0.18390278225629736,0.0,0.017241379310344827,0.034482758620689655,100.5,4.5
emblematica:E004208,2803,116,0.48317417546358,0.2,0.15040786966226566,0.0,0.008620689655172414,0.02586206896551724,100.5,4.5
emblematica:E004209,2803,116,0.9558305176970738,1.0,0.37154684727091963,0.008620689655172414,0.04310344827586207,0.07758620689655173,100.5,4.5
emblematica:E004210,2803,116,0.8546557236450504,1.0,0.17782019219710316,0.008620689655172414,0.04310344827586207,0.0603448275862069,100.5,4.5
emblematica:E004211,2803,116,0.7070743061385582,1.0,0.21488306824848025,0.008620689655172414,0.02586206896551724,0.04310344827586207,100.5,4.5
emblematica:E004212,2803,116,1.0,1.0,0.5169168707776626,0.008620689655172414,0.04310344827586207,0.08620689655172414,100.5,4.5
emblematica:E004213,2803,116,0.7991971355969067,1.0,0.16940349665102164,0.008620689655172414,0.034482758620689655,0.05172413793103448,100.5,4.5
emblematica:E004214,2803,116,0.9477344873475497,1.0,0.285169307490229,0.008620689655172414,0.04310344827586207,0.07758620689655173,100.5,4.5
emblematica:E005119,2803,22,0.5026754184305812,1.0,0.06566962038071668,0.045454545454545456,0.045454545454545456,0.045454545454545456,1.0,6.0
emblematica:E005120,2803,188,0.6049435778423837,0.5,0.11149116898883871,0.0,0.015957446808510637,0.02127659574468085,2.0,4.0
emblematica:E005121,2803,18,0.47605580957989435,0.16666666666666666,0.20669313098527836,0.0,0.0,0.16666666666666666,1.5,3.0
emblematica:E005122,2803,47,0.6787460429468878,0.1111111111111111,0.09801366831980719,0.0,0.0,0.0425531914893617,6.5,4.0
emblematica:E005123,2803,57,0.5368232559598007,1.0,0.047955373566048586,0.017543859649122806,0.03508771929824561,0.03508771929824561,4.5,4.0
emblematica:E005124,2803,59,0.5295905243180277,0.5,0.11710283284267407,0.0,0.01694915254237288,0.05084745762711865,7.5,4.0
emblematica:E005125,2803,48,0.48006117753205335,1.0,0.04320399267651793,0.020833333333333332,0.020833333333333332,0.020833333333333332,6.5,5.0
emblematica:E005126,2803,81,0.40644726086092464,0.1111111111111111,0.05901276253776415,0.0,0.0,0.012345679012345678,8.0,4.0
emblematica:E005127,2803,58,0.6446164943700127,0.5,0.1156620054490625,0.0,0.034482758620689655,0.08620689655172414,9.0,5.0
emblematica:E005128,2803,79,0.5242306598349794,1.0,0.06753652382736201,0.012658227848101266,0.012658227848101266,0.02531645569620253,5.0,3.0
emblematica:E005129,2803,186,0.6846649966374541,0.3333333333333333,0.1473051215244409,0.0,0.010752688172043012,0.03225806451612903,18.0,4.0
emblematica:E005130,2803,279,0.8337581973680339,1.0,0.18403361100475585,0.0035842293906810036,0.010752688172043012,0.025089605734767026,25.0,3.0
emblematica:E005131,2803,67,0.40669725543269336,0.3333333333333333,0.04562385036219813,0.0,0.014925373134328358,0.014925373134328358,8.0,4.0
emblematica:E005132,2803,87,0.795323513105023,1.0,0.18186989100890485,0.011494252873563218,0.034482758620689655,0.08045977011494253,11.0,3.5
emblematica:E005133,2803,235,0.6459377043890915,1.0,0.11203367314222394,0.00425531914893617,0.00851063829787234,0.01702127659574468,1.0,5.0
emblematica:E005134,2803,62,0.6410593799472424,0.5,0.21373514318148623,0.0,0.04838709677419355,0.08064516129032258,4.0,3.0
emblematica:E005135,2803,33,0.3333333333333333,0.038461538461538464,0.012539208563132828,0.0,0.0,0.0,2.0,5.0
emblematica:E005136,2803,90,0.5494197316792544,0.3333333333333333,0.08959440838648357,0.0,0.011111111111111112,0.044444444444444446,10.0,3.5
emblematica:E005137,2803,708,0.3475238529402701,0.014285714285714285,0.18311446452660737,0.0,0.0,0.0,1.0,3.0
emblematica:E005138,2803,69,0.7585927843495285,0.5,0.191115095414309,0.0,0.057971014492753624,0.08695652173913043,1.5,5.0
emblematica:E005139,2803,182,0.6302689099315757,0.5,0.1056559394339379,0.0,0.02197802197802198,0.02197802197802198,2.0,3.0
emblematica:E005140,2803,105,0.635828383027457,1.0,0.08978592530260394,0.009523809523809525,0.02857142857142857,0.02857142857142857,1.0,5.0
emblematica:E005141,2803,23,0.37962081462451813,0.00909090909090909,0.011193389361989048,0.0,0.0,0.0,1.0,3.0
emblematica:E005142,2803,60,0.48055237535519146,0.2,0.11992124224030147,0.0,0.016666666666666666,0.05,3.0,5.0
emblematica:E005143,2803,181,0.4529847367238781,0.3333333333333333,0.09336017436797844,0.0,0.0055248618784530384,0.011049723756906077,5.5,4.0
emblematica:E005144,2803,85,0.7090998632202934,1.0,0.0799703261796114,0.011764705882352941,0.023529411764705882,0.03529411764705882,6.0,4.0
emblematica:E005145,2803,245,0.8171563536964211,1.0,0.19021120494942645,0.004081632653061225,0.012244897959183673,0.02857142857142857,12.0,3.0
emblematica:E005146,2803,109,0.4748175773152763,0.5,0.06702443938072257,0.0,0.009174311926605505,0.009174311926605505,6.0,4.0
emblematica:E005147,2803,114,0.7620807610626806,1.0,0.20594431583644865,0.008771929824561403,0.02631578947368421,0.043859649122807015,10.5,3.0
emblematica:E005148,2803,21,0.3931590350286057,0.005263157894736842,0.006857687363591272,0.0,0.0,0.0,1.0,4.5
emblematica:E005149,2803,9,0.38559884598578353,0.16666666666666666,0.026575190048553476,0.0,0.0,0.1111111111111111,1.5,3.0
emblematica:E005150,2803,46,0.6522810115252848,1.0,0.0954707779998227,0.021739130434782608,0.043478260869565216,0.06521739130434782,1.0,4.0
emblematica:E005151,2803,82,0.6249016527668733,1.0,0.09933886577610794,0.012195121951219513,0.024390243902439025,0.036585365853658534,6.0,3.0
emblematica:E005152,2803,47,0.4460799977081531,0.16666666666666666,0.025467462911553242,0.0,0.0,0.0425531914893617,3.0,3.5
emblematica:E005153,2803,34,0.3333333333333333,0.0019193857965451055,0.009741141984276,0.0,0.0,0.0,1.0,4.0
emblematica:E005154,2803,18,0.3333333333333333,0.010309278350515464,0.008563287228276468,0.0,0.0,0.0,1.0,5.0
emblematica:E005155,2803,205,0.42801270478508463,0.16666666666666666,0.15005582415128108,0.0,0.0,0.00975609756097561,3.0,4.0
emblematica:E005156,2803,37,0.34639971149644583,0.06666666666666667,0.01791789728390437,0.0,0.0,0.0,1.0,4.0
emblematica:E005157,2803,249,0.7297659136601294,1.0,0.16885627871647577,0.004016064257028112,0.012048192771084338,0.020080321285140562,6.0,5.0
emblematica:E005158,2803,187,0.40874258663137597,0.16666666666666666,0.10743223363972998,0.0,0.0,0.0053475935828877,1.0,5.0
emblematica:E005159,2803,11,0.3965249448151315,0.05263157894736842,0.02460130083750899,0.0,0.0,0.0,3.0,2.0
emblematica:E005160,2803,110,0.499272218015063,0.5,0.10933187271272855,0.0,0.01818181818181818,0.01818181818181818,11.0,4.0
emblematica:E005161,2803,37,0.3333333333333333,0.07142857142857142,0.017691808329690584,0.0,0.0,0.0,2.0,5.0
emblematica:E005162,2803,8,0.3333333333333333,0.004424778761061947,0.004740340309771443,0.0,0.0,0.0,2.0,4.5
emblematica:E005163,2803,231,0.8669714775850785,1.0,0.1789313008441341,0.004329004329004329,0.017316017316017316,0.030303030303030304,18.0,4.0
emblematica:E005164,2803,46,0.6629048238356321,1.0,0.08289370737730374,0.021739130434782608,0.043478260869565216,0.06521739130434782,2.5,3.0
emblematica:E005165,2803,156,0.7845587417162914,1.0,0.1593740760132087,0.00641025641025641,0.019230769230769232,0.038461538461538464,5.0,4.0
emblematica:E005166,2803,56,0.5432534204450873,1.0,0.1275277590397245,0.017857142857142856,0.03571428571428571,0.03571428571428571,3.0,5.0
emblematica:E005167,2803,81,0.6624526907116111,1.0,0.09402668473203701,0.012345679012345678,0.037037037037037035,0.04938271604938271,6.0,3.0
emblematica:E005168,2803,26,0.45328765467411447,0.25,0.1390972395825411,0.0,0.07692307692307693,0.07692307692307693,1.0,4.0
emblematica:E005169,2803,18,0.37574719213263447,0.1,0.023240845744674426,0.0,0.0,0.05555555555555555,1.0,4.0
emblematica:E005170,2803,202,0.8224396197975186,1.0,0.1522637242640072,0.0049504950495049506,0.01485148514851485,0.034653465346534656,6.0,3.0
emblematica:E005171,2803,230,0.7647378002042164,1.0,0.16473230114651136,0.004347826086956522,0.017391304347826087,0.021739130434782608,5.0,4.0
emblematica:E005172,2803,63,0.5268398566463763,0.5,0.06315884899105927,0.0,0.031746031746031744,0.031746031746031744,2.0,5.0
emblematica:E005173,2803,50,0.3333333333333333,0.06666666666666667,0.0775905780944757,0.0,0.0,0.0,1.0,6.0
emblematica:E005174,2803,175,0.42984099607828574,0.3333333333333333,0.10806894928628742,0.0,0.005714285714285714,0.005714285714285714,1.5,4.5
emblematica:E005175,2803,21,0.4494897258330722,0.027777777777777776,0.01607474471754136,0.0,0.0,0.0,1.0,2.5
emblematica:E005176,2803,227,0.38224261473290666,0.14285714285714285,0.136926848211651,0.0,0.0,0.004405286343612335,5.0,3.0
emblematica:E005177,2803,90,0.3333333333333333,0.08333333333333333,0.0342685743258584,0.0,0.0,0.0,6.5,4.5
emblematica:E005178,2803,175,0.38907468595905553,0.1111111111111111,0.08072082837211933,0.0,0.0,0.005714285714285714,11.0,3.0
emblematica:E005179,2803,26,0.6759712019987447,0.06666666666666667,0.019483063364139654,0.0,0.0,0.0,3.0,4.5
emblematica:E005180,2803,25,0.5890887686122509,0.2,0.01919914971756667,0.0,0.04,0.04,1.0,3.0
emblematica:E005181,2803,22,0.4865304067164568,0.0049504950495049506,0.006635391750610156,0.0,0.0,0.0,2.0,4.0
emblematica:E005182,2803,71,0.5673789497787689,0.16666666666666666,0.10830206037030525,0.0,0.0,0.04225352112676056,1.0,7.0
emblematica:E005183,2803,50,0.3455606536832266,0.02631578947368421,0.0230451473014235,0.0,0.0,0.0,3.0,4.0
emblematica:E005184,2803,11,0.39652557624636714,0.25,0.03907238485643733,0.0,0.09090909090909091,0.09090909090909091,2.0,5.0
emblematica:E005185,2803,36,0.48585994789100784,0.14285714285714285,0.026955352244571004,0.0,0.0,0.027777777777777776,4.0,3.5
emblematica:E005186,2803,3,0.3333333333333333,0.0018656716417910447,0.0019457433860739224,0.0,0.0,0.0,1.0,4.0
emblematica:E005187,2803,101,0.5146096360061889,0.125,0.09303788410090086,0.0,0.0,0.019801980198019802,2.0,4.0
emblematica:E005188,2803,10,0.42590829591570295,0.00558659217877095,0.005245722750524966,0.0,0.0,0.0,1.0,6.0
emblematica:E005189,2803,95,0.5170824821887089,1.0,0.059439647448665915,0.010526315789473684,0.010526315789473684,0.010526315789473684,1.0,3.0
emblematica:E005190,2803,11,0.3475238529402701,0.009259259259259259,0.00789933522929192,0.0,0.0,0.0,2.0,4.0
emblematica:E005191,2803,50,0.34639971149644583,0.07692307692307693,0.03032185140501574,0.0,0.0,0.0,7.5,4.5
emblematica:E005192,2803,25,0.5642035977813242,0.5,0.06220169935641958,0.0,0.08,0.08,1.5,5.5
emblematica:E005193,2803,29,0.6782422418267581,1.0,0.044272597254370785,0.034482758620689655,0.034482758620689655,0.034482758620689655,1.0,5.0
emblematica:E005194,2803,49,0.37574719213263447,0.05,0.0391704452297249,0.0,0.0,0.0,10.0,4.0
emblematica:E005195,2803,51,0.5353744300010445,0.25,0.13663266465984256,0.0,0.0196078431372549,0.058823529411764705,9.0,5.0
emblematica:E005196,2803,34,0.5013278591786302,0.25,0.022183541230811996,0.0,0.029411764705882353,0.029411764705882353,1.0,6.0
emblematica:E005197,2803,26,0.3333333333333333,0.0032258064516129032,0.010124904233564911,0.0,0.0,0.0,2.5,4.0
emblematica:E005198,2803,81,0.7406794336655346,1.0,0.15720244856590224,0.012345679012345678,0.037037037037037035,0.06172839506172839,4.0,4.0
emblematica:E005199,2803,19,0.37962081462451813,0.125,0.030337378022214506,0.0,0.0,0.05263157894736842,4.0,4.0
emblematica:E005200,2803,67,0.5830981301952204,0.5,0.12915155989092658,0.0,0.014925373134328358,0.029850746268656716,3.0,5.0
emblematica:E005201,2803,10,0.3333333333333333,0.002336448598130841,0.005064379060655252,0.0,0.0,0.0,2.0,4.0
emblematica:E005202,2803,101,0.5266515767734745,0.3333333333333333,0.10460412027757642,0.0,0.0297029702970297,0.0297029702970297,3.0,5.0
emblematica:E005203,2803,61,0.3775028156362593,0.1111111111111111,0.022841881632196984,0.0,0.0,0.01639344262295082,3.0,4.0
emblematica:E005204,2803,74,0.6254054538870031,0.16666666666666666,0.1552015764524576,0.0,0.0,0.04054054054054054,22.0,4.0
emblematica:E005205,2803,36,0.5649969699542097,0.022222222222222223,0.016164829511782587,0.0,0.0,0.0,2.0,4.0
emblematica:E005206,2803,215,0.740217901389444,1.0,0.14087300911284945,0.004651162790697674,0.013953488372093023,0.023255813953488372,12.0,4.0
emblematica:E005207,2803,51,0.4688259558351338,0.14285714285714285,0.17831774130090974,0.0,0.0,0.058823529411764705,11.5,4.5
emblematica:E005208,2803,69,0.7075626036714022,0.5,0.1685808084200157,0.0,0.028985507246376812,0.057971014492753624,12.0,4.5
emblematica:E005209,2803,31,0.5206951943264793,0.3333333333333333,0.0816678470957861,0.0,0.06451612903225806,0.0967741935483871,4.0,4.0
emblematica:E005210,2803,114,0.4438107655133431,0.16666666666666666,0.08212664422529488,0.0,0.0,0.017543859649122806,6.0,4.0
emblematica:E005211,2803,116,0.4804929630455525,0.3333333333333333,0.06414907495313481,0.0,0.017241379310344827,0.017241379310344827,10.0,3.0
emblematica:E005212,2803,43,0.42465647353220776,0.14285714285714285,0.16829812008001174,0.0,0.0,0.046511627906976744,4.5,3.5
emblematica:E005213,2803,83,0.493127555695166,1.0,0.11823429214099482,0.012048192771084338,0.012048192771084338,0.012048192771084338,7.0,4.0
emblematica:E005214,2803,58,0.4748175773152763,0.5,0.03342636255403822,0.0,0.017241379310344827,0.034482758620689655,8.5,4.0
emblematica:E005215,2803,75,0.43320753729604716,0.25,0.1040618716799964,0.0,0.013333333333333334,0.013333333333333334,5.0,3.5
emblematica:E005216,2803,46,0.5687625176225394,1.0,0.217553366717844,0.021739130434782608,0.021739130434782608,0.06521739130434782,3.0,5.0
emblematica:E005217,2803,58,0.7453597752277842,1.0,0.23957418851267712,0.017241379310344827,0.05172413793103448,0.10344827586206896,4.0,4.5
emblematica:E005218,2803,317,0.5270830899677266,0.5,0.15959085551473673,0.0,0.0031545741324921135,0.00946372239747634,11.5,4.5
emblematica:E005219,2803,22,0.35647707397892575,0.0625,0.018808875455316596,0.0,0.0,0.0,2.0,4.5
emblematica:E005220,2803,142,0.6898141121495543,1.0,0.0979346713201796,0.007042253521126761,0.007042253521126761,0.014084507042253521,11.5,3.5
emblematica:E005221,2803,51,0.48006117753205335,1.0,0.19237323953271265,0.0196078431372549,0.0196078431372549,0.0196078431372549,11.5,4.5
emblematica:E005222,2803,13,0.42641209703583266,0.14285714285714285,0.04720545568457138,0.0,0.0,0.15384615384615385,2.0,4.0
emblematica:E005223,2803,88,0.5061896969700816,0.25,0.10160268008149452,0.0,0.011363636363636364,0.03409090909090909,4.0,4.0
emblematica:E005224,2803,383,0.45260587458884666,0.2,0.20041401758536767,0.0,0.0026109660574412533,0.005221932114882507,39.5,4.5
emblematica:E005225,2803,37,0.5432534204450873,1.0,0.05695751166342192,0.02702702702702703,0.02702702702702703,0.02702702702702703,6.0,3.0
emblematica:E005226,2803,56,0.4785719254797635,0.5,0.034192834789437,0.0,0.017857142857142856,0.017857142857142856,8.0,4.0
emblematica:E005227,2803,16,0.5401142290976918,0.16666666666666666,0.0819605826886159,0.0,0.0,0.125,4.0,3.5
emblematica:E005228,2803,33,0.48754869878529933,0.3333333333333333,0.07516206132728535,0.0,0.030303030303030304,0.06060606060606061,2.0,4.0
emblematica:E005229,2803,53,0.49715421902680423,0.3333333333333333,0.1439364698435513,0.0,0.018867924528301886,0.05660377358490566,6.5,5.0
emblematica:E005230,2803,26,0.40669725543269336,0.3333333333333333,0.040395511865803764,0.0,0.038461538461538464,0.038461538461538464,5.5,5.0
emblematica:E005231,2803,110,0.5494197316792544,0.16666666666666666,0.14121610058057196,0.0,0.0,0.02727272727272727,3.0,6.0
emblematica:E005232,2803,90,0.6125954879418907,0.25,0.10488300980839677,0.0,0.011111111111111112,0.044444444444444446,1.0,3.0
emblematica:E005233,2803,115,0.5650862610364854,0.3333333333333333,0.14400906326337268,0.0,0.017391304347826087,0.034782608695652174,11.0,3.0
emblematica:E005234,2803,70,0.44810930881354955,0.16666666666666666,0.052993869309417074,0.0,0.0,0.02857142857142857,15.0,4.0
emblematica:E005235,2803,45,0.6112432490311739,0.5,0.11025708939082154,0.0,0.022222222222222223,0.08888888888888889,4.5,4.0
emblematica:E005236,2803,61,0.6181629968452509,0.012987012987012988,0.023190314402330898,0.0,0.0,0.0,4.5,6.0
emblematica:E005237,2803,11,0.43638289305226546,0.041666666666666664,0.01569626133932819,0.0,0.0,0.0,2.0,6.0
emblematica:E005238,2803,46,0.5374924289893033,0.25,0.16274624910309,0.0,0.021739130434782608,0.08695652173913043,1.0,3.0
emblematica:E005239,2803,342,0.5341361977364265,0.25,0.148647903755449,0.0,0.0029239766081871343,0.011695906432748537,3.0,4.0
emblematica:E005240,2803,98,0.8359494673452823,0.25,0.16866967486721096,0.0,0.01020408163265306,0.05102040816326531,17.0,4.0
emblematica:E005241,2803,85,0.7544162439074085,1.0,0.14405488735688804,0.011764705882352941,0.023529411764705882,0.07058823529411765,3.0,3.0
emblematica:E005242,2803,34,0.37962081462451813,0.043478260869565216,0.01309718022197555,0.0,0.0,0.0,4.5,4.0
emblematica:E005243,2803,16,0.4939718692964117,0.02040816326530612,0.016275635218657904,0.0,0.0,0.0,2.0,4.0
emblematica:E005244,2803,63,0.6990732769997113,0.5,0.21532872701384392,0.0,0.031746031746031744,0.09523809523809523,7.0,4.5
emblematica:E005245,2803,59,0.7283956012962962,1.0,0.22037788227856253,0.01694915254237288,0.03389830508474576,0.06779661016949153,15.0,4.0
emblematica:E005246,2803,45,0.34490520365612953,0.024390243902439025,0.02444850095051733,0.0,0.0,0.0,8.0,5.0
emblematica:E005247,2803,112,0.3775028156362593,0.1111111111111111,0.09927759596578757,0.0,0.0,0.008928571428571428,4.0,5.0
emblematica:E005248,2803,28,0.4529847367238781,0.06666666666666667,0.06063734254219311,0.0,0.0,0.0,2.0,4.0
emblematica:E005249,2803,43,0.3900954117610806,0.2,0.05672283932764069,0.0,0.023255813953488372,0.023255813953488372,5.0,4.0
emblematica:E005250,2803,62,0.5380098202283102,0.5,0.04969340175056022,0.0,0.03225806451612903,0.03225806451612903,13.0,4.0
emblematica:E005251,2803,119,0.6498600945867897,1.0,0.10551820759870918,0.008403361344537815,0.01680672268907563,0.03361344537815126,6.0,3.0
emblematica:E005252,2803,22,0.4285300960240915,0.14285714285714285,0.0362096783471171,0.0,0.0,0.045454545454545456,5.0,5.0
emblematica:E005253,2803,24,0.3333333333333333,0.05555555555555555,0.02072758532813488,0.0,0.0,0.0,3.0,3.0
emblematica:E005254,2803,190,0.836179114306529,1.0,0.1362388367904868,0.005263157894736842,0.021052631578947368,0.031578947368421054,12.5,3.5
emblematica:E005255,2803,74,0.799408744432101,0.5,0.12685557434374195,0.0,0.02702702702702703,0.06756756756756757,3.0,4.0
emblematica:E005256,2803,38,0.7179804164693727,1.0,0.10563730830243873,0.02631578947368421,0.02631578947368421,0.07894736842105263,7.0,4.5
emblematica:E005257,2803,115,0.7603942752686738,1.0,0.252379754420065,0.008695652173913044,0.017391304347826087,0.043478260869565216,10.0,4.5
emblematica:E005258,2803,33,0.676189500953485,0.06666666666666667,0.01994267819443964,0.0,0.0,0.0,2.5,5.5
emblematica:E005259,2803,118,0.4958592382603119,1.0,0.0913506115769379,0.00847457627118644,0.00847457627118644,0.00847457627118644,8.0,3.0
emblematica:E005260,2803,58,0.6738109341664467,1.0,0.17182566828989432,0.017241379310344827,0.034482758620689655,0.06896551724137931,5.5,4.5
emblematica:E005261,2803,71,0.4226789239470739,0.05555555555555555,0.037106466094757026,0.0,0.0,0.0,5.5,4.5
emblematica:E005262,2803,99,0.5037620225399416,0.5,0.04999960982384812,0.0,0.010101010101010102,0.020202020202020204,11.0,4.0
emblematica:E005263,2803,106,0.43638289305226546,0.058823529411764705,0.04060387343937336,0.0,0.0,0.0,6.5,5.0
emblematica:E005264,2803,93,0.81927435268468,1.0,0.21593516268671373,0.010752688172043012,0.03225806451612903,0.053763440860215055,19.0,5.0
emblematica:E005265,2803,40,0.558883309779263,0.09090909090909091,0.042133467061322025,0.0,0.0,0.0,1.5,6.0
emblematica:E005266,2803,25,0.48006117753205335,1.0,0.09235370237066282,0.04,0.04,0.04,3.5,4.5
emblematica:E005267,2803,38,0.34639971149644583,0.08333333333333333,0.07621294573038871,0.0,0.0,0.0,4.0,4.0
emblematica:E005268,2803,73,0.38559884598578353,0.16666666666666666,0.03883518248150482,0.0,0.0,0.0136986301369863,3.5,3.0
emblematica:E005269,2803,183,0.4491111142319945,0.3333333333333333,0.1169689416330555,0.0,0.00546448087431694,0.01092896174863388,8.5,5.0
emblematica:E005270,2803,314,0.3333333333333333,0.03125,0.12727690858044544,0.0,0.0,0.0,12.5,4.5
emblematica:E005271,2803,55,0.7165277109159841,0.25,0.1845755043720931,0.0,0.01818181818181818,0.09090909090909091,1.0,5.0
emblematica:E005272,2803,52,0.499272218015063,0.3333333333333333,0.09839300883275096,0.0,0.019230769230769232,0.019230769230769232,4.5,4.5
emblematica:E005273,2803,112,0.6655266239440206,1.0,0.10501485751007823,0.008928571428571428,0.017857142857142856,0.026785714285714284,18.0,3.5
emblematica:E005274,2803,92,0.7162247929657478,1.0,0.18949124051290778,0.010869565217391304,0.021739130434782608,0.05434782608695652,10.0,3.0
emblematica:E005275,2803,175,0.7372473837988335,1.0,0.13854316623084917,0.005714285714285714,0.005714285714285714,0.017142857142857144,5.5,3.0
emblematica:E005276,2803,71,0.6421264397218994,0.1,0.03832944043786983,0.0,0.0,0.014084507042253521,1.5,5.0
emblematica:E005340,2803,29,0.709192305126817,1.0,0.20148199299295774,0.034482758620689655,0.13793103448275862,0.13793103448275862,7.0,3.0
emblematica:E005341,2803,172,0.8244691851956425,1.0,0.1119285570953693,0.005813953488372093,0.029069767441860465,0.03488372093023256,9.0,4.0
emblematica:E005342,2803,114,0.6901695445167092,1.0,0.10547193657020132,0.008771929824561403,0.02631578947368421,0.03508771929824561,9.5,3.0
emblematica:E005343,2803,88,0.8501591578697532,1.0,0.12694017034474966,0.011363636363636364,0.045454545454545456,0.07954545454545454,7.0,4.0
emblematica:E005344,2803,164,0.9134166588977728,1.0,0.12383702035580142,0.006097560975609756,0.03048780487804878,0.04878048780487805,9.0,4.0
emblematica:E005345,2803,223,1.0,1.0,0.1314024226355725,0.004484304932735426,0.02242152466367713,0.04484304932735426,12.0,3.5
emblematica:E005346,2803,197,0.9537125187088151,1.0,0.16067565069786033,0.005076142131979695,0.025380710659898477,0.04568527918781726,9.0,4.0
emblematica:E005347,2803,96,0.7853663072074674,1.0,0.11103990538634945,0.010416666666666666,0.03125,0.0625,2.5,4.0
emblematica:E005348,2803,108,0.9558305176970738,1.0,0.12969706338915546,0.009259259259259259,0.046296296296296294,0.08333333333333333,8.5,4.0
emblematica:E005349,2803,106,0.8519147813733781,1.0,0.10879723192151412,0.009433962264150943,0.03773584905660377,0.0660377358490566,9.0,4.0
emblematica:E005350,2803,166,0.7913443385687328,1.0,0.10154860173282529,0.006024096385542169,0.018072289156626505,0.03614457831325301,9.0,4.0
emblematica:E005351,2803,115,0.7471748562658068,1.0,0.11281865212697344,0.008695652173913044,0.02608695652173913,0.043478260869565216,11.0,4.0
emblematica:E009268,2803,130,0.3700152943830133,0.06666666666666667,0.0731137771084072,0.0,0.0,0.0,11.0,3.0
emblematica:E009269,2803,304,0.48006117753205335,1.0,0.12491139641566062,0.003289473684210526,0.003289473684210526,0.003289473684210526,14.0,4.0
emblematica:E009270,2803,436,0.5317085233062865,0.5,0.20579832708739082,0.0,0.0022935779816513763,0.006880733944954129,11.0,4.0
emblematica:E009271,2803,305,0.5889310685907416,1.0,0.14743161673005717,0.003278688524590164,0.003278688524590164,0.009836065573770493,7.0,5.0
emblematica:E009272,2803,39,0.40669725543269336,0.004761904761904762,0.016216671682498365,0.0,0.0,0.0,4.5,4.0
emblematica:E009273,2803,306,0.5895409017362722,1.0,0.13946981414898324,0.0032679738562091504,0.006535947712418301,0.00980392156862745,11.0,4.0
emblematica:E009274,2803,293,0.42641209703583266,0.14285714285714285,0.1149012639671809,0.0,0.0,0.006825938566552901,7.5,5.0
emblematica:E009275,2803,66,0.42801270478508463,0.16666666666666666,0.0302970354675006,0.0,0.0,0.015151515151515152,8.0,4.0
emblematica:E009276,2803,40,0.3333333333333333,0.06666666666666667,0.03741658499280572,0.0,0.0,0.0,7.0,5.0
emblematica:E009277,2803,130,0.3333333333333333,0.045454545454545456,0.0395812971960682,0.0,0.0,0.0,13.5,3.0
emblematica:E009278,2803,367,0.3900954117610806,0.2,0.13986787845848025,0.0,0.0027247956403269754,0.0027247956403269754,4.5,4.0
emblematica:E009279,2803,75,0.3333333333333333,0.005405405405405406,0.028877142839591172,0.0,0.0,0.0,2.0,4.0
emblematica:E009280,2803,315,0.6931582348943733,1.0,0.1634585140086554,0.0031746031746031746,0.009523809523809525,0.012698412698412698,6.5,4.5
emblematica:E009281,2803,142,0.38559884598578353,0.16666666666666666,0.06325692590582317,0.0,0.0,0.007042253521126761,13.5,3.5
emblematica:E009282,2803,41,0.3333333333333333,0.09090909090909091,0.02766255989252626,0.0,0.0,0.0,2.0,4.5
emblematica:E009283,2803,53,0.3455606536832266,0.045454545454545456,0.02885654895669926,0.0,0.0,0.0,4.0,5.0
emblematica:E009284,2803,137,0.3333333333333333,0.047619047619047616,0.06126870795493468,0.0,0.0,0.0,2.0,3.0
emblematica:E009285,2803,290,0.7180995586326565,1.0,0.11713978306827423,0.0034482758620689655,0.0034482758620689655,0.010344827586206896,25.0,4.5
emblematica:E009286,2803,209,0.6782422418267581,0.25,0.10142791309139289,0.0,0.004784688995215311,0.009569377990430622,12.0,4.0
emblematica:E009287,2803,113,0.37574719213263447,0.1,0.05984673407525514,0.0,0.0,0.008849557522123894,3.0,3.0
emblematica:E009288,2803,71,0.42976832828870953,0.16666666666666666,0.04022864895043791,0.0,0.0,0.028169014084507043,11.0,4.0
emblematica:E009289,2803,309,0.5206951943264793,0.3333333333333333,0.15538250879134333,0.0,0.006472491909385114,0.009708737864077669,13.0,3.0
emblematica:E009290,2803,248,0.3455606536832266,0.04,0.07615297748581394,0.0,0.0,0.0,5.0,5.0
emblematica:E009291,2803,22,0.4084363922859206,0.2,0.0213079929380579,0.0,0.045454545454545456,0.045454545454545456,4.5,5.0
emblematica:E009292,2803,257,0.6559085004055243,0.3333333333333333,0.13974931601739307,0.0,0.011673151750972763,0.011673151750972763,2.0,5.0
emblematica:E009293,2803,145,0.6168056224173492,1.0,0.08935009679371154,0.006896551724137931,0.013793103448275862,0.020689655172413793,9.5,4.5
emblematica:E009294,2803,6,0.3333333333333333,0.011235955056179775,0.004579884677291102,0.0,0.0,0.0,1.0,6.0
emblematica:E009295,2803,71,0.4781738085681532,0.5,0.061654544117577814,0.0,0.014084507042253521,0.028169014084507043,6.0,3.0
emblematica:E009296,2803,55,0.48006117753205335,1.0,0.05564204069708322,0.01818181818181818,0.01818181818181818,0.01818181818181818,11.0,3.0
emblematica:E009297,2803,11,0.3333333333333333,0.010638297872340425,0.007090232467002727,0.0,0.0,0.0,2.5,3.0
emblematica:E009298,2803,188,0.5323266901845036,0.05263157894736842,0.09872938305513622,0.0,0.0,0.0,6.0,3.5
emblematica:E009299,2803,69,0.40669725543269336,0.3333333333333333,0.03477596805747656,0.0,0.014492753623188406,0.014492753623188406,18.0,3.0
emblematica:E009300,2803,499,0.5242306598349794,1.0,0.2348171862892115,0.002004008016032064,0.002004008016032064,0.004008016032064128,2.0,4.0
emblematica:E009301,2803,98,0.49425169713899025,1.0,0.040376140314417656,0.01020408163265306,0.01020408163265306,0.01020408163265306,1.5,4.0
emblematica:E009302,2803,37,0.4911035481077849,1.0,0.04104716922162935,0.02702702702702703,0.02702702702702703,0.02702702702702703,1.0,5.0
emblematica:E009303,2803,90,0.392846079432732,0.14285714285714285,0.04619610110637044,0.0,0.0,0.011111111111111112,2.0,6.0
emblematica:E009304,2803,223,0.44069505854929314,0.1111111111111111,0.1225689435243418,0.0,0.0,0.004484304932735426,17.0,5.0
emblematica:E009305,2803,428,0.5368232559598007,1.0,0.1665005624578773,0.002336448598130841,0.004672897196261682,0.004672897196261682,15.0,3.0
emblematica:E009306,2803,15,0.49172233893712536,0.125,0.020134342762696354,0.0,0.0,0.06666666666666667,1.0,4.0
emblematica:E009307,2803,324,0.7521099650462478,1.0,0.21532959858388523,0.0030864197530864196,0.009259259259259259,0.018518518518518517,23.0,3.0
emblematica:E009308,2803,315,0.6272802195539116,0.125,0.13092923782343993,0.0,0.0,0.0031746031746031746,3.0,4.0
emblematica:E009309,2803,468,0.6105666433936057,1.0,0.20573218442726002,0.002136752136752137,0.004273504273504274,0.00641025641025641,13.0,5.0
emblematica:E009310,2803,18,0.6460000622137831,1.0,0.1712409477951578,0.05555555555555555,0.16666666666666666,0.16666666666666666,6.5,4.0
emblematica:E009311,2803,64,0.3333333333333333,0.07142857142857142,0.025063753014190657,0.0,0.0,0.0,7.0,4.0
emblematica:E009312,2803,46,0.3333333333333333,0.009345794392523364,0.018166525474896,0.0,0.0,0.0,3.5,5.0
emblematica:E009313,2803,321,0.5997125809225983,1.0,0.16226364098150733,0.003115264797507788,0.006230529595015576,0.009345794392523364,1.0,5.0
emblematica:E009314,2803,168,0.6230865717288507,0.3333333333333333,0.11362550189281723,0.0,0.011904761904761904,0.023809523809523808,2.5,3.5
emblematica:E009315,2803,315,0.5055079168848139,0.14285714285714285,0.1710135347847243,0.0,0.0,0.009523809523809525,13.5,4.0
emblematica:E009316,2803,305,0.42590829591570295,0.5,0.14504395323387603,0.0,0.003278688524590164,0.003278688524590164,6.0,4.5
emblematica:E009317,2803,942,0.4589627680851436,0.3333333333333333,0.24252332814184643,0.0,0.0010615711252653928,0.0021231422505307855,8.0,4.0
emblematica:E009318,2803,32,0.3333333333333333,0.004807692307692308,0.015199665084409822,0.0,0.0,0.0,2.0,4.0
emblematica:E009319,2803,171,0.42641209703583266,0.14285714285714285,0.08356899901321817,0.0,0.0,0.011695906432748537,1.0,4.0
emblematica:E009320,2803,136,0.5163574365987863,0.5,0.08821743482759753,0.0,0.014705882352941176,0.014705882352941176,12.5,4.5
emblematica:E009321,2803,29,0.3333333333333333,0.023809523809523808,0.019207422968165244,0.0,0.0,0.0,1.0,3.0
emblematica:E009322,2803,37,0.5874229027480132,0.027777777777777776,0.016081483014804738,0.0,0.0,0.0,4.0,4.0
emblematica:E009323,2803,14,0.48006117753205335,1.0,0.09804497504821426,0.07142857142857142,0.07142857142857142,0.07142857142857142,5.0,3.0
emblematica:E009324,2803,289,0.704946412885831,0.5,0.15516156369905373,0.0,0.006920415224913495,0.020761245674740483,37.0,3.5
emblematica:E009325,2803,3,0.35648241204244513,0.012658227848101266,0.006047254971449107,0.0,0.0,0.0,1.5,3.0
emblematica:E009326,2803,128,0.5284042999868054,0.3333333333333333,0.08965707631087906,0.0,0.015625,0.0234375,19.5,4.5
emblematica:E009327,2803,119,0.5289704589316268,1.0,0.060267649925345654,0.008403361344537815,0.008403361344537815,0.01680672268907563,4.5,5.0
emblematica:E009328,2803,271,0.7105496795547187,0.5,0.15745158721625593,0.0,0.014760147601476014,0.02214022140221402,2.0,3.0
emblematica:E009329,2803,57,0.3333333333333333,0.03571428571428571,0.02207666161882367,0.0,0.0,0.0,4.5,3.5
emblematica:E009330,2803,258,0.5349358869959004,0.5,0.14354669220573943,0.0,0.007751937984496124,0.011627906976744186,18.0,5.0
emblematica:E009331,2803,96,0.45086673773561936,0.3333333333333333,0.05934221332149314,0.0,0.010416666666666666,0.020833333333333332,7.0,3.0
emblematica:E009332,2803,20,0.3333333333333333,0.047619047619047616,0.014111627528818185,0.0,0.0,0.0,4.0,4.0
emblematica:E009333,2803,90,0.37574719213263447,0.1,0.06148680654397937,0.0,0.0,0.011111111111111112,3.0,4.5
emblematica:E009334,2803,45,0.3333333333333333,0.007142857142857143,0.01582132059950353,0.0,0.0,0.0,1.0,3.0
emblematica:E009335,2803,21,0.3333333333333333,0.0036101083032490976,0.005716819946571109,0.0,0.0,0.0,6.0,3.0
emblematica:E009336,2803,106,0.37962081462451813,0.125,0.05836199266610691,0.0,0.0,0.009433962264150943,9.0,5.0
emblematica:E009337,2803,139,0.34639971149644583,0.045454545454545456,0.04427952472333375,0.0,0.0,0.0,21.5,5.0
emblematica:E009338,2803,0,0.42590829591570295,,,,,,1.0,4.0
emblematica:E009339,2803,54,0.4433792164823734,0.3333333333333333,0.032674688237241206,0.0,0.018518518518518517,0.018518518518518517,8.5,6.0
emblematica:E009340,2803,11,0.3439367980331586,0.017241379310344827,0.004757635996304839,0.0,0.0,0.0,1.0,5.0
emblematica:E009341,2803,30,0.5315796557430237,0.5,0.06449178423024919,0.0,0.06666666666666667,0.1,7.0,4.5
emblematica:E009342,2803,218,0.5224750363313545,1.0,0.12510291535486714,0.0045871559633027525,0.0045871559633027525,0.009174311926605505,3.0,3.0
emblematica:E009343,2803,31,0.3775028156362593,0.015384615384615385,0.00814191745819991,0.0,0.0,0.0,1.0,4.0
emblematica:E009344,2803,10,0.3333333333333333,0.00425531914893617,0.004581608886209358,0.0,0.0,0.0,3.5,5.0
emblematica:E009345,2803,301,0.47269957832701753,0.14285714285714285,0.1330684827580207,0.0,0.0,0.009966777408637873,7.5,5.5
emblematica:E009346,2803,2,0.3333333333333333,0.0020408163265306124,0.0026307141213973515,0.0,0.0,0.0,1.0,5.0
emblematica:E009347,2803,287,0.3333333333333333,0.09090909090909091,0.12036882632185783,0.0,0.0,0.0,5.0,4.0
emblematica:E009348,2803,8,0.34428518061118435,0.0028735632183908046,0.002890245028915612,0.0,0.0,0.0,2.5,3.0
emblematica:E009349,2803,53,0.48015046861432914,0.25,0.06860470600519925,0.0,0.018867924528301886,0.03773584905660377,17.0,2.0
emblematica:E009350,2803,59,0.3333333333333333,0.011764705882352941,0.01646218665684973,0.0,0.0,0.0,10.0,5.0
emblematica:E009351,2803,1,0.39652557624636714,0.001445086705202312,0.001445086705202312,0.0,0.0,0.0,1.0,6.0
emblematica:E009352,2803,31,0.5368232559598007,1.0,0.07857063464857174,0.03225806451612903,0.06451612903225806,0.06451612903225806,6.0,5.0
emblematica:E009353,2803,295,0.5752579402228116,1.0,0.16779630534026027,0.003389830508474576,0.003389830508474576,0.010169491525423728,6.0,3.0
emblematica:E009354,2803,13,0.3439367980331586,0.013888888888888888,0.011141769054141801,0.0,0.0,0.0,1.0,4.0
emblematica:E009355,2803,49,0.3333333333333333,0.006493506493506494,0.016112313438205312,0.0,0.0,0.0,3.0,3.5
emblematica:E009356,2803,19,0.3333333333333333,0.023255813953488372,0.00998576155035424,0.0,0.0,0.0,4.0,4.0
emblematica:E009357,2803,353,0.6596801239537828,1.0,0.1550659405116973,0.0028328611898017,0.0056657223796034,0.0113314447592068,15.0,4.0
emblematica:E009358,2803,148,0.40669725543269336,0.3333333333333333,0.06294628270574684,0.0,0.006756756756756757,0.006756756756756757,12.0,4.0
emblematica:E009359,2803,79,0.6214886730121221,0.3333333333333333,0.03918863602617946,0.0,0.012658227848101266,0.012658227848101266,6.0,4.0
emblematica:E009360,2803,69,0.4053863553784991,0.14285714285714285,0.041766263748195066,0.0,0.0,0.014492753623188406,1.5,3.0
emblematica:E009361,2803,146,0.4854210420151016,0.14285714285714285,0.07834277246823786,0.0,0.0,0.00684931506849315,8.5,4.0
emblematica:E009362,2803,167,0.37962081462451813,0.125,0.10004305363852997,0.0,0.0,0.005988023952095809,3.0,3.0
emblematica:E009363,2803,300,0.7055069625078351,1.0,0.18041562903744557,0.0033333333333333335,0.006666666666666667,0.016666666666666666,6.0,3.0
emblematica:E009364,2803,273,0.7048177818050977,1.0,0.1947304579853052,0.003663003663003663,0.014652014652014652,0.014652014652014652,13.5,3.5
emblematica:E009365,2803,432,0.5342305144402728,0.3333333333333333,0.17250052113803382,0.0,0.0023148148148148147,0.006944444444444444,13.0,5.0
emblematica:E009366,2803,26,0.3333333333333333,0.00684931506849315,0.01236327777675545,0.0,0.0,0.0,8.0,4.0
emblematica:E009367,2803,287,0.5432534204450873,1.0,0.13575202929138888,0.003484320557491289,0.006968641114982578,0.006968641114982578,7.0,4.0
emblematica:E009368,2803,109,0.3333333333333333,0.09090909090909091,0.031322718519452945,0.0,0.0,0.0,7.5,3.5
emblematica:E009369,2803,85,0.3333333333333333,0.07692307692307693,0.05339017170207615,0.0,0.0,0.0,14.5,4.5
emblematica:E009370,2803,61,0.3333333333333333,0.038461538461538464,0.037214884643518506,0.0,0.0,0.0,1.0,3.0
emblematica:E009371,2803,298,0.6873956289442417,0.5,0.16194867533496035,0.0,0.010067114093959731,0.016778523489932886,6.5,5.0
emblematica:E009372,2803,13,0.3333333333333333,0.045454545454545456,0.01819799661240019,0.0,0.0,0.0,2.0,4.5
emblematica:E009373,2803,30,0.6293982185421705,1.0,0.09713371056984668,0.03333333333333333,0.1,0.1,5.0,3.0
emblematica:E009374,2803,67,0.3333333333333333,0.043478260869565216,0.026497727422092186,0.0,0.0,0.0,16.0,3.0
emblematica:E009375,2803,18,0.635828383027457,1.0,0.15743693929478836,0.05555555555555555,0.16666666666666666,0.16666666666666666,6.5,4.0
emblematica:E009376,2803,290,0.5205876673674543,0.5,0.14665953519278113,0.0,0.0034482758620689655,0.010344827586206896,6.5,4.5
emblematica:E009377,2803,71,0.5984016808684041,0.14285714285714285,0.06199170315225968,0.0,0.0,0.028169014084507043,7.0,3.5
emblematica:E009378,2803,407,0.7544162439074085,1.0,0.20608680222057785,0.002457002457002457,0.004914004914004914,0.014742014742014743,33.0,5.0
emblematica:E009379,2803,7,0.34428518061118435,0.0036101083032490976,0.003535226294154646,0.0,0.0,0.0,1.0,5.5
emblematica:E009380,2803,350,0.6363321841475866,1.0,0.1562740565903501,0.002857142857142857,0.005714285714285714,0.011428571428571429,25.0,5.0
emblematica:E009381,2803,167,0.6298720005804617,1.0,0.11110935059570458,0.005988023952095809,0.011976047904191617,0.011976047904191617,4.0,4.0
emblematica:E009382,2803,13,0.38559884598578353,0.16666666666666666,0.027263154044859652,0.0,0.0,0.07692307692307693,2.0,4.5
emblematica:E009383,2803,55,0.5498896341229134,1.0,0.09500669613700242,0.01818181818181818,0.03636363636363636,0.03636363636363636,10.5,4.0
emblematica:E009384,2803,258,0.4593945535986426,0.25,0.13669889199098853,0.0,0.003875968992248062,0.007751937984496124,11.0,4.0
emblematica:E009385,2803,24,0.3333333333333333,0.02564102564102564,0.009123199604351309,0.0,0.0,0.0,1.0,4.0
emblematica:E009386,2803,40,0.44424927644054296,0.5,0.03481738529909627,0.0,0.025,0.025,7.0,6.0
emblematica:E009387,2803,2,0.3333333333333333,0.01020408163265306,0.0055113736038828135,0.0,0.0,0.0,2.0,4.0
emblematica:E009388,2803,96,0.3475238529402701,0.00980392156862745,0.03723310945774833,0.0,0.0,0.0,4.0,4.0
emblematica:E009389,2803,186,0.38559884598578353,0.16666666666666666,0.1078537514623805,0.0,0.0,0.005376344086021506,18.5,5.0
emblematica:E009390,2803,308,0.694694870324586,1.0,0.18056835218296388,0.003246753246753247,0.00974025974025974,0.016233766233766232,6.0,2.0
emblematica:E009391,2803,33,0.3333333333333333,0.014925373134328358,0.01126704988282728,0.0,0.0,0.0,3.0,3.0
emblematica:E009392,2803,181,0.48006117753205335,1.0,0.11513715223406631,0.0055248618784530384,0.0055248618784530384,0.0055248618784530384,12.0,4.0
emblematica:E009393,2803,73,0.3333333333333333,0.04,0.02881620334291496,0.0,0.0,0.0,2.0,6.0
emblematica:E009394,2803,17,0.38224261473290666,0.14285714285714285,0.025023281675207353,0.0,0.0,0.058823529411764705,6.0,5.0
emblematica:E009395,2803,2,0.4905733112099982,0.0004178854993731718,0.0005739062533362209,0.0,0.0,0.0,1.0,2.5
emblematica:E009396,2803,36,0.3333333333333333,0.03333333333333333,0.02681683335845224,0.0,0.0,0.0,9.0,3.0
emblematica:E009397,2803,16,0.3333333333333333,0.005917159763313609,0.006820594934114353,0.0,0.0,0.0,1.0,3.0
emblematica:E009398,2803,77,0.3333333333333333,0.023255813953488372,0.028480196415253612,0.0,0.0,0.0,1.0,7.0
emblematica:E009399,2803,17,0.3333333333333333,0.043478260869565216,0.013901099512747974,0.0,0.0,0.0,1.0,4.0
emblematica:E009400,2803,20,0.3333333333333333,0.03571428571428571,0.01839570803317835,0.0,0.0,0.0,1.0,3.0
emblematica:E009401,2803,229,0.6738677185050387,0.5,0.13861367986578407,0.0,0.013100436681222707,0.017467248908296942,7.0,5.5
emblematica:E009402,2803,443,0.5729390580646594,0.3333333333333333,0.2104755106106906,0.0,0.004514672686230248,0.006772009029345372,33.5,5.0
emblematica:E009403,2803,23,0.5432534204450873,1.0,0.05351255083381,0.043478260869565216,0.043478260869565216,0.043478260869565216,5.0,3.0
emblematica:E009404,2803,452,0.44170635664396146,0.5,0.21633065309551727,0.0,0.0022123893805309734,0.0022123893805309734,5.0,5.0
emblematica:E009405,2803,358,0.7255870798859024,0.5,0.17196694742888918,0.0,0.008379888268156424,0.0111731843575419,12.0,5.0
emblematica:E009406,2803,107,0.3900954117610806,0.2,0.03869772420858146,0.0,0.009345794392523364,0.009345794392523364,7.0,4.0
emblematica:E009407,2803,39,0.3333333333333333,0.02631578947368421,0.018442822731934032,0.0,0.0,0.0,3.0,5.0
emblematica:E009408,2803,67,0.4491111142319945,0.1,0.0348206563504328,0.0,0.0,0.014925373134328358,11.0,4.5
emblematica:E009409,2803,39,0.3775028156362593,0.1111111111111111,0.03208028203007092,0.0,0.0,0.02564102564102564,3.0,5.0
emblematica:E009410,2803,0,1.0,,,,,,1.0,2.0
emblematica:E009411,2803,402,0.6738109341664467,1.0,0.19957170352321912,0.0024875621890547263,0.004975124378109453,0.009950248756218905,32.0,5.0
emblematica:E009412,2803,462,0.8463507934928551,1.0,0.20570067239728437,0.0021645021645021645,0.008658008658008658,0.015151515151515152,45.0,2.0
emblematica:E009413,2803,54,0.3333333333333333,0.034482758620689655,0.026820225006145712,0.0,0.0,0.0,7.5,5.0
emblematica:E009414,2803,46,0.3333333333333333,0.020833333333333332,0.016465686297062975,0.0,0.0,0.0,8.0,4.0
emblematica:E009415,2803,16,0.3333333333333333,0.0055248618784530384,0.007996731399824637,0.0,0.0,0.0,1.0,4.0
emblematica:E009416,2803,65,0.3333333333333333,0.08333333333333333,0.027965712195526155,0.0,0.0,0.0,8.0,4.0
emblematica:E009417,2803,730,0.3333333333333333,0.05555555555555555,0.17737960486652796,0.0,0.0,0.0,2.0,3.0
emblematica:E009418,2803,112,0.38224261473290666,0.14285714285714285,0.06378534287456375,0.0,0.0,0.008928571428571428,4.0,4.0
emblematica:E009419,2803,258,0.5726367715456587,1.0,0.1553618545063606,0.003875968992248062,0.007751937984496124,0.007751937984496124,6.0,2.0
emblematica:E009420,2803,255,0.2600998971853645,0.16666666666666666,0.14130222227272027,0.0,0.0,0.00784313725490196,5.0,2.0
emblematica:E009421,2803,41,0.5368232559598007,0.011627906976744186,0.018297665307810455,0.0,0.0,0.0,2.0,4.0
emblematica:E009422,2803,79,0.3475238529402701,0.06666666666666667,0.04244835745796665,0.0,0.0,0.0,5.5,4.5
emblematica:E009423,2803,70,0.3333333333333333,0.07692307692307693,0.030866398743466077,0.0,0.0,0.0,11.0,4.0
emblematica:E009424,2803,89,0.37962081462451813,0.125,0.04054691271369466,0.0,0.0,0.011235955056179775,14.0,3.0
emblematica:E009425,2803,163,0.7151703364880824,1.0,0.09310450534450236,0.006134969325153374,0.018404907975460124,0.03067484662576687,12.0,4.0
emblematica:E009426,2803,282,0.4529847367238781,0.3333333333333333,0.1337482960780724,0.0,0.0035460992907801418,0.0070921985815602835,3.0,5.0
emblematica:E009427,2803,13,0.3333333333333333,0.014084507042253521,0.007013853891291657,0.0,0.0,0.0,1.0,4.0
emblematica:E009428,2803,47,0.3333333333333333,0.07142857142857142,0.027567560019010288,0.0,0.0,0.0,6.0,4.0
emblematica:E009429,2803,15,0.48006117753205335,1.0,0.08529765762357598,0.06666666666666667,0.06666666666666667,0.06666666666666667,2.0,4.5
emblematica:E009430,2803,258,0.48055237535519146,0.2,0.12208767315825933,0.0,0.003875968992248062,0.011627906976744186,8.0,2.0
emblematica:E009431,2803,47,0.3333333333333333,0.047619047619047616,0.016838513789012678,0.0,0.0,0.0,3.0,3.0
emblematica:E009432,2803,183,0.4826703743434503,0.5,0.07828912056793356,0.0,0.01092896174863388,0.01092896174863388,11.0,5.0
emblematica:E009433,2803,0,0.9008636626471189,,,,,,1.0,3.5
emblematica:E009434,2803,28,0.3775028156362593,0.1111111111111111,0.021840956758958006,0.0,0.0,0.03571428571428571,4.5,3.5
emblematica:E009435,2803,174,0.4454348576459405,0.25,0.08603304877122608,0.0,0.005747126436781609,0.011494252873563218,5.5,4.5
emblematica:E009436,2803,389,0.5354396881160303,0.2,0.17241674299463683,0.0,0.002570694087403599,0.010282776349614395,23.0,3.0
emblematica:E009437,2803,433,0.8171563536964211,1.0,0.19080814992897133,0.0023094688221709007,0.006928406466512702,0.016166281755196306,10.0,3.0
emblematica:E009438,2803,9,0.3333333333333333,0.01694915254237288,0.006434820390442694,0.0,0.0,0.0,3.0,5.0
emblematica:E009439,2803,18,0.3333333333333333,0.01,0.005765913428253136,0.0,0.0,0.0,3.5,4.5
emblematica:E009440,2803,299,0.5975945819343395,1.0,0.13054392467939108,0.0033444816053511705,0.006688963210702341,0.010033444816053512,8.0,4.0
emblematica:E009441,2803,131,0.42590829591570295,0.5,0.03904623171154704,0.0,0.007633587786259542,0.007633587786259542,2.0,4.0
emblematica:E009442,2803,9,0.3333333333333333,0.018518518518518517,0.008405314374202567,0.0,0.0,0.0,3.5,4.0
emblematica:E009443,2803,33,0.3333333333333333,0.04,0.011592279655246484,0.0,0.0,0.0,1.0,3.5
emblematica:E009444,2803,43,0.3333333333333333,0.04,0.019108938218982945,0.0,0.0,0.0,3.0,4.0
emblematica:E009445,2803,203,0.5285925798597072,0.5,0.12414619518444654,0.0,0.0049261083743842365,0.014778325123152709,9.0,5.0
emblematica:E009446,2803,15,0.48006117753205335,0.004464285714285714,0.006075000916173412,0.0,0.0,0.0,2.0,4.0
emblematica:E009447,2803,309,0.48006117753205335,1.0,0.17043886337431244,0.003236245954692557,0.003236245954692557,0.003236245954692557,1.0,6.0
emblematica:E009448,2803,38,0.3333333333333333,0.013157894736842105,0.019437143416400716,0.0,0.0,0.0,5.5,4.5
emblematica:E009449,2803,114,0.3333333333333333,0.08333333333333333,0.05115805719079525,0.0,0.0,0.0,7.0,3.0
emblematica:E009450,2803,50,0.48006117753205335,1.0,0.03456407432231547,0.02,0.02,0.02,10.5,4.5
emblematica:E009451,2803,46,0.3900954117610806,0.2,0.031241124261667103,0.0,0.021739130434782608,0.021739130434782608,7.5,3.0
emblematica:E009452,2803,74,0.3700152943830133,0.030303030303030304,0.023096144532690332,0.0,0.0,0.0,19.0,3.5
emblematica:E009453,2803,32,0.3333333333333333,0.01020408163265306,0.01034480823580677,0.0,0.0,0.0,8.0,3.0
emblematica:E009454,2803,59,0.37163260167911416,0.010416666666666666,0.03574439952626058,0.0,0.0,0.0,11.5,3.5
emblematica:E009455,2803,10,0.3333333333333333,0.01639344262295082,0.006499489886075659,0.0,0.0,0.0,1.0,4.5
emblematica:E009456,2803,36,0.34490520365612953,0.06666666666666667,0.013858355352074154,0.0,0.0,0.0,3.5,3.0
emblematica:E009457,2803,314,0.5731399412345528,1.0,0.14743382935635047,0.0031847133757961785,0.0031847133757961785,0.009554140127388535,21.5,2.5
emblematica:E009458,2803,14,0.3333333333333333,0.004048582995951417,0.004830498589352335,0.0,0.0,0.0,3.0,5.0
emblematica:E009459,2803,15,0.3333333333333333,0.07142857142857142,0.023090946044593625,0.0,0.0,0.0,6.0,3.0
emblematica:E009460,2803,19,0.635828383027457,1.0,0.15792904517450404,0.05263157894736842,0.15789473684210525,0.15789473684210525,3.0,5.0
emblematica:E009461,2803,34,0.3333333333333333,0.018867924528301886,0.01741029251816642,0.0,0.0,0.0,9.5,3.5
emblematica:E009462,2803,64,0.3333333333333333,0.047619047619047616,0.025862638277887946,0.0,0.0,0.0,12.0,5.0
emblematica:E009463,2803,120,0.5481247509127621,1.0,0.07325648912403279,0.008333333333333333,0.008333333333333333,0.016666666666666666,15.0,5.0
emblematica:E009464,2803,153,0.5058731926597417,0.3333333333333333,0.07734815752006247,0.0,0.013071895424836602,0.0196078431372549,21.5,3.0
emblematica:E009465,2803,51,0.48006117753205335,1.0,0.048504271098065904,0.0196078431372549,0.0196078431372549,0.0196078431372549,5.0,5.0
emblematica:E009466,2803,28,0.37962081462451813,0.0038314176245210726,0.007873658362148536,0.0,0.0,0.0,11.0,3.0
emblematica:E009467,2803,95,0.48006117753205335,0.0625,0.04153693453395844,0.0,0.0,0.0,12.5,3.0
emblematica:E009468,2803,9,0.37574719213263447,0.05555555555555555,0.017464090096279073,0.0,0.0,0.0,1.0,5.0
emblematica:E009469,2803,55,0.48006117753205335,1.0,0.050096476128207904,0.01818181818181818,0.01818181818181818,0.01818181818181818,7.0,3.5
emblematica:E009470,2803,15,0.3333333333333333,0.015151515151515152,0.007382354143654421,0.0,0.0,0.0,4.0,6.0
emblematica:E009471,2803,34,0.3333333333333333,0.0625,0.014850643514192564,0.0,0.0,0.0,4.0,5.0
emblematica:E009472,2803,65,0.37574719213263447,0.1,0.050326102604131506,0.0,0.0,0.015384615384615385,16.5,5.0
emblematica:E009473,2803,32,0.3775028156362593,0.1111111111111111,0.01784814246118247,0.0,0.0,0.03125,4.0,3.0
emblematica:E009474,2803,294,0.6588994558834732,0.5,0.18350653894623156,0.0,0.01020408163265306,0.017006802721088437,6.0,4.5
emblematica:E009475,2803,83,0.3748180545037657,0.09090909090909091,0.0384280283143579,0.0,0.0,0.0,10.0,3.0
emblematica:E009476,2803,509,0.5726361401144231,1.0,0.2170515348600795,0.0019646365422396855,0.003929273084479371,0.003929273084479371,9.0,4.0
emblematica:E009477,2803,33,0.4589627680851436,0.3333333333333333,0.03919747512106515,0.0,0.030303030303030304,0.06060606060606061,2.5,2.5
emblematica:E009478,2803,70,0.5955189330975375,1.0,0.08629880814060491,0.014285714285714285,0.02857142857142857,0.04285714285714286,2.5,5.0
emblematica:E009479,2803,42,0.40669725543269336,0.3333333333333333,0.06242966001816456,0.0,0.023809523809523808,0.023809523809523808,6.0,4.0
emblematica:E009480,2803,217,0.6215334496482405,0.5,0.08537555864345855,0.0,0.013824884792626729,0.018433179723502304,1.5,4.5
emblematica:E009481,2803,263,0.5629870144309763,0.5,0.15211163045133286,0.0,0.0076045627376425855,0.011406844106463879,1.0,5.0
emblematica:E009482,2803,372,0.7444906983327265,1.0,0.18544538608214275,0.002688172043010753,0.008064516129032258,0.013440860215053764,73.0,3.0
emblematica:E009483,2803,8,0.3796314907515569,0.034482758620689655,0.018096360574787435,0.0,0.0,0.0,3.0,3.0
emblematica:E009484,2803,277,0.7974415120932818,1.0,0.15477045507602577,0.0036101083032490976,0.010830324909747292,0.018050541516245487,6.0,5.0
emblematica:E009485,2803,41,0.3333333333333333,0.05555555555555555,0.028682038873452477,0.0,0.0,0.0,6.0,3.5
emblematica:E009486,2803,95,0.3333333333333333,0.009174311926605505,0.04776601677068083,0.0,0.0,0.0,1.0,4.0
emblematica:E009487,2803,90,0.6543566603620867,1.0,0.09740950352650754,0.011111111111111112,0.03333333333333333,0.044444444444444446,12.0,4.0
emblematica:E009488,2803,212,0.541942520390893,0.3333333333333333,0.09470764611461603,0.0,0.009433962264150943,0.014150943396226415,9.0,5.0
emblematica:E009489,2803,12,0.3333333333333333,0.047619047619047616,0.023723559833597186,0.0,0.0,0.0,3.0,3.5
emblematica:E009490,2803,112,0.38559884598578353,0.16666666666666666,0.05189861732649581,0.0,0.0,0.008928571428571428,8.0,4.0
emblematica:E009491,2803,298,0.6901695445167092,1.0,0.1819939334637587,0.003355704697986577,0.010067114093959731,0.013422818791946308,45.5,4.0
emblematica:E009492,2803,225,0.5978252119586981,0.5,0.08720527448270958,0.0,0.0044444444444444444,0.013333333333333334,6.0,3.5
emblematica:E009493,2803,54,0.3475238529402701,0.03225806451612903,0.02420213488594512,0.0,0.0,0.0,12.0,4.0
emblematica:E009494,2803,182,0.5146096360061889,0.5,0.11159509666286911,0.0,0.005494505494505495,0.016483516483516484,3.0,4.0
emblematica:E009495,2803,245,0.3333333333333333,0.05555555555555555,0.11385821443235702,0.0,0.0,0.0,12.0,4.0
emblematica:E009496,2803,191,0.6918124211100003,1.0,0.12479461661878874,0.005235602094240838,0.010471204188481676,0.02617801047120419,6.0,5.0
emblematica:E009497,2803,61,0.3455606536832266,0.05555555555555555,0.02030130773265251,0.0,0.0,0.0,9.0,4.0
emblematica:E009498,2803,282,0.524461289859338,0.5,0.13613487251868964,0.0,0.0035460992907801418,0.010638297872340425,7.5,4.0
emblematica:E009499,2803,536,0.531514397628038,0.5,0.23187353392274992,0.0,0.0037313432835820895,0.005597014925373134,23.0,3.0
emblematica:E009500,2803,229,0.5169449191549093,0.16666666666666666,0.08211960712131738,0.0,0.0,0.008733624454148471,13.0,5.0
emblematica:E009501,2803,63,0.48006117753205335,1.0,0.061151275850276535,0.015873015873015872,0.015873015873015872,0.015873015873015872,14.5,3.0
emblematica:E009502,2803,34,0.3333333333333333,0.058823529411764705,0.014028406061766256,0.0,0.0,0.0,3.0,3.0
emblematica:E009503,2803,292,0.6624526907116111,1.0,0.17035216606124748,0.003424657534246575,0.010273972602739725,0.0136986301369863,4.0,4.0
emblematica:E009504,2803,305,0.7437924315970611,0.5,0.1988722216751711,0.0,0.009836065573770493,0.022950819672131147,2.0,3.0
emblematica:E009505,2803,63,0.4781738085681532,0.5,0.03186611541021637,0.0,0.015873015873015872,0.031746031746031744,4.0,3.0
emblematica:E009506,2803,29,0.3333333333333333,0.0021141649048625794,0.009113919088597381,0.0,0.0,0.0,2.5,4.5
emblematica:E009507,2803,1018,0.39652557624636714,0.25,0.30922773517273217,0.0,0.0009823182711198428,0.0009823182711198428,32.0,4.0
emblematica:E009508,2803,163,0.49296057120174336,0.25,0.10895501316305678,0.0,0.006134969325153374,0.018404907975460124,2.5,4.0
emblematica:E009509,2803,336,0.8235865181817077,1.0,0.20276350327724535,0.002976190476190476,0.008928571428571428,0.020833333333333332,61.0,4.0
emblematica:E009510,2803,47,0.3333333333333333,0.05263157894736842,0.027940656910872507,0.0,0.0,0.0,11.5,3.5
emblematica:E009511,2803,397,0.7351199605696532,1.0,0.1727947140120639,0.0025188916876574307,0.007556675062972292,0.012594458438287154,19.0,4.0
emblematica:E009512,2803,46,0.39652557624636714,0.25,0.03918597500139501,0.0,0.021739130434782608,0.021739130434782608,10.0,4.0
emblematica:E009513,2803,302,0.7469316229444565,1.0,0.17469084289792583,0.0033112582781456954,0.013245033112582781,0.016556291390728478,13.0,4.0
emblematica:E009514,2803,335,0.49172233893712536,0.25,0.1612974611132556,0.0,0.0029850746268656717,0.008955223880597015,26.0,4.5
emblematica:E009515,2803,31,0.3333333333333333,0.05555555555555555,0.01972546923085506,0.0,0.0,0.0,3.0,4.5
emblematica:E009516,2803,259,0.48006117753205335,1.0,0.1338652135422352,0.003861003861003861,0.003861003861003861,0.003861003861003861,2.0,2.5
emblematica:E009517,2803,255,0.46832215471500416,0.5,0.14344132270346716,0.0,0.00392156862745098,0.00784313725490196,1.0,4.0
emblematica:E009518,2803,76,0.470077778218629,0.5,0.0446502779659984,0.0,0.013157894736842105,0.013157894736842105,8.0,4.0
emblematica:E009519,2803,56,0.34490520365612953,0.09090909090909091,0.02113703319247449,0.0,0.0,0.0,5.5,4.0
emblematica:E009520,2803,108,0.3333333333333333,0.041666666666666664,0.03406292246413119,0.0,0.0,0.0,1.0,3.0
emblematica:E009521,2803,419,0.5871034981473794,1.0,0.18755855555433468,0.002386634844868735,0.002386634844868735,0.007159904534606206,49.5,3.5
emblematica:E009522,2803,314,0.7195092022418701,1.0,0.19243159984309172,0.0031847133757961785,0.009554140127388535,0.01592356687898089,6.0,2.5
emblematica:E009523,2803,115,0.3333333333333333,0.0196078431372549,0.0327815433835093,0.0,0.0,0.0,7.0,4.5
emblematica:E009524,2803,290,0.42801270478508463,0.16666666666666666,0.13749374964224143,0.0,0.0,0.006896551724137931,2.0,5.0
emblematica:E009525,2803,63,0.5001412949101207,0.058823529411764705,0.03751151566726604,0.0,0.0,0.0,14.0,3.0
emblematica:E009526,2803,197,0.38973013598615264,0.1111111111111111,0.10716567676328194,0.0,0.0,0.005076142131979695,2.0,4.5
emblematica:E009527,2803,141,0.37962081462451813,0.125,0.05841257423071139,0.0,0.0,0.0070921985815602835,16.5,6.0
emblematica:E009528,2803,266,0.7568371608459036,0.5,0.17193500488625116,0.0,0.015037593984962405,0.02631578947368421,9.0,3.0
emblematica:E009529,2803,52,0.38559884598578353,0.16666666666666666,0.029371789493463772,0.0,0.0,0.019230769230769232,1.0,5.0
emblematica:E009530,2803,67,0.4400988155226398,0.03125,0.027062511331762,0.0,0.0,0.0,2.0,3.0
emblematica:E009531,2803,106,0.4164446170101102,0.1111111111111111,0.05915996269681557,0.0,0.0,0.009433962264150943,25.5,4.0
emblematica:E009532,2803,292,0.5266515767734745,0.3333333333333333,0.1397704927307568,0.0,0.00684931506849315,0.00684931506849315,34.0,4.0
emblematica:E009533,2803,67,0.4396406778347568,0.2,0.04878754100152595,0.0,0.014925373134328358,0.014925373134328358,17.5,4.5
emblematica:E009534,2803,375,0.7644878056324477,1.0,0.1748563390846922,0.0026666666666666666,0.008,0.013333333333333334,26.0,3.0
emblematica:E009535,2803,230,0.7453597752277842,1.0,0.15662297210093035,0.004347826086956522,0.013043478260869565,0.02608695652173913,8.0,4.5
emblematica:E009536,2803,428,0.6219367730543677,0.3333333333333333,0.2092041344384588,0.0,0.004672897196261682,0.009345794392523364,9.0,4.0
emblematica:E009537,2803,225,0.5368232559598007,1.0,0.1196049474964105,0.0044444444444444444,0.008888888888888889,0.008888888888888889,10.5,3.0
emblematica:E009538,2803,119,0.48910053882873683,0.5,0.07970278687839079,0.0,0.01680672268907563,0.01680672268907563,6.0,3.0
emblematica:E009539,2803,307,0.3333333333333333,0.08333333333333333,0.12131295913493677,0.0,0.0,0.0,34.0,2.0
emblematica:E009540,2803,406,0.5987646595524514,0.5,0.18972417754807172,0.0,0.0049261083743842365,0.009852216748768473,8.0,4.0
emblematica:E009541,2803,10,0.48006117753205335,1.0,0.11088512077220969,0.1,0.1,0.1,3.0,4.0
emblematica:E009542,2803,426,0.6272802195539116,1.0,0.21662137468082482,0.002347417840375587,0.004694835680751174,0.009389671361502348,5.5,4.0
emblematica:E009543,2803,252,0.49120494769811857,0.25,0.1452711071676308,0.0,0.003968253968253968,0.011904761904761904,12.0,5.0
emblematica:E009544,2803,383,0.5055531673265646,0.25,0.13180884362360715,0.0,0.005221932114882507,0.007832898172323759,31.0,4.0
emblematica:E009545,2803,61,0.48006117753205335,1.0,0.04726435113632362,0.01639344262295082,0.01639344262295082,0.01639344262295082,13.0,5.0
emblematica:E009546,2803,143,0.38559884598578353,0.16666666666666666,0.07701391098104521,0.0,0.0,0.006993006993006993,16.0,3.0
emblematica:E009547,2803,68,0.4748175773152763,0.5,0.045848257949225084,0.0,0.014705882352941176,0.029411764705882353,10.5,4.0
emblematica:E009548,2803,105,0.5633335378231545,0.2,0.06133499898222841,0.0,0.009523809523809525,0.009523809523809525,16.0,4.0
emblematica:E009549,2803,306,0.6578021826972393,0.3333333333333333,0.1796708067587148,0.0,0.00980392156862745,0.016339869281045753,21.0,2.0
emblematica:E009550,2803,44,0.6215454215139965,0.023255813953488372,0.020933750113744334,0.0,0.0,0.0,1.0,2.5
emblematica:E009551,2803,22,0.5494197316792544,0.03125,0.011775432707871524,0.0,0.0,0.0,2.0,3.0
emblematica:E009552,2803,208,0.3333333333333333,0.09090909090909091,0.09727202207229671,0.0,0.0,0.0,6.0,4.0
emblematica:E009553,2803,316,0.5993497388808529,0.3333333333333333,0.1691751997617129,0.0,0.006329113924050633,0.00949367088607595,26.0,3.5
emblematica:E009554,2803,48,0.48910053882873683,0.5,0.05444536866176524,0.0,0.020833333333333332,0.020833333333333332,8.0,4.0
emblematica:E009555,2803,51,0.5635667955726189,0.3333333333333333,0.08155495637535229,0.0,0.0196078431372549,0.0392156862745098,3.0,5.0
emblematica:E009556,2803,254,0.47667875286330774,0.2,0.11844905159134136,0.0,0.003937007874015748,0.011811023622047244,14.0,5.5
emblematica:E009557,2803,26,0.3333333333333333,0.005494505494505495,0.009576665426272203,0.0,0.0,0.0,2.0,4.0
emblematica:E009558,2803,80,0.6545998936834371,0.3333333333333333,0.05737450668222951,0.0,0.0125,0.0375,5.5,3.5
emblematica:E009559,2803,112,0.39652557624636714,0.25,0.05513218522131761,0.0,0.008928571428571428,0.008928571428571428,2.0,4.0
emblematica:E009560,2803,67,0.6938245639532831,0.3333333333333333,0.06927308403737578,0.0,0.029850746268656716,0.04477611940298507,17.0,4.0
emblematica:E009561,2803,14,0.3333333333333333,0.025,0.010205151475722953,0.0,0.0,0.0,5.0,4.0
emblematica:E009562,2803,12,0.37962081462451813,0.09090909090909091,0.01639884910068685,0.0,0.0,0.0,3.0,3.5
emblematica:E009563,2803,32,0.5163972466207908,0.3333333333333333,0.06647114106239312,0.0,0.03125,0.0625,3.0,3.0
emblematica:E009564,2803,45,0.48006117753205335,1.0,0.05897711010588355,0.022222222222222223,0.022222222222222223,0.022222222222222223,4.5,4.5
emblematica:E009565,2803,94,0.4433792164823734,0.3333333333333333,0.08334092305978445,0.0,0.010638297872340425,0.010638297872340425,7.0,4.0
emblematica:E009566,2803,310,0.6117851015412763,1.0,0.1599860277342171,0.0032258064516129032,0.0064516129032258064,0.0064516129032258064,6.0,5.0
emblematica:E009567,2803,162,0.3333333333333333,0.09090909090909091,0.08915362237406065,0.0,0.0,0.0,1.0,4.0
emblematica:E009568,2803,851,0.5221550109981774,0.3333333333333333,0.21234097339920566,0.0,0.0023501762632197414,0.0035252643948296123,3.0,4.5
emblematica:E009569,2803,193,0.7031939261550295,1.0,0.08847250560141182,0.0051813471502590676,0.02072538860103627,0.02072538860103627,11.0,6.0
emblematica:E009570,2803,79,0.38559884598578353,0.043478260869565216,0.037791094173211075,0.0,0.0,0.0,3.0,4.5
emblematica:E009571,2803,95,0.3475238529402701,0.07692307692307693,0.05969837723283361,0.0,0.0,0.0,3.0,6.0
emblematica:E009572,2803,17,0.48006117753205335,0.006211180124223602,0.016518735410597958,0.0,0.0,0.0,1.0,3.0
emblematica:E009573,2803,53,0.3443757039090648,0.09090909090909091,0.025714251265754495,0.0,0.0,0.0,6.5,3.0
emblematica:E009574,2803,155,0.4011377823368121,0.2,0.04053675867229247,0.0,0.0064516129032258064,0.0064516129032258064,2.0,4.0
emblematica:E009575,2803,0,0.8259896754927477,,,,,,1.0,4.0
emblematica:E009576,2803,74,0.39652557624636714,0.25,0.05749268211416457,0.0,0.013513513513513514,0.013513513513513514,4.0,4.0
emblematica:E009577,2803,253,0.5646341279124643,0.3333333333333333,0.13823055714110002,0.0,0.007905138339920948,0.015810276679841896,1.0,3.5
emblematica:E009578,2803,75,0.3333333333333333,0.018518518518518517,0.03908053325337766,0.0,0.0,0.0,5.0,3.0
emblematica:E009579,2803,190,0.6783074999417438,1.0,0.13740156238671797,0.005263157894736842,0.015789473684210527,0.021052631578947368,7.0,4.0
emblematica:E009580,2803,267,0.6491130601453097,0.5,0.17203287350832874,0.0,0.011235955056179775,0.018726591760299626,1.0,3.0
emblematica:E009581,2803,216,0.5438985605072998,1.0,0.06943138553967934,0.004629629629629629,0.004629629629629629,0.004629629629629629,2.0,4.0
emblematica:E009582,2803,22,0.5534250996314135,0.05263157894736842,0.016194110459063518,0.0,0.0,0.0,1.0,4.5
emblematica:E009583,2803,201,0.4851703448947124,0.125,0.06340727833927827,0.0,0.0,0.004975124378109453,11.0,4.0
emblematica:E009584,2803,78,0.5534250996314135,1.0,0.053421442678252266,0.01282051282051282,0.02564102564102564,0.02564102564102564,19.0,4.0
emblematica:E009585,2803,177,0.3333333333333333,0.04,0.07489960883430415,0.0,0.0,0.0,5.0,4.0
emblematica:E009586,2803,209,0.3333333333333333,0.06666666666666667,0.06695226679132352,0.0,0.0,0.0,9.0,3.0
emblematica:E009587,2803,168,0.657661223618855,0.5,0.11895781576380042,0.0,0.017857142857142856,0.02976190476190476,4.0,4.0
emblematica:E009588,2803,271,0.5007880494666809,0.5,0.11517713733798464,0.0,0.0036900369003690036,0.007380073800738007,5.0,3.5
emblematica:E009589,2803,189,0.3333333333333333,0.06666666666666667,0.06457412495564596,0.0,0.0,0.0,2.5,4.5
emblematica:E009590,2803,245,0.761961618899397,1.0,0.16677378546447644,0.004081632653061225,0.012244897959183673,0.024489795918367346,9.5,5.0
emblematica:E009591,2803,288,0.42590829591570295,0.5,0.14029737083941973,0.0,0.003472222222222222,0.003472222222222222,4.5,4.5
emblematica:E009592,2803,318,0.7157932797714958,1.0,0.1252183630923653,0.0031446540880503146,0.012578616352201259,0.012578616352201259,14.0,5.5
emblematica:E009593,2803,316,0.7427379751193957,1.0,0.17240386041905442,0.0031645569620253164,0.00949367088607595,0.0189873417721519,28.0,4.0
emblematica:E009594,2803,87,0.42590829591570295,0.5,0.07399711709585191,0.0,0.011494252873563218,0.011494252873563218,14.0,4.0
emblematica:E009595,2803,104,0.5368232559598007,1.0,0.05698406339153701,0.009615384615384616,0.019230769230769232,0.019230769230769232,9.0,5.0
emblematica:E009596,2803,32,0.3333333333333333,0.05,0.012532613431552682,0.0,0.0,0.0,3.0,4.0
emblematica:E009597,2803,332,0.5809927382627267,1.0,0.14237339224345474,0.0030120481927710845,0.006024096385542169,0.009036144578313253,1.0,5.0
emblematica:E009598,2803,16,0.3333333333333333,0.038461538461538464,0.011308198124718944,0.0,0.0,0.0,2.5,3.5
emblematica:E009599,2803,183,0.4051305432332059,0.1,0.05750622282640365,0.0,0.0,0.00546448087431694,2.0,6.0
emblematica:E009600,2803,38,0.4500470637363855,0.2,0.034134356781013994,0.0,0.02631578947368421,0.05263157894736842,5.0,3.0
emblematica:E009601,2803,30,0.40809744656916336,0.25,0.07800832154449508,0.0,0.03333333333333333,0.03333333333333333,3.0,5.0
emblematica:E009602,2803,23,0.3333333333333333,0.010526315789473684,0.01056348395467598,0.0,0.0,0.0,5.0,4.0
emblematica:E009603,2803,312,0.42203467342381923,0.125,0.13248124392866928,0.0,0.0,0.003205128205128205,4.0,4.5
emblematica:E009604,2803,15,0.49127020581310415,0.002680965147453083,0.006104700037962211,0.0,0.0,0.0,1.0,4.0
emblematica:E009605,2803,180,0.5663971610906797,1.0,0.1110080391178127,0.005555555555555556,0.011111111111111112,0.011111111111111112,7.0,3.0
emblematica:E009606,2803,0,1.0,,,,,,1.0,2.0
emblematica:E009607,2803,64,0.3333333333333333,0.08333333333333333,0.028905108688164885,0.0,0.0,0.0,17.0,4.0
emblematica:E009608,2803,31,0.5986412155009773,1.0,0.08642672892721145,0.03225806451612903,0.03225806451612903,0.0967741935483871,4.0,5.0
emblematica:E009609,2803,82,0.5560342964428103,0.5,0.07421784666532621,0.0,0.036585365853658534,0.036585365853658534,6.0,5.0
emblematica:E009610,2803,11,0.3333333333333333,0.009259259259259259,0.011142217892169692,0.0,0.0,0.0,3.5,5.0
emblematica:E009611,2803,743,0.48006117753205335,1.0,0.21319103545763377,0.0013458950201884253,0.0013458950201884253,0.0013458950201884253,11.5,3.0
emblematica:E009612,2803,253,0.4781738085681532,0.5,0.12857027803853044,0.0,0.003952569169960474,0.007905138339920948,1.0,2.5
emblematica:E009613,2803,10,0.3439367980331586,0.002398081534772182,0.0056561483505696755,0.0,0.0,0.0,1.5,5.0
emblematica:E009614,2803,54,0.320713481246783,0.0196078431372549,0.01922073031867955,0.0,0.0,0.0,3.0,5.0
emblematica:E009615,2803,70,0.5294022444451258,0.3333333333333333,0.08648476839157009,0.0,0.02857142857142857,0.04285714285714286,7.0,6.0
emblematica:E009616,2803,282,0.706283690728185,1.0,0.15609109000924754,0.0035460992907801418,0.010638297872340425,0.014184397163120567,4.5,3.5
emblematica:E009617,2803,85,0.5384211794419163,1.0,0.06759655925997084,0.011764705882352941,0.011764705882352941,0.023529411764705882,9.0,5.0
emblematica:E009618,2803,331,0.5542957910208187,1.0,0.16053049535463507,0.0030211480362537764,0.006042296072507553,0.006042296072507553,16.0,4.0
emblematica:E009619,2803,111,0.5890887686122509,0.02702702702702703,0.04620931137076291,0.0,0.0,0.0,4.0,3.0
emblematica:E009620,2803,227,0.6544167210958978,1.0,0.09677051945914944,0.004405286343612335,0.004405286343612335,0.01762114537444934,23.0,5.0
emblematica:E009621,2803,72,0.3439367980331586,0.023809523809523808,0.04851435760268119,0.0,0.0,0.0,14.0,6.0
emblematica:E009622,2803,475,0.5368232559598007,1.0,0.18803992872518072,0.002105263157894737,0.004210526315789474,0.004210526315789474,29.0,3.0
emblematica:E009623,2803,58,0.3775028156362593,0.1111111111111111,0.030511341175585616,0.0,0.0,0.017241379310344827,9.0,3.5
emblematica:E009624,2803,14,0.40669725543269336,0.3333333333333333,0.034295656676916246,0.0,0.07142857142857142,0.07142857142857142,4.5,3.5
emblematica:E009625,2803,187,0.3455606536832266,0.08333333333333333,0.06728367797766541,0.0,0.0,0.0,2.0,5.0
emblematica:E009626,2803,29,0.48006117753205335,1.0,0.04898514129369925,0.034482758620689655,0.034482758620689655,0.034482758620689655,4.0,3.5
emblematica:E009627,2803,85,0.34490520365612953,0.03125,0.02264277929699361,0.0,0.0,0.0,5.0,3.5
emblematica:E009628,2803,189,0.5353880201199217,0.5,0.06785167913542048,0.0,0.010582010582010581,0.015873015873015872,4.0,5.5
emblematica:E009629,2803,51,0.48006117753205335,1.0,0.04961812869971321,0.0196078431372549,0.0196078431372549,0.0196078431372549,1.0,4.0
emblematica:E009630,2803,66,0.43638289305226546,0.2,0.03956953723492295,0.0,0.015151515151515152,0.030303030303030304,7.0,3.0
emblematica:E009631,2803,70,0.5996689754806563,0.5,0.07020042233505157,0.0,0.02857142857142857,0.04285714285714286,14.5,4.0
emblematica:E009632,2803,40,0.3333333333333333,0.01818181818181818,0.02304019331638508,0.0,0.0,0.0,4.5,3.0
emblematica:E009633,2803,51,0.39889093277822685,0.1,0.02260499906499917,0.0,0.0,0.0196078431372549,4.5,3.0
emblematica:E009634,2803,197,0.6000154988728346,1.0,0.12656732301289478,0.005076142131979695,0.015228426395939087,0.015228426395939087,8.5,5.0
emblematica:E009635,2803,3,0.40430220188639443,0.001976284584980237,0.0013058598918382416,0.0,0.0,0.0,1.0,4.0
emblematica:E009636,2803,41,0.3333333333333333,0.023809523809523808,0.02321104344986797,0.0,0.0,0.0,5.0,4.5
emblematica:E009637,2803,290,0.7051830538212519,1.0,0.17403405422586024,0.0034482758620689655,0.006896551724137931,0.017241379310344827,3.0,5.0
emblematica:E009638,2803,228,0.4389394350456683,0.25,0.07969113647876787,0.0,0.0043859649122807015,0.0043859649122807015,17.0,4.0
emblematica:E009639,2803,257,0.6812160290425933,1.0,0.08925449535196749,0.0038910505836575876,0.007782101167315175,0.011673151750972763,26.0,3.0
emblematica:E009640,2803,7,0.3333333333333333,0.05555555555555555,0.011873951092643425,0.0,0.0,0.0,1.0,5.0
emblematica:E009641,2803,192,0.7007730092165344,1.0,0.09274503395482919,0.005208333333333333,0.015625,0.020833333333333332,5.5,3.0
emblematica:E009642,2803,25,0.4491111142319945,0.3333333333333333,0.03960996378087922,0.0,0.04,0.08,1.0,5.0
emblematica:E009643,2803,184,0.47590189557264223,0.25,0.06441044551423934,0.0,0.010869565217391304,0.010869565217391304,2.0,5.0
emblematica:E009644,2803,186,0.3333333333333333,0.058823529411764705,0.059603439938904074,0.0,0.0,0.0,3.0,5.5
emblematica:E009645,2803,16,0.37962081462451813,0.125,0.01675635261649693,0.0,0.0,0.0625,2.0,3.0
emblematica:E009646,2803,247,0.43188632727696835,0.16666666666666666,0.07662269081312914,0.0,0.0,0.004048582995951417,2.0,4.0
emblematica:E009647,2803,262,0.7877644428022579,1.0,0.11375137293813532,0.003816793893129771,0.015267175572519083,0.019083969465648856,21.0,3.0
emblematica:E009648,2803,15,0.3333333333333333,0.005813953488372093,0.005856820437369352,0.0,0.0,0.0,3.0,4.0
emblematica:E009649,2803,25,0.3333333333333333,0.025,0.024550774117195785,0.0,0.0,0.0,4.0,3.0
emblematica:E009650,2803,164,0.43188632727696835,0.16666666666666666,0.09614227521065088,0.0,0.0,0.012195121951219513,5.0,4.5
emblematica:E009651,2803,0,1.0,,,,,,1.0,2.0
emblematica:E009652,2803,24,0.40669725543269336,0.3333333333333333,0.03816113977075045,0.0,0.041666666666666664,0.041666666666666664,3.0,5.0
emblematica:E009653,2803,31,0.37574719213263447,0.1,0.016496974551727984,0.0,0.0,0.03225806451612903,4.0,3.0
emblematica:E009654,2803,197,0.5323266901845036,0.16666666666666666,0.06408370973194626,0.0,0.0,0.005076142131979695,6.5,4.0
emblematica:E009655,2803,65,0.3333333333333333,0.012048192771084338,0.024163736622053428,0.0,0.0,0.0,14.0,5.0
emblematica:E009656,2803,295,0.43783273415207774,0.125,0.10315258776474245,0.0,0.0,0.006779661016949152,27.0,6.0
emblematica:E009657,2803,112,0.39652557624636714,0.25,0.039738832627339224,0.0,0.008928571428571428,0.008928571428571428,16.0,3.0
emblematica:E009658,2803,24,0.3333333333333333,0.06666666666666667,0.009567359525396484,0.0,0.0,0.0,3.0,5.0
emblematica:E009659,2803,208,0.48006117753205335,1.0,0.07157718521050777,0.004807692307692308,0.004807692307692308,0.004807692307692308,4.0,4.0
emblematica:E009660,2803,101,0.5076259158730727,0.3333333333333333,0.0775377043369327,0.0,0.009900990099009901,0.019801980198019802,23.0,3.5
emblematica:E009661,2803,202,0.470077778218629,0.5,0.07417952167867775,0.0,0.0049504950495049506,0.009900990099009901,10.5,3.5
emblematica:E009662,2803,22,0.3333333333333333,0.029411764705882353,0.011622313999443006,0.0,0.0,0.0,1.5,5.0
emblematica:E009663,2803,201,0.43320753729604716,0.25,0.06403090202366696,0.0,0.004975124378109453,0.004975124378109453,11.5,5.0
emblematica:E010543,2803,799,0.9510907186004266,1.0,0.811850098756275,0.0012515644555694619,0.006257822277847309,0.011264080100125156,14.0,3.0
emblematica:E010544,2803,791,0.9510907186004266,1.0,0.8046697101008123,0.0012642225031605564,0.006321112515802781,0.011378002528445006,11.0,4.0
emblematica:E010545,2803,773,0.9305687780632227,1.0,0.8149946103809157,0.00129366106080207,0.00517464424320828,0.01164294954721863,12.0,3.0
emblematica:E010546,2803,739,0.9074250374176303,1.0,0.8221495015416985,0.0013531799729364006,0.005412719891745603,0.012178619756427604,12.0,3.0
emblematica:E010547,2803,866,1.0,1.0,0.7911181557749806,0.0011547344110854503,0.005773672055427252,0.010392609699769052,24.0,4.5
emblematica:E010548,2803,740,0.9477344873475497,1.0,0.8208540475389068,0.0013513513513513514,0.006756756756756757,0.012162162162162163,5.0,4.0
emblematica:E010549,2803,747,0.8842222191013388,1.0,0.7676455978707976,0.0013386880856760374,0.00535475234270415,0.0107095046854083,10.0,3.0
emblematica:E010550,2803,1026,0.8842222191013388,1.0,0.7343460656261954,0.0009746588693957114,0.003898635477582846,0.007797270955165692,17.5,4.5
emblematica:E010551,2803,736,1.0,1.0,0.8709150158434759,0.001358695652173913,0.006793478260869565,0.01358695652173913,4.0,3.0
emblematica:E010552,2803,827,0.9266360779006398,1.0,0.7977494352433159,0.0012091898428053204,0.0048367593712212815,0.010882708585247884,14.0,3.0
emblematica:E010553,2803,740,1.0,1.0,0.8565591531735354,0.0013513513513513514,0.006756756756756757,0.013513513513513514,3.5,4.0
emblematica:E010554,2803,761,1.0,1.0,0.8409470861112407,0.001314060446780552,0.006570302233902759,0.013140604467805518,5.0,4.0
emblematica:E010555,2803,590,0.37574719213263447,0.1,0.2409457311123872,0.0,0.0,0.001694915254237288,15.0,4.0
emblematica:E010556,2803,725,0.8532721558012798,0.5,0.7787109380028729,0.0,0.005517241379310344,0.012413793103448275,2.0,4.0
emblematica:E010557,2803,830,1.0,1.0,0.8005804893590136,0.0012048192771084338,0.006024096385542169,0.012048192771084338,15.0,5.0
emblematica:E010558,2803,950,1.0,1.0,0.7768420474116897,0.0010526315789473684,0.005263157894736842,0.010526315789473684,17.0,3.5
emblematica:E010559,2803,762,0.9477344873475497,1.0,0.8473397649680897,0.0013123359580052493,0.006561679790026247,0.011811023622047244,8.0,3.0
emblematica:E010560,2803,99,0.5752579402228116,1.0,0.08253212946658632,0.010101010101010102,0.010101010101010102,0.030303030303030304,7.5,3.0
emblematica:E010561,2803,55,0.3333333333333333,0.058823529411764705,0.046736598312119605,0.0,0.0,0.0,1.0,4.0
emblematica:E010562,2803,499,0.39652557624636714,0.25,0.2412141391651967,0.0,0.002004008016032064,0.002004008016032064,47.0,4.0
emblematica:E010563,2803,814,0.6424293576721357,1.0,0.785682459187348,0.0012285012285012285,0.0036855036855036856,0.004914004914004914,31.0,3.0
emblematica:E010564,2803,1033,0.7599627620744218,1.0,0.7475375644641887,0.000968054211035818,0.003872216844143272,0.005808325266214908,32.0,3.0
emblematica:E010565,2803,1043,1.0,1.0,0.7621940948972558,0.0009587727708533077,0.004793863854266539,0.009587727708533078,3.0,4.0
emblematica:E010566,2803,855,1.0,1.0,0.8116166503900175,0.0011695906432748538,0.005847953216374269,0.011695906432748537,31.0,4.0
emblematica:E010567,2803,723,0.7333178344604987,0.5,0.7973080414007084,0.0,0.0027662517289073307,0.009681881051175657,4.0,3.5
emblematica:E010568,2803,13,0.3333333333333333,0.006578947368421052,0.008180207631459026,0.0,0.0,0.0,1.5,3.0
emblematica:E010569,2803,397,0.7832906583706654,1.0,0.18876618987962884,0.0025188916876574307,0.007556675062972292,0.015113350125944584,12.0,3.5
emblematica:E010570,2803,272,0.7832906583706654,1.0,0.2400835317129697,0.003676470588235294,0.011029411764705883,0.022058823529411766,5.0,4.0
emblematica:E010571,2803,722,0.8532721558012798,0.5,0.8203803922269908,0.0,0.00554016620498615,0.012465373961218837,9.0,3.0
emblematica:E010572,2803,156,0.5550135706407853,0.5,0.060412517011021225,0.0,0.01282051282051282,0.019230769230769232,4.5,4.0
emblematica:E010573,2803,754,0.8532721558012798,0.5,0.773405179086149,0.0,0.005305039787798408,0.011936339522546418,7.0,4.0
emblematica:E010574,2803,167,0.37962081462451813,0.125,0.18379595493074213,0.0,0.0,0.005988023952095809,2.5,3.5
emblematica:E010575,2803,168,0.5832396048142484,1.0,0.1915667150648486,0.005952380952380952,0.011904761904761904,0.011904761904761904,1.0,4.0
emblematica:E010576,2803,872,0.9266360779006398,1.0,0.9072472292778894,0.0011467889908256881,0.0045871559633027525,0.010321100917431193,6.0,3.5
emblematica:E010577,2803,169,0.35647707397892575,0.07142857142857142,0.16564799874365457,0.0,0.0,0.0,3.0,4.0
emblematica:E010578,2803,731,0.8532721558012798,0.5,0.7943860376362056,0.0,0.005471956224350205,0.012311901504787962,2.0,3.0
emblematica:E010579,2803,471,0.5653788690218372,0.25,0.23366675991598482,0.0,0.004246284501061571,0.006369426751592357,3.5,3.5
emblematica:E010580,2803,734,0.8069846745100949,0.5,0.7858299415922224,0.0,0.005449591280653951,0.009536784741144414,1.0,3.0
emblematica:E010581,2803,39,0.5052502493763283,0.3333333333333333,0.024771665563695873,0.0,0.02564102564102564,0.02564102564102564,3.0,3.5
emblematica:E010582,2803,180,0.3333333333333333,0.0625,0.19696152429385813,0.0,0.0,0.0,5.5,3.0
emblematica:E010583,2803,749,0.9477344873475497,1.0,0.8243786498316218,0.0013351134846461949,0.006675567423230975,0.012016021361815754,2.5,4.0
emblematica:E010584,2803,831,0.9477344873475497,1.0,0.8024841587539968,0.0012033694344163659,0.006016847172081829,0.010830324909747292,7.0,4.0
emblematica:E010585,2803,960,0.9510907186004266,1.0,0.7477962285403618,0.0010416666666666667,0.005208333333333333,0.009375,35.0,3.5
emblematica:E010586,2803,971,0.9510907186004266,1.0,0.7514706516685064,0.0010298661174047373,0.005149330587023687,0.009268795056642637,16.0,4.0
emblematica:E010587,2803,762,0.9432379215722525,1.0,0.7952307706043915,0.0013123359580052493,0.005249343832020997,0.011811023622047244,5.0,3.5
emblematica:E010588,2803,230,0.5368232559598007,1.0,0.19447135024745849,0.004347826086956522,0.008695652173913044,0.008695652173913044,5.0,4.0
emblematica:E010589,2803,141,0.3333333333333333,0.05263157894736842,0.061068149258223396,0.0,0.0,0.0,3.5,4.5
emblematica:E010590,2803,157,0.47269957832701753,0.14285714285714285,0.15479753979725608,0.0,0.0,0.01910828025477707,2.0,3.5
emblematica:E010591,2803,875,0.9477344873475497,1.0,0.9062816364589379,0.001142857142857143,0.005714285714285714,0.010285714285714285,3.0,4.0
emblematica:E010592,2803,732,0.8988252059479763,1.0,0.8195573917427327,0.001366120218579235,0.006830601092896175,0.01092896174863388,5.5,3.5
emblematica:E010593,2803,180,0.49127020581310415,0.2,0.17491933724143993,0.0,0.005555555555555556,0.016666666666666666,3.0,3.5
emblematica:E010594,2803,949,0.8091026734983537,0.5,0.7501082108081597,0.0,0.004214963119072708,0.008429926238145416,6.0,4.0
emblematica:E010595,2803,1106,0.790079912888246,0.5,0.7280966361367268,0.0,0.0027124773960217,0.007233273056057866,12.0,4.0
emblematica:E010596,2803,69,0.3333333333333333,0.02857142857142857,0.05789346480751065,0.0,0.0,0.0,5.5,4.0
emblematica:E010597,2803,734,1.0,1.0,0.8137739925110465,0.0013623978201634877,0.006811989100817439,0.013623978201634877,6.0,3.0
emblematica:E010598,2803,756,1.0,1.0,0.808504883908964,0.0013227513227513227,0.006613756613756613,0.013227513227513227,19.0,3.0
emblematica:E010599,2803,888,0.9558305176970738,1.0,0.9093899928443006,0.0011261261261261261,0.00563063063063063,0.010135135135135136,1.5,3.5
emblematica:E010600,2803,1108,0.9558305176970738,1.0,0.8509088749473047,0.0009025270758122744,0.004512635379061372,0.008122743682310469,21.5,3.5
emblematica:E010601,2803,786,0.9477344873475497,1.0,0.7943915736533312,0.001272264631043257,0.006361323155216285,0.011450381679389313,15.0,3.0
emblematica:E010602,2803,874,1.0,1.0,0.9236446114796624,0.0011441647597254005,0.005720823798627002,0.011441647597254004,3.5,3.5
emblematica:E010603,2803,302,0.5421467195514966,1.0,0.21035133594210964,0.0033112582781456954,0.0033112582781456954,0.006622516556291391,8.0,3.5
emblematica:E010604,2803,224,0.6295270861054333,1.0,0.22540633768122872,0.004464285714285714,0.008928571428571428,0.013392857142857142,1.5,3.5
emblematica:E010605,2803,735,0.8532721558012798,0.5,0.800394188388074,0.0,0.004081632653061225,0.010884353741496598,2.0,3.0
emblematica:E010606,2803,213,0.48910053882873683,0.25,0.16246597053780437,0.0,0.004694835680751174,0.004694835680751174,2.0,4.0
emblematica:E010607,2803,725,0.7645708157107938,0.5,0.8020196191568046,0.0,0.005517241379310344,0.009655172413793104,2.5,4.0
emblematica:E010608,2803,229,0.5541595307759017,0.3333333333333333,0.21321530984649237,0.0,0.004366812227074236,0.017467248908296942,6.0,3.0
emblematica:E010609,2803,200,0.5263486588232382,1.0,0.17720928453025464,0.005,0.005,0.01,1.0,5.0
emblematica:E010610,2803,216,0.5263486588232382,1.0,0.18660253255271605,0.004629629629629629,0.004629629629629629,0.009259259259259259,2.0,4.0
emblematica:E010611,2803,221,0.37574719213263447,0.1,0.1729828807271461,0.0,0.0,0.004524886877828055,10.5,3.5
emblematica:E010612,2803,740,0.8532721558012798,0.5,0.8111994109791711,0.0,0.005405405405405406,0.012162162162162163,6.0,4.0
emblematica:E010613,2803,1224,0.9558305176970738,1.0,0.7356698791123402,0.0008169934640522876,0.004084967320261438,0.007352941176470588,23.5,3.5
emblematica:E010614,2803,734,0.9558305176970738,1.0,0.8410895867049696,0.0013623978201634877,0.006811989100817439,0.01226158038147139,6.0,4.0
emblematica:E010615,2803,784,1.0,1.0,0.8354313887515766,0.0012755102040816326,0.006377551020408163,0.012755102040816327,3.0,3.0
emblematica:E010616,2803,756,1.0,1.0,0.8351135915731371,0.0013227513227513227,0.006613756613756613,0.013227513227513227,13.0,3.0
emblematica:E010617,2803,782,0.9266360779006398,1.0,0.8179217762543309,0.0012787723785166241,0.005115089514066497,0.010230179028132993,19.0,4.0
emblematica:E010618,2803,757,0.8842222191013388,1.0,0.8298405159974781,0.001321003963011889,0.005284015852047556,0.010568031704095112,1.0,3.0
emblematica:E010619,2803,881,1.0,1.0,0.9136393805968348,0.0011350737797956867,0.0056753688989784334,0.011350737797956867,6.0,3.0
emblematica:E010620,2803,743,1.0,1.0,0.8288758246343826,0.0013458950201884253,0.006729475100942127,0.013458950201884253,10.0,3.0
emblematica:E010621,2803,793,0.9575861412006987,1.0,0.7826471514526413,0.0012610340479192938,0.006305170239596469,0.011349306431273645,16.5,4.0
emblematica:E010622,2803,856,0.9575861412006987,1.0,0.750312957709594,0.0011682242990654205,0.005841121495327103,0.010514018691588784,17.0,4.0
emblematica:E010623,2803,794,1.0,1.0,0.7946705844368319,0.0012594458438287153,0.006297229219143577,0.012594458438287154,3.0,3.0
emblematica:E010624,2803,810,1.0,1.0,0.803483085000158,0.0012345679012345679,0.006172839506172839,0.012345679012345678,15.0,4.0
emblematica:E010625,2803,716,0.9368077570869661,1.0,0.8381819929690075,0.0013966480446927375,0.00558659217877095,0.012569832402234637,1.0,4.0
emblematica:E010626,2803,754,0.9368077570869661,1.0,0.8266981137708416,0.001326259946949602,0.005305039787798408,0.011936339522546418,11.0,3.0
emblematica:E010627,2803,354,0.46832215471500416,0.5,0.19738407884036321,0.0,0.002824858757062147,0.005649717514124294,18.0,4.0
emblematica:E010628,2803,796,0.8108582970019786,0.5,0.7897739956370187,0.0,0.005025125628140704,0.010050251256281407,1.0,3.0
emblematica:E010629,2803,764,0.693094262575334,1.0,0.7635722675780426,0.0013089005235602095,0.003926701570680628,0.006544502617801047,11.0,5.0
emblematica:E010630,2803,726,0.693094262575334,1.0,0.7782319950156292,0.0013774104683195593,0.004132231404958678,0.006887052341597796,4.0,3.0
emblematica:E010631,2803,712,0.9575861412006987,1.0,0.8369334222691752,0.0014044943820224719,0.007022471910112359,0.012640449438202247,1.5,4.0
emblematica:E010632,2803,768,0.9575861412006987,1.0,0.8201923390338224,0.0013020833333333333,0.006510416666666667,0.01171875,2.0,3.0
emblematica:E010633,2803,158,0.48784871644524164,0.25,0.21857870342826635,0.0,0.006329113924050633,0.0189873417721519,3.0,4.0
emblematica:E010634,2803,90,0.3333333333333333,0.02857142857142857,0.03804507482691077,0.0,0.0,0.0,3.5,4.0
emblematica:E010635,2803,230,0.6400084407336406,1.0,0.22139686227731176,0.004347826086956522,0.008695652173913044,0.017391304347826087,3.0,4.0
emblematica:E010636,2803,234,0.6400084407336406,1.0,0.22753132629604783,0.004273504273504274,0.008547008547008548,0.017094017094017096,4.0,4.0
emblematica:E010637,2803,793,0.9074250374176303,1.0,0.8114040086212588,0.0012610340479192938,0.005044136191677175,0.011349306431273645,8.0,3.0
emblematica:E010638,2803,831,0.9305687780632227,1.0,0.777712685754249,0.0012033694344163659,0.0048134777376654635,0.010830324909747292,21.5,3.5
emblematica:E010639,2803,114,0.48006117753205335,1.0,0.06976668253870877,0.008771929824561403,0.008771929824561403,0.008771929824561403,3.0,3.0
emblematica:E010640,2803,122,0.48006117753205335,1.0,0.09911410998539864,0.00819672131147541,0.00819672131147541,0.00819672131147541,2.0,3.0
emblematica:E010641,2803,206,0.635828383027457,1.0,0.20482882871343516,0.0048543689320388345,0.014563106796116505,0.014563106796116505,4.0,3.0
emblematica:E010642,2803,755,0.8800456786592188,1.0,0.7995185022450715,0.0013245033112582781,0.003973509933774834,0.010596026490066225,8.5,3.0
emblematica:E010643,2803,755,0.7494881649378593,1.0,0.7865001986098391,0.0013245033112582781,0.003973509933774834,0.007947019867549669,5.0,4.0
emblematica:E010644,2803,830,0.8062502433656067,1.0,0.7783086441923298,0.0012048192771084338,0.004819277108433735,0.008433734939759036,15.0,3.0
emblematica:E010645,2803,947,0.909543036405889,1.0,0.7397075529319805,0.0010559662090813093,0.005279831045406547,0.008447729672650475,9.0,3.0
emblematica:E010646,2803,730,0.909543036405889,1.0,0.7939988714885038,0.0013698630136986301,0.00684931506849315,0.010958904109589041,1.0,4.5
emblematica:E010647,2803,722,0.8010066431488296,0.5,0.7803082769046529,0.0,0.00554016620498615,0.0110803324099723,1.0,4.0
emblematica:E010648,2803,343,0.38559884598578353,0.07142857142857142,0.18757361479964577,0.0,0.0,0.0,3.0,4.0
emblematica:E010649,2803,1112,0.9575861412006987,1.0,0.7238287347942202,0.0008992805755395684,0.0044964028776978415,0.008093525179856115,21.0,4.0
emblematica:E010650,2803,791,0.9575861412006987,1.0,0.7745670566444615,0.0012642225031605564,0.006321112515802781,0.011378002528445006,31.0,3.0
emblematica:E010651,2803,734,0.9432379215722525,1.0,0.8142500905279705,0.0013623978201634877,0.005449591280653951,0.01226158038147139,4.5,4.5
emblematica:E010652,2803,788,0.9432379215722525,1.0,0.7902895652795964,0.0012690355329949238,0.005076142131979695,0.011421319796954314,7.5,4.0
emblematica:E010653,2803,789,1.0,1.0,0.8338483980845076,0.0012674271229404308,0.0063371356147021544,0.012674271229404309,6.0,3.0
emblematica:E010654,2803,816,1.0,1.0,0.8313681181421154,0.0012254901960784314,0.006127450980392157,0.012254901960784314,12.0,3.0
emblematica:E010655,2803,886,0.8532721558012798,0.5,0.7699875310742089,0.0,0.004514672686230248,0.010158013544018058,6.0,4.0
emblematica:E010656,2803,552,0.42533712494681464,0.2,0.2742787961667627,0.0,0.0018115942028985507,0.0018115942028985507,17.0,3.0
emblematica:E010657,2803,748,1.0,1.0,0.852064701209297,0.001336898395721925,0.0066844919786096255,0.013368983957219251,9.0,3.0
emblematica:E010658,2803,725,1.0,1.0,0.855925862497093,0.001379310344827586,0.006896551724137931,0.013793103448275862,5.0,4.0
emblematica:E010659,2803,802,1.0,1.0,0.8246267394796212,0.0012468827930174563,0.006234413965087282,0.012468827930174564,4.0,3.0
emblematica:E010660,2803,732,1.0,1.0,0.8476439593465896,0.001366120218579235,0.006830601092896175,0.01366120218579235,4.0,3.0
emblematica:E010661,2803,728,0.909543036405889,1.0,0.807094367165393,0.0013736263736263737,0.006868131868131868,0.01098901098901099,3.0,3.0
emblematica:E010662,2803,791,0.9558305176970738,1.0,0.7776589768398956,0.0012642225031605564,0.006321112515802781,0.011378002528445006,13.0,3.0
emblematica:E010663,2803,731,0.9575861412006987,1.0,0.8071448026175141,0.0013679890560875513,0.006839945280437756,0.012311901504787962,4.0,4.0
emblematica:E010664,2803,726,0.9575861412006987,1.0,0.8055632506083961,0.0013774104683195593,0.006887052341597796,0.012396694214876033,2.0,4.0
emblematica:E010665,2803,743,0.909543036405889,1.0,0.8338130568519695,0.0013458950201884253,0.006729475100942127,0.010767160161507403,11.0,4.0
emblematica:E010666,2803,966,0.909543036405889,1.0,0.7787372146523563,0.0010351966873706005,0.005175983436853002,0.008281573498964804,6.0,3.0
emblematica:E010667,2803,821,0.9074250374176303,1.0,0.7772696625764193,0.001218026796589525,0.0048721071863581,0.010962241169305725,16.0,3.0
emblematica:E010668,2803,779,0.9074250374176303,1.0,0.7928294582676216,0.0012836970474967907,0.005134788189987163,0.011553273427471117,16.5,3.0
emblematica:E010669,2803,771,1.0,1.0,0.7956737454761027,0.0012970168612191958,0.00648508430609598,0.01297016861219196,6.0,5.0
emblematica:E010670,2803,939,1.0,1.0,0.7608713671577806,0.0010649627263045794,0.005324813631522897,0.010649627263045794,18.0,3.5
emblematica:E010671,2803,954,1.0,1.0,0.7426403424798765,0.0010482180293501049,0.005241090146750524,0.010482180293501049,9.0,4.0
emblematica:E010672,2803,922,1.0,1.0,0.7441030981529019,0.0010845986984815619,0.005422993492407809,0.010845986984815618,4.0,3.0
emblematica:E010673,2803,771,0.9558305176970738,1.0,0.826568235742133,0.0012970168612191958,0.00648508430609598,0.011673151750972763,8.0,3.0
emblematica:E010674,2803,732,0.9558305176970738,1.0,0.8389481688675959,0.001366120218579235,0.006830601092896175,0.012295081967213115,1.0,3.0
emblematica:E010675,2803,728,0.8532721558012798,0.5,0.8384330853299027,0.0,0.005494505494505495,0.012362637362637362,5.0,3.0
emblematica:E010676,2803,278,0.3333333333333333,0.06666666666666667,0.0888466840034821,0.0,0.0,0.0,3.0,4.0
emblematica:E010677,2803,726,0.7333178344604987,0.5,0.8132078770463103,0.0,0.0027548209366391185,0.009641873278236915,10.5,3.0
emblematica:E010678,2803,300,0.5458626172564842,0.5,0.1171561128882101,0.0,0.01,0.01,7.0,4.0
emblematica:E010679,2803,847,1.0,1.0,0.793741993193821,0.0011806375442739079,0.0059031877213695395,0.011806375442739079,17.0,4.0
emblematica:E010680,2803,829,1.0,1.0,0.7884376644299648,0.0012062726176115801,0.006031363088057901,0.012062726176115802,16.0,3.5
emblematica:E010681,2803,725,1.0,1.0,0.8346671249313558,0.001379310344827586,0.006896551724137931,0.013793103448275862,8.0,4.0
emblematica:E010682,2803,1031,1.0,1.0,0.7699676880172187,0.0009699321047526673,0.004849660523763337,0.009699321047526674,19.5,4.0
emblematica:E010683,2803,734,1.0,1.0,0.8249488057768287,0.0013623978201634877,0.006811989100817439,0.013623978201634877,1.0,3.5
emblematica:E010684,2803,790,1.0,1.0,0.8076433384062972,0.0012658227848101266,0.006329113924050633,0.012658227848101266,17.0,4.0
emblematica:E010685,2803,1047,1.0,1.0,0.7650263238813159,0.0009551098376313276,0.004775549188156638,0.009551098376313277,2.0,4.0
emblematica:E010686,2803,786,1.0,1.0,0.813076695933322,0.001272264631043257,0.006361323155216285,0.01272264631043257,13.5,3.0
emblematica:E010687,2803,963,1.0,1.0,0.748190309242069,0.0010384215991692627,0.005192107995846314,0.010384215991692628,13.0,4.0
emblematica:E010688,2803,740,1.0,1.0,0.8209910735156919,0.0013513513513513514,0.006756756756756757,0.013513513513513514,6.0,3.0
emblematica:E010689,2803,739,0.909543036405889,1.0,0.7884958583551743,0.0013531799729364006,0.006765899864682003,0.010825439783491205,8.0,3.0
emblematica:E010690,2803,912,0.909543036405889,1.0,0.7387239084567908,0.0010964912280701754,0.005482456140350877,0.008771929824561403,5.0,4.0
emblematica:E010691,2803,710,0.9558305176970738,1.0,0.8280456136189897,0.0014084507042253522,0.007042253521126761,0.01267605633802817,1.0,3.0
emblematica:E010692,2803,749,0.9558305176970738,1.0,0.8174910602509337,0.0013351134846461949,0.006675567423230975,0.012016021361815754,7.0,3.0
emblematica:E010693,2803,915,1.0,1.0,0.8971988020375059,0.001092896174863388,0.00546448087431694,0.01092896174863388,5.0,4.0
emblematica:E010694,2803,730,0.9074250374176303,1.0,0.7693162943312735,0.0013698630136986301,0.005479452054794521,0.012328767123287671,2.5,3.5
emblematica:E010695,2803,791,1.0,1.0,0.8186203793018388,0.0012642225031605564,0.006321112515802781,0.012642225031605562,11.0,4.0
emblematica:E010696,2803,791,1.0,1.0,0.8037892786464624,0.0012642225031605564,0.006321112515802781,0.012642225031605562,12.5,3.5
emblematica:E010697,2803,743,1.0,1.0,0.838474031861563,0.0013458950201884253,0.006729475100942127,0.013458950201884253,1.0,4.0
emblematica:E010698,2803,758,1.0,1.0,0.8252335811211442,0.0013192612137203166,0.006596306068601583,0.013192612137203167,11.0,3.0
emblematica:E010699,2803,720,1.0,1.0,0.8108342152756979,0.001388888888888889,0.006944444444444444,0.013888888888888888,2.0,3.0
emblematica:E010700,2803,793,1.0,1.0,0.7977134651977424,0.0012610340479192938,0.006305170239596469,0.012610340479192938,9.5,4.0
emblematica:E010701,2803,770,0.8376318198599176,1.0,0.7951825490665952,0.0012987012987012987,0.003896103896103896,0.00909090909090909,7.0,4.0
emblematica:E010702,2803,1041,0.853429880588176,1.0,0.7444025578046594,0.0009606147934678194,0.002881844380403458,0.0067243035542747355,39.0,5.0
emblematica:E010703,2803,978,1.0,1.0,0.7547776836555484,0.0010224948875255625,0.005112474437627812,0.010224948875255624,14.0,3.0
emblematica:E010704,2803,771,1.0,1.0,0.8082462787212894,0.0012970168612191958,0.00648508430609598,0.01297016861219196,2.5,4.0
emblematica:E010705,2803,771,1.0,1.0,0.7836084854333231,0.0012970168612191958,0.00648508430609598,0.01297016861219196,6.0,3.0
emblematica:E010706,2803,751,1.0,1.0,0.7937325794638943,0.0013315579227696406,0.006657789613848202,0.013315579227696404,5.0,3.0
emblematica:E010707,2803,754,1.0,1.0,0.8251501924570085,0.001326259946949602,0.006631299734748011,0.013262599469496022,3.5,3.0
emblematica:E010708,2803,735,1.0,1.0,0.8302948605140545,0.0013605442176870747,0.006802721088435374,0.013605442176870748,3.5,3.0
emblematica:E010709,2803,756,1.0,1.0,0.8126083958041652,0.0013227513227513227,0.006613756613756613,0.013227513227513227,10.0,4.0
emblematica:E010710,2803,766,1.0,1.0,0.821046432848012,0.0013054830287206266,0.006527415143603133,0.013054830287206266,17.0,4.0
emblematica:E010711,2803,722,1.0,1.0,0.8116391187243936,0.0013850415512465374,0.006925207756232687,0.013850415512465374,2.0,4.0
emblematica:E010712,2803,723,1.0,1.0,0.8107418994296963,0.0013831258644536654,0.006915629322268326,0.013831258644536652,3.0,3.0
emblematica:E010713,2803,717,1.0,1.0,0.8202219116584093,0.001394700139470014,0.00697350069735007,0.01394700139470014,2.0,3.0
emblematica:E010714,2803,999,1.0,1.0,0.7634979096829347,0.001001001001001001,0.005005005005005005,0.01001001001001001,7.5,4.0
emblematica:E010715,2803,761,0.8988252059479763,1.0,0.8092316971946122,0.001314060446780552,0.006570302233902759,0.010512483574244415,5.0,3.0
emblematica:E010716,2803,774,0.8988252059479763,1.0,0.8149917146336584,0.0012919896640826874,0.006459948320413436,0.0103359173126615,3.0,3.0
emblematica:E010717,2803,952,0.9537125187088151,1.0,0.7550248154993062,0.0010504201680672268,0.005252100840336135,0.009453781512605041,5.0,3.5
emblematica:E010718,2803,717,0.9537125187088151,1.0,0.8217532787430099,0.001394700139470014,0.00697350069735007,0.012552301255230125,5.0,3.0
emblematica:E010719,2803,728,0.9266360779006398,1.0,0.8376821451530194,0.0013736263736263737,0.005494505494505495,0.012362637362637362,5.5,3.0
emblematica:E010720,2803,895,0.9266360779006398,1.0,0.908994701463769,0.0011173184357541898,0.004469273743016759,0.01005586592178771,8.0,3.0
emblematica:E010721,2803,742,1.0,1.0,0.7815266314148901,0.0013477088948787063,0.006738544474393531,0.013477088948787063,8.0,3.0
emblematica:E010722,2803,738,1.0,1.0,0.777404709279897,0.0013550135501355014,0.006775067750677507,0.013550135501355014,6.0,3.0
emblematica:E010723,2803,761,1.0,1.0,0.8207933948938089,0.001314060446780552,0.006570302233902759,0.013140604467805518,7.0,4.0
emblematica:E010724,2803,711,1.0,1.0,0.8412449219752709,0.0014064697609001407,0.007032348804500703,0.014064697609001406,1.0,3.5
emblematica:E010725,2803,982,0.9558305176970738,1.0,0.7916443841160652,0.0010183299389002036,0.0050916496945010185,0.009164969450101833,21.0,3.0
emblematica:E010726,2803,1020,1.0,1.0,0.7818581222207381,0.000980392156862745,0.004901960784313725,0.00980392156862745,12.5,3.0
emblematica:E010727,2803,720,0.909543036405889,1.0,0.8264795232084349,0.001388888888888889,0.006944444444444444,0.011111111111111112,4.0,3.0
emblematica:E010728,2803,719,0.909543036405889,1.0,0.826969068498095,0.0013908205841446453,0.006954102920723227,0.011126564673157162,5.0,3.0
emblematica:E010729,2803,779,0.9575861412006987,1.0,0.766082703806651,0.0012836970474967907,0.006418485237483954,0.011553273427471117,10.5,3.0
emblematica:E010730,2803,746,0.9575861412006987,1.0,0.7749253124583265,0.0013404825737265416,0.006702412868632708,0.012064343163538873,7.0,3.0
emblematica:E010731,2803,879,0.8083682423538655,1.0,0.7366088809451748,0.0011376564277588168,0.005688282138794084,0.006825938566552901,6.0,3.0
emblematica:E010732,2803,778,0.8083682423538655,1.0,0.754914468792326,0.0012853470437017994,0.006426735218508998,0.007712082262210797,9.0,3.5
emblematica:E010733,2803,1289,0.9558305176970738,1.0,0.7452137827471232,0.0007757951900698216,0.003878975950349108,0.0069821567106283944,37.0,3.0
emblematica:E010734,2803,840,1.0,1.0,0.7975555959541892,0.0011904761904761906,0.005952380952380952,0.011904761904761904,7.0,4.0
emblematica:E010735,2803,751,1.0,1.0,0.8321743505639243,0.0013315579227696406,0.006657789613848202,0.013315579227696404,5.5,3.5
emblematica:E010736,2803,762,1.0,1.0,0.8192225456960249,0.0013123359580052493,0.006561679790026247,0.013123359580052493,2.0,3.0
emblematica:E010737,2803,718,0.9266360779006398,1.0,0.8145386879202186,0.001392757660167131,0.005571030640668524,0.012534818941504178,1.0,3.0
emblematica:E010738,2803,741,0.9266360779006398,1.0,0.8066953267724397,0.001349527665317139,0.005398110661268556,0.012145748987854251,6.0,4.0
emblematica:E010739,2803,157,0.4932805965349205,0.3333333333333333,0.1767668069704978,0.0,0.006369426751592357,0.01910828025477707,2.0,3.5
emblematica:E010740,2803,71,0.34639971149644583,0.05263157894736842,0.048806670331344476,0.0,0.0,0.0,3.0,5.0
emblematica:E010741,2803,505,0.6150499989137242,1.0,0.24797887696911952,0.0019801980198019802,0.0039603960396039604,0.005940594059405941,16.0,4.0
emblematica:E010742,2803,272,0.5849854991591206,1.0,0.17127384168721663,0.003676470588235294,0.003676470588235294,0.011029411764705883,2.0,3.5
emblematica:E010743,2803,857,1.0,1.0,0.8000749150217104,0.0011668611435239206,0.005834305717619603,0.011668611435239206,10.0,4.0
emblematica:E010744,2803,721,1.0,1.0,0.8466502863601838,0.0013869625520110957,0.006934812760055479,0.013869625520110958,4.0,3.0
emblematica:E010745,2803,847,0.7628151922071689,0.5,0.7743282143301574,0.0,0.004722550177095631,0.008264462809917356,16.0,3.0
emblematica:E010746,2803,79,0.3333333333333333,0.03125,0.035301527946528154,0.0,0.0,0.0,3.0,4.0
emblematica:E010747,2803,793,0.9510907186004266,1.0,0.8095752133628763,0.0012610340479192938,0.006305170239596469,0.011349306431273645,4.5,3.5
emblematica:E010748,2803,725,0.9510907186004266,1.0,0.83508528141723,0.001379310344827586,0.006896551724137931,0.012413793103448275,1.0,3.0
emblematica:E010749,2803,730,1.0,1.0,0.8382645609598396,0.0013698630136986301,0.00684931506849315,0.0136986301369863,6.0,3.0
emblematica:E010750,2803,1025,1.0,1.0,0.7508533078070557,0.000975609756097561,0.004878048780487805,0.00975609756097561,18.0,4.0
emblematica:E010751,2803,765,0.9575861412006987,1.0,0.7639135794928363,0.00130718954248366,0.006535947712418301,0.011764705882352941,13.5,3.5
emblematica:E010752,2803,805,0.9575861412006987,1.0,0.7564340233635114,0.0012422360248447205,0.006211180124223602,0.011180124223602485,3.0,3.0
emblematica:E010753,2803,800,1.0,1.0,0.8206972873154296,0.00125,0.00625,0.0125,11.0,3.0
emblematica:E010754,2803,831,1.0,1.0,0.7952070192916469,0.0012033694344163659,0.006016847172081829,0.012033694344163659,16.5,4.0
emblematica:E010755,2803,741,1.0,1.0,0.8288698049025275,0.001349527665317139,0.006747638326585695,0.01349527665317139,2.5,3.0
emblematica:E010756,2803,710,1.0,1.0,0.8350868607060836,0.0014084507042253522,0.007042253521126761,0.014084507042253521,1.5,3.5
emblematica:E010757,2803,1059,1.0,1.0,0.7455142614189729,0.0009442870632672333,0.004721435316336166,0.009442870632672332,24.5,4.0
emblematica:E010758,2803,751,1.0,1.0,0.8208575096740255,0.0013315579227696406,0.006657789613848202,0.013315579227696404,6.0,3.0
emblematica:E010759,2803,803,1.0,1.0,0.7895036277665238,0.0012453300124533001,0.0062266500622665,0.012453300124533,6.0,4.0
emblematica:E010760,2803,800,1.0,1.0,0.8086782643304922,0.00125,0.00625,0.0125,13.0,3.5
emblematica:E010761,2803,296,0.5958389584307145,1.0,0.20179201614307002,0.0033783783783783786,0.006756756756756757,0.010135135135135136,1.0,3.5
emblematica:E010762,2803,374,0.5224750363313545,1.0,0.20741210827434176,0.00267379679144385,0.00267379679144385,0.0053475935828877,7.0,3.0
emblematica:E010763,2803,734,0.8743705652481896,1.0,0.8015523921469283,0.0013623978201634877,0.004087193460490463,0.009536784741144414,1.0,4.0
emblematica:E010764,2803,773,0.8111783223351559,1.0,0.7859234989096605,0.00129366106080207,0.0038809831824062097,0.009055627425614488,2.0,4.0
emblematica:E010765,2803,726,1.0,1.0,0.8175048257584077,0.0013774104683195593,0.006887052341597796,0.013774104683195593,6.5,3.0
emblematica:E010766,2803,805,1.0,1.0,0.8025171197064888,0.0012422360248447205,0.006211180124223602,0.012422360248447204,24.5,4.0
emblematica:E010767,2803,793,1.0,1.0,0.8078664531842058,0.0012610340479192938,0.006305170239596469,0.012610340479192938,10.0,4.0
emblematica:E010768,2803,740,1.0,1.0,0.8204156509510655,0.0013513513513513514,0.006756756756756757,0.013513513513513514,4.0,4.5
emblematica:E010769,2803,793,0.9266360779006398,1.0,0.805889179005041,0.0012610340479192938,0.005044136191677175,0.011349306431273645,17.0,4.0
emblematica:E010770,2803,744,0.9266360779006398,1.0,0.8186517015990157,0.0013440860215053765,0.005376344086021506,0.012096774193548387,2.0,4.0
emblematica:E010771,2803,846,1.0,1.0,0.7672962476682772,0.001182033096926714,0.00591016548463357,0.01182033096926714,4.0,3.0
emblematica:E010772,2803,789,1.0,1.0,0.7854922915544479,0.0012674271229404308,0.0063371356147021544,0.012674271229404309,5.0,3.0
emblematica:E010773,2803,793,0.9558305176970738,1.0,0.8313221858966053,0.0012610340479192938,0.006305170239596469,0.011349306431273645,10.5,4.0
emblematica:E010774,2803,802,0.9558305176970738,1.0,0.8192054715579309,0.0012468827930174563,0.006234413965087282,0.011221945137157107,17.5,3.5
emblematica:E010775,2803,858,0.9074250374176303,1.0,0.7985258420178218,0.0011655011655011655,0.004662004662004662,0.01048951048951049,15.0,4.0
emblematica:E010776,2803,1043,0.9074250374176303,1.0,0.7693244483558931,0.0009587727708533077,0.003835091083413231,0.00862895493767977,5.5,4.0
emblematica:E010777,2803,945,0.8988252059479763,1.0,0.7609903037124199,0.0010582010582010583,0.005291005291005291,0.008465608465608466,20.0,3.0
emblematica:E010778,2803,1008,0.9477344873475497,1.0,0.8751575572790559,0.000992063492063492,0.00496031746031746,0.008928571428571428,30.0,3.0
emblematica:E010779,2803,227,0.5103145885907946,0.5,0.20330974245805794,0.0,0.00881057268722467,0.00881057268722467,3.0,3.0
emblematica:E010780,2803,708,0.718283334419609,0.3333333333333333,0.8054012479182209,0.0,0.00423728813559322,0.009887005649717515,1.0,3.0
emblematica:E010781,2803,796,1.0,1.0,0.8122624779498263,0.001256281407035176,0.00628140703517588,0.01256281407035176,14.0,4.0
emblematica:E010782,2803,834,1.0,1.0,0.9247834876939317,0.001199040767386091,0.005995203836930456,0.011990407673860911,1.5,3.0
emblematica:E010783,2803,185,0.38559884598578353,0.16666666666666666,0.062439052445731225,0.0,0.0,0.005405405405405406,6.0,5.0
emblematica:E010784,2803,178,0.5076288161633667,0.3333333333333333,0.20345068597417407,0.0,0.011235955056179775,0.016853932584269662,3.0,3.0
emblematica:E010785,2803,737,0.5395680778261054,0.3333333333333333,0.7472030975828635,0.0,0.0013568521031207597,0.005427408412483039,15.0,3.0
emblematica:E010786,2803,433,0.5336840646124053,0.2,0.21774775856679449,0.0,0.0023094688221709007,0.009237875288683603,11.0,4.0
emblematica:E010787,2803,739,0.8632555551147042,1.0,0.8001441398540073,0.0013531799729364006,0.005412719891745603,0.010825439783491205,5.5,3.0
emblematica:E010788,2803,728,0.8632555551147042,1.0,0.8071518585088229,0.0013736263736263737,0.005494505494505495,0.01098901098901099,3.5,3.0
emblematica:E010789,2803,187,0.6865988399750618,1.0,0.20576522153717214,0.0053475935828877,0.016042780748663103,0.026737967914438502,6.0,3.0
emblematica:E010790,2803,414,0.6865988399750618,1.0,0.22073202888616064,0.0024154589371980675,0.007246376811594203,0.012077294685990338,5.0,3.0
emblematica:E010791,2803,987,1.0,1.0,0.7600432005623645,0.0010131712259371835,0.005065856129685917,0.010131712259371834,27.5,4.0
emblematica:E010792,2803,736,1.0,1.0,0.8255442731381485,0.001358695652173913,0.006793478260869565,0.01358695652173913,3.0,3.0
emblematica:E010793,2803,947,1.0,1.0,0.8999876818706014,0.0010559662090813093,0.005279831045406547,0.010559662090813094,18.0,3.0
emblematica:E010794,2803,393,0.7177921365964709,1.0,0.209798325386375,0.002544529262086514,0.007633587786259542,0.01272264631043257,3.0,3.5
emblematica:E010795,2803,177,0.5184696683791955,0.16666666666666666,0.22094510555139318,0.0,0.0,0.022598870056497175,3.0,3.0
emblematica:E010796,2803,731,0.7628151922071689,0.3333333333333333,0.7678043861119705,0.0,0.004103967168262654,0.006839945280437756,7.0,3.0
emblematica:E010797,2803,875,1.0,1.0,0.9153230333785576,0.001142857142857143,0.005714285714285714,0.011428571428571429,3.0,3.0
emblematica:E010798,2803,199,0.8056273000821933,1.0,0.22879338140269254,0.005025125628140704,0.020100502512562814,0.03015075376884422,2.0,4.0
emblematica:E010799,2803,244,0.5432534204450873,1.0,0.21391467828165642,0.004098360655737705,0.00819672131147541,0.00819672131147541,17.0,4.0
emblematica:E010800,2803,893,0.9510907186004266,1.0,0.9124125946942245,0.0011198208286674132,0.005599104143337066,0.010078387458006719,5.5,3.5
emblematica:E010801,2803,162,0.6000154988728346,1.0,0.20555499172279762,0.006172839506172839,0.018518518518518517,0.018518518518518517,2.0,3.0
emblematica:E010802,2803,419,0.6441849811757606,1.0,0.2184467501108906,0.002386634844868735,0.007159904534606206,0.00954653937947494,10.0,4.0
emblematica:E010803,2803,227,0.5792371147591019,1.0,0.22660067480179946,0.004405286343612335,0.00881057268722467,0.013215859030837005,4.0,4.0
emblematica:E010804,2803,229,0.5599669966053932,1.0,0.1942280941904839,0.004366812227074236,0.008733624454148471,0.008733624454148471,11.0,3.0
emblematica:E010805,2803,282,0.6183564793976746,0.25,0.1968659042944262,0.0,0.0070921985815602835,0.0070921985815602835,7.0,4.0
emblematica:E010806,2803,991,0.8800456786592188,0.5,0.742114276238496,0.0,0.0020181634712411706,0.007063572149344097,9.0,3.0
emblematica:E010807,2803,725,0.8353129377017654,1.0,0.8249715862106451,0.001379310344827586,0.005517241379310344,0.009655172413793104,9.0,3.0
emblematica:E010808,2803,763,0.8842222191013388,1.0,0.8148534995499228,0.001310615989515072,0.005242463958060288,0.009174311926605505,10.0,4.0
emblematica:E010809,2803,817,1.0,1.0,0.8207274488232456,0.0012239902080783353,0.006119951040391677,0.012239902080783354,8.0,4.0
emblematica:E010810,2803,1063,1.0,1.0,0.7731934556506532,0.0009407337723424271,0.004703668861712135,0.00940733772342427,45.5,3.5
emblematica:E010811,2803,856,0.8958437393874773,1.0,0.7968950255277193,0.0011682242990654205,0.0035046728971962616,0.009345794392523364,5.0,4.0
emblematica:E010812,2803,1035,0.8800456786592188,1.0,0.7485358021123867,0.000966183574879227,0.002898550724637681,0.007729468599033816,24.5,4.0
emblematica:E010813,2803,785,1.0,1.0,0.7821346807859352,0.0012738853503184713,0.006369426751592357,0.012738853503184714,15.0,3.0
emblematica:E010814,2803,761,1.0,1.0,0.8024511747854066,0.001314060446780552,0.006570302233902759,0.013140604467805518,4.0,4.0
emblematica:E010815,2803,949,0.8803485966094551,1.0,0.7749041995826822,0.001053740779768177,0.004214963119072708,0.008429926238145416,17.0,5.0
emblematica:E010816,2803,757,0.9266360779006398,1.0,0.8325522043735036,0.001321003963011889,0.005284015852047556,0.010568031704095112,12.0,4.0
emblematica:E010817,2803,751,0.9510907186004266,1.0,0.8169808598884258,0.0013315579227696406,0.006657789613848202,0.011984021304926764,4.0,3.0
emblematica:E010818,2803,723,0.9633180389503199,1.0,0.830437772947181,0.0013831258644536654,0.006915629322268326,0.012448132780082987,4.5,3.5
emblematica:E010819,2803,176,0.4529847367238781,0.3333333333333333,0.1524154925003482,0.0,0.005681818181818182,0.011363636363636364,3.5,4.0
emblematica:E010820,2803,900,0.8532721558012798,0.5,0.7703698802171334,0.0,0.0044444444444444444,0.01,32.0,4.0
emblematica:E010821,2803,727,0.9510907186004266,1.0,0.7955221923061297,0.001375515818431912,0.0068775790921595595,0.012379642365887207,4.0,4.0
emblematica:E010822,2803,865,0.9510907186004266,1.0,0.7699095972903243,0.0011560693641618498,0.005780346820809248,0.010404624277456647,23.5,4.0
emblematica:E010823,2803,925,1.0,1.0,0.7637002104662466,0.001081081081081081,0.005405405405405406,0.010810810810810811,13.0,3.0
emblematica:E010824,2803,750,1.0,1.0,0.8322110519488635,0.0013333333333333333,0.006666666666666667,0.013333333333333334,15.0,3.0
emblematica:E010825,2803,760,0.909543036405889,1.0,0.8197776727769039,0.0013157894736842105,0.006578947368421052,0.010526315789473684,8.0,3.0
emblematica:E010826,2803,772,0.909543036405889,1.0,0.8136205499004542,0.0012953367875647669,0.006476683937823834,0.010362694300518135,12.0,3.0
emblematica:E010827,2803,946,0.8800456786592188,1.0,0.7721438985533207,0.0010570824524312897,0.003171247357293869,0.008456659619450317,6.0,3.0
emblematica:E010828,2803,781,0.8942361982661556,1.0,0.7911877871755887,0.0012804097311139564,0.0038412291933418692,0.010243277848911651,11.0,3.0
emblematica:E010829,2803,271,0.436228343855004,0.14285714285714285,0.20160567785508124,0.0,0.0,0.007380073800738007,12.5,3.5
emblematica:E010830,2803,958,0.7619490156024052,0.5,0.7448911113939937,0.0,0.0041753653444676405,0.007306889352818371,9.0,3.0
emblematica:E010831,2803,731,1.0,1.0,0.8379943112454046,0.0013679890560875513,0.006839945280437756,0.013679890560875513,2.5,3.0
emblematica:E010832,2803,816,1.0,1.0,0.8143859893665802,0.0012254901960784314,0.006127450980392157,0.012254901960784314,17.0,4.5
emblematica:E010833,2803,739,0.8800456786592188,1.0,0.805336959800252,0.0013531799729364006,0.0040595399188092015,0.010825439783491205,2.0,3.0
emblematica:E010834,2803,737,0.8942361982661556,1.0,0.8045492581804802,0.0013568521031207597,0.004070556309362279,0.010854816824966078,3.0,3.0
emblematica:E010835,2803,724,1.0,1.0,0.8573982128767318,0.0013812154696132596,0.006906077348066298,0.013812154696132596,2.5,3.0
emblematica:E010836,2803,858,1.0,1.0,0.8219404224617987,0.0011655011655011655,0.005827505827505828,0.011655011655011656,22.0,4.0
emblematica:E010837,2803,837,0.9266360779006398,1.0,0.7937217498797464,0.0011947431302270011,0.0047789725209080045,0.010752688172043012,20.0,4.0
emblematica:E010838,2803,842,0.8842222191013388,1.0,0.7799036548159229,0.0011876484560570072,0.004750593824228029,0.009501187648456057,12.0,3.0
emblematica:E010839,2803,797,1.0,1.0,0.7973382129368559,0.0012547051442910915,0.006273525721455458,0.012547051442910916,13.5,3.0
emblematica:E010840,2803,743,1.0,1.0,0.8215435392740121,0.0013458950201884253,0.006729475100942127,0.013458950201884253,4.5,4.5
emblematica:E010841,2803,723,1.0,1.0,0.808989208193218,0.0013831258644536654,0.006915629322268326,0.013831258644536652,2.0,4.0
emblematica:E010842,2803,936,1.0,1.0,0.7624890630144051,0.0010683760683760685,0.005341880341880342,0.010683760683760684,5.5,4.0
emblematica:E010843,2803,759,0.7175489032751207,1.0,0.7886850016780644,0.0013175230566534915,0.005270092226613966,0.006587615283267457,5.0,4.0
emblematica:E010844,2803,850,1.0,1.0,0.9319199490892867,0.001176470588235294,0.0058823529411764705,0.011764705882352941,2.0,4.0
emblematica:E010845,2803,756,0.6449194123202489,0.25,0.77890948915372,0.0,0.0026455026455026454,0.007936507936507936,11.0,4.0
emblematica:E010846,2803,167,0.5416860768143642,0.5,0.18748855978555817,0.0,0.011976047904191617,0.017964071856287425,2.5,4.0
emblematica:E010847,2803,191,0.6101871780591608,1.0,0.22505424574135524,0.005235602094240838,0.015706806282722512,0.015706806282722512,1.5,4.0
emblematica:E010848,2803,241,0.6656674150215744,1.0,0.22234528022354694,0.004149377593360996,0.012448132780082987,0.016597510373443983,4.0,3.0
emblematica:E010849,2803,720,0.9074250374176303,1.0,0.8193551572041982,0.001388888888888889,0.005555555555555556,0.0125,2.5,3.0
emblematica:E010850,2803,980,0.9074250374176303,1.0,0.7684919490339174,0.0010204081632653062,0.004081632653061225,0.009183673469387756,18.0,4.0
emblematica:E010851,2803,117,0.3333333333333333,0.041666666666666664,0.05012874532344661,0.0,0.0,0.0,2.0,3.5
emblematica:E010852,2803,194,0.4237902969274442,0.125,0.19831373327867802,0.0,0.0,0.010309278350515464,2.0,4.0
emblematica:E010853,2803,231,0.48006117753205335,1.0,0.20011612569129408,0.004329004329004329,0.004329004329004329,0.004329004329004329,2.0,4.0
emblematica:E010854,2803,165,0.48006117753205335,1.0,0.17793007995205867,0.006060606060606061,0.006060606060606061,0.006060606060606061,1.0,3.0
emblematica:E010855,2803,540,0.7934623375569916,1.0,0.24883321877992953,0.001851851851851852,0.005555555555555556,0.011111111111111112,3.0,3.0
emblematica:E010856,2803,206,0.6738109341664467,1.0,0.23611011079611827,0.0048543689320388345,0.009708737864077669,0.019417475728155338,2.0,4.0
emblematica:E010857,2803,261,0.6922875435049679,1.0,0.18186352249380824,0.0038314176245210726,0.011494252873563218,0.01532567049808429,12.5,3.0
emblematica:E010858,2803,230,0.7445530561574183,1.0,0.2169936587168208,0.004347826086956522,0.013043478260869565,0.017391304347826087,4.5,4.0
emblematica:E010859,2803,1022,0.9575861412006987,1.0,0.729282437985657,0.0009784735812133072,0.004892367906066536,0.008806262230919765,16.0,3.0
emblematica:E010860,2803,729,0.9086768598011253,1.0,0.801201421265429,0.0013717421124828531,0.006858710562414266,0.010973936899862825,2.0,4.0
emblematica:E010861,2803,781,0.8061146145519253,1.0,0.8009398263756,0.0012804097311139564,0.0038412291933418692,0.008962868117797696,14.0,3.0
emblematica:E010862,2803,747,0.8611375561264454,1.0,0.8162666102434695,0.0013386880856760374,0.00535475234270415,0.0107095046854083,11.0,3.0
emblematica:E010863,2803,27,0.3333333333333333,0.0625,0.015176564593486744,0.0,0.0,0.0,4.5,3.0
emblematica:E010864,2803,194,0.42984099607828574,0.3333333333333333,0.19328895072908756,0.0,0.005154639175257732,0.005154639175257732,5.0,3.0
emblematica:E010865,2803,832,0.9575861412006987,1.0,0.9270401386051795,0.001201923076923077,0.006009615384615385,0.010817307692307692,3.0,3.0
emblematica:E010866,2803,934,0.9008240627729515,1.0,0.7678961710330214,0.0010706638115631692,0.004282655246252677,0.008565310492505354,3.0,3.0
emblematica:E010867,2803,1119,1.0,1.0,0.8544165485427049,0.0008936550491510277,0.004468275245755138,0.008936550491510277,22.0,3.0
emblematica:E010868,2803,752,1.0,1.0,0.8127585909595729,0.0013297872340425532,0.006648936170212766,0.013297872340425532,11.0,3.0
emblematica:E010869,2803,1039,1.0,1.0,0.8535386131108915,0.0009624639076034649,0.004812319538017324,0.009624639076034648,9.0,3.0
emblematica:E010870,2803,1085,0.9074250374176303,1.0,0.7193293412402051,0.0009216589861751152,0.003686635944700461,0.008294930875576038,20.5,4.0
emblematica:E010871,2803,749,0.8066817565598586,1.0,0.800546287950344,0.0013351134846461949,0.0026702269692923898,0.009345794392523364,9.5,3.0
emblematica:E010872,2803,739,0.8066817565598586,1.0,0.805989098058115,0.0013531799729364006,0.0027063599458728013,0.009472259810554804,8.0,3.0
emblematica:E010873,2803,794,1.0,1.0,0.8233931403332121,0.0012594458438287153,0.006297229219143577,0.012594458438287154,12.0,3.5
emblematica:E010874,2803,891,1.0,1.0,0.7708853306515391,0.001122334455667789,0.005611672278338945,0.01122334455667789,15.0,4.0
emblematica:E010875,2803,781,0.8988252059479763,1.0,0.8110889747671041,0.0012804097311139564,0.006402048655569782,0.010243277848911651,13.0,3.0
emblematica:E010876,2803,1046,1.0,1.0,0.8558913014009607,0.0009560229445506692,0.004780114722753346,0.009560229445506692,3.0,3.0
emblematica:E010877,2803,929,1.0,1.0,0.7614109410161577,0.001076426264800861,0.005382131324004306,0.010764262648008612,5.0,3.0
emblematica:E010878,2803,944,1.0,1.0,0.7553584318770237,0.001059322033898305,0.005296610169491525,0.01059322033898305,6.0,4.0
emblematica:E010879,2803,221,0.5909335151973211,0.2,0.18190376116484192,0.0,0.004524886877828055,0.00904977375565611,9.5,3.5
emblematica:E010880,2803,253,0.5123033571450283,0.3333333333333333,0.10260936753701132,0.0,0.007905138339920948,0.011857707509881422,17.0,4.0
emblematica:E010881,2803,849,0.9537125187088151,1.0,0.9306452922606152,0.001177856301531213,0.005889281507656066,0.01060070671378092,12.5,3.5
emblematica:E010882,2803,910,0.909543036405889,1.0,0.7938381435121961,0.001098901098901099,0.005494505494505495,0.008791208791208791,10.5,3.0
emblematica:E010883,2803,948,0.7275859367108776,0.5,0.7393031759730712,0.0,0.002109704641350211,0.006329113924050633,7.0,5.0
emblematica:E010884,2803,284,0.6459212177386939,0.25,0.2562293253834038,0.0,0.007042253521126761,0.017605633802816902,11.0,3.0
emblematica:E010885,2803,730,0.8358761963562927,1.0,0.8196695823516847,0.0013698630136986301,0.00410958904109589,0.009589041095890411,5.0,3.0
emblematica:E010886,2803,767,0.8358761963562927,1.0,0.8069713742225455,0.001303780964797914,0.003911342894393742,0.009126466753585397,5.0,3.5
emblematica:E010887,2803,730,1.0,1.0,0.8396615373195101,0.0013698630136986301,0.00684931506849315,0.0136986301369863,6.5,3.0
emblematica:E010888,2803,872,1.0,1.0,0.9219429511086862,0.0011467889908256881,0.005733944954128441,0.011467889908256881,10.0,3.5
emblematica:E010889,2803,708,0.8532721558012798,0.5,0.7993174135635914,0.0,0.005649717514124294,0.012711864406779662,1.5,2.5
emblematica:E010890,2803,188,0.5250842331427514,0.5,0.08699366436415726,0.0,0.010638297872340425,0.015957446808510637,7.0,4.0
emblematica:E010891,2803,764,0.8800456786592188,0.5,0.7661555446451103,0.0,0.002617801047120419,0.009162303664921465,11.0,5.0
emblematica:E010892,2803,235,0.6115873691956307,0.25,0.1796897412846936,0.0,0.00851063829787234,0.00851063829787234,12.0,3.5
emblematica:E010893,2803,836,1.0,1.0,0.797878134487373,0.0011961722488038277,0.005980861244019139,0.011961722488038277,15.0,3.5
emblematica:E010894,2803,858,1.0,1.0,0.8052487232436907,0.0011655011655011655,0.005827505827505828,0.011655011655011656,34.0,4.0
emblematica:E010895,2803,188,0.38224261473290666,0.14285714285714285,0.19016659754063658,0.0,0.0,0.005319148936170213,3.5,4.0
emblematica:E010896,2803,734,0.6953352833215088,0.5,0.7847115237249705,0.0,0.004087193460490463,0.008174386920980926,11.0,4.0
emblematica:E010897,2803,724,0.8069846745100949,0.5,0.7986997416574806,0.0,0.0055248618784530384,0.011049723756906077,3.5,3.5
emblematica:E010898,2803,158,0.43188632727696835,0.16666666666666666,0.16510361677846533,0.0,0.0,0.012658227848101266,2.5,3.0
emblematica:E010899,2803,727,1.0,1.0,0.8168251245760817,0.001375515818431912,0.0068775790921595595,0.013755158184319119,4.0,3.5
emblematica:E010900,2803,717,1.0,1.0,0.8197294908696374,0.001394700139470014,0.00697350069735007,0.01394700139470014,3.0,3.0
emblematica:E010901,2803,24,0.3333333333333333,0.0035460992907801418,0.008728101719903887,0.0,0.0,0.0,2.0,4.0
emblematica:E010902,2803,66,0.3333333333333333,0.01098901098901099,0.030312087334749913,0.0,0.0,0.0,10.0,4.0
emblematica:E010903,2803,763,1.0,1.0,0.8207430621295395,0.001310615989515072,0.00655307994757536,0.01310615989515072,17.5,3.0
emblematica:E010904,2803,1002,1.0,1.0,0.7781248146107125,0.000998003992015968,0.00499001996007984,0.00998003992015968,12.0,3.0
emblematica:E010905,2803,930,0.7348851780912217,1.0,0.7350249225520686,0.001075268817204301,0.002150537634408602,0.0064516129032258064,7.5,3.5
emblematica:E010906,2803,713,0.7348851780912217,1.0,0.7796340389015471,0.001402524544179523,0.002805049088359046,0.008415147265077139,1.0,5.0
emblematica:E010907,2803,837,1.0,1.0,0.8018871467205734,0.0011947431302270011,0.005973715651135006,0.011947431302270013,18.5,4.0
emblematica:E010908,2803,740,1.0,1.0,0.8302748974616194,0.0013513513513513514,0.006756756756756757,0.013513513513513514,12.0,3.0
emblematica:E010909,2803,804,0.8800456786592188,1.0,0.7753736013286768,0.0012437810945273632,0.0037313432835820895,0.009950248756218905,6.5,3.0
emblematica:E010910,2803,831,0.8800456786592188,1.0,0.7727776251997363,0.0012033694344163659,0.0036101083032490976,0.009626955475330927,14.0,4.0
emblematica:E010911,2803,1053,0.8800456786592188,1.0,0.7658960912871379,0.000949667616334283,0.002849002849002849,0.007597340930674264,21.5,4.0
emblematica:E010912,2803,765,0.8800456786592188,1.0,0.8338500598984759,0.00130718954248366,0.00392156862745098,0.01045751633986928,7.5,4.0
emblematica:E010913,2803,796,1.0,1.0,0.8263751377025569,0.001256281407035176,0.00628140703517588,0.01256281407035176,7.0,3.5
emblematica:E010914,2803,745,1.0,1.0,0.8405372639084793,0.0013422818791946308,0.006711409395973154,0.013422818791946308,14.0,3.5
emblematica:E010915,2803,769,1.0,1.0,0.816974891203109,0.0013003901170351106,0.006501950585175552,0.013003901170351105,17.0,4.0
emblematica:E010916,2803,964,1.0,1.0,0.780937772779199,0.001037344398340249,0.005186721991701245,0.01037344398340249,9.0,4.0
emblematica:E010917,2803,741,0.9074250374176303,1.0,0.8005075617820123,0.001349527665317139,0.005398110661268556,0.012145748987854251,4.5,3.5
emblematica:E010918,2803,770,0.9074250374176303,1.0,0.8036885564052932,0.0012987012987012987,0.005194805194805195,0.011688311688311689,3.0,3.0
emblematica:E010919,2803,747,0.9575861412006987,1.0,0.8138729739540487,0.0013386880856760374,0.006693440428380187,0.012048192771084338,11.0,3.0
emblematica:E010920,2803,753,0.9575861412006987,1.0,0.8134544599445691,0.0013280212483399733,0.006640106241699867,0.01195219123505976,5.0,3.0
emblematica:E010921,2803,729,0.8108582970019786,0.5,0.8030357001371331,0.0,0.0054869684499314125,0.010973936899862825,8.5,3.0
emblematica:E010922,2803,216,0.37574719213263447,0.1,0.16172455276062467,0.0,0.0,0.004629629629629629,3.0,3.0
emblematica:E010923,2803,752,0.6473574366416849,0.5,0.7495753234795987,0.0,0.003989361702127659,0.006648936170212766,7.0,3.0
emblematica:E010924,2803,191,0.48960433994886654,0.25,0.2017328988555302,0.0,0.005235602094240838,0.015706806282722512,3.0,3.0
emblematica:E010925,2803,228,0.6859758966916483,1.0,0.22544863725058817,0.0043859649122807015,0.008771929824561403,0.021929824561403508,17.0,4.0
emblematica:E010926,2803,218,0.865011178618329,1.0,0.25400684991703715,0.0045871559633027525,0.013761467889908258,0.027522935779816515,12.0,4.0
emblematica:E010927,2803,1014,0.9432379215722525,1.0,0.755318161975889,0.0009861932938856016,0.0039447731755424065,0.007889546351084813,12.0,3.0
emblematica:E010928,2803,780,0.7713210055292575,1.0,0.7857497011139487,0.001282051282051282,0.0038461538461538464,0.007692307692307693,22.0,3.5
emblematica:E010929,2803,60,0.35647707397892575,0.02564102564102564,0.02845849645503936,0.0,0.0,0.0,6.0,3.0
emblematica:E010930,2803,901,0.8010066431488296,0.5,0.9034864096978252,0.0,0.004439511653718091,0.008879023307436182,18.0,3.0
emblematica:E010931,2803,773,1.0,1.0,0.826522121565012,0.00129366106080207,0.00646830530401035,0.0129366106080207,14.0,3.0
emblematica:E010932,2803,798,1.0,1.0,0.814820473666111,0.0012531328320802004,0.006265664160401002,0.012531328320802004,3.5,4.5
emblematica:E010933,2803,790,0.9134166588977728,1.0,0.7926209929025105,0.0012658227848101266,0.006329113924050633,0.010126582278481013,17.0,3.0
emblematica:E010934,2803,754,0.9558305176970738,1.0,0.8072712751332637,0.001326259946949602,0.006631299734748011,0.011936339522546418,9.5,3.0
emblematica:E010935,2803,722,0.8632555551147042,1.0,0.8361745067631924,0.0013850415512465374,0.00554016620498615,0.0110803324099723,13.0,3.0
emblematica:E010936,2803,935,0.8632555551147042,1.0,0.7731378286778633,0.0010695187165775401,0.0042780748663101605,0.008556149732620321,18.5,3.5
emblematica:E010937,2803,754,0.810990042462254,1.0,0.7904841852751398,0.001326259946949602,0.005305039787798408,0.009283819628647215,17.0,4.0
emblematica:E010938,2803,190,0.6249016527668733,1.0,0.18995461231968802,0.005263157894736842,0.010526315789473684,0.015789473684210527,1.0,3.5
emblematica:E010939,2803,769,0.8062502433656067,1.0,0.7662033106590389,0.0013003901170351106,0.005201560468140442,0.009102730819245773,15.5,3.5
emblematica:E010940,2803,740,0.85515952476518,1.0,0.7784416069933675,0.0013513513513513514,0.005405405405405406,0.010810810810810811,6.0,4.0
emblematica:E010941,2803,746,0.6852288622501684,0.5,0.7620926231997756,0.0,0.004021447721179625,0.00804289544235925,8.0,3.5
emblematica:E010942,2803,162,0.5939515894668144,0.5,0.219757917589486,0.0,0.012345679012345678,0.018518518518518517,1.0,4.0
emblematica:E010943,2803,760,1.0,1.0,0.8274312906938395,0.0013157894736842105,0.006578947368421052,0.013157894736842105,2.0,4.0
emblematica:E010944,2803,791,1.0,1.0,0.8156723270485979,0.0012642225031605564,0.006321112515802781,0.012642225031605562,13.0,4.5
emblematica:E010945,2803,816,1.0,1.0,0.8020669642269017,0.0012254901960784314,0.006127450980392157,0.012254901960784314,21.0,3.0
emblematica:E010946,2803,717,1.0,1.0,0.8397072879304459,0.001394700139470014,0.00697350069735007,0.01394700139470014,5.5,3.0
emblematica:E010947,2803,749,0.9510907186004266,1.0,0.8308669407594965,0.0013351134846461949,0.006675567423230975,0.012016021361815754,7.0,3.0
emblematica:E010948,2803,732,0.9510907186004266,1.0,0.8412135499625925,0.001366120218579235,0.006830601092896175,0.012295081967213115,5.0,3.5
emblematica:E010949,2803,746,1.0,1.0,0.791175716299552,0.0013404825737265416,0.006702412868632708,0.013404825737265416,9.5,2.5
emblematica:E010950,2803,748,1.0,1.0,0.7859210293382058,0.001336898395721925,0.0066844919786096255,0.013368983957219251,7.0,3.0
emblematica:E010951,2803,715,1.0,1.0,0.8011772043465164,0.0013986013986013986,0.006993006993006993,0.012587412587412588,2.0,4.0
emblematica:E010952,2803,761,0.9575861412006987,1.0,0.7992445249066344,0.001314060446780552,0.006570302233902759,0.011826544021024968,19.0,4.0
emblematica:E010953,2803,845,1.0,1.0,0.78485068135087,0.001183431952662722,0.005917159763313609,0.011834319526627219,31.0,3.0
emblematica:E010954,2803,710,1.0,1.0,0.8150375877078769,0.0014084507042253522,0.007042253521126761,0.014084507042253521,1.0,5.0
emblematica:E010955,2803,722,0.6571438323798483,0.5,0.7976872574332599,0.0,0.004155124653739612,0.006925207756232687,3.0,3.0
emblematica:E010956,2803,158,0.43900469316065394,0.2,0.1520890915096321,0.0,0.006329113924050633,0.012658227848101266,2.0,4.0
emblematica:E010957,2803,711,1.0,1.0,0.8121643886470128,0.0014064697609001407,0.007032348804500703,0.014064697609001406,4.0,3.0
emblematica:E010958,2803,721,1.0,1.0,0.8057967928901789,0.0013869625520110957,0.006934812760055479,0.013869625520110958,4.0,3.0
emblematica:E010959,2803,720,0.6912068936114337,0.5,0.7955281146870744,0.0,0.004166666666666667,0.008333333333333333,6.0,3.0
emblematica:E010960,2803,230,0.42203467342381923,0.125,0.2041223821503895,0.0,0.0,0.008695652173913044,7.0,4.0
emblematica:E010961,2803,237,0.8905202757957813,1.0,0.26351427060632715,0.004219409282700422,0.016877637130801686,0.03375527426160337,5.0,3.5
emblematica:E010962,2803,192,0.8905202757957813,1.0,0.25487184240243993,0.005208333333333333,0.020833333333333332,0.041666666666666664,3.5,3.5
emblematica:E010963,2803,776,0.8632555551147042,1.0,0.8022772637740345,0.001288659793814433,0.005154639175257732,0.010309278350515464,10.0,3.0
emblematica:E010964,2803,718,0.8632555551147042,1.0,0.816979128703549,0.001392757660167131,0.005571030640668524,0.011142061281337047,1.5,3.5
emblematica:E010965,2803,709,0.9537125187088151,1.0,0.8260402563101027,0.0014104372355430183,0.007052186177715092,0.012693935119887164,1.0,3.0
emblematica:E010966,2803,716,0.9537125187088151,1.0,0.8244505402127634,0.0013966480446927375,0.006983240223463687,0.012569832402234637,7.5,3.0
emblematica:E010967,2803,714,0.9477344873475497,1.0,0.8248918109230816,0.0014005602240896359,0.0070028011204481795,0.012605042016806723,1.0,4.0
emblematica:E010968,2803,921,0.9477344873475497,1.0,0.7695453417639356,0.0010857763300760044,0.0054288816503800215,0.009771986970684038,12.5,4.5
emblematica:E010969,2803,936,1.0,1.0,0.7509415053572283,0.0010683760683760685,0.005341880341880342,0.010683760683760684,29.0,4.0
emblematica:E010970,2803,850,0.9537125187088151,1.0,0.7802078312975183,0.001176470588235294,0.0058823529411764705,0.010588235294117647,21.5,3.5
emblematica:E010971,2803,751,1.0,1.0,0.8338230783694619,0.0013315579227696406,0.006657789613848202,0.013315579227696404,11.5,3.5
emblematica:E010972,2803,746,1.0,1.0,0.8418802953398361,0.0013404825737265416,0.006702412868632708,0.013404825737265416,2.0,4.0
emblematica:E010973,2803,757,0.9266360779006398,1.0,0.802467516044189,0.001321003963011889,0.005284015852047556,0.011889035667107,11.0,4.0
emblematica:E010974,2803,739,0.9266360779006398,1.0,0.8059484118399237,0.0013531799729364006,0.005412719891745603,0.012178619756427604,5.5,3.5
emblematica:E010975,2803,786,1.0,1.0,0.8242151644808615,0.001272264631043257,0.006361323155216285,0.01272264631043257,6.0,4.0
emblematica:E010976,2803,794,1.0,1.0,0.8238170131837914,0.0012594458438287153,0.006297229219143577,0.012594458438287154,17.0,4.0
emblematica:E010977,2803,754,1.0,1.0,0.8233020940994761,0.001326259946949602,0.006631299734748011,0.013262599469496022,11.5,4.0
emblematica:E010978,2803,943,1.0,1.0,0.7733437085820641,0.0010604453870625664,0.005302226935312832,0.010604453870625663,7.0,3.0
emblematica:E010979,2803,728,0.9510907186004266,1.0,0.8253894931093674,0.0013736263736263737,0.006868131868131868,0.012362637362637362,2.0,4.0
emblematica:E010980,2803,728,0.9510907186004266,1.0,0.8277134365284825,0.0013736263736263737,0.006868131868131868,0.012362637362637362,1.0,4.0
emblematica:E010981,2803,1040,1.0,1.0,0.7647553249212696,0.0009615384615384616,0.004807692307692308,0.008653846153846154,46.5,3.5
emblematica:E010982,2803,725,0.9537125187088151,1.0,0.8206789985715343,0.001379310344827586,0.006896551724137931,0.012413793103448275,2.0,3.0
emblematica:E010983,2803,854,0.8988252059479763,1.0,0.7591124683915857,0.00117096018735363,0.00585480093676815,0.00936768149882904,2.0,4.0
emblematica:E010984,2803,719,0.8988252059479763,1.0,0.8050702953536245,0.0013908205841446453,0.006954102920723227,0.011126564673157162,2.0,3.0
emblematica:E010985,2803,735,1.0,1.0,0.8230326799405201,0.0013605442176870747,0.006802721088435374,0.013605442176870748,2.0,3.0
emblematica:E010986,2803,803,1.0,1.0,0.8001290369794134,0.0012453300124533001,0.0062266500622665,0.012453300124533,14.0,3.5
emblematica:E010987,2803,784,1.0,1.0,0.8086413718758138,0.0012755102040816326,0.006377551020408163,0.012755102040816327,5.0,5.0
emblematica:E010988,2803,708,1.0,1.0,0.8346683401165456,0.0014124293785310734,0.007062146892655367,0.014124293785310734,1.0,5.0
emblematica:E010989,2803,970,0.8532721558012798,0.5,0.7353249167004459,0.0,0.004123711340206186,0.009278350515463918,15.0,4.0
emblematica:E010990,2803,217,0.34490520365612953,0.08333333333333333,0.1810820311526324,0.0,0.0,0.0,1.0,3.0
emblematica:E010991,2803,753,0.8442327945045964,1.0,0.7814685999887809,0.0013280212483399733,0.00398406374501992,0.010624169986719787,11.0,3.0
emblematica:E010992,2803,837,0.8442327945045964,1.0,0.7574594354366309,0.0011947431302270011,0.0035842293906810036,0.009557945041816009,14.0,4.0
emblematica:E010993,2803,1010,0.6381210717697404,0.5,0.7039582884828506,0.0,0.0019801980198019802,0.0049504950495049506,14.0,4.0
emblematica:E010994,2803,153,0.5484844173648727,0.25,0.2066708915279253,0.0,0.013071895424836602,0.026143790849673203,4.0,4.0
emblematica:E010995,2803,448,0.5694969487670277,0.5,0.23051493130294362,0.0,0.002232142857142857,0.006696428571428571,13.0,3.5
emblematica:E010996,2803,773,0.7084316805664599,0.3333333333333333,0.7741663621357731,0.0,0.0038809831824062097,0.009055627425614488,10.0,3.0
emblematica:E010997,2803,793,1.0,1.0,0.8357425061939907,0.0012610340479192938,0.006305170239596469,0.012610340479192938,8.0,3.5
emblematica:E010998,2803,933,1.0,1.0,0.7739090652329088,0.0010718113612004287,0.0053590568060021436,0.010718113612004287,8.5,3.5
emblematica:E010999,2803,231,0.6756856998333552,0.2,0.213365373038038,0.0,0.004329004329004329,0.008658008658008658,8.0,3.0
emblematica:E011000,2803,732,0.909543036405889,0.5,0.8064880210010205,0.0,0.004098360655737705,0.00819672131147541,3.0,3.0
emblematica:E011001,2803,312,0.4389394350456683,0.25,0.1852267744650249,0.0,0.003205128205128205,0.00641025641025641,12.5,3.0
emblematica:E011002,2803,767,0.8108582970019786,0.5,0.7651702860804406,0.0,0.005215123859191656,0.010430247718383311,12.5,3.0
emblematica:E011003,2803,717,0.68733327111955,0.25,0.7466407102734254,0.0,0.002789400278940028,0.009762900976290097,2.0,3.0
emblematica:E011004,2803,212,0.40669725543269336,0.3333333333333333,0.20965708612216924,0.0,0.0047169811320754715,0.0047169811320754715,6.5,3.5
emblematica:E011005,2803,731,0.8698739994728926,1.0,0.805489869220951,0.0013679890560875513,0.004103967168262654,0.01094391244870041,2.5,3.0
emblematica:E011006,2803,713,0.8698739994728926,1.0,0.8141244987278943,0.001402524544179523,0.004207573632538569,0.011220196353436185,2.5,3.5
emblematica:E011007,2803,714,0.799497153256849,1.0,0.8008113351244457,0.0014005602240896359,0.0056022408963585435,0.008403361344537815,2.0,4.0
emblematica:E011008,2803,726,0.7872698329069556,1.0,0.8046357274590688,0.0013774104683195593,0.005509641873278237,0.008264462809917356,4.0,3.0
emblematica:E011009,2803,735,0.8899541168509599,0.5,0.7656666578548865,0.0,0.005442176870748299,0.012244897959183673,5.0,3.0
emblematica:E011010,2803,189,0.42228080703546356,0.16666666666666666,0.17744826152790802,0.0,0.0,0.005291005291005291,6.5,3.0
emblematica:E011011,2803,724,0.7084316805664599,0.3333333333333333,0.7771903455321149,0.0,0.004143646408839779,0.009668508287292817,5.0,3.0
emblematica:E011012,2803,203,0.4781738085681532,0.5,0.19599771983451142,0.0,0.0049261083743842365,0.009852216748768473,5.5,3.5
emblematica:E011013,2803,321,0.6255245960502868,1.0,0.17516859724198708,0.003115264797507788,0.006230529595015576,0.012461059190031152,12.0,4.0
emblematica:E011014,2803,275,0.6255245960502868,1.0,0.18292298993065603,0.0036363636363636364,0.007272727272727273,0.014545454545454545,1.5,3.0
emblematica:E011015,2803,876,1.0,1.0,0.9204476626908545,0.001141552511415525,0.005707762557077625,0.01141552511415525,19.0,3.0
emblematica:E011016,2803,810,1.0,1.0,0.7946133402122448,0.0012345679012345679,0.006172839506172839,0.012345679012345678,31.0,4.0
emblematica:E011017,2803,728,0.9048032373092417,1.0,0.7808282899519984,0.0013736263736263737,0.006868131868131868,0.01098901098901099,3.5,3.5
emblematica:E011018,2803,777,0.9048032373092417,1.0,0.7533652145439947,0.001287001287001287,0.006435006435006435,0.010296010296010296,11.5,3.5
emblematica:E011019,2803,715,0.8254612838486163,1.0,0.7845753019000969,0.0013986013986013986,0.005594405594405594,0.009790209790209791,1.0,4.0
emblematica:E011020,2803,744,0.8254612838486163,1.0,0.779514613595116,0.0013440860215053765,0.005376344086021506,0.009408602150537635,9.0,3.0
emblematica:E011021,2803,962,0.8527809579781417,1.0,0.7499134284399268,0.0010395010395010396,0.004158004158004158,0.007276507276507277,12.0,4.0
emblematica:E011022,2803,906,0.8037792346720447,1.0,0.7445156783977458,0.0011037527593818985,0.0033112582781456954,0.006622516556291391,26.5,3.5
emblematica:E011023,2803,803,0.9477344873475497,1.0,0.8000154076916643,0.0012453300124533001,0.0062266500622665,0.0112079701120797,10.0,3.5
emblematica:E011024,2803,714,0.9477344873475497,1.0,0.8352215765475883,0.0014005602240896359,0.0070028011204481795,0.012605042016806723,2.5,3.0
emblematica:E011025,2803,745,1.0,1.0,0.8266236860249236,0.0013422818791946308,0.006711409395973154,0.013422818791946308,11.0,4.0
emblematica:E011026,2803,742,1.0,1.0,0.824813816316221,0.0013477088948787063,0.006738544474393531,0.013477088948787063,6.0,3.0
emblematica:E011027,2803,716,0.5497226496294907,0.25,0.772373972590026,0.0,0.002793296089385475,0.00558659217877095,3.0,3.0
emblematica:E011028,2803,298,0.5564728394479543,0.25,0.10663949232732604,0.0,0.003355704697986577,0.006711409395973154,7.0,4.0
emblematica:E011029,2803,396,0.7390788259162825,1.0,0.20909176395262385,0.0025252525252525255,0.007575757575757576,0.012626262626262626,1.0,3.5
emblematica:E011030,2803,219,0.7390788259162825,1.0,0.23276771011832353,0.0045662100456621,0.0136986301369863,0.0228310502283105,8.5,3.0
emblematica:E011031,2803,156,0.865011178618329,1.0,0.2343046088090039,0.00641025641025641,0.02564102564102564,0.05128205128205128,2.0,3.5
emblematica:E011032,2803,266,0.865011178618329,1.0,0.2245593257044956,0.0037593984962406013,0.015037593984962405,0.03007518796992481,5.0,3.0
emblematica:E011033,2803,744,1.0,1.0,0.8036200318825584,0.0013440860215053765,0.006720430107526882,0.013440860215053764,9.0,3.0
emblematica:E011034,2803,742,1.0,1.0,0.8092896847481456,0.0013477088948787063,0.006738544474393531,0.013477088948787063,7.0,3.0
emblematica:E011035,2803,760,0.9575861412006987,1.0,0.81232311555274,0.0013157894736842105,0.006578947368421052,0.011842105263157895,6.0,4.0
emblematica:E011036,2803,751,0.9575861412006987,1.0,0.8080065975942871,0.0013315579227696406,0.006657789613848202,0.011984021304926764,13.5,3.5
emblematica:E011037,2803,724,0.8969504402810676,1.0,0.8037247198761228,0.0013812154696132596,0.0055248618784530384,0.011049723756906077,3.5,3.5
emblematica:E011038,2803,957,0.8969504402810676,1.0,0.7362048058808248,0.0010449320794148381,0.0041797283176593526,0.008359456635318705,41.5,4.0
emblematica:E011039,2803,756,0.8254612838486163,1.0,0.8097072664167747,0.0013227513227513227,0.005291005291005291,0.009259259259259259,4.0,3.0
emblematica:E011040,2803,716,0.8254612838486163,1.0,0.8131161635431386,0.0013966480446927375,0.00558659217877095,0.009776536312849162,7.0,3.0
emblematica:E011041,2803,153,0.3333333333333333,0.08333333333333333,0.15020232780715453,0.0,0.0,0.0,2.5,4.0
emblematica:E011042,2803,762,0.7965100773735325,0.5,0.7963937977361245,0.0,0.003937007874015748,0.010498687664041995,12.0,3.0
emblematica:E011043,2803,325,0.42465647353220776,0.14285714285714285,0.1585674280851192,0.0,0.0,0.003076923076923077,10.0,4.0
emblematica:E011044,2803,735,0.8043628744017064,0.5,0.8116286736602534,0.0,0.005442176870748299,0.010884353741496598,1.5,3.0
emblematica:E011045,2803,834,1.0,1.0,0.7944903696091435,0.001199040767386091,0.005995203836930456,0.011990407673860911,17.0,4.0
emblematica:E011046,2803,804,1.0,1.0,0.7965396515054783,0.0012437810945273632,0.006218905472636816,0.012437810945273632,16.0,3.0
emblematica:E011047,2803,744,1.0,1.0,0.818320368713555,0.0013440860215053765,0.006720430107526882,0.013440860215053764,8.0,3.0
emblematica:E011048,2803,977,1.0,1.0,0.7395902222700252,0.0010235414534288639,0.00511770726714432,0.01023541453428864,11.0,4.0
emblematica:E011049,2803,827,0.863443834987606,1.0,0.7892446378097556,0.0012091898428053204,0.0036275695284159614,0.009673518742442563,20.0,4.0
emblematica:E011050,2803,735,0.863443834987606,1.0,0.8030601628623324,0.0013605442176870747,0.004081632653061225,0.010884353741496598,10.5,3.0
emblematica:E011051,2803,926,0.8800456786592188,1.0,0.7629284956160101,0.0010799136069114472,0.0032397408207343412,0.008639308855291577,10.0,3.0
emblematica:E011052,2803,735,0.8800456786592188,1.0,0.815372211829712,0.0013605442176870747,0.004081632653061225,0.010884353741496598,1.0,4.0
emblematica:E011053,2803,727,0.9558305176970738,1.0,0.8119967670381953,0.001375515818431912,0.0068775790921595595,0.012379642365887207,7.0,3.0
emblematica:E011054,2803,787,0.9558305176970738,1.0,0.7926623663212323,0.0012706480304955528,0.0063532401524777635,0.011435832274459974,10.5,3.5
emblematica:E011055,2803,770,0.9477344873475497,1.0,0.8282397122525146,0.0012987012987012987,0.006493506493506494,0.011688311688311689,12.5,3.0
emblematica:E011056,2803,1010,0.9477344873475497,1.0,0.768814339308798,0.0009900990099009901,0.0049504950495049506,0.00891089108910891,27.5,4.0
emblematica:E011057,2803,737,1.0,1.0,0.8167985307486229,0.0013568521031207597,0.0067842605156037995,0.013568521031207599,7.0,4.0
emblematica:E011058,2803,760,1.0,1.0,0.8120552888465756,0.0013157894736842105,0.006578947368421052,0.013157894736842105,15.0,3.0
emblematica:E011059,2803,752,0.8340611153182702,1.0,0.8056259585768751,0.0013297872340425532,0.003989361702127659,0.010638297872340425,10.5,3.5
emblematica:E011060,2803,870,0.9074250374176303,1.0,0.9089595891074197,0.0011494252873563218,0.004597701149425287,0.010344827586206896,11.0,3.0
emblematica:E011061,2803,755,0.9510907186004266,1.0,0.8066334872037488,0.0013245033112582781,0.006622516556291391,0.011920529801324504,4.0,4.0
emblematica:E011062,2803,765,0.9510907186004266,1.0,0.7963666821602691,0.00130718954248366,0.006535947712418301,0.011764705882352941,13.0,3.5
emblematica:E011063,2803,50,0.48006117753205335,1.0,0.06307305259893219,0.02,0.02,0.02,3.0,3.5
emblematica:E011064,2803,801,0.9510907186004266,1.0,0.8120811013873805,0.0012484394506866417,0.006242197253433208,0.011235955056179775,15.0,3.5
emblematica:E011065,2803,866,0.9558305176970738,1.0,0.7856286204277357,0.0011547344110854503,0.005773672055427252,0.010392609699769052,25.5,3.5
emblematica:E011066,2803,759,0.9558305176970738,1.0,0.8134550467378304,0.0013175230566534915,0.006587615283267457,0.011857707509881422,4.0,3.0
emblematica:E011067,2803,815,0.8527809579781417,1.0,0.7559397130862592,0.001226993865030675,0.0049079754601227,0.008588957055214725,2.0,3.0
emblematica:E011068,2803,725,0.8527809579781417,1.0,0.7776345230928883,0.001379310344827586,0.005517241379310344,0.009655172413793104,7.0,3.0
emblematica:E011069,2803,723,0.8043628744017064,0.5,0.8070465517953007,0.0,0.005532503457814661,0.011065006915629323,1.0,3.0
emblematica:E011070,2803,216,0.42590829591570295,0.5,0.1707112638476043,0.0,0.004629629629629629,0.004629629629629629,9.0,3.0
emblematica:E011071,2803,722,0.865011178618329,1.0,0.7792823234131424,0.0013850415512465374,0.00554016620498615,0.0110803324099723,10.0,3.0
emblematica:E011072,2803,912,0.9074250374176303,1.0,0.8932336956181572,0.0010964912280701754,0.0043859649122807015,0.009868421052631578,18.0,4.0
emblematica:E011073,2803,744,1.0,1.0,0.8151330854688824,0.0013440860215053765,0.006720430107526882,0.013440860215053764,7.0,3.0
emblematica:E011074,2803,713,1.0,1.0,0.8294398850107252,0.001402524544179523,0.0070126227208976155,0.014025245441795231,3.0,4.0
emblematica:E011075,2803,764,0.8990684392693266,1.0,0.8132798963601309,0.0013089005235602095,0.005235602094240838,0.010471204188481676,1.0,3.0
emblematica:E011076,2803,714,0.8990684392693266,1.0,0.8176650406602812,0.0014005602240896359,0.0056022408963585435,0.011204481792717087,2.0,3.0
emblematica:E011077,2803,711,0.909543036405889,1.0,0.8214528442710392,0.0014064697609001407,0.007032348804500703,0.011251758087201125,3.0,3.5
emblematica:E011078,2803,760,0.909543036405889,1.0,0.8029720345014533,0.0013157894736842105,0.006578947368421052,0.010526315789473684,15.5,3.0
emblematica:E011079,2803,172,0.499272218015063,0.5,0.1759623768475308,0.0,0.011627906976744186,0.011627906976744186,1.0,4.5
emblematica:E011080,2803,747,0.68733327111955,0.25,0.7885365752251354,0.0,0.002677376171352075,0.009370816599732263,28.0,3.0
emblematica:E011081,2803,733,1.0,1.0,0.8414885320032106,0.001364256480218281,0.0068212824010914054,0.013642564802182811,10.0,3.0
emblematica:E011082,2803,755,1.0,1.0,0.8287924969246078,0.0013245033112582781,0.006622516556291391,0.013245033112582781,10.0,4.0
emblematica:E011083,2803,764,0.7516061639261181,1.0,0.8082921143950325,0.0013089005235602095,0.005235602094240838,0.006544502617801047,25.0,3.0
emblematica:E011084,2803,868,0.7516061639261181,1.0,0.7831242222204164,0.001152073732718894,0.004608294930875576,0.00576036866359447,20.5,4.5
emblematica:E011085,2803,927,0.7520973617492562,0.5,0.7481640971938496,0.0,0.004314994606256742,0.007551240560949299,9.0,3.0
emblematica:E011086,2803,196,0.4345081273853569,0.16666666666666666,0.18078441914599114,0.0,0.0,0.01020408163265306,11.0,4.0
emblematica:E011087,2803,758,1.0,1.0,0.8092422833266268,0.0013192612137203166,0.006596306068601583,0.013192612137203167,11.0,3.0
emblematica:E011088,2803,764,1.0,1.0,0.8072385381645859,0.0013089005235602095,0.006544502617801047,0.013089005235602094,14.0,3.0
emblematica:E011089,2803,768,0.909543036405889,1.0,0.7997308444537105,0.0013020833333333333,0.006510416666666667,0.010416666666666666,25.0,3.0
emblematica:E011090,2803,814,0.909543036405889,1.0,0.7797674268851132,0.0012285012285012285,0.006142506142506142,0.009828009828009828,17.5,4.0
emblematica:E011091,2803,836,0.7898916330153442,1.0,0.7794983979754024,0.0011961722488038277,0.0035885167464114833,0.008373205741626795,12.5,3.5
emblematica:E011092,2803,743,0.7898916330153442,1.0,0.8123981155815791,0.0013458950201884253,0.004037685060565276,0.009421265141318977,1.0,4.0
emblematica:E011093,2803,880,1.0,1.0,0.9135780676478289,0.0011363636363636363,0.005681818181818182,0.011363636363636364,3.0,3.0
emblematica:E011094,2803,739,0.8800456786592188,1.0,0.8053539198252784,0.0013531799729364006,0.0040595399188092015,0.010825439783491205,9.5,4.5
emblematica:E011095,2803,724,1.0,1.0,0.831991123546268,0.0013812154696132596,0.006906077348066298,0.013812154696132596,3.5,3.0
emblematica:E011096,2803,751,1.0,1.0,0.8281258225284348,0.0013315579227696406,0.006657789613848202,0.013315579227696404,10.0,3.5
emblematica:E011097,2803,742,0.8606337550063157,1.0,0.8018826912220794,0.0013477088948787063,0.006738544474393531,0.009433962264150943,17.0,4.0
emblematica:E011098,2803,820,0.9558305176970738,1.0,0.799106275520264,0.0012195121951219512,0.006097560975609756,0.00975609756097561,20.0,3.0
emblematica:E011099,2803,724,0.7628151922071689,0.5,0.7971885947937463,0.0,0.0055248618784530384,0.009668508287292817,5.0,3.0
emblematica:E011100,2803,213,0.42203467342381923,0.125,0.16584379171296698,0.0,0.0,0.009389671361502348,7.0,4.0
emblematica:E011101,2803,715,1.0,1.0,0.8382461862534148,0.0013986013986013986,0.006993006993006993,0.013986013986013986,4.0,4.0
emblematica:E011102,2803,712,1.0,1.0,0.8375780160283939,0.0014044943820224719,0.007022471910112359,0.014044943820224719,2.5,3.5
emblematica:E011103,2803,759,1.0,1.0,0.8237851363094668,0.0013175230566534915,0.006587615283267457,0.013175230566534914,13.0,3.0
emblematica:E011104,2803,951,1.0,1.0,0.754276011639039,0.0010515247108307045,0.005257623554153523,0.010515247108307046,27.0,4.0
emblematica:E011105,2803,743,0.8777267965010666,1.0,0.8166748116445949,0.0013458950201884253,0.005383580080753701,0.010767160161507403,13.0,3.5
emblematica:E011106,2803,736,0.7851518339186968,1.0,0.8136834158938803,0.001358695652173913,0.004076086956521739,0.009510869565217392,6.0,4.0
emblematica:E011107,2803,773,0.9558305176970738,1.0,0.8178211204577188,0.00129366106080207,0.00646830530401035,0.01164294954721863,14.0,3.0
emblematica:E011108,2803,714,0.9558305176970738,1.0,0.8421657109719636,0.0014005602240896359,0.0070028011204481795,0.012605042016806723,2.0,3.0
emblematica:E011109,2803,233,0.5421467195514966,1.0,0.20207748919567733,0.004291845493562232,0.004291845493562232,0.008583690987124463,6.0,4.0
emblematica:E011110,2803,180,0.5421467195514966,1.0,0.19329781239019342,0.005555555555555556,0.005555555555555556,0.011111111111111112,5.5,3.5
emblematica:E011111,2803,965,1.0,1.0,0.7407281369726915,0.0010362694300518134,0.0051813471502590676,0.010362694300518135,16.0,4.0
emblematica:E011112,2803,725,1.0,1.0,0.7901658736725999,0.001379310344827586,0.006896551724137931,0.013793103448275862,13.0,3.0
emblematica:E011113,2803,733,1.0,1.0,0.8185459362161475,0.001364256480218281,0.0068212824010914054,0.013642564802182811,6.0,4.0
emblematica:E011114,2803,784,1.0,1.0,0.7963153448657414,0.0012755102040816326,0.006377551020408163,0.012755102040816327,13.5,3.5
emblematica:E011115,2803,180,0.3333333333333333,0.08333333333333333,0.16968026268341369,0.0,0.0,0.0,4.0,4.0
emblematica:E011116,2803,719,0.8532721558012798,0.5,0.8227288854767465,0.0,0.005563282336578581,0.012517385257301807,4.5,3.0
emblematica:E011117,2803,732,0.8988252059479763,1.0,0.8297659224752415,0.001366120218579235,0.006830601092896175,0.01092896174863388,3.0,5.0
emblematica:E011118,2803,735,0.8988252059479763,1.0,0.8264085560182357,0.0013605442176870747,0.006802721088435374,0.010884353741496598,7.0,3.5
emblematica:E011119,2803,840,1.0,1.0,0.9380793445415101,0.0011904761904761906,0.005952380952380952,0.011904761904761904,4.5,3.0
emblematica:E011120,2803,844,0.8988252059479763,1.0,0.7777323737058774,0.001184834123222749,0.005924170616113744,0.009478672985781991,17.0,3.0
emblematica:E011121,2803,723,0.7851518339186968,1.0,0.7851420241079673,0.0013831258644536654,0.004149377593360996,0.009681881051175657,5.0,4.0
emblematica:E011122,2803,730,0.7851518339186968,1.0,0.7830803879851939,0.0013698630136986301,0.00410958904109589,0.009589041095890411,2.0,3.0
emblematica:E011123,2803,713,1.0,1.0,0.8197502584383515,0.001402524544179523,0.0070126227208976155,0.014025245441795231,1.0,4.0
emblematica:E011124,2803,736,1.0,1.0,0.8062502672231547,0.001358695652173913,0.006793478260869565,0.01358695652173913,6.0,3.0
emblematica:E011125,2803,808,0.8800456786592188,1.0,0.7792354056546632,0.0012376237623762376,0.0037128712871287127,0.009900990099009901,17.5,5.0
emblematica:E011126,2803,778,0.8800456786592188,1.0,0.785960667462445,0.0012853470437017994,0.0038560411311053984,0.010282776349614395,10.5,3.5
emblematica:E011127,2803,922,1.0,1.0,0.7644922478721876,0.0010845986984815619,0.005422993492407809,0.010845986984815618,8.0,3.0
emblematica:E011128,2803,745,1.0,1.0,0.8144961611838708,0.0013422818791946308,0.006711409395973154,0.013422818791946308,3.0,3.0
emblematica:E011129,2803,156,0.48006117753205335,1.0,0.17012133804516688,0.00641025641025641,0.00641025641025641,0.00641025641025641,2.5,4.0
emblematica:E011130,2803,161,0.48006117753205335,1.0,0.17143122843199818,0.006211180124223602,0.006211180124223602,0.006211180124223602,4.5,4.0
emblematica:E011131,2803,757,0.9558305176970738,1.0,0.8185649608172817,0.001321003963011889,0.0066050198150594455,0.011889035667107,16.5,3.0
emblematica:E011132,2803,743,0.9558305176970738,1.0,0.821340141374461,0.0013458950201884253,0.006729475100942127,0.012113055181695828,2.0,3.0
emblematica:E011133,2803,191,0.4911035481077849,1.0,0.17555671097792103,0.005235602094240838,0.005235602094240838,0.005235602094240838,6.0,4.0
emblematica:E011134,2803,737,1.0,1.0,0.816416762768243,0.0013568521031207597,0.0067842605156037995,0.013568521031207599,7.5,3.5
emblematica:E011135,2803,714,0.9266360779006398,1.0,0.8215549965058545,0.0014005602240896359,0.0056022408963585435,0.012605042016806723,2.0,3.0
emblematica:E011136,2803,728,0.9266360779006398,1.0,0.8148523476787906,0.0013736263736263737,0.005494505494505495,0.012362637362637362,3.0,3.0
emblematica:E011137,2803,741,0.790079912888246,0.5,0.825607395797336,0.0,0.004048582995951417,0.010796221322537112,11.0,4.0
emblematica:E011138,2803,60,0.4058934724893391,0.2,0.052354388480746035,0.0,0.016666666666666666,0.016666666666666666,6.5,3.5
emblematica:E011139,2803,813,0.7983974463374327,1.0,0.7676361674017632,0.0012300123001230013,0.0036900369003690036,0.008610086100861008,18.0,3.0
emblematica:E011140,2803,728,0.7983974463374327,1.0,0.7839659205052047,0.0013736263736263737,0.004120879120879121,0.009615384615384616,6.0,3.0
emblematica:E011141,2803,722,0.8532721558012798,0.5,0.8376600104534454,0.0,0.00554016620498615,0.012465373961218837,1.0,3.0
emblematica:E011142,2803,43,0.3333333333333333,0.024390243902439025,0.031492195321396375,0.0,0.0,0.0,2.0,4.0
emblematica:E011143,2803,784,1.0,1.0,0.7907863812497807,0.0012755102040816326,0.006377551020408163,0.012755102040816327,9.0,3.0
emblematica:E011144,2803,790,1.0,1.0,0.7893793915086486,0.0012658227848101266,0.006329113924050633,0.012658227848101266,14.5,3.0
emblematica:E011145,2803,756,0.5947718986560576,0.5,0.7684162757073517,0.0,0.003968253968253968,0.005291005291005291,3.0,3.0
emblematica:E011146,2803,161,0.5494197316792544,0.3333333333333333,0.184550772097954,0.0,0.006211180124223602,0.024844720496894408,3.5,4.5
emblematica:E011147,2803,64,0.40669725543269336,0.3333333333333333,0.04153697108407063,0.0,0.015625,0.015625,2.5,4.0
emblematica:E011148,2803,721,0.8091026734983537,0.5,0.8191680980256324,0.0,0.005547850208044383,0.011095700416088766,1.5,3.0
emblematica:E011149,2803,782,0.9558305176970738,1.0,0.82529847402841,0.0012787723785166241,0.00639386189258312,0.011508951406649617,2.0,3.0
emblematica:E011150,2803,718,0.9558305176970738,1.0,0.838983369497904,0.001392757660167131,0.006963788300835654,0.012534818941504178,1.0,3.0
emblematica:E011151,2803,722,0.9074250374176303,1.0,0.787067066146791,0.0013850415512465374,0.00554016620498615,0.012465373961218837,5.0,3.0
emblematica:E011152,2803,754,0.9305687780632227,1.0,0.7867840755217314,0.001326259946949602,0.005305039787798408,0.011936339522546418,3.0,3.5
emblematica:E011153,2803,732,1.0,1.0,0.8367205550952623,0.001366120218579235,0.006830601092896175,0.01366120218579235,6.0,3.0
emblematica:E011154,2803,762,0.9575861412006987,1.0,0.8315887162285982,0.0013123359580052493,0.006561679790026247,0.011811023622047244,8.0,3.0
emblematica:E011155,2803,741,0.9074250374176303,1.0,0.8167010404461157,0.001349527665317139,0.005398110661268556,0.012145748987854251,6.0,3.0
emblematica:E011156,2803,820,0.9305687780632227,1.0,0.8098262735370901,0.0012195121951219512,0.004878048780487805,0.01097560975609756,37.5,3.5
emblematica:E011157,2803,797,1.0,1.0,0.8195082233029916,0.0012547051442910915,0.006273525721455458,0.012547051442910916,18.0,3.0
emblematica:E011158,2803,798,1.0,1.0,0.8192128309117761,0.0012531328320802004,0.006265664160401002,0.012531328320802004,7.0,3.5
emblematica:E011159,2803,856,0.9432379215722525,1.0,0.798611201372935,0.0011682242990654205,0.004672897196261682,0.010514018691588784,5.5,3.0
emblematica:E011160,2803,761,0.9432379215722525,1.0,0.8223468794129516,0.001314060446780552,0.005256241787122208,0.011826544021024968,12.0,3.0
emblematica:E011161,2803,716,1.0,1.0,0.8418447688560221,0.0013966480446927375,0.006983240223463687,0.013966480446927373,2.5,3.5
emblematica:E011162,2803,771,1.0,1.0,0.8228222767697142,0.0012970168612191958,0.00648508430609598,0.01297016861219196,14.0,3.0
emblematica:E011163,2803,922,0.9558305176970738,1.0,0.7771429852312527,0.0010845986984815619,0.005422993492407809,0.009761388286334056,5.0,3.0
emblematica:E011164,2803,722,0.9558305176970738,1.0,0.8411090652675421,0.0013850415512465374,0.006925207756232687,0.012465373961218837,6.0,4.0
emblematica:E011165,2803,35,0.3958437961610993,0.009174311926605505,0.03130227112675125,0.0,0.0,0.0,2.0,4.0
emblematica:E011166,2803,728,0.6426176375450375,0.5,0.7849885713815569,0.0,0.004120879120879121,0.006868131868131868,2.0,3.0
emblematica:E011167,2803,756,0.8988252059479763,1.0,0.8085836235788906,0.0013227513227513227,0.006613756613756613,0.010582010582010581,15.0,3.0
emblematica:E011168,2803,799,0.8988252059479763,1.0,0.7954918253880173,0.0012515644555694619,0.006257822277847309,0.010012515644555695,23.0,4.0
emblematica:E011169,2803,788,1.0,1.0,0.8211116293327401,0.0012690355329949238,0.006345177664974619,0.012690355329949238,12.0,3.0
emblematica:E011170,2803,746,1.0,1.0,0.8390959660019438,0.0013404825737265416,0.006702412868632708,0.013404825737265416,12.0,3.0
emblematica:E011171,2803,66,0.4695662327849688,0.3333333333333333,0.07375099314359312,0.0,0.015151515151515152,0.030303030303030304,3.5,4.0
emblematica:E011172,2803,728,0.7167159907888859,0.5,0.790651999219349,0.0,0.0027472527472527475,0.009615384615384616,2.0,3.5
emblematica:E011173,2803,802,1.0,1.0,0.8217164402375963,0.0012468827930174563,0.006234413965087282,0.012468827930174564,6.0,3.0
emblematica:E011174,2803,769,1.0,1.0,0.8279366007025221,0.0013003901170351106,0.006501950585175552,0.013003901170351105,17.0,3.5
emblematica:E011175,2803,719,0.9575861412006987,1.0,0.7861813296134665,0.0013908205841446453,0.006954102920723227,0.012517385257301807,2.5,4.0
emblematica:E011176,2803,844,0.9575861412006987,1.0,0.7731347407777751,0.001184834123222749,0.005924170616113744,0.01066350710900474,23.5,3.5
emblematica:E011177,2803,730,0.8926382747840401,1.0,0.815289234413042,0.0013698630136986301,0.005479452054794521,0.010958904109589041,6.0,4.0
emblematica:E011178,2803,743,0.8926382747840401,1.0,0.813382996403898,0.0013458950201884253,0.005383580080753701,0.010767160161507403,9.5,3.0
emblematica:E011179,2803,720,0.865011178618329,1.0,0.8099326824132512,0.001388888888888889,0.005555555555555556,0.011111111111111112,3.0,5.0
emblematica:E011180,2803,753,0.865011178618329,1.0,0.8081647765028579,0.0013280212483399733,0.005312084993359893,0.010624169986719787,14.0,3.5
emblematica:E011181,2803,736,0.7772990368905228,1.0,0.790560282347632,0.001358695652173913,0.001358695652173913,0.008152173913043478,4.0,3.0
emblematica:E011182,2803,742,0.714106793977489,1.0,0.8011431872617332,0.0013477088948787063,0.0013477088948787063,0.008086253369272238,4.0,4.0
emblematica:E011183,2803,173,0.5432534204450873,0.25,0.06640562074660457,0.0,0.005780346820809248,0.005780346820809248,8.0,3.0
emblematica:E011184,2803,717,0.8943286401726791,0.5,0.7896096380208021,0.0,0.0041841004184100415,0.009762900976290097,2.5,3.5
emblematica:E011185,2803,726,0.68733327111955,0.25,0.7959196969698071,0.0,0.0027548209366391185,0.009641873278236915,4.0,4.0
emblematica:E011186,2803,227,0.5321633202380722,0.5,0.18966804385321875,0.0,0.004405286343612335,0.00881057268722467,15.0,4.0
emblematica:E011187,2803,751,0.8546557236450504,1.0,0.8338190495587275,0.0013315579227696406,0.006657789613848202,0.009320905459387484,7.0,4.0
emblematica:E011188,2803,805,0.8546557236450504,1.0,0.8129723844103631,0.0012422360248447205,0.006211180124223602,0.008695652173913044,3.0,3.0
emblematica:E011189,2803,937,1.0,1.0,0.7494293675700061,0.0010672358591248667,0.005336179295624333,0.010672358591248666,7.5,3.0
emblematica:E011190,2803,711,1.0,1.0,0.8082196820897991,0.0014064697609001407,0.007032348804500703,0.014064697609001406,1.0,4.0
emblematica:E011191,2803,713,0.909543036405889,1.0,0.8144261494516922,0.001402524544179523,0.0070126227208976155,0.011220196353436185,2.5,4.0
emblematica:E011192,2803,733,0.909543036405889,1.0,0.8164709538570876,0.001364256480218281,0.0068212824010914054,0.010914051841746248,4.0,4.0
emblematica:E011193,2803,972,1.0,1.0,0.7559466060669544,0.00102880658436214,0.0051440329218107,0.0102880658436214,53.5,3.0
emblematica:E011194,2803,739,1.0,1.0,0.7992614543481945,0.0013531799729364006,0.006765899864682003,0.013531799729364006,10.0,3.0
emblematica:E011195,2803,184,0.3333333333333333,0.05,0.16280296566383298,0.0,0.0,0.0,2.0,3.0
emblematica:E011196,2803,722,0.7799082337019198,0.5,0.802809766556777,0.0,0.004155124653739612,0.0110803324099723,3.5,3.5
emblematica:E011197,2803,756,0.8988252059479763,1.0,0.8081716988822794,0.0013227513227513227,0.006613756613756613,0.010582010582010581,26.5,3.5
emblematica:E011198,2803,788,0.8988252059479763,1.0,0.7828014262972324,0.0012690355329949238,0.006345177664974619,0.01015228426395939,19.5,3.5
emblematica:E011199,2803,1124,1.0,1.0,0.7346094204455691,0.0008896797153024911,0.004448398576512456,0.008896797153024912,8.0,4.0
emblematica:E011200,2803,728,1.0,1.0,0.8176850206972218,0.0013736263736263737,0.006868131868131868,0.013736263736263736,7.5,3.0
emblematica:E011201,2803,732,1.0,1.0,0.8264216674104592,0.001366120218579235,0.006830601092896175,0.01366120218579235,9.0,3.0
emblematica:E011202,2803,737,1.0,1.0,0.8177231985708958,0.0013568521031207597,0.0067842605156037995,0.013568521031207599,3.0,3.0
emblematica:E011203,2803,753,1.0,1.0,0.8325575889227435,0.0013280212483399733,0.006640106241699867,0.013280212483399735,15.0,3.0
emblematica:E011204,2803,720,1.0,1.0,0.8428617493134208,0.001388888888888889,0.006944444444444444,0.013888888888888888,4.0,3.0
emblematica:E011205,2803,754,0.9266360779006398,1.0,0.8115518932810164,0.001326259946949602,0.005305039787798408,0.011936339522546418,6.0,3.0
emblematica:E011206,2803,880,0.9266360779006398,1.0,0.7648254797889107,0.0011363636363636363,0.004545454545454545,0.010227272727272727,17.0,4.0
emblematica:E011207,2803,773,1.0,1.0,0.8013181949668533,0.00129366106080207,0.00646830530401035,0.0129366106080207,12.0,3.0
emblematica:E011208,2803,765,1.0,1.0,0.7958651065545063,0.00130718954248366,0.006535947712418301,0.013071895424836602,13.5,3.5
emblematica:E011209,2803,757,0.8400527367984127,1.0,0.7845228122150992,0.001321003963011889,0.005284015852047556,0.009247027741083224,12.5,3.0
emblematica:E011210,2803,722,0.8400527367984127,1.0,0.7837065198536992,0.0013850415512465374,0.00554016620498615,0.009695290858725761,5.0,3.0
emblematica:E011211,2803,822,0.8525377246567915,1.0,0.7700725604089895,0.0012165450121654502,0.006082725060827251,0.00851581508515815,7.0,3.0
emblematica:E011212,2803,750,0.9048032373092417,1.0,0.7961401178411868,0.0013333333333333333,0.006666666666666667,0.010666666666666666,3.5,3.0
emblematica:E011213,2803,785,0.9510907186004266,1.0,0.8232284081352603,0.0012738853503184713,0.006369426751592357,0.011464968152866241,12.5,3.5
emblematica:E011214,2803,727,0.9510907186004266,1.0,0.8540070344058512,0.001375515818431912,0.0068775790921595595,0.012379642365887207,5.0,5.0
emblematica:E011215,2803,714,0.8532721558012798,0.5,0.8215505818242961,0.0,0.0056022408963585435,0.012605042016806723,2.0,4.0
emblematica:E011216,2803,209,0.3775028156362593,0.1111111111111111,0.16133098148289937,0.0,0.0,0.004784688995215311,1.5,3.0
emblematica:E011217,2803,709,0.7614578177792671,1.0,0.7902145094232014,0.0014104372355430183,0.005641748942172073,0.007052186177715092,1.0,3.0
emblematica:E011218,2803,712,0.7614578177792671,1.0,0.788625384014495,0.0014044943820224719,0.0056179775280898875,0.007022471910112359,1.0,3.5
emblematica:E011219,2803,747,0.9266360779006398,1.0,0.8062735092124002,0.0013386880856760374,0.00535475234270415,0.012048192771084338,12.5,4.0
emblematica:E011220,2803,751,0.9266360779006398,1.0,0.8051170244150029,0.0013315579227696406,0.005326231691078562,0.011984021304926764,11.0,4.0
emblematica:E011221,2803,709,1.0,1.0,0.8252707300855362,0.0014104372355430183,0.007052186177715092,0.014104372355430184,1.0,3.0
emblematica:E011222,2803,722,1.0,1.0,0.8198552124889454,0.0013850415512465374,0.006925207756232687,0.013850415512465374,4.0,4.0
emblematica:E011223,2803,722,1.0,1.0,0.8119571930987156,0.0013850415512465374,0.006925207756232687,0.013850415512465374,4.0,3.0
emblematica:E011224,2803,735,1.0,1.0,0.8192655413939159,0.0013605442176870747,0.006802721088435374,0.013605442176870748,1.0,4.0
emblematica:E011225,2803,718,1.0,1.0,0.8235132790045099,0.001392757660167131,0.006963788300835654,0.013927576601671309,2.5,3.5
emblematica:E011226,2803,740,1.0,1.0,0.8188162110134348,0.0013513513513513514,0.006756756756756757,0.013513513513513514,8.5,4.0
emblematica:E011227,2803,776,1.0,1.0,0.8072195016008811,0.001288659793814433,0.006443298969072165,0.01288659793814433,15.0,3.0
emblematica:E011228,2803,772,1.0,1.0,0.8230230110531035,0.0012953367875647669,0.006476683937823834,0.012953367875647668,11.0,3.0
emblematica:E011229,2803,726,0.9558305176970738,1.0,0.8337879181972956,0.0013774104683195593,0.006887052341597796,0.012396694214876033,6.5,3.0
emblematica:E011230,2803,724,0.9558305176970738,1.0,0.829674129999327,0.0013812154696132596,0.006906077348066298,0.012430939226519336,1.5,3.5
emblematica:E011231,2803,864,1.0,1.0,0.7678091020767,0.0011574074074074073,0.005787037037037037,0.011574074074074073,23.0,3.0
emblematica:E011232,2803,717,1.0,1.0,0.8291058941220777,0.001394700139470014,0.00697350069735007,0.01394700139470014,4.0,3.0
emblematica:E011233,2803,724,1.0,1.0,0.8524184027093524,0.0013812154696132596,0.006906077348066298,0.013812154696132596,6.5,3.0
emblematica:E011234,2803,872,1.0,1.0,0.7975457639513837,0.0011467889908256881,0.005733944954128441,0.011467889908256881,4.0,4.0
emblematica:E011235,2803,769,1.0,1.0,0.8351958460693242,0.0013003901170351106,0.006501950585175552,0.013003901170351105,15.0,3.0
emblematica:E011236,2803,886,1.0,1.0,0.7775372522494503,0.001128668171557562,0.0056433408577878106,0.011286681715575621,15.0,3.0
emblematica:E011237,2803,170,0.35167431385817327,0.058823529411764705,0.13543656038030466,0.0,0.0,0.0,1.0,4.0
emblematica:E011238,2803,770,0.8532721558012798,0.5,0.8209790867297494,0.0,0.005194805194805195,0.011688311688311689,13.0,3.0
emblematica:E011239,2803,781,0.9477344873475497,1.0,0.7813858368767569,0.0012804097311139564,0.006402048655569782,0.011523687580025609,11.0,3.5
emblematica:E011240,2803,937,1.0,1.0,0.7630821953630977,0.0010672358591248667,0.005336179295624333,0.010672358591248666,4.0,3.0
emblematica:E011241,2803,737,0.8611375561264454,1.0,0.8112478958770857,0.0013568521031207597,0.005427408412483039,0.010854816824966078,7.0,3.0
emblematica:E011242,2803,719,0.8611375561264454,1.0,0.817259078244823,0.0013908205841446453,0.005563282336578581,0.011126564673157162,1.5,3.0
emblematica:E011243,2803,854,0.9575861412006987,1.0,0.7919554968234898,0.00117096018735363,0.00585480093676815,0.01053864168618267,22.5,3.0
emblematica:E011244,2803,728,0.9575861412006987,1.0,0.8136685850064018,0.0013736263736263737,0.006868131868131868,0.012362637362637362,4.5,3.0
emblematica:E011245,2803,807,1.0,1.0,0.7994797195191687,0.0012391573729863693,0.006195786864931847,0.012391573729863693,30.5,3.5
emblematica:E011246,2803,759,1.0,1.0,0.8040813638640443,0.0013175230566534915,0.006587615283267457,0.013175230566534914,12.0,4.0
emblematica:E011247,2803,750,1.0,1.0,0.8208511700539155,0.0013333333333333333,0.006666666666666667,0.013333333333333334,8.0,3.0
emblematica:E011248,2803,715,1.0,1.0,0.8376856850340502,0.0013986013986013986,0.006993006993006993,0.013986013986013986,3.0,3.5
emblematica:E011249,2803,821,0.9477344873475497,1.0,0.7681780328234684,0.001218026796589525,0.0060901339829476245,0.010962241169305725,11.0,4.0
emblematica:E011250,2803,710,0.9477344873475497,1.0,0.8100171233485012,0.0014084507042253522,0.007042253521126761,0.01267605633802817,1.5,3.5
emblematica:E011251,2803,805,0.9558305176970738,1.0,0.8167019178242062,0.0012422360248447205,0.006211180124223602,0.011180124223602485,6.5,3.5
emblematica:E011252,2803,721,0.9558305176970738,1.0,0.849300613697993,0.0013869625520110957,0.006934812760055479,0.012482662968099861,4.0,3.0
emblematica:E011253,2803,750,0.9432379215722525,1.0,0.7955894801068901,0.0013333333333333333,0.005333333333333333,0.012,6.0,3.0
emblematica:E011254,2803,730,0.9432379215722525,1.0,0.8244896485798018,0.0013698630136986301,0.005479452054794521,0.012328767123287671,4.5,3.5
emblematica:E011255,2803,746,0.8532721558012798,0.5,0.8041137897410799,0.0,0.005361930294906166,0.012064343163538873,6.5,4.0
emblematica:E011256,2803,10,0.3333333333333333,0.037037037037037035,0.012729177557540106,0.0,0.0,0.0,1.0,4.0
emblematica:E011257,2803,940,0.7799082337019198,0.5,0.7618658274350797,0.0,0.0031914893617021275,0.00851063829787234,10.5,3.5
emblematica:E011258,2803,179,0.40669725543269336,0.3333333333333333,0.14052673326024573,0.0,0.00558659217877095,0.00558659217877095,4.0,3.5
emblematica:E011259,2803,72,0.3647406920212859,0.027777777777777776,0.0328419955521631,0.0,0.0,0.0,3.0,3.0
emblematica:E011260,2803,133,0.3333333333333333,0.045454545454545456,0.08725410730820601,0.0,0.0,0.0,2.0,3.0
emblematica:E011261,2803,789,0.8800456786592188,1.0,0.8012095037246942,0.0012674271229404308,0.0038022813688212928,0.010139416983523447,1.0,3.0
emblematica:E011262,2803,732,0.8800456786592188,1.0,0.8183199576429715,0.001366120218579235,0.004098360655737705,0.01092896174863388,7.0,5.0
emblematica:E011263,2803,709,0.8532721558012798,0.5,0.8055161009255496,0.0,0.005641748942172073,0.012693935119887164,1.0,3.0
emblematica:E011264,2803,200,0.3333333333333333,0.058823529411764705,0.18446077656135237,0.0,0.0,0.0,11.0,4.0
emblematica:E011265,2803,867,0.7328863212662466,1.0,0.7536786350256477,0.0011534025374855825,0.0034602076124567475,0.006920415224913495,10.5,3.5
emblematica:E011266,2803,718,0.7328863212662466,1.0,0.807890834650565,0.001392757660167131,0.004178272980501393,0.008356545961002786,1.5,3.5
emblematica:E011267,2803,739,0.8988252059479763,1.0,0.8014256087091051,0.0013531799729364006,0.006765899864682003,0.010825439783491205,5.0,3.0
emblematica:E011268,2803,717,0.8988252059479763,1.0,0.8108076779140237,0.001394700139470014,0.00697350069735007,0.011157601115760111,6.0,3.0
emblematica:E011269,2803,725,1.0,1.0,0.8487649356437088,0.001379310344827586,0.006896551724137931,0.013793103448275862,5.0,3.0
emblematica:E011270,2803,736,1.0,1.0,0.8441443056924404,0.001358695652173913,0.006793478260869565,0.01358695652173913,3.0,3.0
emblematica:E011271,2803,728,1.0,1.0,0.7890763590009601,0.0013736263736263737,0.006868131868131868,0.013736263736263736,8.0,3.0
emblematica:E011272,2803,935,1.0,1.0,0.756500084268614,0.0010695187165775401,0.0053475935828877,0.0106951871657754,9.5,3.5
emblematica:E011273,2803,719,0.9575861412006987,1.0,0.8422800825664647,0.0013908205841446453,0.006954102920723227,0.012517385257301807,2.5,3.0
emblematica:E011274,2803,885,1.0,1.0,0.7884627205502504,0.0011299435028248588,0.005649717514124294,0.011299435028248588,32.0,4.0
emblematica:E011275,2803,745,1.0,1.0,0.8290574582234923,0.0013422818791946308,0.006711409395973154,0.013422818791946308,8.5,3.0
emblematica:E011276,2803,734,1.0,1.0,0.8335286526421183,0.0013623978201634877,0.006811989100817439,0.013623978201634877,5.0,3.0
emblematica:E011277,2803,732,1.0,1.0,0.8354827611698654,0.001366120218579235,0.006830601092896175,0.01366120218579235,3.0,4.0
emblematica:E011278,2803,713,1.0,1.0,0.8395538487213104,0.001402524544179523,0.0070126227208976155,0.014025245441795231,2.5,3.0
emblematica:E011279,2803,947,1.0,1.0,0.7898730582338132,0.0010559662090813093,0.005279831045406547,0.010559662090813094,28.5,3.0
emblematica:E011280,2803,724,1.0,1.0,0.8444576376413503,0.0013812154696132596,0.006906077348066298,0.013812154696132596,2.5,3.5
emblematica:E011281,2803,743,1.0,1.0,0.8138353834084262,0.0013458950201884253,0.006729475100942127,0.013458950201884253,7.0,4.0
emblematica:E011282,2803,754,1.0,1.0,0.7993388921983936,0.001326259946949602,0.006631299734748011,0.013262599469496022,15.0,3.0
emblematica:E011283,2803,727,0.9368077570869661,1.0,0.8515215781088498,0.001375515818431912,0.005502063273727648,0.012379642365887207,7.5,3.5
emblematica:E011284,2803,733,0.9368077570869661,1.0,0.8472533678407322,0.001364256480218281,0.005457025920873124,0.01227830832196453,4.0,3.5
emblematica:E011285,2803,815,0.7516061639261181,1.0,0.7807287827207513,0.001226993865030675,0.0049079754601227,0.006134969325153374,11.0,4.0
emblematica:E011286,2803,834,0.7516061639261181,1.0,0.7772231497483124,0.001199040767386091,0.004796163069544364,0.005995203836930456,25.5,4.0
emblematica:E011287,2803,776,1.0,1.0,0.8235161680864651,0.001288659793814433,0.006443298969072165,0.01288659793814433,15.0,3.5
emblematica:E011288,2803,984,1.0,1.0,0.7594560370445856,0.0010162601626016261,0.00508130081300813,0.01016260162601626,12.0,4.0
emblematica:E011289,2803,726,1.0,1.0,0.825924609665606,0.0013774104683195593,0.006887052341597796,0.013774104683195593,3.0,3.0
emblematica:E011290,2803,784,1.0,1.0,0.7981487275095811,0.0012755102040816326,0.006377551020408163,0.012755102040816327,8.0,4.0
emblematica:E011291,2803,759,1.0,1.0,0.7844017671880914,0.0013175230566534915,0.006587615283267457,0.011857707509881422,4.0,3.5
emblematica:E011292,2803,724,0.9575861412006987,1.0,0.8044463953498914,0.0013812154696132596,0.006906077348066298,0.012430939226519336,7.0,4.0
emblematica:E011293,2803,782,1.0,1.0,0.8007760233252457,0.0012787723785166241,0.00639386189258312,0.01278772378516624,16.0,3.0
emblematica:E011294,2803,782,1.0,1.0,0.8082145201567567,0.0012787723785166241,0.00639386189258312,0.01278772378516624,6.0,3.0
emblematica:E011295,2803,766,0.836179114306529,1.0,0.7888636022701149,0.0013054830287206266,0.005221932114882507,0.009138381201044387,7.5,3.0
emblematica:E011296,2803,746,0.836179114306529,1.0,0.7960424724768983,0.0013404825737265416,0.005361930294906166,0.00938337801608579,10.0,3.0
emblematica:E011297,2803,760,0.8943286401726791,1.0,0.8057605039960498,0.0013157894736842105,0.005263157894736842,0.010526315789473684,10.0,4.5
emblematica:E011298,2803,761,0.8943286401726791,1.0,0.8146201398955151,0.001314060446780552,0.005256241787122208,0.010512483574244415,12.0,4.0
emblematica:E011299,2803,869,0.9575861412006987,1.0,0.7628698418477137,0.0011507479861910242,0.005753739930955121,0.010356731875719217,3.0,3.0
emblematica:E011300,2803,776,0.9575861412006987,1.0,0.8018856563965934,0.001288659793814433,0.006443298969072165,0.011597938144329897,11.5,3.5
emblematica:E011301,2803,438,0.648924780272408,0.2,0.22273505333571877,0.0,0.00228310502283105,0.0045662100456621,4.0,4.0
emblematica:E011302,2803,768,0.8506629589898829,0.3333333333333333,0.7872152206906846,0.0,0.0026041666666666665,0.009114583333333334,16.0,3.0
emblematica:E011303,2803,764,0.9537125187088151,1.0,0.7853184473914921,0.0013089005235602095,0.006544502617801047,0.011780104712041885,2.0,3.0
emblematica:E011304,2803,777,0.9537125187088151,1.0,0.7780363226649764,0.001287001287001287,0.006435006435006435,0.011583011583011582,15.0,3.0
emblematica:E011305,2803,726,0.8988252059479763,1.0,0.8485671135401588,0.0013774104683195593,0.006887052341597796,0.011019283746556474,1.0,4.0
emblematica:E011306,2803,766,0.8988252059479763,1.0,0.8220798366718837,0.0013054830287206266,0.006527415143603133,0.010443864229765013,8.0,3.0
emblematica:E011307,2803,850,0.8108582970019786,0.5,0.7872824963692974,0.0,0.004705882352941176,0.009411764705882352,24.0,3.5
emblematica:E011308,2803,167,0.43250927056038174,0.1,0.1469728070500759,0.0,0.0,0.005988023952095809,2.0,4.0
emblematica:E011309,2803,179,0.6630931037085339,1.0,0.20198528790231912,0.00558659217877095,0.0111731843575419,0.0223463687150838,2.5,3.5
emblematica:E011310,2803,210,0.6630931037085339,1.0,0.17344490860166276,0.004761904761904762,0.009523809523809525,0.01904761904761905,4.5,3.0
emblematica:E011311,2803,742,0.9558305176970738,1.0,0.7943558124245033,0.0013477088948787063,0.006738544474393531,0.012129380053908356,13.0,3.0
emblematica:E011312,2803,816,0.9558305176970738,1.0,0.7703281915530953,0.0012254901960784314,0.006127450980392157,0.011029411764705883,3.0,3.0
emblematica:E011313,2803,711,0.9558305176970738,1.0,0.7919051550387364,0.0014064697609001407,0.007032348804500703,0.012658227848101266,2.5,3.0
emblematica:E011314,2803,711,0.9558305176970738,1.0,0.7919051550387364,0.0014064697609001407,0.007032348804500703,0.012658227848101266,2.5,3.0
emblematica:E011315,2803,726,0.9558305176970738,1.0,0.8222648504336861,0.0013774104683195593,0.006887052341597796,0.012396694214876033,6.0,3.0
emblematica:E011316,2803,713,0.9558305176970738,1.0,0.824588903353879,0.001402524544179523,0.0070126227208976155,0.012622720897615708,2.0,5.0
emblematica:E011317,2803,802,0.6129319999254654,1.0,0.7471104082271173,0.0012468827930174563,0.0012468827930174563,0.004987531172069825,17.0,3.0
emblematica:E011318,2803,785,0.6129319999254654,1.0,0.7633442582466532,0.0012738853503184713,0.0012738853503184713,0.005095541401273885,6.0,4.0
emblematica:E011319,2803,714,0.9008240627729515,1.0,0.8029731721392211,0.0014005602240896359,0.0056022408963585435,0.011204481792717087,3.0,3.0
emblematica:E011320,2803,955,0.9008240627729515,1.0,0.7496306763289596,0.0010471204188481676,0.004188481675392671,0.008376963350785341,5.0,3.0
emblematica:E011321,2803,758,0.9558305176970738,1.0,0.7902153457251729,0.0013192612137203166,0.006596306068601583,0.011873350923482849,20.0,3.0
emblematica:E011322,2803,727,0.9558305176970738,1.0,0.7968325966044949,0.001375515818431912,0.0068775790921595595,0.012379642365887207,3.0,3.0
emblematica:E011323,2803,715,1.0,1.0,0.7993630160047405,0.0013986013986013986,0.006993006993006993,0.013986013986013986,3.0,3.0
emblematica:E011324,2803,740,1.0,1.0,0.7844003974206867,0.0013513513513513514,0.006756756756756757,0.013513513513513514,4.5,3.5
emblematica:E011325,2803,711,1.0,1.0,0.8190394876700446,0.0014064697609001407,0.007032348804500703,0.014064697609001406,1.0,3.0
emblematica:E011326,2803,940,1.0,1.0,0.7690682075177065,0.0010638297872340426,0.005319148936170213,0.010638297872340425,18.0,3.5
emblematica:E011327,2803,733,0.9477344873475497,1.0,0.8037610735545762,0.001364256480218281,0.0068212824010914054,0.01227830832196453,6.0,3.0
emblematica:E011328,2803,742,0.9477344873475497,1.0,0.8043205509780671,0.0013477088948787063,0.006738544474393531,0.012129380053908356,6.0,4.0
emblematica:E011329,2803,936,1.0,1.0,0.7839456694817801,0.0010683760683760685,0.005341880341880342,0.010683760683760684,4.0,3.0
emblematica:E011330,2803,760,1.0,1.0,0.8189733278459127,0.0013157894736842105,0.006578947368421052,0.013157894736842105,11.0,3.0
emblematica:E011331,2803,775,0.9266360779006398,1.0,0.8058138319011023,0.0012903225806451613,0.005161290322580645,0.011612903225806452,15.0,3.0
emblematica:E011332,2803,713,0.9266360779006398,1.0,0.8252495048958156,0.001402524544179523,0.005610098176718092,0.012622720897615708,2.5,3.0
emblematica:E011333,2803,938,0.6281463961586753,1.0,0.7439604626533161,0.0010660980810234541,0.0021321961620469083,0.0042643923240938165,4.0,3.5
emblematica:E011334,2803,748,0.5975780952839419,1.0,0.7699166007754159,0.001336898395721925,0.00267379679144385,0.004010695187165776,12.0,3.0
emblematica:E011335,2803,719,0.7851518339186968,1.0,0.7781311342765083,0.0013908205841446453,0.004172461752433936,0.009735744089012517,3.0,3.5
emblematica:E011336,2803,738,0.8585157560180569,1.0,0.7773047364594122,0.0013550135501355014,0.0040650406504065045,0.009485094850948509,3.0,3.0
emblematica:E011337,2803,737,0.7916472565189691,1.0,0.7942595518155356,0.0013568521031207597,0.004070556309362279,0.009497964721845319,3.5,3.5
emblematica:E011338,2803,730,0.8340611153182702,1.0,0.7914187057593554,0.0013698630136986301,0.00410958904109589,0.009589041095890411,12.0,4.0
emblematica:E011339,2803,918,0.8800456786592188,1.0,0.7414840097387237,0.0010893246187363835,0.0032679738562091504,0.008714596949891068,22.0,3.0
emblematica:E011340,2803,746,0.8800456786592188,1.0,0.8179333756297834,0.0013404825737265416,0.004021447721179625,0.010723860589812333,8.0,3.0
emblematica:E011341,2803,723,0.9575861412006987,1.0,0.8118692639781371,0.0013831258644536654,0.006915629322268326,0.012448132780082987,1.0,3.0
emblematica:E011342,2803,759,0.9575861412006987,1.0,0.8010511823111168,0.0013175230566534915,0.006587615283267457,0.011857707509881422,18.0,3.0
emblematica:E011351,2803,274,1.0,1.0,0.1739623848432387,0.0036496350364963502,0.01824817518248175,0.0364963503649635,28.0,4.0
emblematica:E011353,2803,248,0.9558305176970738,1.0,0.15679902652932307,0.004032258064516129,0.020161290322580645,0.036290322580645164,13.0,4.0
emblematica:E011354,2803,303,0.9074250374176303,1.0,0.2019214930245446,0.0033003300330033004,0.013201320132013201,0.0297029702970297,13.0,4.0
emblematica:E011355,2803,425,0.8532721558012798,0.5,0.2234272185353562,0.0,0.009411764705882352,0.021176470588235293,11.0,4.0
emblematica:E011357,2803,322,1.0,1.0,0.18539677653610495,0.003105590062111801,0.015527950310559006,0.031055900621118012,25.5,3.5
emblematica:E011358,2803,84,0.42801270478508463,0.16666666666666666,0.0368211795852327,0.0,0.0,0.023809523809523808,1.0,5.0
emblematica:E011360,2803,157,0.9074250374176303,1.0,0.16831646203444303,0.006369426751592357,0.025477707006369428,0.05732484076433121,12.0,4.0
emblematica:E011361,2803,351,1.0,1.0,0.21149682969701042,0.002849002849002849,0.014245014245014245,0.02849002849002849,13.0,4.0
emblematica:E011362,2803,345,0.44236092441353086,0.2,0.15010850599824163,0.0,0.002898550724637681,0.005797101449275362,7.5,4.0
emblematica:E011364,2803,361,0.8039369346935541,1.0,0.1912174348571444,0.002770083102493075,0.0110803324099723,0.01662049861495845,9.0,4.0
emblematica:E011365,2803,228,0.9432379215722525,1.0,0.1750292232619052,0.0043859649122807015,0.017543859649122806,0.039473684210526314,11.5,3.5
emblematica:E011367,2803,199,1.0,1.0,0.18410804346976306,0.005025125628140704,0.02512562814070352,0.05025125628140704,7.0,4.0
emblematica:E011368,2803,441,0.9368077570869661,1.0,0.19756023429522457,0.0022675736961451248,0.009070294784580499,0.02040816326530612,15.0,3.5
emblematica:E011369,2803,158,1.0,1.0,0.19049301394528997,0.006329113924050633,0.03164556962025317,0.06329113924050633,13.0,3.0
emblematica:E011370,2803,284,0.9575861412006987,1.0,0.21289073360279,0.0035211267605633804,0.017605633802816902,0.03169014084507042,11.5,4.0
emblematica:E011373,2803,212,0.9510907186004266,1.0,0.16506471798265748,0.0047169811320754715,0.02358490566037736,0.04245283018867924,5.5,4.0
emblematica:E011376,2803,298,1.0,1.0,0.21697498636521534,0.003355704697986577,0.016778523489932886,0.03355704697986577,8.5,4.0
emblematica:E011377,2803,556,0.9074250374176303,1.0,0.21295910140939373,0.0017985611510791368,0.007194244604316547,0.01618705035971223,13.0,4.0
emblematica:E011378,2803,426,0.7979453132134116,1.0,0.203696951015509,0.002347417840375587,0.007042253521126761,0.01643192488262911,9.0,4.0
emblematica:E011380,2803,571,1.0,1.0,0.23321766080918976,0.0017513134851138354,0.008756567425569177,0.017513134851138354,17.0,4.0
emblematica:E011382,2803,137,0.9432379215722525,1.0,0.2149298266150637,0.0072992700729927005,0.029197080291970802,0.06569343065693431,7.0,4.0
emblematica:E011383,2803,325,0.9266360779006398,1.0,0.20429760919770584,0.003076923076923077,0.012307692307692308,0.027692307692307693,11.0,4.0
emblematica:E011385,2803,159,0.9049973629874902,1.0,0.15199924066157783,0.006289308176100629,0.025157232704402517,0.050314465408805034,4.0,4.0
emblematica:E011386,2803,394,0.9074250374176303,1.0,0.20777836192363303,0.0025380710659898475,0.01015228426395939,0.02284263959390863,7.0,4.0
emblematica:E011617,2803,459,0.38224261473290666,0.14285714285714285,0.16281982493921096,0.0,0.0,0.002178649237472767,16.0,4.0
emblematica:E011618,2803,337,0.44414115143650856,0.3333333333333333,0.12017872879042524,0.0,0.002967359050445104,0.002967359050445104,47.0,4.0
emblematica:E011619,2803,71,0.35647707397892575,0.09090909090909091,0.026966447751840844,0.0,0.0,0.0,8.0,5.0
emblematica:E011620,2803,243,0.3333333333333333,0.0625,0.08049000239611102,0.0,0.0,0.0,12.0,4.0
emblematica:E011621,2803,243,0.6522810115252848,1.0,0.16225444586408555,0.00411522633744856,0.012345679012345678,0.01646090534979424,19.0,5.5
emblematica:E011622,2803,268,0.694694870324586,1.0,0.12666086211516553,0.0037313432835820895,0.011194029850746268,0.018656716417910446,18.0,5.0
emblematica:E011623,2803,227,0.5481814994146365,0.5,0.10948808854981873,0.0,0.00881057268722467,0.013215859030837005,8.0,2.5
emblematica:E012158,2803,375,0.3333333333333333,0.07142857142857142,0.17123847581753834,0.0,0.0,0.0,9.0,5.0
emblematica:E012159,2803,318,0.3333333333333333,0.041666666666666664,0.14690529702071903,0.0,0.0,0.0,4.0,5.0
emblematica:E012160,2803,77,0.39652557624636714,0.25,0.042950908223936456,0.0,0.012987012987012988,0.012987012987012988,4.0,5.5
emblematica:E012161,2803,0,1.0,,,,,,1.0,2.0
emblematica:E012162,2803,0,1.0,,,,,,1.0,2.0
emblematica:E012163,2803,0,1.0,,,,,,1.0,2.0
emblematica:E012164,2803,0,1.0,,,,,,1.0,2.0
emblematica:E012165,2803,0,1.0,,,,,,1.0,2.0
emblematica:E012166,2803,0,1.0,,,,,,1.0,2.0
emblematica:E012167,2803,0,1.0,,,,,,1.0,2.0
emblematica:E012168,2803,0,1.0,,,,,,1.0,2.0
emblematica:E012169,2803,0,1.0,,,,,,1.0,2.0
emblematica:E012170,2803,0,1.0,,,,,,1.0,2.0
emblematica:E012171,2803,0,1.0,,,,,,1.0,2.0
emblematica:E012172,2803,0,1.0,,,,,,1.0,2.0
emblematica:E012173,2803,0,1.0,,,,,,1.0,2.0
emblematica:E012174,2803,0,1.0,,,,,,1.0,2.0
emblematica:E012175,2803,0,1.0,,,,,,1.0,2.0
emblematica:E012176,2803,0,1.0,,,,,,1.0,2.0
emblematica:E012177,2803,0,1.0,,,,,,1.0,2.0
emblematica:E012178,2803,0,1.0,,,,,,1.0,2.0
emblematica:E012179,2803,0,1.0,,,,,,1.0,2.0
emblematica:E012180,2803,0,1.0,,,,,,1.0,2.0
emblematica:E012181,2803,0,1.0,,,,,,1.0,2.0
emblematica:E012182,2803,0,1.0,,,,,,1.0,2.0
emblematica:E012183,2803,0,1.0,,,,,,1.0,2.0
emblematica:E012184,2803,0,1.0,,,,,,1.0,2.0
emblematica:E012185,2803,0,1.0,,,,,,1.0,2.0
emblematica:E012186,2803,0,1.0,,,,,,1.0,2.0
emblematica:E012187,2803,0,1.0,,,,,,1.0,2.0
emblematica:E012188,2803,0,1.0,,,,,,1.0,2.0
emblematica:E012189,2803,0,1.0,,,,,,1.0,2.0
emblematica:E012190,2803,0,1.0,,,,,,1.0,2.0
emblematica:E012191,2803,0,1.0,,,,,,1.0,2.0
emblematica:E012192,2803,0,1.0,,,,,,1.0,2.0
emblematica:E016791,2803,448,0.8468029266168764,1.0,0.25940029036768236,0.002232142857142857,0.008928571428571428,0.015625,12.0,4.0
emblematica:E016792,2803,153,0.3439367980331586,0.024390243902439025,0.07300071119273747,0.0,0.0,0.0,10.0,3.0
emblematica:E016793,2803,427,0.6318230150752979,0.5,0.24456358457464222,0.0,0.00468384074941452,0.0117096018735363,10.0,4.0
emblematica:E016795,2803,329,0.41221842660464797,0.1111111111111111,0.1212920229074342,0.0,0.0,0.00303951367781155,12.5,4.0
emblematica:E016796,2803,522,0.38559884598578353,0.16666666666666666,0.20812991567992592,0.0,0.0,0.0019157088122605363,21.0,4.0
emblematica:E016797,2803,249,0.41991667443556047,0.1111111111111111,0.08313655528589349,0.0,0.0,0.008032128514056224,20.0,4.0
emblematica:E016802,2803,394,0.3230692122404834,0.05555555555555555,0.137788597915742,0.0,0.0,0.0,14.0,4.0
emblematica:E017330,2803,184,0.7245949812329286,1.0,0.09725511861997813,0.005434782608695652,0.016304347826086956,0.02717391304347826,10.0,3.5
emblematica:E017331,2803,36,0.6215454215139965,1.0,0.08131293934371174,0.027777777777777776,0.05555555555555555,0.08333333333333333,8.0,4.0
emblematica:E017332,2803,32,0.6215454215139965,1.0,0.08991056826922127,0.03125,0.0625,0.09375,3.0,3.5
emblematica:E017333,2803,73,0.3333333333333333,0.041666666666666664,0.03359691906485107,0.0,0.0,0.0,21.0,4.0
emblematica:E017334,2803,174,0.7167159907888859,0.5,0.10574204669884757,0.0,0.011494252873563218,0.040229885057471264,6.5,3.0
emblematica:E017335,2803,204,0.6215192280981277,0.5,0.09391287930999669,0.0,0.00980392156862745,0.024509803921568627,10.0,4.0
emblematica:E017336,2803,193,0.7791738025574314,1.0,0.09281757572982464,0.0051813471502590676,0.02072538860103627,0.031088082901554404,7.0,3.0
emblematica:E017337,2803,231,0.8525377246567915,1.0,0.11023046416003224,0.004329004329004329,0.021645021645021644,0.030303030303030304,39.0,4.0
emblematica:E017338,2803,245,0.8525377246567915,1.0,0.11118364885068367,0.004081632653061225,0.02040816326530612,0.02857142857142857,14.0,5.0
emblematica:E017339,2803,166,0.5458626172564842,0.5,0.06551428344993387,0.0,0.018072289156626505,0.018072289156626505,26.0,4.0
emblematica:E017340,2803,170,0.7139059108075956,0.5,0.09307264171366486,0.0,0.023529411764705882,0.03529411764705882,7.0,4.0
emblematica:E017341,2803,303,0.8606337550063157,1.0,0.1367488805328766,0.0033003300330033004,0.0165016501650165,0.0231023102310231,35.5,5.0
emblematica:E017342,2803,147,0.6925904614552042,1.0,0.07548389895235727,0.006802721088435374,0.027210884353741496,0.027210884353741496,3.0,4.0
emblematica:E017343,2803,166,0.6925904614552042,1.0,0.07831309485022854,0.006024096385542169,0.024096385542168676,0.024096385542168676,6.0,4.5
emblematica:E017344,2803,185,0.6925904614552042,1.0,0.084395520012877,0.005405405405405406,0.021621621621621623,0.021621621621621623,7.5,3.5
emblematica:E017345,2803,113,0.5868266597213599,1.0,0.07901085413300958,0.008849557522123894,0.017699115044247787,0.017699115044247787,3.0,3.0
emblematica:E017346,2803,114,0.5868266597213599,1.0,0.08010972829621955,0.008771929824561403,0.017543859649122806,0.017543859649122806,3.0,3.0
emblematica:E017347,2803,113,0.5868266597213599,1.0,0.07901085413300958,0.008849557522123894,0.017699115044247787,0.017699115044247787,3.0,3.0
emblematica:E017348,2803,21,0.5726361401144231,1.0,0.10127352033854771,0.047619047619047616,0.09523809523809523,0.09523809523809523,7.0,5.5
emblematica:E017349,2803,18,0.5726361401144231,1.0,0.11681214993411206,0.05555555555555555,0.1111111111111111,0.1111111111111111,5.0,3.5
emblematica:E017350,2803,64,0.618923621405608,1.0,0.07269158901794333,0.015625,0.03125,0.046875,7.0,4.5
emblematica:E017351,2803,3,0.7350717314026488,0.025,0.02430846283672709,0.0,0.0,0.0,1.0,3.0
emblematica:E017352,2803,11,0.5726361401144231,0.5,0.04892091356521975,0.0,0.09090909090909091,0.09090909090909091,1.5,3.5
emblematica:E017353,2803,27,0.5726361401144231,0.5,0.0303133712771219,0.0,0.037037037037037035,0.037037037037037035,3.0,5.0
emblematica:E017354,2803,189,0.3333333333333333,0.03333333333333333,0.06411684876792573,0.0,0.0,0.0,29.0,5.0
emblematica:E017355,2803,28,0.3333333333333333,0.03571428571428571,0.01880617833053878,0.0,0.0,0.0,3.0,4.0
emblematica:E017356,2803,218,0.3333333333333333,0.05555555555555555,0.1049858425836479,0.0,0.0,0.0,4.0,6.0
emblematica:E017357,2803,37,0.5726361401144231,1.0,0.06287270442138693,0.02702702702702703,0.05405405405405406,0.05405405405405406,4.5,4.0
emblematica:E017358,2803,58,0.5726361401144231,1.0,0.054561666953350726,0.017241379310344827,0.034482758620689655,0.034482758620689655,4.0,5.0
emblematica:E017359,2803,191,0.7411968249045413,1.0,0.08622005795140733,0.005235602094240838,0.015706806282722512,0.02617801047120419,3.0,4.0
emblematica:E017360,2803,23,0.5726361401144231,1.0,0.10520246650044114,0.043478260869565216,0.08695652173913043,0.08695652173913043,5.5,2.0
emblematica:E017361,2803,161,0.6592194812166503,1.0,0.08661983994661662,0.006211180124223602,0.012422360248447204,0.024844720496894408,4.0,4.0
emblematica:E017362,2803,187,0.6960850500524524,1.0,0.10112649090155998,0.0053475935828877,0.0106951871657754,0.0213903743315508,7.0,4.0
emblematica:E017363,2803,284,0.5726361401144231,1.0,0.13306531902889918,0.0035211267605633804,0.007042253521126761,0.007042253521126761,14.5,4.0
emblematica:E017364,2803,234,0.6293982185421705,1.0,0.126424558409499,0.004273504273504274,0.01282051282051282,0.01282051282051282,14.0,5.0
emblematica:E017365,2803,306,0.5726361401144231,1.0,0.13921816465562198,0.0032679738562091504,0.006535947712418301,0.006535947712418301,21.0,4.0
emblematica:E017498,2803,97,0.9182293066898518,1.0,0.4456886191600166,0.010309278350515464,0.041237113402061855,0.08247422680412371,2.0,2.0
emblematica:E017499,2803,139,0.9510907186004266,1.0,0.3476311071663788,0.007194244604316547,0.03597122302158273,0.06474820143884892,2.0,3.0
emblematica:E017500,2803,198,0.968189605900524,1.0,0.2972634084273972,0.005050505050505051,0.025252525252525252,0.045454545454545456,7.0,3.0
emblematica:E017501,2803,127,1.0,1.0,0.39613456528955004,0.007874015748031496,0.03937007874015748,0.07874015748031496,8.5,2.5
emblematica:E017502,2803,130,1.0,1.0,0.4127899411550496,0.007692307692307693,0.038461538461538464,0.07692307692307693,7.0,3.0
emblematica:E017503,2803,147,1.0,1.0,0.36042778267553366,0.006802721088435374,0.034013605442176874,0.06802721088435375,9.0,3.0
emblematica:E017504,2803,344,1.0,1.0,0.25275741245745514,0.0029069767441860465,0.014534883720930232,0.029069767441860465,3.5,3.0
emblematica:E017505,2803,161,0.7451926227335312,0.5,0.2922304023388842,0.0,0.018633540372670808,0.043478260869565216,12.0,3.0
emblematica:E017506,2803,92,1.0,1.0,0.5335895286260155,0.010869565217391304,0.05434782608695652,0.10869565217391304,2.0,3.0
emblematica:E017507,2803,233,1.0,1.0,0.3004653172746875,0.004291845493562232,0.02145922746781116,0.04291845493562232,9.5,3.5
emblematica:E017508,2803,155,0.9668728882728055,1.0,0.38227630534268325,0.0064516129032258064,0.03225806451612903,0.05806451612903226,1.0,2.5
emblematica:E017509,2803,162,0.9652843890316114,1.0,0.32520667254256247,0.006172839506172839,0.030864197530864196,0.05555555555555555,7.0,3.0
emblematica:E017510,2803,191,0.9526058178152246,1.0,0.3206705695244372,0.005235602094240838,0.020942408376963352,0.04712041884816754,8.5,3.0
emblematica:E017511,2803,96,0.9256180470797136,1.0,0.4602760225490479,0.010416666666666666,0.041666666666666664,0.08333333333333333,4.5,3.5
emblematica:E017512,2803,403,1.0,1.0,0.2316724837622275,0.0024813895781637717,0.01240694789081886,0.02481389578163772,4.0,3.0
emblematica:E017513,2803,172,0.8899541168509599,0.5,0.3281313933485811,0.0,0.023255813953488372,0.05232558139534884,7.5,3.0
emblematica:E017514,2803,158,1.0,1.0,0.36716320709028505,0.006329113924050633,0.03164556962025317,0.06329113924050633,2.5,3.0
emblematica:E017515,2803,153,0.8313763541857766,1.0,0.21921089790528725,0.006535947712418301,0.0196078431372549,0.0457516339869281,5.0,3.0
emblematica:E017516,2803,184,1.0,1.0,0.33497104034459124,0.005434782608695652,0.02717391304347826,0.05434782608695652,7.5,2.5
emblematica:E017517,2803,232,0.9432379215722525,1.0,0.3066071783046078,0.004310344827586207,0.017241379310344827,0.03879310344827586,1.0,3.0
emblematica:E017518,2803,299,1.0,1.0,0.30672714467826534,0.0033444816053511705,0.016722408026755852,0.033444816053511704,6.0,3.0
emblematica:E017519,2803,119,0.9112986599095139,1.0,0.421071128990213,0.008403361344537815,0.04201680672268908,0.06722689075630252,2.0,3.0
emblematica:E017520,2803,177,1.0,1.0,0.3529206939506868,0.005649717514124294,0.02824858757062147,0.05649717514124294,1.0,3.0
emblematica:E017521,2803,461,1.0,1.0,0.3347241673431898,0.0021691973969631237,0.010845986984815618,0.021691973969631236,13.0,3.0
emblematica:E017522,2803,210,1.0,1.0,0.3016416651680559,0.004761904761904762,0.023809523809523808,0.047619047619047616,5.0,3.0
emblematica:E017523,2803,188,1.0,1.0,0.3224730840518674,0.005319148936170213,0.026595744680851064,0.05319148936170213,4.0,3.0
emblematica:E017524,2803,229,1.0,1.0,0.3125632166488242,0.004366812227074236,0.021834061135371178,0.043668122270742356,4.0,2.0
emblematica:E017525,2803,207,0.9305687780632227,1.0,0.3194938655470793,0.004830917874396135,0.01932367149758454,0.043478260869565216,11.0,3.0
emblematica:E017526,2803,107,1.0,1.0,0.36620407147384565,0.009345794392523364,0.04672897196261682,0.09345794392523364,1.0,3.0
emblematica:E017527,2803,318,0.9652843890316114,1.0,0.27912413944534253,0.0031446540880503146,0.015723270440251572,0.02830188679245283,7.0,3.0
emblematica:E017528,2803,180,0.9668728882728055,1.0,0.3286004837573867,0.005555555555555556,0.027777777777777776,0.05,5.0,3.0
emblematica:E017529,2803,279,1.0,1.0,0.28124822107000924,0.0035842293906810036,0.017921146953405017,0.035842293906810034,2.5,3.0
emblematica:E017530,2803,69,0.4877726796501066,0.05,0.04617436295829089,0.0,0.0,0.0,1.0,3.0
emblematica:E017531,2803,138,0.9652843890316114,1.0,0.38412761024610315,0.007246376811594203,0.036231884057971016,0.06521739130434782,2.0,3.0
emblematica:E017532,2803,289,1.0,1.0,0.3097222117970135,0.0034602076124567475,0.01730103806228374,0.03460207612456748,13.0,3.0
emblematica:E017533,2803,201,1.0,1.0,0.325840239303036,0.004975124378109453,0.024875621890547265,0.04975124378109453,7.0,3.0
emblematica:E017534,2803,139,0.9633180389503199,1.0,0.37231454425771304,0.007194244604316547,0.03597122302158273,0.06474820143884892,1.5,2.5
emblematica:E017535,2803,248,1.0,1.0,0.28472544232629676,0.004032258064516129,0.020161290322580645,0.04032258064516129,9.0,3.0
emblematica:E017536,2803,212,1.0,1.0,0.323281163631516,0.0047169811320754715,0.02358490566037736,0.04716981132075472,4.0,3.0
emblematica:E017537,2803,448,0.968189605900524,1.0,0.2781879933668032,0.002232142857142857,0.011160714285714286,0.020089285714285716,11.5,3.0
emblematica:E017538,2803,166,1.0,1.0,0.3621310744011772,0.006024096385542169,0.030120481927710843,0.060240963855421686,6.5,3.0
emblematica:E017539,2803,166,1.0,1.0,0.3485390642734166,0.006024096385542169,0.030120481927710843,0.060240963855421686,2.0,3.0
emblematica:E017540,2803,162,1.0,1.0,0.35185660501887067,0.006172839506172839,0.030864197530864196,0.06172839506172839,7.5,3.0
emblematica:E017541,2803,149,1.0,1.0,0.3717935008251286,0.006711409395973154,0.03355704697986577,0.06711409395973154,1.0,3.0
emblematica:E017542,2803,188,0.9668728882728055,1.0,0.24272979719816107,0.005319148936170213,0.026595744680851064,0.047872340425531915,1.5,3.5
emblematica:E017543,2803,150,1.0,1.0,0.37258283054429325,0.006666666666666667,0.03333333333333333,0.06666666666666667,2.5,2.5
emblematica:E017544,2803,161,0.9668728882728055,1.0,0.3582875224477485,0.006211180124223602,0.031055900621118012,0.055900621118012424,3.0,3.0
emblematica:E017545,2803,169,1.0,1.0,0.35573198243270143,0.005917159763313609,0.029585798816568046,0.05917159763313609,9.0,3.0
emblematica:E017546,2803,151,0.8285399441463156,1.0,0.23161547132447194,0.006622516556291391,0.026490066225165563,0.046357615894039736,12.5,3.0
emblematica:E017547,2803,175,1.0,1.0,0.34760276087572184,0.005714285714285714,0.02857142857142857,0.05714285714285714,2.0,3.0
emblematica:E018847,2803,285,0.3333333333333333,0.08333333333333333,0.10024862893934482,0.0,0.0,0.0,6.0,4.0
emblematica:E018848,2803,289,0.38224261473290666,0.14285714285714285,0.10966555180365312,0.0,0.0,0.0034602076124567475,6.5,5.0
emblematica:E018849,2803,0,1.0,,,,,,1.0,3.5
emblematica:E018850,2803,141,0.3333333333333333,0.04,0.045714100515041885,0.0,0.0,0.0,6.0,3.0
emblematica:E018851,2803,231,0.3900954117610806,0.2,0.12724000525499735,0.0,0.004329004329004329,0.004329004329004329,21.0,4.0
emblematica:E018852,2803,15,0.3333333333333333,0.007142857142857143,0.00869460604840272,0.0,0.0,0.0,2.5,3.5
emblematica:E018853,2803,305,0.42677737281076067,0.2,0.08375858430274206,0.0,0.003278688524590164,0.003278688524590164,15.0,2.0
emblematica:E018854,2803,157,0.3333333333333333,0.03571428571428571,0.04938481290619705,0.0,0.0,0.0,5.0,4.0
emblematica:E018855,2803,211,0.40669725543269336,0.3333333333333333,0.1546177193906993,0.0,0.004739336492890996,0.004739336492890996,7.5,3.5
emblematica:E018856,2803,51,0.3333333333333333,0.025,0.013744409774097651,0.0,0.0,0.0,7.5,3.5
emblematica:E018857,2803,149,0.37574719213263447,0.1,0.06857832601029079,0.0,0.0,0.006711409395973154,10.0,3.5
emblematica:E018858,2803,11,0.4852921744518388,0.2,0.14642218715884897,0.0,0.09090909090909091,0.2727272727272727,1.0,3.0
emblematica:E018859,2803,111,0.35167431385817327,0.058823529411764705,0.048939901718281324,0.0,0.0,0.0,12.5,3.5
emblematica:E018860,2803,13,0.5418698526013167,0.25,0.1989323027336565,0.0,0.07692307692307693,0.3076923076923077,2.0,3.0
emblematica:E018861,2803,42,0.4487910888988174,0.25,0.07698449844088777,0.0,0.023809523809523808,0.047619047619047616,6.0,4.0
emblematica:E018862,2803,214,0.46979705643920355,0.3333333333333333,0.09148159144450405,0.0,0.004672897196261682,0.004672897196261682,3.5,3.5
emblematica:E018863,2803,283,0.47219577720688777,0.5,0.08690031833800295,0.0,0.0035335689045936395,0.007067137809187279,2.5,3.5
emblematica:E018864,2803,15,0.43638289305226546,0.2,0.1089282606912464,0.0,0.06666666666666667,0.13333333333333333,3.0,3.0
emblematica:E018865,2803,44,0.5317605312396823,0.25,0.07395924067163041,0.0,0.022727272727272728,0.06818181818181818,7.5,3.5
emblematica:E018866,2803,69,0.5289704589316268,1.0,0.05320676541881772,0.014492753623188406,0.014492753623188406,0.028985507246376812,12.0,3.5
emblematica:E018867,2803,132,0.48754869878529933,0.3333333333333333,0.06742646648799983,0.0,0.007575757575757576,0.015151515151515152,11.5,4.0
emblematica:E018868,2803,271,0.3333333333333333,0.047619047619047616,0.07235675293051234,0.0,0.0,0.0,1.0,3.5
emblematica:E018869,2803,23,0.3333333333333333,0.02564102564102564,0.010481418484440716,0.0,0.0,0.0,5.0,4.0
emblematica:E018870,2803,93,0.5687625176225394,1.0,0.06729398437152861,0.010752688172043012,0.010752688172043012,0.03225806451612903,13.0,4.0
emblematica:E018871,2803,262,1.0,1.0,0.3393892128373313,0.003816793893129771,0.019083969465648856,0.03816793893129771,15.0,5.0
emblematica:E018872,2803,245,1.0,1.0,0.37980423059973517,0.004081632653061225,0.02040816326530612,0.04081632653061224,16.0,3.0
emblematica:E018873,2803,191,0.8590331472570637,1.0,0.26696474952814425,0.005235602094240838,0.02617801047120419,0.03664921465968586,3.5,4.5
emblematica:E018874,2803,323,1.0,1.0,0.40796825952714544,0.0030959752321981426,0.015479876160990712,0.030959752321981424,32.0,4.0
emblematica:E018875,2803,256,1.0,1.0,0.4395541220785117,0.00390625,0.01953125,0.0390625,5.0,4.5
emblematica:E018876,2803,249,1.0,1.0,0.42936743391212323,0.004016064257028112,0.020080321285140562,0.040160642570281124,2.5,5.0
emblematica:E018877,2803,216,1.0,1.0,0.3790089225568333,0.004629629629629629,0.023148148148148147,0.046296296296296294,10.5,4.0
emblematica:E018878,2803,184,1.0,1.0,0.37355964741868336,0.005434782608695652,0.02717391304347826,0.05434782608695652,2.5,6.0
emblematica:E018879,2803,205,1.0,1.0,0.442806555042998,0.004878048780487805,0.024390243902439025,0.04878048780487805,8.0,5.0
emblematica:E018880,2803,203,1.0,1.0,0.47295175377826,0.0049261083743842365,0.024630541871921183,0.04926108374384237,3.0,3.0
emblematica:E018881,2803,219,1.0,1.0,0.4993777844951582,0.0045662100456621,0.0228310502283105,0.045662100456621,16.0,4.0
emblematica:E018882,2803,227,1.0,1.0,0.4220913129992055,0.004405286343612335,0.022026431718061675,0.04405286343612335,12.5,5.0
emblematica:E018883,2803,283,1.0,1.0,0.22586645760697682,0.0035335689045936395,0.0176678445229682,0.0353356890459364,17.0,4.0
emblematica:E018884,2803,217,1.0,1.0,0.38327277925959785,0.004608294930875576,0.02304147465437788,0.04608294930875576,4.5,4.5
emblematica:E018885,2803,201,0.9266360779006398,1.0,0.40531718803567696,0.004975124378109453,0.01990049751243781,0.04477611940298507,10.0,3.0
emblematica:E018886,2803,298,1.0,1.0,0.3799564029423696,0.003355704697986577,0.016778523489932886,0.03355704697986577,27.5,3.5
emblematica:E018887,2803,243,1.0,1.0,0.16789942629625612,0.00411522633744856,0.0205761316872428,0.0411522633744856,13.0,4.0
emblematica:E018888,2803,240,1.0,1.0,0.2909365155838314,0.004166666666666667,0.020833333333333332,0.041666666666666664,18.0,4.5
emblematica:E018889,2803,302,1.0,1.0,0.3876848418790812,0.0033112582781456954,0.016556291390728478,0.033112582781456956,24.5,3.5
emblematica:E018890,2803,193,1.0,1.0,0.5414178301675252,0.0051813471502590676,0.025906735751295335,0.05181347150259067,3.0,5.0
emblematica:E018891,2803,293,1.0,1.0,0.34730144112728695,0.0034129692832764505,0.017064846416382253,0.034129692832764506,17.0,3.0
emblematica:E018892,2803,235,1.0,1.0,0.43981818385146904,0.00425531914893617,0.02127659574468085,0.0425531914893617,11.0,4.0
emblematica:E018893,2803,217,0.9035650050446237,1.0,0.27445006281441925,0.004608294930875576,0.02304147465437788,0.03686635944700461,6.0,4.0
emblematica:E018894,2803,211,1.0,1.0,0.49274596183200414,0.004739336492890996,0.023696682464454975,0.04739336492890995,13.0,4.0
emblematica:E018895,2803,200,0.9432379215722525,1.0,0.3444648655161518,0.005,0.02,0.045,10.5,4.0
emblematica:E018896,2803,302,1.0,1.0,0.4605791602166478,0.0033112582781456954,0.016556291390728478,0.033112582781456956,18.5,4.5
emblematica:E018897,2803,209,1.0,1.0,0.5109981221093662,0.004784688995215311,0.023923444976076555,0.04784688995215311,4.0,4.0
emblematica:E018898,2803,269,1.0,1.0,0.44554125726037447,0.0037174721189591076,0.01858736059479554,0.03717472118959108,6.0,3.0
emblematica:E018899,2803,208,1.0,1.0,0.5319026704645107,0.004807692307692308,0.02403846153846154,0.04807692307692308,6.5,3.5
emblematica:E018900,2803,216,1.0,1.0,0.5001243496581761,0.004629629629629629,0.023148148148148147,0.046296296296296294,16.0,3.0
emblematica:E018901,2803,230,1.0,1.0,0.5179797739297884,0.004347826086956522,0.021739130434782608,0.043478260869565216,8.0,4.0
emblematica:E018902,2803,203,1.0,1.0,0.5105052783622162,0.0049261083743842365,0.024630541871921183,0.04926108374384237,3.0,4.0
emblematica:E018903,2803,231,0.9510907186004266,1.0,0.4556070479188337,0.004329004329004329,0.021645021645021644,0.03896103896103896,13.5,5.0
emblematica:E018904,2803,216,0.8532721558012798,0.5,0.46424604123047075,0.0,0.018518518518518517,0.041666666666666664,3.0,4.0
emblematica:E018905,2803,195,0.9432379215722525,1.0,0.513684802928156,0.005128205128205128,0.020512820512820513,0.046153846153846156,3.0,4.0
emblematica:E018906,2803,200,0.9074250374176303,1.0,0.4856187567024736,0.005,0.02,0.045,5.5,3.5
emblematica:E018907,2803,361,0.9575861412006987,1.0,0.3765507227838438,0.002770083102493075,0.013850415512465374,0.024930747922437674,23.0,4.0
emblematica:E018908,2803,192,1.0,1.0,0.5521404775812624,0.005208333333333333,0.026041666666666668,0.052083333333333336,3.5,3.5
emblematica:E018909,2803,319,0.9266360779006398,1.0,0.4002150866784681,0.003134796238244514,0.012539184952978056,0.02821316614420063,12.0,4.0
emblematica:E018910,2803,188,1.0,1.0,0.5417786641109329,0.005319148936170213,0.026595744680851064,0.05319148936170213,2.0,5.0
emblematica:E018911,2803,190,1.0,1.0,0.5579808168209353,0.005263157894736842,0.02631578947368421,0.05263157894736842,3.0,6.0
emblematica:E018912,2803,200,1.0,1.0,0.48556129583003177,0.005,0.025,0.045,2.5,3.0
emblematica:E018913,2803,198,0.9432379215722525,1.0,0.5238125843415512,0.005050505050505051,0.020202020202020204,0.045454545454545456,8.5,4.0
emblematica:E018914,2803,269,1.0,1.0,0.46692184529512254,0.0037174721189591076,0.01858736059479554,0.03717472118959108,4.5,4.0
emblematica:E018915,2803,226,1.0,1.0,0.4986871062496317,0.004424778761061947,0.022123893805309734,0.04424778761061947,21.0,4.0
emblematica:E018916,2803,258,1.0,1.0,0.45956962699548654,0.003875968992248062,0.01937984496124031,0.03875968992248062,23.5,4.5
emblematica:E018917,2803,207,1.0,1.0,0.5425807045609998,0.004830917874396135,0.024154589371980676,0.04830917874396135,5.0,5.0
emblematica:E018918,2803,188,1.0,1.0,0.5653724840822466,0.005319148936170213,0.026595744680851064,0.05319148936170213,1.5,5.0
emblematica:E018919,2803,217,1.0,1.0,0.47635551242478175,0.004608294930875576,0.02304147465437788,0.04608294930875576,16.0,3.0
emblematica:E018920,2803,198,0.9537125187088151,1.0,0.5406565720313877,0.005050505050505051,0.025252525252525252,0.045454545454545456,2.0,5.0
emblematica:E018921,2803,309,0.9074250374176303,1.0,0.31107786289501926,0.003236245954692557,0.012944983818770227,0.02912621359223301,13.0,3.0
emblematica:E018922,2803,313,1.0,1.0,0.41120143943574916,0.003194888178913738,0.01597444089456869,0.03194888178913738,8.0,5.0
emblematica:E018923,2803,277,1.0,1.0,0.35678332790452333,0.0036101083032490976,0.018050541516245487,0.036101083032490974,8.0,3.5
emblematica:E018924,2803,272,0.9432379215722525,1.0,0.35220389918163403,0.003676470588235294,0.014705882352941176,0.03308823529411765,8.0,4.0
emblematica:E018925,2803,192,1.0,1.0,0.4638892812761737,0.005208333333333333,0.026041666666666668,0.052083333333333336,2.0,4.0
emblematica:E018926,2803,327,1.0,1.0,0.4356128537461072,0.0030581039755351682,0.01529051987767584,0.03058103975535168,22.5,4.0
emblematica:E018927,2803,205,1.0,1.0,0.5203922249066122,0.004878048780487805,0.024390243902439025,0.04878048780487805,6.0,3.5
emblematica:E018928,2803,216,1.0,1.0,0.4770544805158052,0.004629629629629629,0.023148148148148147,0.046296296296296294,10.5,4.0
emblematica:E018929,2803,214,1.0,1.0,0.5138611712226256,0.004672897196261682,0.02336448598130841,0.04672897196261682,6.0,4.0
emblematica:E018930,2803,304,1.0,1.0,0.49678937993666716,0.003289473684210526,0.01644736842105263,0.03289473684210526,15.0,4.0
emblematica:E018931,2803,252,1.0,1.0,0.5244520882749966,0.003968253968253968,0.01984126984126984,0.03968253968253968,3.5,4.5
emblematica:E018932,2803,207,0.9432379215722525,1.0,0.4916957498624058,0.004830917874396135,0.01932367149758454,0.043478260869565216,8.5,5.0
emblematica:E018933,2803,233,1.0,1.0,0.49529257006766103,0.004291845493562232,0.02145922746781116,0.04291845493562232,5.0,4.0
emblematica:E018934,2803,209,1.0,1.0,0.5321589129563186,0.004784688995215311,0.023923444976076555,0.04784688995215311,11.0,4.0
emblematica:E018935,2803,187,1.0,1.0,0.520912662557466,0.0053475935828877,0.026737967914438502,0.053475935828877004,2.0,4.0
emblematica:E018936,2803,245,1.0,1.0,0.4976745074642396,0.004081632653061225,0.02040816326530612,0.04081632653061224,13.0,5.0
emblematica:E018937,2803,185,1.0,1.0,0.48553841028790223,0.005405405405405406,0.02702702702702703,0.05405405405405406,2.0,4.5
emblematica:E018938,2803,198,1.0,1.0,0.48707917644796145,0.005050505050505051,0.025252525252525252,0.050505050505050504,4.0,4.0
emblematica:E018939,2803,203,1.0,1.0,0.4720602448691232,0.0049261083743842365,0.024630541871921183,0.04926108374384237,9.0,5.0
emblematica:E018940,2803,271,1.0,1.0,0.49631123672691213,0.0036900369003690036,0.01845018450184502,0.03690036900369004,10.0,5.0
emblematica:E018941,2803,235,0.9477344873475497,1.0,0.3347426036090113,0.00425531914893617,0.02127659574468085,0.03829787234042553,14.5,3.5
emblematica:E018942,2803,223,1.0,1.0,0.5347392656880937,0.004484304932735426,0.02242152466367713,0.04484304932735426,7.0,4.0
emblematica:E018943,2803,206,1.0,1.0,0.536812890867892,0.0048543689320388345,0.024271844660194174,0.04854368932038835,3.0,4.0
emblematica:E018944,2803,265,1.0,1.0,0.4343522665381784,0.0037735849056603774,0.018867924528301886,0.03773584905660377,8.0,5.0
emblematica:E018945,2803,359,1.0,1.0,0.3474403058562869,0.002785515320334262,0.013927576601671309,0.027855153203342618,26.0,4.0
emblematica:E018946,2803,224,1.0,1.0,0.49385478358739615,0.004464285714285714,0.022321428571428572,0.044642857142857144,10.0,4.0
emblematica:E018947,2803,406,1.0,1.0,0.3736894250108515,0.0024630541871921183,0.012315270935960592,0.024630541871921183,25.0,4.0
emblematica:E018948,2803,197,1.0,1.0,0.5338713760291732,0.005076142131979695,0.025380710659898477,0.050761421319796954,3.5,3.5
emblematica:E018949,2803,207,1.0,1.0,0.5277041716487952,0.004830917874396135,0.024154589371980676,0.04830917874396135,8.0,5.0
emblematica:E018950,2803,203,1.0,1.0,0.5507677038390306,0.0049261083743842365,0.024630541871921183,0.04926108374384237,5.0,4.0
emblematica:E018951,2803,268,1.0,1.0,0.4584108733323373,0.0037313432835820895,0.018656716417910446,0.03731343283582089,14.0,4.0
emblematica:E018952,2803,6,0.35648241204244513,0.03225806451612903,0.013760670131019927,0.0,0.0,0.0,2.0,4.0
emblematica:E018953,2803,215,1.0,1.0,0.4975337748810888,0.004651162790697674,0.018604651162790697,0.04186046511627907,5.0,4.0
emblematica:E018954,2803,254,1.0,1.0,0.4714987193869143,0.003937007874015748,0.01968503937007874,0.03937007874015748,11.0,4.0
emblematica:E018955,2803,228,0.9558305176970738,1.0,0.4685155106186419,0.0043859649122807015,0.021929824561403508,0.039473684210526314,13.5,4.5
emblematica:E018956,2803,237,1.0,1.0,0.4459140944603302,0.004219409282700422,0.02109704641350211,0.04219409282700422,23.0,4.0
emblematica:E018957,2803,204,1.0,1.0,0.5092921735764788,0.004901960784313725,0.024509803921568627,0.049019607843137254,6.5,4.0
emblematica:E018958,2803,58,1.0,0.05555555555555555,0.026699123181054964,0.0,0.0,0.0,8.0,5.0
emblematica:E018959,2803,186,1.0,1.0,0.5382450412674411,0.005376344086021506,0.026881720430107527,0.053763440860215055,2.0,5.0
emblematica:E018960,2803,198,1.0,1.0,0.5066011425346514,0.005050505050505051,0.025252525252525252,0.050505050505050504,9.0,6.0
emblematica:E018961,2803,233,1.0,1.0,0.43452112448963826,0.004291845493562232,0.02145922746781116,0.04291845493562232,11.0,4.5
emblematica:E018962,2803,206,1.0,1.0,0.5282797588436268,0.0048543689320388345,0.024271844660194174,0.04854368932038835,13.0,5.0
emblematica:E018963,2803,195,1.0,1.0,0.5410652429480587,0.005128205128205128,0.02564102564102564,0.05128205128205128,3.0,3.0
emblematica:E018964,2803,258,1.0,1.0,0.4738017811841096,0.003875968992248062,0.01937984496124031,0.03875968992248062,14.0,4.0
emblematica:E018965,2803,220,1.0,1.0,0.5117320593720524,0.004545454545454545,0.022727272727272728,0.045454545454545456,10.0,6.0
emblematica:E018966,2803,248,1.0,1.0,0.4903766536765296,0.004032258064516129,0.020161290322580645,0.04032258064516129,18.0,4.0
emblematica:E018967,2803,188,1.0,1.0,0.5313087926866585,0.005319148936170213,0.026595744680851064,0.05319148936170213,2.0,4.0
emblematica:E018968,2803,306,0.9575861412006987,1.0,0.44663500595182015,0.0032679738562091504,0.016339869281045753,0.029411764705882353,12.0,4.0
emblematica:E018969,2803,242,1.0,1.0,0.5201903383075956,0.004132231404958678,0.02066115702479339,0.04132231404958678,15.0,5.0
emblematica:E018970,2803,226,1.0,1.0,0.5029766979114715,0.004424778761061947,0.022123893805309734,0.04424778761061947,13.0,4.0
emblematica:E018971,2803,275,0.9368077570869661,1.0,0.5008299027837363,0.0036363636363636364,0.014545454545454545,0.03272727272727273,8.0,5.0
emblematica:E018974,2803,99,0.3775028156362593,0.1111111111111111,0.05513636803415226,0.0,0.0,0.010101010101010102,8.0,4.0
emblematica:E018975,2803,102,0.5263486588232382,1.0,0.06063693462507864,0.00980392156862745,0.00980392156862745,0.0196078431372549,5.0,3.0
emblematica:E018976,2803,16,0.48006117753205335,1.0,0.07239235450014077,0.0625,0.0625,0.0625,1.0,4.0
emblematica:E018977,2803,40,0.38559884598578353,0.01694915254237288,0.01391800835346175,0.0,0.0,0.0,1.0,4.0
emblematica:E018978,2803,169,0.41991667443556047,0.1111111111111111,0.07996167708157402,0.0,0.0,0.011834319526627219,1.0,4.0
emblematica:E018979,2803,43,0.3700152943830133,0.02,0.015026291057200498,0.0,0.0,0.0,2.0,4.0
emblematica:E018980,2803,73,0.5494923994688307,1.0,0.07228966104378698,0.0136986301369863,0.0136986301369863,0.0273972602739726,5.0,4.0
emblematica:E018981,2803,8,0.34428518061118435,0.014084507042253521,0.010319837193068613,0.0,0.0,0.0,1.0,4.0
emblematica:E018982,2803,106,0.36954345214203826,0.008620689655172414,0.03739487758656344,0.0,0.0,0.0,1.0,4.0
emblematica:E018983,2803,163,0.37574719213263447,0.1,0.06210901468362126,0.0,0.0,0.006134969325153374,1.0,4.0
emblematica:E018984,2803,282,0.3775028156362593,0.1111111111111111,0.12203261116987679,0.0,0.0,0.0035460992907801418,14.0,4.0
emblematica:E018985,2803,121,0.44069505854929314,0.25,0.09477089482491308,0.0,0.008264462809917356,0.01652892561983471,9.0,4.0
emblematica:E018986,2803,225,0.5052502493763283,0.3333333333333333,0.08665263284368165,0.0,0.0044444444444444444,0.013333333333333334,8.5,4.0
emblematica:E018987,2803,49,0.3333333333333333,0.009708737864077669,0.0188246387303886,0.0,0.0,0.0,1.0,5.0
emblematica:E018988,2803,130,0.4345081273853569,0.16666666666666666,0.08375154789486702,0.0,0.0,0.015384615384615385,3.0,4.0
emblematica:E018989,2803,125,0.48079560867654175,0.16666666666666666,0.11030034535979108,0.0,0.0,0.024,3.0,4.0
emblematica:E018990,2803,32,0.3333333333333333,0.015625,0.011204218065515133,0.0,0.0,0.0,3.0,4.0
emblematica:E018991,2803,69,0.6154007591940993,1.0,0.12718680363403606,0.014492753623188406,0.028985507246376812,0.043478260869565216,8.0,4.0
emblematica:E018992,2803,53,0.3333333333333333,0.08333333333333333,0.02608025804585758,0.0,0.0,0.0,2.5,4.0
emblematica:E018993,2803,98,0.39652557624636714,0.25,0.060286787130269734,0.0,0.01020408163265306,0.01020408163265306,5.0,6.0
emblematica:E018994,2803,107,0.4529847367238781,0.3333333333333333,0.06916150218159123,0.0,0.009345794392523364,0.018691588785046728,10.0,4.0
emblematica:E018995,2803,203,0.44281305753755196,0.25,0.1252754791154739,0.0,0.0049261083743842365,0.009852216748768473,2.5,4.5
emblematica:E018996,2803,3,0.4931049315805358,0.045454545454545456,0.036701105861585585,0.0,0.0,0.0,1.0,4.0
emblematica:E018997,2803,31,0.3900954117610806,0.058823529411764705,0.019253165513491537,0.0,0.0,0.0,1.5,4.5
emblematica:E018998,2803,102,0.3900954117610806,0.2,0.07311247885122978,0.0,0.00980392156862745,0.00980392156862745,8.0,3.0
emblematica:E018999,2803,52,0.40669725543269336,0.3333333333333333,0.051136408100083054,0.0,0.019230769230769232,0.019230769230769232,2.0,3.5
emblematica:E019000,2803,224,0.41242915318231443,0.1,0.14417363845022527,0.0,0.0,0.004464285714285714,9.0,3.5
emblematica:E019001,2803,76,0.3333333333333333,0.041666666666666664,0.02904322756746067,0.0,0.0,0.0,5.0,4.0
emblematica:E019002,2803,41,0.3333333333333333,0.06666666666666667,0.035020918740291625,0.0,0.0,0.0,1.0,5.0
emblematica:E019003,2803,99,0.37574719213263447,0.1,0.0638187430170511,0.0,0.0,0.010101010101010102,4.5,4.5
emblematica:E019004,2803,80,0.39652557624636714,0.25,0.0449048332273132,0.0,0.0125,0.0125,1.0,4.0
emblematica:E019005,2803,65,0.3926871927876307,0.125,0.025876331319095686,0.0,0.0,0.015384615384615385,2.5,3.5
emblematica:E019006,2803,58,0.43638289305226546,0.2,0.04817812273258496,0.0,0.017241379310344827,0.034482758620689655,2.0,4.0
emblematica:E019007,2803,165,0.48006117753205335,1.0,0.07711800954871047,0.006060606060606061,0.006060606060606061,0.006060606060606061,23.5,4.0
emblematica:E019008,2803,85,0.4237902969274442,0.125,0.08287785098891948,0.0,0.0,0.023529411764705882,9.0,5.0
emblematica:E019009,2803,74,0.3900954117610806,0.2,0.04087894103561428,0.0,0.013513513513513514,0.013513513513513514,2.0,5.5
emblematica:E019010,2803,97,0.5560342964428103,0.5,0.09205986143611526,0.0,0.030927835051546393,0.030927835051546393,13.0,4.5
emblematica:E019011,2803,50,0.7259620810608094,1.0,0.12031338987375112,0.02,0.04,0.1,3.0,5.0
emblematica:E019012,2803,37,0.40669725543269336,0.3333333333333333,0.07535679780258119,0.0,0.02702702702702703,0.02702702702702703,3.0,4.0
emblematica:E019013,2803,71,0.3333333333333333,0.07692307692307693,0.03217417223397843,0.0,0.0,0.0,2.5,4.0
emblematica:E019014,2803,32,0.3333333333333333,0.041666666666666664,0.01698087861074959,0.0,0.0,0.0,3.5,4.5
emblematica:E019015,2803,43,0.3333333333333333,0.013157894736842105,0.014013187017145151,0.0,0.0,0.0,3.0,4.0
emblematica:E019016,2803,85,0.3900954117610806,0.2,0.05854723189720706,0.0,0.011764705882352941,0.011764705882352941,10.0,4.0
emblematica:E019017,2803,128,0.4173007201325186,0.3333333333333333,0.05418282167082163,0.0,0.0078125,0.0078125,6.5,4.5
emblematica:E019018,2803,37,0.35167431385817327,0.07142857142857142,0.023036225886272833,0.0,0.0,0.0,1.5,6.0
emblematica:E019019,2803,43,0.4237902969274442,0.125,0.07947165136919632,0.0,0.0,0.046511627906976744,4.5,4.0
emblematica:E019020,2803,17,0.3333333333333333,0.012658227848101266,0.014525766651151503,0.0,0.0,0.0,2.0,3.0
emblematica:E019021,2803,60,0.37962081462451813,0.125,0.04472194055119001,0.0,0.0,0.016666666666666666,2.0,4.0
emblematica:E019022,2803,45,0.3333333333333333,0.003968253968253968,0.014048502523488842,0.0,0.0,0.0,1.0,5.0
emblematica:E019023,2803,326,0.5752579402228116,1.0,0.1703573648409069,0.003067484662576687,0.003067484662576687,0.009202453987730062,22.5,4.0
emblematica:E019024,2803,23,0.3333333333333333,0.05263157894736842,0.019463044508883524,0.0,0.0,0.0,1.0,4.0
emblematica:E019025,2803,42,0.38224261473290666,0.14285714285714285,0.023807742098568334,0.0,0.0,0.023809523809523808,4.5,3.5
emblematica:E019026,2803,157,0.48006117753205335,1.0,0.12854494570088368,0.006369426751592357,0.006369426751592357,0.006369426751592357,13.5,4.0
emblematica:E019027,2803,17,0.3333333333333333,0.03125,0.012976081342103101,0.0,0.0,0.0,2.0,4.0
emblematica:E019028,2803,35,0.3333333333333333,0.05263157894736842,0.02085222940233214,0.0,0.0,0.0,1.0,5.0
emblematica:E019029,2803,92,0.38224261473290666,0.14285714285714285,0.05282890516737264,0.0,0.0,0.010869565217391304,8.0,3.5
emblematica:E019030,2803,259,0.6519780935750485,1.0,0.10414578893059293,0.003861003861003861,0.007722007722007722,0.015444015444015444,20.0,3.0
emblematica:E019031,2803,70,0.37962081462451813,0.125,0.05188571125981472,0.0,0.0,0.014285714285714285,3.5,3.5
emblematica:E019032,2803,30,0.3333333333333333,0.04,0.025291862512066624,0.0,0.0,0.0,3.0,5.0
emblematica:E019033,2803,136,0.5157981175018804,0.25,0.11257702398186023,0.0,0.014705882352941176,0.022058823529411766,3.5,5.0
emblematica:E019034,2803,149,0.4953985955231793,0.3333333333333333,0.07705728167752154,0.0,0.006711409395973154,0.020134228187919462,11.5,4.5
emblematica:E019035,2803,17,0.3333333333333333,0.018518518518518517,0.006322153954934101,0.0,0.0,0.0,1.0,4.0
emblematica:E019036,2803,156,0.3333333333333333,0.06666666666666667,0.0485000413169203,0.0,0.0,0.0,2.0,4.0
emblematica:E019037,2803,141,0.43900469316065394,0.2,0.08044926348474324,0.0,0.0070921985815602835,0.014184397163120567,9.0,3.5
emblematica:E019038,2803,139,0.589729181609174,0.5,0.1244801167091503,0.0,0.014388489208633094,0.02877697841726619,3.0,4.0
emblematica:E019039,2803,159,0.3900954117610806,0.2,0.07997917156613722,0.0,0.006289308176100629,0.006289308176100629,13.5,3.5
emblematica:E019040,2803,52,0.42590829591570295,0.5,0.0387026363901847,0.0,0.019230769230769232,0.019230769230769232,1.0,4.0
emblematica:E019041,2803,28,0.3333333333333333,0.038461538461538464,0.02210964016835581,0.0,0.0,0.0,1.0,4.0
emblematica:E019042,2803,25,0.3455606536832266,0.07142857142857142,0.025307185733604288,0.0,0.0,0.0,1.0,4.0
emblematica:E019043,2803,76,0.3879745124825278,0.1,0.07705265074017735,0.0,0.0,0.013157894736842105,5.0,4.0
emblematica:E019044,2803,122,0.4666489074079982,0.3333333333333333,0.049321765714926843,0.0,0.00819672131147541,0.01639344262295082,11.0,3.0
emblematica:E019045,2803,50,0.35973485876141703,0.03125,0.03192753600964463,0.0,0.0,0.0,7.0,4.0
emblematica:E019046,2803,188,0.39652557624636714,0.25,0.08035283917663368,0.0,0.005319148936170213,0.005319148936170213,18.5,4.0
emblematica:E019047,2803,158,0.3333333333333333,0.047619047619047616,0.07855258032330735,0.0,0.0,0.0,12.5,4.5
emblematica:E019048,2803,91,0.39154525286089287,0.1,0.04160890830049105,0.0,0.0,0.01098901098901099,4.0,5.0
emblematica:E019049,2803,67,0.3333333333333333,0.0196078431372549,0.024158186916804075,0.0,0.0,0.0,3.5,4.5
emblematica:E019050,2803,46,0.3900954117610806,0.2,0.0439721476475964,0.0,0.021739130434782608,0.021739130434782608,2.0,4.0
emblematica:E019051,2803,111,0.3900954117610806,0.2,0.07853335799444637,0.0,0.009009009009009009,0.009009009009009009,1.0,4.0
emblematica:E019052,2803,218,0.5224750363313545,1.0,0.08359214733275903,0.0045871559633027525,0.0045871559633027525,0.009174311926605505,2.0,4.0
emblematica:E019053,2803,28,0.3333333333333333,0.013888888888888888,0.016244071892826114,0.0,0.0,0.0,2.0,4.0
emblematica:E019054,2803,126,0.43426489406400665,0.1111111111111111,0.060488033104139534,0.0,0.0,0.007936507936507936,13.0,5.0
emblematica:E019055,2803,257,0.5624644609280969,0.5,0.14152746620072867,0.0,0.011673151750972763,0.011673151750972763,13.0,4.0
emblematica:E019056,2803,279,0.39652557624636714,0.25,0.15212453678404092,0.0,0.0035842293906810036,0.0035842293906810036,4.0,5.0
emblematica:E019093,2803,64,0.38224261473290666,0.14285714285714285,0.03672195047363403,0.0,0.0,0.015625,11.5,3.0
emblematica:E019094,2803,98,0.3333333333333333,0.00847457627118644,0.025754045699343933,0.0,0.0,0.0,9.5,3.0
emblematica:E019095,2803,18,0.3333333333333333,0.00510204081632653,0.00714186231131649,0.0,0.0,0.0,2.5,2.5
emblematica:E019096,2803,109,0.3333333333333333,0.05,0.043323443570231074,0.0,0.0,0.0,24.0,3.0
emblematica:E019097,2803,151,0.4085652598491834,0.125,0.05357781851861194,0.0,0.0,0.006622516556291391,6.0,3.5
emblematica:E019098,2803,29,0.41898753680669176,0.1111111111111111,0.014651209988961132,0.0,0.0,0.034482758620689655,2.0,4.0
emblematica:E019099,2803,27,0.4767807765723199,0.5,0.028944408098176458,0.0,0.037037037037037035,0.037037037037037035,1.0,3.0
emblematica:E019100,2803,80,0.4247882413857646,0.1111111111111111,0.029568026873515847,0.0,0.0,0.0125,7.0,4.0
emblematica:E019101,2803,8,0.42406318157047634,0.25,0.0648147741862414,0.0,0.125,0.125,1.0,3.0
emblematica:E019102,2803,9,0.3333333333333333,0.008620689655172414,0.005022833785596221,0.0,0.0,0.0,2.5,3.5
emblematica:E019103,2803,29,0.40669725543269336,0.3333333333333333,0.02526699073244929,0.0,0.034482758620689655,0.034482758620689655,3.0,3.0
emblematica:E019104,2803,1,0.24994255920842673,0.002053388090349076,0.002053388090349076,0.0,0.0,0.0,1.5,3.5
emblematica:E019105,2803,35,0.3333333333333333,0.022727272727272728,0.015196858339545897,0.0,0.0,0.0,3.5,2.0
emblematica:E019106,2803,42,0.3333333333333333,0.02857142857142857,0.018973934986674445,0.0,0.0,0.0,2.0,4.0
emblematica:E019107,2803,117,0.3333333333333333,0.022222222222222223,0.03714546307985667,0.0,0.0,0.0,8.0,5.0
emblematica:E019108,2803,38,0.3333333333333333,0.006666666666666667,0.011747132618198996,0.0,0.0,0.0,6.0,4.0
emblematica:E019173,2803,53,0.3333333333333333,0.012658227848101266,0.02088045963359993,0.0,0.0,0.0,8.5,3.0
emblematica:E019174,2803,34,0.3333333333333333,0.011494252873563218,0.013815319001721319,0.0,0.0,0.0,6.5,3.0
emblematica:E019175,2803,189,0.3333333333333333,0.016666666666666666,0.06779630029609485,0.0,0.0,0.0,25.0,3.0
emblematica:E019176,2803,22,0.3333333333333333,0.058823529411764705,0.017801339217112244,0.0,0.0,0.0,1.0,5.0
emblematica:E019177,2803,8,0.3333333333333333,0.004329004329004329,0.0032473392879013028,0.0,0.0,0.0,1.0,3.0
emblematica:E019178,2803,26,0.42590829591570295,0.5,0.039105291851694084,0.0,0.038461538461538464,0.038461538461538464,5.0,4.0
emblematica:E019179,2803,63,0.3455606536832266,0.010638297872340425,0.020353539567828184,0.0,0.0,0.0,2.0,3.0
emblematica:E019180,2803,34,0.38224261473290666,0.14285714285714285,0.018506019625638075,0.0,0.0,0.029411764705882353,4.0,5.0
emblematica:E019181,2803,23,0.3333333333333333,0.010416666666666666,0.010890073048209256,0.0,0.0,0.0,2.0,3.0
emblematica:E019182,2803,23,0.3333333333333333,0.041666666666666664,0.019538503093526415,0.0,0.0,0.0,3.0,4.0
emblematica:E019183,2803,50,0.3333333333333333,0.011235955056179775,0.020833814252100978,0.0,0.0,0.0,6.0,4.0
emblematica:E019184,2803,24,0.42590829591570295,0.5,0.04520685476017944,0.0,0.041666666666666664,0.041666666666666664,4.0,5.0
emblematica:E019185,2803,45,0.3333333333333333,0.041666666666666664,0.014701377674864463,0.0,0.0,0.0,4.0,4.0
emblematica:E019186,2803,729,0.42228080703546356,0.16666666666666666,0.48781433279395386,0.0,0.0,0.0013717421124828531,9.0,3.0
emblematica:E019187,2803,60,0.3333333333333333,0.04,0.03023183197456173,0.0,0.0,0.0,13.0,4.0
emblematica:E019188,2803,52,0.36954345214203826,0.05555555555555555,0.0225220573219671,0.0,0.0,0.0,6.0,4.0
emblematica:E019189,2803,60,0.3333333333333333,0.008849557522123894,0.021411623188992663,0.0,0.0,0.0,2.0,3.0
emblematica:E019190,2803,67,0.5032049181776458,1.0,0.057654485970160506,0.014925373134328358,0.014925373134328358,0.014925373134328358,6.5,3.5
emblematica:E019191,2803,42,0.38907468595905553,0.1111111111111111,0.021876323729627355,0.0,0.0,0.023809523809523808,7.5,4.5
emblematica:E019192,2803,128,0.6720598254474635,0.5,0.08742974870421395,0.0,0.0234375,0.0390625,14.0,4.0
emblematica:E019193,2803,29,0.3333333333333333,0.018518518518518517,0.012548743600665801,0.0,0.0,0.0,2.5,4.0
emblematica:E019194,2803,89,0.6985684928164696,1.0,0.07603787852882751,0.011235955056179775,0.033707865168539325,0.056179775280898875,1.0,4.0
emblematica:E019195,2803,128,0.7887225384603442,1.0,0.10237473882091402,0.0078125,0.0234375,0.046875,7.5,4.0
emblematica:E019196,2803,98,0.7159815596443976,1.0,0.07997319720555653,0.01020408163265306,0.030612244897959183,0.05102040816326531,5.0,4.0
emblematica:E019197,2803,103,0.7198551821362813,1.0,0.07377550639155432,0.009708737864077669,0.02912621359223301,0.04854368932038835,4.0,4.0
emblematica:E019198,2803,103,0.43638289305226546,0.2,0.05903361487143409,0.0,0.009708737864077669,0.019417475728155338,7.0,3.0
emblematica:E019199,2803,121,0.3333333333333333,0.037037037037037035,0.06249182606343524,0.0,0.0,0.0,14.0,4.0
emblematica:E019200,2803,26,0.3333333333333333,0.009174311926605505,0.01355464434092596,0.0,0.0,0.0,4.0,4.0
emblematica:E019201,2803,98,0.7424350571691594,1.0,0.08541796603697545,0.01020408163265306,0.030612244897959183,0.05102040816326531,2.0,4.0
emblematica:E019202,2803,24,0.3333333333333333,0.021739130434782608,0.029447608073071837,0.0,0.0,0.0,5.5,3.5
emblematica:E019203,2803,114,0.41976363359580593,0.3333333333333333,0.07663649195996794,0.0,0.008771929824561403,0.008771929824561403,9.0,3.0
emblematica:E019204,2803,26,0.42590829591570295,0.5,0.03353696966188453,0.0,0.038461538461538464,0.038461538461538464,5.5,3.0
emblematica:E019205,2803,153,0.4826703743434503,0.5,0.07619405984502603,0.0,0.013071895424836602,0.013071895424836602,14.0,3.0
emblematica:E020642,2803,199,0.43250927056038174,0.2,0.1798230285196713,0.0,0.005025125628140704,0.010050251256281407,2.0,5.0
emblematica:E020643,2803,165,0.3217614630105371,0.05263157894736842,0.16692141091845117,0.0,0.0,0.0,1.0,5.0
emblematica:E020644,2803,1,0.26224434003196073,0.00041203131437989287,0.00041203131437989287,0.0,0.0,0.0,1.0,5.0
emblematica:E020645,2803,284,0.5294616567547649,0.14285714285714285,0.2098994667411141,0.0,0.0,0.01056338028169014,6.0,4.0
emblematica:E020646,2803,215,0.46309405808551274,0.3333333333333333,0.17348468979739964,0.0,0.004651162790697674,0.009302325581395349,6.0,4.0
emblematica:E020647,2803,62,0.3068284593955513,0.034482758620689655,0.027467918881901917,0.0,0.0,0.0,4.0,4.0
emblematica:E020648,2803,92,0.42590829591570295,0.5,0.12635717753862122,0.0,0.010869565217391304,0.010869565217391304,1.0,4.0
emblematica:E020649,2803,195,0.5900320995594102,0.5,0.21351455096289598,0.0,0.010256410256410256,0.015384615384615385,3.0,4.0
emblematica:E020650,2803,224,0.5465172097914405,1.0,0.1536081323607156,0.004464285714285714,0.004464285714285714,0.008928571428571428,14.0,4.0
emblematica:E020651,2803,63,0.37962081462451813,0.125,0.07007003719272904,0.0,0.0,0.015873015873015872,1.0,4.0
emblematica:E020652,2803,134,0.3333333333333333,0.041666666666666664,0.08960126583773344,0.0,0.0,0.0,9.0,3.0
emblematica:E020653,2803,96,0.3333333333333333,0.0625,0.06179953854834181,0.0,0.0,0.0,9.5,4.0
emblematica:E020654,2803,109,0.35647707397892575,0.08333333333333333,0.08589659570501995,0.0,0.0,0.0,1.0,5.0
emblematica:E020655,2803,188,0.4814185519599551,0.2,0.17218125726833028,0.0,0.005319148936170213,0.015957446808510637,6.0,4.5
emblematica:E020656,2803,9,0.45901451374212093,1.0,0.13129733367679808,0.1111111111111111,0.1111111111111111,0.1111111111111111,1.5,5.0
emblematica:E020657,2803,24,0.3333333333333333,0.02857142857142857,0.019124746081163487,0.0,0.0,0.0,1.0,5.0
emblematica:E020658,2803,203,0.5220625690916537,0.3333333333333333,0.21218407316607954,0.0,0.0049261083743842365,0.014778325123152709,2.0,5.0
emblematica:E020659,2803,106,0.6023343810309868,1.0,0.08624394673025117,0.009433962264150943,0.018867924528301886,0.02830188679245283,3.0,3.0
emblematica:E020660,2803,40,0.5368232559598007,1.0,0.12586103627555795,0.025,0.05,0.05,5.0,5.0
emblematica:E020661,2803,362,0.3333333333333333,0.08333333333333333,0.19468978115808863,0.0,0.0,0.0,11.0,5.0
emblematica:E020662,2803,35,0.3333333333333333,0.00980392156862745,0.0171579037504505,0.0,0.0,0.0,1.0,4.5
emblematica:E020663,2803,98,0.44433354865406305,0.3333333333333333,0.06560505483024669,0.0,0.01020408163265306,0.02040816326530612,4.0,5.0
emblematica:E020664,2803,160,0.470077778218629,0.5,0.13383907750616586,0.0,0.00625,0.0125,1.0,4.5
emblematica:E020665,2803,25,0.311848516725203,0.023255813953488372,0.02364799785456373,0.0,0.0,0.0,1.0,3.5
emblematica:E020666,2803,14,0.37574719213263447,0.1,0.019379411437733477,0.0,0.0,0.07142857142857142,2.0,5.0
emblematica:E020667,2803,248,0.5996502230979066,1.0,0.21123156861296902,0.004032258064516129,0.008064516129032258,0.012096774193548387,13.0,4.0
emblematica:E020668,2803,377,0.5447685196598852,1.0,0.20651943852443871,0.002652519893899204,0.002652519893899204,0.005305039787798408,25.0,4.0
emblematica:E020669,2803,208,0.520600877622633,0.25,0.17049826079601763,0.0,0.009615384615384616,0.014423076923076924,4.0,5.0
emblematica:E020670,2803,12,0.31029993678701673,0.25,0.03050217781620845,0.0,0.08333333333333333,0.08333333333333333,1.0,5.0
emblematica:E020671,2803,306,0.48055237535519146,0.2,0.18071776483107607,0.0,0.0032679738562091504,0.00980392156862745,12.5,4.0
emblematica:E020672,2803,220,0.533197381573909,0.3333333333333333,0.18945366406746916,0.0,0.00909090909090909,0.013636363636363636,14.0,3.0
emblematica:E020673,2803,189,0.4974571369770405,0.25,0.10973448345684693,0.0,0.010582010582010581,0.015873015873015872,9.0,4.0
emblematica:E020674,2803,231,0.4369506664914345,0.5,0.15837623131569517,0.0,0.004329004329004329,0.004329004329004329,4.0,5.0
emblematica:E020675,2803,47,0.3443757039090648,0.0625,0.02662739089904849,0.0,0.0,0.0,5.0,4.0
emblematica:E020676,2803,464,0.764890841043971,1.0,0.37799745373957755,0.0021551724137931034,0.00646551724137931,0.01293103448275862,47.0,4.0
emblematica:E020677,2803,293,0.6639592803132977,1.0,0.16085272089389646,0.0034129692832764505,0.006825938566552901,0.010238907849829351,1.0,3.5
emblematica:E020678,2803,337,0.4589627680851436,0.3333333333333333,0.19713043424941906,0.0,0.002967359050445104,0.005934718100890208,7.5,4.0
emblematica:E020679,2803,6,0.44069505854929314,0.1111111111111111,0.044103839947980915,0.0,0.0,0.16666666666666666,1.0,4.0
emblematica:E020680,2803,191,0.3333333333333333,0.0625,0.10999522093894437,0.0,0.0,0.0,8.5,4.0
emblematica:E020681,2803,82,0.3333333333333333,0.0625,0.07489557924611684,0.0,0.0,0.0,6.0,4.5
emblematica:E020682,2803,11,0.3439367980331586,0.011764705882352941,0.006040336475453856,0.0,0.0,0.0,1.0,4.0
emblematica:E020683,2803,301,0.5804236790276114,0.5,0.21545222171074052,0.0,0.006644518272425249,0.013289036544850499,4.0,5.0
emblematica:E020684,2803,305,0.45086673773561936,0.3333333333333333,0.1495855124133572,0.0,0.003278688524590164,0.003278688524590164,6.5,4.0
emblematica:E020685,2803,351,0.4662041557267453,0.125,0.21020947574329277,0.0,0.0,0.008547008547008548,8.5,5.0
emblematica:E020686,2803,102,0.43638289305226546,0.2,0.09746719380008287,0.0,0.00980392156862745,0.0196078431372549,2.0,5.0
emblematica:E020687,2803,120,0.40058359525774667,0.3333333333333333,0.11864783598025364,0.0,0.008333333333333333,0.008333333333333333,5.0,6.0
emblematica:E020688,2803,159,0.34639971149644583,0.09090909090909091,0.09397361134618672,0.0,0.0,0.0,11.0,5.0
emblematica:E020689,2803,274,0.38224261473290666,0.14285714285714285,0.14132468544949298,0.0,0.0,0.0036496350364963502,2.0,4.0
emblematica:E020690,2803,99,0.6421264397218994,1.0,0.10751645227776364,0.010101010101010102,0.020202020202020204,0.04040404040404041,10.0,4.0
emblematica:E020691,2803,72,0.6000154988728346,1.0,0.07658875922152769,0.013888888888888888,0.041666666666666664,0.041666666666666664,1.0,4.5
emblematica:E020692,2803,100,0.3717217842603889,0.125,0.09232668696499674,0.0,0.0,0.01,11.0,6.0
emblematica:E020693,2803,92,0.48955738490213646,0.25,0.058947271459136884,0.0,0.010869565217391304,0.010869565217391304,8.5,4.0
emblematica:E020694,2803,241,0.5185423361687718,0.3333333333333333,0.15230207839604318,0.0,0.004149377593360996,0.012448132780082987,2.0,5.0
emblematica:E020695,2803,112,0.5958389584307145,1.0,0.09158029015904087,0.008928571428571428,0.017857142857142856,0.017857142857142856,8.0,4.5
emblematica:E020696,2803,178,0.6519780935750485,1.0,0.1376522039996701,0.0056179775280898875,0.011235955056179775,0.02247191011235955,6.0,5.0
emblematica:E020697,2803,272,0.6899608989972248,0.5,0.20668714675813527,0.0,0.007352941176470588,0.011029411764705883,1.0,4.5
emblematica:E020698,2803,499,0.5289704589316268,1.0,0.2972551733492789,0.002004008016032064,0.002004008016032064,0.004008016032064128,25.5,5.0
emblematica:E020699,2803,351,0.5455461091873707,0.3333333333333333,0.22082357395186164,0.0,0.002849002849002849,0.008547008547008548,6.5,4.0
emblematica:E020700,2803,160,0.5638022436538378,0.5,0.09380989735614455,0.0,0.00625,0.00625,14.0,4.0
emblematica:E020701,2803,74,0.5731399412345528,1.0,0.06464017220206411,0.013513513513513514,0.013513513513513514,0.013513513513513514,5.0,4.0
emblematica:E020702,2803,378,0.705383940749919,1.0,0.28965234277627083,0.0026455026455026454,0.005291005291005291,0.010582010582010581,13.0,4.5
emblematica:E020704,2803,0,0.7799082337019198,,,,,,1.0,2.0
emblematica:E020705,2803,0,1.0,,,,,,1.0,2.0
emblematica:E020706,2803,0,1.0,,,,,,1.0,2.0
emblematica:E020707,2803,0,0.9363792118010483,,,,,,1.0,2.0
emblematica:E020708,2803,0,1.0,,,,,,1.0,2.0
emblematica:E020709,2803,0,0.4678591564801391,,,,,,1.0,2.0
emblematica:E020710,2803,0,1.0,,,,,,1.0,2.0
emblematica:E020711,2803,0,0.7663491917568945,,,,,,1.0,2.0
emblematica:E020712,2803,0,1.0,,,,,,1.0,2.0
emblematica:E020713,2803,1,0.694355946562825,0.07142857142857142,0.07142857142857142,0.0,0.0,0.0,2.0,2.0
emblematica:E020714,2803,0,1.0,,,,,,1.0,2.0
emblematica:E020715,2803,0,1.0,,,,,,1.0,2.0
emblematica:E020716,2803,0,1.0,,,,,,1.0,2.0
emblematica:E020717,2803,0,1.0,,,,,,1.0,2.0
emblematica:E020718,2803,0,1.0,,,,,,1.0,2.0
emblematica:E020719,2803,0,1.0,,,,,,1.0,2.0
emblematica:E020720,2803,0,1.0,,,,,,1.0,2.0
emblematica:E020721,2803,0,1.0,,,,,,1.0,2.0
emblematica:E020722,2803,0,0.9216017310213247,,,,,,1.0,2.0
emblematica:E020723,2803,0,1.0,,,,,,1.0,2.0
emblematica:E020724,2803,0,0.92663607790064,,,,,,1.0,2.0
emblematica:E020725,2803,0,1.0,,,,,,1.0,2.0
emblematica:E020726,2803,0,1.0,,,,,,1.0,2.0
emblematica:E020727,2803,0,0.3132848169017409,,,,,,1.0,2.0
emblematica:E020728,2803,0,0.9363792118010483,,,,,,1.0,2.0
emblematica:E020729,2803,0,0.7123736502858727,,,,,,1.0,2.0
emblematica:E020730,2803,0,1.0,,,,,,1.0,2.0
emblematica:E020731,2803,0,1.0,,,,,,1.0,2.0
emblematica:E020732,2803,0,1.0,,,,,,1.0,2.0
emblematica:E020733,2803,1,0.694355946562825,0.024390243902439025,0.024390243902439025,0.0,0.0,0.0,2.0,2.0
emblematica:E020734,2803,0,1.0,,,,,,1.0,2.0
emblematica:E020735,2803,0,0.9148568823583789,,,,,,1.0,2.0
emblematica:E020736,2803,0,0.795165752481409,,,,,,1.0,2.0
emblematica:E020737,2803,0,1.0,,,,,,1.0,2.0
emblematica:E020738,2803,0,1.0,,,,,,1.0,2.0
emblematica:E020739,2803,0,0.9305687780632227,,,,,,1.0,2.0
emblematica:E020740,2803,0,1.0,,,,,,1.0,2.0
emblematica:E020741,2803,0,0.7467045958894681,,,,,,1.0,2.0
emblematica:E020742,2803,0,0.8899541168509598,,,,,,1.0,2.0
emblematica:E020743,2803,0,0.7600791051976192,,,,,,1.0,2.0
emblematica:E020744,2803,0,0.8899541168509598,,,,,,1.0,2.0
emblematica:E020745,2803,0,1.0,,,,,,1.0,2.0
emblematica:E020746,2803,0,0.6659485553357843,,,,,,1.0,2.0
emblematica:E020747,2803,0,1.0,,,,,,1.0,2.0
emblematica:E020748,2803,0,1.0,,,,,,1.0,2.0
emblematica:E020749,2803,0,1.0,,,,,,1.0,2.0
emblematica:E020750,2803,0,0.55206785919664,,,,,,1.0,2.0
emblematica:E020751,2803,0,1.0,,,,,,1.0,2.0
emblematica:E020752,2803,0,0.9363792118010483,,,,,,1.0,2.0
emblematica:E020753,2803,0,1.0,,,,,,1.0,2.0
emblematica:E020754,2803,0,0.7381919257729245,,,,,,1.0,2.0
emblematica:E020755,2803,0,1.0,,,,,,1.0,2.0
emblematica:E020756,2803,0,0.8006937664098819,,,,,,1.0,2.0
emblematica:E020757,2803,0,0.92663607790064,,,,,,1.0,2.0
emblematica:E022361,2803,62,0.38224261473290666,0.04,0.055405793216098766,0.0,0.0,0.0,1.0,4.0
emblematica:E022362,2803,0,1.0,,,,,,1.0,2.0
emblematica:E022363,2803,0,1.0,,,,,,1.0,2.0
emblematica:E022364,2803,0,1.0,,,,,,1.0,2.0
emblematica:E022506,2803,172,0.8446849276286176,1.0,0.2044637351327474,0.005813953488372093,0.023255813953488372,0.040697674418604654,3.0,6.0
emblematica:E022507,2803,460,0.523209467475843,0.16666666666666666,0.2624462541060765,0.0,0.0,0.008695652173913044,6.5,4.0
emblematica:E022508,2803,142,0.499272218015063,0.5,0.07977482563291943,0.0,0.014084507042253521,0.014084507042253521,3.0,5.0
emblematica:E022509,2803,45,0.6368828395051224,0.5,0.09028196636658306,0.0,0.044444444444444446,0.08888888888888889,2.0,5.0
emblematica:E022510,2803,812,0.7188494933644304,1.0,0.3523718036862002,0.0012315270935960591,0.0024630541871921183,0.003694581280788177,5.5,5.5
emblematica:E022511,2803,665,1.0,1.0,0.33320800549663887,0.0015037593984962407,0.007518796992481203,0.015037593984962405,10.0,6.0
emblematica:E022512,2803,195,1.0,1.0,0.21810646552412605,0.005128205128205128,0.020512820512820513,0.046153846153846156,7.0,5.5
emblematica:E022513,2803,595,0.8632555551147042,1.0,0.24870932936714538,0.0016806722689075631,0.0067226890756302525,0.013445378151260505,15.0,5.0
emblematica:E022514,2803,213,0.9053206285482487,0.5,0.13430686680104484,0.0,0.014084507042253521,0.028169014084507043,7.5,5.0
emblematica:E022515,2803,99,1.0,1.0,0.23814666723086442,0.010101010101010102,0.050505050505050504,0.10101010101010101,5.0,5.0
emblematica:E022516,2803,281,0.9266360779006398,1.0,0.14496396090763733,0.0035587188612099642,0.014234875444839857,0.028469750889679714,2.0,5.0
emblematica:E022517,2803,123,0.7034313136710331,0.3333333333333333,0.12089701135235309,0.0,0.016260162601626018,0.04065040650406504,4.5,5.0
emblematica:E022518,2803,77,0.5257824998784169,0.5,0.05616073362204383,0.0,0.025974025974025976,0.025974025974025976,6.0,5.0
emblematica:E022519,2803,267,0.8022507212187944,1.0,0.19439106321196817,0.003745318352059925,0.00749063670411985,0.018726591760299626,7.0,4.0
emblematica:E022520,2803,306,0.8938868170135427,1.0,0.150503913302609,0.0032679738562091504,0.006535947712418301,0.016339869281045753,2.0,6.0
emblematica:E022521,2803,319,1.0,1.0,0.18693787695914585,0.003134796238244514,0.01567398119122257,0.02821316614420063,2.0,4.0
emblematica:E022522,2803,245,1.0,1.0,0.2058103513531318,0.004081632653061225,0.02040816326530612,0.04081632653061224,6.5,4.5
emblematica:E022523,2803,338,1.0,1.0,0.23812116782058118,0.0029585798816568047,0.014792899408284023,0.029585798816568046,14.0,3.5
emblematica:E022524,2803,47,0.8274601406735914,1.0,0.1528440759379819,0.02127659574468085,0.06382978723404255,0.10638297872340426,3.0,6.0
emblematica:E022525,2803,341,1.0,1.0,0.20859165444843497,0.002932551319648094,0.01466275659824047,0.02346041055718475,7.5,6.0
emblematica:E022526,2803,331,0.7450568572775479,1.0,0.21865953676162034,0.0030211480362537764,0.006042296072507553,0.012084592145015106,7.0,4.0
emblematica:E022527,2803,158,0.7046872885086012,0.5,0.1210965327422512,0.0,0.0189873417721519,0.0379746835443038,4.5,6.0
emblematica:E022528,2803,485,0.6150499989137242,1.0,0.27513376204185114,0.002061855670103093,0.004123711340206186,0.006185567010309278,6.0,4.0
emblematica:E022529,2803,335,0.4389394350456683,0.25,0.15769392553320022,0.0,0.0029850746268656717,0.005970149253731343,2.0,5.0
emblematica:E022530,2803,115,0.821461761701804,0.5,0.17031796195641435,0.0,0.034782608695652174,0.06956521739130435,6.0,6.0
emblematica:E022531,2803,152,0.8176169964335537,1.0,0.15922214463081916,0.006578947368421052,0.019736842105263157,0.046052631578947366,4.5,6.0
emblematica:E022532,2803,345,0.9537125187088151,1.0,0.20784371794426046,0.002898550724637681,0.014492753623188406,0.02608695652173913,5.0,3.0
emblematica:E022533,2803,305,0.8969504402810676,1.0,0.21248265211049347,0.003278688524590164,0.013114754098360656,0.02622950819672131,3.0,5.0
emblematica:E022534,2803,293,0.8698739994728926,1.0,0.23705355955315013,0.0034129692832764505,0.010238907849829351,0.027303754266211604,10.0,4.0
emblematica:E022535,2803,205,1.0,1.0,0.18309162583527772,0.004878048780487805,0.01951219512195122,0.03902439024390244,6.0,4.0
emblematica:E028278,2803,473,0.9054586873363388,0.3333333333333333,0.24858387028911963,0.0,0.006342494714587738,0.012684989429175475,14.0,4.0
emblematica:E028279,2803,1226,1.0,1.0,0.7240223461181458,0.0008156606851549756,0.004078303425774877,0.008156606851549755,16.0,3.0
emblematica:E028280,2803,300,1.0,1.0,0.3209111660391762,0.0033333333333333335,0.016666666666666666,0.03,7.0,4.5
emblematica:E028281,2803,800,1.0,1.0,0.5064522468043671,0.00125,0.00625,0.0125,14.0,4.0
emblematica:E028282,2803,1173,0.7856692251577037,1.0,0.5225582372294145,0.0008525149190110827,0.0034100596760443308,0.005115089514066497,29.0,4.0
emblematica:E028283,2803,573,0.4147553765618614,0.3333333333333333,0.3273363174660279,0.0,0.0034904013961605585,0.006980802792321117,21.0,3.0
emblematica:E028284,2803,960,0.9652843890316114,1.0,0.5781012320196321,0.0010416666666666667,0.005208333333333333,0.008333333333333333,6.0,4.0
emblematica:E028285,2803,534,0.8938868170135427,1.0,0.2346518088076294,0.0018726591760299626,0.009363295880149813,0.0149812734082397,22.0,4.0
emblematica:E028286,2803,156,0.6554842331446504,1.0,0.11964171231530195,0.00641025641025641,0.01282051282051282,0.019230769230769232,3.0,4.0
emblematica:E028287,2803,577,0.6339618180421516,0.3333333333333333,0.29594144289116464,0.0,0.005199306759098787,0.010398613518197574,18.0,4.0
emblematica:E028288,2803,739,0.9289904714111863,1.0,0.42428314511659265,0.0013531799729364006,0.006765899864682003,0.010825439783491205,14.5,4.0
emblematica:E028289,2803,1252,0.7813237604248449,0.5,0.6640084544738111,0.0,0.003194888178913738,0.004792332268370607,5.0,4.0
emblematica:E028290,2803,401,0.8562757183349938,1.0,0.26677995643248464,0.0024937655860349127,0.00997506234413965,0.017456359102244388,21.0,4.0
emblematica:E028291,2803,394,1.0,1.0,0.38870821461531824,0.0025380710659898475,0.01015228426395939,0.02284263959390863,10.0,4.0
emblematica:E028292,2803,448,0.7696598667303094,1.0,0.3133834284852427,0.002232142857142857,0.006696428571428571,0.015625,17.0,3.0
emblematica:E028293,2803,993,0.8442410297394146,1.0,0.6342403127050029,0.0010070493454179255,0.005035246727089627,0.006042296072507553,13.0,4.0
emblematica:E028294,2803,1109,1.0,1.0,0.5706796135578843,0.0009017132551848512,0.0036068530207394047,0.007213706041478809,14.0,4.0
emblematica:E028295,2803,765,1.0,1.0,0.468228486374848,0.00130718954248366,0.00522875816993464,0.011764705882352941,14.0,4.0
emblematica:E028296,2803,597,0.968189605900524,1.0,0.4267295926069163,0.0016750418760469012,0.008375209380234505,0.01507537688442211,12.0,4.0
emblematica:E028297,2803,530,0.8083658485318244,1.0,0.3751769865660601,0.0018867924528301887,0.007547169811320755,0.011320754716981131,7.0,4.0
emblematica:E028298,2803,212,0.7620802781670181,1.0,0.18542688179326877,0.0047169811320754715,0.009433962264150943,0.014150943396226415,8.0,3.0
emblematica:E028299,2803,1178,0.905211635630449,1.0,0.5464949175869224,0.0008488964346349745,0.003395585738539898,0.007640067911714771,14.5,4.0
emblematica:E028300,2803,861,0.828949321382634,0.5,0.49711477745169863,0.0,0.0023228803716608595,0.005807200929152149,4.5,3.5
emblematica:E028301,2803,390,0.9057779239361422,1.0,0.30330265030825593,0.002564102564102564,0.010256410256410256,0.020512820512820513,17.5,4.0
emblematica:E028302,2803,1116,1.0,1.0,0.471443314283438,0.0008960573476702509,0.0035842293906810036,0.008064516129032258,8.0,4.0
emblematica:E028303,2803,1165,0.9305687780632227,1.0,0.5992464264033673,0.0008583690987124463,0.0034334763948497852,0.006008583690987125,15.0,4.0
emblematica:E028304,2803,1305,0.914856882358379,1.0,0.5391938331002192,0.0007662835249042146,0.0030651340996168583,0.006896551724137931,16.5,4.0
emblematica:E028305,2803,1210,0.858143722751484,1.0,0.6590563568187282,0.0008264462809917355,0.003305785123966942,0.006611570247933884,17.5,4.0
emblematica:E028306,2803,1315,1.0,1.0,0.5584483854355584,0.0007604562737642585,0.0038022813688212928,0.0076045627376425855,15.0,4.0
emblematica:E028307,2803,1262,0.9216017310213246,1.0,0.7063179941566006,0.000792393026941363,0.003961965134706815,0.0071315372424722665,13.5,4.0
emblematica:E028308,2803,595,0.9119632934807679,1.0,0.330710643357245,0.0016806722689075631,0.0067226890756302525,0.015126050420168067,16.5,4.0
emblematica:E028309,2803,847,0.7499972754650598,1.0,0.3240939118004258,0.0011806375442739079,0.004722550177095631,0.0059031877213695395,9.0,4.0
emblematica:E028310,2803,357,0.7740186359307893,0.5,0.33515055250242803,0.0,0.008403361344537815,0.0196078431372549,20.0,4.0
emblematica:E028311,2803,1352,1.0,1.0,0.5599073176178048,0.0007396449704142012,0.0029585798816568047,0.005917159763313609,16.0,5.0
emblematica:E028312,2803,1190,1.0,1.0,0.5926607642386,0.0008403361344537816,0.004201680672268907,0.007563025210084034,18.5,4.0
emblematica:E028313,2803,648,0.7463379399523943,1.0,0.37729656852897375,0.0015432098765432098,0.007716049382716049,0.009259259259259259,17.0,4.0
emblematica:E028314,2803,618,0.6672536452730388,0.5,0.36711283073241846,0.0,0.0048543689320388345,0.009708737864077669,8.5,5.0
emblematica:E028315,2803,447,0.8861885691826302,1.0,0.21611119025684503,0.0022371364653243847,0.011185682326621925,0.015659955257270694,9.0,5.0
emblematica:E028316,2803,238,0.19449042475084904,0.06666666666666667,0.08708232516237524,0.0,0.0,0.0,10.5,3.0
emblematica:E028317,2803,573,1.0,1.0,0.4514445289083167,0.0017452006980802793,0.008726003490401396,0.017452006980802792,21.0,4.0
emblematica:E028318,2803,371,0.8314879449384165,1.0,0.2470213979837108,0.0026954177897574125,0.008086253369272238,0.016172506738544475,14.0,3.0
emblematica:E028319,2803,216,0.6254892902665166,0.5,0.21109663334859619,0.0,0.013888888888888888,0.023148148148148147,5.0,4.0
emblematica:E028320,2803,392,0.5271662565746695,0.25,0.17622128525958233,0.0,0.002551020408163265,0.00510204081632653,8.0,5.0
emblematica:E028321,2803,515,0.9537125187088151,1.0,0.38311615768003754,0.001941747572815534,0.009708737864077669,0.017475728155339806,8.0,4.0
emblematica:E028322,2803,719,1.0,1.0,0.4641894659679151,0.0013908205841446453,0.006954102920723227,0.013908205841446454,27.0,4.0
emblematica:E028323,2803,686,1.0,1.0,0.44287183266564106,0.0014577259475218659,0.007288629737609329,0.014577259475218658,16.0,4.0
emblematica:E028324,2803,387,0.7436727121404778,0.5,0.23584422888964157,0.0,0.007751937984496124,0.0103359173126615,6.0,3.5
emblematica:E028325,2803,911,0.8665787894468046,1.0,0.552674030034971,0.0010976948408342481,0.005488474204171241,0.007683863885839737,6.5,4.0
emblematica:E028326,2803,743,1.0,1.0,0.41006138653821694,0.0013458950201884253,0.006729475100942127,0.013458950201884253,13.0,4.0
emblematica:E028327,2803,437,0.8899541168509599,0.5,0.2899459656140937,0.0,0.009153318077803204,0.020594965675057208,10.0,4.0
emblematica:E028328,2803,422,0.8314861206704012,1.0,0.327705883675807,0.002369668246445498,0.009478672985781991,0.014218009478672985,15.0,4.0
emblematica:E028329,2803,1198,0.9074250374176303,1.0,0.6828211070694918,0.0008347245409015025,0.00333889816360601,0.007512520868113523,31.5,4.0
emblematica:E028330,2803,1209,0.8349311752764398,0.5,0.7047860360717898,0.0,0.0024813895781637717,0.006617038875103391,18.5,4.0
emblematica:E028331,2803,611,0.7039212887879204,1.0,0.3731687371266003,0.0016366612111292963,0.0032733224222585926,0.008183306055646482,16.0,4.0
emblematica:E028332,2803,731,0.9469826765008734,1.0,0.4651126999311909,0.0013679890560875513,0.006839945280437756,0.012311901504787962,21.0,3.0
emblematica:E028333,2803,1171,1.0,1.0,0.6683164208337369,0.0008539709649871904,0.004269854824935952,0.008539709649871904,14.0,4.0
emblematica:E028334,2803,650,0.9526058178152246,1.0,0.3681761127881992,0.0015384615384615385,0.004615384615384616,0.010769230769230769,12.0,4.0
emblematica:E028335,2803,570,0.9477344873475497,1.0,0.3885075744318748,0.0017543859649122807,0.008771929824561403,0.014035087719298246,15.5,3.5
emblematica:E028336,2803,579,0.9558305176970738,1.0,0.3835194220311163,0.0017271157167530224,0.008635578583765112,0.015544041450777202,17.0,4.0
emblematica:E028337,2803,1241,0.8280830839570048,1.0,0.7281018103270657,0.0008058017727639,0.0032232070910556,0.0056406124093473006,34.0,4.0
emblematica:E028338,2803,1164,0.9652843890316114,1.0,0.6539373840885762,0.000859106529209622,0.00429553264604811,0.007731958762886598,16.0,4.0
emblematica:E028339,2803,464,0.8524020958431102,1.0,0.34925685171538945,0.0021551724137931034,0.008620689655172414,0.015086206896551725,6.0,3.5
emblematica:E028340,2803,1264,1.0,1.0,0.6268848601800237,0.0007911392405063291,0.003955696202531646,0.007911392405063292,14.0,4.5
emblematica:E028341,2803,1325,0.9266360779006398,1.0,0.6690178417828057,0.0007547169811320754,0.0022641509433962265,0.0060377358490566035,11.0,4.0
emblematica:E028342,2803,593,0.8484495572027018,1.0,0.39920451345823593,0.0016863406408094434,0.00505902192242833,0.013490725126475547,18.5,4.0
emblematica:E028343,2803,566,1.0,1.0,0.43328159766618296,0.0017667844522968198,0.0088339222614841,0.014134275618374558,15.0,4.0
emblematica:E028344,2803,580,0.914856882358379,1.0,0.3945165856920332,0.0017241379310344827,0.006896551724137931,0.01206896551724138,21.0,4.0
emblematica:E028345,2803,444,1.0,1.0,0.32491004865800344,0.0022522522522522522,0.01126126126126126,0.02252252252252252,14.0,4.0
emblematica:E028346,2803,466,0.8852720756162662,1.0,0.33750094648283935,0.002145922746781116,0.01072961373390558,0.015021459227467811,13.0,4.0
emblematica:E028347,2803,465,0.7973791542685902,0.3333333333333333,0.3954035158913907,0.0,0.0064516129032258064,0.015053763440860216,9.0,4.0
emblematica:E028348,2803,472,0.9086768598011253,1.0,0.3108142999093742,0.00211864406779661,0.01059322033898305,0.01694915254237288,13.0,4.0
emblematica:E028349,2803,429,0.41908580093248404,0.2,0.2777163909850021,0.0,0.002331002331002331,0.004662004662004662,11.0,4.0
emblematica:E028350,2803,672,0.9305687780632227,1.0,0.4747048618133379,0.001488095238095238,0.00744047619047619,0.013392857142857142,16.0,4.0
emblematica:E028351,2803,1192,0.8379938154808529,1.0,0.6037338321027734,0.0008389261744966443,0.003355704697986577,0.00587248322147651,8.0,4.0
emblematica:E028352,2803,774,1.0,1.0,0.527354694884032,0.0012919896640826874,0.006459948320413436,0.012919896640826873,18.5,4.0
emblematica:E028353,2803,487,0.933745776545611,1.0,0.35720276946376456,0.002053388090349076,0.01026694045174538,0.01642710472279261,9.0,4.0
emblematica:E028354,2803,1242,1.0,1.0,0.469024186028769,0.0008051529790660225,0.004025764895330112,0.008051529790660225,14.0,4.5
emblematica:E028355,2803,492,0.8899541168509599,0.5,0.315822950269483,0.0,0.008130081300813009,0.016260162601626018,8.0,4.0
emblematica:E028356,2803,736,0.9608008655106622,1.0,0.47826300152740303,0.001358695652173913,0.006793478260869565,0.012228260869565218,21.0,3.0
emblematica:E028357,2803,608,0.9166313832077363,1.0,0.42108465493075,0.001644736842105263,0.008223684210526315,0.013157894736842105,12.0,4.0
emblematica:E028358,2803,845,0.9668728882728055,1.0,0.37557620312945217,0.001183431952662722,0.004733727810650888,0.009467455621301775,9.0,4.0
emblematica:E028359,2803,515,0.9574284411791895,1.0,0.28746433411720107,0.001941747572815534,0.007766990291262136,0.017475728155339806,14.0,4.0
emblematica:E028360,2803,504,0.9477344873475497,1.0,0.4082351952864201,0.001984126984126984,0.00992063492063492,0.017857142857142856,12.0,4.0
emblematica:E028361,2803,1100,0.7512302603821668,1.0,0.6380109472374749,0.0009090909090909091,0.0036363636363636364,0.005454545454545455,8.0,4.0
emblematica:E028362,2803,603,1.0,1.0,0.35867260039200793,0.001658374792703151,0.008291873963515755,0.01658374792703151,16.0,4.0
emblematica:E028363,2803,1128,0.8792418957158644,1.0,0.725932369429744,0.0008865248226950354,0.0035460992907801418,0.0070921985815602835,14.0,3.0
emblematica:E028364,2803,627,0.9652843890316114,1.0,0.4354095461303084,0.001594896331738437,0.007974481658692184,0.014354066985645933,16.0,4.0
emblematica:E028365,2803,519,0.8899541168509599,0.5,0.36741841377046985,0.0,0.007707129094412331,0.017341040462427744,21.0,4.0
emblematica:E028366,2803,752,1.0,1.0,0.46538056844926856,0.0013297872340425532,0.006648936170212766,0.013297872340425532,12.0,4.0
emblematica:E028367,2803,1021,1.0,1.0,0.5177078123738033,0.0009794319294809011,0.004897159647404506,0.009794319294809012,14.0,4.0
emblematica:E028368,2803,311,0.5572227961107471,1.0,0.3020858915712004,0.003215434083601286,0.006430868167202572,0.00964630225080386,10.0,4.0
emblematica:E028369,2803,404,1.0,1.0,0.44620690454030865,0.0024752475247524753,0.009900990099009901,0.019801980198019802,18.0,4.0
emblematica:E028370,2803,1178,1.0,1.0,0.5093629190736728,0.0008488964346349745,0.004244482173174873,0.007640067911714771,13.5,4.0
emblematica:E028371,2803,471,0.905211635630449,1.0,0.39839832065044445,0.0021231422505307855,0.006369426751592357,0.014861995753715499,14.0,4.0
emblematica:E028372,2803,1071,0.8600308552328548,1.0,0.5066501959471013,0.0009337068160597573,0.0028011204481792717,0.0056022408963585435,19.0,4.0
emblematica:E028373,2803,1310,1.0,1.0,0.5759931349327985,0.0007633587786259542,0.003816793893129771,0.007633587786259542,15.0,4.0
emblematica:E028374,2803,313,0.6866473074356327,1.0,0.2715419262448887,0.003194888178913738,0.006389776357827476,0.01597444089456869,6.0,3.0
emblematica:E028375,2803,484,1.0,1.0,0.36854420998296616,0.002066115702479339,0.010330578512396695,0.01859504132231405,10.0,4.0
emblematica:E028376,2803,460,0.8948256838011641,1.0,0.3591611360746216,0.002173913043478261,0.006521739130434782,0.015217391304347827,13.0,4.0
emblematica:E028377,2803,202,0.605397135888788,1.0,0.0965341069152821,0.0049504950495049506,0.0049504950495049506,0.009900990099009901,6.5,3.0
emblematica:E029857,2803,453,0.6966942667435942,0.5,0.34669087966079565,0.0,0.004415011037527594,0.011037527593818985,4.0,4.0
emblematica:E029858,2803,44,0.5571241690176075,1.0,0.10982138866570962,0.022727272727272728,0.045454545454545456,0.045454545454545456,5.0,4.0
emblematica:E029859,2803,277,0.6996609213865327,1.0,0.15926159297986456,0.0036101083032490976,0.007220216606498195,0.010830324909747292,9.0,5.0
emblematica:E029860,2803,467,0.9363792118010481,1.0,0.40886600547545743,0.0021413276231263384,0.006423982869379015,0.014989293361884369,11.0,5.0
emblematica:E029861,2803,425,0.8926382747840401,1.0,0.3711406200733921,0.002352941176470588,0.009411764705882352,0.018823529411764704,5.0,4.0
emblematica:E029862,2803,125,0.6190661235896374,1.0,0.11059768375915034,0.008,0.016,0.024,9.0,4.0
emblematica:E029863,2803,308,0.7788065869851872,1.0,0.3272622773473252,0.003246753246753247,0.006493506493506494,0.006493506493506494,13.5,6.0
emblematica:E029864,2803,158,0.6220022675873961,1.0,0.17775476428200906,0.006329113924050633,0.006329113924050633,0.02531645569620253,4.0,4.0
emblematica:E029865,2803,254,0.7257136865631157,1.0,0.22307064601076834,0.003937007874015748,0.007874015748031496,0.01968503937007874,4.0,4.0
emblematica:E029866,2803,272,0.8970318159630675,0.25,0.2566467778150026,0.0,0.007352941176470588,0.01838235294117647,5.0,4.0
emblematica:E029867,2803,275,0.9537125187088151,1.0,0.4382129687926828,0.0036363636363636364,0.01818181818181818,0.03272727272727273,3.0,6.0
emblematica:E029868,2803,67,0.3843094765996825,0.2,0.05040591219871102,0.0,0.014925373134328358,0.014925373134328358,8.0,5.0
emblematica:E029869,2803,457,0.7353223667344051,1.0,0.3231306155486482,0.002188183807439825,0.006564551422319475,0.01312910284463895,6.0,4.0
emblematica:E029870,2803,403,1.0,1.0,0.34098319805828237,0.0024813895781637717,0.01240694789081886,0.019851116625310174,8.0,5.0
emblematica:E029871,2803,226,0.748558546635968,0.5,0.23999967214567114,0.0,0.017699115044247787,0.022123893805309734,5.5,5.0
emblematica:E029872,2803,273,0.9477344873475497,1.0,0.46885582372285595,0.003663003663003663,0.018315018315018316,0.03296703296703297,5.0,5.0
emblematica:E029873,2803,175,1.0,1.0,0.3883956032442245,0.005714285714285714,0.022857142857142857,0.05142857142857143,5.0,5.0
emblematica:E029874,2803,59,0.5586894560947226,0.07692307692307693,0.037585096608540335,0.0,0.0,0.0,4.0,4.0
emblematica:E029875,2803,314,0.6115498867676809,1.0,0.32356724615484034,0.0031847133757961785,0.006369426751592357,0.012738853503184714,7.5,4.5
emblematica:E029876,2803,272,1.0,1.0,0.3903858249851207,0.003676470588235294,0.014705882352941176,0.029411764705882353,5.0,5.0
emblematica:E029877,2803,35,0.5172585084519555,0.5,0.05682939963324546,0.0,0.05714285714285714,0.08571428571428572,3.0,6.0
emblematica:E029878,2803,236,0.8828491459864495,1.0,0.28643941117843724,0.00423728813559322,0.0211864406779661,0.025423728813559324,12.0,6.0
emblematica:E029879,2803,146,0.6707314522133242,0.3333333333333333,0.11912591991943142,0.0,0.00684931506849315,0.02054794520547945,3.5,4.0
emblematica:E029880,2803,316,0.612405816169111,0.1,0.18020927323592043,0.0,0.0,0.0031645569620253164,4.0,4.0
emblematica:E029881,2803,233,0.6555651484821601,1.0,0.1333347581918199,0.004291845493562232,0.004291845493562232,0.008583690987124463,4.0,4.5
emblematica:E029882,2803,415,0.541563040940537,0.3333333333333333,0.2956948051145323,0.0,0.004819277108433735,0.00963855421686747,3.0,5.0
emblematica:E029883,2803,275,0.8532721558012798,0.5,0.3088504226564554,0.0,0.014545454545454545,0.03272727272727273,11.0,4.0
emblematica:E029884,2803,265,0.8416506602805283,1.0,0.32842410264068606,0.0037735849056603774,0.0037735849056603774,0.011320754716981131,3.5,4.5
emblematica:E029885,2803,1053,0.9413088623205119,1.0,0.40178523011220574,0.000949667616334283,0.004748338081671415,0.008547008547008548,5.0,4.0
emblematica:E029886,2803,342,0.8878984756873928,1.0,0.18293392582502463,0.0029239766081871343,0.008771929824561403,0.014619883040935672,3.0,5.0
emblematica:E029887,2803,100,0.5712037750914968,0.5,0.10831317002075902,0.0,0.02,0.02,2.0,4.0
emblematica:E029888,2803,204,0.5069769148507356,0.14285714285714285,0.14999756799666977,0.0,0.0,0.00980392156862745,5.0,4.5
emblematica:E029889,2803,283,0.7856692251577037,1.0,0.28474085883748806,0.0035335689045936395,0.014134275618374558,0.02120141342756184,2.0,4.0
emblematica:E029890,2803,327,0.8890921659377523,1.0,0.28530311732918834,0.0030581039755351682,0.012232415902140673,0.024464831804281346,7.0,4.0
emblematica:E029891,2803,177,0.7749785831824562,1.0,0.33489391767465326,0.005649717514124294,0.011299435028248588,0.02824858757062147,3.0,5.0
emblematica:E029892,2803,137,0.7427040695982361,0.5,0.23233128237157732,0.0,0.029197080291970802,0.029197080291970802,4.0,4.0
emblematica:E029893,2803,383,0.4404800071188343,0.5,0.308450522166391,0.0,0.005221932114882507,0.005221932114882507,7.0,5.0
emblematica:E029894,2803,284,0.845102854462766,1.0,0.28145700923239353,0.0035211267605633804,0.01056338028169014,0.02464788732394366,9.0,4.0
emblematica:E029895,2803,101,0.8480411588814943,1.0,0.28884277645313117,0.009900990099009901,0.0297029702970297,0.04950495049504951,2.0,5.0
emblematica:E029896,2803,1101,0.9526058178152246,1.0,0.5458246264085744,0.0009082652134423251,0.0027247956403269754,0.007266121707538601,18.0,5.0
emblematica:E029897,2803,166,0.7582304238226296,1.0,0.28444779597894876,0.006024096385542169,0.012048192771084338,0.03614457831325301,5.0,4.0
emblematica:E029898,2803,400,0.874616698859834,1.0,0.2940677756436024,0.0025,0.0075,0.0125,12.0,5.0
emblematica:E029899,2803,898,0.9266360779006398,1.0,0.3731936049452986,0.0011135857461024498,0.004454342984409799,0.008908685968819599,14.0,5.0
emblematica:E029900,2803,40,0.6705661231566046,0.06666666666666667,0.060869566839291366,0.0,0.0,0.0,4.0,3.0
emblematica:E029901,2803,96,0.1497568135623113,0.0625,0.08797694164654335,0.0,0.0,0.0,6.0,5.0
emblematica:E029902,2803,265,0.708903522807435,0.25,0.347621139965429,0.0,0.0037735849056603774,0.01509433962264151,4.0,4.0
emblematica:E029903,2803,275,0.6715555462014017,0.5,0.2845776680882118,0.0,0.007272727272727273,0.02181818181818182,8.0,5.0
emblematica:E029904,2803,148,0.5714508603166732,0.3333333333333333,0.10168502356034971,0.0,0.006756756756756757,0.02702702702702703,4.0,5.0
emblematica:E029905,2803,312,1.0,1.0,0.2687708703169866,0.003205128205128205,0.016025641025641024,0.03205128205128205,9.5,4.0
emblematica:E029906,2803,106,0.4229783579057694,0.3333333333333333,0.0566710402770838,0.0,0.009433962264150943,0.018867924528301886,5.0,5.0
emblematica:E029907,2803,71,0.5338498293747668,0.125,0.03940248547269666,0.0,0.0,0.014084507042253521,3.0,5.0
emblematica:E029908,2803,121,0.2952599764250191,0.058823529411764705,0.09550773891141624,0.0,0.0,0.0,2.0,4.0
emblematica:E029909,2803,154,0.7945421269138047,1.0,0.2716473247263766,0.006493506493506494,0.01948051948051948,0.045454545454545456,4.5,4.0
emblematica:E029910,2803,343,0.8792998038203946,1.0,0.3095532674345155,0.0029154518950437317,0.014577259475218658,0.02040816326530612,3.0,3.0
emblematica:E029911,2803,452,0.6806824280143807,1.0,0.2162902874749598,0.0022123893805309734,0.004424778761061947,0.004424778761061947,3.5,4.0
emblematica:E029912,2803,153,0.49639329739530086,0.25,0.16405010194436956,0.0,0.006535947712418301,0.006535947712418301,3.0,4.0
emblematica:E029913,2803,307,0.7088631937607119,0.5,0.25212255003466183,0.0,0.006514657980456026,0.013029315960912053,4.0,5.0
emblematica:E029914,2803,173,0.7522188478697508,1.0,0.2498245287021968,0.005780346820809248,0.017341040462427744,0.028901734104046242,11.0,5.0
emblematica:E029915,2803,455,0.7757383102183347,1.0,0.38867294153522725,0.002197802197802198,0.008791208791208791,0.015384615384615385,4.0,5.0
emblematica:E029916,2803,1130,1.0,0.5,0.44865085909532737,0.0,0.0017699115044247787,0.005309734513274336,11.5,5.0
emblematica:E029917,2803,563,1.0,1.0,0.4862529508633658,0.0017761989342806395,0.008880994671403197,0.017761989342806393,8.5,5.0
emblematica:E029918,2803,624,0.9207954237157486,1.0,0.42970933082634527,0.0016025641025641025,0.00641025641025641,0.01282051282051282,5.5,5.0
emblematica:E029919,2803,363,0.86434967747669,1.0,0.2874083174731741,0.0027548209366391185,0.005509641873278237,0.013774104683195593,4.0,3.0
emblematica:E029920,2803,400,0.9305687780632227,0.5,0.3159678348398796,0.0,0.01,0.0175,7.0,4.0
emblematica:E029921,2803,519,0.8796171333733008,1.0,0.3526163247280401,0.0019267822736030828,0.005780346820809248,0.01348747591522158,10.5,5.0
emblematica:E029922,2803,258,0.7965100773735325,0.5,0.33249832792968603,0.0,0.011627906976744186,0.031007751937984496,10.0,5.0
emblematica:E029923,2803,144,0.5559026721867443,0.25,0.20169053243096002,0.0,0.006944444444444444,0.034722222222222224,4.0,5.0
emblematica:E029924,2803,19,0.385724062234063,0.06666666666666667,0.025082786070452275,0.0,0.0,0.0,3.0,4.0
emblematica:E029925,2803,598,1.0,1.0,0.5254714498603034,0.0016722408026755853,0.008361204013377926,0.016722408026755852,23.5,5.0
emblematica:E029926,2803,597,1.0,1.0,0.5163413216022645,0.0016750418760469012,0.008375209380234505,0.01675041876046901,25.0,5.0
emblematica:E029927,2803,544,0.7374943749026186,0.3333333333333333,0.4615721634941248,0.0,0.0055147058823529415,0.012867647058823529,8.0,5.0
emblematica:E029928,2803,496,0.9256180470797136,1.0,0.4006776224991367,0.0020161290322580645,0.008064516129032258,0.016129032258064516,18.0,5.0
emblematica:E029929,2803,355,0.8792418957158644,1.0,0.34220141926032854,0.0028169014084507044,0.008450704225352112,0.022535211267605635,8.0,6.0
emblematica:E029930,2803,311,0.716615287269454,1.0,0.2706213756946495,0.003215434083601286,0.012861736334405145,0.01929260450160772,3.0,5.0
emblematica:E029931,2803,188,0.7945396325708824,1.0,0.2074704361471444,0.005319148936170213,0.02127659574468085,0.031914893617021274,11.0,4.0
emblematica:E029932,2803,372,0.9537125187088151,1.0,0.3634532024638888,0.002688172043010753,0.013440860215053764,0.024193548387096774,6.0,3.0
emblematica:E029933,2803,711,0.7644225681620282,1.0,0.46133925887221094,0.0014064697609001407,0.004219409282700422,0.009845288326300985,14.0,5.0
emblematica:E029934,2803,588,0.8784953616106398,1.0,0.4490411689887438,0.0017006802721088435,0.006802721088435374,0.011904761904761904,9.0,5.0
emblematica:E029935,2803,284,0.636727723881546,1.0,0.29494146621189676,0.0035211267605633804,0.01056338028169014,0.014084507042253521,11.0,5.0
emblematica:E029936,2803,337,1.0,1.0,0.2900449720837557,0.002967359050445104,0.008902077151335312,0.020771513353115726,14.0,4.0
emblematica:E029937,2803,171,0.9510907186004266,1.0,0.18256559473116177,0.005847953216374269,0.023391812865497075,0.029239766081871343,5.0,4.0
emblematica:E029938,2803,203,0.8627787396694242,1.0,0.22300628212604864,0.0049261083743842365,0.014778325123152709,0.029556650246305417,10.0,3.0
emblematica:E029939,2803,418,0.9256180470797136,0.3333333333333333,0.37491675902761096,0.0,0.004784688995215311,0.014354066985645933,18.0,5.5
emblematica:E029940,2803,226,0.8675412783728598,0.5,0.31008447665030986,0.0,0.01327433628318584,0.02654867256637168,7.0,6.0
emblematica:E029941,2803,409,1.0,1.0,0.4000244015896808,0.0024449877750611247,0.012224938875305624,0.022004889975550123,4.5,4.0
emblematica:E029942,2803,379,0.924301329451995,1.0,0.3233377963147455,0.002638522427440633,0.005277044854881266,0.0158311345646438,5.0,4.0
emblematica:E029943,2803,596,1.0,1.0,0.4131730460085513,0.0016778523489932886,0.006711409395973154,0.013422818791946308,10.0,4.0
emblematica:E029944,2803,114,0.8240777442366681,1.0,0.1403818752890241,0.008771929824561403,0.017543859649122806,0.03508771929824561,5.0,5.0
emblematica:E029945,2803,419,0.9510907186004266,1.0,0.38164515900513174,0.002386634844868735,0.011933174224343675,0.021479713603818614,15.0,5.0
emblematica:E029946,2803,314,0.6761541164187296,1.0,0.29318378193112987,0.0031847133757961785,0.006369426751592357,0.01910828025477707,7.5,5.5
emblematica:E029947,2803,93,0.785240507685648,0.25,0.1675945156128407,0.0,0.021505376344086023,0.043010752688172046,3.0,5.0
emblematica:E029948,2803,378,0.8845422444345158,1.0,0.3577784343268159,0.0026455026455026454,0.010582010582010581,0.021164021164021163,5.5,5.0
emblematica:E029949,2803,326,0.8390574862917984,0.5,0.3291983036045567,0.0,0.003067484662576687,0.015337423312883436,14.0,5.0
emblematica:E029950,2803,161,0.5415920995293976,1.0,0.14553957519000765,0.006211180124223602,0.006211180124223602,0.012422360248447204,4.0,4.0
emblematica:E029951,2803,545,0.9558305176970738,0.5,0.38583229166882677,0.0,0.005504587155963303,0.012844036697247707,9.0,5.0
emblematica:E029952,2803,447,0.8767346978480927,1.0,0.29839451344302054,0.0022371364653243847,0.011185682326621925,0.015659955257270694,4.0,4.0
emblematica:E029953,2803,553,0.9526058178152246,1.0,0.42794202636152134,0.0018083182640144665,0.007233273056057866,0.0162748643761302,8.5,5.0
emblematica:E029954,2803,331,0.5912730309259476,0.14285714285714285,0.23073531199575856,0.0,0.0,0.006042296072507553,4.0,4.0
emblematica:E029955,2803,355,0.688873905546566,1.0,0.21669265656557937,0.0028169014084507044,0.005633802816901409,0.008450704225352112,2.0,4.0
emblematica:E029956,2803,336,1.0,1.0,0.30640290440390794,0.002976190476190476,0.01488095238095238,0.026785714285714284,7.0,4.0
emblematica:E029957,2803,921,0.9447881471213424,1.0,0.4906744191280544,0.0010857763300760044,0.0054288816503800215,0.009771986970684038,4.0,4.0
emblematica:E029958,2803,585,1.0,1.0,0.4273988283318469,0.0017094017094017094,0.008547008547008548,0.015384615384615385,5.0,4.0
emblematica:E029959,2803,1072,0.7604756509506735,1.0,0.6792226475227733,0.0009328358208955224,0.002798507462686567,0.005597014925373134,2.0,3.0
emblematica:E029960,2803,1294,1.0,1.0,0.6452657338442518,0.0007727975270479134,0.0038639876352395673,0.0077279752704791345,16.0,5.0
emblematica:E029961,2803,366,0.8415158627163809,1.0,0.34985292750927655,0.00273224043715847,0.00819672131147541,0.01912568306010929,2.0,4.5
emblematica:E029962,2803,442,0.88847461929413,1.0,0.38199306400099925,0.0022624434389140274,0.011312217194570135,0.01809954751131222,12.0,5.0
emblematica:E029963,2803,177,0.6127723189697926,0.3333333333333333,0.14733659099504098,0.0,0.005649717514124294,0.011299435028248588,4.0,5.0
emblematica:E029964,2803,207,0.37121406680360464,0.25,0.12842943427131062,0.0,0.00966183574879227,0.014492753623188406,2.0,5.0
emblematica:E029965,2803,165,0.8577753243841304,1.0,0.38492819286509333,0.006060606060606061,0.01818181818181818,0.030303030303030304,5.0,5.0
emblematica:E029966,2803,1122,0.8842222191013388,1.0,0.47273340943036957,0.00089126559714795,0.00267379679144385,0.006238859180035651,14.5,4.0
emblematica:E029967,2803,405,0.6456341338331032,0.2,0.2412249421262494,0.0,0.0024691358024691358,0.007407407407407408,10.0,5.0
emblematica:E029968,2803,170,0.6702276510931945,0.5,0.19299493573084867,0.0,0.011764705882352941,0.01764705882352941,2.0,4.0
emblematica:E029969,2803,525,0.9254997720635816,1.0,0.4882031139307265,0.0019047619047619048,0.007619047619047619,0.017142857142857144,9.0,5.0
emblematica:E031317,2803,275,0.7601933920987805,0.5,0.3573788604441831,0.0,0.014545454545454545,0.025454545454545455,5.0,5.0
emblematica:E031318,2803,438,0.8611375561264454,1.0,0.2855956251676579,0.00228310502283105,0.0091324200913242,0.01598173515981735,2.0,3.0
emblematica:E031319,2803,428,0.9608008655106622,1.0,0.44651458517749465,0.002336448598130841,0.011682242990654205,0.02102803738317757,8.0,4.0
emblematica:E031321,2803,387,0.94497705842548,1.0,0.30070820771523804,0.002583979328165375,0.0103359173126615,0.020671834625323,6.0,5.0
emblematica:E031322,2803,330,0.752088191168995,1.0,0.30307290358322625,0.0030303030303030303,0.00909090909090909,0.01818181818181818,6.0,4.0
emblematica:E031323,2803,163,0.6361844639374429,1.0,0.14358346693369436,0.006134969325153374,0.012269938650306749,0.024539877300613498,5.0,5.0
emblematica:E031324,2803,387,1.0,1.0,0.41476171072820583,0.002583979328165375,0.012919896640826873,0.025839793281653745,11.5,4.5
emblematica:E031325,2803,364,0.7011368165574634,1.0,0.3082682941423617,0.0027472527472527475,0.005494505494505495,0.01098901098901099,16.5,5.0
emblematica:E031326,2803,228,1.0,1.0,0.38214912775923754,0.0043859649122807015,0.021929824561403508,0.039473684210526314,4.0,5.0
emblematica:E031328,2803,340,1.0,1.0,0.40547656083562167,0.0029411764705882353,0.014705882352941176,0.029411764705882353,4.0,4.0
emblematica:E031329,2803,417,0.8750546388661228,1.0,0.3587963186549264,0.002398081534772182,0.011990407673860911,0.019184652278177457,6.5,5.0
emblematica:E031330,2803,329,0.9358065681630598,1.0,0.4365161157675495,0.00303951367781155,0.015197568389057751,0.02735562310030395,10.0,5.0
emblematica:E031332,2803,494,0.7660919233218437,1.0,0.4104201026189221,0.0020242914979757085,0.006072874493927126,0.01417004048582996,6.5,4.0
emblematica:E031333,2803,678,0.9477344873475497,1.0,0.4707463203250364,0.0014749262536873156,0.007374631268436578,0.01327433628318584,11.0,5.0
emblematica:E031334,2803,318,1.0,1.0,0.5381758445514204,0.0031446540880503146,0.015723270440251572,0.031446540880503145,15.0,5.0
emblematica:E031336,2803,404,1.0,0.5,0.45258668705023797,0.0,0.009900990099009901,0.022277227722772276,6.5,4.0
emblematica:E031337,2803,207,0.6190545712980287,0.5,0.23705645081403934,0.0,0.014492753623188406,0.01932367149758454,7.0,5.0
emblematica:E031338,2803,83,0.5406754760261085,1.0,0.09844714237877739,0.012048192771084338,0.012048192771084338,0.03614457831325301,2.0,5.0
emblematica:E031339,2803,77,0.5865536439177076,1.0,0.1114633843129754,0.012987012987012988,0.03896103896103896,0.05194805194805195,5.0,5.0
emblematica:E031340,2803,458,1.0,1.0,0.4555270584671723,0.002183406113537118,0.010917030567685589,0.021834061135371178,10.0,5.0
emblematica:E031341,2803,446,1.0,1.0,0.39703359195591204,0.002242152466367713,0.011210762331838564,0.020179372197309416,10.0,4.0
emblematica:E031342,2803,500,1.0,1.0,0.5188560267788835,0.002,0.01,0.02,23.5,5.0
emblematica:E031343,2803,723,1.0,1.0,0.5322560991176495,0.0013831258644536654,0.006915629322268326,0.012448132780082987,34.0,4.0
emblematica:E031344,2803,117,0.5453151289693208,1.0,0.14769174696437637,0.008547008547008548,0.017094017094017096,0.03418803418803419,8.0,5.0
emblematica:E031345,2803,496,0.8501591578697532,1.0,0.44308175871635946,0.0020161290322580645,0.008064516129032258,0.014112903225806451,5.0,4.0
emblematica:E031346,2803,506,0.7036993387198344,1.0,0.30928378415545554,0.001976284584980237,0.005928853754940711,0.009881422924901186,8.0,5.0
emblematica:E031347,2803,389,0.7651763432093605,1.0,0.33735169351946476,0.002570694087403599,0.007712082262210797,0.015424164524421594,6.5,4.0
emblematica:E031348,2803,395,1.0,1.0,0.3739315271558418,0.002531645569620253,0.012658227848101266,0.02278481012658228,8.0,4.0
emblematica:E031349,2803,379,1.0,1.0,0.395128602518474,0.002638522427440633,0.013192612137203167,0.026385224274406333,24.0,4.0
emblematica:E031350,2803,488,1.0,1.0,0.4809035022203363,0.0020491803278688526,0.010245901639344262,0.020491803278688523,17.0,4.0
emblematica:E031351,2803,143,0.8589241543392643,1.0,0.33176291194468466,0.006993006993006993,0.027972027972027972,0.055944055944055944,2.0,4.0
emblematica:E031352,2803,419,0.9134166588977728,1.0,0.3624017443044875,0.002386634844868735,0.011933174224343675,0.01909307875894988,6.0,5.0
emblematica:E031353,2803,317,0.9368077570869661,1.0,0.3320982382831796,0.0031545741324921135,0.012618296529968454,0.028391167192429023,5.0,5.0
emblematica:E031354,2803,289,0.8803485966094551,1.0,0.30608036355692153,0.0034602076124567475,0.01384083044982699,0.02768166089965398,10.0,4.0
emblematica:E031355,2803,433,0.690520076930598,1.0,0.34663548398717114,0.0023094688221709007,0.006928406466512702,0.009237875288683603,7.5,5.0
emblematica:E031356,2803,504,1.0,1.0,0.49532635604040565,0.001984126984126984,0.00992063492063492,0.01984126984126984,13.0,4.0
emblematica:E031357,2803,767,0.9668728882728055,1.0,0.5580389177743177,0.001303780964797914,0.00651890482398957,0.011734028683181226,14.0,5.0
emblematica:E031358,2803,481,0.94497705842548,1.0,0.4303021403604474,0.002079002079002079,0.010395010395010396,0.018711018711018712,9.0,4.0
emblematica:E031359,2803,517,0.8899541168509599,1.0,0.45436794562307603,0.0019342359767891683,0.007736943907156673,0.017408123791102514,5.0,5.0
emblematica:E031360,2803,637,0.8364586133797036,1.0,0.4885792586393258,0.0015698587127158557,0.006279434850863423,0.012558869701726845,11.0,4.5
emblematica:E031361,2803,705,0.6947651160602988,0.5,0.5210957908742693,0.0,0.00425531914893617,0.011347517730496455,18.0,4.0
emblematica:E031363,2803,463,1.0,1.0,0.4732197415730218,0.0021598272138228943,0.01079913606911447,0.019438444924406047,15.0,5.0
emblematica:E031364,2803,598,0.9289087267228368,1.0,0.4360821826610422,0.0016722408026755853,0.006688963210702341,0.015050167224080268,11.0,4.5
emblematica:E031365,2803,184,0.7787075591538699,1.0,0.32626940475939403,0.005434782608695652,0.021739130434782608,0.03260869565217391,12.0,4.0
emblematica:E031366,2803,516,0.9305687780632227,0.3333333333333333,0.4244914301741345,0.0,0.005813953488372093,0.013565891472868217,8.0,4.0
emblematica:E031367,2803,752,0.9477344873475497,1.0,0.545663433708379,0.0013297872340425532,0.006648936170212766,0.011968085106382979,6.0,5.0
emblematica:E031372,2803,414,1.0,1.0,0.37671394021304266,0.0024154589371980675,0.012077294685990338,0.024154589371980676,2.0,4.0
emblematica:E031380,2803,605,1.0,1.0,0.5685519515911908,0.001652892561983471,0.008264462809917356,0.01652892561983471,16.0,4.0
emblematica:E031381,2803,203,0.933745776545611,1.0,0.36185992328047656,0.0049261083743842365,0.024630541871921183,0.04433497536945813,8.0,4.0
emblematica:E031382,2803,352,0.9358065681630598,1.0,0.400293069126287,0.002840909090909091,0.014204545454545454,0.02556818181818182,9.0,4.0
emblematica:E031383,2803,592,0.9305687780632227,1.0,0.515821109025727,0.0016891891891891893,0.008445945945945946,0.015202702702702704,12.0,4.0
emblematica:E031384,2803,319,0.8695283145687417,1.0,0.32142822009559147,0.003134796238244514,0.01567398119122257,0.025078369905956112,8.5,4.0
emblematica:E031385,2803,579,0.933745776545611,1.0,0.4765039527455956,0.0017271157167530224,0.008635578583765112,0.015544041450777202,8.0,5.0
emblematica:E031386,2803,350,1.0,1.0,0.5257514710437327,0.002857142857142857,0.014285714285714285,0.02857142857142857,14.0,5.0
emblematica:E031387,2803,585,1.0,1.0,0.4980003682330592,0.0017094017094017094,0.008547008547008548,0.017094017094017096,19.0,4.0
emblematica:E031388,2803,294,0.8838771491163341,1.0,0.37505863077798,0.003401360544217687,0.013605442176870748,0.027210884353741496,2.0,4.0
emblematica:E031389,2803,526,1.0,1.0,0.4584222819400861,0.0019011406844106464,0.0076045627376425855,0.017110266159695818,13.0,5.0
emblematica:E031390,2803,191,0.9085223106038639,1.0,0.34267058802437705,0.005235602094240838,0.020942408376963352,0.03664921465968586,8.0,4.0
emblematica:E031391,2803,430,1.0,1.0,0.4138699019646224,0.002325581395348837,0.011627906976744186,0.023255813953488372,9.0,5.0
emblematica:E031394,2803,555,1.0,1.0,0.46229253417654553,0.0018018018018018018,0.009009009009009009,0.018018018018018018,6.5,6.0
emblematica:E031396,2803,520,0.9305687780632227,1.0,0.5492848995150852,0.0019230769230769232,0.007692307692307693,0.01730769230769231,9.0,5.0
emblematica:E031397,2803,289,1.0,1.0,0.4880672750557175,0.0034602076124567475,0.01730103806228374,0.03460207612456748,2.0,5.0
emblematica:E031402,2803,619,1.0,1.0,0.5361723091269064,0.0016155088852988692,0.008077544426494346,0.01615508885298869,9.0,4.0
emblematica:E031403,2803,268,0.618704208494592,0.5,0.1844583893661315,0.0,0.007462686567164179,0.011194029850746268,4.0,5.0
emblematica:E031405,2803,214,0.9074250374176303,0.3333333333333333,0.29742005433740326,0.0,0.014018691588785047,0.037383177570093455,2.0,4.0
emblematica:E031411,2803,390,0.8340611153182702,1.0,0.42079408282999786,0.002564102564102564,0.010256410256410256,0.020512820512820513,12.0,5.0
emblematica:E031412,2803,636,1.0,1.0,0.5446340737032671,0.0015723270440251573,0.007861635220125786,0.015723270440251572,26.0,4.0
emblematica:E031413,2803,355,0.9608008655106622,1.0,0.43429291585254165,0.0028169014084507044,0.014084507042253521,0.02535211267605634,8.0,5.0
emblematica:E031414,2803,466,1.0,1.0,0.4924947968178851,0.002145922746781116,0.01072961373390558,0.02145922746781116,30.0,4.0
emblematica:E031415,2803,265,0.9334739949321355,1.0,0.4412884461689678,0.0037735849056603774,0.018867924528301886,0.03018867924528302,12.0,6.0
emblematica:E031416,2803,638,1.0,1.0,0.49823957047267825,0.001567398119122257,0.007836990595611285,0.01567398119122257,14.0,5.0
emblematica:E031417,2803,535,0.8669479898642709,1.0,0.43384015948860755,0.001869158878504673,0.009345794392523364,0.014953271028037384,16.0,5.0
emblematica:E031418,2803,395,1.0,1.0,0.4632479504792502,0.002531645569620253,0.012658227848101266,0.02531645569620253,7.5,5.5
emblematica:E031419,2803,606,0.8643145546088337,1.0,0.4711499430045966,0.0016501650165016502,0.006600660066006601,0.013201320132013201,22.0,4.0
emblematica:E031420,2803,443,1.0,1.0,0.5022907529422452,0.002257336343115124,0.011286681715575621,0.022573363431151242,37.0,5.0
emblematica:E031421,2803,270,0.968189605900524,1.0,0.48046412540533906,0.003703703703703704,0.018518518518518517,0.03333333333333333,6.0,5.0
emblematica:E031422,2803,423,1.0,1.0,0.5165992182268415,0.002364066193853428,0.01182033096926714,0.02364066193853428,7.0,4.0
emblematica:E031423,2803,401,1.0,1.0,0.43556018576988137,0.0024937655860349127,0.012468827930174564,0.02493765586034913,9.0,4.0
emblematica:E031424,2803,522,0.8532721558012798,0.5,0.49912140765259944,0.0,0.007662835249042145,0.017241379310344827,10.0,4.5
emblematica:E031425,2803,513,0.70567425164439,0.25,0.42586459422695816,0.0,0.003898635477582846,0.01364522417153996,14.0,4.0
emblematica:E031426,2803,550,0.9432379215722525,1.0,0.5227445304545892,0.0018181818181818182,0.007272727272727273,0.016363636363636365,12.0,5.0
emblematica:E031428,2803,698,0.8506629589898829,1.0,0.44966725136933666,0.0014326647564469914,0.004297994269340974,0.011461318051575931,10.0,4.5
emblematica:E031429,2803,675,0.914856882358379,1.0,0.5061480737726259,0.0014814814814814814,0.005925925925925926,0.011851851851851851,3.0,5.0
emblematica:E031431,2803,480,0.9134066833258868,1.0,0.3952140871616893,0.0020833333333333333,0.008333333333333333,0.014583333333333334,4.0,5.0
emblematica:E031432,2803,523,0.8611375561264454,1.0,0.3707893698932187,0.0019120458891013384,0.0076481835564053535,0.017208413001912046,12.5,5.0
emblematica:E031433,2803,347,0.8938868170135427,1.0,0.38521776343550684,0.002881844380403458,0.01440922190201729,0.023054755043227664,6.5,4.0
emblematica:E031436,2803,711,0.581657711183322,0.5,0.44965695211763224,0.0,0.004219409282700422,0.008438818565400843,5.0,5.0
emblematica:E031437,2803,403,0.9477344873475497,1.0,0.4916482311767472,0.0024813895781637717,0.01240694789081886,0.022332506203473945,13.5,4.0
emblematica:E031438,2803,348,0.9558305176970738,1.0,0.46476948438803595,0.0028735632183908046,0.014367816091954023,0.02586206896551724,7.0,4.0
emblematica:E031439,2803,394,1.0,1.0,0.4781336675309192,0.0025380710659898475,0.012690355329949238,0.025380710659898477,7.0,5.0
emblematica:E031440,2803,543,0.9368077570869661,1.0,0.4451565650417797,0.001841620626151013,0.007366482504604052,0.016574585635359115,17.0,5.0
emblematica:E031441,2803,447,1.0,1.0,0.5708943389887953,0.0022371364653243847,0.011185682326621925,0.02237136465324385,18.0,4.0
emblematica:E031442,2803,583,0.8899541168509599,1.0,0.4227226373212759,0.0017152658662092624,0.00686106346483705,0.015437392795883362,11.0,4.0
emblematica:E031443,2803,374,0.9575861412006987,1.0,0.4116478339073352,0.00267379679144385,0.013368983957219251,0.02406417112299465,3.0,5.0
emblematica:E031445,2803,458,1.0,1.0,0.4713253105187952,0.002183406113537118,0.010917030567685589,0.021834061135371178,9.0,5.0
emblematica:E031446,2803,445,1.0,1.0,0.4705730140519768,0.0022471910112359553,0.011235955056179775,0.02247191011235955,5.0,4.0
emblematica:E031451,2803,284,0.5444885018854574,0.25,0.23515097107164662,0.0,0.0035211267605633804,0.01056338028169014,1.0,5.0
emblematica:E031452,2803,674,0.9432379215722525,1.0,0.5166991725626464,0.001483679525222552,0.005934718100890208,0.013353115727002967,30.0,4.5
emblematica:E031453,2803,743,0.9537125187088151,1.0,0.5566296126563648,0.0013458950201884253,0.006729475100942127,0.012113055181695828,9.0,5.0
emblematica:E031455,2803,415,0.8449729251438657,1.0,0.48948835268458024,0.0024096385542168677,0.00963855421686747,0.016867469879518072,10.0,5.0
emblematica:E031456,2803,838,0.9510907186004266,1.0,0.5609453370326725,0.0011933174224343676,0.0059665871121718375,0.010739856801909307,8.0,5.0
emblematica:E031459,2803,382,0.9510907186004266,1.0,0.4154076615322607,0.002617801047120419,0.010471204188481676,0.020942408376963352,4.0,5.0
emblematica:E031460,2803,526,1.0,1.0,0.5150053687102757,0.0019011406844106464,0.009505703422053232,0.019011406844106463,9.0,5.0
emblematica:E031462,2803,403,0.9668728882728055,1.0,0.44198926780190284,0.0024813895781637717,0.01240694789081886,0.022332506203473945,15.0,4.5
emblematica:E031463,2803,395,0.91746558763822,1.0,0.38034352594470305,0.002531645569620253,0.010126582278481013,0.02278481012658228,4.0,4.0
emblematica:E031466,2803,380,0.9363792118010481,1.0,0.39314589691716945,0.002631578947368421,0.013157894736842105,0.02368421052631579,10.0,5.0
emblematica:E031467,2803,460,0.9368077570869661,1.0,0.42809956741385946,0.002173913043478261,0.008695652173913044,0.01956521739130435,17.0,4.0
emblematica:E031468,2803,483,0.9266360779006398,1.0,0.464398854232519,0.002070393374741201,0.008281573498964804,0.016563146997929608,22.0,5.0
emblematica:E031469,2803,245,0.3168170642491314,0.07692307692307693,0.21649253267972757,0.0,0.0,0.0,6.5,5.0
emblematica:E031470,2803,461,0.7693459911795208,1.0,0.381084336837238,0.0021691973969631237,0.008676789587852495,0.013015184381778741,17.0,4.0
emblematica:E031472,2803,178,0.8532721558012798,0.5,0.37629555152178046,0.0,0.02247191011235955,0.05056179775280899,5.0,5.0
emblematica:E031474,2803,288,0.668072605438585,0.3333333333333333,0.3169287057107296,0.0,0.006944444444444444,0.013888888888888888,3.0,5.0
emblematica:E031475,2803,365,1.0,1.0,0.3745629233736717,0.0027397260273972603,0.0136986301369863,0.024657534246575342,4.0,6.0
emblematica:E031476,2803,182,0.6745004660453573,1.0,0.22815832931221178,0.005494505494505495,0.016483516483516484,0.016483516483516484,8.0,5.0
emblematica:E031477,2803,169,0.6783110498355187,1.0,0.2588507018672553,0.005917159763313609,0.011834319526627219,0.023668639053254437,9.5,5.0
emblematica:E031478,2803,385,0.968189605900524,1.0,0.42633179377687286,0.0025974025974025974,0.012987012987012988,0.023376623376623377,3.0,4.0
emblematica:E031479,2803,101,0.7710914779688179,1.0,0.34695523588630606,0.009900990099009901,0.04950495049504951,0.0594059405940594,4.0,5.0
emblematica:E031480,2803,593,1.0,1.0,0.47195112376598086,0.0016863406408094434,0.008431703204047217,0.016863406408094434,12.0,4.0
emblematica:E031481,2803,599,0.9101919590159235,1.0,0.5115910487854741,0.001669449081803005,0.00667779632721202,0.01335559265442404,4.5,5.0
emblematica:E031483,2803,375,0.9035650050446237,1.0,0.3541839032324418,0.0026666666666666666,0.013333333333333334,0.021333333333333333,16.5,4.0
emblematica:E031487,2803,257,1.0,1.0,0.47240710258953045,0.0038910505836575876,0.019455252918287938,0.038910505836575876,15.0,5.0
emblematica:E031491,2803,177,0.7888470725253411,0.5,0.38443916843122006,0.0,0.011299435028248588,0.03389830508474576,2.0,5.0
emblematica:E031497,2803,289,0.9294415579191921,1.0,0.385996163270924,0.0034602076124567475,0.01730103806228374,0.031141868512110725,9.0,5.0
emblematica:E031500,2803,430,1.0,1.0,0.4333132023425599,0.002325581395348837,0.011627906976744186,0.023255813953488372,11.0,4.0
emblematica:E031502,2803,385,0.94497705842548,1.0,0.47153797215869764,0.0025974025974025974,0.012987012987012988,0.023376623376623377,9.0,5.0
emblematica:E031503,2803,327,0.8037669272595352,1.0,0.33558480457147305,0.0030581039755351682,0.009174311926605505,0.024464831804281346,8.0,5.0
emblematica:E031504,2803,547,1.0,1.0,0.5506019807582122,0.0018281535648994515,0.009140767824497258,0.018281535648994516,10.0,5.0
emblematica:E031507,2803,481,1.0,0.5,0.42139000688402095,0.0,0.006237006237006237,0.016632016632016633,8.0,4.5
emblematica:E031508,2803,444,1.0,1.0,0.45988067790562315,0.0022522522522522522,0.01126126126126126,0.02252252252252252,5.0,5.0
emblematica:E031509,2803,866,0.9510907186004266,1.0,0.564540131727218,0.0011547344110854503,0.005773672055427252,0.010392609699769052,13.0,5.5
emblematica:E031510,2803,544,1.0,1.0,0.5208675543461952,0.001838235294117647,0.009191176470588236,0.01838235294117647,10.0,6.0
emblematica:E031511,2803,59,0.5309539175792377,1.0,0.11422371613160122,0.01694915254237288,0.03389830508474576,0.03389830508474576,2.0,5.0
emblematica:E031512,2803,209,0.9575861412006987,1.0,0.5702136339270987,0.004784688995215311,0.023923444976076555,0.0430622009569378,4.0,5.0
emblematica:E033033,2803,166,0.44281305753755196,0.25,0.07793740537195767,0.0,0.006024096385542169,0.012048192771084338,8.0,4.0
emblematica:E033035,2803,37,0.3775028156362593,0.1111111111111111,0.028577919613557233,0.0,0.0,0.02702702702702703,7.5,3.5
emblematica:E033036,2803,37,0.37962081462451813,0.125,0.07316965798282704,0.0,0.0,0.02702702702702703,4.0,4.0
emblematica:E033038,2803,37,0.3333333333333333,0.005555555555555556,0.01770733931781683,0.0,0.0,0.0,4.0,4.0
emblematica:E033039,2803,507,0.368704394328819,0.041666666666666664,0.14648418693598161,0.0,0.0,0.0,9.0,4.0
emblematica:E033040,2803,12,0.3333333333333333,0.038461538461538464,0.008260536022567289,0.0,0.0,0.0,1.0,5.0
emblematica:E033041,2803,59,0.470077778218629,0.5,0.05540127302350777,0.0,0.01694915254237288,0.03389830508474576,3.0,4.0
emblematica:E033042,2803,46,0.3900954117610806,0.2,0.04478035225949017,0.0,0.021739130434782608,0.021739130434782608,4.5,4.0
emblematica:E033043,2803,87,0.3333333333333333,0.041666666666666664,0.028580251706913872,0.0,0.0,0.0,5.0,3.0
emblematica:E033044,2803,333,0.38224261473290666,0.14285714285714285,0.10647520673339213,0.0,0.0,0.003003003003003003,18.0,3.0
emblematica:E033045,2803,7,0.3333333333333333,0.05,0.023768738447880692,0.0,0.0,0.0,2.0,6.0
emblematica:E033046,2803,73,0.36954345214203826,0.08333333333333333,0.06125236006241217,0.0,0.0,0.0,14.5,4.5
emblematica:E033047,2803,118,0.5484844173648727,0.25,0.05204347600101971,0.0,0.01694915254237288,0.025423728813559324,12.0,4.0
emblematica:E033048,2803,33,0.37574719213263447,0.1,0.02154917266533281,0.0,0.0,0.030303030303030304,2.5,3.0
emblematica:E033049,2803,275,0.5340469066541508,1.0,0.09748414295623581,0.0036363636363636364,0.0036363636363636364,0.007272727272727273,10.0,4.0
emblematica:E033050,2803,331,0.3491313940615917,0.07142857142857142,0.11090312489565353,0.0,0.0,0.0,4.0,4.0
emblematica:E033051,2803,363,0.37574719213263447,0.1,0.13271724393136838,0.0,0.0,0.0027548209366391185,11.5,3.5
emblematica:E033052,2803,62,0.3333333333333333,0.07142857142857142,0.031172069272427046,0.0,0.0,0.0,8.0,4.0
emblematica:E033053,2803,27,0.48006117753205335,1.0,0.08509062745721307,0.037037037037037035,0.037037037037037035,0.037037037037037035,1.0,4.5
emblematica:E033054,2803,56,0.3333333333333333,0.05,0.03152210923360359,0.0,0.0,0.0,8.0,3.0
emblematica:E033055,2803,39,0.4304964461053829,0.3333333333333333,0.07684903504982883,0.0,0.02564102564102564,0.02564102564102564,3.0,4.5
emblematica:E033056,2803,25,0.3333333333333333,0.006289308176100629,0.00971070982960912,0.0,0.0,0.0,3.0,5.0
emblematica:E033057,2803,41,0.4117412470366374,0.2,0.028155840607143656,0.0,0.024390243902439025,0.024390243902439025,4.0,4.0
emblematica:E033058,2803,42,0.4182691257554896,0.3333333333333333,0.027584938860605483,0.0,0.023809523809523808,0.023809523809523808,6.0,4.0
emblematica:E033059,2803,16,0.38224261473290666,0.14285714285714285,0.030590300588953255,0.0,0.0,0.0625,2.5,4.0
emblematica:E033060,2803,138,0.3333333333333333,0.06666666666666667,0.07246985641938813,0.0,0.0,0.0,9.5,3.5
emblematica:E033061,2803,60,0.37962081462451813,0.125,0.056508973904484235,0.0,0.0,0.016666666666666666,11.0,4.0
emblematica:E033062,2803,30,0.3333333333333333,0.03571428571428571,0.022940275835608724,0.0,0.0,0.0,5.0,3.0
emblematica:E033063,2803,32,0.4096905592220609,0.5,0.033418542315545585,0.0,0.03125,0.03125,3.0,4.0
emblematica:E033064,2803,303,0.5368232559598007,1.0,0.11134500225938658,0.0033003300330033004,0.006600660066006601,0.006600660066006601,15.0,4.5
emblematica:E033065,2803,46,0.3333333333333333,0.045454545454545456,0.021145649476729724,0.0,0.0,0.0,8.0,3.0
emblematica:E033066,2803,3,0.4676037933279578,0.0011337868480725624,0.001463602347023696,0.0,0.0,0.0,1.5,4.5
emblematica:E033067,2803,104,0.38559884598578353,0.16666666666666666,0.061130326856037316,0.0,0.0,0.009615384615384616,5.0,3.0
emblematica:E033068,2803,113,0.3333333333333333,0.058823529411764705,0.044353174779561265,0.0,0.0,0.0,10.0,3.0
emblematica:E033069,2803,54,0.42590829591570295,0.5,0.030484865762212657,0.0,0.018518518518518517,0.018518518518518517,5.0,3.0
emblematica:E033070,2803,90,0.3333333333333333,0.058823529411764705,0.039366195303671615,0.0,0.0,0.0,22.0,4.0
emblematica:E033071,2803,43,0.3333333333333333,0.009433962264150943,0.014676508182158127,0.0,0.0,0.0,5.0,4.0
emblematica:E033072,2803,14,0.3700152943830133,0.08333333333333333,0.01879490525533869,0.0,0.0,0.0,3.5,3.0
emblematica:E033073,2803,62,0.40669725543269336,0.3333333333333333,0.029370680639935275,0.0,0.016129032258064516,0.016129032258064516,4.0,5.0
emblematica:E033074,2803,19,0.3333333333333333,0.014285714285714285,0.006022035610914106,0.0,0.0,0.0,2.0,3.0
emblematica:E033075,2803,4,0.38177842114904814,0.1,0.026980762927845525,0.0,0.0,0.25,2.0,3.0
emblematica:E033076,2803,134,0.3333333333333333,0.08333333333333333,0.05632242683254863,0.0,0.0,0.0,8.0,4.0
emblematica:E033077,2803,64,0.392846079432732,0.14285714285714285,0.031827493663021206,0.0,0.0,0.015625,2.0,5.0
emblematica:E033078,2803,54,0.3775028156362593,0.1111111111111111,0.0260340317003314,0.0,0.0,0.018518518518518517,3.5,5.0
emblematica:E033079,2803,28,0.3333333333333333,0.04,0.0139673747763425,0.0,0.0,0.0,4.0,4.0
emblematica:E033080,2803,199,0.4454348576459405,0.25,0.06835285882874136,0.0,0.005025125628140704,0.010050251256281407,9.0,4.0
emblematica:E033081,2803,119,0.40669725543269336,0.3333333333333333,0.07277112154042299,0.0,0.008403361344537815,0.008403361344537815,17.5,3.0
emblematica:E033082,2803,53,0.3439367980331586,0.047619047619047616,0.022414819108969267,0.0,0.0,0.0,5.5,3.5
emblematica:E033083,2803,59,0.37574719213263447,0.1,0.0495453605616048,0.0,0.0,0.01694915254237288,5.0,4.5
emblematica:E033084,2803,45,0.39652557624636714,0.25,0.056202548972505886,0.0,0.022222222222222223,0.022222222222222223,6.5,4.0
emblematica:E033085,2803,53,0.3333333333333333,0.010752688172043012,0.019591132116797985,0.0,0.0,0.0,8.0,5.0
emblematica:E033086,2803,107,0.3775028156362593,0.1111111111111111,0.05468342327473276,0.0,0.0,0.009345794392523364,11.5,4.0
emblematica:E033087,2803,106,0.43900469316065394,0.03125,0.05029053564918625,0.0,0.0,0.0,5.5,3.5
emblematica:E033088,2803,32,0.3333333333333333,0.015873015873015872,0.011892164097999971,0.0,0.0,0.0,1.0,4.0
emblematica:E033089,2803,44,0.38559884598578353,0.16666666666666666,0.019048558099181614,0.0,0.0,0.022727272727272728,11.5,3.0
emblematica:E041082,2803,113,0.7494881649378593,1.0,0.11912473112035853,0.008849557522123894,0.02654867256637168,0.05309734513274336,9.0,3.0
emblematica:E041083,2803,27,0.6281163770768368,1.0,0.10573591501742466,0.037037037037037035,0.07407407407407407,0.1111111111111111,4.0,4.0
emblematica:E041084,2803,26,0.5281494187930094,1.0,0.11821204917746567,0.038461538461538464,0.07692307692307693,0.11538461538461539,5.0,4.0
emblematica:E041085,2803,37,0.5972078405240034,1.0,0.10963555890034038,0.02702702702702703,0.05405405405405406,0.08108108108108109,3.5,5.5
emblematica:E041086,2803,73,0.7916472565189691,1.0,0.11426830188368585,0.0136986301369863,0.0410958904109589,0.0958904109589041,1.5,4.0
emblematica:E041087,2803,60,0.5605178947431941,1.0,0.080125109105578,0.016666666666666666,0.03333333333333333,0.03333333333333333,8.0,5.0
emblematica:E041088,2803,24,0.6166173425444472,1.0,0.14257314670651175,0.041666666666666664,0.125,0.125,2.0,3.5
emblematica:E041089,2803,127,0.5534250996314135,1.0,0.08334342504492533,0.007874015748031496,0.015748031496062992,0.015748031496062992,8.0,4.0
emblematica:E041090,2803,25,0.7388779427463891,1.0,0.2088197080892925,0.04,0.16,0.2,4.0,4.0
emblematica:E041091,2803,63,0.4016672820838768,0.2,0.052576411702716486,0.0,0.015873015873015872,0.015873015873015872,1.0,4.0
emblematica:E041092,2803,91,0.6582273825636765,1.0,0.10709257070932565,0.01098901098901099,0.03296703296703297,0.03296703296703297,6.5,4.0
emblematica:E041093,2803,454,0.6828544479172031,1.0,0.1587961667225078,0.0022026431718061676,0.006607929515418502,0.00881057268722467,18.0,4.0
