query_id,n_candidates,n_exact_relevant,ndcg_at_10,reciprocal_rank,average_precision,recall_at_1,recall_at_5,recall_at_10,median_query_label_frequency,median_query_hierarchy_depth
iconclass-ai:130e17_019r.jpg,1713,2,0.08306348908497369,0.0011086474501108647,0.0012983713441030514,0.0,0.0,0.0,1.0,5.0
iconclass-ai:130e17_031v.jpg,1713,0,0.22719477743387767,,,,,,1.0,5.0
iconclass-ai:130e18_066v.jpg,1713,4,0.18595923533175038,0.25,0.1145594213295074,0.0,0.25,0.25,3.5,3.5
iconclass-ai:131f19_008r.jpg,1713,18,0.02944639195967375,0.02857142857142857,0.019540521570256666,0.0,0.0,0.0,7.0,5.0
iconclass-ai:131f19_015r.jpg,1713,54,0.04936583428102613,0.020833333333333332,0.024774077089943,0.0,0.0,0.0,55.0,4.0
iconclass-ai:131f19_032r.jpg,1713,28,0.056303098613799465,0.01818181818181818,0.0359589268511931,0.0,0.0,0.0,15.0,7.5
iconclass-ai:133a1_010r_min.jpg,1713,34,0.6447688002908645,1.0,0.2683275777637736,0.029411764705882353,0.11764705882352941,0.14705882352941177,8.0,7.0
iconclass-ai:133a1_010v_min.jpg,1713,37,0.60156321427897,1.0,0.24366704928855662,0.02702702702702703,0.08108108108108109,0.10810810810810811,3.0,5.0
iconclass-ai:133a1_011r_min.jpg,1713,30,0.7046676247368322,1.0,0.26870722230233607,0.03333333333333333,0.13333333333333333,0.16666666666666666,2.0,5.0
iconclass-ai:133a1_136r_min.jpg,1713,52,0.6142887630489816,1.0,0.2878031616198904,0.019230769230769232,0.07692307692307693,0.07692307692307693,3.0,5.5
iconclass-ai:133a1_139v_min.jpg,1713,64,0.4006081941235998,1.0,0.12145368689492976,0.015625,0.015625,0.046875,9.5,5.0
iconclass-ai:133a1_149r_min.jpg,1713,52,0.5809503548619952,1.0,0.25253948344375265,0.019230769230769232,0.07692307692307693,0.07692307692307693,9.5,5.0
iconclass-ai:133e22_067v_min.jpg,1713,18,0.2405819678530373,0.3333333333333333,0.10555048030035953,0.0,0.05555555555555555,0.05555555555555555,10.0,3.0
iconclass-ai:133e22_085v_min.jpg,1713,5,0.33271543631000966,0.5,0.14782097474364114,0.0,0.2,0.4,3.5,3.0
iconclass-ai:133h31_014v.jpg,1713,16,0.1552072109184662,0.1,0.07507569108610368,0.0,0.0,0.0625,10.0,5.0
iconclass-ai:133h31_078v.jpg,1713,0,0.3754457657807819,,,,,,1.0,6.0
iconclass-ai:133h31_120v.jpg,1713,4,0.3769946707153384,1.0,0.28770299777100483,0.25,0.25,0.25,3.5,3.5
iconclass-ai:133h31_141v.jpg,1713,0,0.4471220051387831,,,,,,1.0,4.5
iconclass-ai:133m131_013v_min.jpg,1713,3,0.4784475829357559,1.0,0.3808358817533129,0.3333333333333333,0.3333333333333333,0.3333333333333333,3.0,5.5
iconclass-ai:133m131_078r_init.jpg,1713,32,0.5955959642747558,1.0,0.35131856466454575,0.03125,0.09375,0.15625,4.0,6.0
iconclass-ai:133m131_136v_init.jpg,1713,36,0.9314015146436591,1.0,0.6208158144015589,0.027777777777777776,0.1388888888888889,0.25,5.0,5.0
iconclass-ai:134c47_016v.jpg,1713,17,0.3269396745429666,1.0,0.1606141209082083,0.058823529411764705,0.058823529411764705,0.058823529411764705,7.0,4.0
iconclass-ai:134c47_027r.jpg,1713,0,0.04820534253831782,,,,,,1.0,6.0
iconclass-ai:134c47_045v.jpg,1713,3,0.6081820384371798,0.5,0.3619047619047619,0.0,0.3333333333333333,1.0,4.0,4.0
iconclass-ai:134c47_064v.jpg,1713,3,0.13410469582672827,0.09090909090909091,0.08178419222422674,0.0,0.0,0.0,4.0,5.0
iconclass-ai:134c47_082r.jpg,1713,18,0.2840243175327814,0.5,0.04238806532097958,0.0,0.05555555555555555,0.05555555555555555,2.0,5.0
iconclass-ai:134c47_091v.jpg,1713,31,0.37827254805206256,1.0,0.11295010703051933,0.03225806451612903,0.03225806451612903,0.06451612903225806,6.0,5.0
iconclass-ai:135e40_030r_init.jpg,1713,32,1.0,1.0,0.8423585882333146,0.03125,0.15625,0.3125,5.0,5.0
iconclass-ai:135e40_053r_init.jpg,1713,33,0.8782007989961891,1.0,0.5425645246602819,0.030303030303030304,0.15151515151515152,0.24242424242424243,3.5,5.0
iconclass-ai:135e40_056v_init.jpg,1713,33,1.0,1.0,0.5881890419976339,0.030303030303030304,0.15151515151515152,0.30303030303030304,5.0,5.0
iconclass-ai:135e40_077r_init.jpg,1713,35,0.44481974318807255,1.0,0.2777896448923638,0.02857142857142857,0.02857142857142857,0.08571428571428572,3.0,5.5
iconclass-ai:135e40_086r_init.jpg,1713,34,0.9411073569294319,1.0,0.679673551373438,0.029411764705882353,0.14705882352941177,0.2647058823529412,3.0,5.0
iconclass-ai:135e40_132r_init.jpg,1713,33,0.8753569251845651,1.0,0.5924884330194714,0.030303030303030304,0.15151515151515152,0.24242424242424243,5.0,6.0
iconclass-ai:135g22_169r.jpg,1713,32,0.45391299350173075,0.5,0.31379756483995375,0.0,0.0625,0.15625,1.0,5.0
iconclass-ai:135g9_001v.jpg,1713,27,0.15945322480239868,0.004347826086956522,0.011068578677502139,0.0,0.0,0.0,1.0,5.0
iconclass-ai:70-quod-1s_fac055.jpg,1713,15,0.20048196261103027,0.16666666666666666,0.02402522158501477,0.0,0.0,0.06666666666666667,8.5,4.0
iconclass-ai:71a16_009r_min.jpg,1713,0,,,,,,,1.0,
iconclass-ai:71a16_209r_min.jpg,1713,0,0.030255457708230744,,,,,,1.0,4.0
iconclass-ai:74g37_017v_min.jpg,1713,17,0.11698320417113368,0.14285714285714285,0.030865038493344685,0.0,0.0,0.058823529411764705,1.0,5.0
iconclass-ai:76f20_033r.jpg,1713,38,0.6102291284762725,1.0,0.17675884000922137,0.02631578947368421,0.05263157894736842,0.10526315789473684,2.0,5.0
iconclass-ai:76f20_038v.jpg,1713,2,0.19174492548412056,0.022727272727272728,0.02079759862778731,0.0,0.0,0.0,2.0,4.5
iconclass-ai:76f20_071r.jpg,1713,35,0.3435342453997135,0.3333333333333333,0.18922131535512451,0.0,0.05714285714285714,0.08571428571428572,4.0,5.0
iconclass-ai:76f20_105r.jpg,1713,34,0.4910103341333525,1.0,0.18411384280177337,0.029411764705882353,0.029411764705882353,0.11764705882352941,4.0,5.0
iconclass-ai:76f20_124r.jpg,1713,17,0.09519054178690374,0.002070393374741201,0.007265937603614814,0.0,0.0,0.0,5.5,5.0
iconclass-ai:76f20_166v.jpg,1713,1,0.1533931361773226,0.0012484394506866417,0.0012484394506866417,0.0,0.0,0.0,2.0,5.0
iconclass-ai:76f20_168r.jpg,1713,0,0.2567455780157763,,,,,,1.0,4.0
iconclass-ai:76f20_172v.jpg,1713,14,0.2853935840048402,0.16666666666666666,0.12269148153494276,0.0,0.0,0.07142857142857142,2.5,6.0
iconclass-ai:76f20_174v.jpg,1713,8,0.061996132496623654,0.006535947712418301,0.005929618187238057,0.0,0.0,0.0,1.0,4.5
iconclass-ai:76f20_176v.jpg,1713,0,0.46334510311047805,,,,,,1.0,5.0
iconclass-ai:76f20_178v.jpg,1713,51,0.401857455055902,0.2,0.07248306228615861,0.0,0.0196078431372549,0.0196078431372549,13.0,5.0
iconclass-ai:76f7_025v_min.jpg,1713,0,0.42706757822863917,,,,,,1.0,5.0
iconclass-ai:76f7_027v_min.jpg,1713,42,0.27538321019161766,0.1111111111111111,0.05217780306454928,0.0,0.0,0.023809523809523808,3.5,4.5
iconclass-ai:76f7_033v_min.jpg,1713,5,0.1738767910648317,0.125,0.06108376975636477,0.0,0.0,0.2,2.0,6.0
iconclass-ai:76f7_054v_init.jpg,1713,36,0.7668601969893164,1.0,0.4819988513786777,0.027777777777777776,0.08333333333333333,0.19444444444444445,3.5,4.5
iconclass-ai:76f7_055r_init.jpg,1713,37,0.8499760415267608,1.0,0.5255322815127962,0.02702702702702703,0.10810810810810811,0.21621621621621623,2.5,5.5
iconclass-ai:76f7_059v_min.jpg,1713,2,0.18844157188634433,0.038461538461538464,0.031135531135531136,0.0,0.0,0.0,3.0,5.0
iconclass-ai:76f7_069r_min.jpg,1713,3,0.2909442404515142,0.14285714285714285,0.13946631284092584,0.0,0.0,0.3333333333333333,4.0,4.0
iconclass-ai:76f7_076v_min.jpg,1713,0,0.6583697901208049,,,,,,1.0,5.0
iconclass-ai:76f7_086v_init.jpg,1713,72,0.6587420506446205,0.5,0.32690701192206145,0.0,0.041666666666666664,0.09722222222222222,7.0,5.0
iconclass-ai:76f7_102r_init_onder.jpg,1713,32,0.9420275544774096,1.0,0.7352312824518747,0.03125,0.15625,0.28125,1.5,5.5
iconclass-ai:76f7_103r_init_boven.jpg,1713,32,0.8758565370942372,1.0,0.7127680855371552,0.03125,0.15625,0.25,2.5,5.5
iconclass-ai:76f7_104r_init.jpg,1713,34,0.6346302678393164,1.0,0.4825994309182494,0.029411764705882353,0.08823529411764706,0.14705882352941177,3.0,6.0
iconclass-ai:76f7_158v_min.jpg,1713,9,0.1579030193929295,0.07142857142857142,0.026264465813764168,0.0,0.0,0.0,3.5,4.0
iconclass-ai:76g14_005r.jpg,1713,0,0.20890555765405958,,,,,,1.0,5.0
iconclass-ai:76g14_007r.jpg,1713,1,0.2348829773880032,0.000741839762611276,0.000741839762611276,0.0,0.0,0.0,1.0,5.0
iconclass-ai:76g14_007v.jpg,1713,3,0.22958467443083197,0.009174311926605505,0.012534921018141685,0.0,0.0,0.0,4.0,4.0
iconclass-ai:76g14_008v.jpg,1713,3,0.1974926795179665,0.0049504950495049506,0.006120003324959361,0.0,0.0,0.0,4.0,4.0
iconclass-ai:76g14_009v.jpg,1713,4,0.13592513505060985,0.0024449877750611247,0.004392353689562234,0.0,0.0,0.0,5.0,4.0
iconclass-ai:76g14_012r.jpg,1713,1,0.2777241386813096,0.0019230769230769232,0.0019230769230769232,0.0,0.0,0.0,2.0,4.0
iconclass-ai:76g14_013r.jpg,1713,2,0.09731037778935374,0.03571428571428571,0.049107142857142856,0.0,0.0,0.0,3.0,4.0
iconclass-ai:76g14_014r.jpg,1713,16,0.23584163810106185,0.3333333333333333,0.10790414948850631,0.0,0.0625,0.125,3.5,5.0
iconclass-ai:76g14_015v.jpg,1713,20,0.38234759433801674,1.0,0.15955027561262386,0.05,0.1,0.1,6.0,5.0
iconclass-ai:76g14_035r.jpg,1713,4,0.18808077686982652,0.019230769230769232,0.010130160287357134,0.0,0.0,0.0,3.0,4.5
iconclass-ai:76g14_061r.jpg,1713,0,0.5589653740600234,,,,,,1.0,5.0
iconclass-ai:76g14_080r.jpg,1713,0,0.4228903522249203,,,,,,1.0,7.0
iconclass-ai:76g14_088r.jpg,1713,1,0.2517517330825682,0.03125,0.03125,0.0,0.0,0.0,2.0,5.0
iconclass-ai:76g14_094r.jpg,1713,3,0.13626545050745262,0.058823529411764705,0.07768865121806298,0.0,0.0,0.0,4.0,5.0
iconclass-ai:76g18_018v.jpg,1713,37,0.4740415247190307,1.0,0.2357079092493216,0.02702702702702703,0.05405405405405406,0.10810810810810811,3.0,5.0
iconclass-ai:76g18_019v.jpg,1713,38,0.5160004136902189,1.0,0.20208088441126335,0.02631578947368421,0.05263157894736842,0.10526315789473684,7.0,5.0
iconclass-ai:76g18_043r.jpg,1713,2,0.5426205643545672,1.0,0.5131578947368421,0.5,0.5,0.5,1.0,5.0
iconclass-ai:76g2_003v_init.jpg,1713,32,0.631007620365198,1.0,0.22662829763017484,0.03125,0.125,0.15625,3.0,5.0
iconclass-ai:76g2_188v_init.jpg,1713,50,0.8224762212429026,1.0,0.4051585633704118,0.02,0.1,0.14,4.0,6.0
iconclass-ai:76g2_310v_init.jpg,1713,33,0.7291855608819228,1.0,0.36718309760941964,0.030303030303030304,0.12121212121212122,0.18181818181818182,2.0,5.0
iconclass-ai:76g2_370v_init.jpg,1713,55,0.8881549192639214,1.0,0.30265846471855473,0.01818181818181818,0.09090909090909091,0.14545454545454545,5.0,5.0
iconclass-ai:76g2_381v_init.jpg,1713,32,0.9216017310213246,1.0,0.4763421352870791,0.03125,0.15625,0.28125,3.0,5.5
iconclass-ai:76g2_383v_init.jpg,1713,55,0.9216017310213246,1.0,0.32020629396885447,0.01818181818181818,0.09090909090909091,0.16363636363636364,5.0,5.0
iconclass-ai:76g2_384v_init.jpg,1713,55,0.9305687780632227,1.0,0.31524224887064844,0.01818181818181818,0.09090909090909091,0.16363636363636364,5.0,5.0
iconclass-ai:76g2_392v_init.jpg,1713,36,0.8749005883891399,1.0,0.38512493392910563,0.027777777777777776,0.1388888888888889,0.2222222222222222,3.0,5.0
iconclass-ai:77l60_018v_min.jpg,1713,41,0.4248955849211145,1.0,0.09249255667444228,0.024390243902439025,0.024390243902439025,0.024390243902439025,7.0,4.5
iconclass-ai:77l60_036v_min.jpg,1713,1,0.3266053019714294,0.0625,0.0625,0.0,0.0,0.0,1.5,4.5
iconclass-ai:CESR_0009_114_img_01.jpg,1713,103,0.3792044492121404,0.5,0.11730063781714516,0.0,0.019417475728155338,0.019417475728155338,3.0,4.0
iconclass-ai:CESR_0009_172_img_01.jpg,1713,145,0.7464670461524131,1.0,0.19352572696573708,0.006896551724137931,0.013793103448275862,0.034482758620689655,3.5,4.0
iconclass-ai:CESR_0009_237_img_01.jpg,1713,131,0.826191429718216,1.0,0.14576153044559703,0.007633587786259542,0.022900763358778626,0.022900763358778626,2.0,3.0
iconclass-ai:CESR_0009_410_img_01.jpg,1713,51,1.0,0.5,0.08514379275765598,0.0,0.0196078431372549,0.0392156862745098,2.5,4.0
iconclass-ai:CESR_0009_444_img_01.jpg,1713,82,0.8466294908687605,1.0,0.1303236629965599,0.012195121951219513,0.024390243902439025,0.036585365853658534,1.5,4.0
iconclass-ai:alchab_26-8-med-2s_fac026.jpg,1713,5,0.055573464839332475,0.008333333333333333,0.005516918890410773,0.0,0.0,0.0,3.0,8.0
iconclass-ai:alchab_29-2-med-2f_fac009.jpg,1713,15,0.04923094383554063,0.005154639175257732,0.007786609995687687,0.0,0.0,0.0,1.0,4.0
iconclass-ai:alchab_li-51_fac026.jpg,1713,45,0.01375573539363001,0.00558659217877095,0.020203531575432206,0.0,0.0,0.0,4.0,3.0
iconclass-ai:alchab_mf-2f-6-2b_fac0057.jpg,1713,5,0.5780434739265946,1.0,0.30433064112737435,0.2,0.4,0.4,1.0,9.0
iconclass-ai:alchab_mf-2f-6-2b_fac0061.jpg,1713,8,0.533732471361638,1.0,0.43125517252355483,0.125,0.25,0.375,2.0,6.0
iconclass-ai:alchab_na-2f-3-2_fac026.jpg,1713,15,0.57728738797051,0.25,0.13181322800080322,0.0,0.13333333333333333,0.2,8.5,4.0
iconclass-ai:alchab_na-2f-3-2_fac039.jpg,1713,20,0.7215194105726963,1.0,0.3199457691842638,0.05,0.2,0.35,8.0,4.0
iconclass-ai:alchab_na-2f-3-2_fac047.jpg,1713,0,0.16912975051024498,,,,,,1.0,4.0
iconclass-ai:alchab_na-2f-3-2_fac048.jpg,1713,0,,,,,,,1.0,
iconclass-ai:alchab_na-2f-3-2_fac058.jpg,1713,0,,,,,,,1.0,
iconclass-ai:alchab_na-2f-3-2_fac061.jpg,1713,0,0.10255244956676696,,,,,,1.0,4.0
iconclass-ai:alchab_na-2f-3-2_fac062.jpg,1713,0,,,,,,,1.0,
iconclass-ai:alchab_na-2f-3-2_fac105.jpg,1713,16,0.6668856731463847,1.0,0.3007397544987885,0.0625,0.1875,0.3125,9.5,4.5
iconclass-ai:alchab_na-2f-3-2_fac107.jpg,1713,16,0.5175430780833511,1.0,0.19648419832000705,0.0625,0.125,0.1875,9.5,4.5
iconclass-ai:alchab_na-2f-3-2_fac152.jpg,1713,1,0.4919666429804665,1.0,1.0,1.0,1.0,1.0,1.5,3.0
iconclass-ai:alchab_na-2f-3-2_fac213.jpg,1713,31,0.5711751974212377,1.0,0.1488853988971214,0.03225806451612903,0.06451612903225806,0.16129032258064516,9.0,4.5
iconclass-ai:alchab_na-2f-3-2_fac370.jpg,1713,1,0.8288375827062878,1.0,1.0,1.0,1.0,1.0,1.5,4.5
iconclass-ai:alchab_na-2f-3-2_fac411.jpg,1713,24,0.049935780246406054,0.05555555555555555,0.020336070681047588,0.0,0.0,0.0,7.5,4.0
iconclass-ai:alchab_na-2f-3-2_fac456.jpg,1713,22,0.7376850030706308,1.0,0.27434119633368015,0.045454545454545456,0.13636363636363635,0.2727272727272727,6.5,3.5
iconclass-ai:alchab_na-2f-3-2_fac462.jpg,1713,9,0.5927623429927243,1.0,0.3504909527850279,0.1111111111111111,0.2222222222222222,0.4444444444444444,2.0,6.0
iconclass-ai:alchab_na-2f-3-2_fac471.jpg,1713,18,0.6909080086511933,1.0,0.28169976138758823,0.05555555555555555,0.16666666666666666,0.3333333333333333,12.0,3.5
iconclass-ai:alchab_na-2f-3-2_fac487.jpg,1713,18,0.73715465849646,1.0,0.3274304376182306,0.05555555555555555,0.2222222222222222,0.3333333333333333,5.0,3.5
iconclass-ai:alchab_nd-283-2s_fac051.jpg,1713,15,0.015350754398348819,0.058823529411764705,0.014957052224733708,0.0,0.0,0.0,9.0,4.5
iconclass-ai:alchab_nd-283-2s_fac175.jpg,1713,15,0.4949856169221283,1.0,0.16004394510267372,0.06666666666666667,0.13333333333333333,0.2,9.0,4.5
iconclass-ai:alchab_oc-77-2_fac0753.jpg,1713,1,0.3328033468853777,0.02564102564102564,0.02564102564102564,0.0,0.0,0.0,2.0,9.0
iconclass-ai:alchab_oc-77-2_fac0981.jpg,1713,22,0.33544122503021684,0.2,0.029649491983428377,0.0,0.045454545454545456,0.045454545454545456,12.5,4.0
iconclass-ai:alchab_oc-77-2_fac1233.jpg,1713,16,0.4155984347981182,0.3333333333333333,0.09668885143673428,0.0,0.125,0.1875,7.0,3.0
iconclass-ai:alchab_oc-77-2_fac1252.jpg,1713,16,0.2994578954352948,1.0,0.07229936224227566,0.0625,0.0625,0.0625,7.0,3.0
iconclass-ai:alchab_oc-77-2_fac1265.jpg,1713,5,0.5125180081259063,0.5,0.20620562100438264,0.0,0.2,0.4,6.0,5.0
iconclass-ai:alchab_od-215_fac011.jpg,1713,32,0.18025809538048557,0.06666666666666667,0.035362555127553805,0.0,0.0,0.0,1.0,4.0
iconclass-ai:alchab_wa-2f-98_fac010.jpg,1713,3,0.25371500285335874,0.5,0.16812984233798714,0.0,0.3333333333333333,0.3333333333333333,2.0,6.0
iconclass-ai:alchab_xb-3628_fac003.jpg,1713,15,0.046819988771616604,0.005376344086021506,0.008417806143615203,0.0,0.0,0.0,1.0,4.0
iconclass-ai:alchab_xb-3832_fac113.jpg,1713,5,0.0,0.022222222222222223,0.014146185524620066,0.0,0.0,0.0,6.0,5.0
iconclass-ai:bsb00024923_12.jpg,1713,34,0.7044288063249281,1.0,0.2537102897074519,0.029411764705882353,0.08823529411764706,0.17647058823529413,5.0,4.0
iconclass-ai:bsb00024923_33.jpg,1713,40,0.6951260364186028,1.0,0.2319526786519687,0.025,0.075,0.15,5.0,4.0
iconclass-ai:bsb00024923_34.jpg,1713,35,0.7268947658745875,1.0,0.327634670540411,0.02857142857142857,0.11428571428571428,0.17142857142857143,4.0,4.0
iconclass-ai:bsb00024923_7.jpg,1713,81,0.8665472602781749,1.0,0.4854613122935412,0.012345679012345678,0.06172839506172839,0.09876543209876543,44.0,3.0
iconclass-ai:bsb00024923_8.jpg,1713,81,0.851554314272949,1.0,0.5689048534622357,0.012345679012345678,0.04938271604938271,0.09876543209876543,44.0,3.0
iconclass-ai:bsb00025107_10.jpg,1713,0,0.08022903955419326,,,,,,1.0,4.0
iconclass-ai:bsb00025107_32.jpg,1713,0,0.2816633408503339,,,,,,1.0,5.0
iconclass-ai:bsb00025307_21.jpg,1713,4,0.16960672588894438,0.006802721088435374,0.010341931494005228,0.0,0.0,0.0,2.0,7.0
iconclass-ai:bsb00025307_7.jpg,1713,9,0.14464837903495265,0.5,0.07185102726765795,0.0,0.1111111111111111,0.1111111111111111,2.0,3.0
iconclass-ai:bsb00025457_12.jpg,1713,0,0.32633284021699105,,,,,,1.0,3.0
iconclass-ai:bsb00025460_153.jpg,1713,2,0.21139495598527222,0.004784688995215311,0.005368534973798132,0.0,0.0,0.0,3.0,5.0
iconclass-ai:bsb00025460_234.jpg,1713,2,0.4310297429367349,0.25,0.13908450704225353,0.0,0.5,0.5,3.0,3.0
iconclass-ai:bsb00025460_42.jpg,1713,3,0.30824430215368936,0.2,0.1254428341384863,0.0,0.3333333333333333,0.3333333333333333,4.0,4.0
iconclass-ai:bsb00025460_7.jpg,1713,3,0.16393652363898853,0.0010050251256281408,0.0017707142622582857,0.0,0.0,0.0,2.5,4.5
iconclass-ai:bsb00025460_94.jpg,1713,2,0.14918005633652184,0.0625,0.0365975935828877,0.0,0.0,0.0,3.0,5.0
iconclass-ai:bsb00025600_129.jpg,1713,34,0.75510140804023,1.0,0.37722357264895645,0.029411764705882353,0.11764705882352941,0.20588235294117646,4.0,4.0
iconclass-ai:bsb00025600_135.jpg,1713,34,0.611866844439116,1.0,0.2879016912113337,0.029411764705882353,0.08823529411764706,0.14705882352941177,4.0,3.5
iconclass-ai:bsb00025600_154.jpg,1713,84,0.8899541168509599,1.0,0.7142172014969611,0.011904761904761904,0.047619047619047616,0.10714285714285714,34.0,4.0
iconclass-ai:bsb00025600_238.jpg,1713,81,1.0,1.0,0.8144566146081252,0.012345679012345678,0.06172839506172839,0.12345679012345678,44.0,3.0
iconclass-ai:bsb00025600_502.jpg,1713,47,0.4939111163448044,1.0,0.12549829449821479,0.02127659574468085,0.06382978723404255,0.06382978723404255,9.0,2.0
iconclass-ai:bsb00025600_548.jpg,1713,34,1.0,1.0,0.668369471130662,0.029411764705882353,0.14705882352941177,0.29411764705882354,19.5,3.0
iconclass-ai:bsb00025600_549.jpg,1713,33,0.804027047432956,1.0,0.48443954990416743,0.030303030303030304,0.12121212121212122,0.21212121212121213,19.0,3.0
iconclass-ai:bsb00025600_56.jpg,1713,36,0.8711704024123963,1.0,0.4634813142245347,0.027777777777777776,0.1388888888888889,0.2222222222222222,5.0,4.0
iconclass-ai:bsb00025600_560.jpg,1713,33,0.30318262813120644,0.16666666666666666,0.2124730427907415,0.0,0.0,0.09090909090909091,18.5,3.0
iconclass-ai:bsb00025600_561.jpg,1713,46,0.6765476774253418,1.0,0.2153359304505169,0.021739130434782608,0.06521739130434782,0.13043478260869565,9.0,3.5
iconclass-ai:bsb00025600_564.jpg,1713,34,0.638960968070987,1.0,0.2788128693499131,0.029411764705882353,0.08823529411764706,0.17647058823529413,4.5,2.0
iconclass-ai:bsb00025600_576.jpg,1713,34,0.8677182466561868,1.0,0.4646954673971249,0.029411764705882353,0.14705882352941177,0.23529411764705882,19.5,3.0
iconclass-ai:bsb00025600_578.jpg,1713,35,0.8776373356901354,1.0,0.3909891673687125,0.02857142857142857,0.14285714285714285,0.22857142857142856,20.0,3.0
iconclass-ai:bsb00025600_579.jpg,1713,46,0.846258397002038,1.0,0.3425375502283741,0.021739130434782608,0.08695652173913043,0.17391304347826086,6.0,4.0
iconclass-ai:bsb00025600_585.jpg,1713,34,0.933745776545611,1.0,0.5265649861136793,0.029411764705882353,0.14705882352941177,0.2647058823529412,19.5,3.0
iconclass-ai:bsb00025600_588.jpg,1713,33,0.7144864176099498,1.0,0.3969166162931871,0.030303030303030304,0.12121212121212122,0.18181818181818182,19.5,3.0
iconclass-ai:bsb00025600_600.jpg,1713,33,0.7468358277933602,1.0,0.37284278371298846,0.030303030303030304,0.12121212121212122,0.21212121212121213,19.0,3.0
iconclass-ai:bsb00025600_601.jpg,1713,33,0.9225971657803446,1.0,0.45693122001317943,0.030303030303030304,0.12121212121212122,0.2727272727272727,19.5,3.0
iconclass-ai:bsb00025600_602.jpg,1713,35,0.8089755443416805,1.0,0.33848986116734336,0.02857142857142857,0.14285714285714285,0.2,19.0,3.0
iconclass-ai:bsb00025600_604.jpg,1713,35,0.8842239102193153,1.0,0.444146966235494,0.02857142857142857,0.14285714285714285,0.22857142857142856,19.0,3.0
iconclass-ai:bsb00025600_61.jpg,1713,81,0.9432106656105236,1.0,0.7233621769827597,0.012345679012345678,0.06172839506172839,0.1111111111111111,44.0,3.0
iconclass-ai:bsb00025600_638.jpg,1713,81,0.8803273038110722,1.0,0.6345378338264714,0.012345679012345678,0.06172839506172839,0.09876543209876543,44.0,3.0
iconclass-ai:bsb00025600_68.jpg,1713,36,0.8059315565097191,1.0,0.336164573592878,0.027777777777777776,0.1388888888888889,0.19444444444444445,4.5,4.0
iconclass-ai:bsb00025600_69.jpg,1713,34,0.7454411913528035,1.0,0.3780434164893937,0.029411764705882353,0.14705882352941177,0.17647058823529413,5.0,4.0
iconclass-ai:bsb00025600_700.jpg,1713,34,0.8268133666517739,1.0,0.45195215181091153,0.029411764705882353,0.11764705882352941,0.23529411764705882,4.0,4.0
iconclass-ai:bsb00025600_719.jpg,1713,34,0.9305687780632227,1.0,0.41515066885944246,0.029411764705882353,0.14705882352941177,0.2647058823529412,4.0,4.0
iconclass-ai:bsb00025600_723.jpg,1713,50,0.6038744386369637,1.0,0.17140816352316032,0.02,0.08,0.08,9.0,5.0
iconclass-ai:bsb00025600_725.jpg,1713,75,0.5586043563705988,1.0,0.13673560546866464,0.013333333333333334,0.04,0.05333333333333334,12.5,4.5
iconclass-ai:bsb00025600_83.jpg,1713,35,0.8964538093297585,1.0,0.5094706133293836,0.02857142857142857,0.14285714285714285,0.22857142857142856,20.0,3.0
iconclass-ai:bsb00025969_257.jpg,1713,0,0.039831001836143534,,,,,,1.0,6.0
iconclass-ai:bsb00025969_261.jpg,1713,1,0.6902509218907366,1.0,1.0,1.0,1.0,1.0,2.0,6.0
iconclass-ai:bsb00025969_58.jpg,1713,2,0.043610497236608016,0.0018115942028985507,0.0022719173200285102,0.0,0.0,0.0,3.0,1.0
iconclass-ai:bsb00025969_687.jpg,1713,1,0.12922537548877314,0.004975124378109453,0.004975124378109453,0.0,0.0,0.0,2.0,5.0
iconclass-ai:bsb00026029_139.jpg,1713,1,0.0,0.0009794319294809011,0.0009794319294809011,0.0,0.0,0.0,2.0,4.0
iconclass-ai:bsb00026029_447.jpg,1713,1,0.15307333369535958,0.003125,0.003125,0.0,0.0,0.0,2.0,5.0
iconclass-ai:bsb00026029_549.jpg,1713,0,0.2947846506845786,,,,,,1.0,5.0
iconclass-ai:bsb00026029_562.jpg,1713,0,0.5414837950372576,,,,,,1.0,6.0
iconclass-ai:bsb00026029_568.jpg,1713,0,0.34114439602609226,,,,,,1.0,5.0
iconclass-ai:bsb00026029_860.jpg,1713,1,0.21195684603157006,0.0012658227848101266,0.0012658227848101266,0.0,0.0,0.0,1.0,3.0
iconclass-ai:bsb00026117_13.jpg,1713,0,0.0,,,,,,1.0,4.0
iconclass-ai:bsb00026461_190.jpg,1713,0,0.0,,,,,,1.0,4.0
iconclass-ai:bsb00026461_197.jpg,1713,1,0.5896957790502849,1.0,1.0,1.0,1.0,1.0,2.0,4.0
iconclass-ai:bsb00026461_203.jpg,1713,1,0.6892021965122976,1.0,1.0,1.0,1.0,1.0,2.0,4.0
iconclass-ai:bsb00026461_37.jpg,1713,28,0.22009176629808017,1.0,0.0547231091926864,0.03571428571428571,0.03571428571428571,0.03571428571428571,15.0,3.0
iconclass-ai:bsb00026461_43.jpg,1713,28,0.23001051228904837,1.0,0.067604883428152,0.03571428571428571,0.03571428571428571,0.03571428571428571,15.0,3.0
iconclass-ai:bsb00026697_116.jpg,1713,3,0.13598412089578235,0.0017730496453900709,0.0030371375726850557,0.0,0.0,0.0,4.0,3.0
iconclass-ai:bsb00026697_484.jpg,1713,4,0.16243812707447475,0.03571428571428571,0.027381582011474243,0.0,0.0,0.0,3.0,4.0
iconclass-ai:bsb00026697_528.jpg,1713,0,0.23011082351066886,,,,,,1.0,6.0
iconclass-ai:bsb00026916_4.jpg,1713,2,0.0,0.024390243902439025,0.014759224515322076,0.0,0.0,0.0,2.0,3.5
iconclass-ai:bsb00027184_127.jpg,1713,9,0.5857393324188127,1.0,0.49951301390254876,0.1111111111111111,0.4444444444444444,0.4444444444444444,3.0,3.0
iconclass-ai:bsb00027184_133.jpg,1713,17,0.6352217132768533,1.0,0.2966045221623903,0.058823529411764705,0.23529411764705882,0.29411764705882354,7.0,5.0
iconclass-ai:bsb00027184_30.jpg,1713,29,0.4469011754358885,1.0,0.12705532523509586,0.034482758620689655,0.06896551724137931,0.10344827586206896,7.0,3.0
iconclass-ai:bsb00027184_52.jpg,1713,14,0.2374495717822745,1.0,0.12422748395794025,0.07142857142857142,0.07142857142857142,0.07142857142857142,7.0,4.0
iconclass-ai:bsb00027184_61.jpg,1713,6,0.5618365800663093,1.0,0.6257716049382717,0.16666666666666666,0.5,0.6666666666666666,2.0,3.0
iconclass-ai:bsb00027184_74.jpg,1713,14,0.522495596791931,1.0,0.26937165097359234,0.07142857142857142,0.21428571428571427,0.2857142857142857,7.0,4.0
iconclass-ai:bsb00027184_92.jpg,1713,15,0.46612776458420696,1.0,0.2303452113450799,0.06666666666666667,0.2,0.2,7.0,5.0
iconclass-ai:bsb00027260_115.jpg,1713,0,0.579609786913495,,,,,,1.0,2.0
iconclass-ai:bsb00027260_122.jpg,1713,0,0.9536220435819276,,,,,,1.0,4.5
iconclass-ai:bsb00027260_128.jpg,1713,1,0.3977729609928797,0.018518518518518517,0.018518518518518517,0.0,0.0,0.0,1.5,5.0
iconclass-ai:bsb00027260_130.jpg,1713,2,0.500453568596979,0.0031847133757961785,0.004136885949984603,0.0,0.0,0.0,1.0,4.0
iconclass-ai:bsb00027260_136.jpg,1713,6,0.2799238199850074,0.07142857142857142,0.04232703430565846,0.0,0.0,0.0,3.0,4.0
iconclass-ai:bsb00027260_14.jpg,1713,0,0.7328724294674335,,,,,,1.0,6.5
iconclass-ai:bsb00027260_144.jpg,1713,0,0.7244459688882399,,,,,,1.0,4.5
iconclass-ai:bsb00027260_17.jpg,1713,0,0.9513981446442559,,,,,,1.0,4.5
iconclass-ai:bsb00027260_20.jpg,1713,0,0.9513981446442559,,,,,,1.0,4.0
iconclass-ai:bsb00027260_209.jpg,1713,0,0.7612010300274467,,,,,,1.0,5.0
iconclass-ai:bsb00027260_215.jpg,1713,0,0.8781749213086989,,,,,,1.0,5.0
iconclass-ai:bsb00027260_237.jpg,1713,0,0.5026412936026836,,,,,,1.0,2.0
iconclass-ai:bsb00027260_287.jpg,1713,0,0.5956292102268548,,,,,,1.0,2.0
iconclass-ai:bsb00027260_291.jpg,1713,0,0.5816270764071189,,,,,,1.0,2.0
iconclass-ai:bsb00027260_303.jpg,1713,0,0.056788861936051885,,,,,,1.0,4.0
iconclass-ai:bsb00027260_32.jpg,1713,0,1.0,,,,,,1.0,5.0
iconclass-ai:bsb00027260_325.jpg,1713,0,0.7494240178199131,,,,,,1.0,7.0
iconclass-ai:bsb00027260_329.jpg,1713,0,0.5142455214464668,,,,,,1.0,2.0
iconclass-ai:bsb00027260_345.jpg,1713,0,0.5974208219079425,,,,,,1.0,2.0
iconclass-ai:bsb00027260_355.jpg,1713,0,0.7545327611816661,,,,,,1.0,5.0
iconclass-ai:bsb00027260_375.jpg,1713,0,0.7512237850062539,,,,,,1.0,2.0
iconclass-ai:bsb00027260_379.jpg,1713,1,0.48805513051590155,0.02127659574468085,0.02127659574468085,0.0,0.0,0.0,1.5,5.0
iconclass-ai:bsb00027260_380.jpg,1713,0,1.0,,,,,,1.0,5.0
iconclass-ai:bsb00027260_388.jpg,1713,0,0.9247950921900383,,,,,,1.0,5.0
iconclass-ai:bsb00027260_399.jpg,1713,0,0.6107146259500603,,,,,,1.0,5.0
iconclass-ai:bsb00027260_419.jpg,1713,0,0.8894032934925936,,,,,,1.0,4.0
iconclass-ai:bsb00027260_424.jpg,1713,2,0.7980857414171703,0.002369668246445498,0.003153338060230623,0.0,0.0,0.0,1.0,4.0
iconclass-ai:bsb00027260_427.jpg,1713,2,0.6927435022949587,0.2,0.13846153846153847,0.0,0.5,0.5,1.0,2.0
iconclass-ai:bsb00027260_428.jpg,1713,0,0.5296543694491709,,,,,,1.0,2.0
iconclass-ai:bsb00027260_430.jpg,1713,0,0.6752127007150406,,,,,,1.0,2.5
iconclass-ai:bsb00027260_46.jpg,1713,0,0.9207954237157486,,,,,,1.0,5.0
iconclass-ai:bsb00027260_460.jpg,1713,2,0.5838153601104833,0.037037037037037035,0.0328042328042328,0.0,0.0,0.0,1.0,2.0
iconclass-ai:bsb00027260_48.jpg,1713,0,0.968189605900524,,,,,,1.0,5.0
iconclass-ai:bsb00027260_490.jpg,1713,0,0.7692524826743056,,,,,,1.0,2.0
iconclass-ai:bsb00027260_510.jpg,1713,1,0.6722682102573468,0.005555555555555556,0.005555555555555556,0.0,0.0,0.0,1.0,5.0
iconclass-ai:bsb00027260_517.jpg,1713,0,0.9574284411791893,,,,,,1.0,5.0
iconclass-ai:bsb00027260_554.jpg,1713,0,0.8010997911711453,,,,,,1.0,4.0
iconclass-ai:bsb00027260_559.jpg,1713,4,0.8349678677167606,0.04,0.02197148090005233,0.0,0.0,0.0,3.0,3.5
iconclass-ai:bsb00027260_572.jpg,1713,4,0.4700182601018591,0.007874015748031496,0.007359570876168861,0.0,0.0,0.0,3.0,4.0
iconclass-ai:bsb00027260_614.jpg,1713,0,0.863443834987606,,,,,,1.0,2.0
iconclass-ai:bsb00027260_63.jpg,1713,0,0.8840645190798294,,,,,,1.0,5.0
iconclass-ai:bsb00027260_655.jpg,1713,0,0.6839541467666849,,,,,,1.0,2.0
iconclass-ai:bsb00027260_668.jpg,1713,0,0.9652843890316114,,,,,,1.0,4.5
iconclass-ai:bsb00027260_686.jpg,1713,1,0.5567161771647549,0.0012285012285012285,0.0012285012285012285,0.0,0.0,0.0,1.5,3.0
iconclass-ai:bsb00027260_691.jpg,1713,0,0.6406313533816436,,,,,,1.0,3.5
iconclass-ai:bsb00027260_705.jpg,1713,0,0.92663607790064,,,,,,1.0,5.0
iconclass-ai:bsb00027260_707.jpg,1713,0,0.3393710905114771,,,,,,1.0,5.5
iconclass-ai:bsb00027260_709.jpg,1713,1,0.7598407233796177,0.0014577259475218659,0.0014577259475218659,0.0,0.0,0.0,1.5,3.5
iconclass-ai:bsb00027260_718.jpg,1713,0,0.6714920520082944,,,,,,1.0,2.0
iconclass-ai:bsb00027260_727.jpg,1713,2,0.4419566760508968,0.007407407407407408,0.006662283585360508,0.0,0.0,0.0,2.0,5.0
iconclass-ai:bsb00027260_736.jpg,1713,1,0.0,0.004347826086956522,0.004347826086956522,0.0,0.0,0.0,2.0,4.0
iconclass-ai:bsb00027260_74.jpg,1713,0,0.6447356365332964,,,,,,1.0,4.0
iconclass-ai:bsb00027260_744.jpg,1713,1,0.43867785588497765,0.008130081300813009,0.008130081300813009,0.0,0.0,0.0,1.0,4.0
iconclass-ai:bsb00027260_763.jpg,1713,2,0.2413259240554814,0.007246376811594203,0.004551693512575189,0.0,0.0,0.0,2.0,5.5
iconclass-ai:bsb00027260_764.jpg,1713,0,0.6415715014802867,,,,,,1.0,2.0
iconclass-ai:bsb00027260_94.jpg,1713,0,0.6299020196623001,,,,,,1.0,2.0
iconclass-ai:bsb00027260_98.jpg,1713,0,0.7023428274548255,,,,,,1.0,2.0
iconclass-ai:bsb00027261_153.jpg,1713,1,0.324668586134147,0.007518796992481203,0.007518796992481203,0.0,0.0,0.0,2.0,4.0
iconclass-ai:bsb00027261_170.jpg,1713,0,0.822072222447825,,,,,,1.0,4.0
iconclass-ai:bsb00027261_233.jpg,1713,0,0.3832083347623174,,,,,,1.0,4.5
iconclass-ai:bsb00027261_242.jpg,1713,0,0.7159811272961853,,,,,,1.0,4.0
iconclass-ai:bsb00027261_245.jpg,1713,0,0.2875957815931241,,,,,,1.0,2.0
iconclass-ai:bsb00027261_264.jpg,1713,0,0.7212303294842729,,,,,,1.0,4.0
iconclass-ai:bsb00027261_295.jpg,1713,5,0.32126821223127017,0.08333333333333333,0.05678010294200736,0.0,0.0,0.0,3.5,4.5
iconclass-ai:bsb00027261_303.jpg,1713,1,0.3319124421118295,0.047619047619047616,0.047619047619047616,0.0,0.0,0.0,1.5,4.0
iconclass-ai:bsb00027261_307.jpg,1713,1,0.4334351407084998,0.041666666666666664,0.041666666666666664,0.0,0.0,0.0,2.0,4.0
iconclass-ai:bsb00027261_378.jpg,1713,2,0.3601649446018575,0.005376344086021506,0.006246890904220717,0.0,0.0,0.0,2.0,5.5
iconclass-ai:bsb00027261_384.jpg,1713,0,0.5251114788874441,,,,,,1.0,5.0
iconclass-ai:bsb00027261_387.jpg,1713,2,0.30495025602188575,0.02,0.011179245283018868,0.0,0.0,0.0,2.5,5.5
iconclass-ai:bsb00027261_400.jpg,1713,4,0.400428723727786,0.3333333333333333,0.2291521486643438,0.0,0.5,0.5,3.5,4.5
iconclass-ai:bsb00027261_416.jpg,1713,0,0.7574426947120536,,,,,,1.0,4.0
iconclass-ai:bsb00027261_421.jpg,1713,0,0.2956451168875751,,,,,,1.0,2.5
iconclass-ai:bsb00027261_427.jpg,1713,1,0.0,0.0053475935828877,0.0053475935828877,0.0,0.0,0.0,2.0,4.0
iconclass-ai:bsb00027261_445.jpg,1713,0,0.49722620923797634,,,,,,1.0,4.0
iconclass-ai:bsb00027261_462.jpg,1713,11,0.4912370530652983,0.25,0.05612160136767213,0.0,0.09090909090909091,0.09090909090909091,6.5,3.5
iconclass-ai:bsb00027261_95.jpg,1713,1,0.5449165213251906,0.01818181818181818,0.01818181818181818,0.0,0.0,0.0,2.0,4.0
iconclass-ai:bsb00027346_11.jpg,1713,0,0.29406706060839394,,,,,,1.0,4.0
iconclass-ai:bsb00027346_146.jpg,1713,0,0.568723408758376,,,,,,1.0,4.0
iconclass-ai:bsb00027346_208.jpg,1713,0,0.4162211199842439,,,,,,1.0,3.0
iconclass-ai:bsb00027346_211.jpg,1713,0,0.07155787466530582,,,,,,1.0,5.5
iconclass-ai:bsb00027346_72.jpg,1713,0,0.39057491147301704,,,,,,1.0,5.5
iconclass-ai:bsb00027346_86.jpg,1713,0,0.35894607465095296,,,,,,1.0,4.0
iconclass-ai:bsb00027477_103.jpg,1713,0,0.3608284733458536,,,,,,1.0,5.0
iconclass-ai:bsb00027477_105.jpg,1713,4,0.5154332599263031,1.0,0.32793356341673857,0.25,0.25,0.5,3.0,5.0
iconclass-ai:bsb00027477_119.jpg,1713,4,0.5598589310377071,1.0,0.34075091575091576,0.25,0.25,0.5,3.0,5.0
iconclass-ai:bsb00027477_12.jpg,1713,4,0.37345406276651855,0.125,0.11370655985971624,0.0,0.0,0.5,3.0,5.0
iconclass-ai:bsb00027477_121.jpg,1713,0,0.687309038586538,,,,,,1.0,4.0
iconclass-ai:bsb00027477_129.jpg,1713,2,0.19123236260198087,0.02,0.01308641975308642,0.0,0.0,0.0,3.0,5.0
iconclass-ai:bsb00027477_132.jpg,1713,0,0.6310132706343561,,,,,,1.0,5.0
iconclass-ai:bsb00027477_136.jpg,1713,0,0.6149665673120557,,,,,,1.0,7.0
iconclass-ai:bsb00027477_38.jpg,1713,0,0.48284369052935,,,,,,1.0,5.0
iconclass-ai:bsb00027477_47.jpg,1713,0,0.8337617931526271,,,,,,1.0,4.5
iconclass-ai:bsb00027477_82.jpg,1713,2,0.24032892552566718,0.05,0.027610966057441254,0.0,0.0,0.0,3.0,3.0
iconclass-ai:bsb00027477_9.jpg,1713,1,0.2661413296293285,0.0012195121951219512,0.0012195121951219512,0.0,0.0,0.0,2.0,5.0
iconclass-ai:bsb00027697_23.jpg,1713,21,0.02608119715732309,0.015384615384615385,0.016456652844809398,0.0,0.0,0.0,12.0,5.0
iconclass-ai:bsb00027697_34.jpg,1713,7,0.03418726914433064,0.0014184397163120568,0.003262837594195769,0.0,0.0,0.0,4.5,4.5
iconclass-ai:bsb00027697_86.jpg,1713,1,0.03380223492019252,0.0006697923643670462,0.0006697923643670462,0.0,0.0,0.0,1.5,4.0
iconclass-ai:bsb00027852_107.jpg,1713,0,0.7383063027276527,,,,,,1.0,3.0
iconclass-ai:bsb00027852_118.jpg,1713,0,0.6678488217594967,,,,,,1.0,3.0
iconclass-ai:bsb00027852_119.jpg,1713,0,0.6231736606858032,,,,,,1.0,3.0
iconclass-ai:bsb00027852_127.jpg,1713,0,0.21691853966716296,,,,,,1.0,3.0
iconclass-ai:bsb00027852_131.jpg,1713,0,0.7666368414022229,,,,,,1.0,3.0
iconclass-ai:bsb00027852_133.jpg,1713,0,0.8725218735698325,,,,,,1.0,3.0
iconclass-ai:bsb00027852_134.jpg,1713,0,0.8165919173204037,,,,,,1.0,3.0
iconclass-ai:bsb00027852_136.jpg,1713,0,0.35349385771521585,,,,,,1.0,5.0
iconclass-ai:bsb00027852_144.jpg,1713,0,0.6282127780551873,,,,,,1.0,3.0
iconclass-ai:bsb00027852_155.jpg,1713,0,0.7448903505310001,,,,,,1.0,3.0
iconclass-ai:bsb00027852_157.jpg,1713,0,0.8980736652548897,,,,,,1.0,3.0
iconclass-ai:bsb00027852_159.jpg,1713,1,0.479872978836471,0.007246376811594203,0.007246376811594203,0.0,0.0,0.0,2.0,5.0
iconclass-ai:bsb00027852_165.jpg,1713,0,0.6471370613681223,,,,,,1.0,4.0
iconclass-ai:bsb00027852_17.jpg,1713,0,0.7637312973864399,,,,,,1.0,3.0
iconclass-ai:bsb00027852_172.jpg,1713,0,0.6820466669311774,,,,,,1.0,5.0
iconclass-ai:bsb00027852_173.jpg,1713,0,0.801454767956462,,,,,,1.0,3.0
iconclass-ai:bsb00027852_179.jpg,1713,0,0.7861478723887212,,,,,,1.0,3.0
iconclass-ai:bsb00027852_180.jpg,1713,0,0.7490488952432168,,,,,,1.0,3.0
iconclass-ai:bsb00027852_183.jpg,1713,0,0.9372813848170596,,,,,,1.0,3.0
iconclass-ai:bsb00027852_184.jpg,1713,0,0.33801710508889643,,,,,,1.0,3.0
iconclass-ai:bsb00027852_186.jpg,1713,1,0.23343058351218107,0.009174311926605505,0.009174311926605505,0.0,0.0,0.0,2.0,5.0
iconclass-ai:bsb00027852_191.jpg,1713,0,0.855822057157324,,,,,,1.0,3.0
iconclass-ai:bsb00027852_192.jpg,1713,7,0.8822756529164361,0.1111111111111111,0.08152090644741201,0.0,0.0,0.14285714285714285,8.0,3.0
iconclass-ai:bsb00027852_198.jpg,1713,0,1.0,,,,,,1.0,3.0
iconclass-ai:bsb00027852_201.jpg,1713,0,0.7832150394150937,,,,,,1.0,3.0
iconclass-ai:bsb00027852_203.jpg,1713,0,0.859437561633204,,,,,,1.0,3.0
iconclass-ai:bsb00027852_204.jpg,1713,0,0.7822681519023221,,,,,,1.0,3.0
iconclass-ai:bsb00027852_206.jpg,1713,0,0.8532721558012798,,,,,,1.0,3.0
iconclass-ai:bsb00027852_209.jpg,1713,1,0.5286940645170957,0.009433962264150943,0.009433962264150943,0.0,0.0,0.0,2.0,5.0
iconclass-ai:bsb00027852_21.jpg,1713,0,0.886597885598083,,,,,,1.0,3.0
iconclass-ai:bsb00027852_216.jpg,1713,0,0.786729631147027,,,,,,1.0,3.0
iconclass-ai:bsb00027852_218.jpg,1713,0,0.5304401724688514,,,,,,1.0,6.0
iconclass-ai:bsb00027852_220.jpg,1713,0,0.6516581041470578,,,,,,1.0,3.0
iconclass-ai:bsb00027852_222.jpg,1713,0,0.7336207524107349,,,,,,1.0,5.0
iconclass-ai:bsb00027852_226.jpg,1713,0,0.8850858925833502,,,,,,1.0,3.0
iconclass-ai:bsb00027852_227.jpg,1713,0,0.3154234312365896,,,,,,1.0,4.0
iconclass-ai:bsb00027852_229.jpg,1713,0,0.608500177146287,,,,,,1.0,2.0
iconclass-ai:bsb00027852_23.jpg,1713,0,0.8440750338809825,,,,,,1.0,3.0
iconclass-ai:bsb00027852_232.jpg,1713,0,0.6777728569110769,,,,,,1.0,3.0
iconclass-ai:bsb00027852_237.jpg,1713,0,0.7545259203768899,,,,,,1.0,3.0
iconclass-ai:bsb00027852_240.jpg,1713,0,0.2593927250197998,,,,,,1.0,4.0
iconclass-ai:bsb00027852_241.jpg,1713,0,0.26361260941568465,,,,,,1.0,4.0
iconclass-ai:bsb00027852_253.jpg,1713,0,0.6537149333373952,,,,,,1.0,3.0
iconclass-ai:bsb00027852_255.jpg,1713,0,0.6342232665750902,,,,,,1.0,3.0
iconclass-ai:bsb00027852_257.jpg,1713,0,0.5324654368414581,,,,,,1.0,2.0
iconclass-ai:bsb00027852_264.jpg,1713,0,0.8183521026249203,,,,,,1.0,3.0
iconclass-ai:bsb00027852_265.jpg,1713,7,0.9266360779006398,0.5,0.1330113162198695,0.0,0.14285714285714285,0.14285714285714285,8.0,3.0
iconclass-ai:bsb00027852_277.jpg,1713,1,0.6518992490999592,0.010526315789473684,0.010526315789473684,0.0,0.0,0.0,2.0,3.0
iconclass-ai:bsb00027852_278.jpg,1713,1,0.6247250092891882,0.010309278350515464,0.010309278350515464,0.0,0.0,0.0,2.0,3.0
iconclass-ai:bsb00027852_281.jpg,1713,0,0.7561846408772269,,,,,,1.0,3.0
iconclass-ai:bsb00027852_284.jpg,1713,0,0.6958345982071436,,,,,,1.0,3.0
iconclass-ai:bsb00027852_286.jpg,1713,7,0.947926583547417,1.0,0.20600959715760084,0.14285714285714285,0.14285714285714285,0.2857142857142857,8.0,3.0
iconclass-ai:bsb00027852_292.jpg,1713,1,0.9404875240541908,0.014925373134328358,0.014925373134328358,0.0,0.0,0.0,2.0,3.0
iconclass-ai:bsb00027852_293.jpg,1713,1,0.9241693085043592,0.019230769230769232,0.019230769230769232,0.0,0.0,0.0,2.0,3.0
iconclass-ai:bsb00027852_295.jpg,1713,1,0.3542678983912654,0.0012077294685990338,0.0012077294685990338,0.0,0.0,0.0,2.0,6.0
iconclass-ai:bsb00027852_299.jpg,1713,0,0.7549995084991775,,,,,,1.0,3.0
iconclass-ai:bsb00027852_301.jpg,1713,0,0.880728067279981,,,,,,1.0,3.0
iconclass-ai:bsb00027852_302.jpg,1713,0,0.35039674235139673,,,,,,1.0,3.0
iconclass-ai:bsb00027852_306.jpg,1713,8,0.17425299225436783,0.006060606060606061,0.004924188889695344,0.0,0.0,0.0,9.0,6.0
iconclass-ai:bsb00027852_317.jpg,1713,0,0.748061423961772,,,,,,1.0,3.0
iconclass-ai:bsb00027852_318.jpg,1713,0,0.9055127247481158,,,,,,1.0,3.0
iconclass-ai:bsb00027852_324.jpg,1713,0,0.9537125187088151,,,,,,1.0,3.0
iconclass-ai:bsb00027852_325.jpg,1713,0,0.8432295618088597,,,,,,1.0,3.0
iconclass-ai:bsb00027852_340.jpg,1713,1,0.0,0.008130081300813009,0.008130081300813009,0.0,0.0,0.0,2.0,5.0
iconclass-ai:bsb00027852_342.jpg,1713,0,0.8005369399317639,,,,,,1.0,3.0
iconclass-ai:bsb00027852_346.jpg,1713,7,0.7751577608242308,1.0,0.18786403936392618,0.14285714285714285,0.14285714285714285,0.14285714285714285,8.0,3.0
iconclass-ai:bsb00027852_350.jpg,1713,0,0.5227883425975494,,,,,,1.0,3.0
iconclass-ai:bsb00027852_352.jpg,1713,0,0.6432284098741405,,,,,,1.0,3.0
iconclass-ai:bsb00027852_356.jpg,1713,0,0.5122316751957621,,,,,,1.0,3.0
iconclass-ai:bsb00027852_36.jpg,1713,0,0.884113699148598,,,,,,1.0,3.0
iconclass-ai:bsb00027852_365.jpg,1713,0,0.6803429108527883,,,,,,1.0,3.0
iconclass-ai:bsb00027852_367.jpg,1713,0,0.8312843805175899,,,,,,1.0,3.0
iconclass-ai:bsb00027852_371.jpg,1713,0,0.41260653306922573,,,,,,1.0,5.0
iconclass-ai:bsb00027852_372.jpg,1713,0,0.4531355737430325,,,,,,1.0,5.0
iconclass-ai:bsb00027852_374.jpg,1713,0,0.8532721558012798,,,,,,1.0,5.0
iconclass-ai:bsb00027852_377.jpg,1713,3,0.13759052471662409,0.0009689922480620155,0.0014645205789587015,0.0,0.0,0.0,4.0,5.0
iconclass-ai:bsb00027852_382.jpg,1713,0,0.6487157065672594,,,,,,1.0,3.0
iconclass-ai:bsb00027852_384.jpg,1713,0,0.8043628744017064,,,,,,1.0,3.0
iconclass-ai:bsb00027852_385.jpg,1713,7,0.7947774292982951,0.5,0.1589460602368313,0.0,0.14285714285714285,0.2857142857142857,8.0,3.0
iconclass-ai:bsb00027852_387.jpg,1713,1,0.4867894393379123,0.005319148936170213,0.005319148936170213,0.0,0.0,0.0,2.0,6.0
iconclass-ai:bsb00027852_391.jpg,1713,0,0.8307045160525316,,,,,,1.0,5.0
iconclass-ai:bsb00027852_393.jpg,1713,7,0.8337772152253419,0.037037037037037035,0.04062163488977256,0.0,0.0,0.0,8.0,3.0
iconclass-ai:bsb00027852_401.jpg,1713,2,0.0666015750878983,0.0013297872340425532,0.0018103689893007725,0.0,0.0,0.0,2.0,5.5
iconclass-ai:bsb00027852_402.jpg,1713,0,0.8611375561264454,,,,,,1.0,3.0
iconclass-ai:bsb00027852_406.jpg,1713,2,0.4779801184459595,0.04,0.020640614990390774,0.0,0.0,0.0,3.0,5.0
iconclass-ai:bsb00027852_409.jpg,1713,0,0.4990932633761438,,,,,,1.0,6.0
iconclass-ai:bsb00027852_411.jpg,1713,24,0.315680071311053,0.003937007874015748,0.012798328098532631,0.0,0.0,0.0,25.0,3.0
iconclass-ai:bsb00027852_416.jpg,1713,0,0.09928274765426146,,,,,,1.0,4.0
iconclass-ai:bsb00027852_424.jpg,1713,5,0.00798257024632133,0.0022471910112359553,0.0026253340526553046,0.0,0.0,0.0,6.0,7.0
iconclass-ai:bsb00027852_425.jpg,1713,1,0.6030191976286019,1.0,1.0,1.0,1.0,1.0,2.0,6.0
iconclass-ai:bsb00027852_426.jpg,1713,7,0.14296319903604182,0.07142857142857142,0.02906321626969441,0.0,0.0,0.0,8.0,4.0
iconclass-ai:bsb00027852_430.jpg,1713,2,0.02865069817556716,0.0011918951132300357,0.001636530282941761,0.0,0.0,0.0,3.0,7.0
iconclass-ai:bsb00027852_432.jpg,1713,1,0.2796776129333747,0.0007102272727272727,0.0007102272727272727,0.0,0.0,0.0,2.0,7.0
iconclass-ai:bsb00027852_441.jpg,1713,1,0.6819424877377706,1.0,1.0,1.0,1.0,1.0,2.0,6.0
iconclass-ai:bsb00027852_445.jpg,1713,0,0.5745138666883738,,,,,,1.0,3.0
iconclass-ai:bsb00027852_446.jpg,1713,0,0.1955640180669052,,,,,,1.0,4.0
iconclass-ai:bsb00027852_447.jpg,1713,0,0.24326787069708083,,,,,,1.0,6.0
iconclass-ai:bsb00027852_456.jpg,1713,0,0.34163242891581386,,,,,,1.0,6.0
iconclass-ai:bsb00027852_458.jpg,1713,0,0.6301185743173731,,,,,,1.0,6.0
iconclass-ai:bsb00027852_459.jpg,1713,7,0.18892649971426423,0.047619047619047616,0.0240363065990187,0.0,0.0,0.0,8.0,4.0
iconclass-ai:bsb00027852_463.jpg,1713,0,0.4162837679885075,,,,,,1.0,4.0
iconclass-ai:bsb00027852_465.jpg,1713,0,0.6281971829711234,,,,,,1.0,6.0
iconclass-ai:bsb00027852_466.jpg,1713,1,0.2827870812787105,0.009708737864077669,0.009708737864077669,0.0,0.0,0.0,2.0,4.0
iconclass-ai:bsb00027852_467.jpg,1713,0,0.24447460819661151,,,,,,1.0,6.0
iconclass-ai:bsb00027852_469.jpg,1713,0,0.24555712023651227,,,,,,1.0,6.0
iconclass-ai:bsb00027852_470.jpg,1713,0,0.5213138237364421,,,,,,1.0,6.0
iconclass-ai:bsb00027852_474.jpg,1713,7,0.1660581836962258,0.0625,0.030330439903678934,0.0,0.0,0.0,8.0,4.0
iconclass-ai:bsb00027852_475.jpg,1713,5,0.010135020166380656,0.011363636363636364,0.00493205268231224,0.0,0.0,0.0,6.0,7.0
iconclass-ai:bsb00027852_478.jpg,1713,0,0.0,,,,,,1.0,3.0
iconclass-ai:bsb00027852_481.jpg,1713,1,0.009383463270845238,0.001937984496124031,0.001937984496124031,0.0,0.0,0.0,2.0,5.0
iconclass-ai:bsb00027852_484.jpg,1713,0,0.3274773277551052,,,,,,1.0,5.0
iconclass-ai:bsb00027852_485.jpg,1713,1,0.3207361898553838,0.0014347202295552368,0.0014347202295552368,0.0,0.0,0.0,2.0,5.0
iconclass-ai:bsb00027852_486.jpg,1713,0,0.30410293222247564,,,,,,1.0,4.0
iconclass-ai:bsb00027852_487.jpg,1713,7,0.26369714731775307,0.16666666666666666,0.05723709846201397,0.0,0.0,0.14285714285714285,8.0,4.0
iconclass-ai:bsb00027852_49.jpg,1713,0,0.6889765026020953,,,,,,1.0,3.0
iconclass-ai:bsb00027852_492.jpg,1713,0,0.20643367473567342,,,,,,1.0,4.0
iconclass-ai:bsb00027852_498.jpg,1713,5,0.11751784329391252,0.0019569471624266144,0.0023142556606553693,0.0,0.0,0.0,6.0,6.0
iconclass-ai:bsb00027852_50.jpg,1713,0,0.9187528305403849,,,,,,1.0,3.0
iconclass-ai:bsb00027852_500.jpg,1713,0,0.2338479657610547,,,,,,1.0,4.0
iconclass-ai:bsb00027852_502.jpg,1713,4,0.3480309993383136,0.07142857142857142,0.027320640993853337,0.0,0.0,0.0,3.0,3.5
iconclass-ai:bsb00027852_503.jpg,1713,1,0.564444194462812,0.14285714285714285,0.14285714285714285,0.0,0.0,1.0,2.0,4.0
iconclass-ai:bsb00027852_504.jpg,1713,0,0.39349894176448047,,,,,,1.0,4.0
iconclass-ai:bsb00027852_505.jpg,1713,1,0.27425167134663886,0.0015552099533437014,0.0015552099533437014,0.0,0.0,0.0,2.0,6.0
iconclass-ai:bsb00027852_508.jpg,1713,0,0.3700651905785731,,,,,,1.0,4.0
iconclass-ai:bsb00027852_509.jpg,1713,3,0.25110021268267907,0.011494252873563218,0.010114486407589855,0.0,0.0,0.0,4.0,3.0
iconclass-ai:bsb00027852_51.jpg,1713,0,,,,,,,1.0,
iconclass-ai:bsb00027852_512.jpg,1713,0,0.5169732435369552,,,,,,1.0,5.0
iconclass-ai:bsb00027852_513.jpg,1713,1,0.2587447683625739,0.0013698630136986301,0.0013698630136986301,0.0,0.0,0.0,2.0,7.0
iconclass-ai:bsb00027852_514.jpg,1713,1,0.29102871628477256,0.002136752136752137,0.002136752136752137,0.0,0.0,0.0,2.0,4.0
iconclass-ai:bsb00027852_516.jpg,1713,3,0.26969884249104986,0.00145985401459854,0.001764162654058339,0.0,0.0,0.0,4.0,6.0
iconclass-ai:bsb00027852_522.jpg,1713,0,0.345803734026774,,,,,,1.0,3.0
iconclass-ai:bsb00027852_526.jpg,1713,0,0.4496684754182943,,,,,,1.0,6.0
iconclass-ai:bsb00027852_528.jpg,1713,0,0.7327992113438679,,,,,,1.0,5.0
iconclass-ai:bsb00027852_531.jpg,1713,3,0.3103727762496092,0.16666666666666666,0.06326213739301674,0.0,0.0,0.3333333333333333,4.0,3.0
iconclass-ai:bsb00027852_534.jpg,1713,0,0.5929487215628453,,,,,,1.0,4.0
iconclass-ai:bsb00027852_539.jpg,1713,0,0.6059227840532683,,,,,,1.0,6.0
iconclass-ai:bsb00027852_542.jpg,1713,0,0.3897313020173244,,,,,,1.0,6.0
iconclass-ai:bsb00027852_544.jpg,1713,0,0.4627373056396337,,,,,,1.0,4.0
iconclass-ai:bsb00027852_545.jpg,1713,1,0.3643738436115943,0.001669449081803005,0.001669449081803005,0.0,0.0,0.0,2.0,6.0
iconclass-ai:bsb00027852_548.jpg,1713,0,0.3145471059034827,,,,,,1.0,7.0
iconclass-ai:bsb00027852_549.jpg,1713,0,0.34431745158330185,,,,,,1.0,4.0
iconclass-ai:bsb00027852_556.jpg,1713,0,0.23075191999249392,,,,,,1.0,3.0
iconclass-ai:bsb00027852_558.jpg,1713,0,0.37965083165364605,,,,,,1.0,4.0
iconclass-ai:bsb00027852_559.jpg,1713,13,0.5530172276578871,0.5,0.20384220440476317,0.0,0.15384615384615385,0.3076923076923077,14.0,3.0
iconclass-ai:bsb00027852_56.jpg,1713,0,0.92663607790064,,,,,,1.0,5.0
iconclass-ai:bsb00027852_561.jpg,1713,0,0.37755208717388583,,,,,,1.0,4.0
iconclass-ai:bsb00027852_562.jpg,1713,13,0.36563290915635627,0.25,0.08240567249773065,0.0,0.07692307692307693,0.07692307692307693,14.0,3.0
iconclass-ai:bsb00027852_567.jpg,1713,0,0.7852118825139136,,,,,,1.0,6.0
iconclass-ai:bsb00027852_57.jpg,1713,0,0.5573514329580898,,,,,,1.0,5.0
iconclass-ai:bsb00027852_577.jpg,1713,13,0.5418069949743767,1.0,0.19839184774238097,0.07692307692307693,0.15384615384615385,0.15384615384615385,14.0,3.0
iconclass-ai:bsb00027852_578.jpg,1713,0,0.37800751279329514,,,,,,1.0,6.0
iconclass-ai:bsb00027852_580.jpg,1713,1,0.4245758423782923,0.030303030303030304,0.030303030303030304,0.0,0.0,0.0,2.0,4.0
iconclass-ai:bsb00027852_583.jpg,1713,0,0.40512388378121783,,,,,,1.0,4.0
iconclass-ai:bsb00027852_585.jpg,1713,0,0.3671978270938261,,,,,,1.0,4.0
iconclass-ai:bsb00027852_586.jpg,1713,13,0.21629364014570365,0.05263157894736842,0.0318822177029097,0.0,0.0,0.0,14.0,3.0
iconclass-ai:bsb00027852_587.jpg,1713,13,0.3991344296443307,0.14285714285714285,0.07743708648596223,0.0,0.0,0.15384615384615385,14.0,3.0
iconclass-ai:bsb00027852_589.jpg,1713,13,0.5750027102859319,1.0,0.1976889790924223,0.07692307692307693,0.15384615384615385,0.23076923076923078,14.0,3.0
iconclass-ai:bsb00027852_593.jpg,1713,1,0.4212866913821573,0.0018018018018018018,0.0018018018018018018,0.0,0.0,0.0,2.0,6.0
iconclass-ai:bsb00027852_596.jpg,1713,0,0.432014613230483,,,,,,1.0,4.0
iconclass-ai:bsb00027852_60.jpg,1713,0,0.508511591316132,,,,,,1.0,3.0
iconclass-ai:bsb00027852_600.jpg,1713,13,0.5582720002435103,1.0,0.2144900706599122,0.07692307692307693,0.15384615384615385,0.23076923076923078,14.0,3.0
iconclass-ai:bsb00027852_601.jpg,1713,4,0.22321351304736267,0.0020876826722338203,0.002688731334202491,0.0,0.0,0.0,5.0,4.0
iconclass-ai:bsb00027852_603.jpg,1713,14,0.18515234152887283,0.02040816326530612,0.016374340806122007,0.0,0.0,0.0,8.0,3.0
iconclass-ai:bsb00027852_605.jpg,1713,5,0.2494377585539271,0.16666666666666666,0.05708268676608622,0.0,0.0,0.2,3.5,5.0
iconclass-ai:bsb00027852_606.jpg,1713,5,0.3331881280996957,0.5,0.1530430260104953,0.0,0.2,0.4,6.0,6.0
iconclass-ai:bsb00027852_609.jpg,1713,0,0.24227029635461064,,,,,,1.0,4.0
iconclass-ai:bsb00027852_611.jpg,1713,3,0.24676420196768706,0.0010559662090813093,0.0019631882676017756,0.0,0.0,0.0,2.5,4.0
iconclass-ai:bsb00027852_612.jpg,1713,0,0.25819642088355377,,,,,,1.0,4.0
iconclass-ai:bsb00027852_616.jpg,1713,0,0.28576867851523946,,,,,,1.0,6.0
iconclass-ai:bsb00027852_619.jpg,1713,1,0.47215117712350685,0.022727272727272728,0.022727272727272728,0.0,0.0,0.0,2.0,2.0
iconclass-ai:bsb00027852_627.jpg,1713,0,0.27921868013720147,,,,,,1.0,4.0
iconclass-ai:bsb00027852_629.jpg,1713,5,0.196098690475516,0.014492753623188406,0.010382437306000695,0.0,0.0,0.0,6.0,6.0
iconclass-ai:bsb00027852_631.jpg,1713,6,0.2919394621344982,0.16666666666666666,0.03486932788520337,0.0,0.0,0.16666666666666666,7.0,4.0
iconclass-ai:bsb00027852_634.jpg,1713,0,0.3167770017476651,,,,,,1.0,4.0
iconclass-ai:bsb00027852_636.jpg,1713,0,0.4966561596359572,,,,,,1.0,6.0
iconclass-ai:bsb00027852_639.jpg,1713,6,0.3970148452228038,0.16666666666666666,0.032998875573585294,0.0,0.0,0.16666666666666666,7.0,4.0
iconclass-ai:bsb00027852_64.jpg,1713,0,0.7860736395338438,,,,,,1.0,3.0
iconclass-ai:bsb00027852_640.jpg,1713,0,0.22606127518668162,,,,,,1.0,4.0
iconclass-ai:bsb00027852_646.jpg,1713,1,0.29090720965827743,0.017857142857142856,0.017857142857142856,0.0,0.0,0.0,2.0,2.0
iconclass-ai:bsb00027852_648.jpg,1713,1,0.5350393013804022,1.0,1.0,1.0,1.0,1.0,2.0,4.0
iconclass-ai:bsb00027852_649.jpg,1713,0,,,,,,,1.0,
iconclass-ai:bsb00027852_651.jpg,1713,0,0.46150522933339494,,,,,,1.0,4.0
iconclass-ai:bsb00027852_654.jpg,1713,1,0.6323354263454188,1.0,1.0,1.0,1.0,1.0,2.0,4.0
iconclass-ai:bsb00027852_661.jpg,1713,0,0.2774131457690078,,,,,,1.0,4.0
iconclass-ai:bsb00027852_663.jpg,1713,1,0.27675775558619287,0.03225806451612903,0.03225806451612903,0.0,0.0,0.0,2.0,5.0
iconclass-ai:bsb00027852_667.jpg,1713,0,0.12716193801676257,,,,,,1.0,1.0
iconclass-ai:bsb00027852_668.jpg,1713,1,0.038279620507912886,0.0008857395925597874,0.0008857395925597874,0.0,0.0,0.0,2.0,5.0
iconclass-ai:bsb00027852_670.jpg,1713,6,0.13920800792037585,0.004608294930875576,0.005397496513768921,0.0,0.0,0.0,7.0,4.0
iconclass-ai:bsb00027852_69.jpg,1713,0,0.795085834095071,,,,,,1.0,3.0
iconclass-ai:bsb00027852_71.jpg,1713,0,0.8420541691018709,,,,,,1.0,3.0
iconclass-ai:bsb00027852_73.jpg,1713,0,0.7647296233152975,,,,,,1.0,3.0
iconclass-ai:bsb00027852_74.jpg,1713,0,0.8590187628098879,,,,,,1.0,5.0
iconclass-ai:bsb00027852_76.jpg,1713,0,0.6608832818103015,,,,,,1.0,3.0
iconclass-ai:bsb00027852_77.jpg,1713,2,0.5821032065260975,0.015625,0.00847961140760507,0.0,0.0,0.0,3.0,5.0
iconclass-ai:bsb00027852_82.jpg,1713,0,0.8481059552495521,,,,,,1.0,3.0
iconclass-ai:bsb00027852_85.jpg,1713,0,0.7253761295313897,,,,,,1.0,3.0
iconclass-ai:bsb00027852_89.jpg,1713,0,0.914856882358379,,,,,,1.0,3.0
iconclass-ai:bsb00027852_90.jpg,1713,0,0.40473588742211153,,,,,,1.0,6.0
iconclass-ai:bsb00027852_92.jpg,1713,0,0.8611375561264454,,,,,,1.0,3.0
iconclass-ai:bsb00027852_94.jpg,1713,0,0.8344452222962407,,,,,,1.0,3.0
iconclass-ai:bsb00027852_98.jpg,1713,0,1.0,,,,,,1.0,5.0
iconclass-ai:bsb00027852_99.jpg,1713,0,0.7890845340812795,,,,,,1.0,3.0
iconclass-ai:bsb00027894_17.jpg,1713,3,0.4685411638921853,0.2,0.18590785907859078,0.0,0.3333333333333333,0.6666666666666666,4.0,4.0
iconclass-ai:bsb00027894_18.jpg,1713,3,0.036550562306129304,0.006493506493506494,0.00970972180274506,0.0,0.0,0.0,4.0,4.0
iconclass-ai:bsb00027894_22.jpg,1713,5,0.7646446445226976,1.0,0.638831615120275,0.2,0.6,0.6,6.0,4.0
iconclass-ai:bsb00027894_23.jpg,1713,4,0.681724014313398,1.0,0.6626984126984127,0.25,0.5,0.75,5.0,4.0
iconclass-ai:bsb00027894_31.jpg,1713,6,0.28907134195404843,0.5,0.16056942041535202,0.0,0.16666666666666666,0.3333333333333333,7.0,3.0
iconclass-ai:bsb00027894_34.jpg,1713,6,0.03128514609521192,0.0125,0.01264634580797523,0.0,0.0,0.0,4.0,4.0
iconclass-ai:bsb00027894_48.jpg,1713,6,0.07366373991453437,0.1,0.0489128223697772,0.0,0.0,0.16666666666666666,7.0,3.0
iconclass-ai:bsb00027894_53.jpg,1713,6,0.08475686056510644,0.07142857142857142,0.038244498853191845,0.0,0.0,0.0,4.0,4.5
iconclass-ai:bsb00027894_54.jpg,1713,8,0.46074600317385134,1.0,0.21612009062554746,0.125,0.125,0.375,5.0,4.5
iconclass-ai:bsb00027894_57.jpg,1713,0,0.22967506584943698,,,,,,1.0,3.5
iconclass-ai:bsb00027894_58.jpg,1713,0,0.25177310401982617,,,,,,1.0,5.0
iconclass-ai:bsb00027894_59.jpg,1713,6,0.1966009061178067,0.1111111111111111,0.0919706860085752,0.0,0.0,0.16666666666666666,7.0,3.0
iconclass-ai:bsb00027894_76.jpg,1713,2,0.0,0.015873015873015872,0.01904761904761905,0.0,0.0,0.0,2.0,4.5
iconclass-ai:bsb00027894_77.jpg,1713,3,0.5738109555744542,0.5,0.4666666666666666,0.0,0.6666666666666666,1.0,2.5,4.5
iconclass-ai:bsb00027894_84.jpg,1713,0,0.440186018709655,,,,,,1.0,4.0
iconclass-ai:bsb00027948_100.jpg,1713,8,0.6431449446407964,1.0,0.6578165826801045,0.125,0.5,0.625,8.0,5.0
iconclass-ai:bsb00027948_112.jpg,1713,8,0.45002022875686043,1.0,0.4531728686577926,0.125,0.375,0.375,5.0,4.0
iconclass-ai:bsb00027948_122.jpg,1713,8,0.5574680785837371,1.0,0.49171815255163115,0.125,0.375,0.5,5.0,3.0
iconclass-ai:bsb00027948_130.jpg,1713,7,0.17071612622304852,0.5,0.19995025262029084,0.0,0.14285714285714285,0.14285714285714285,5.5,4.5
iconclass-ai:bsb00027948_32.jpg,1713,8,0.3480004278701295,0.3333333333333333,0.31566952868103765,0.0,0.125,0.5,8.0,5.0
iconclass-ai:bsb00027948_53.jpg,1713,8,0.4901136429945629,1.0,0.40966133004926114,0.125,0.25,0.5,8.0,5.0
iconclass-ai:bsb00027948_72.jpg,1713,8,0.28767042663599324,0.25,0.25687820512820514,0.0,0.25,0.375,8.0,5.0
iconclass-ai:bsb00029085_113.jpg,1713,8,0.4323162843437903,1.0,0.36909794126820117,0.125,0.25,0.375,8.0,5.0
iconclass-ai:bsb00029085_138.jpg,1713,7,0.5870064921077625,1.0,0.4338886700422428,0.14285714285714285,0.42857142857142855,0.42857142857142855,4.5,5.5
iconclass-ai:bsb00029085_141.jpg,1713,7,0.5503287054297687,1.0,0.4071428571428571,0.14285714285714285,0.2857142857142857,0.5714285714285714,5.5,4.5
iconclass-ai:bsb00029085_183.jpg,1713,7,0.3721705668540136,1.0,0.3239576213260424,0.14285714285714285,0.2857142857142857,0.2857142857142857,5.5,4.5
iconclass-ai:bsb00029085_44.jpg,1713,8,0.29366161784685935,0.5,0.2522619744415179,0.0,0.25,0.25,8.0,5.0
iconclass-ai:bsb00029085_81.jpg,1713,8,0.5019227273287118,1.0,0.46272321428571433,0.125,0.375,0.375,8.0,5.0
iconclass-ai:bsb00029086_47.jpg,1713,30,0.17342174712645533,0.3333333333333333,0.1462557914598328,0.0,0.03333333333333333,0.03333333333333333,17.0,5.5
iconclass-ai:bsb00029086_89.jpg,1713,1,0.04771397482581831,0.0007558578987150416,0.0007558578987150416,0.0,0.0,0.0,2.0,5.0
iconclass-ai:bsb00029223_114.jpg,1713,0,0.661894436479288,,,,,,1.0,3.0
iconclass-ai:bsb00029223_136.jpg,1713,1,0.5609862141278772,0.014705882352941176,0.014705882352941176,0.0,0.0,0.0,2.0,5.0
iconclass-ai:bsb00029223_150.jpg,1713,0,0.4630314928706583,,,,,,1.0,6.0
iconclass-ai:bsb00029223_178.jpg,1713,0,0.67816278085713,,,,,,1.0,3.0
iconclass-ai:bsb00029223_18.jpg,1713,0,0.6389995018954784,,,,,,1.0,3.0
iconclass-ai:bsb00029223_192.jpg,1713,1,0.6119749672722219,0.008547008547008548,0.008547008547008548,0.0,0.0,0.0,2.0,5.0
iconclass-ai:bsb00029223_194.jpg,1713,0,0.8069846745100949,,,,,,1.0,3.0
iconclass-ai:bsb00029223_202.jpg,1713,0,0.6657596440316468,,,,,,1.0,3.0
iconclass-ai:bsb00029223_212.jpg,1713,0,0.6421867728519913,,,,,,1.0,3.0
iconclass-ai:bsb00029223_22.jpg,1713,0,0.505604434754524,,,,,,1.0,3.0
iconclass-ai:bsb00029223_228.jpg,1713,0,0.6279565185652644,,,,,,1.0,3.0
iconclass-ai:bsb00029223_24.jpg,1713,0,0.7884914418788741,,,,,,1.0,3.0
iconclass-ai:bsb00029223_240.jpg,1713,8,0.22487541000903097,0.017543859649122806,0.006209875462664596,0.0,0.0,0.0,9.0,6.0
iconclass-ai:bsb00029223_258.jpg,1713,0,0.6750104471651502,,,,,,1.0,3.0
iconclass-ai:bsb00029223_262.jpg,1713,1,0.0,0.02857142857142857,0.02857142857142857,0.0,0.0,0.0,2.0,5.0
iconclass-ai:bsb00029223_264.jpg,1713,0,0.47854207834832946,,,,,,1.0,3.0
iconclass-ai:bsb00029223_278.jpg,1713,0,0.7499854698067175,,,,,,1.0,5.0
iconclass-ai:bsb00029223_280.jpg,1713,2,0.6287282943232019,1.0,0.5005920663114268,0.5,0.5,0.5,3.0,6.0
iconclass-ai:bsb00029223_286.jpg,1713,0,0.6219733460673711,,,,,,1.0,3.0
iconclass-ai:bsb00029223_304.jpg,1713,1,0.41335321293159155,0.047619047619047616,0.047619047619047616,0.0,0.0,0.0,2.0,6.0
iconclass-ai:bsb00029223_308.jpg,1713,1,0.656150439883178,0.001040582726326743,0.001040582726326743,0.0,0.0,0.0,2.0,5.0
iconclass-ai:bsb00029223_32.jpg,1713,0,0.657647633499978,,,,,,1.0,3.0
iconclass-ai:bsb00029223_72.jpg,1713,0,0.7707377434394997,,,,,,1.0,3.0
iconclass-ai:bsb00029223_82.jpg,1713,0,0.8179601366397755,,,,,,1.0,3.0
iconclass-ai:bsb00029223_92.jpg,1713,2,0.6248851162597652,1.0,0.5005910165484634,0.5,0.5,0.5,3.0,6.0
iconclass-ai:bsb00029232_112.jpg,1713,1,0.5244328047579335,0.0010706638115631692,0.0010706638115631692,0.0,0.0,0.0,1.5,3.5
iconclass-ai:bsb00029232_230.jpg,1713,0,0.708633690084135,,,,,,1.0,4.0
iconclass-ai:bsb00029232_320.jpg,1713,0,0.39489135982645684,,,,,,1.0,2.0
iconclass-ai:bsb00029232_359.jpg,1713,1,0.5458817639702134,0.2,0.2,0.0,1.0,1.0,1.0,2.0
iconclass-ai:bsb00029232_404.jpg,1713,0,0.5382939912047446,,,,,,1.0,6.0
iconclass-ai:bsb00029232_414.jpg,1713,0,0.6773423016514586,,,,,,1.0,4.0
iconclass-ai:bsb00029232_434.jpg,1713,1,0.4896963414774134,0.03571428571428571,0.03571428571428571,0.0,0.0,0.0,1.5,5.0
iconclass-ai:bsb00029232_439.jpg,1713,2,0.46124962942579284,0.045454545454545456,0.02364978195236498,0.0,0.0,0.0,2.5,5.5
iconclass-ai:bsb00029232_449.jpg,1713,4,0.5409611309958055,1.0,0.29422289666854884,0.25,0.25,0.25,3.5,4.5
iconclass-ai:bsb00029232_470.jpg,1713,4,0.6275234528752618,1.0,0.3369804343755851,0.25,0.25,0.5,3.0,4.5
iconclass-ai:bsb00029232_503.jpg,1713,11,0.4512890132049832,0.08333333333333333,0.05343181750889732,0.0,0.0,0.0,6.5,3.5
iconclass-ai:bsb00029232_51.jpg,1713,0,0.9734983106182444,,,,,,1.0,4.0
iconclass-ai:bsb00029232_68.jpg,1713,4,0.5954992936169923,1.0,0.3129072681704261,0.25,0.25,0.25,3.0,5.5
iconclass-ai:bsb00029471_5.jpg,1713,2,0.23700382515067678,0.3333333333333333,0.18115942028985507,0.0,0.5,0.5,2.0,4.0
iconclass-ai:bsb00029502_133.jpg,1713,0,0.3990646288266266,,,,,,1.0,4.0
iconclass-ai:bsb00029502_135.jpg,1713,0,0.3049365303677466,,,,,,1.0,6.0
iconclass-ai:bsb00029502_138.jpg,1713,1,0.3125857062741131,0.004424778761061947,0.004424778761061947,0.0,0.0,0.0,2.0,5.0
iconclass-ai:bsb00029502_146.jpg,1713,2,0.5446631532223899,1.0,0.5082644628099173,0.5,0.5,0.5,3.0,5.0
iconclass-ai:bsb00029502_166.jpg,1713,0,0.5008872359937232,,,,,,1.0,5.0
iconclass-ai:bsb00029502_168.jpg,1713,0,0.5369375520270412,,,,,,1.0,4.0
iconclass-ai:bsb00029502_170.jpg,1713,0,0.4907245734930435,,,,,,1.0,4.0
iconclass-ai:bsb00029502_174.jpg,1713,1,0.08382176583595985,0.014925373134328358,0.014925373134328358,0.0,0.0,0.0,2.0,5.0
iconclass-ai:bsb00029502_180.jpg,1713,0,0.6160578591220226,,,,,,1.0,0.0
iconclass-ai:bsb00029502_191.jpg,1713,0,0.4822921511301839,,,,,,1.0,4.0
iconclass-ai:bsb00029502_4.jpg,1713,1,0.05201522537872787,0.011494252873563218,0.011494252873563218,0.0,0.0,0.0,1.5,4.0
iconclass-ai:bsb00029709_117.jpg,1713,5,0.5270362595534557,1.0,0.40592341912787794,0.2,0.4,0.4,6.0,3.0
iconclass-ai:bsb00029709_135.jpg,1713,5,0.49306067262529435,1.0,0.4051404467608812,0.2,0.4,0.4,6.0,3.0
iconclass-ai:bsb00029709_4.jpg,1713,2,0.06942552616925908,0.021739130434782608,0.014390691977954685,0.0,0.0,0.0,2.0,4.0
iconclass-ai:bsb00029709_81.jpg,1713,5,0.48958692343442717,1.0,0.40802790346907997,0.2,0.4,0.4,6.0,3.0
iconclass-ai:bsb00030084_100.jpg,1713,15,0.11950622955366462,0.3333333333333333,0.05784853196466432,0.0,0.06666666666666667,0.06666666666666667,8.5,4.0
iconclass-ai:bsb00030084_107.jpg,1713,0,0.0,,,,,,1.0,4.0
iconclass-ai:bsb00030084_126.jpg,1713,15,0.4862631356715139,1.0,0.20057994367189677,0.06666666666666667,0.2,0.26666666666666666,8.5,4.5
iconclass-ai:bsb00030084_53.jpg,1713,15,0.14698888149367903,0.14285714285714285,0.035422088035628366,0.0,0.0,0.13333333333333333,8.5,5.0
iconclass-ai:bsb00030084_86.jpg,1713,38,0.18555395299887378,0.5,0.04581810900635384,0.0,0.02631578947368421,0.02631578947368421,14.0,4.0
iconclass-ai:bsb00031043_294.jpg,1713,5,0.8330093461193584,1.0,1.0,0.2,1.0,1.0,6.0,2.0
iconclass-ai:bsb00031043_406.jpg,1713,5,0.8330093461193584,1.0,1.0,0.2,1.0,1.0,6.0,2.0
iconclass-ai:bsb00031043_630.jpg,1713,5,0.8330093461193584,1.0,1.0,0.2,1.0,1.0,6.0,2.0
iconclass-ai:bsb00031043_742.jpg,1713,5,0.8330093461193584,1.0,1.0,0.2,1.0,1.0,6.0,2.0
iconclass-ai:bsb00031043_826.jpg,1713,5,0.8330093461193584,1.0,1.0,0.2,1.0,1.0,6.0,2.0
iconclass-ai:bsb00031044_21.jpg,1713,53,0.5667989829695298,1.0,0.5837212190109817,0.018867924528301886,0.05660377358490566,0.09433962264150944,27.5,4.0
iconclass-ai:bsb00031044_414.jpg,1713,5,0.8330093461193584,1.0,1.0,0.2,1.0,1.0,6.0,2.0
iconclass-ai:bsb00031296_100.jpg,1713,53,1.0,1.0,0.9644146580738651,0.018867924528301886,0.09433962264150944,0.18867924528301888,54.0,4.0
iconclass-ai:bsb00031296_102.jpg,1713,53,1.0,1.0,0.9698918537423202,0.018867924528301886,0.09433962264150944,0.18867924528301888,54.0,4.0
iconclass-ai:bsb00031296_105.jpg,1713,53,1.0,1.0,0.9814690080148294,0.018867924528301886,0.09433962264150944,0.18867924528301888,54.0,4.0
iconclass-ai:bsb00031296_106.jpg,1713,53,1.0,1.0,0.9095680106801933,0.018867924528301886,0.09433962264150944,0.18867924528301888,54.0,4.0
iconclass-ai:bsb00031296_107.jpg,1713,53,1.0,1.0,0.982633908764836,0.018867924528301886,0.09433962264150944,0.18867924528301888,54.0,4.0
iconclass-ai:bsb00031296_110.jpg,1713,53,1.0,1.0,0.9102183946112075,0.018867924528301886,0.09433962264150944,0.18867924528301888,54.0,4.0
iconclass-ai:bsb00031296_111.jpg,1713,53,1.0,1.0,0.9460724054567102,0.018867924528301886,0.09433962264150944,0.18867924528301888,54.0,4.0
iconclass-ai:bsb00031296_114.jpg,1713,53,1.0,1.0,0.9348903206732488,0.018867924528301886,0.09433962264150944,0.18867924528301888,54.0,4.0
iconclass-ai:bsb00031296_119.jpg,1713,53,1.0,1.0,0.9743656482112734,0.018867924528301886,0.09433962264150944,0.18867924528301888,54.0,4.0
iconclass-ai:bsb00031296_124.jpg,1713,53,1.0,1.0,0.9139942601495736,0.018867924528301886,0.09433962264150944,0.18867924528301888,54.0,4.0
iconclass-ai:bsb00031296_129.jpg,1713,53,1.0,1.0,0.9021818221946432,0.018867924528301886,0.09433962264150944,0.18867924528301888,54.0,4.0
iconclass-ai:bsb00031296_17.jpg,1713,53,1.0,1.0,0.8609000892155939,0.018867924528301886,0.09433962264150944,0.18867924528301888,54.0,4.0
iconclass-ai:bsb00031296_37.jpg,1713,53,1.0,1.0,0.9097507908441165,0.018867924528301886,0.09433962264150944,0.18867924528301888,30.5,3.5
iconclass-ai:bsb00031296_40.jpg,1713,53,1.0,1.0,0.9009246152586835,0.018867924528301886,0.09433962264150944,0.18867924528301888,54.0,4.0
iconclass-ai:bsb00031296_49.jpg,1713,53,1.0,1.0,0.8923191249967692,0.018867924528301886,0.09433962264150944,0.18867924528301888,54.0,4.0
iconclass-ai:bsb00031296_62.jpg,1713,53,1.0,1.0,0.9111645603565987,0.018867924528301886,0.09433962264150944,0.18867924528301888,54.0,4.0
iconclass-ai:bsb00031296_65.jpg,1713,53,1.0,1.0,0.9671681404456163,0.018867924528301886,0.09433962264150944,0.18867924528301888,54.0,4.0
iconclass-ai:bsb00031296_71.jpg,1713,53,1.0,1.0,0.9367462301669603,0.018867924528301886,0.09433962264150944,0.18867924528301888,54.0,4.0
iconclass-ai:bsb00031296_73.jpg,1713,53,1.0,1.0,0.9498097764210072,0.018867924528301886,0.09433962264150944,0.18867924528301888,54.0,4.0
iconclass-ai:bsb00031296_78.jpg,1713,53,1.0,1.0,0.9320056576493535,0.018867924528301886,0.09433962264150944,0.18867924528301888,54.0,4.0
iconclass-ai:bsb00031296_80.jpg,1713,53,1.0,1.0,0.9230324633394772,0.018867924528301886,0.09433962264150944,0.18867924528301888,54.0,4.0
iconclass-ai:bsb00031296_87.jpg,1713,53,1.0,1.0,0.968312990161993,0.018867924528301886,0.09433962264150944,0.18867924528301888,54.0,4.0
iconclass-ai:bsb00031296_88.jpg,1713,53,1.0,1.0,0.9512273014485951,0.018867924528301886,0.09433962264150944,0.18867924528301888,54.0,4.0
iconclass-ai:bsb00031296_91.jpg,1713,53,1.0,1.0,0.9184559914557229,0.018867924528301886,0.09433962264150944,0.18867924528301888,54.0,4.0
iconclass-ai:bsb00031296_98.jpg,1713,53,1.0,1.0,0.9282235013641782,0.018867924528301886,0.09433962264150944,0.18867924528301888,54.0,4.0
iconclass-ai:bsb00031335_106.jpg,1713,53,1.0,1.0,0.946305854924763,0.018867924528301886,0.09433962264150944,0.18867924528301888,54.0,4.0
iconclass-ai:bsb00031335_109.jpg,1713,53,1.0,1.0,0.9422163909199732,0.018867924528301886,0.09433962264150944,0.18867924528301888,54.0,4.0
iconclass-ai:bsb00031335_111.jpg,1713,53,1.0,1.0,0.8558475441620756,0.018867924528301886,0.09433962264150944,0.18867924528301888,30.5,3.5
iconclass-ai:bsb00031335_113.jpg,1713,53,1.0,1.0,0.8144726525435756,0.018867924528301886,0.09433962264150944,0.18867924528301888,30.5,3.5
iconclass-ai:bsb00031335_120.jpg,1713,53,1.0,1.0,0.8185693934017103,0.018867924528301886,0.09433962264150944,0.18867924528301888,30.5,3.5
iconclass-ai:bsb00031335_131.jpg,1713,53,1.0,1.0,0.8922674145123415,0.018867924528301886,0.09433962264150944,0.18867924528301888,54.0,4.0
iconclass-ai:bsb00031335_139.jpg,1713,53,1.0,1.0,0.9597594672848782,0.018867924528301886,0.09433962264150944,0.18867924528301888,54.0,4.0
iconclass-ai:bsb00031335_141.jpg,1713,53,1.0,1.0,0.9110326660826734,0.018867924528301886,0.09433962264150944,0.18867924528301888,54.0,4.0
iconclass-ai:bsb00031335_144.jpg,1713,53,1.0,1.0,0.8768161389613293,0.018867924528301886,0.09433962264150944,0.18867924528301888,30.5,3.5
iconclass-ai:bsb00031335_146.jpg,1713,53,1.0,1.0,0.9164903212862179,0.018867924528301886,0.09433962264150944,0.18867924528301888,54.0,4.0
iconclass-ai:bsb00031335_147.jpg,1713,53,1.0,1.0,0.9230517539664129,0.018867924528301886,0.09433962264150944,0.18867924528301888,54.0,4.0
iconclass-ai:bsb00031335_26.jpg,1713,53,1.0,1.0,0.8802477920584795,0.018867924528301886,0.09433962264150944,0.18867924528301888,27.5,4.0
iconclass-ai:bsb00031335_31.jpg,1713,53,1.0,1.0,0.91685646711148,0.018867924528301886,0.09433962264150944,0.18867924528301888,54.0,4.0
iconclass-ai:bsb00031335_55.jpg,1713,53,1.0,1.0,0.914008018837295,0.018867924528301886,0.09433962264150944,0.18867924528301888,54.0,4.0
iconclass-ai:bsb00031335_56.jpg,1713,53,1.0,1.0,0.8835844934125087,0.018867924528301886,0.09433962264150944,0.18867924528301888,54.0,4.0
iconclass-ai:bsb00031335_67.jpg,1713,53,1.0,1.0,0.8966433919020835,0.018867924528301886,0.09433962264150944,0.18867924528301888,30.5,3.5
iconclass-ai:bsb00031335_73.jpg,1713,53,1.0,1.0,0.8611301694417588,0.018867924528301886,0.09433962264150944,0.18867924528301888,54.0,4.0
iconclass-ai:bsb00031335_74.jpg,1713,53,1.0,1.0,0.8591896309109862,0.018867924528301886,0.09433962264150944,0.18867924528301888,54.0,4.0
iconclass-ai:bsb00031335_82.jpg,1713,53,1.0,1.0,0.8412509117975571,0.018867924528301886,0.09433962264150944,0.18867924528301888,30.5,3.5
iconclass-ai:bsb00031335_84.jpg,1713,53,1.0,1.0,0.9328167546607906,0.018867924528301886,0.09433962264150944,0.18867924528301888,54.0,4.0
iconclass-ai:bsb00031335_90.jpg,1713,53,1.0,1.0,0.9220804119964553,0.018867924528301886,0.09433962264150944,0.18867924528301888,54.0,4.0
iconclass-ai:bsb00031335_99.jpg,1713,53,1.0,1.0,0.9040066408487183,0.018867924528301886,0.09433962264150944,0.18867924528301888,54.0,4.0
iconclass-ai:bsb00031698_133.jpg,1713,0,0.49244064488149714,,,,,,1.0,5.0
iconclass-ai:bsb00031698_152.jpg,1713,12,0.011199752711239332,0.09090909090909091,0.019294726267055837,0.0,0.0,0.0,7.0,4.5
iconclass-ai:bsb00031698_167.jpg,1713,0,0.3687305712878189,,,,,,1.0,4.0
iconclass-ai:bsb00031698_187.jpg,1713,0,0.3622311371664645,,,,,,1.0,4.0
iconclass-ai:bsb00031698_202.jpg,1713,0,0.1670292801209308,,,,,,1.0,5.0
iconclass-ai:bsb00031698_206.jpg,1713,0,0.46068507048911445,,,,,,1.0,5.0
iconclass-ai:bsb00031698_207.jpg,1713,0,0.4952018687758071,,,,,,1.0,7.0
iconclass-ai:bsb00031698_208.jpg,1713,0,0.5118786610645549,,,,,,1.0,6.0
iconclass-ai:bsb00031698_209.jpg,1713,0,0.30215208456475906,,,,,,1.0,3.0
iconclass-ai:bsb00031698_210.jpg,1713,0,0.32562916150596244,,,,,,1.0,6.0
iconclass-ai:bsb00031698_214.jpg,1713,0,0.2160143238794756,,,,,,1.0,5.0
iconclass-ai:bsb00031698_219.jpg,1713,0,0.18158830045798902,,,,,,1.0,8.0
iconclass-ai:bsb00031698_222.jpg,1713,0,0.49843441642317504,,,,,,1.0,6.0
iconclass-ai:bsb00031698_243.jpg,1713,0,0.32051884479893417,,,,,,1.0,4.0
iconclass-ai:bsb00031698_259.jpg,1713,0,0.4056502913587174,,,,,,1.0,5.0
iconclass-ai:bsb00031698_278.jpg,1713,0,0.5047572751560782,,,,,,1.0,6.0
iconclass-ai:bsb00031698_292.jpg,1713,0,0.1556393064123637,,,,,,1.0,4.0
iconclass-ai:bsb00031698_313.jpg,1713,3,0.09728304332780158,0.0016260162601626016,0.002383058652793387,0.0,0.0,0.0,1.0,5.0
iconclass-ai:bsb00031698_314.jpg,1713,2,0.08623507939005541,0.0012437810945273632,0.0017608427112727931,0.0,0.0,0.0,2.0,5.5
iconclass-ai:bsb00031698_315.jpg,1713,0,0.06076493314809513,,,,,,1.0,6.0
iconclass-ai:bsb00031698_323.jpg,1713,1,0.05444309449346328,0.003115264797507788,0.003115264797507788,0.0,0.0,0.0,2.0,5.0
iconclass-ai:bsb00031698_326.jpg,1713,4,0.04972179363148077,0.014925373134328358,0.019705290139145966,0.0,0.0,0.0,3.0,6.0
iconclass-ai:bsb00031698_336.jpg,1713,0,0.2877404649367444,,,,,,1.0,6.0
iconclass-ai:bsb00031698_337.jpg,1713,0,0.2594838798801324,,,,,,1.0,7.0
iconclass-ai:bsb00031698_341.jpg,1713,7,0.21722284640146874,0.3333333333333333,0.10449691390106189,0.0,0.14285714285714285,0.2857142857142857,5.0,3.0
iconclass-ai:bsb00031698_342.jpg,1713,7,0.17488577126402843,0.3333333333333333,0.07451652975598037,0.0,0.14285714285714285,0.14285714285714285,5.0,3.0
iconclass-ai:bsb00031698_343.jpg,1713,7,0.36919520041029585,1.0,0.2123958368740461,0.14285714285714285,0.14285714285714285,0.2857142857142857,4.5,3.5
iconclass-ai:bsb00031698_345.jpg,1713,3,0.09278198885715269,0.07142857142857142,0.04196915631024158,0.0,0.0,0.0,2.5,4.0
iconclass-ai:bsb00031698_346.jpg,1713,16,0.25647482553799544,1.0,0.10091987076901567,0.0625,0.0625,0.0625,9.5,4.0
iconclass-ai:bsb00031698_347.jpg,1713,16,0.19776287798789985,0.2,0.05865157275773805,0.0,0.0625,0.125,9.5,4.0
iconclass-ai:bsb00031698_37.jpg,1713,0,0.4172589168987091,,,,,,1.0,5.0
iconclass-ai:bsb00031698_370.jpg,1713,17,0.08546080804016366,0.03125,0.016294289782995228,0.0,0.0,0.0,9.5,6.0
iconclass-ai:bsb00031698_40.jpg,1713,0,0.44572145804232566,,,,,,1.0,6.0
iconclass-ai:bsb00031698_41.jpg,1713,0,0.5241985329164528,,,,,,1.0,7.0
iconclass-ai:bsb00031698_459.jpg,1713,2,0.10998592226475001,0.002421307506053269,0.0034629060052788867,0.0,0.0,0.0,2.0,6.0
iconclass-ai:bsb00031698_46.jpg,1713,5,0.0,0.00145985401459854,0.003031450199218,0.0,0.0,0.0,3.5,5.5
iconclass-ai:bsb00031698_460.jpg,1713,3,0.1271449992478747,0.0014104372355430183,0.002210811813161261,0.0,0.0,0.0,4.0,5.0
iconclass-ai:bsb00031698_462.jpg,1713,0,0.3793308608699909,,,,,,1.0,5.0
iconclass-ai:bsb00031698_472.jpg,1713,0,0.20996851815051776,,,,,,1.0,4.5
iconclass-ai:bsb00031698_57.jpg,1713,1,0.2878897829836603,0.0013386880856760374,0.0013386880856760374,0.0,0.0,0.0,2.0,3.0
iconclass-ai:bsb00031698_79.jpg,1713,1,0.12355580031265137,0.0008396305625524769,0.0008396305625524769,0.0,0.0,0.0,2.0,5.0
iconclass-ai:bsb00031698_88.jpg,1713,1,0.1966266505523426,0.0014104372355430183,0.0014104372355430183,0.0,0.0,0.0,2.0,5.0
iconclass-ai:bsb00031698_98.jpg,1713,0,0.23562984548302945,,,,,,1.0,3.0
iconclass-ai:bsb00032021_20.jpg,1713,5,0.508085778444522,1.0,0.3462426260426848,0.2,0.4,0.4,6.0,3.0
iconclass-ai:bsb00032021_24.jpg,1713,5,0.6235931952025999,1.0,0.5265411590992987,0.2,0.4,0.6,6.0,3.0
iconclass-ai:bsb00032021_25.jpg,1713,5,0.5549270119591694,1.0,0.423076923076923,0.2,0.4,0.4,6.0,3.0
iconclass-ai:bsb00032367_64.jpg,1713,3,0.035192686173891485,0.02857142857142857,0.01688873108431468,0.0,0.0,0.0,2.0,4.0
iconclass-ai:bsb00032367_7.jpg,1713,8,0.08451848050529233,0.014705882352941176,0.006279112651731834,0.0,0.0,0.0,5.0,4.0
iconclass-ai:bsb00032393_155.jpg,1713,10,0.29648376680220906,0.06666666666666667,0.012910898432479664,0.0,0.0,0.0,2.0,6.0
iconclass-ai:bsb00032393_355.jpg,1713,7,0.34494147676108494,0.03225806451612903,0.04392419931020998,0.0,0.0,0.0,1.0,2.0
iconclass-ai:bsb00032951_6.jpg,1713,1,0.05594639106776977,0.002631578947368421,0.002631578947368421,0.0,0.0,0.0,1.0,2.0
iconclass-ai:bsb00033562_26.jpg,1713,0,0.07698471457087473,,,,,,1.0,5.0
iconclass-ai:bsb00035255_101.jpg,1713,31,0.7999165760926543,0.5,0.42254476867856816,0.0,0.12903225806451613,0.2903225806451613,16.5,6.0
iconclass-ai:bsb00035255_105.jpg,1713,12,0.2358502631556206,0.16666666666666666,0.06192583200765359,0.0,0.0,0.16666666666666666,7.0,4.5
iconclass-ai:bsb00035255_114.jpg,1713,27,0.8743436690016257,1.0,0.4641156263421462,0.037037037037037035,0.18518518518518517,0.2962962962962963,15.0,4.5
iconclass-ai:bsb00035255_116.jpg,1713,27,0.7439372154143603,1.0,0.40957951045308266,0.037037037037037035,0.14814814814814814,0.25925925925925924,14.5,6.0
iconclass-ai:bsb00035255_126.jpg,1713,43,1.0,1.0,0.4078648401260375,0.023255813953488372,0.11627906976744186,0.20930232558139536,15.0,5.0
iconclass-ai:bsb00035255_129.jpg,1713,35,0.7898755756492063,1.0,0.3753741732162165,0.02857142857142857,0.11428571428571428,0.2,18.5,6.0
iconclass-ai:bsb00035255_13.jpg,1713,11,0.306391883069558,0.5,0.13005265795784415,0.0,0.09090909090909091,0.18181818181818182,6.5,5.5
iconclass-ai:bsb00035255_139.jpg,1713,28,0.873240537048754,1.0,0.47456874383503084,0.03571428571428571,0.14285714285714285,0.2857142857142857,15.0,5.5
iconclass-ai:bsb00035255_147.jpg,1713,27,0.9287288463830223,1.0,0.5144912336737273,0.037037037037037035,0.18518518518518517,0.3333333333333333,28.0,7.0
iconclass-ai:bsb00035255_160.jpg,1713,27,0.8046216655595548,1.0,0.4917227388196635,0.037037037037037035,0.18518518518518517,0.25925925925925924,14.5,6.5
iconclass-ai:bsb00035255_167.jpg,1713,27,0.6088594873225672,1.0,0.3899692068940797,0.037037037037037035,0.1111111111111111,0.18518518518518517,14.5,5.5
iconclass-ai:bsb00035255_181.jpg,1713,8,0.18797145402862095,0.018518518518518517,0.007761551587762534,0.0,0.0,0.0,2.0,4.0
iconclass-ai:bsb00035255_186.jpg,1713,33,0.9294415579191921,1.0,0.4409404553771153,0.030303030303030304,0.15151515151515152,0.2727272727272727,18.0,6.0
iconclass-ai:bsb00035255_19.jpg,1713,12,0.29403081859204283,0.2,0.0738739184701453,0.0,0.08333333333333333,0.08333333333333333,2.0,5.0
iconclass-ai:bsb00035255_191.jpg,1713,27,0.7963585804407495,1.0,0.4466745762744555,0.037037037037037035,0.1111111111111111,0.2962962962962963,28.0,7.0
iconclass-ai:bsb00035255_193.jpg,1713,11,0.1838128305631108,0.3333333333333333,0.07834079844315665,0.0,0.09090909090909091,0.09090909090909091,6.5,5.0
iconclass-ai:bsb00035255_23.jpg,1713,0,0.3596326564726661,,,,,,1.0,5.0
iconclass-ai:bsb00035255_27.jpg,1713,29,0.9368807073302025,1.0,0.5778268422713492,0.034482758620689655,0.1724137931034483,0.3103448275862069,15.5,5.0
iconclass-ai:bsb00035255_28.jpg,1713,34,0.8195498274060268,1.0,0.3606297766393198,0.029411764705882353,0.14705882352941177,0.20588235294117646,8.0,4.0
iconclass-ai:bsb00035255_30.jpg,1713,2,0.1622188695048394,0.007874015748031496,0.004631934906677318,0.0,0.0,0.0,3.0,2.0
iconclass-ai:bsb00035255_50.jpg,1713,33,0.889010230978283,1.0,0.542406174799299,0.030303030303030304,0.15151515151515152,0.24242424242424243,20.0,6.0
iconclass-ai:bsb00035255_62.jpg,1713,32,0.8558124218603146,1.0,0.44490668749452167,0.03125,0.125,0.25,17.0,6.5
iconclass-ai:bsb00035255_67.jpg,1713,30,0.9372813848170596,1.0,0.4994185328254452,0.03333333333333333,0.16666666666666666,0.3,17.0,5.5
iconclass-ai:bsb00035255_71.jpg,1713,30,0.9372813848170596,1.0,0.5283549658403152,0.03333333333333333,0.16666666666666666,0.3,17.0,5.5
iconclass-ai:bsb00035255_79.jpg,1713,27,0.9375119002569003,1.0,0.5465125522200425,0.037037037037037035,0.18518518518518517,0.3333333333333333,14.5,6.0
iconclass-ai:bsb00035255_94.jpg,1713,28,0.933305525364218,1.0,0.4816318761838908,0.03571428571428571,0.17857142857142858,0.32142857142857145,15.0,6.5
iconclass-ai:bsb00035255_99.jpg,1713,33,0.933745776545611,1.0,0.5428616664688586,0.030303030303030304,0.15151515151515152,0.2727272727272727,18.0,6.0
iconclass-ai:bsb00041184_238.jpg,1713,2,0.12114695376254979,0.010526315789473684,0.011215538847117793,0.0,0.0,0.0,3.0,5.0
iconclass-ai:bsb00041184_33.jpg,1713,4,0.2899638826731469,0.16666666666666666,0.05915854978354978,0.0,0.0,0.25,5.0,5.0
iconclass-ai:bsb00041184_47.jpg,1713,15,0.07237417826795148,0.008264462809917356,0.00846603987921438,0.0,0.0,0.0,8.5,6.0
iconclass-ai:bsb00041184_57.jpg,1713,4,0.32336816699958487,0.3333333333333333,0.09644748092607208,0.0,0.25,0.25,5.0,5.0
iconclass-ai:bsb00041184_88.jpg,1713,0,0.40475207384616835,,,,,,1.0,6.0
iconclass-ai:bsb00045025_4.jpg,1713,5,0.02909288655358609,0.00641025641025641,0.009340843669337318,0.0,0.0,0.0,3.5,4.0
iconclass-ai:bsb00070432_48.jpg,1713,5,0.3527229338569556,1.0,0.21035947881385259,0.2,0.2,0.2,2.0,5.0
iconclass-ai:embepu_c1627_pic006.jpg,1713,128,0.9444550224505781,0.5,0.14338056559744042,0.0,0.0078125,0.015625,4.5,3.5
iconclass-ai:embepu_c1627_pic011.jpg,1713,48,1.0,0.1111111111111111,0.0426286729066131,0.0,0.0,0.020833333333333332,4.0,5.0
iconclass-ai:embepu_c1627_pic017.jpg,1713,98,1.0,0.5,0.11465333513059844,0.0,0.02040816326530612,0.02040816326530612,3.0,5.0
iconclass-ai:embepu_c1627_pic018.jpg,1713,19,0.5760813920299258,0.14285714285714285,0.027701672708336223,0.0,0.0,0.05263157894736842,3.0,4.0
iconclass-ai:embepu_c1627_pic020.jpg,1713,83,1.0,1.0,0.13438930164111498,0.012048192771084338,0.024096385542168676,0.03614457831325301,4.0,5.0
iconclass-ai:embepu_c1627_pic023.jpg,1713,33,0.8788821271231919,0.25,0.031124598312193295,0.0,0.030303030303030304,0.030303030303030304,1.0,5.0
iconclass-ai:embepu_c1627_pic028.jpg,1713,81,0.8960999906773274,0.3333333333333333,0.12724784139150735,0.0,0.012345679012345678,0.037037037037037035,1.5,5.0
iconclass-ai:embepu_c1627_pic030.jpg,1713,15,1.0,0.14285714285714285,0.03476418953509475,0.0,0.0,0.13333333333333333,1.0,5.5
iconclass-ai:embepu_c1627_pic035.jpg,1713,39,1.0,0.07692307692307693,0.056545653478664144,0.0,0.0,0.0,3.5,5.5
iconclass-ai:embepu_c1627_pic037.jpg,1713,97,1.0,1.0,0.13858204500645815,0.010309278350515464,0.020618556701030927,0.030927835051546393,3.0,4.0
iconclass-ai:embepu_c1627_pic051.jpg,1713,5,0.5415696603668189,0.03125,0.012424794247373718,0.0,0.0,0.0,1.0,4.0
iconclass-ai:embepu_su1724_pic10002.jpg,1713,59,1.0,1.0,0.30534535160876425,0.01694915254237288,0.0847457627118644,0.13559322033898305,3.0,4.0
iconclass-ai:embepu_su1724_pic10005.jpg,1713,63,0.9444550224505781,1.0,0.2285878734410853,0.015873015873015872,0.047619047619047616,0.09523809523809523,2.5,4.0
iconclass-ai:embepu_su1724_pic10012.jpg,1713,95,0.8812627795375442,1.0,0.23193696512922524,0.010526315789473684,0.031578947368421054,0.06315789473684211,4.0,4.0
iconclass-ai:embepu_su1724_pic10013.jpg,1713,69,1.0,1.0,0.2821010050486969,0.014492753623188406,0.057971014492753624,0.08695652173913043,3.0,4.0
iconclass-ai:embepu_su1724_pic10032.jpg,1713,78,0.9444550224505781,1.0,0.22996150027165485,0.01282051282051282,0.05128205128205128,0.0641025641025641,4.5,4.0
iconclass-ai:embepu_su1724_pic10033.jpg,1713,80,0.8960999906773274,1.0,0.20024895818495012,0.0125,0.05,0.0625,7.0,4.0
iconclass-ai:embepu_su1724_pic10036.jpg,1713,61,1.0,0.5,0.1513859377577186,0.0,0.01639344262295082,0.04918032786885246,3.0,3.0
iconclass-ai:embepu_su1724_pic10039.jpg,1713,91,1.0,1.0,0.25457793129445716,0.01098901098901099,0.04395604395604396,0.06593406593406594,7.0,4.0
iconclass-ai:embepu_su1724_pic10043.jpg,1713,68,1.0,1.0,0.1555661273370419,0.014705882352941176,0.04411764705882353,0.04411764705882353,3.5,4.0
iconclass-ai:embepu_su1724_pic20001.jpg,1713,95,1.0,0.3333333333333333,0.10380049467109448,0.0,0.010526315789473684,0.031578947368421054,9.5,3.5
iconclass-ai:embepu_su1724_pic20003.jpg,1713,55,1.0,1.0,0.18953899558068898,0.01818181818181818,0.07272727272727272,0.09090909090909091,7.5,4.0
iconclass-ai:embepu_su1724_pic20006.jpg,1713,92,1.0,1.0,0.3235603948326951,0.010869565217391304,0.05434782608695652,0.10869565217391304,12.0,4.0
iconclass-ai:embepu_su1724_pic20011.jpg,1713,53,1.0,1.0,0.3719947570263954,0.018867924528301886,0.07547169811320754,0.1509433962264151,2.5,4.0
iconclass-ai:embepu_su1724_pic20027.jpg,1713,115,1.0,1.0,0.2485801770379413,0.008695652173913044,0.043478260869565216,0.08695652173913043,5.5,4.0
iconclass-ai:embepu_su1724_pic20029.jpg,1713,94,1.0,1.0,0.32029940331855244,0.010638297872340425,0.05319148936170213,0.10638297872340426,9.0,4.0
iconclass-ai:embepu_su1724_pic20030.jpg,1713,104,1.0,1.0,0.2922188210336294,0.009615384615384616,0.04807692307692308,0.07692307692307693,10.0,4.0
iconclass-ai:embepu_su1724_pic20033.jpg,1713,83,1.0,1.0,0.29943439237497643,0.012048192771084338,0.060240963855421686,0.0963855421686747,8.5,4.0
iconclass-ai:embepu_su1724_pic20048.jpg,1713,111,1.0,1.0,0.2872450151503981,0.009009009009009009,0.04504504504504504,0.08108108108108109,10.5,4.0
iconclass-ai:embepu_su1724_pic20050.jpg,1713,60,1.0,0.3333333333333333,0.22939723647971075,0.0,0.03333333333333333,0.08333333333333333,3.0,4.0
iconclass-ai:embepu_su1724_pic20053.jpg,1713,65,1.0,1.0,0.2016949003088861,0.015384615384615385,0.03076923076923077,0.06153846153846154,2.0,4.0
iconclass-ai:embepu_su1724_pic20060.jpg,1713,107,1.0,1.0,0.22358888532576124,0.009345794392523364,0.028037383177570093,0.056074766355140186,9.0,4.0
iconclass-ai:embhab_206-2-poet-3s_pic047.jpg,1713,19,0.5653630185913688,0.04,0.015061541233275825,0.0,0.0,0.0,2.0,4.0
iconclass-ai:embhab_21eth_pic089.jpg,1713,30,1.0,1.0,0.102915079706934,0.03333333333333333,0.06666666666666667,0.1,2.5,3.0
iconclass-ai:embhab_21eth_pic095.jpg,1713,101,0.9469826765008734,0.3333333333333333,0.10699883881263685,0.0,0.019801980198019802,0.019801980198019802,3.0,4.0
iconclass-ai:embhab_21eth_pic107.jpg,1713,13,0.9347876248005688,0.015625,0.011452860688604582,0.0,0.0,0.0,1.0,5.0
iconclass-ai:embhab_21eth_pic131.jpg,1713,10,1.0,1.0,0.22938877467106938,0.1,0.2,0.2,2.0,4.0
iconclass-ai:embhab_21eth_pic155.jpg,1713,19,0.4894370329995365,0.16666666666666666,0.024529922817885685,0.0,0.0,0.05263157894736842,3.0,4.0
iconclass-ai:embhab_21eth_pic167.jpg,1713,83,0.9558305176970738,1.0,0.13585812105039138,0.012048192771084338,0.024096385542168676,0.04819277108433735,4.0,5.0
iconclass-ai:embhab_21eth_pic173.jpg,1713,64,0.9241693085043592,0.5,0.15381031930400216,0.0,0.046875,0.046875,2.0,5.0
iconclass-ai:embhab_21eth_pic209.jpg,1713,28,0.783618401908907,0.018518518518518517,0.018759815424282903,0.0,0.0,0.0,1.0,4.0
iconclass-ai:embhab_21eth_pic239.jpg,1713,62,1.0,1.0,0.07432706873972791,0.016129032258064516,0.03225806451612903,0.03225806451612903,4.5,4.5
iconclass-ai:embhab_21eth_pic257.jpg,1713,39,1.0,1.0,0.072529675773733,0.02564102564102564,0.05128205128205128,0.05128205128205128,3.5,5.5
iconclass-ai:embhab_21eth_pic269.jpg,1713,97,0.9413088623205119,1.0,0.12412620573424835,0.010309278350515464,0.020618556701030927,0.030927835051546393,3.0,4.0
iconclass-ai:embhab_21eth_pic323.jpg,1713,49,0.9266360779006398,0.015151515151515152,0.027458120341476867,0.0,0.0,0.0,3.0,4.0
iconclass-ai:embhab_21eth_pic411.jpg,1713,77,0.5541432109622958,1.0,0.07637252740314929,0.012987012987012988,0.025974025974025976,0.025974025974025976,3.5,5.0
iconclass-ai:embhab_21eth_pic415.jpg,1713,12,1.0,0.1,0.04175556426303348,0.0,0.0,0.08333333333333333,1.0,4.0
iconclass-ai:embhab_21eth_pic427.jpg,1713,22,1.0,0.08333333333333333,0.05822262662380135,0.0,0.0,0.0,2.5,4.0
iconclass-ai:embhab_21eth_pic431.jpg,1713,68,0.9363792118010481,0.14285714285714285,0.05471971550167606,0.0,0.0,0.029411764705882353,1.0,5.0
iconclass-ai:embhab_21eth_pic435.jpg,1713,55,1.0,0.2,0.05488726170649928,0.0,0.01818181818181818,0.03636363636363636,1.0,4.5
iconclass-ai:embhab_21eth_pic451.jpg,1713,68,1.0,0.2,0.05199346780178442,0.0,0.014705882352941176,0.014705882352941176,1.5,3.5
iconclass-ai:embhab_21eth_pic459.jpg,1713,45,0.4444432474827318,1.0,0.0495302689580737,0.022222222222222223,0.022222222222222223,0.022222222222222223,2.5,5.0
iconclass-ai:embhab_21eth_pic471.jpg,1713,68,1.0,0.08333333333333333,0.07089210584373179,0.0,0.0,0.0,2.0,4.0
iconclass-ai:embhab_21eth_pic475.jpg,1713,76,0.6773198707824298,1.0,0.08571386832023045,0.013157894736842105,0.013157894736842105,0.013157894736842105,3.5,4.0
iconclass-ai:embhab_21eth_pic481.jpg,1713,24,0.9403711988910498,1.0,0.06434173076905175,0.041666666666666664,0.041666666666666664,0.041666666666666664,2.0,4.5
iconclass-ai:embhab_21eth_pic538.jpg,1713,46,0.5091829495389112,1.0,0.051935579173517855,0.021739130434782608,0.021739130434782608,0.021739130434782608,2.0,6.0
iconclass-ai:embhab_21eth_pic592.jpg,1713,56,0.3269297381504199,1.0,0.09494418565507072,0.017857142857142856,0.017857142857142856,0.017857142857142856,1.0,6.0
iconclass-ai:embhab_2f-kapsel-1-19s_pic031.jpg,1713,48,1.0,1.0,0.046464309471961444,0.020833333333333332,0.020833333333333332,0.020833333333333332,1.0,3.0
iconclass-ai:embhab_2f-kapsel-1-19s_pic053.jpg,1713,8,1.0,0.2,0.03221024803989361,0.0,0.125,0.125,2.0,4.0
iconclass-ai:embhab_41-2-geom-4s_pic069.jpg,1713,18,0.7652354492820478,0.02857142857142857,0.018856502647828934,0.0,0.0,0.0,2.0,4.0
iconclass-ai:embhab_41-2-geom-4s_pic141.jpg,1713,14,0.7065757437016023,1.0,0.18176498515633324,0.07142857142857142,0.14285714285714285,0.14285714285714285,2.0,4.0
iconclass-ai:embhab_41-2-geom-4s_pic151.jpg,1713,20,0.797727178251858,1.0,0.19995080188426104,0.05,0.15,0.2,2.0,4.5
iconclass-ai:embhab_gm-4f-19_pic03504.jpg,1713,8,1.0,0.047619047619047616,0.018474531940011654,0.0,0.0,0.0,1.0,3.0
iconclass-ai:embhab_gm-4f-19_pic04302.jpg,1713,23,0.9469966212364886,0.09090909090909091,0.0254168227037563,0.0,0.0,0.0,2.5,4.0
iconclass-ai:embhab_gm-4f-19_pic06101.jpg,1713,20,1.0,1.0,0.1472751916069724,0.05,0.1,0.1,5.0,4.0
iconclass-ai:embhab_gm-4f-19_pic06102.jpg,1713,9,1.0,1.0,0.31479050551345067,0.1111111111111111,0.2222222222222222,0.3333333333333333,1.0,5.0
iconclass-ai:embhab_gm-4f-19_pic06109.jpg,1713,26,1.0,1.0,0.10149395857765775,0.038461538461538464,0.038461538461538464,0.038461538461538464,3.0,5.0
iconclass-ai:embhab_gm-4f-19_pic06703.jpg,1713,12,0.7621827228463542,1.0,0.1257119083670705,0.08333333333333333,0.08333333333333333,0.08333333333333333,1.0,3.0
iconclass-ai:embhab_gm-4f-19_pic06705.jpg,1713,15,0.871165929740848,0.07142857142857142,0.05612511468558049,0.0,0.0,0.0,2.0,3.0
iconclass-ai:embhab_gm-4f-19_pic07001.jpg,1713,8,1.0,1.0,0.154660073737975,0.125,0.125,0.125,1.0,3.0
iconclass-ai:embhab_gm-4f-19_pic07003.jpg,1713,21,0.9444550224505781,0.3333333333333333,0.09664530407717431,0.0,0.047619047619047616,0.14285714285714285,3.0,3.0
iconclass-ai:embhab_gm-4f-19_pic07701.jpg,1713,25,1.0,1.0,0.3033397292357703,0.04,0.16,0.24,4.5,3.0
iconclass-ai:embhab_gm-4f-19_pic08702.jpg,1713,17,0.9491033694408385,0.16666666666666666,0.03383962190413076,0.0,0.0,0.058823529411764705,2.0,5.5
iconclass-ai:embhab_gm-4f-19_pic09001.jpg,1713,6,0.8610666629216065,0.0048543689320388345,0.006014539019928535,0.0,0.0,0.0,1.5,4.0
iconclass-ai:embhab_gm-4f-19_pic09002.jpg,1713,8,0.9469966212364886,0.023809523809523808,0.013094244003936606,0.0,0.0,0.0,1.0,2.0
iconclass-ai:embhab_gm-4f-19_pic10503.jpg,1713,55,1.0,0.1111111111111111,0.04034257689837898,0.0,0.0,0.01818181818181818,2.0,3.0
iconclass-ai:embhab_gm-4f-19_pic11302.jpg,1713,72,1.0,1.0,0.18916030891291888,0.013888888888888888,0.027777777777777776,0.05555555555555555,7.5,3.0
iconclass-ai:embhab_gm-4f-19_pic11304.jpg,1713,25,1.0,0.5,0.0650769203272439,0.0,0.04,0.04,1.0,3.0
iconclass-ai:embhab_gm-4f-19_pic11601.jpg,1713,12,0.9491033694408385,0.014492753623188406,0.011836883792460435,0.0,0.0,0.0,2.5,5.0
iconclass-ai:embhab_gm-4f-19_pic11602.jpg,1713,11,0.8960999906773274,0.0625,0.016527376614678065,0.0,0.0,0.0,2.0,4.0
iconclass-ai:embhab_gm-4f-19_pic11604.jpg,1713,59,1.0,0.022222222222222223,0.04759137777013889,0.0,0.0,0.0,4.0,3.5
iconclass-ai:embhab_gm-4f-19_pic12001.jpg,1713,49,1.0,1.0,0.07983163648634985,0.02040816326530612,0.02040816326530612,0.02040816326530612,2.5,3.0
iconclass-ai:embhab_gm-4f-19_pic14101.jpg,1713,21,0.9444550224505781,0.5,0.11054215089118946,0.0,0.047619047619047616,0.047619047619047616,4.0,4.0
iconclass-ai:embhab_gm-4f-19_pic14502.jpg,1713,27,1.0,0.03333333333333333,0.019352052590671572,0.0,0.0,0.0,1.0,6.0
iconclass-ai:embhab_gm-4f-19_pic14504.jpg,1713,16,1.0,0.2,0.07720751012052403,0.0,0.0625,0.0625,2.0,4.0
iconclass-ai:embhab_gm-4f-19_pic14505.jpg,1713,34,1.0,0.5,0.1440036879585298,0.0,0.058823529411764705,0.058823529411764705,2.0,4.0
iconclass-ai:embhab_gm-4f-19_pic14507.jpg,1713,27,1.0,1.0,0.09767832036346824,0.037037037037037035,0.07407407407407407,0.07407407407407407,2.0,4.5
iconclass-ai:embhab_gm-4f-19_pic15301.jpg,1713,45,1.0,0.3333333333333333,0.10059205722060158,0.0,0.022222222222222223,0.044444444444444446,5.0,3.0
iconclass-ai:embhab_li6643-2_pic017.jpg,1713,25,1.0,1.0,0.06856313991679197,0.04,0.04,0.04,3.0,5.0
iconclass-ai:embhab_li6643-2_pic025.jpg,1713,72,1.0,0.3333333333333333,0.0778321026808208,0.0,0.013888888888888888,0.013888888888888888,9.0,4.0
iconclass-ai:embhab_li6643-2_pic027.jpg,1713,8,1.0,0.16666666666666666,0.027544186626150418,0.0,0.0,0.125,1.0,5.0
iconclass-ai:embhab_li6643-2_pic051.jpg,1713,21,1.0,1.0,0.1266352838072607,0.047619047619047616,0.09523809523809523,0.19047619047619047,3.0,5.0
iconclass-ai:embhab_li6643-2_pic059.jpg,1713,14,1.0,1.0,0.09092955651130864,0.07142857142857142,0.07142857142857142,0.07142857142857142,2.0,4.0
iconclass-ai:embhab_li6643-2_pic061.jpg,1713,19,0.9444550224505781,0.017857142857142856,0.014133821358917746,0.0,0.0,0.0,2.0,5.0
iconclass-ai:embhab_li6643-2_pic063.jpg,1713,43,0.9413088623205119,1.0,0.07818099603205679,0.023255813953488372,0.046511627906976744,0.046511627906976744,4.5,3.0
iconclass-ai:embhab_li6643-2_pic067.jpg,1713,20,1.0,0.045454545454545456,0.0317877426884008,0.0,0.0,0.0,3.0,4.0
iconclass-ai:embhab_li6643-2_pic079.jpg,1713,75,1.0,1.0,0.1269993326941692,0.013333333333333334,0.04,0.04,6.0,3.0
iconclass-ai:embhab_li6643-2_pic089.jpg,1713,26,1.0,1.0,0.1288761080984542,0.038461538461538464,0.07692307692307693,0.07692307692307693,1.0,3.0
iconclass-ai:embhab_li6643-2_pic095.jpg,1713,37,1.0,0.5,0.16203545509724002,0.0,0.05405405405405406,0.10810810810810811,4.5,4.0
iconclass-ai:embhab_li6643-2_pic103.jpg,1713,12,0.9241693085043592,0.3333333333333333,0.04560654621627836,0.0,0.08333333333333333,0.08333333333333333,1.0,3.0
iconclass-ai:embhab_li6643-2_pic107.jpg,1713,20,0.8731943682072151,1.0,0.10075941930013847,0.05,0.1,0.1,3.0,3.0
iconclass-ai:embhab_li6643-2_pic117.jpg,1713,9,0.8788821271231919,0.025,0.016467105833037093,0.0,0.0,0.0,2.0,5.0
iconclass-ai:embhab_li6643-2_pic131.jpg,1713,6,0.660059188946663,0.008928571428571428,0.010579597181894856,0.0,0.0,0.0,1.5,3.0
iconclass-ai:embhab_li6643-2_pic153.jpg,1713,2,1.0,0.004901960784313725,0.0030637254901960784,0.0,0.0,0.0,1.0,4.0
iconclass-ai:embhab_li6643-2_pic157.jpg,1713,3,1.0,1.0,0.5033444816053512,0.3333333333333333,0.6666666666666666,0.6666666666666666,1.0,5.0
iconclass-ai:embhab_li6643-2_pic159.jpg,1713,2,1.0,0.007462686567164179,0.0059486381838038185,0.0,0.0,0.0,1.0,3.0
iconclass-ai:embhab_li6643-2_pic165.jpg,1713,69,1.0,0.5,0.07187370526015793,0.0,0.014492753623188406,0.043478260869565216,1.5,5.0
iconclass-ai:embhab_li6643-2_pic167.jpg,1713,31,1.0,0.027777777777777776,0.02226734990569153,0.0,0.0,0.0,2.0,3.0
iconclass-ai:embhab_li6643-2_pic179.jpg,1713,44,1.0,0.1111111111111111,0.040868207127784384,0.0,0.0,0.022727272727272728,2.5,4.0
iconclass-ai:embhab_li6643-2_pic181.jpg,1713,23,1.0,0.25,0.03359655554429483,0.0,0.043478260869565216,0.043478260869565216,1.0,4.0
iconclass-ai:embhab_li6643-2_pic187.jpg,1713,97,1.0,1.0,0.1418915334252763,0.010309278350515464,0.020618556701030927,0.020618556701030927,9.5,3.0
iconclass-ai:embhab_li6643-2_pic201.jpg,1713,13,1.0,0.016666666666666666,0.013527421544756196,0.0,0.0,0.0,2.0,4.0
iconclass-ai:embhab_ma-732_pic026.jpg,1713,7,0.8732726779451979,0.009259259259259259,0.008778988451022183,0.0,0.0,0.0,2.0,3.0
iconclass-ai:embhab_ma-732_pic028.jpg,1713,4,0.9469966212364886,0.005154639175257732,0.0035424220037762635,0.0,0.0,0.0,1.0,3.5
iconclass-ai:embhab_ma-732_pic036.jpg,1713,33,0.6263172361600442,0.14285714285714285,0.06647520061911213,0.0,0.0,0.030303030303030304,2.5,4.0
iconclass-ai:embhab_ma-732_pic038.jpg,1713,25,0.7621044131083714,0.02564102564102564,0.03462682668394854,0.0,0.0,0.0,1.0,4.0
iconclass-ai:embhab_ma-732_pic054.jpg,1713,1,0.9469966212364886,0.0036101083032490976,0.0036101083032490976,0.0,0.0,0.0,1.0,4.0
iconclass-ai:embhab_ma-732_pic066.jpg,1713,7,0.6573079624559229,0.025,0.00823033828868035,0.0,0.0,0.0,1.0,3.0
iconclass-ai:embhab_ma-732_pic070.jpg,1713,22,0.38541845973429,0.1,0.023050282618129237,0.0,0.0,0.045454545454545456,2.0,5.0
iconclass-ai:embhab_ma-732_pic074.jpg,1713,1,0.9491033694408385,0.001941747572815534,0.001941747572815534,0.0,0.0,0.0,1.0,4.0
iconclass-ai:embhab_ma-732_pic080.jpg,1713,13,0.9413088623205119,0.16666666666666666,0.029202670295705453,0.0,0.0,0.07692307692307693,1.0,4.0
iconclass-ai:embhab_ma-732_pic090.jpg,1713,17,0.9241693085043592,0.16666666666666666,0.04264222895295971,0.0,0.0,0.11764705882352941,2.5,4.5
iconclass-ai:embhab_ma-732_pic104.jpg,1713,10,0.6267012665598568,0.002531645569620253,0.004731536881402536,0.0,0.0,0.0,1.0,3.5
iconclass-ai:embhab_ma-732_pic108.jpg,1713,9,1.0,0.16666666666666666,0.03056258472811327,0.0,0.0,0.1111111111111111,2.0,4.0
iconclass-ai:embhab_ma-732_pic124.jpg,1713,77,0.9491033694408385,0.08333333333333333,0.09313282762860699,0.0,0.0,0.0,1.0,4.0
iconclass-ai:embhab_ma-732_pic138.jpg,1713,4,0.768381609412114,0.0031746031746031746,0.003096940812557809,0.0,0.0,0.0,2.0,4.0
iconclass-ai:embhab_ma-732_pic142.jpg,1713,38,0.9444550224505781,1.0,0.09520898802476896,0.02631578947368421,0.05263157894736842,0.07894736842105263,2.0,4.0
iconclass-ai:embhab_p-522a-2f-helmst_pic009.jpg,1713,104,0.7692943588845425,1.0,0.12114696675037057,0.009615384615384616,0.028846153846153848,0.028846153846153848,2.0,4.0
iconclass-ai:embhab_p-522a-2f-helmst_pic035.jpg,1713,63,0.4546716391674975,0.3333333333333333,0.08192037277719921,0.0,0.015873015873015872,0.031746031746031744,1.5,4.5
iconclass-ai:embhab_sf-231-1s_pic006.jpg,1713,46,0.8817364072676379,0.25,0.05238256117325236,0.0,0.021739130434782608,0.021739130434782608,2.0,5.0
iconclass-ai:embhab_sf-231-1s_pic015.jpg,1713,16,1.0,0.045454545454545456,0.03464756642212949,0.0,0.0,0.0,1.5,4.5
iconclass-ai:embhab_th-1402_pic029.jpg,1713,11,1.0,0.030303030303030304,0.013245050834284145,0.0,0.0,0.0,3.5,4.0
iconclass-ai:embhab_th-1402_pic040.jpg,1713,58,1.0,0.07142857142857142,0.07643612162456112,0.0,0.0,0.0,6.5,4.0
iconclass-ai:embhab_th-1402_pic046.jpg,1713,8,1.0,0.05555555555555555,0.014725487489570784,0.0,0.0,0.0,2.0,5.0
iconclass-ai:embhab_th-1402_pic052.jpg,1713,28,0.9469966212364886,0.5,0.06065979994131428,0.0,0.03571428571428571,0.03571428571428571,2.0,3.0
iconclass-ai:embhab_th-1402_pic082.jpg,1713,11,1.0,0.03225806451612903,0.01175635025758797,0.0,0.0,0.0,4.0,5.0
iconclass-ai:embhab_th-1402_pic154.jpg,1713,29,0.9469966212364886,0.3333333333333333,0.12214836312742099,0.0,0.034482758620689655,0.06896551724137931,1.0,4.0
iconclass-ai:embhab_uh-103_pic024.jpg,1713,68,0.9413088623205119,1.0,0.22733807557485353,0.014705882352941176,0.07352941176470588,0.10294117647058823,3.5,3.5
iconclass-ai:embhab_uh-103_pic034.jpg,1713,71,0.8842780060535484,1.0,0.1732473904928221,0.014084507042253521,0.04225352112676056,0.08450704225352113,2.0,3.0
iconclass-ai:embhab_uh-103_pic048.jpg,1713,37,1.0,0.5,0.12032585392590833,0.0,0.08108108108108109,0.10810810810810811,1.0,3.0
iconclass-ai:embhab_uh-103_pic060.jpg,1713,46,1.0,1.0,0.29697426251579867,0.021739130434782608,0.10869565217391304,0.1956521739130435,2.0,3.0
iconclass-ai:embhab_uh-103_pic062.jpg,1713,49,0.8960999906773274,1.0,0.2550148396566484,0.02040816326530612,0.10204081632653061,0.12244897959183673,1.0,3.0
iconclass-ai:embhab_uh-103_pic072.jpg,1713,33,0.9372813848170596,1.0,0.353139121707873,0.030303030303030304,0.15151515151515152,0.2727272727272727,2.0,3.0
iconclass-ai:embhab_uh-103_pic074.jpg,1713,76,0.9444550224505781,1.0,0.2185926364409406,0.013157894736842105,0.06578947368421052,0.10526315789473684,2.5,3.0
iconclass-ai:embhab_uh-103_pic084.jpg,1713,86,1.0,1.0,0.20322187088887678,0.011627906976744186,0.05813953488372093,0.09302325581395349,3.0,3.0
iconclass-ai:embhab_uh-103_pic088.jpg,1713,71,0.7040341449156916,1.0,0.2025578705648809,0.014084507042253521,0.056338028169014086,0.07042253521126761,1.0,3.0
iconclass-ai:embhab_uh-103_pic096.jpg,1713,40,0.5742873251841113,0.125,0.1621806289918422,0.0,0.0,0.075,1.0,2.0
iconclass-ai:embhab_uk40_pic022.jpg,1713,38,0.931885505886703,0.058823529411764705,0.04855197479649888,0.0,0.0,0.0,2.0,5.0
iconclass-ai:embhab_uk40_pic046.jpg,1713,19,1.0,0.02857142857142857,0.02425763352598173,0.0,0.0,0.0,3.0,4.0
iconclass-ai:embhab_uk40_pic048.jpg,1713,22,1.0,0.05,0.025684652853370012,0.0,0.0,0.0,1.0,4.0
iconclass-ai:embhab_uk40_pic050.jpg,1713,15,1.0,0.06666666666666667,0.020198783127502087,0.0,0.0,0.0,1.0,4.5
iconclass-ai:embhab_uk40_pic070.jpg,1713,57,0.933745776545611,1.0,0.10407288061224788,0.017543859649122806,0.05263157894736842,0.05263157894736842,3.0,5.0
iconclass-ai:embhab_uk40_pic076.jpg,1713,30,1.0,0.5,0.0998083391181353,0.0,0.06666666666666667,0.1,2.5,5.5
iconclass-ai:embhab_uk40_pic084.jpg,1713,104,1.0,0.5,0.09853168527242405,0.0,0.019230769230769232,0.019230769230769232,10.0,4.0
iconclass-ai:embhab_wa-6382_pic021.jpg,1713,25,0.8904122317613505,0.2,0.05977293844720064,0.0,0.04,0.04,5.0,4.0
iconclass-ai:embhab_wa-6382_pic035.jpg,1713,79,1.0,1.0,0.14970974594846786,0.012658227848101266,0.02531645569620253,0.05063291139240506,4.5,4.0
iconclass-ai:embhab_wa-6382_pic043.jpg,1713,7,0.9413088623205119,0.013157894736842105,0.014075296855260619,0.0,0.0,0.0,2.0,3.0
iconclass-ai:embhab_wa-6382_pic052.jpg,1713,26,0.8333650673517344,1.0,0.12082656620809805,0.038461538461538464,0.07692307692307693,0.11538461538461539,3.0,5.0
iconclass-ai:embhab_wa-6382_pic063.jpg,1713,8,0.7973636767115745,0.016666666666666666,0.006610575960857838,0.0,0.0,0.0,1.0,4.0
iconclass-ai:embhab_wa-6382_pic069.jpg,1713,52,0.9241693085043592,0.3333333333333333,0.12175902892328988,0.0,0.019230769230769232,0.057692307692307696,5.0,4.0
iconclass-ai:embhab_wa-6382_pic087.jpg,1713,53,0.7647243216322649,1.0,0.1586503473929196,0.018867924528301886,0.03773584905660377,0.07547169811320754,5.0,4.0
iconclass-ai:embhab_wa-6382_pic121.jpg,1713,68,0.8610666629216065,0.5,0.2101857655830843,0.0,0.04411764705882353,0.08823529411764706,2.5,4.0
iconclass-ai:embhab_wa-6382_pic197.jpg,1713,3,0.7066377452969325,0.0012300123001230013,0.0018691146188337861,0.0,0.0,0.0,1.5,2.5
iconclass-ai:embhab_wa-6382_pic234.jpg,1713,62,1.0,1.0,0.18870732676806506,0.016129032258064516,0.03225806451612903,0.06451612903225806,1.5,4.0
iconclass-ai:embhab_wa-6382_pic243.jpg,1713,71,0.9469966212364886,1.0,0.1283727157806131,0.014084507042253521,0.014084507042253521,0.04225352112676056,2.0,4.0
iconclass-ai:embhab_wa-6382_pic250.jpg,1713,78,0.9491033694408385,0.3333333333333333,0.1282572483241933,0.0,0.02564102564102564,0.038461538461538464,4.0,3.0
iconclass-ai:embhab_wa-6382_pic266.jpg,1713,72,0.82333714957377,1.0,0.21836644115151568,0.013888888888888888,0.041666666666666664,0.05555555555555555,3.0,4.0
iconclass-ai:embhab_wa-6382_pic273.jpg,1713,1,0.9372813848170596,0.003401360544217687,0.003401360544217687,0.0,0.0,0.0,1.0,4.0
iconclass-ai:embhab_wa-6382_pic306.jpg,1713,12,1.0,0.03333333333333333,0.02413570942546279,0.0,0.0,0.0,1.0,4.5
iconclass-ai:embhab_wa-6382_pic345.jpg,1713,68,1.0,1.0,0.15957129116788585,0.014705882352941176,0.029411764705882353,0.04411764705882353,3.5,4.0
iconclass-ai:embhab_xb-6512_pic025.jpg,1713,66,1.0,0.5,0.852228626022676,0.0,0.06060606060606061,0.13636363636363635,3.0,3.0
iconclass-ai:embhab_xb-6512_pic031.jpg,1713,117,1.0,1.0,0.5456973109711922,0.008547008547008548,0.03418803418803419,0.07692307692307693,4.0,5.0
iconclass-ai:embhab_xb-6512_pic037.jpg,1713,77,1.0,0.5,0.7437618220698494,0.0,0.03896103896103896,0.1038961038961039,4.0,3.5
iconclass-ai:embhab_xb-6512_pic041.jpg,1713,65,1.0,0.3333333333333333,0.7272783287647957,0.0,0.046153846153846156,0.1076923076923077,2.0,3.0
iconclass-ai:embhab_xb-6512_pic047.jpg,1713,8,0.7358898804423037,0.024390243902439025,0.035045593304067195,0.0,0.0,0.0,2.0,5.0
iconclass-ai:embhab_xb-6512_pic049.jpg,1713,7,1.0,0.5,0.09449193955643408,0.0,0.14285714285714285,0.14285714285714285,1.0,5.0
iconclass-ai:embhab_xb-6512_pic055.jpg,1713,33,1.0,0.0625,0.03473212997616219,0.0,0.0,0.0,3.0,4.0
iconclass-ai:embhab_xb-6512_pic093.jpg,1713,69,1.0,1.0,0.853795267264549,0.014492753623188406,0.057971014492753624,0.13043478260869565,6.5,5.0
iconclass-ai:embhab_xb-6512_pic123.jpg,1713,66,1.0,1.0,0.8543097309551231,0.015151515151515152,0.07575757575757576,0.15151515151515152,2.0,5.0
iconclass-ai:embhab_xb-6512_pic129.jpg,1713,68,1.0,1.0,0.8478382649499967,0.014705882352941176,0.07352941176470588,0.14705882352941177,5.0,5.0
iconclass-ai:embhab_xb-6512_pic145.jpg,1713,75,1.0,1.0,0.8539431495946898,0.013333333333333334,0.06666666666666667,0.13333333333333333,7.0,3.5
iconclass-ai:embhab_xb-6512_pic147.jpg,1713,66,1.0,1.0,0.8621261557833184,0.015151515151515152,0.06060606060606061,0.13636363636363635,2.5,4.5
iconclass-ai:embhab_xb-6512_pic163.jpg,1713,65,1.0,1.0,0.9637475894911418,0.015384615384615385,0.07692307692307693,0.15384615384615385,1.0,5.0
iconclass-ai:embhab_xb-6512_pic173.jpg,1713,63,1.0,1.0,0.8887695989015459,0.015873015873015872,0.07936507936507936,0.14285714285714285,2.0,5.0
iconclass-ai:embhab_xb-6512_pic187.jpg,1713,72,1.0,1.0,0.8519050903573512,0.013888888888888888,0.06944444444444445,0.1388888888888889,5.0,4.0
iconclass-ai:embhab_xb-6512_pic193.jpg,1713,66,1.0,1.0,0.8718453592346822,0.015151515151515152,0.07575757575757576,0.13636363636363635,4.0,5.0
iconclass-ai:embhab_xb-6512_pic195.jpg,1713,64,1.0,1.0,0.9063683777060515,0.015625,0.0625,0.140625,2.0,4.0
iconclass-ai:embhab_xb-6512_pic221.jpg,1713,63,1.0,1.0,0.828932549105426,0.015873015873015872,0.07936507936507936,0.14285714285714285,2.0,6.0
iconclass-ai:embhab_xb-6512_pic225.jpg,1713,63,1.0,1.0,0.9298862117118623,0.015873015873015872,0.07936507936507936,0.14285714285714285,2.0,7.0
iconclass-ai:embhab_xb-6512_pic233.jpg,1713,8,1.0,0.05555555555555555,0.05989557563838209,0.0,0.0,0.0,3.0,5.0
iconclass-ai:embhab_xb-6512_pic235.jpg,1713,72,1.0,1.0,0.702879137691079,0.013888888888888888,0.06944444444444445,0.1388888888888889,1.0,6.0
iconclass-ai:embhab_xb-6512_pic255.jpg,1713,63,1.0,1.0,0.9525692057536621,0.015873015873015872,0.07936507936507936,0.15873015873015872,1.0,6.0
iconclass-ai:embhab_xb-6512_pic263.jpg,1713,68,1.0,1.0,0.9069137603593548,0.014705882352941176,0.07352941176470588,0.14705882352941177,3.0,4.0
iconclass-ai:embhab_xb-6512_pic271.jpg,1713,63,1.0,1.0,0.9143861660141277,0.015873015873015872,0.06349206349206349,0.14285714285714285,1.0,4.0
iconclass-ai:embhab_xb-6512_pic279.jpg,1713,36,1.0,0.25,0.06962401760343029,0.0,0.027777777777777776,0.027777777777777776,5.0,4.0
iconclass-ai:embhab_xb-6512_pic281.jpg,1713,91,1.0,1.0,0.727420108432667,0.01098901098901099,0.054945054945054944,0.10989010989010989,6.0,4.0
iconclass-ai:embhab_xb-6512_pic285.jpg,1713,67,1.0,1.0,0.8834050632730129,0.014925373134328358,0.07462686567164178,0.14925373134328357,4.0,3.0
iconclass-ai:embhab_xb-6512_pic301.jpg,1713,68,1.0,1.0,0.6910432087808982,0.014705882352941176,0.07352941176470588,0.1323529411764706,3.0,3.0
iconclass-ai:embhab_xb-6512_pic303.jpg,1713,67,1.0,1.0,0.9085155018261398,0.014925373134328358,0.07462686567164178,0.13432835820895522,4.0,4.5
iconclass-ai:embhab_xb-6512_pic307.jpg,1713,66,1.0,1.0,0.9123478251935278,0.015151515151515152,0.07575757575757576,0.15151515151515152,2.0,4.0
iconclass-ai:embhab_xb-6512_pic317.jpg,1713,127,1.0,1.0,0.5499804418741803,0.007874015748031496,0.031496062992125984,0.07086614173228346,7.0,4.0
iconclass-ai:embhab_xb-6512_pic341.jpg,1713,75,1.0,1.0,0.8061600310304794,0.013333333333333334,0.06666666666666667,0.13333333333333333,7.0,4.0
iconclass-ai:embhab_xb-6512_pic369.jpg,1713,72,1.0,1.0,0.7848278245621041,0.013888888888888888,0.06944444444444445,0.1388888888888889,5.0,4.0
iconclass-ai:embhab_xb-6512_pic385.jpg,1713,69,1.0,1.0,0.6404703922653756,0.014492753623188406,0.07246376811594203,0.13043478260869565,3.5,4.0
iconclass-ai:embhab_xb-6512_pic405.jpg,1713,79,1.0,1.0,0.7915002399985454,0.012658227848101266,0.06329113924050633,0.12658227848101267,10.5,4.0
iconclass-ai:embhab_xb-6512_pic411.jpg,1713,71,1.0,1.0,0.8486030741026626,0.014084507042253521,0.07042253521126761,0.1267605633802817,8.5,4.0
iconclass-ai:embhab_xb-6512_pic421.jpg,1713,77,1.0,1.0,0.708174424672728,0.012987012987012988,0.05194805194805195,0.11688311688311688,11.0,3.5
iconclass-ai:embhab_xb-6512_pic431.jpg,1713,70,1.0,1.0,0.8586995472249052,0.014285714285714285,0.07142857142857142,0.14285714285714285,5.5,5.0
iconclass-ai:embhab_xb-6512_pic433.jpg,1713,75,1.0,1.0,0.7737652031391707,0.013333333333333334,0.05333333333333334,0.12,6.0,4.0
iconclass-ai:embhab_xb-6512_pic435.jpg,1713,74,1.0,1.0,0.7543013725189698,0.013513513513513514,0.05405405405405406,0.12162162162162163,2.5,5.0
iconclass-ai:embhab_xb-6512_pic463.jpg,1713,70,1.0,0.5,0.8394048833697598,0.0,0.05714285714285714,0.12857142857142856,4.0,3.0
iconclass-ai:embhab_xb-6512_pic473.jpg,1713,71,1.0,1.0,0.7766197254705235,0.014084507042253521,0.056338028169014086,0.1267605633802817,9.0,4.0
iconclass-ai:embhab_xb-6512_pic477.jpg,1713,67,1.0,1.0,0.9071185759362855,0.014925373134328358,0.07462686567164178,0.14925373134328357,2.0,5.0
iconclass-ai:embhab_xb-6512_pic479.jpg,1713,8,1.0,0.07142857142857142,0.15171519996887642,0.0,0.0,0.0,2.5,5.5
iconclass-ai:embhab_xb-6512_pic491.jpg,1713,93,1.0,1.0,0.6556082555998385,0.010752688172043012,0.043010752688172046,0.0967741935483871,15.0,4.5
iconclass-ai:embhab_xb-6512_pic499.jpg,1713,68,1.0,1.0,0.905993387926745,0.014705882352941176,0.07352941176470588,0.14705882352941177,6.0,5.0
iconclass-ai:embhab_xb-6512_pic527.jpg,1713,68,1.0,1.0,0.8585596508373281,0.014705882352941176,0.07352941176470588,0.1323529411764706,4.0,4.0
iconclass-ai:embhab_xb-6512_pic553.jpg,1713,69,1.0,1.0,0.9210026898823378,0.014492753623188406,0.07246376811594203,0.14492753623188406,6.0,4.0
iconclass-ai:embhab_xb-6512_pic561.jpg,1713,0,1.0,,,,,,1.0,5.5
iconclass-ai:embhab_xb-6512_pic581.jpg,1713,67,1.0,1.0,0.8785931087898787,0.014925373134328358,0.07462686567164178,0.13432835820895522,3.0,4.0
iconclass-ai:embhab_xb-6512_pic589.jpg,1713,65,1.0,1.0,0.9309271678326103,0.015384615384615385,0.07692307692307693,0.15384615384615385,2.0,5.0
iconclass-ai:embhab_xb-6512_pic593.jpg,1713,72,1.0,1.0,0.8229123510299133,0.013888888888888888,0.06944444444444445,0.1388888888888889,12.0,4.0
iconclass-ai:embhab_xb-6512_pic603.jpg,1713,69,1.0,1.0,0.8224936954753266,0.014492753623188406,0.07246376811594203,0.13043478260869565,4.5,4.0
iconclass-ai:embhab_xb-6512_pic609.jpg,1713,72,1.0,1.0,0.8374833341166936,0.013888888888888888,0.06944444444444445,0.1388888888888889,3.0,4.0
iconclass-ai:embhab_xb-6512_pic615.jpg,1713,77,1.0,1.0,0.7597108632279812,0.012987012987012988,0.05194805194805195,0.11688311688311688,7.0,4.0
iconclass-ai:embhab_xb-6512_pic627.jpg,1713,70,1.0,1.0,0.8402340765850772,0.014285714285714285,0.07142857142857142,0.12857142857142856,2.0,5.0
iconclass-ai:embhab_xb-6512_pic629.jpg,1713,74,1.0,1.0,0.8331653957394659,0.013513513513513514,0.06756756756756757,0.13513513513513514,4.0,3.5
iconclass-ai:embhab_xb-6512_pic645.jpg,1713,66,1.0,1.0,0.9168398691508435,0.015151515151515152,0.07575757575757576,0.15151515151515152,1.0,3.0
iconclass-ai:embhab_xb-6512_pic673.jpg,1713,93,1.0,1.0,0.707255634994094,0.010752688172043012,0.043010752688172046,0.0967741935483871,9.0,4.0
iconclass-ai:embhab_xb-6512_pic677.jpg,1713,69,1.0,0.5,0.8318981413505453,0.0,0.057971014492753624,0.13043478260869565,1.5,5.0
iconclass-ai:embhab_xb-6512_pic691.jpg,1713,65,1.0,1.0,0.9019572797608403,0.015384615384615385,0.07692307692307693,0.15384615384615385,1.0,6.0
iconclass-ai:embhab_xb-6512_pic701.jpg,1713,75,1.0,1.0,0.7981296208350989,0.013333333333333334,0.06666666666666667,0.13333333333333333,1.0,5.0
iconclass-ai:embhab_xb-6512_pic711.jpg,1713,65,1.0,1.0,0.897700343115575,0.015384615384615385,0.07692307692307693,0.13846153846153847,2.0,4.0
iconclass-ai:embhab_xb-6512_pic713.jpg,1713,5,1.0,0.043478260869565216,0.015196152754464287,0.0,0.0,0.0,1.0,4.5
iconclass-ai:embhab_xb-6512_pic727.jpg,1713,69,1.0,1.0,0.6628873667827353,0.014492753623188406,0.07246376811594203,0.14492753623188406,4.5,4.0
iconclass-ai:embhab_xb-6512_pic739.jpg,1713,68,1.0,1.0,0.9223366222322704,0.014705882352941176,0.07352941176470588,0.14705882352941177,2.5,4.5
iconclass-ai:embhab_xb-6512_pic747.jpg,1713,71,1.0,1.0,0.8126937637962058,0.014084507042253521,0.07042253521126761,0.14084507042253522,6.0,4.0
iconclass-ai:embhab_xb-6512_pic749.jpg,1713,64,1.0,1.0,0.8169801219484791,0.015625,0.078125,0.15625,2.0,4.0
iconclass-ai:embhab_xb-6512_pic757.jpg,1713,64,1.0,1.0,0.9166125654179248,0.015625,0.078125,0.140625,2.0,4.0
iconclass-ai:embhab_xb-6512_pic759.jpg,1713,66,1.0,1.0,0.9155946392813185,0.015151515151515152,0.07575757575757576,0.15151515151515152,2.0,4.0
iconclass-ai:embhab_xb-6512_pic763.jpg,1713,74,1.0,1.0,0.8000253302281024,0.013513513513513514,0.06756756756756757,0.13513513513513514,2.5,4.0
iconclass-ai:embhab_xb-6512_pic769.jpg,1713,74,1.0,1.0,0.8085957450054507,0.013513513513513514,0.06756756756756757,0.13513513513513514,1.0,5.0
iconclass-ai:embmne_pae1591_pic009.jpg,1713,4,0.7939688420709108,0.034482758620689655,0.010896939963462825,0.0,0.0,0.0,1.0,4.5
iconclass-ai:embmne_pae1591_pic011.jpg,1713,3,0.933305525364218,0.0012738853503184713,0.0017271861200489347,0.0,0.0,0.0,1.0,5.5
iconclass-ai:embmne_pae1591_pic017.jpg,1713,43,0.7576395331147311,0.25,0.07310363707010922,0.0,0.023255813953488372,0.06976744186046512,1.0,5.0
iconclass-ai:embmne_pae1591_pic029.jpg,1713,67,0.9421629198191348,0.14285714285714285,0.05864122115332066,0.0,0.0,0.029850746268656716,3.0,4.0
iconclass-ai:embmne_pae1591_pic035.jpg,1713,8,0.6401475982779183,0.2,0.10567488101559598,0.0,0.125,0.25,1.0,4.0
iconclass-ai:embmne_pae1591_pic046.jpg,1713,93,0.7079692907982286,1.0,0.07766414788997004,0.010752688172043012,0.021505376344086023,0.03225806451612903,3.0,3.0
iconclass-ai:embmne_pae1591_pic055.jpg,1713,4,0.6950236600388627,0.001594896331738437,0.0018806977743117386,0.0,0.0,0.0,1.5,4.5
iconclass-ai:embmne_pae1591_pic067.jpg,1713,5,0.9491033694408385,0.01639344262295082,0.005392256874853741,0.0,0.0,0.0,1.0,5.0
iconclass-ai:embmne_pae1591_pic081.jpg,1713,28,0.9346681091844371,0.08333333333333333,0.025649407265850428,0.0,0.0,0.0,2.0,4.0
iconclass-ai:embmne_pae1591_pic101.jpg,1713,20,0.6288131112197252,0.0125,0.011261616448081224,0.0,0.0,0.0,1.0,3.5
iconclass-ai:embmne_pae1591_pic125.jpg,1713,60,1.0,0.125,0.07407660102898925,0.0,0.0,0.016666666666666666,1.0,6.0
iconclass-ai:embmne_pae1591_pic143.jpg,1713,28,1.0,0.010869565217391304,0.014683217094869869,0.0,0.0,0.0,2.0,3.5
iconclass-ai:embmne_pae1591_pic152.jpg,1713,90,1.0,1.0,0.1557429203268966,0.011111111111111112,0.044444444444444446,0.05555555555555555,9.5,5.0
iconclass-ai:embmne_pae1591_pic158.jpg,1713,18,1.0,0.08333333333333333,0.01800950252971895,0.0,0.0,0.0,3.0,5.5
iconclass-ai:embmne_pae1591_pic160.jpg,1713,26,0.933745776545611,0.037037037037037035,0.02023024861585848,0.0,0.0,0.0,1.0,4.0
iconclass-ai:embmne_pae1591_pic174.jpg,1713,57,1.0,1.0,0.11227833091500078,0.017543859649122806,0.03508771929824561,0.08771929824561403,1.5,4.0
iconclass-ai:embmne_pae1591_pic176.jpg,1713,5,1.0,0.0014144271570014145,0.0027332071592968835,0.0,0.0,0.0,1.0,3.0
iconclass-ai:embmne_pae1591_pic188.jpg,1713,0,1.0,,,,,,1.0,4.0
iconclass-ai:embmne_pae1591_pic191.jpg,1713,2,0.7153593046395121,0.00819672131147541,0.009748078169862,0.0,0.0,0.0,1.0,3.0
iconclass-ai:embmne_pae1591_pic202.jpg,1713,14,1.0,0.3333333333333333,0.05598185762302817,0.0,0.07142857142857142,0.07142857142857142,1.0,4.0
iconclass-ai:embmne_pae1591_pic203.jpg,1713,15,1.0,0.047619047619047616,0.02318291109617929,0.0,0.0,0.0,2.0,3.0
iconclass-ai:embmne_pae1591_pic217.jpg,1713,12,1.0,0.027777777777777776,0.013892197433638849,0.0,0.0,0.0,2.0,3.0
iconclass-ai:embmne_pae1591_pic233.jpg,1713,12,1.0,0.3333333333333333,0.06625417066719105,0.0,0.08333333333333333,0.08333333333333333,2.0,4.0
iconclass-ai:embmne_pae1591_pic237.jpg,1713,6,1.0,0.1111111111111111,0.02865807232106773,0.0,0.0,0.16666666666666666,1.0,4.0
iconclass-ai:embmne_pae1591_pic265.jpg,1713,29,0.7426823016166199,0.25,0.04804444259666871,0.0,0.034482758620689655,0.06896551724137931,1.5,3.0
iconclass-ai:embmne_pae1591_pic268.jpg,1713,10,0.8564113471486752,0.5,0.06016612394830839,0.0,0.1,0.1,2.0,4.0
iconclass-ai:embmne_pae1591_pic284.jpg,1713,27,1.0,0.125,0.034946846324450255,0.0,0.0,0.07407407407407407,2.0,6.0
iconclass-ai:embmne_pae1591_pic286.jpg,1713,9,1.0,1.0,0.11512564378621876,0.1111111111111111,0.1111111111111111,0.1111111111111111,1.0,4.0
iconclass-ai:embmne_pae1591_pic288.jpg,1713,52,1.0,0.3333333333333333,0.056797561978839534,0.0,0.038461538461538464,0.038461538461538464,1.5,5.5
iconclass-ai:embmne_pae1591_pic295.jpg,1713,1,1.0,0.0012804097311139564,0.0012804097311139564,0.0,0.0,0.0,1.0,5.0
iconclass-ai:embmne_pae1591_pic331.jpg,1713,21,0.7317423160499795,0.16666666666666666,0.029064211458109074,0.0,0.0,0.047619047619047616,1.0,4.5
iconclass-ai:embmne_pae1591_pic332.jpg,1713,56,0.9421629198191348,0.1111111111111111,0.045678513188835715,0.0,0.0,0.017857142857142856,1.0,4.5
iconclass-ai:embmne_pae1591_pic336.jpg,1713,51,0.7682269253321374,1.0,0.05496753407416602,0.0196078431372549,0.0196078431372549,0.0196078431372549,2.0,4.5
iconclass-ai:embmne_pae1591_pic341.jpg,1713,64,0.03123517853418986,0.07692307692307693,0.04041403262819878,0.0,0.0,0.0,5.5,5.0
iconclass-ai:embmne_pae1591_pic354.jpg,1713,37,0.55237575775944,0.3333333333333333,0.031968360696745926,0.0,0.02702702702702703,0.02702702702702703,1.0,5.0
iconclass-ai:embmne_pae1591_pic360.jpg,1713,120,0.9363792118010481,1.0,0.08550393585817143,0.008333333333333333,0.016666666666666666,0.041666666666666664,4.0,5.0
iconclass-ai:embmne_pae1591_pic367.jpg,1713,68,0.7001496012624442,1.0,0.04873507097604161,0.014705882352941176,0.014705882352941176,0.014705882352941176,2.5,5.0
iconclass-ai:embstma_1667_pic002.jpg,1713,155,1.0,1.0,0.27972537839243966,0.0064516129032258064,0.03225806451612903,0.06451612903225806,5.0,5.0
iconclass-ai:embstma_1667_pic004.jpg,1713,156,0.8374088529978393,1.0,0.21182453931912734,0.00641025641025641,0.03205128205128205,0.04487179487179487,4.0,5.0
iconclass-ai:embstma_1667_pic008.jpg,1713,82,0.5162515690305272,0.2,0.22945396740534554,0.0,0.012195121951219513,0.04878048780487805,2.0,5.0
iconclass-ai:embstma_1667_pic011.jpg,1713,106,0.8405550131279055,1.0,0.20513437626025238,0.009433962264150943,0.03773584905660377,0.04716981132075472,6.0,4.5
iconclass-ai:embstma_1667_pic014.jpg,1713,199,0.8842780060535484,1.0,0.23924663564325616,0.005025125628140704,0.02512562814070352,0.04020100502512563,4.5,5.0
iconclass-ai:embstma_1667_pic019.jpg,1713,153,0.8863847542578983,1.0,0.2024411475718492,0.006535947712418301,0.032679738562091505,0.05228758169934641,4.5,4.0
iconclass-ai:embstma_1667_pic020.jpg,1713,157,0.8883054835570007,1.0,0.22315253989622225,0.006369426751592357,0.03184713375796178,0.050955414012738856,5.0,4.0
iconclass-ai:embstma_1667_pic024.jpg,1713,1,0.9432379215722525,0.09090909090909091,0.09090909090909091,0.0,0.0,0.0,1.0,4.0
iconclass-ai:embstma_1667_pic025.jpg,1713,79,0.8405550131279055,1.0,0.2501178446405227,0.012658227848101266,0.06329113924050633,0.08860759493670886,3.0,5.0
iconclass-ai:embstma_1667_pic026.jpg,1713,128,0.9491033694408385,1.0,0.25178345638167254,0.0078125,0.0390625,0.0703125,4.0,5.0
iconclass-ai:embstma_1667_pic030.jpg,1713,60,0.6868945910995391,1.0,0.16431939834955864,0.016666666666666666,0.05,0.08333333333333333,2.0,4.5
iconclass-ai:embstma_1667_pic032.jpg,1713,182,0.9413088623205119,1.0,0.24923607800506598,0.005494505494505495,0.027472527472527472,0.04945054945054945,4.5,5.0
iconclass-ai:embstma_1667_pic034.jpg,1713,88,0.802759555641931,1.0,0.18599156062282915,0.011363636363636364,0.045454545454545456,0.06818181818181818,2.0,4.0
iconclass-ai:embstma_1667_pic044.jpg,1713,92,0.8788821271231919,1.0,0.21867545254292184,0.010869565217391304,0.03260869565217391,0.06521739130434782,1.0,4.0
iconclass-ai:embstma_1667_pic050b.jpg,1713,150,0.4672411557313725,0.5,0.14671000200078527,0.0,0.02,0.02,3.0,5.0
iconclass-ai:embstma_1667_pic052a.jpg,1713,79,0.8182702601446015,1.0,0.22587366581797017,0.012658227848101266,0.0379746835443038,0.0759493670886076,2.5,5.0
iconclass-ai:embstma_1667_pic056.jpg,1713,163,0.8161635119402516,1.0,0.2289930962367716,0.006134969325153374,0.024539877300613498,0.04294478527607362,5.0,4.0
iconclass-ai:embstma_1667_pic060.jpg,1713,105,0.6495134553355962,0.5,0.16436296820379417,0.0,0.0380952380952381,0.05714285714285714,2.0,5.0
iconclass-ai:embstma_1667_pic063.jpg,1713,91,1.0,0.5,0.19443227375692806,0.0,0.03296703296703297,0.08791208791208792,3.0,6.0
iconclass-ai:embstma_1667_pic066.jpg,1713,71,0.7652668813810902,0.5,0.10250009267614736,0.0,0.014084507042253521,0.028169014084507043,1.0,3.5
iconclass-ai:embstma_1667_pic069.jpg,1713,121,1.0,1.0,0.2702937233975577,0.008264462809917356,0.03305785123966942,0.0743801652892562,2.0,5.0
iconclass-ai:embstma_1667_pic077b.jpg,1713,143,0.7818638754484174,1.0,0.20562527426345106,0.006993006993006993,0.03496503496503497,0.04195804195804196,8.0,5.0
iconclass-ai:embstma_1667_pic083.jpg,1713,140,0.9413088623205119,1.0,0.28796391251021036,0.007142857142857143,0.03571428571428571,0.06428571428571428,3.0,5.0
iconclass-ai:embstma_1667_pic094.jpg,1713,115,0.9491033694408385,1.0,0.2617743369487724,0.008695652173913044,0.034782608695652174,0.06956521739130435,2.0,4.0
iconclass-ai:embstma_1667_pic095.jpg,1713,91,0.9413088623205119,1.0,0.31433887932643895,0.01098901098901099,0.04395604395604396,0.08791208791208792,6.0,5.0
iconclass-ai:embstma_1667_pic097.jpg,1713,168,1.0,1.0,0.26535905971364593,0.005952380952380952,0.02976190476190476,0.05952380952380952,7.0,5.0
iconclass-ai:embstma_1667_pic115.jpg,1713,59,1.0,1.0,0.13522147958611377,0.01694915254237288,0.03389830508474576,0.03389830508474576,1.5,3.0
iconclass-ai:embstma_1667_pic142.jpg,1713,151,0.9444550224505781,1.0,0.21672115442181944,0.006622516556291391,0.026490066225165563,0.052980132450331126,1.5,4.0
iconclass-ai:embstma_1667_pic150.jpg,1713,89,1.0,1.0,0.18754571775364146,0.011235955056179775,0.033707865168539325,0.056179775280898875,3.0,5.0
iconclass-ai:embstma_1667_pic153b.jpg,1713,39,0.5789356721743717,0.2,0.11348578887535861,0.0,0.02564102564102564,0.02564102564102564,1.5,4.0
iconclass-ai:embstma_1667_pic156a.jpg,1713,107,0.5629940596329484,1.0,0.1550815473207596,0.009345794392523364,0.028037383177570093,0.028037383177570093,3.0,5.0
iconclass-ai:embstma_1667_pic158.jpg,1713,93,1.0,1.0,0.27820547197158463,0.010752688172043012,0.053763440860215055,0.10752688172043011,3.0,5.0
iconclass-ai:embstma_1667_pic161.jpg,1713,64,0.9413088623205119,1.0,0.14633359676911906,0.015625,0.03125,0.0625,1.0,5.0
iconclass-ai:embstma_1667_pic166b.jpg,1713,93,0.3467278441987201,0.14285714285714285,0.10776510991436464,0.0,0.0,0.010752688172043012,2.0,4.0
iconclass-ai:embstma_1667_pic168b.jpg,1713,23,0.9413088623205119,0.1111111111111111,0.042063392575118014,0.0,0.0,0.043478260869565216,1.0,4.5
iconclass-ai:embstma_1667_pic171.jpg,1713,48,0.7700418908246386,1.0,0.23402243080426963,0.020833333333333332,0.08333333333333333,0.08333333333333333,2.0,4.0
iconclass-ai:embstma_1667_pic179.jpg,1713,114,0.8405550131279055,1.0,0.2100932422439195,0.008771929824561403,0.03508771929824561,0.05263157894736842,6.0,4.0
iconclass-ai:embstma_1667_pic180.jpg,1713,90,0.88576388477109,1.0,0.3160300470533845,0.011111111111111112,0.05555555555555555,0.08888888888888889,4.0,5.0
iconclass-ai:embstma_1667_pic184.jpg,1713,14,1.0,0.16666666666666666,0.04341654624335981,0.0,0.0,0.07142857142857142,2.0,4.0
iconclass-ai:embstma_1667_pic188a.jpg,1713,2,0.931885505886703,0.02702702702702703,0.014456909739928608,0.0,0.0,0.0,1.0,4.0
iconclass-ai:embstma_1667_pic189b.jpg,1713,175,0.6133481304432844,1.0,0.1949886949913945,0.005714285714285714,0.011428571428571429,0.02857142857142857,2.5,4.0
iconclass-ai:embstma_1667_pic190b.jpg,1713,89,0.8809888753275418,1.0,0.2893023884636492,0.011235955056179775,0.0449438202247191,0.0898876404494382,6.0,5.0
iconclass-ai:embstma_1667_pic198.jpg,1713,139,0.7060331839527768,1.0,0.18458155832714673,0.007194244604316547,0.02877697841726619,0.03597122302158273,4.5,5.0
iconclass-ai:embstma_1667_pic208.jpg,1713,103,0.8731943682072151,0.5,0.19875395565253068,0.0,0.02912621359223301,0.05825242718446602,3.0,5.0
iconclass-ai:embstma_1667_pic220.jpg,1713,107,0.6495285792919863,0.3333333333333333,0.19146668923495042,0.0,0.018691588785046728,0.037383177570093455,2.0,4.0
iconclass-ai:embstma_1667_pic223.jpg,1713,170,1.0,1.0,0.2797419273427734,0.0058823529411764705,0.023529411764705882,0.052941176470588235,7.0,4.0
iconclass-ai:embstma_1667_pic224a.jpg,1713,49,0.2530033787635112,0.08333333333333333,0.11258338351854438,0.0,0.0,0.0,3.0,6.0
iconclass-ai:embstma_1667_pic226.jpg,1713,65,0.8763405283372813,1.0,0.3623752578246315,0.015384615384615385,0.06153846153846154,0.12307692307692308,4.5,5.0
iconclass-ai:embstma_1667_pic229b.jpg,1713,6,0.601762984906501,0.027777777777777776,0.007407905579762226,0.0,0.0,0.0,1.0,4.0
iconclass-ai:embstma_204_fac009.jpg,1713,22,1.0,0.09090909090909091,0.02117410455384784,0.0,0.0,0.0,4.0,3.0
iconclass-ai:embstma_204_fac017.jpg,1713,78,1.0,0.2,0.04099641864282696,0.0,0.01282051282051282,0.01282051282051282,4.0,5.0
iconclass-ai:embstma_204_fac019.jpg,1713,39,1.0,0.14285714285714285,0.020256173037596026,0.0,0.0,0.02564102564102564,3.0,5.0
iconclass-ai:embstma_204_fac041.jpg,1713,40,1.0,0.03333333333333333,0.019129083340450506,0.0,0.0,0.0,1.5,4.0
iconclass-ai:embstma_204_fac045.jpg,1713,12,1.0,0.011494252873563218,0.010174816986057208,0.0,0.0,0.0,1.0,4.0
iconclass-ai:embstma_204_fac057.jpg,1713,54,1.0,1.0,0.05521159020015571,0.018518518518518517,0.037037037037037035,0.037037037037037035,2.5,3.5
iconclass-ai:embstma_204_fac061.jpg,1713,8,1.0,0.001669449081803005,0.004241249575476988,0.0,0.0,0.0,2.5,3.5
iconclass-ai:embstma_204_fac079.jpg,1713,73,1.0,1.0,0.05428264831550628,0.0136986301369863,0.0136986301369863,0.0136986301369863,2.5,3.0
iconclass-ai:embstma_204_fac083.jpg,1713,13,1.0,1.0,0.08291988005446257,0.07692307692307693,0.07692307692307693,0.07692307692307693,1.0,4.0
iconclass-ai:embstma_204_fac087.jpg,1713,33,1.0,0.3333333333333333,0.04434283127547614,0.0,0.030303030303030304,0.06060606060606061,3.0,3.5
iconclass-ai:embstma_204_fac105.jpg,1713,18,1.0,0.0023094688221709007,0.00749289633075944,0.0,0.0,0.0,2.0,3.0
iconclass-ai:embstma_204_fac107.jpg,1713,39,1.0,1.0,0.046606008259753334,0.02564102564102564,0.02564102564102564,0.02564102564102564,2.0,4.5
iconclass-ai:embstma_204_fac117.jpg,1713,64,0.9388422552728716,1.0,0.0484565025468012,0.015625,0.015625,0.03125,4.0,4.0
iconclass-ai:embstma_204_fac169.jpg,1713,37,1.0,0.14285714285714285,0.032661187849074645,0.0,0.0,0.05405405405405406,1.5,4.5
iconclass-ai:embstma_204_fac203.jpg,1713,4,1.0,0.00145985401459854,0.0021311661528377714,0.0,0.0,0.0,1.5,3.0
iconclass-ai:embstma_260_pic047.jpg,1713,38,1.0,0.029411764705882353,0.038513705151519556,0.0,0.0,0.0,4.0,5.0
iconclass-ai:embstma_260_pic083.jpg,1713,0,1.0,,,,,,1.0,1.0
iconclass-ai:embstma_260_pic095.jpg,1713,0,1.0,,,,,,1.0,1.0
iconclass-ai:embstma_260_pic097.jpg,1713,0,1.0,,,,,,1.0,1.0
iconclass-ai:embstma_260_pic105.jpg,1713,0,1.0,,,,,,1.0,1.0
iconclass-ai:embstma_260_pic107.jpg,1713,0,1.0,,,,,,1.0,1.0
iconclass-ai:embstma_260_pic121.jpg,1713,0,1.0,,,,,,1.0,1.0
iconclass-ai:embstma_260_pic123.jpg,1713,0,1.0,,,,,,1.0,1.0
iconclass-ai:embstma_260_pic133.jpg,1713,0,1.0,,,,,,1.0,1.0
iconclass-ai:embstma_260_pic149.jpg,1713,0,1.0,,,,,,1.0,1.0
iconclass-ai:embstma_260_pic151.jpg,1713,0,1.0,,,,,,1.0,1.0
iconclass-ai:embstma_260_pic157.jpg,1713,0,1.0,,,,,,1.0,1.0
iconclass-ai:embstma_260_pic169.jpg,1713,0,1.0,,,,,,1.0,1.0
iconclass-ai:embstma_260_pic175.jpg,1713,0,1.0,,,,,,1.0,1.0
iconclass-ai:embstma_260_pic201.jpg,1713,0,1.0,,,,,,1.0,1.0
iconclass-ai:embstma_260_pic203.jpg,1713,0,1.0,,,,,,1.0,1.0
iconclass-ai:embstma_260_pic207.jpg,1713,0,1.0,,,,,,1.0,1.0
iconclass-ai:embstma_260_pic221.jpg,1713,0,1.0,,,,,,1.0,1.0
iconclass-ai:embstma_260_pic223.jpg,1713,0,1.0,,,,,,1.0,1.0
iconclass-ai:embstma_260_pic233.jpg,1713,0,1.0,,,,,,1.0,1.0
iconclass-ai:embstma_260_pic241.jpg,1713,0,1.0,,,,,,1.0,1.0
iconclass-ai:embstma_260_pic279.jpg,1713,0,1.0,,,,,,1.0,1.0
iconclass-ai:embstma_260_pic295.jpg,1713,0,1.0,,,,,,1.0,1.0
iconclass-ai:embstma_260_pic307.jpg,1713,0,1.0,,,,,,1.0,1.0
iconclass-ai:embstma_260_pic313.jpg,1713,0,1.0,,,,,,1.0,1.0
iconclass-ai:embstma_260_pic317.jpg,1713,0,1.0,,,,,,1.0,1.0
iconclass-ai:embstma_260_pic327.jpg,1713,0,0.9413088623205119,,,,,,1.0,1.0
iconclass-ai:embstma_260_pic345.jpg,1713,0,1.0,,,,,,1.0,1.0
iconclass-ai:embstma_260_pic347.jpg,1713,0,1.0,,,,,,1.0,1.0
iconclass-ai:embstma_260_pic377.jpg,1713,0,1.0,,,,,,1.0,1.0
iconclass-ai:embstma_260_pic385.jpg,1713,0,1.0,,,,,,1.0,1.0
iconclass-ai:embstma_260_pic393.jpg,1713,0,1.0,,,,,,1.0,1.0
iconclass-ai:embstma_260_pic395.jpg,1713,0,1.0,,,,,,1.0,1.0
iconclass-ai:embstma_260_pic399.jpg,1713,0,1.0,,,,,,1.0,1.0
iconclass-ai:embstma_260_pic403.jpg,1713,0,1.0,,,,,,1.0,1.0
iconclass-ai:embstma_260_pic405.jpg,1713,0,1.0,,,,,,1.0,1.0
iconclass-ai:embstma_260_pic407.jpg,1713,0,1.0,,,,,,1.0,1.0
iconclass-ai:embstma_260_pic409.jpg,1713,0,1.0,,,,,,1.0,1.0
iconclass-ai:embstma_260_pic411.jpg,1713,0,1.0,,,,,,1.0,1.0
iconclass-ai:embstma_260_pic423.jpg,1713,0,1.0,,,,,,1.0,1.0
iconclass-ai:embstma_260_pic431.jpg,1713,0,1.0,,,,,,1.0,1.0
iconclass-ai:embstma_260_pic433.jpg,1713,0,1.0,,,,,,1.0,1.0
iconclass-ai:embstma_260_pic445.jpg,1713,0,1.0,,,,,,1.0,1.0
iconclass-ai:embstma_260_pic459.jpg,1713,0,1.0,,,,,,1.0,1.0
iconclass-ai:embstma_260_pic461.jpg,1713,0,1.0,,,,,,1.0,1.0
iconclass-ai:embstma_260_pic465.jpg,1713,0,1.0,,,,,,1.0,1.0
iconclass-ai:embstma_260_pic495.jpg,1713,0,,,,,,,0.0,
iconclass-ai:embstma_260_pic531.jpg,1713,0,1.0,,,,,,1.0,1.0
iconclass-ai:embstma_260_pic539.jpg,1713,0,1.0,,,,,,1.0,1.0
iconclass-ai:embstma_260_pic557.jpg,1713,0,1.0,,,,,,1.0,1.0
iconclass-ai:embstma_260_pic577.jpg,1713,0,1.0,,,,,,1.0,1.0
iconclass-ai:embstma_260_pic581.jpg,1713,0,1.0,,,,,,1.0,1.0
iconclass-ai:embstma_260_pic591.jpg,1713,0,0.8817364072676379,,,,,,1.0,1.0
iconclass-ai:embstma_260_pic593.jpg,1713,0,1.0,,,,,,1.0,1.0
iconclass-ai:embstma_260_pic607.jpg,1713,0,1.0,,,,,,1.0,1.0
iconclass-ai:embstma_260_pic617.jpg,1713,0,1.0,,,,,,1.0,1.0
iconclass-ai:embstma_260_pic641.jpg,1713,0,1.0,,,,,,1.0,1.0
iconclass-ai:embstma_260_pic659.jpg,1713,0,1.0,,,,,,1.0,1.0
iconclass-ai:embstma_260_pic671.jpg,1713,0,1.0,,,,,,1.0,1.0
iconclass-ai:embstma_260_pic687.jpg,1713,0,1.0,,,,,,1.0,1.0
iconclass-ai:embstma_260_pic693.jpg,1713,0,1.0,,,,,,1.0,1.0
iconclass-ai:embstma_260_pic733.jpg,1713,0,1.0,,,,,,1.0,1.0
iconclass-ai:embstma_260_pic739.jpg,1713,0,1.0,,,,,,1.0,1.0
iconclass-ai:embstma_260_pic741.jpg,1713,0,1.0,,,,,,1.0,1.0
iconclass-ai:embstma_260_pic751.jpg,1713,6,1.0,0.013333333333333334,0.007609732490075784,0.0,0.0,0.0,3.0,6.0
iconclass-ai:embstma_260_pic763.jpg,1713,0,1.0,,,,,,1.0,1.0
iconclass-ai:embstma_260_pic775.jpg,1713,0,1.0,,,,,,1.0,1.0
iconclass-ai:embstma_260_pic787.jpg,1713,0,1.0,,,,,,1.0,1.0
iconclass-ai:embstma_260_pic823.jpg,1713,0,0.9413088623205119,,,,,,1.0,1.0
iconclass-ai:embstma_260_pic829.jpg,1713,0,1.0,,,,,,1.0,1.0
iconclass-ai:embstma_260_pic831.jpg,1713,0,1.0,,,,,,1.0,1.0
iconclass-ai:embstma_260_pic835.jpg,1713,0,1.0,,,,,,1.0,1.0
iconclass-ai:embstma_260_pic849.jpg,1713,0,1.0,,,,,,1.0,1.0
iconclass-ai:embstma_260_pic851.jpg,1713,0,1.0,,,,,,1.0,1.0
iconclass-ai:embstma_260_pic853.jpg,1713,0,1.0,,,,,,1.0,1.0
iconclass-ai:embstma_260_pic857.jpg,1713,0,1.0,,,,,,1.0,1.0
iconclass-ai:embstma_260_pic859.jpg,1713,0,1.0,,,,,,1.0,1.0
iconclass-ai:embstma_260_pic863.jpg,1713,0,1.0,,,,,,1.0,1.0
iconclass-ai:embstma_260_pic869.jpg,1713,0,1.0,,,,,,1.0,1.0
iconclass-ai:embstma_260_pic877.jpg,1713,0,1.0,,,,,,1.0,1.0
iconclass-ai:embstma_260_pic917.jpg,1713,0,1.0,,,,,,1.0,1.0
iconclass-ai:embstma_260_pic923.jpg,1713,0,0.9266360779006398,,,,,,1.0,1.0
iconclass-ai:embstma_260_pic925.jpg,1713,0,1.0,,,,,,1.0,1.0
iconclass-ai:embstma_260_pic927.jpg,1713,0,1.0,,,,,,1.0,1.0
iconclass-ai:embstma_add132_pic007.jpg,1713,117,0.933745776545611,0.5,0.14262454763436078,0.0,0.02564102564102564,0.03418803418803419,6.0,6.0
iconclass-ai:embstma_add132_pic009.jpg,1713,98,0.9372813848170596,0.2,0.0638005620282795,0.0,0.01020408163265306,0.02040816326530612,3.0,5.0
iconclass-ai:embstma_add132_pic069.jpg,1713,6,0.9469966212364886,1.0,0.1721560242535737,0.16666666666666666,0.16666666666666666,0.16666666666666666,1.0,4.0
iconclass-ai:embstma_add132_pic087.jpg,1713,10,0.6962996169024299,0.08333333333333333,0.0474915812653172,0.0,0.0,0.0,1.0,4.0
iconclass-ai:embstma_add132_pic179.jpg,1713,7,0.7989285957203842,0.25,0.07739250506187108,0.0,0.14285714285714285,0.2857142857142857,1.0,5.0
iconclass-ai:gri271934_pic030.jpg,1713,100,0.9491033694408385,1.0,0.7686952233561017,0.01,0.05,0.09,101.0,3.0
iconclass-ai:gri271934_pic042.jpg,1713,100,1.0,1.0,0.7585028941484289,0.01,0.05,0.1,101.0,3.0
iconclass-ai:gri271934_pic050.jpg,1713,100,1.0,1.0,0.7712163916026712,0.01,0.05,0.1,101.0,3.0
iconclass-ai:gri271934_pic072.jpg,1713,100,1.0,1.0,0.7376407150764861,0.01,0.05,0.1,101.0,3.0
iconclass-ai:gri271934_pic079.jpg,1713,100,1.0,1.0,0.7585495852936309,0.01,0.05,0.1,101.0,3.0
iconclass-ai:gri271934_pic095.jpg,1713,100,1.0,1.0,0.7484804111137328,0.01,0.05,0.1,101.0,3.0
iconclass-ai:gri271934_pic098.jpg,1713,100,1.0,1.0,0.7487598397179653,0.01,0.05,0.1,101.0,3.0
iconclass-ai:gri271934_pic102.jpg,1713,100,1.0,1.0,0.8190298789922795,0.01,0.05,0.1,101.0,3.0
iconclass-ai:gri271934_pic108.jpg,1713,100,0.9469966212364886,1.0,0.6589010402201575,0.01,0.05,0.09,101.0,3.0
iconclass-ai:gri271934_pic110.jpg,1713,100,1.0,1.0,0.8020015769818225,0.01,0.05,0.1,101.0,3.0
iconclass-ai:gri271934_pic115.jpg,1713,100,1.0,1.0,0.7427120338704277,0.01,0.05,0.1,101.0,3.0
iconclass-ai:gri271934_pic120.jpg,1713,100,1.0,1.0,0.7302045960932514,0.01,0.05,0.1,101.0,3.0
iconclass-ai:gri271934_pic126.jpg,1713,100,1.0,1.0,0.7204436912282417,0.01,0.05,0.1,101.0,3.0
iconclass-ai:gri271934_pic129.jpg,1713,100,1.0,1.0,0.7670056982224628,0.01,0.05,0.1,101.0,3.0
iconclass-ai:gri271934_pic136.jpg,1713,100,1.0,1.0,0.7751511428670984,0.01,0.05,0.1,101.0,3.0
iconclass-ai:gri271934_pic140.jpg,1713,100,1.0,1.0,0.7947734421227082,0.01,0.05,0.1,101.0,3.0
iconclass-ai:gri271934_pic141.jpg,1713,100,1.0,1.0,0.7871655543185735,0.01,0.05,0.1,101.0,3.0
iconclass-ai:gri271934_pic161.jpg,1713,100,1.0,1.0,0.7031865717413767,0.01,0.05,0.1,101.0,3.0
iconclass-ai:gri271934_pic162.jpg,1713,100,1.0,1.0,0.7638259772916904,0.01,0.05,0.1,101.0,3.0
iconclass-ai:gri271934_pic163.jpg,1713,100,1.0,1.0,0.7673057426798945,0.01,0.05,0.1,101.0,3.0
iconclass-ai:gri271934_pic172.jpg,1713,100,1.0,1.0,0.7342757006434384,0.01,0.05,0.1,101.0,3.0
iconclass-ai:gri271934_pic176.jpg,1713,100,1.0,1.0,0.7423151125520175,0.01,0.05,0.1,101.0,3.0
iconclass-ai:gri271934_pic179.jpg,1713,100,1.0,1.0,0.7792117601411411,0.01,0.05,0.1,101.0,3.0
iconclass-ai:gri271934_pic181.jpg,1713,100,0.8239265869615359,0.5,0.6347277552177409,0.0,0.04,0.09,101.0,3.0
iconclass-ai:gri271934_pic188.jpg,1713,100,1.0,1.0,0.7863926704045718,0.01,0.05,0.1,101.0,3.0
iconclass-ai:gri271934_pic189.jpg,1713,100,1.0,1.0,0.7129652353617826,0.01,0.05,0.1,101.0,3.0
iconclass-ai:gri271934_pic190.jpg,1713,100,1.0,1.0,0.7452455960758714,0.01,0.05,0.1,101.0,3.0
iconclass-ai:gri271934_pic191.jpg,1713,100,1.0,1.0,0.7882047935638904,0.01,0.05,0.1,101.0,3.0
iconclass-ai:gri271934_pic199.jpg,1713,100,1.0,1.0,0.7388820332880782,0.01,0.05,0.1,101.0,3.0
iconclass-ai:gri_9925178790001551_pic031.jpg,1713,2,0.3333333333333333,0.022222222222222223,0.014842454394693201,0.0,0.0,0.0,1.0,5.0
iconclass-ai:gri_9925178790001551_pic068.jpg,1713,100,1.0,1.0,0.2849172319779129,0.01,0.05,0.1,101.0,3.0
iconclass-ai:gri_9925178790001551_pic100.jpg,1713,100,0.9372813848170596,1.0,0.4180892425639166,0.01,0.05,0.09,101.0,3.0
iconclass-ai:gri_9925178790001551_pic110.jpg,1713,100,0.8030514356275513,1.0,0.4061046625947601,0.01,0.03,0.07,101.0,3.0
iconclass-ai:gri_9925178790001551_pic140.jpg,1713,100,0.8948675260177585,1.0,0.3662414083634659,0.01,0.05,0.08,101.0,3.0
iconclass-ai:gri_9925178790001551_pic155.jpg,1713,100,0.9575861412006987,1.0,0.24359983295308055,0.01,0.05,0.09,101.0,3.0
iconclass-ai:gri_9925178790001551_pic186.jpg,1713,100,0.7818638754484174,1.0,0.4031248552635968,0.01,0.05,0.06,101.0,3.0
iconclass-ai:gri_9925178790001551_pic202.jpg,1713,100,0.8788821271231919,1.0,0.41388296251550166,0.01,0.04,0.08,101.0,3.0
iconclass-ai:gri_9925178790001551_pic224.jpg,1713,100,1.0,1.0,0.39324045571313304,0.01,0.05,0.1,101.0,3.0
iconclass-ai:gri_9925178790001551_pic247.jpg,1713,100,0.9413088623205119,1.0,0.3817422580233208,0.01,0.05,0.09,101.0,3.0
iconclass-ai:gri_9925178790001551_pic248.jpg,1713,100,0.9368077570869661,1.0,0.3737299023755434,0.01,0.04,0.09,101.0,3.0
iconclass-ai:gri_9925178790001551_pic282.jpg,1713,100,1.0,1.0,0.3973440191502287,0.01,0.05,0.1,101.0,3.0
iconclass-ai:gri_9925178790001551_pic294.jpg,1713,100,1.0,1.0,0.39566981772107873,0.01,0.05,0.1,101.0,3.0
iconclass-ai:gri_9925178790001551_pic320.jpg,1713,100,0.9491033694408385,1.0,0.43411820027138504,0.01,0.05,0.09,101.0,3.0
iconclass-ai:hab_31-geom-3_fac002.jpg,1713,0,0.23215542093422242,,,,,,1.0,4.0
iconclass-ai:hab_31-geom-3_pic015.jpg,1713,108,0.8176493906577933,1.0,0.2165801275485966,0.009259259259259259,0.018518518518518517,0.027777777777777776,2.0,4.0
iconclass-ai:hab_31-geom-3_pic027.jpg,1713,139,0.6894361898854496,1.0,0.2266944822086034,0.007194244604316547,0.02158273381294964,0.03597122302158273,7.0,4.0
iconclass-ai:hab_31-geom-3_pic029.jpg,1713,106,0.8935583918914168,1.0,0.20138692132423422,0.009433962264150943,0.02830188679245283,0.05660377358490566,4.0,4.0
iconclass-ai:hab_31-geom-3_pic031.jpg,1713,126,0.9491033694408385,1.0,0.28139930549209136,0.007936507936507936,0.03968253968253968,0.05555555555555555,4.0,4.0
iconclass-ai:hab_31-geom-3_pic035.jpg,1713,164,0.7667527600986319,1.0,0.22979016523562734,0.006097560975609756,0.024390243902439025,0.024390243902439025,3.5,5.0
iconclass-ai:hab_31-geom-3_pic041.jpg,1713,148,0.8817364072676379,1.0,0.19272070957214446,0.006756756756756757,0.02027027027027027,0.02702702702702703,5.0,4.0
iconclass-ai:hab_31-geom-3_pic043.jpg,1713,132,1.0,1.0,0.2191950937180895,0.007575757575757576,0.022727272727272728,0.05303030303030303,7.0,4.0
iconclass-ai:hab_31-geom-3_pic045.jpg,1713,193,0.9444550224505781,1.0,0.2189969740343041,0.0051813471502590676,0.015544041450777202,0.031088082901554404,13.0,4.0
iconclass-ai:hab_31-geom-3_pic053.jpg,1713,138,1.0,1.0,0.2360355635599772,0.007246376811594203,0.036231884057971016,0.057971014492753624,4.0,4.0
iconclass-ai:hab_31-geom-3_pic063.jpg,1713,91,0.9413088623205119,1.0,0.20369556969804298,0.01098901098901099,0.04395604395604396,0.06593406593406594,3.0,4.0
iconclass-ai:hab_31-geom-3_pic065.jpg,1713,174,1.0,0.5,0.2679639062368497,0.0,0.017241379310344827,0.040229885057471264,7.5,4.0
iconclass-ai:hab_31-geom-3_pic071.jpg,1713,149,0.891451643687067,1.0,0.2299605599343984,0.006711409395973154,0.03355704697986577,0.040268456375838924,2.0,4.0
iconclass-ai:hab_xb6550_pic028.jpg,1713,15,0.6723089903233977,0.045454545454545456,0.02305010261186077,0.0,0.0,0.0,1.5,3.5
iconclass-ai:hab_xb6550_pic030.jpg,1713,35,0.7091010343448603,0.024390243902439025,0.034206719049193875,0.0,0.0,0.0,1.0,6.0
iconclass-ai:hab_xb6550_pic040.jpg,1713,106,0.9413088623205119,0.09090909090909091,0.11203459489765706,0.0,0.0,0.0,1.0,5.0
iconclass-ai:hab_xb6550_pic042.jpg,1713,76,0.6000827555427372,0.5,0.08722798981886586,0.0,0.013157894736842105,0.013157894736842105,2.0,5.0
iconclass-ai:hab_xb6550_pic050.jpg,1713,60,0.5891934683426262,0.0625,0.05876794622450961,0.0,0.0,0.0,1.0,4.0
iconclass-ai:hab_xb6550_pic068.jpg,1713,86,0.8639174627176996,1.0,0.24415948854998604,0.011627906976744186,0.046511627906976744,0.046511627906976744,2.5,4.0
iconclass-ai:hab_xb6550_pic070.jpg,1713,27,1.0,1.0,0.1824378912766826,0.037037037037037035,0.1111111111111111,0.14814814814814814,2.0,5.0
iconclass-ai:hab_xb6550_pic080.jpg,1713,39,1.0,1.0,0.11566291837545772,0.02564102564102564,0.05128205128205128,0.07692307692307693,1.5,6.0
iconclass-ai:hab_xb6550_pic082.jpg,1713,106,0.8863847542578983,0.25,0.16171627791304813,0.0,0.018867924528301886,0.02830188679245283,2.5,4.5
iconclass-ai:hab_xb6550_pic100.jpg,1713,110,0.8776880741215602,0.25,0.10649018090872389,0.0,0.01818181818181818,0.02727272727272727,1.0,4.5
iconclass-ai:hab_xb6550_pic102.jpg,1713,25,0.7929521688083097,0.1111111111111111,0.02808057452601184,0.0,0.0,0.04,1.0,5.0
iconclass-ai:hab_xb6550_pic120.jpg,1713,44,0.20716646986365406,0.03571428571428571,0.0450770894791568,0.0,0.0,0.0,1.0,5.0
iconclass-ai:hab_xb6550_pic138.jpg,1713,76,0.9443318103259172,0.2,0.08230382505733609,0.0,0.013157894736842105,0.013157894736842105,1.0,5.0
iconclass-ai:hunterian_bn13_pic011.jpg,1713,100,0.5173902543504377,0.5,0.3789914703965113,0.0,0.02,0.04,101.0,3.0
iconclass-ai:hunterian_bn13_pic048.jpg,1713,100,0.2681144941132968,0.2,0.1767569789344021,0.0,0.01,0.01,101.0,3.0
iconclass-ai:hunterian_bn13_pic050.jpg,1713,100,0.8935583918914168,1.0,0.4470280269367411,0.01,0.05,0.08,101.0,3.0
iconclass-ai:hunterian_bn13_pic053.jpg,1713,100,0.9413088623205119,1.0,0.5315083672439141,0.01,0.05,0.09,101.0,3.0
iconclass-ai:hunterian_bn13_pic075.jpg,1713,100,0.7174849788529526,0.5,0.3553233540800564,0.0,0.04,0.07,101.0,3.0
iconclass-ai:hunterian_bn13_pic086.jpg,1713,100,0.8809888753275418,1.0,0.5006073571506063,0.01,0.04,0.08,101.0,3.0
iconclass-ai:hunterian_bn13_pic090.jpg,1713,100,0.8405550131279055,1.0,0.5649490433986197,0.01,0.05,0.07,101.0,3.0
iconclass-ai:hunterian_bn13_pic107.jpg,1713,0,0.3333333333333333,,,,,,1.0,3.0
iconclass-ai:hunterian_bn13_pic113.jpg,1713,100,0.8182702601446015,1.0,0.4426612660013749,0.01,0.04,0.07,101.0,3.0
iconclass-ai:hunterian_bn13_pic115.jpg,1713,100,0.8532721558012798,1.0,0.4697793553346057,0.01,0.04,0.08,101.0,3.0
iconclass-ai:hunterian_bn13_pic127.jpg,1713,100,0.8842780060535484,1.0,0.5651696885286971,0.01,0.05,0.08,101.0,3.0
iconclass-ai:hunterian_bn13_pic132.jpg,1713,100,0.7746902378148991,1.0,0.49684643485574287,0.01,0.05,0.06,101.0,3.0
iconclass-ai:hunterian_bn13_pic142.jpg,1713,100,0.7781282553451278,1.0,0.4214496721410887,0.01,0.04,0.06,101.0,3.0
iconclass-ai:hunterian_bn13_pic180.jpg,1713,100,0.7676475337954426,1.0,0.42907148431286685,0.01,0.04,0.06,101.0,3.0
iconclass-ai:hunterian_bn13_pic208.jpg,1713,100,0.8955457410510047,1.0,0.522838968668342,0.01,0.05,0.08,101.0,3.0
iconclass-ai:hunterian_bn13_pic211.jpg,1713,100,0.8329077477642935,1.0,0.3769087414476283,0.01,0.04,0.07,101.0,3.0
iconclass-ai:hunterian_bn13_pic231.jpg,1713,100,0.6923249820689912,1.0,0.4340061349426326,0.01,0.03,0.06,101.0,3.0
iconclass-ai:hunterian_bn13_pic278.jpg,1713,100,0.7606185343908298,1.0,0.5513829950972352,0.01,0.04,0.06,101.0,3.0
iconclass-ai:kb_171e37_pic004.jpg,1713,3,0.1292185051152876,1.0,0.75,0.3333333333333333,0.6666666666666666,0.6666666666666666,1.0,5.0
iconclass-ai:kb_171e37_pic010.jpg,1713,5,0.09743680116537341,0.125,0.07603036956209538,0.0,0.0,0.4,1.0,3.0
iconclass-ai:kb_171e37_pic025.jpg,1713,16,0.06976141448116119,1.0,0.11018456742650676,0.0625,0.0625,0.125,2.5,4.0
iconclass-ai:kb_171e37_pic027.jpg,1713,18,0.10808890808691059,0.3333333333333333,0.10876887187660612,0.0,0.05555555555555555,0.2222222222222222,2.5,5.0
iconclass-ai:kb_171e37_pic034.jpg,1713,0,0.10199941991868361,,,,,,1.0,6.0
iconclass-ai:kb_171e37_pic038.jpg,1713,4,0.3333333333333333,0.0196078431372549,0.009949733593075763,0.0,0.0,0.0,2.0,4.0
iconclass-ai:kb_171e37_pic041.jpg,1713,14,0.9469966212364886,0.25,0.07803980270770976,0.0,0.07142857142857142,0.21428571428571427,7.0,4.0
iconclass-ai:kb_171e37_pic045.jpg,1713,7,1.0,0.25,0.20132858589065122,0.0,0.2857142857142857,0.42857142857142855,1.0,6.0
iconclass-ai:kb_171e37_pic048.jpg,1713,11,1.0,0.2,0.04350770528206726,0.0,0.09090909090909091,0.09090909090909091,6.0,6.0
iconclass-ai:kb_171e37_pic072.jpg,1713,7,0.6934796826332669,0.006493506493506494,0.005790982675795806,0.0,0.0,0.0,1.0,3.0
iconclass-ai:kb_171e37_pic080.jpg,1713,11,1.0,1.0,0.38222384028735557,0.09090909090909091,0.18181818181818182,0.45454545454545453,4.0,5.0
iconclass-ai:kb_171e37_pic094.jpg,1713,30,0.5528726933653855,0.05555555555555555,0.040779072504361656,0.0,0.0,0.0,2.0,4.0
iconclass-ai:kb_171e37_pic098.jpg,1713,1,0.9477344873475497,0.0038314176245210726,0.0038314176245210726,0.0,0.0,0.0,1.0,5.0
iconclass-ai:kb_171e37_pic103.jpg,1713,5,1.0,0.2,0.08486292232807538,0.0,0.2,0.2,2.0,4.0
iconclass-ai:kb_171e37_pic110b.jpg,1713,1,0.6328255805959205,0.008849557522123894,0.008849557522123894,0.0,0.0,0.0,1.0,3.0
iconclass-ai:kb_171e37_pic111.jpg,1713,6,0.8698357398966994,0.1,0.027628790546821824,0.0,0.0,0.16666666666666666,1.0,5.0
iconclass-ai:kb_171e37_pic116a.jpg,1713,7,1.0,0.5,0.3372494846468945,0.0,0.42857142857142855,0.5714285714285714,1.0,6.0
iconclass-ai:kb_171e37_pic118b.jpg,1713,2,0.67680960476747,0.0035460992907801418,0.003133593863077146,0.0,0.0,0.0,2.0,7.0
iconclass-ai:kb_171e37_pic133.jpg,1713,14,0.9491033694408385,1.0,0.3015839454320958,0.07142857142857142,0.21428571428571427,0.2857142857142857,8.0,4.0
iconclass-ai:kb_171e37_pic135.jpg,1713,0,0.7564477297898764,,,,,,1.0,1.0
iconclass-ai:kb_171e37_pic143.jpg,1713,5,0.9477344873475497,0.05555555555555555,0.02912814806838711,0.0,0.0,0.0,1.5,6.0
iconclass-ai:kb_171e37_pic145b.jpg,1713,5,1.0,0.07692307692307693,0.035700575737311724,0.0,0.0,0.0,1.0,4.0
iconclass-ai:kb_171e37_pic149a.jpg,1713,7,0.9491033694408385,1.0,0.2753421896106714,0.14285714285714285,0.2857142857142857,0.2857142857142857,1.0,5.0
iconclass-ai:kb_171e37_pic153a.jpg,1713,54,0.7504419491740495,0.02857142857142857,0.049768920141440486,0.0,0.0,0.0,1.0,4.0
iconclass-ai:kb_171e37_pic156.jpg,1713,9,0.41058944298398314,0.3333333333333333,0.0497432127856006,0.0,0.1111111111111111,0.1111111111111111,3.0,3.0
iconclass-ai:kb_171e37_pic158.jpg,1713,1,0.8329381574121226,0.0007336757153338225,0.0007336757153338225,0.0,0.0,0.0,1.5,4.0
iconclass-ai:kb_171e37_pic165.jpg,1713,8,1.0,0.1111111111111111,0.028758917059903844,0.0,0.0,0.125,1.5,5.5
iconclass-ai:kb_171e37_pic169.jpg,1713,2,1.0,0.009708737864077669,0.006414431334534934,0.0,0.0,0.0,2.0,4.0
iconclass-ai:kb_171e37_pic177.jpg,1713,0,0.9086768598011253,,,,,,1.0,3.5
iconclass-ai:kb_171e37_pic179.jpg,1713,0,0.8722497222141836,,,,,,1.0,3.5
iconclass-ai:kb_171e37_pic182.jpg,1713,1,1.0,0.03571428571428571,0.03571428571428571,0.0,0.0,0.0,1.5,2.5
iconclass-ai:kb_171e37_pic183.jpg,1713,56,0.8926382747840401,0.16666666666666666,0.08429652611321616,0.0,0.0,0.017857142857142856,5.5,2.0
iconclass-ai:kb_171e37_pic190.jpg,1713,2,0.23516297005921544,0.0009182736455463728,0.0012781376417740054,0.0,0.0,0.0,1.0,5.0
iconclass-ai:kb_171e37_pic192.jpg,1713,1,0.9443318103259172,0.003952569169960474,0.003952569169960474,0.0,0.0,0.0,1.0,4.0
iconclass-ai:kb_171e37_pic196.jpg,1713,0,0.6302441409673998,,,,,,1.0,3.5
iconclass-ai:kb_171e37_pic199.jpg,1713,3,0.7705129949088947,0.004694835680751174,0.005298759732364034,0.0,0.0,0.0,1.0,5.0
iconclass-ai:kb_171e37_pic201.jpg,1713,0,0.5456475236914363,,,,,,1.0,5.0
iconclass-ai:kb_171e37_pic207.jpg,1713,11,0.5102237528280094,0.05263157894736842,0.019479581271134996,0.0,0.0,0.0,2.5,5.0
iconclass-ai:lci001_c011_001.jpg,1713,0,0.4626954135626849,,,,,,1.0,5.0
iconclass-ai:mmw_10a14_005r_min_a.jpg,1713,3,0.15729483110661635,0.002386634844868735,0.0019156016034015842,0.0,0.0,0.0,2.5,4.5
iconclass-ai:mmw_10a14_006v_min_a.jpg,1713,5,0.17310161887526948,0.08333333333333333,0.0354657167809425,0.0,0.0,0.0,2.0,5.0
iconclass-ai:mmw_10a14_006v_min_b.jpg,1713,3,0.19037542709828487,0.009615384615384616,0.012437765097339565,0.0,0.0,0.0,4.0,4.0
iconclass-ai:mmw_10a14_139r_init_2.jpg,1713,34,0.7136540102475307,0.5,0.5013635912635726,0.0,0.11764705882352941,0.23529411764705882,3.0,5.0
iconclass-ai:mmw_10a14_176v_init.jpg,1713,33,0.5016438671813979,1.0,0.33074248521788396,0.030303030303030304,0.030303030303030304,0.12121212121212122,1.5,5.5
iconclass-ai:mmw_10a14_192v_init.jpg,1713,46,0.55042655840807,1.0,0.2307041774551357,0.021739130434782608,0.06521739130434782,0.08695652173913043,2.0,5.5
iconclass-ai:mmw_10b22_085v_init.jpg,1713,42,0.968189605900524,1.0,0.4929783708754869,0.023809523809523808,0.11904761904761904,0.21428571428571427,3.0,4.0
iconclass-ai:mmw_10c12_001v.jpg,1713,18,0.10896342667054128,0.012345679012345678,0.010002772062625991,0.0,0.0,0.0,4.0,5.5
iconclass-ai:mmw_10c12_037r_randv.jpg,1713,38,0.2690810529402192,0.2,0.04294950352331445,0.0,0.02631578947368421,0.05263157894736842,8.0,3.0
iconclass-ai:mmw_10c12_040r_min.jpg,1713,31,0.382301564804937,1.0,0.08417319787857454,0.03225806451612903,0.06451612903225806,0.06451612903225806,3.0,5.0
iconclass-ai:mmw_10c12_042v_min.jpg,1713,31,0.40230074934505516,1.0,0.10422295368798418,0.03225806451612903,0.06451612903225806,0.06451612903225806,3.0,5.0
iconclass-ai:mmw_10c12_052v_min.jpg,1713,34,0.4843845123615858,1.0,0.09572040983442778,0.029411764705882353,0.058823529411764705,0.058823529411764705,3.0,5.0
iconclass-ai:mmw_10d26_136r_init.jpg,1713,33,0.5900507219547719,0.5,0.4918835562056157,0.0,0.09090909090909091,0.18181818181818182,2.0,5.5
iconclass-ai:mmw_10f11_024r_min.jpg,1713,3,0.681211773236942,1.0,0.6704402515723271,0.3333333333333333,0.6666666666666666,0.6666666666666666,2.5,5.5
iconclass-ai:norris90200_pic020.jpg,1713,100,1.0,1.0,0.8093702492098551,0.01,0.05,0.1,101.0,3.0
iconclass-ai:norris90200_pic021.jpg,1713,100,1.0,1.0,0.7763725101919227,0.01,0.05,0.1,101.0,3.0
iconclass-ai:norris90200_pic022.jpg,1713,100,1.0,1.0,0.7621275704760194,0.01,0.05,0.1,101.0,3.0
iconclass-ai:norris90200_pic027.jpg,1713,100,1.0,1.0,0.6330656214096994,0.01,0.05,0.1,101.0,3.0
iconclass-ai:norris90200_pic029.jpg,1713,100,1.0,1.0,0.8090267681696001,0.01,0.05,0.1,101.0,3.0
iconclass-ai:norris90200_pic031.jpg,1713,100,1.0,1.0,0.7995711695496481,0.01,0.05,0.1,101.0,3.0
iconclass-ai:norris90200_pic033.jpg,1713,100,1.0,1.0,0.779824580306584,0.01,0.05,0.1,101.0,3.0
iconclass-ai:norris90200_pic036.jpg,1713,100,1.0,1.0,0.7498036387290614,0.01,0.05,0.1,101.0,3.0
iconclass-ai:norris90200_pic040.jpg,1713,100,1.0,1.0,0.706511922478005,0.01,0.05,0.1,101.0,3.0
iconclass-ai:norris90200_pic043.jpg,1713,100,1.0,1.0,0.8092636083265269,0.01,0.05,0.1,101.0,3.0
iconclass-ai:norris90200_pic049.jpg,1713,100,1.0,1.0,0.8141822102039119,0.01,0.05,0.1,101.0,3.0
iconclass-ai:norris90200_pic060.jpg,1713,100,1.0,1.0,0.7635787158365812,0.01,0.05,0.1,101.0,3.0
iconclass-ai:norris90200_pic068.jpg,1713,100,1.0,1.0,0.7817023774560927,0.01,0.05,0.1,101.0,3.0
iconclass-ai:norris90200_pic071.jpg,1713,100,1.0,1.0,0.8028736632005902,0.01,0.05,0.1,101.0,3.0
iconclass-ai:norris90200_pic082.jpg,1713,100,1.0,1.0,0.7670942376611996,0.01,0.05,0.1,101.0,3.0
iconclass-ai:norris90200_pic084.jpg,1713,100,1.0,1.0,0.7339215497672223,0.01,0.05,0.1,101.0,3.0
iconclass-ai:norris90200_pic086.jpg,1713,100,1.0,1.0,0.749056853873216,0.01,0.05,0.1,101.0,3.0
iconclass-ai:norris90200_pic090.jpg,1713,100,1.0,1.0,0.803747450439757,0.01,0.05,0.1,101.0,3.0
iconclass-ai:norris90200_pic092.jpg,1713,100,1.0,1.0,0.7900643115615124,0.01,0.05,0.1,101.0,3.0
iconclass-ai:norris90200_pic094.jpg,1713,100,1.0,1.0,0.7983592416372354,0.01,0.05,0.1,101.0,3.0
iconclass-ai:norris90200_pic097.jpg,1713,100,1.0,1.0,0.8006977835725608,0.01,0.05,0.1,101.0,3.0
iconclass-ai:norris90200_pic102.jpg,1713,100,1.0,1.0,0.759273362231579,0.01,0.05,0.1,101.0,3.0
iconclass-ai:norris90200_pic118.jpg,1713,100,1.0,1.0,0.8116699446446973,0.01,0.05,0.1,101.0,3.0
iconclass-ai:norris90200_pic131.jpg,1713,100,1.0,1.0,0.7806400425836236,0.01,0.05,0.1,101.0,3.0
iconclass-ai:norris90200_pic135.jpg,1713,100,1.0,1.0,0.7712745388515505,0.01,0.05,0.1,101.0,3.0
iconclass-ai:norris90200_pic139.jpg,1713,100,1.0,1.0,0.8059364670034505,0.01,0.05,0.1,101.0,3.0
iconclass-ai:norris90200_pic141.jpg,1713,100,1.0,1.0,0.8104861579358501,0.01,0.05,0.1,101.0,3.0
iconclass-ai:norris90200_pic148.jpg,1713,100,1.0,1.0,0.7658461168756705,0.01,0.05,0.1,101.0,3.0
iconclass-ai:norris90200_pic149.jpg,1713,100,1.0,1.0,0.8068770938302223,0.01,0.05,0.1,101.0,3.0
iconclass-ai:norris90200_pic151.jpg,1713,100,1.0,1.0,0.75715318747595,0.01,0.05,0.1,101.0,3.0
iconclass-ai:norris90200_pic155.jpg,1713,100,1.0,1.0,0.7637099327156116,0.01,0.05,0.1,101.0,3.0
iconclass-ai:norris90200_pic158.jpg,1713,100,1.0,1.0,0.7832019575549054,0.01,0.05,0.1,101.0,3.0
iconclass-ai:norris90200_pic159.jpg,1713,100,1.0,1.0,0.7904572222603571,0.01,0.05,0.1,101.0,3.0
iconclass-ai:norris90200_pic164.jpg,1713,100,0.8308397767084765,1.0,0.6400548765084906,0.01,0.05,0.07,101.0,3.0
iconclass-ai:norris90200_pic169.jpg,1713,100,1.0,1.0,0.8054004475184202,0.01,0.05,0.1,101.0,3.0
iconclass-ai:norris90200_pic177.jpg,1713,100,1.0,1.0,0.7971068529325597,0.01,0.05,0.1,101.0,3.0
iconclass-ai:norris90200_pic179.jpg,1713,100,1.0,1.0,0.7869470470082394,0.01,0.05,0.1,101.0,3.0
iconclass-ai:norris90200_pic186.jpg,1713,100,1.0,1.0,0.7707032089137178,0.01,0.05,0.1,101.0,3.0
iconclass-ai:norris90200_pic187.jpg,1713,100,1.0,1.0,0.7997006549885688,0.01,0.05,0.1,101.0,3.0
iconclass-ai:norris90200_pic188.jpg,1713,100,1.0,1.0,0.7716655289447371,0.01,0.05,0.1,101.0,3.0
iconclass-ai:norris90200_pic189.jpg,1713,100,1.0,1.0,0.7809872345497467,0.01,0.05,0.1,101.0,3.0
iconclass-ai:norris90200_pic191.jpg,1713,100,1.0,1.0,0.7705771364346055,0.01,0.05,0.1,101.0,3.0
iconclass-ai:sdc_10347_3903_fac003.jpg,1713,0,,,,,,,0.0,
iconclass-ai:sdc_10347_3903_pic025.jpg,1713,0,0.9491033694408385,,,,,,1.0,1.0
iconclass-ai:sdc_10347_3903_pic086.jpg,1713,0,0.6909220686029913,,,,,,1.0,1.0
iconclass-ai:sdc_10347_3903_pic249.jpg,1713,0,0.8359066661376451,,,,,,1.0,1.0
iconclass-ai:sdc_10347_3903_pic285.jpg,1713,0,0.9491033694408385,,,,,,1.0,1.0
iconclass-ai:sdc_10347_3903_pic357.jpg,1713,0,0.9469966212364886,,,,,,1.0,1.0
iconclass-ai:sdc_10347_3903_pic553.jpg,1713,0,0.9469966212364886,,,,,,1.0,1.0
iconclass-ai:sdc_10347_3903_pic625.jpg,1713,0,0.5227861332807943,,,,,,1.0,1.0
iconclass-ai:sdc_10347_3903_pic647.jpg,1713,0,1.0,,,,,,1.0,1.0
iconclass-ai:sdc_10347_3903_pic658.jpg,1713,0,0.891451643687067,,,,,,1.0,1.0
iconclass-ai:sdc_10347_3903_pic674.jpg,1713,0,0.9491033694408385,,,,,,1.0,1.0
iconclass-ai:sdc_10347_3903_pic857.jpg,1713,0,0.8883054835570007,,,,,,1.0,1.0
iconclass-ai:uiuc_0961b237g_pic017.jpg,1713,0,1.0,,,,,,1.0,3.0
iconclass-ai:uiuc_0961b237g_pic021.jpg,1713,2,0.9491033694408385,0.25,0.12628205128205128,0.0,0.5,0.5,2.0,2.0
iconclass-ai:uiuc_0961b237g_pic061.jpg,1713,17,0.8809888753275418,0.006535947712418301,0.01059080032794171,0.0,0.0,0.0,1.0,5.0
iconclass-ai:uiuc_0961b237g_pic073.jpg,1713,20,0.8380134143419948,1.0,0.08953529911713967,0.05,0.05,0.05,2.0,5.0
iconclass-ai:uiuc_0961b237g_pic077.jpg,1713,3,0.931885505886703,1.0,0.3425598019444855,0.3333333333333333,0.3333333333333333,0.3333333333333333,2.0,5.0
iconclass-ai:uiuc_0961b237g_pic081.jpg,1713,9,0.8335650245020925,0.038461538461538464,0.01997114753841817,0.0,0.0,0.0,2.0,5.0
iconclass-ai:uiuc_0961b237g_pic093.jpg,1713,5,0.931885505886703,0.013157894736842105,0.01565340667638381,0.0,0.0,0.0,1.0,6.0
iconclass-ai:uiuc_0961b237g_pic161.jpg,1713,25,1.0,0.16666666666666666,0.035744115875196485,0.0,0.0,0.04,1.0,5.0
iconclass-ai:uiuc_0961b237g_pic169.jpg,1713,1,1.0,0.0019230769230769232,0.0019230769230769232,0.0,0.0,0.0,1.0,4.0
iconclass-ai:uiuc_0961b237g_pic173.jpg,1713,2,0.8883054835570007,0.029411764705882353,0.016030385664199454,0.0,0.0,0.0,1.0,6.0
iconclass-ai:uiuc_27171l979_pic027.jpg,1713,44,0.9413088623205119,0.2,0.048038608216375955,0.0,0.022727272727272728,0.022727272727272728,1.0,5.0
iconclass-ai:uiuc_27171l979_pic053.jpg,1713,20,1.0,0.011764705882352941,0.022882992175965386,0.0,0.0,0.0,2.5,4.5
iconclass-ai:uiuc_27171l979_pic055.jpg,1713,20,0.8202692991816867,0.0625,0.028526940771559078,0.0,0.0,0.0,1.5,5.5
iconclass-ai:uiuc_27171l979_pic059.jpg,1713,10,0.8960999906773274,0.25,0.13482567636361611,0.0,0.1,0.2,2.5,3.5
iconclass-ai:uiuc_3201sa12iea2_pic022.jpg,1713,61,1.0,0.25,0.07141220861499985,0.0,0.01639344262295082,0.03278688524590164,5.0,3.0
iconclass-ai:uiuc_3201sa12iea2_pic030.jpg,1713,19,1.0,0.2,0.09337883522813092,0.0,0.05263157894736842,0.15789473684210525,1.0,4.0
iconclass-ai:uiuc_3201sa12iea2_pic035.jpg,1713,72,1.0,0.07692307692307693,0.08328873736746563,0.0,0.0,0.0,6.5,3.5
iconclass-ai:uiuc_3201sa12iea2_pic041.jpg,1713,91,1.0,0.3333333333333333,0.123075945062437,0.0,0.02197802197802198,0.03296703296703297,5.0,4.0
iconclass-ai:uiuc_3201sa12iea2_pic057.jpg,1713,18,1.0,1.0,0.14094604656568488,0.05555555555555555,0.05555555555555555,0.1111111111111111,1.0,3.0
iconclass-ai:uiuc_3201sa12iea2_pic106.jpg,1713,71,1.0,0.5,0.09046843510626315,0.0,0.014084507042253521,0.014084507042253521,1.5,4.0
iconclass-ai:uiuc_3201sa12iea2_pic124.jpg,1713,19,0.9372813848170596,1.0,0.1575501235017727,0.05263157894736842,0.05263157894736842,0.15789473684210525,1.0,3.5
iconclass-ai:uiuc_3201sa12iea2_pic184.jpg,1713,103,1.0,0.5,0.15956357905843385,0.0,0.02912621359223301,0.04854368932038835,5.5,4.0
iconclass-ai:uiuc_3201sa12iea2_pic190.jpg,1713,51,1.0,0.5,0.06389965476180225,0.0,0.0196078431372549,0.0392156862745098,2.0,5.0
iconclass-ai:uiuc_3201sa12iea2_pic207.jpg,1713,48,1.0,0.5,0.0646877162600243,0.0,0.041666666666666664,0.041666666666666664,6.0,5.0
iconclass-ai:uiuc_3201sa12iea2_pic213.jpg,1713,43,1.0,0.011904761904761904,0.04221332251569513,0.0,0.0,0.0,3.0,3.5
iconclass-ai:uiuc_3201sa12iea2_pic220.jpg,1713,30,0.9469966212364886,1.0,0.14637341449191607,0.03333333333333333,0.03333333333333333,0.06666666666666667,2.0,4.0
iconclass-ai:uiuc_3201sa12iea2_pic251.jpg,1713,51,1.0,0.5,0.08172956678030488,0.0,0.0196078431372549,0.0392156862745098,2.5,4.5
iconclass-ai:uiuc_3201sa12iea2_pic295.jpg,1713,23,1.0,0.5,0.13141953421431954,0.0,0.08695652173913043,0.08695652173913043,1.0,4.0
iconclass-ai:uiuc_3201sa12iea2_pic317.jpg,1713,3,1.0,0.5,0.16946548141767262,0.0,0.3333333333333333,0.3333333333333333,1.5,3.5
iconclass-ai:uiuc_3201sa12iea2_pic368.jpg,1713,18,1.0,0.037037037037037035,0.02087864080658874,0.0,0.0,0.0,1.0,4.0
iconclass-ai:uiuc_832w91o_pic01101.jpg,1713,33,0.42330255266335437,1.0,0.10692153049403866,0.030303030303030304,0.06060606060606061,0.06060606060606061,2.0,5.0
iconclass-ai:uiuc_832w91o_pic01105.jpg,1713,11,0.17633386275076313,0.009523809523809525,0.011454842521738439,0.0,0.0,0.0,2.0,5.0
iconclass-ai:uiuc_832w91o_pic01111.jpg,1713,47,1.0,0.25,0.0766806674547838,0.0,0.0425531914893617,0.06382978723404255,3.5,3.0
iconclass-ai:uiuc_832w91o_pic01301.jpg,1713,33,1.0,0.09090909090909091,0.046098124364685744,0.0,0.0,0.0,1.0,5.0
iconclass-ai:uiuc_832w91o_pic01309.jpg,1713,7,1.0,0.05555555555555555,0.01574995111434478,0.0,0.0,0.0,1.0,4.5
iconclass-ai:uiuc_832w91o_pic01311.jpg,1713,20,1.0,0.2,0.0336753421857662,0.0,0.05,0.05,3.0,4.0
iconclass-ai:uiuc_832w91o_pic01508.jpg,1713,15,1.0,1.0,0.2511593712161599,0.06666666666666667,0.2,0.2,1.0,5.0
iconclass-ai:uiuc_832w91o_pic01511.jpg,1713,45,1.0,0.3333333333333333,0.0729425449245049,0.0,0.022222222222222223,0.022222222222222223,1.5,3.0
iconclass-ai:uiuc_832w91o_pic01701.jpg,1713,2,1.0,0.00980392156862745,0.00678519995568849,0.0,0.0,0.0,1.0,5.0
iconclass-ai:uiuc_832w91o_pic01705.jpg,1713,12,1.0,0.5,0.09116236644336823,0.0,0.08333333333333333,0.16666666666666666,2.0,4.0
iconclass-ai:uiuc_832w91o_pic01909.jpg,1713,29,1.0,0.14285714285714285,0.0665363729642399,0.0,0.0,0.034482758620689655,2.0,5.5
iconclass-ai:uiuc_832w91o_pic02101.jpg,1713,6,1.0,0.09090909090909091,0.08565641751731977,0.0,0.0,0.0,2.0,4.0
iconclass-ai:uiuc_832w91o_pic02106.jpg,1713,7,1.0,0.03571428571428571,0.028359015444810756,0.0,0.0,0.0,1.5,4.0
iconclass-ai:uiuc_832w91o_pic02302.jpg,1713,6,1.0,0.1,0.025526721224158614,0.0,0.0,0.16666666666666666,1.0,4.0
iconclass-ai:uiuc_832w91o_pic02303.jpg,1713,2,1.0,0.2,0.10307692307692308,0.0,0.5,0.5,1.0,3.0
iconclass-ai:uiuc_832w91o_pic02307.jpg,1713,6,1.0,0.003436426116838488,0.005674807709645642,0.0,0.0,0.0,1.0,5.0
iconclass-ai:uiuc_832w91o_pic02312.jpg,1713,39,1.0,0.05,0.05005729450222074,0.0,0.0,0.0,2.0,3.0
iconclass-ai:uiuc_832w91o_pic02502.jpg,1713,30,1.0,1.0,0.10031916817289235,0.03333333333333333,0.03333333333333333,0.06666666666666667,4.5,4.5
iconclass-ai:uiuc_832w91o_pic02701.jpg,1713,8,1.0,0.14285714285714285,0.036013736684659695,0.0,0.0,0.125,2.0,3.5
iconclass-ai:uiuc_832w91o_pic02703.jpg,1713,2,1.0,0.14285714285714285,0.0744136460554371,0.0,0.0,0.5,1.0,4.0
iconclass-ai:uiuc_832w91o_pic02707.jpg,1713,37,1.0,1.0,0.1324480172918341,0.02702702702702703,0.05405405405405406,0.08108108108108109,3.5,3.5
iconclass-ai:uiuc_832w91o_pic02708.jpg,1713,25,1.0,0.041666666666666664,0.04571878823431114,0.0,0.0,0.0,1.0,4.0
iconclass-ai:uiuc_832w91o_pic02709.jpg,1713,3,1.0,1.0,0.43638392857142855,0.3333333333333333,0.3333333333333333,0.6666666666666666,1.0,5.0
iconclass-ai:uiuc_832w91o_pic02905.jpg,1713,7,1.0,0.3333333333333333,0.05587702764031425,0.0,0.14285714285714285,0.14285714285714285,1.0,4.0
iconclass-ai:uiuc_832w91o_pic02907.jpg,1713,72,1.0,0.2,0.05760969628367105,0.0,0.013888888888888888,0.013888888888888888,3.0,3.0
iconclass-ai:uiuc_832w91o_pic02911.jpg,1713,28,1.0,0.025,0.06861039755518229,0.0,0.0,0.0,1.5,4.0
iconclass-ai:uiuc_832w91o_pic03303.jpg,1713,49,1.0,0.058823529411764705,0.052390516986366986,0.0,0.0,0.0,4.0,4.0
iconclass-ai:uiuc_832w91o_pic03503.jpg,1713,45,1.0,0.125,0.08654536715927026,0.0,0.0,0.022222222222222223,3.0,3.5
iconclass-ai:uiuc_832w91o_pic03506.jpg,1713,15,1.0,1.0,0.3491242837717755,0.06666666666666667,0.26666666666666666,0.3333333333333333,1.0,4.0
iconclass-ai:uiuc_832w91o_pic03709.jpg,1713,24,1.0,0.5,0.11163622863017807,0.0,0.125,0.125,1.0,5.0
iconclass-ai:uiuc_832w91o_pic04106.jpg,1713,5,1.0,0.0018450184501845018,0.0033510083568757043,0.0,0.0,0.0,1.0,6.0
iconclass-ai:uiuc_832w91o_pic04111.jpg,1713,4,1.0,0.05263157894736842,0.038441568631225005,0.0,0.0,0.0,1.0,3.0
iconclass-ai:uiuc_832w91o_pic04112.jpg,1713,25,1.0,0.5,0.13358187039386393,0.0,0.12,0.12,1.5,4.0
iconclass-ai:uiuc_832w91o_pic04307.jpg,1713,40,1.0,0.047619047619047616,0.07062580564402235,0.0,0.0,0.0,6.0,3.5
iconclass-ai:uiuc_832w91o_pic04501.jpg,1713,10,1.0,0.2,0.054626356139415286,0.0,0.1,0.1,3.5,5.0
iconclass-ai:uiuc_832w91o_pic04505.jpg,1713,10,1.0,0.0196078431372549,0.01197253860734528,0.0,0.0,0.0,2.0,5.0
iconclass-ai:uiuc_832w91o_pic04510.jpg,1713,43,1.0,0.5,0.07099511393570258,0.0,0.023255813953488372,0.023255813953488372,3.0,5.0
iconclass-ai:uiuc_832w91o_pic04704.jpg,1713,16,1.0,0.125,0.024551058188481342,0.0,0.0,0.0625,2.0,3.5
iconclass-ai:uiuc_832w91o_pic04709.jpg,1713,1,1.0,0.009433962264150943,0.009433962264150943,0.0,0.0,0.0,1.0,4.5
iconclass-ai:uiuc_832w91o_pic04712.jpg,1713,17,1.0,0.125,0.05726379215184154,0.0,0.0,0.058823529411764705,1.0,4.0
iconclass-ai:uiuc_832w91o_pic04909.jpg,1713,0,1.0,,,,,,1.0,5.5
iconclass-ai:uiuc_832w91o_pic04912.jpg,1713,80,1.0,1.0,0.14792202547300645,0.0125,0.0375,0.0375,8.5,5.0
iconclass-ai:uiuc_832w91o_pic05105.jpg,1713,30,1.0,0.02,0.03062932973297296,0.0,0.0,0.0,1.0,3.0
iconclass-ai:uiuc_832w91o_pic05109.jpg,1713,44,1.0,1.0,0.25773280027191886,0.022727272727272728,0.06818181818181818,0.06818181818181818,1.0,5.0
iconclass-ai:uiuc_832w91o_pic05110.jpg,1713,29,1.0,0.5,0.12347207224821026,0.0,0.06896551724137931,0.10344827586206896,2.0,6.0
iconclass-ai:uiuc_832w91o_pic05302.jpg,1713,50,1.0,1.0,0.12525855179164783,0.02,0.06,0.06,6.0,3.5
iconclass-ai:uiuc_832w91o_pic05511.jpg,1713,3,1.0,0.09090909090909091,0.04240052985330913,0.0,0.0,0.0,2.0,4.0
iconclass-ai:uiuc_832w91o_pic05711.jpg,1713,10,1.0,0.3333333333333333,0.08579066464984315,0.0,0.2,0.2,2.5,2.5
iconclass-ai:uiuc_832w91o_pic05906.jpg,1713,46,1.0,0.2,0.05868442103308773,0.0,0.021739130434782608,0.043478260869565216,2.0,3.0
iconclass-ai:uiuc_832w91o_pic06104.jpg,1713,7,1.0,0.04,0.02670460372685599,0.0,0.0,0.0,1.0,4.0
iconclass-ai:uiuc_832w91o_pic06106.jpg,1713,9,1.0,0.024390243902439025,0.02037797482186678,0.0,0.0,0.0,1.0,4.0
iconclass-ai:uiuc_832w91o_pic06108.jpg,1713,7,1.0,0.16666666666666666,0.04703033509040182,0.0,0.0,0.14285714285714285,1.0,4.0
iconclass-ai:uiuc_832w91o_pic06301.jpg,1713,2,1.0,1.0,0.5111111111111111,0.5,0.5,0.5,1.0,4.5
iconclass-ai:uiuc_832w91o_pic06302.jpg,1713,66,1.0,1.0,0.15453824431982202,0.015151515151515152,0.06060606060606061,0.07575757575757576,3.0,3.0
iconclass-ai:uiuc_832w91o_pic06304.jpg,1713,0,1.0,,,,,,1.0,1.0
iconclass-ai:uiuc_832w91o_pic06309.jpg,1713,6,1.0,0.008620689655172414,0.00747430491860885,0.0,0.0,0.0,1.0,4.0
iconclass-ai:uiuc_832w91o_pic06311.jpg,1713,7,1.0,0.01639344262295082,0.0139449111972921,0.0,0.0,0.0,1.0,5.0
iconclass-ai:uiuc_832w91o_pic06503.jpg,1713,47,1.0,1.0,0.12949528873796293,0.02127659574468085,0.02127659574468085,0.06382978723404255,4.0,4.0
iconclass-ai:uiuc_832w91o_pic06504.jpg,1713,17,1.0,0.09090909090909091,0.030478073759693105,0.0,0.0,0.0,1.0,4.5
iconclass-ai:uiuc_832w91o_pic06512.jpg,1713,31,1.0,1.0,0.16278844654243305,0.03225806451612903,0.06451612903225806,0.0967741935483871,2.5,5.0
iconclass-ai:uiuc_832w91o_pic06705.jpg,1713,5,1.0,0.058823529411764705,0.030822902563262734,0.0,0.0,0.0,1.0,5.0
iconclass-ai:uiuc_832w91o_pic06707.jpg,1713,11,1.0,0.047619047619047616,0.022519578220492022,0.0,0.0,0.0,1.0,4.0
iconclass-ai:uiuc_832w91o_pic06708.jpg,1713,0,1.0,,,,,,1.0,1.0
iconclass-ai:uiuc_832w91o_pic06902.jpg,1713,2,1.0,0.0078125,0.01075556506849315,0.0,0.0,0.0,1.0,5.0
iconclass-ai:uiuc_832w91o_pic06904.jpg,1713,45,1.0,0.3333333333333333,0.0880256610603057,0.0,0.044444444444444446,0.044444444444444446,9.0,3.0
iconclass-ai:uiuc_832w91o_pic06908.jpg,1713,58,1.0,1.0,0.1269470349496588,0.017241379310344827,0.034482758620689655,0.06896551724137931,2.0,5.0
iconclass-ai:uiuc_832w91o_pic06911.jpg,1713,52,1.0,0.5,0.07769798303671621,0.0,0.019230769230769232,0.019230769230769232,3.5,4.5
iconclass-ai:uiuc_832w91o_pic07103.jpg,1713,102,1.0,0.5,0.10011649593487797,0.0,0.00980392156862745,0.0196078431372549,2.5,4.5
iconclass-ai:uiuc_832w91o_pic07104.jpg,1713,30,1.0,0.08333333333333333,0.06254640351436001,0.0,0.0,0.0,1.0,5.0
iconclass-ai:uiuc_832w91o_pic07108.jpg,1713,2,1.0,0.011235955056179775,0.007865168539325843,0.0,0.0,0.0,1.0,4.0
iconclass-ai:uiuc_832w91o_pic07111.jpg,1713,13,1.0,1.0,0.19009429544563627,0.07692307692307693,0.15384615384615385,0.15384615384615385,2.0,4.0
iconclass-ai:uiuc_832w91o_pic07301.jpg,1713,5,1.0,0.034482758620689655,0.02517778600247882,0.0,0.0,0.0,2.0,3.5
iconclass-ai:uiuc_832w91o_pic07302.jpg,1713,15,1.0,1.0,0.11364506178269088,0.06666666666666667,0.06666666666666667,0.06666666666666667,1.0,4.0
iconclass-ai:uiuc_832w91o_pic07312.jpg,1713,35,1.0,0.25,0.09051488234280432,0.0,0.02857142857142857,0.05714285714285714,2.0,5.0
iconclass-ai:uiuc_832w91o_pic07502.jpg,1713,3,1.0,0.004366812227074236,0.0030584378092551965,0.0,0.0,0.0,1.0,4.5
iconclass-ai:uiuc_832w91o_pic07505.jpg,1713,10,1.0,0.023809523809523808,0.03057964221429333,0.0,0.0,0.0,1.0,4.0
iconclass-ai:uiuc_832w91o_pic07512.jpg,1713,5,1.0,0.5,0.11907118880160758,0.0,0.2,0.2,1.0,4.0
iconclass-ai:uiuc_832w91o_pic07701.jpg,1713,10,1.0,1.0,0.14656876152230197,0.1,0.1,0.2,2.0,4.0
iconclass-ai:uiuc_832w91o_pic07703.jpg,1713,2,1.0,0.034482758620689655,0.021147629310344827,0.0,0.0,0.0,1.0,5.0
iconclass-ai:uiuc_832w91o_pic07704.jpg,1713,8,1.0,0.03225806451612903,0.018906315033919697,0.0,0.0,0.0,2.5,4.0
iconclass-ai:uiuc_832w91o_pic07709.jpg,1713,27,1.0,0.015625,0.026156861708608543,0.0,0.0,0.0,3.0,4.0
iconclass-ai:uiuc_832w91o_pic07712.jpg,1713,23,1.0,1.0,0.16298482048274265,0.043478260869565216,0.08695652173913043,0.08695652173913043,5.0,3.0
iconclass-ai:uiuc_832w91o_pic07901.jpg,1713,13,1.0,0.25,0.0818037943937432,0.0,0.07692307692307693,0.15384615384615385,3.0,4.0
iconclass-ai:uiuc_832w91o_pic07909.jpg,1713,13,1.0,0.02857142857142857,0.04334967701007779,0.0,0.0,0.0,1.0,4.0
iconclass-ai:uiuc_832w91o_pic08105.jpg,1713,12,1.0,0.25,0.04962099956940772,0.0,0.08333333333333333,0.08333333333333333,2.5,3.0
iconclass-ai:uiuc_832w91o_pic08107.jpg,1713,18,1.0,1.0,0.14747727116664552,0.05555555555555555,0.05555555555555555,0.1111111111111111,1.0,5.0
iconclass-ai:uiuc_832w91o_pic08110.jpg,1713,40,1.0,0.3333333333333333,0.07149812271655279,0.0,0.025,0.025,2.0,3.5
iconclass-ai:uiuc_832w91o_pic08111.jpg,1713,27,1.0,1.0,0.2778735166642054,0.037037037037037035,0.14814814814814814,0.18518518518518517,1.0,5.5
iconclass-ai:uiuc_832w91o_pic08303.jpg,1713,11,1.0,0.5,0.05975736083091563,0.0,0.09090909090909091,0.09090909090909091,2.0,5.5
iconclass-ai:uiuc_832w91o_pic08308.jpg,1713,10,0.933305525364218,0.025,0.00832438515162846,0.0,0.0,0.0,2.0,4.0
iconclass-ai:uiuc_832w91o_pic08501.jpg,1713,42,1.0,0.05,0.05850056501878923,0.0,0.0,0.0,7.5,4.0
iconclass-ai:uiuc_832w91o_pic08508.jpg,1713,56,1.0,0.2,0.08737276685129056,0.0,0.017857142857142856,0.05357142857142857,15.0,3.0
iconclass-ai:uiuc_832w91o_pic08511.jpg,1713,32,1.0,0.16666666666666666,0.0381480502947852,0.0,0.0,0.0625,2.0,4.0
iconclass-ai:uiuc_832w91o_pic08707.jpg,1713,1,1.0,0.125,0.125,0.0,0.0,1.0,1.0,3.0
iconclass-ai:uiuc_832w91o_pic08708.jpg,1713,25,1.0,0.07692307692307693,0.03386774180798388,0.0,0.0,0.0,4.0,4.0
iconclass-ai:uiuc_832w91o_pic08903.jpg,1713,54,1.0,0.3333333333333333,0.15066529409433807,0.0,0.018518518518518517,0.037037037037037035,6.5,4.0
iconclass-ai:uiuc_832w91o_pic08906.jpg,1713,5,1.0,0.022222222222222223,0.009921509640522594,0.0,0.0,0.0,1.0,5.0
iconclass-ai:uiuc_832w91o_pic08909.jpg,1713,30,1.0,0.09090909090909091,0.04903903778528694,0.0,0.0,0.0,6.5,4.0
iconclass-ai:uiuc_832w91o_pic09101.jpg,1713,37,1.0,0.25,0.13844622014789515,0.0,0.02702702702702703,0.08108108108108109,4.0,5.0
iconclass-ai:uiuc_832w91o_pic09102.jpg,1713,38,1.0,0.1,0.05948504485448427,0.0,0.0,0.02631578947368421,2.5,5.0
iconclass-ai:uiuc_832w91o_pic09107.jpg,1713,18,1.0,0.3333333333333333,0.03521510506032241,0.0,0.05555555555555555,0.05555555555555555,2.0,3.0
iconclass-ai:uiuc_832w91o_pic09109.jpg,1713,4,1.0,0.001639344262295082,0.002506569832106946,0.0,0.0,0.0,1.0,5.0
iconclass-ai:uiuc_832w91o_pic09305.jpg,1713,16,1.0,1.0,0.243317275940711,0.0625,0.125,0.1875,1.0,5.0
iconclass-ai:uiuc_832w91o_pic09903.jpg,1713,24,1.0,1.0,0.16128508071868383,0.041666666666666664,0.08333333333333333,0.16666666666666666,2.0,4.0
iconclass-ai:uiuc_832w91o_pic10107.jpg,1713,5,1.0,0.005813953488372093,0.006084588455030076,0.0,0.0,0.0,1.0,3.0
iconclass-ai:uiuc_832w91o_pic10110.jpg,1713,78,1.0,0.5,0.18760369505326208,0.0,0.038461538461538464,0.10256410256410256,3.0,5.0
iconclass-ai:uiuc_832w91o_pic10304.jpg,1713,7,1.0,0.09090909090909091,0.020812999869310567,0.0,0.0,0.0,1.0,5.0
iconclass-ai:uiuc_832w91o_pic10504.jpg,1713,79,1.0,1.0,0.1853988027458159,0.012658227848101266,0.0379746835443038,0.05063291139240506,7.0,5.0
iconclass-ai:uiuc_832w91o_pic10507.jpg,1713,50,1.0,1.0,0.1004855757378541,0.02,0.02,0.06,4.0,4.0
iconclass-ai:uiuc_832w91o_pic10907.jpg,1713,0,1.0,,,,,,1.0,5.0
iconclass-ai:uiuc_832w91o_pic11307.jpg,1713,4,1.0,0.25,0.07836217493473718,0.0,0.25,0.25,1.0,3.0
iconclass-ai:uiuc_832w91o_pic11309.jpg,1713,11,1.0,0.5,0.06708299108688363,0.0,0.09090909090909091,0.09090909090909091,1.0,3.0
iconclass-ai:uiuc_832w91o_pic11310.jpg,1713,18,1.0,1.0,0.09755226034115212,0.05555555555555555,0.05555555555555555,0.05555555555555555,1.0,4.0
iconclass-ai:uiuc_832w91o_pic11503.jpg,1713,21,1.0,0.2,0.0495569916377142,0.0,0.047619047619047616,0.047619047619047616,2.0,4.0
iconclass-ai:uiuc_832w91o_pic11511.jpg,1713,55,1.0,0.2,0.05034470216509308,0.0,0.01818181818181818,0.03636363636363636,6.0,5.0
iconclass-ai:uiuc_832w91o_pic11512.jpg,1713,33,0.932801483732564,0.1111111111111111,0.05087441117454417,0.0,0.0,0.030303030303030304,2.0,4.5
iconclass-ai:uiuc_832w91o_pic11701.jpg,1713,7,1.0,0.16666666666666666,0.03536684317219381,0.0,0.0,0.14285714285714285,1.0,5.0
iconclass-ai:uiuc_832w91o_pic11703.jpg,1713,11,1.0,0.058823529411764705,0.03434624814604793,0.0,0.0,0.0,2.5,4.0
iconclass-ai:uiuc_832w91o_pic11711.jpg,1713,90,1.0,0.5,0.08120383181628905,0.0,0.011111111111111112,0.022222222222222223,5.0,4.0
iconclass-ai:uiuc_832w91o_pic11902.jpg,1713,21,1.0,0.058823529411764705,0.03833248386718226,0.0,0.0,0.0,3.0,5.0
iconclass-ai:uiuc_832w91o_pic11910.jpg,1713,14,1.0,0.2,0.03190168070420071,0.0,0.07142857142857142,0.07142857142857142,2.5,3.5
iconclass-ai:uiuc_832w91o_pic11911.jpg,1713,14,1.0,0.09090909090909091,0.04260177627567306,0.0,0.0,0.0,1.0,4.0
iconclass-ai:uiuc_832w91o_pic12102.jpg,1713,21,1.0,0.02127659574468085,0.02682075570849084,0.0,0.0,0.0,1.0,4.0
iconclass-ai:uiuc_832w91o_pic12104.jpg,1713,2,1.0,0.00078064012490242,0.0010049482124204786,0.0,0.0,0.0,2.0,5.0
iconclass-ai:uiuc_832w91o_pic12110.jpg,1713,8,1.0,0.2,0.0937930895019161,0.0,0.125,0.25,1.0,4.0
iconclass-ai:uiuc_832w91o_pic12112.jpg,1713,0,1.0,,,,,,1.0,1.0
iconclass-ai:uiuc_832w91o_pic12309.jpg,1713,53,1.0,0.5,0.17727651663536514,0.0,0.05660377358490566,0.09433962264150944,3.0,4.0
iconclass-ai:uiuc_832w91o_pic12310.jpg,1713,52,1.0,1.0,0.09676905184677301,0.019230769230769232,0.038461538461538464,0.038461538461538464,4.0,4.0
iconclass-ai:uiuc_832w91o_pic12505.jpg,1713,2,1.0,0.001326259946949602,0.0019053659983195217,0.0,0.0,0.0,1.0,3.0
iconclass-ai:uiuc_832w91o_pic12506.jpg,1713,32,1.0,1.0,0.10779303028098301,0.03125,0.0625,0.0625,4.5,5.0
iconclass-ai:uiuc_832w91o_pic12510.jpg,1713,20,1.0,0.038461538461538464,0.04010885256848096,0.0,0.0,0.0,1.0,6.0
iconclass-ai:uiuc_832w91o_pic12710.jpg,1713,42,1.0,0.25,0.051966344640511725,0.0,0.023809523809523808,0.023809523809523808,2.0,5.0
iconclass-ai:uiuc_832w91o_pic12901.jpg,1713,56,1.0,1.0,0.11951771980098466,0.017857142857142856,0.03571428571428571,0.05357142857142857,2.0,3.0
iconclass-ai:uiuc_832w91o_pic13110.jpg,1713,22,1.0,0.1,0.030673031845004948,0.0,0.0,0.045454545454545456,3.5,5.0
iconclass-ai:uiuc_832w91o_pic13302.jpg,1713,48,1.0,0.3333333333333333,0.10754805830714546,0.0,0.041666666666666664,0.041666666666666664,3.0,5.0
iconclass-ai:uiuc_832w91o_pic13308.jpg,1713,8,1.0,0.047619047619047616,0.03347682496969248,0.0,0.0,0.0,2.0,6.0
iconclass-ai:uiuc_832w91o_pic13310.jpg,1713,15,1.0,0.07692307692307693,0.02008398770752547,0.0,0.0,0.0,1.0,3.5
iconclass-ai:uiuc_832w91o_pic13508.jpg,1713,8,1.0,1.0,0.1316465992363844,0.125,0.125,0.125,1.0,5.5
iconclass-ai:uiuc_832w91o_pic13509.jpg,1713,21,1.0,0.25,0.08415601633972393,0.0,0.047619047619047616,0.09523809523809523,1.0,2.5
iconclass-ai:uiuc_832w91o_pic13512.jpg,1713,0,1.0,,,,,,1.0,6.0
iconclass-ai:uiuc_832w91o_pic13712.jpg,1713,4,1.0,0.006896551724137931,0.004333504342966641,0.0,0.0,0.0,1.5,4.0
iconclass-ai:uiuc_832w91o_pic13901.jpg,1713,0,1.0,,,,,,1.0,1.0
iconclass-ai:uiuc_832w91o_pic13903.jpg,1713,9,1.0,0.125,0.061898645776368354,0.0,0.0,0.1111111111111111,1.0,3.0
iconclass-ai:uiuc_832w91o_pic13904.jpg,1713,10,1.0,0.029411764705882353,0.018642670721719705,0.0,0.0,0.0,2.0,3.0
iconclass-ai:uiuc_832w91o_pic13906.jpg,1713,51,1.0,0.25,0.06915273680246443,0.0,0.0196078431372549,0.0196078431372549,3.0,5.0
iconclass-ai:uiuc_832w91o_pic14102.jpg,1713,5,1.0,0.0010070493454179255,0.0022059863535165655,0.0,0.0,0.0,1.0,6.0
iconclass-ai:uiuc_832w91o_pic14103.jpg,1713,34,0.931885505886703,0.07692307692307693,0.06000585870104295,0.0,0.0,0.0,1.0,4.5
iconclass-ai:uiuc_832w91o_pic14105.jpg,1713,26,1.0,0.2,0.029132165724217913,0.0,0.038461538461538464,0.038461538461538464,3.5,5.0
iconclass-ai:uiuc_832w91o_pic14107.jpg,1713,25,1.0,0.3333333333333333,0.07626996047225561,0.0,0.04,0.04,2.0,5.5
iconclass-ai:uiuc_832w91o_pic14109.jpg,1713,18,1.0,0.5,0.07217064336385028,0.0,0.05555555555555555,0.05555555555555555,7.0,3.0
iconclass-ai:uiuc_832w91o_pic14302.jpg,1713,13,1.0,0.04,0.024967596169443548,0.0,0.0,0.0,4.0,3.5
iconclass-ai:uiuc_832w91o_pic14306.jpg,1713,42,1.0,1.0,0.22360681229530427,0.023809523809523808,0.07142857142857142,0.09523809523809523,5.0,3.0
iconclass-ai:uiuc_832w91o_pic14307.jpg,1713,25,1.0,0.16666666666666666,0.11228391716539562,0.0,0.0,0.12,2.0,4.0
iconclass-ai:uiuc_832w91o_pic14506.jpg,1713,30,1.0,0.058823529411764705,0.05091285879635115,0.0,0.0,0.0,7.0,3.0
iconclass-ai:uiuc_832w91o_pic14701.jpg,1713,4,1.0,1.0,0.28378289898729614,0.25,0.25,0.25,1.5,4.0
iconclass-ai:uiuc_832w91o_pic14704.jpg,1713,30,1.0,1.0,0.2188014030997702,0.03333333333333333,0.06666666666666667,0.16666666666666666,1.5,4.5
iconclass-ai:uiuc_832w91o_pic14711.jpg,1713,36,1.0,1.0,0.3153509575203364,0.027777777777777776,0.1111111111111111,0.1388888888888889,1.0,5.0
iconclass-ai:uiuc_832w91o_pic14902.jpg,1713,9,1.0,0.005319148936170213,0.0108894421208038,0.0,0.0,0.0,2.0,6.0
iconclass-ai:uiuc_832w91o_pic14904.jpg,1713,14,1.0,1.0,0.21148484988538546,0.07142857142857142,0.14285714285714285,0.14285714285714285,1.0,4.5
iconclass-ai:uiuc_832w91o_pic14908.jpg,1713,40,1.0,0.3333333333333333,0.1234497762410897,0.0,0.075,0.075,1.0,4.0
iconclass-ai:uiuc_832w91o_pic15302.jpg,1713,12,1.0,0.02631578947368421,0.017883132587864278,0.0,0.0,0.0,1.0,6.0
iconclass-ai:uiuc_832w91o_pic15304.jpg,1713,14,1.0,1.0,0.2218354081903922,0.07142857142857142,0.14285714285714285,0.21428571428571427,1.0,5.0
iconclass-ai:uiuc_832w91o_pic15308.jpg,1713,15,1.0,0.047619047619047616,0.029392139211324067,0.0,0.0,0.0,4.5,3.0
iconclass-ai:uiuc_832w91o_pic15312.jpg,1713,18,1.0,0.03225806451612903,0.02728037735499743,0.0,0.0,0.0,1.0,6.0
iconclass-ai:uiuc_832w91o_pic15501.jpg,1713,107,1.0,1.0,0.2033593749498661,0.009345794392523364,0.028037383177570093,0.037383177570093455,10.5,4.0
iconclass-ai:uiuc_832w91o_pic15902.jpg,1713,38,1.0,0.08333333333333333,0.0268362933434524,0.0,0.0,0.0,1.0,5.5
iconclass-ai:uiuc_832w91o_pic15903.jpg,1713,8,1.0,0.16666666666666666,0.06947952794977288,0.0,0.0,0.125,2.0,5.0
iconclass-ai:uiuc_832w91o_pic15906.jpg,1713,15,1.0,0.043478260869565216,0.012286636045907323,0.0,0.0,0.0,1.5,4.5
iconclass-ai:uiuc_832w91o_pic16105.jpg,1713,20,1.0,0.1,0.06687663190350346,0.0,0.0,0.05,1.0,5.0
iconclass-ai:uiuc_832w91o_pic16301.jpg,1713,58,1.0,1.0,0.14746687322383584,0.017241379310344827,0.05172413793103448,0.06896551724137931,5.5,4.5
iconclass-ai:uiuc_832w91o_pic16309.jpg,1713,22,1.0,0.01282051282051282,0.02257171779696663,0.0,0.0,0.0,1.5,5.0
iconclass-ai:uiuc_832w91o_pic16502.jpg,1713,14,1.0,1.0,0.13321615458093347,0.07142857142857142,0.07142857142857142,0.14285714285714285,2.5,4.0
iconclass-ai:uiuc_832w91o_pic16504.jpg,1713,21,1.0,1.0,0.20666984328535168,0.047619047619047616,0.09523809523809523,0.23809523809523808,1.0,3.0
iconclass-ai:uiuc_832w91o_pic16511.jpg,1713,10,1.0,0.009708737864077669,0.010172518780695463,0.0,0.0,0.0,1.0,6.0
iconclass-ai:uiuc_832w91o_pic16512.jpg,1713,51,1.0,0.1,0.0444224489984954,0.0,0.0,0.0196078431372549,3.0,3.5
iconclass-ai:uiuc_832w91o_pic16703.jpg,1713,25,1.0,1.0,0.17582151268935498,0.04,0.08,0.12,1.0,5.0
iconclass-ai:uiuc_832w91o_pic17109.jpg,1713,10,1.0,0.2,0.05284742773285418,0.0,0.1,0.1,1.0,4.0
iconclass-ai:uiuc_832w91o_pic17306.jpg,1713,80,1.0,1.0,0.2591433064155612,0.0125,0.05,0.075,4.5,4.0
iconclass-ai:uiuc_832w91o_pic17308.jpg,1713,24,1.0,0.009708737864077669,0.0193257697269502,0.0,0.0,0.0,3.0,3.0
iconclass-ai:uiuc_832w91o_pic17501.jpg,1713,3,1.0,0.006211180124223602,0.007186359587373951,0.0,0.0,0.0,1.0,4.0
iconclass-ai:uiuc_832w91o_pic17503.jpg,1713,33,1.0,1.0,0.24594959426032484,0.030303030303030304,0.15151515151515152,0.15151515151515152,2.0,5.0
iconclass-ai:uiuc_832w91o_pic17505.jpg,1713,28,1.0,0.045454545454545456,0.05777087408703113,0.0,0.0,0.0,3.5,3.5
iconclass-ai:uiuc_832w91o_pic17510.jpg,1713,0,1.0,,,,,,1.0,3.5
iconclass-ai:uiuc_832w91o_pic17511.jpg,1713,39,1.0,1.0,0.09418268845723547,0.02564102564102564,0.02564102564102564,0.02564102564102564,2.0,4.0
iconclass-ai:uiuc_832w91o_pic17703.jpg,1713,31,1.0,0.07142857142857142,0.06190061694101287,0.0,0.0,0.0,2.5,4.5
iconclass-ai:uiuc_832w91o_pic17704.jpg,1713,45,1.0,0.14285714285714285,0.1024318500797703,0.0,0.0,0.022222222222222223,1.0,5.0
iconclass-ai:uiuc_832w91o_pic17706.jpg,1713,46,1.0,1.0,0.13710145162499365,0.021739130434782608,0.06521739130434782,0.08695652173913043,5.0,5.0
iconclass-ai:uiuc_832w91o_pic17903.jpg,1713,57,1.0,0.5,0.13832777161976603,0.0,0.03508771929824561,0.07017543859649122,4.0,4.0
iconclass-ai:uiuc_832w91o_pic17907.jpg,1713,8,1.0,0.022727272727272728,0.026300792383401564,0.0,0.0,0.0,1.5,4.0
iconclass-ai:uiuc_832w91o_pic17908.jpg,1713,51,1.0,0.5,0.28332811867461055,0.0,0.0784313725490196,0.1568627450980392,2.5,5.0
iconclass-ai:uiuc_832w91o_pic17911.jpg,1713,27,1.0,1.0,0.341990230264204,0.037037037037037035,0.18518518518518517,0.2222222222222222,1.0,4.0
iconclass-ai:uiuc_832w91o_pic18706.jpg,1713,27,1.0,0.3333333333333333,0.18951961593926364,0.0,0.07407407407407407,0.14814814814814814,3.0,4.5
iconclass-ai:uiuc_832w91o_pic18906.jpg,1713,21,1.0,0.14285714285714285,0.04266098554117871,0.0,0.0,0.09523809523809523,1.0,5.0
iconclass-ai:uiuc_832w91o_pic19103.jpg,1713,45,1.0,1.0,0.23668174383481932,0.022222222222222223,0.044444444444444446,0.044444444444444446,3.0,4.0
iconclass-ai:uiuc_832w91o_pic19107.jpg,1713,23,1.0,0.5,0.19867771767196687,0.0,0.13043478260869565,0.17391304347826086,1.0,4.0
iconclass-ai:uiuc_832w91o_pic19108.jpg,1713,48,1.0,0.03333333333333333,0.029126319306341898,0.0,0.0,0.0,1.0,2.0
iconclass-ai:uiuc_832w91o_pic19111.jpg,1713,61,1.0,0.037037037037037035,0.03958905825522704,0.0,0.0,0.0,3.5,4.0
iconclass-ai:uiuc_832w91o_pic19302.jpg,1713,83,1.0,1.0,0.24831471674459152,0.012048192771084338,0.03614457831325301,0.04819277108433735,6.0,4.0
iconclass-ai:uiuc_832w91o_pic19310.jpg,1713,44,1.0,1.0,0.20137465453699954,0.022727272727272728,0.022727272727272728,0.045454545454545456,3.5,5.0
iconclass-ai:uiuc_832w91o_pic19312.jpg,1713,55,1.0,0.5,0.03852429524353947,0.0,0.01818181818181818,0.01818181818181818,1.0,4.0
iconclass-ai:uiuc_832w91o_pic19502.jpg,1713,40,1.0,0.3333333333333333,0.10162899793566205,0.0,0.025,0.05,3.5,4.5
iconclass-ai:uiuc_832w91o_pic19509.jpg,1713,16,1.0,0.05,0.020686269143368095,0.0,0.0,0.0,1.0,4.5
iconclass-ai:uiuc_832w91o_pic19511.jpg,1713,22,1.0,0.1111111111111111,0.03808610872818661,0.0,0.0,0.045454545454545456,3.0,5.5
iconclass-ai:uiuc_832w91o_pic19703.jpg,1713,4,1.0,0.00211864406779661,0.0031860323119807027,0.0,0.0,0.0,1.0,4.0
iconclass-ai:uiuc_832w91o_pic19708.jpg,1713,38,1.0,1.0,0.10938745971886996,0.02631578947368421,0.05263157894736842,0.05263157894736842,7.5,4.5
iconclass-ai:uiuc_832w91o_pic19709.jpg,1713,35,1.0,0.08333333333333333,0.08368965816369933,0.0,0.0,0.0,3.5,4.0
iconclass-ai:uiuc_832w91o_pic19710.jpg,1713,10,1.0,1.0,0.11704018452460707,0.1,0.1,0.1,2.5,6.0
iconclass-ai:uiuc_832w91o_pic19908.jpg,1713,4,1.0,0.5,0.13243317701755936,0.0,0.25,0.25,1.5,6.0
iconclass-ai:uiuc_832w91o_pic19910.jpg,1713,27,1.0,0.05555555555555555,0.04984173780056494,0.0,0.0,0.0,2.0,5.0
iconclass-ai:uiuc_832w91o_pic20107.jpg,1713,38,1.0,1.0,0.1604674807815267,0.02631578947368421,0.05263157894736842,0.13157894736842105,3.0,4.0
iconclass-ai:uiuc_832w91o_pic20111.jpg,1713,13,1.0,0.008403361344537815,0.011164189279658236,0.0,0.0,0.0,1.0,4.0
iconclass-ai:uiuc_832w91o_pic20307.jpg,1713,51,1.0,1.0,0.3267619405545564,0.0196078431372549,0.0784313725490196,0.11764705882352941,1.5,5.0
iconclass-ai:uiuc_832w91o_pic20309.jpg,1713,19,1.0,0.058823529411764705,0.028886318397070853,0.0,0.0,0.0,2.0,4.0
iconclass-ai:uiuc_832w91o_pic20506.jpg,1713,76,1.0,1.0,0.19242499476605052,0.013157894736842105,0.039473684210526314,0.07894736842105263,2.0,5.0
iconclass-ai:uiuc_832w91o_pic20509.jpg,1713,63,1.0,0.14285714285714285,0.04944633606694251,0.0,0.0,0.031746031746031744,1.0,3.0
iconclass-ai:uiuc_832w91o_pic20705.jpg,1713,60,1.0,1.0,0.10479819466390583,0.016666666666666666,0.05,0.06666666666666667,7.0,3.0
iconclass-ai:uiuc_832w91o_pic20709.jpg,1713,13,1.0,1.0,0.13858195831885511,0.07692307692307693,0.15384615384615385,0.15384615384615385,2.5,3.0
iconclass-ai:uiuc_832w91o_pic20710.jpg,1713,19,1.0,0.029411764705882353,0.04893472794228666,0.0,0.0,0.0,1.0,4.0
iconclass-ai:uiuc_832w91o_pic20906.jpg,1713,8,1.0,0.0031446540880503146,0.004566694841391205,0.0,0.0,0.0,1.5,4.5
iconclass-ai:uiuc_832w91o_pic21106.jpg,1713,30,1.0,0.25,0.06703876831770175,0.0,0.03333333333333333,0.03333333333333333,5.0,6.0
iconclass-ai:uiuc_832w91o_pic21108.jpg,1713,2,1.0,0.002188183807439825,0.0028926530547990492,0.0,0.0,0.0,1.0,6.0
iconclass-ai:uiuc_832w91o_pic21308.jpg,1713,26,1.0,0.0136986301369863,0.017682401771628213,0.0,0.0,0.0,3.0,4.0
iconclass-ai:uiuc_832w91o_pic21309.jpg,1713,10,1.0,0.0625,0.022098862014899252,0.0,0.0,0.0,1.5,3.0
iconclass-ai:uiuc_832w91o_pic21502.jpg,1713,31,1.0,0.125,0.07323672779818953,0.0,0.0,0.03225806451612903,2.0,4.5
iconclass-ai:uiuc_832w91o_pic21508.jpg,1713,76,1.0,0.3333333333333333,0.07627192079649302,0.0,0.013157894736842105,0.013157894736842105,3.0,4.0
iconclass-ai:uiuc_832w91o_pic21704.jpg,1713,62,1.0,1.0,0.2902737366443905,0.016129032258064516,0.03225806451612903,0.06451612903225806,5.5,5.0
iconclass-ai:uiuc_832w91o_pic21705.jpg,1713,64,1.0,0.0625,0.04188023001898298,0.0,0.0,0.0,4.5,2.5
iconclass-ai:uiuc_832w91o_pic21901.jpg,1713,3,1.0,0.16666666666666666,0.0607422289190245,0.0,0.0,0.3333333333333333,1.5,5.0
iconclass-ai:uiuc_832w91o_pic21908.jpg,1713,49,1.0,1.0,0.3849086362847779,0.02040816326530612,0.08163265306122448,0.16326530612244897,5.0,5.0
iconclass-ai:uiuc_832w91o_pic21909.jpg,1713,9,1.0,0.14285714285714285,0.09365129524647103,0.0,0.0,0.2222222222222222,3.0,5.0
iconclass-ai:uiuc_832w91o_pic22105.jpg,1713,4,1.0,0.008620689655172414,0.008753618139977565,0.0,0.0,0.0,1.0,5.0
iconclass-ai:uiuc_832w91o_pic22110.jpg,1713,38,1.0,0.1111111111111111,0.08051936141494458,0.0,0.0,0.02631578947368421,7.0,4.5
iconclass-ai:uiuc_832w91o_pic22301.jpg,1713,13,1.0,0.3333333333333333,0.09164358363053776,0.0,0.07692307692307693,0.15384615384615385,1.5,3.0
iconclass-ai:uiuc_832w91o_pic22304.jpg,1713,7,1.0,0.07692307692307693,0.036647249284209996,0.0,0.0,0.0,1.0,3.0
iconclass-ai:uiuc_832w91o_pic22306.jpg,1713,48,1.0,0.3333333333333333,0.05230398982314557,0.0,0.020833333333333332,0.020833333333333332,3.0,3.0
iconclass-ai:uiuc_832w91o_pic22307.jpg,1713,50,1.0,0.5,0.19308884393849296,0.0,0.06,0.1,3.0,4.0
iconclass-ai:uiuc_832w91o_pic22309.jpg,1713,16,1.0,1.0,0.287108713997122,0.0625,0.25,0.25,2.5,5.0
iconclass-ai:uiuc_832w91o_pic22502.jpg,1713,49,1.0,0.1,0.18045240425549947,0.0,0.0,0.02040816326530612,1.0,5.5
iconclass-ai:uiuc_832w91o_pic22708.jpg,1713,39,1.0,0.3333333333333333,0.15682962320400468,0.0,0.02564102564102564,0.07692307692307693,7.0,4.0
iconclass-ai:uiuc_832w91o_pic22712.jpg,1713,27,1.0,0.08333333333333333,0.040585864395707,0.0,0.0,0.0,2.0,4.0
iconclass-ai:uiuc_832w91o_pic22902.jpg,1713,79,1.0,1.0,0.21331973820300637,0.012658227848101266,0.02531645569620253,0.05063291139240506,3.5,4.5
iconclass-ai:uiuc_832w91o_pic22903.jpg,1713,51,1.0,1.0,0.36812306482613394,0.0196078431372549,0.058823529411764705,0.09803921568627451,1.5,5.0
iconclass-ai:uiuc_832w91o_pic22909.jpg,1713,79,1.0,0.5,0.23737087187473738,0.0,0.0379746835443038,0.06329113924050633,9.0,5.0
iconclass-ai:uiuc_832w91o_pic22912.jpg,1713,34,1.0,0.14285714285714285,0.07764637418056143,0.0,0.0,0.029411764705882353,2.0,5.0
iconclass-ai:uiuc_832w91o_pic23104.jpg,1713,51,1.0,1.0,0.25026826710562255,0.0196078431372549,0.058823529411764705,0.11764705882352941,1.0,5.0
iconclass-ai:uiuc_832w91o_pic23105.jpg,1713,42,1.0,1.0,0.2950556779946925,0.023809523809523808,0.11904761904761904,0.14285714285714285,1.0,4.5
iconclass-ai:uiuc_832w91o_pic23106.jpg,1713,15,1.0,0.047619047619047616,0.011404402063190301,0.0,0.0,0.0,1.0,4.0
iconclass-ai:uiuc_832w91o_pic23107.jpg,1713,31,1.0,0.020833333333333332,0.017556537147369287,0.0,0.0,0.0,2.0,4.0
iconclass-ai:uiuc_832w91o_pic23109.jpg,1713,34,1.0,1.0,0.19242267939333152,0.029411764705882353,0.058823529411764705,0.08823529411764706,3.5,4.0
iconclass-ai:uiuc_832w91o_pic23110.jpg,1713,52,1.0,0.1,0.10882771380782841,0.0,0.0,0.019230769230769232,4.5,4.5
iconclass-ai:uiuc_832w91o_pic23301.jpg,1713,4,1.0,0.16666666666666666,0.1003080747390495,0.0,0.0,0.5,2.0,3.5
iconclass-ai:uiuc_832w91o_pic23302.jpg,1713,31,1.0,0.5,0.13964399788335238,0.0,0.06451612903225806,0.0967741935483871,4.0,4.0
iconclass-ai:uiuc_832w91o_pic23305.jpg,1713,75,1.0,1.0,0.3284200534725239,0.013333333333333334,0.05333333333333334,0.10666666666666667,6.5,5.0
iconclass-ai:uiuc_832w91o_pic23503.jpg,1713,73,1.0,0.5,0.2363890526398105,0.0,0.0136986301369863,0.0547945205479452,4.0,4.0
iconclass-ai:uiuc_832w91o_pic23505.jpg,1713,3,1.0,0.0029239766081871343,0.005019668506967598,0.0,0.0,0.0,1.0,4.0
iconclass-ai:uiuc_832w91o_pic23509.jpg,1713,40,1.0,1.0,0.3181613402088651,0.025,0.075,0.075,1.0,3.0
iconclass-ai:uiuc_832w91o_pic23511.jpg,1713,24,1.0,0.019230769230769232,0.016465385784855173,0.0,0.0,0.0,2.0,4.5
iconclass-ai:uiuc_832w91o_pic23710.jpg,1713,59,1.0,0.25,0.3138754855021346,0.0,0.01694915254237288,0.1016949152542373,5.5,6.0
iconclass-ai:uiuc_832w91o_pic23711.jpg,1713,10,1.0,1.0,0.13417320228130342,0.1,0.1,0.1,3.0,4.0
iconclass-ai:uiuc_832w91o_pic23907.jpg,1713,82,1.0,0.5,0.18390600073627802,0.0,0.012195121951219513,0.036585365853658534,6.0,4.0
iconclass-ai:uiuc_832w91o_pic23908.jpg,1713,36,1.0,1.0,0.25706287568600916,0.027777777777777776,0.027777777777777776,0.1111111111111111,2.0,4.5
iconclass-ai:uiuc_832w91o_pic24105.jpg,1713,37,1.0,0.5,0.30164842657282487,0.0,0.08108108108108109,0.08108108108108109,1.5,5.0
iconclass-ai:uiuc_832w91o_pic24109.jpg,1713,18,1.0,1.0,0.07459627696983556,0.05555555555555555,0.05555555555555555,0.05555555555555555,3.5,4.0
iconclass-ai:uiuc_832w91o_pic24112.jpg,1713,11,1.0,0.08333333333333333,0.03340690684931364,0.0,0.0,0.0,1.0,4.0
iconclass-ai:uiuc_832w91o_pic24302.jpg,1713,15,1.0,0.047619047619047616,0.04673390239111097,0.0,0.0,0.0,1.5,4.5
iconclass-ai:uiuc_832w91o_pic24306.jpg,1713,40,1.0,1.0,0.15541827483562393,0.025,0.05,0.05,2.5,3.5
iconclass-ai:uiuc_832w91o_pic24310.jpg,1713,10,1.0,0.16666666666666666,0.0822289515659654,0.0,0.0,0.2,1.0,5.0
iconclass-ai:uiuc_832w91o_pic24505.jpg,1713,72,1.0,0.5,0.20137132398371493,0.0,0.027777777777777776,0.041666666666666664,3.5,4.5
iconclass-ai:uiuc_832w91o_pic24508.jpg,1713,75,1.0,1.0,0.18858982101312868,0.013333333333333334,0.04,0.06666666666666667,20.0,5.0
iconclass-ai:uiuc_832w91o_pic24511.jpg,1713,15,1.0,0.01694915254237288,0.02653678275310448,0.0,0.0,0.0,4.5,5.0
iconclass-ai:uiuc_832w91o_pic24703.jpg,1713,13,1.0,0.2,0.03216086495368228,0.0,0.07692307692307693,0.07692307692307693,3.5,2.5
iconclass-ai:uiuc_832w91o_pic24706.jpg,1713,21,1.0,0.3333333333333333,0.0930592995455567,0.0,0.047619047619047616,0.09523809523809523,2.5,5.0
iconclass-ai:uiuc_832w91o_pic24708.jpg,1713,25,1.0,1.0,0.15960573263417585,0.04,0.04,0.12,2.0,5.0
iconclass-ai:uiuc_832w91o_pic24910.jpg,1713,72,1.0,0.5,0.17645861958979048,0.0,0.041666666666666664,0.041666666666666664,3.0,4.5
iconclass-ai:uiuc_832w91o_pic25104.jpg,1713,74,1.0,1.0,0.27038504989338147,0.013513513513513514,0.05405405405405406,0.08108108108108109,9.0,4.0
iconclass-ai:uiuc_832w91o_pic25106.jpg,1713,29,1.0,1.0,0.24221640744378245,0.034482758620689655,0.10344827586206896,0.1724137931034483,2.0,5.0
iconclass-ai:uiuc_832w91o_pic25109.jpg,1713,16,1.0,0.015625,0.015797987784135492,0.0,0.0,0.0,2.5,4.5
iconclass-ai:uiuc_832w91o_pic25306.jpg,1713,10,1.0,1.0,0.1766430544696856,0.1,0.2,0.2,2.0,5.0
iconclass-ai:uiuc_832w91o_pic25307.jpg,1713,71,1.0,0.5,0.15315855646339016,0.0,0.028169014084507043,0.028169014084507043,5.5,4.0
iconclass-ai:uiuc_832w91o_pic25311.jpg,1713,25,1.0,0.00303951367781155,0.010079537407290723,0.0,0.0,0.0,3.5,3.5
iconclass-ai:uiuc_832w91o_pic25509.jpg,1713,31,1.0,1.0,0.1782905290339847,0.03225806451612903,0.0967741935483871,0.12903225806451613,1.0,6.0
iconclass-ai:uiuc_832w91o_pic25706.jpg,1713,25,1.0,1.0,0.17652143657054264,0.04,0.08,0.16,2.0,4.0
iconclass-ai:uiuc_832w91o_pic25709.jpg,1713,4,1.0,0.0056179775280898875,0.0031336134454375427,0.0,0.0,0.0,1.0,5.0
iconclass-ai:uiuc_832w91o_pic25710.jpg,1713,27,1.0,1.0,0.19095094906348778,0.037037037037037035,0.07407407407407407,0.14814814814814814,1.0,4.0
iconclass-ai:uiuc_832w91o_pic25901.jpg,1713,28,1.0,0.25,0.13677192100532967,0.0,0.03571428571428571,0.07142857142857142,1.0,5.0
iconclass-ai:uiuc_832w91o_pic25903.jpg,1713,19,1.0,0.5,0.18297511961514729,0.0,0.05263157894736842,0.15789473684210525,1.0,6.0
iconclass-ai:uiuc_832w91o_pic25908.jpg,1713,2,1.0,0.02127659574468085,0.01310743367480956,0.0,0.0,0.0,1.0,4.0
iconclass-ai:uiuc_832w91o_pic25910.jpg,1713,19,1.0,0.1111111111111111,0.10139802216570448,0.0,0.0,0.05263157894736842,1.0,4.0
iconclass-ai:uiuc_832w91o_pic26108.jpg,1713,6,1.0,1.0,0.22146004478308282,0.16666666666666666,0.16666666666666666,0.3333333333333333,1.5,3.5
iconclass-ai:uiuc_832w91o_pic26112.jpg,1713,1,1.0,0.02564102564102564,0.02564102564102564,0.0,0.0,0.0,1.0,4.0
iconclass-ai:uiuc_832w91o_pic26303.jpg,1713,8,1.0,0.3333333333333333,0.052243432045267345,0.0,0.125,0.125,1.0,6.0
iconclass-ai:uiuc_832w91o_pic26307.jpg,1713,14,1.0,1.0,0.12538009794684174,0.07142857142857142,0.07142857142857142,0.07142857142857142,1.0,4.0
iconclass-ai:uiuc_832w91o_pic26310.jpg,1713,3,1.0,0.5,0.2154761904761905,0.0,0.3333333333333333,0.3333333333333333,1.0,5.0
iconclass-ai:uiuc_832w91o_pic26502.jpg,1713,9,1.0,0.045454545454545456,0.025979255868568234,0.0,0.0,0.0,2.5,5.5
iconclass-ai:uiuc_832w91o_pic26703.jpg,1713,25,1.0,1.0,0.17093600353011273,0.04,0.08,0.12,3.0,4.0
iconclass-ai:uiuc_832w91o_pic26704.jpg,1713,31,1.0,1.0,0.18477781018954037,0.03225806451612903,0.06451612903225806,0.06451612903225806,2.0,5.0
iconclass-ai:uiuc_832w91o_pic26907.jpg,1713,11,1.0,0.0625,0.03569349777027521,0.0,0.0,0.0,1.0,5.0
iconclass-ai:uiuc_832w91o_pic26908.jpg,1713,15,1.0,0.16666666666666666,0.04626802463292159,0.0,0.0,0.06666666666666667,1.0,3.0
iconclass-ai:uiuc_832w91o_pic26909.jpg,1713,44,0.7178690092527651,1.0,0.0817676548002514,0.022727272727272728,0.022727272727272728,0.022727272727272728,1.0,4.0
iconclass-ai:uiuc_emblems0078_pic007.jpg,1713,6,1.0,0.01818181818181818,0.012055276222613319,0.0,0.0,0.0,1.0,6.0
iconclass-ai:uiuc_emblems0078_pic062.jpg,1713,27,1.0,1.0,0.1502238193748901,0.037037037037037035,0.07407407407407407,0.14814814814814814,2.0,3.0
iconclass-ai:uiuc_emblems0078_pic074.jpg,1713,30,1.0,1.0,0.2083789358525596,0.03333333333333333,0.1,0.13333333333333333,1.0,5.0
iconclass-ai:uiuc_emblems0078_pic095.jpg,1713,33,1.0,0.3333333333333333,0.040401076346146786,0.0,0.030303030303030304,0.030303030303030304,3.0,4.0
iconclass-ai:uiuc_emblems0078_pic098.jpg,1713,79,1.0,1.0,0.15793130145083684,0.012658227848101266,0.05063291139240506,0.05063291139240506,3.0,3.0
iconclass-ai:uiuc_emblems0078_pic101.jpg,1713,41,1.0,0.02631578947368421,0.04134088174268308,0.0,0.0,0.0,1.0,4.0
iconclass-ai:uiuc_emblems0078_pic104.jpg,1713,46,1.0,1.0,0.12344748555501336,0.021739130434782608,0.06521739130434782,0.08695652173913043,2.0,3.0
iconclass-ai:uiuc_emblems0078_pic127.jpg,1713,64,0.9575861412006987,0.3333333333333333,0.10614167631232775,0.0,0.015625,0.015625,2.0,4.0
iconclass-ai:uiuc_emblems0078_pic158.jpg,1713,46,1.0,1.0,0.12079007760317288,0.021739130434782608,0.06521739130434782,0.06521739130434782,3.0,4.0
iconclass-ai:uiuc_emblems0078_pic172.jpg,1713,6,1.0,0.011363636363636364,0.0115481015195527,0.0,0.0,0.0,1.0,4.0
iconclass-ai:uiuc_emblems0078_pic179.jpg,1713,79,0.9432379215722525,1.0,0.11772621613607769,0.012658227848101266,0.02531645569620253,0.0379746835443038,2.0,4.0
iconclass-ai:uiuc_emblems0078_pic182.jpg,1713,25,1.0,1.0,0.09629431030427937,0.04,0.04,0.08,1.0,5.0
iconclass-ai:uiuc_emblems0078_pic198.jpg,1713,73,1.0,0.03571428571428571,0.05812654547215396,0.0,0.0,0.0,6.0,3.0
iconclass-ai:uiuc_q832v59oj1721_pic023.jpg,1713,56,1.0,1.0,0.10795889266066132,0.017857142857142856,0.03571428571428571,0.05357142857142857,3.5,5.0
iconclass-ai:uiuc_q832v59oj1721_pic053.jpg,1713,10,1.0,1.0,0.45798284146194357,0.1,0.3,0.5,1.0,5.0
iconclass-ai:uiuc_q832v59oj1721_pic055.jpg,1713,39,1.0,0.5,0.04581984591257394,0.0,0.02564102564102564,0.02564102564102564,4.0,5.0
iconclass-ai:uiuc_q832v59oj1721_pic057.jpg,1713,29,1.0,1.0,0.2969054228084645,0.034482758620689655,0.10344827586206896,0.20689655172413793,2.0,5.0
iconclass-ai:uiuc_q832v59oj1721_pic061.jpg,1713,57,1.0,1.0,0.2853660941787231,0.017543859649122806,0.07017543859649122,0.15789473684210525,3.5,4.5
iconclass-ai:uiuc_q832v59oj1721_pic065.jpg,1713,59,1.0,1.0,0.22762675658185186,0.01694915254237288,0.06779661016949153,0.13559322033898305,6.0,4.0
iconclass-ai:uiuc_q832v59oj1721_pic071.jpg,1713,46,1.0,1.0,0.24344743155457355,0.021739130434782608,0.08695652173913043,0.15217391304347827,3.0,6.0
iconclass-ai:uiuc_q832v59oj1721_pic093.jpg,1713,74,1.0,0.5,0.13661176976567171,0.0,0.04054054054054054,0.06756756756756757,3.5,4.0
iconclass-ai:uiuc_q832v59oj1721_pic129.jpg,1713,74,1.0,1.0,0.13734817308356348,0.013513513513513514,0.04054054054054054,0.08108108108108109,4.5,4.0
iconclass-ai:uiuc_q832v59oj1721_pic137.jpg,1713,84,1.0,1.0,0.19182195574798108,0.011904761904761904,0.03571428571428571,0.08333333333333333,4.5,4.5
iconclass-ai:uiuc_q832v59oj1721_pic143.jpg,1713,71,1.0,1.0,0.2052737127172151,0.014084507042253521,0.056338028169014086,0.11267605633802817,8.0,5.0
iconclass-ai:uiuc_q832v59oj1721_pic147.jpg,1713,32,1.0,1.0,0.20687939015514717,0.03125,0.0625,0.125,2.0,5.0
iconclass-ai:uiuc_q832v59oj1721_pic151.jpg,1713,26,1.0,1.0,0.456213872549539,0.038461538461538464,0.19230769230769232,0.2692307692307692,3.5,5.0
iconclass-ai:uiuc_q832v59oj1721_pic155.jpg,1713,21,1.0,0.5,0.15797324162600215,0.0,0.19047619047619047,0.19047619047619047,1.0,5.0
iconclass-ai:uiuc_q832v59oj1721_pic163.jpg,1713,61,1.0,0.5,0.31198896209203975,0.0,0.06557377049180328,0.14754098360655737,7.0,4.0
iconclass-ai:uiuc_q832v59oj1721_pic185.jpg,1713,26,1.0,1.0,0.12699114751512236,0.038461538461538464,0.07692307692307693,0.11538461538461539,2.0,4.5
iconclass-ai:uiuc_q832v59oj1721_pic187.jpg,1713,69,1.0,1.0,0.09484916477446978,0.014492753623188406,0.028985507246376812,0.057971014492753624,3.0,6.0
iconclass-ai:uiuc_q832v59oj1721_pic207.jpg,1713,9,1.0,0.125,0.04094928813149757,0.0,0.0,0.1111111111111111,1.0,4.5
iconclass-ai:uiuc_q832v59oj1721_pic209.jpg,1713,66,1.0,0.5,0.1268632391044692,0.0,0.045454545454545456,0.07575757575757576,2.0,5.0
