query_id,n_candidates,n_exact_relevant,ndcg_at_10,reciprocal_rank,average_precision,recall_at_1,recall_at_5,recall_at_10,median_query_label_frequency,median_query_hierarchy_depth
iconclass-ai:130e17_019r.jpg,1713,2,0.07340170436018754,0.0012376237623762376,0.0015490444393276538,0.0,0.0,0.0,1.0,3.0
iconclass-ai:130e17_031v.jpg,1713,0,0.30185498446983644,,,,,,1.0,5.0
iconclass-ai:130e18_066v.jpg,1713,4,0.4813603673533251,1.0,0.3223372212253268,0.25,0.25,0.5,3.5,3.5
iconclass-ai:131f19_008r.jpg,1713,18,0.06902936796780079,0.014925373134328358,0.015907202115861066,0.0,0.0,0.0,7.0,5.0
iconclass-ai:131f19_015r.jpg,1713,54,0.03680508100529512,0.004694835680751174,0.021957511720599707,0.0,0.0,0.0,55.0,4.0
iconclass-ai:131f19_032r.jpg,1713,28,0.0373638220390562,0.0028169014084507044,0.013481068784170196,0.0,0.0,0.0,15.0,7.5
iconclass-ai:133a1_010r_min.jpg,1713,34,0.5813112840504047,1.0,0.19871136215562846,0.029411764705882353,0.08823529411764706,0.11764705882352941,8.0,7.0
iconclass-ai:133a1_010v_min.jpg,1713,37,0.5390004456847782,1.0,0.14754161177672243,0.02702702702702703,0.05405405405405406,0.10810810810810811,3.0,5.0
iconclass-ai:133a1_011r_min.jpg,1713,30,0.6905134504826198,1.0,0.20927403154158136,0.03333333333333333,0.13333333333333333,0.16666666666666666,2.0,5.0
iconclass-ai:133a1_136r_min.jpg,1713,52,0.6913583689857133,1.0,0.2534596633922366,0.019230769230769232,0.09615384615384616,0.09615384615384616,3.0,5.5
iconclass-ai:133a1_139v_min.jpg,1713,64,0.35345591851134917,0.5,0.10818271113354161,0.0,0.03125,0.046875,9.5,5.0
iconclass-ai:133a1_149r_min.jpg,1713,52,0.606154763236979,1.0,0.2181690730055737,0.019230769230769232,0.057692307692307696,0.09615384615384616,9.5,5.0
iconclass-ai:133e22_067v_min.jpg,1713,18,0.2578629535883037,0.5,0.14376264415066234,0.0,0.05555555555555555,0.1111111111111111,10.0,3.0
iconclass-ai:133e22_085v_min.jpg,1713,5,0.36332247023464354,1.0,0.24158594149581888,0.2,0.2,0.2,3.5,3.0
iconclass-ai:133h31_014v.jpg,1713,16,0.08115603075417983,0.06666666666666667,0.10004240963303196,0.0,0.0,0.0,10.0,5.0
iconclass-ai:133h31_078v.jpg,1713,0,0.373379507844276,,,,,,1.0,6.0
iconclass-ai:133h31_120v.jpg,1713,4,0.49492286085385845,1.0,0.3116905248807089,0.25,0.25,0.5,3.5,3.5
iconclass-ai:133h31_141v.jpg,1713,0,0.5091059327856606,,,,,,1.0,4.5
iconclass-ai:133m131_013v_min.jpg,1713,3,0.47025983448917086,0.3333333333333333,0.2813364966389877,0.0,0.6666666666666666,0.6666666666666666,3.0,5.5
iconclass-ai:133m131_078r_init.jpg,1713,32,0.5770089613052258,1.0,0.371921759730464,0.03125,0.125,0.125,4.0,6.0
iconclass-ai:133m131_136v_init.jpg,1713,36,0.7689540150377927,1.0,0.5473498292394385,0.027777777777777776,0.1111111111111111,0.19444444444444445,5.0,5.0
iconclass-ai:134c47_016v.jpg,1713,17,0.23518826245916194,0.125,0.09902877506945376,0.0,0.0,0.058823529411764705,7.0,4.0
iconclass-ai:134c47_027r.jpg,1713,0,0.027330058838483152,,,,,,1.0,6.0
iconclass-ai:134c47_045v.jpg,1713,3,0.3653789106605414,0.25,0.15136054421768708,0.0,0.3333333333333333,0.3333333333333333,4.0,4.0
iconclass-ai:134c47_064v.jpg,1713,3,0.6117858011823321,1.0,0.5725047080979284,0.3333333333333333,0.6666666666666666,0.6666666666666666,4.0,5.0
iconclass-ai:134c47_082r.jpg,1713,18,0.18479279241322696,0.14285714285714285,0.02377241258509473,0.0,0.0,0.05555555555555555,2.0,5.0
iconclass-ai:134c47_091v.jpg,1713,31,0.5190667982595673,0.5,0.11506689144444178,0.0,0.03225806451612903,0.12903225806451613,6.0,5.0
iconclass-ai:135e40_030r_init.jpg,1713,32,0.8873538753919235,1.0,0.643505391754207,0.03125,0.15625,0.25,5.0,5.0
iconclass-ai:135e40_053r_init.jpg,1713,33,0.3383781728873984,0.5,0.2900638767345351,0.0,0.06060606060606061,0.06060606060606061,3.5,5.0
iconclass-ai:135e40_056v_init.jpg,1713,33,0.7666260456892675,1.0,0.4213457806231764,0.030303030303030304,0.15151515151515152,0.18181818181818182,5.0,5.0
iconclass-ai:135e40_077r_init.jpg,1713,35,0.24951700148000147,0.3333333333333333,0.30339804440846024,0.0,0.02857142857142857,0.05714285714285714,3.0,5.5
iconclass-ai:135e40_086r_init.jpg,1713,34,0.8810040466365522,1.0,0.5806884607487258,0.029411764705882353,0.14705882352941177,0.23529411764705882,3.0,5.0
iconclass-ai:135e40_132r_init.jpg,1713,33,0.5194336398695631,1.0,0.3979049028301866,0.030303030303030304,0.06060606060606061,0.12121212121212122,5.0,6.0
iconclass-ai:135g22_169r.jpg,1713,32,0.599052790500324,1.0,0.2958936305517444,0.03125,0.125,0.125,1.0,5.0
iconclass-ai:135g9_001v.jpg,1713,27,0.14832659538243984,0.0051813471502590676,0.010902696445910832,0.0,0.0,0.0,1.0,5.0
iconclass-ai:70-quod-1s_fac055.jpg,1713,15,0.14285714285714285,0.007751937984496124,0.014535611042729683,0.0,0.0,0.0,8.5,4.0
iconclass-ai:71a16_009r_min.jpg,1713,0,,,,,,,1.0,
iconclass-ai:71a16_209r_min.jpg,1713,0,0.028652819340499184,,,,,,1.0,4.0
iconclass-ai:74g37_017v_min.jpg,1713,17,0.16315327168644228,0.2,0.031141994688760895,0.0,0.058823529411764705,0.058823529411764705,1.0,5.0
iconclass-ai:76f20_033r.jpg,1713,38,0.6658733785794256,1.0,0.19454347067257374,0.02631578947368421,0.10526315789473684,0.13157894736842105,2.0,5.0
iconclass-ai:76f20_038v.jpg,1713,2,0.22811607928675035,0.058823529411764705,0.03289608526337364,0.0,0.0,0.0,2.0,4.5
iconclass-ai:76f20_071r.jpg,1713,35,0.48658132083439753,1.0,0.20922693313592772,0.02857142857142857,0.08571428571428572,0.08571428571428572,4.0,5.0
iconclass-ai:76f20_105r.jpg,1713,34,0.47704869520904813,1.0,0.2389597084037317,0.029411764705882353,0.058823529411764705,0.08823529411764706,4.0,5.0
iconclass-ai:76f20_124r.jpg,1713,17,0.0749667494498043,0.0022522522522522522,0.0071012521602517335,0.0,0.0,0.0,5.5,5.0
iconclass-ai:76f20_166v.jpg,1713,1,0.16817430916293363,0.000999000999000999,0.000999000999000999,0.0,0.0,0.0,2.0,5.0
iconclass-ai:76f20_168r.jpg,1713,0,0.23868934017506147,,,,,,1.0,4.0
iconclass-ai:76f20_172v.jpg,1713,14,0.17746647385987516,0.08333333333333333,0.12285509274076621,0.0,0.0,0.0,2.5,6.0
iconclass-ai:76f20_174v.jpg,1713,8,0.0642445506901692,0.003816793893129771,0.005221221225242422,0.0,0.0,0.0,1.0,4.5
iconclass-ai:76f20_176v.jpg,1713,0,0.5914404605548522,,,,,,1.0,5.0
iconclass-ai:76f20_178v.jpg,1713,51,0.38457686605718844,0.2,0.07490413264949991,0.0,0.0196078431372549,0.0392156862745098,13.0,5.0
iconclass-ai:76f7_025v_min.jpg,1713,0,0.3191095104483256,,,,,,1.0,5.0
iconclass-ai:76f7_027v_min.jpg,1713,42,0.1658389043174221,0.047619047619047616,0.04232991012716096,0.0,0.0,0.0,3.5,4.5
iconclass-ai:76f7_033v_min.jpg,1713,5,0.2565648226746219,0.3333333333333333,0.10062596471556713,0.0,0.2,0.2,2.0,5.5
iconclass-ai:76f7_054v_init.jpg,1713,36,0.8148371826727199,1.0,0.5811565964369448,0.027777777777777776,0.1111111111111111,0.19444444444444445,3.5,4.5
iconclass-ai:76f7_055r_init.jpg,1713,37,0.7460573260980901,1.0,0.5083226547669963,0.02702702702702703,0.10810810810810811,0.16216216216216217,2.5,5.5
iconclass-ai:76f7_059v_min.jpg,1713,2,0.3601346241393948,0.25,0.1527777777777778,0.0,0.5,0.5,3.0,5.0
iconclass-ai:76f7_069r_min.jpg,1713,3,0.22436958977888036,0.1,0.08757183908045978,0.0,0.0,0.3333333333333333,4.0,4.0
iconclass-ai:76f7_076v_min.jpg,1713,0,0.5123184234971054,,,,,,1.0,5.0
iconclass-ai:76f7_086v_init.jpg,1713,72,0.6621666769444595,0.5,0.3358425177382707,0.0,0.041666666666666664,0.09722222222222222,7.0,5.0
iconclass-ai:76f7_102r_init_onder.jpg,1713,32,0.8138871987643341,1.0,0.6101242801492854,0.03125,0.125,0.25,1.5,5.5
iconclass-ai:76f7_103r_init_boven.jpg,1713,32,0.6087127776089064,1.0,0.5757976009616936,0.03125,0.09375,0.15625,2.5,5.5
iconclass-ai:76f7_104r_init.jpg,1713,34,0.6518660733217144,1.0,0.47172618070324646,0.029411764705882353,0.058823529411764705,0.17647058823529413,3.0,6.0
iconclass-ai:76f7_158v_min.jpg,1713,9,0.4430157430289132,0.3333333333333333,0.05893421478840319,0.0,0.1111111111111111,0.1111111111111111,3.5,4.0
iconclass-ai:76g14_005r.jpg,1713,0,0.22599917774351463,,,,,,1.0,5.0
iconclass-ai:76g14_007r.jpg,1713,1,0.248253516463878,0.0006097560975609756,0.0006097560975609756,0.0,0.0,0.0,1.0,5.0
iconclass-ai:76g14_007v.jpg,1713,3,0.2319244638665887,0.0028653295128939827,0.003979954735707207,0.0,0.0,0.0,4.0,4.0
iconclass-ai:76g14_008v.jpg,1713,3,0.23146379880681842,0.0034965034965034965,0.003870151227874805,0.0,0.0,0.0,4.0,4.0
iconclass-ai:76g14_009v.jpg,1713,4,0.15326603431814864,0.001984126984126984,0.0033560996248485344,0.0,0.0,0.0,5.0,4.0
iconclass-ai:76g14_012r.jpg,1713,1,0.2921621867887572,0.0027472527472527475,0.0027472527472527475,0.0,0.0,0.0,2.0,4.0
iconclass-ai:76g14_013r.jpg,1713,2,0.2296389599013292,0.2,0.10900900900900902,0.0,0.5,0.5,3.0,4.0
iconclass-ai:76g14_014r.jpg,1713,16,0.3053405870432139,1.0,0.10843966448908784,0.0625,0.0625,0.0625,3.5,5.0
iconclass-ai:76g14_015v.jpg,1713,20,0.3005455512185985,1.0,0.1227543835128834,0.05,0.05,0.05,6.0,5.0
iconclass-ai:76g14_035r.jpg,1713,4,0.295117034507174,0.125,0.0477676946110009,0.0,0.0,0.25,3.0,4.5
iconclass-ai:76g14_061r.jpg,1713,0,0.46144568513464806,,,,,,1.0,5.0
iconclass-ai:76g14_080r.jpg,1713,0,0.40947175659062296,,,,,,1.0,7.0
iconclass-ai:76g14_088r.jpg,1713,1,0.255552253956013,0.017241379310344827,0.017241379310344827,0.0,0.0,0.0,2.0,5.0
iconclass-ai:76g14_094r.jpg,1713,3,0.08474941251732183,0.09090909090909091,0.09039074960127591,0.0,0.0,0.0,4.0,5.0
iconclass-ai:76g18_018v.jpg,1713,37,0.31698839724214223,1.0,0.2321165427085013,0.02702702702702703,0.02702702702702703,0.05405405405405406,3.0,5.0
iconclass-ai:76g18_019v.jpg,1713,38,0.2780125628352355,0.25,0.22115149389198047,0.0,0.05263157894736842,0.07894736842105263,7.0,5.0
iconclass-ai:76g18_043r.jpg,1713,2,0.11795457218692319,0.02631578947368421,0.015182186234817813,0.0,0.0,0.0,1.0,5.0
iconclass-ai:76g2_003v_init.jpg,1713,32,0.6406855708498171,1.0,0.23035150083980585,0.03125,0.125,0.15625,3.0,5.0
iconclass-ai:76g2_188v_init.jpg,1713,50,0.6779118030739385,1.0,0.42528374131808677,0.02,0.06,0.12,4.0,6.0
iconclass-ai:76g2_310v_init.jpg,1713,33,0.824622226035397,1.0,0.4704816414970499,0.030303030303030304,0.12121212121212122,0.24242424242424243,2.0,5.0
iconclass-ai:76g2_370v_init.jpg,1713,55,0.7961351550555515,1.0,0.21899216946251623,0.01818181818181818,0.09090909090909091,0.10909090909090909,5.0,5.0
iconclass-ai:76g2_381v_init.jpg,1713,32,0.7996793178928528,1.0,0.3322520801407444,0.03125,0.15625,0.21875,3.0,5.5
iconclass-ai:76g2_383v_init.jpg,1713,55,0.7417899171069469,1.0,0.18755793882405958,0.01818181818181818,0.07272727272727272,0.09090909090909091,5.0,5.0
iconclass-ai:76g2_384v_init.jpg,1713,55,0.7572334712304224,1.0,0.24619573238210352,0.01818181818181818,0.09090909090909091,0.10909090909090909,5.0,5.0
iconclass-ai:76g2_392v_init.jpg,1713,36,0.8129305476132687,1.0,0.3030695282048778,0.027777777777777776,0.1111111111111111,0.19444444444444445,3.0,5.0
iconclass-ai:77l60_018v_min.jpg,1713,41,0.3108204282409977,0.05555555555555555,0.060449196761355926,0.0,0.0,0.0,7.0,4.5
iconclass-ai:77l60_036v_min.jpg,1713,1,0.25766230467512785,0.07142857142857142,0.07142857142857142,0.0,0.0,0.0,1.5,4.5
iconclass-ai:CESR_0009_114_img_01.jpg,1713,103,0.6242104879556943,1.0,0.13354107561676484,0.009708737864077669,0.009708737864077669,0.019417475728155338,3.0,4.0
iconclass-ai:CESR_0009_172_img_01.jpg,1713,145,0.931885505886703,0.5,0.21653055994345494,0.0,0.020689655172413793,0.04827586206896552,3.5,4.0
iconclass-ai:CESR_0009_237_img_01.jpg,1713,131,1.0,1.0,0.1757704350843621,0.007633587786259542,0.022900763358778626,0.030534351145038167,2.0,3.0
iconclass-ai:CESR_0009_410_img_01.jpg,1713,51,0.826191429718216,0.3333333333333333,0.08287051598993933,0.0,0.0392156862745098,0.0392156862745098,2.5,4.0
iconclass-ai:CESR_0009_444_img_01.jpg,1713,82,0.9469966212364886,0.3333333333333333,0.15462435098142147,0.0,0.024390243902439025,0.04878048780487805,1.5,4.0
iconclass-ai:alchab_26-8-med-2s_fac026.jpg,1713,5,0.1528319165095629,0.014285714285714285,0.005263109703753415,0.0,0.0,0.0,3.0,8.0
iconclass-ai:alchab_29-2-med-2f_fac009.jpg,1713,15,0.14937183382176294,0.00684931506849315,0.009959517326845824,0.0,0.0,0.0,1.0,4.0
iconclass-ai:alchab_li-51_fac026.jpg,1713,45,0.038553841362991524,0.015384615384615385,0.026067024563592157,0.0,0.0,0.0,4.0,3.0
iconclass-ai:alchab_mf-2f-6-2b_fac0057.jpg,1713,5,0.4252965144121378,1.0,0.2081470754836922,0.2,0.2,0.2,1.0,9.0
iconclass-ai:alchab_mf-2f-6-2b_fac0061.jpg,1713,8,0.5155886624471246,1.0,0.22583875712242943,0.125,0.25,0.25,2.0,6.0
iconclass-ai:alchab_na-2f-3-2_fac026.jpg,1713,15,0.6964480850694728,1.0,0.2760692656088916,0.06666666666666667,0.2,0.26666666666666666,8.5,4.0
iconclass-ai:alchab_na-2f-3-2_fac039.jpg,1713,20,0.5979548801727133,1.0,0.22308747163723672,0.05,0.1,0.2,8.0,4.0
iconclass-ai:alchab_na-2f-3-2_fac047.jpg,1713,0,0.09219769661642752,,,,,,1.0,4.0
iconclass-ai:alchab_na-2f-3-2_fac048.jpg,1713,0,,,,,,,1.0,
iconclass-ai:alchab_na-2f-3-2_fac058.jpg,1713,0,,,,,,,1.0,
iconclass-ai:alchab_na-2f-3-2_fac061.jpg,1713,0,0.265066348134237,,,,,,1.0,4.0
iconclass-ai:alchab_na-2f-3-2_fac062.jpg,1713,0,,,,,,,1.0,
iconclass-ai:alchab_na-2f-3-2_fac105.jpg,1713,16,0.4911156073584555,1.0,0.18587032043732613,0.0625,0.125,0.1875,9.5,4.5
iconclass-ai:alchab_na-2f-3-2_fac107.jpg,1713,16,0.36292198000846704,1.0,0.117166365439366,0.0625,0.0625,0.0625,9.5,4.5
iconclass-ai:alchab_na-2f-3-2_fac152.jpg,1713,1,0.694442969764521,1.0,1.0,1.0,1.0,1.0,1.5,3.0
iconclass-ai:alchab_na-2f-3-2_fac213.jpg,1713,31,0.5503539295390709,0.5,0.1323719118951541,0.0,0.0967741935483871,0.16129032258064516,9.0,4.5
iconclass-ai:alchab_na-2f-3-2_fac370.jpg,1713,1,0.7991222302215276,1.0,1.0,1.0,1.0,1.0,1.5,4.5
iconclass-ai:alchab_na-2f-3-2_fac411.jpg,1713,24,0.24612401687903873,0.5,0.14828067612200158,0.0,0.041666666666666664,0.08333333333333333,7.5,4.0
iconclass-ai:alchab_na-2f-3-2_fac456.jpg,1713,22,0.646828455470829,1.0,0.3255973443466726,0.045454545454545456,0.18181818181818182,0.22727272727272727,6.5,3.5
iconclass-ai:alchab_na-2f-3-2_fac462.jpg,1713,9,0.5505980702342794,1.0,0.2926534862147069,0.1111111111111111,0.2222222222222222,0.4444444444444444,2.0,6.0
iconclass-ai:alchab_na-2f-3-2_fac471.jpg,1713,18,0.5312431244928737,1.0,0.19647747224852355,0.05555555555555555,0.16666666666666666,0.2222222222222222,12.0,3.5
iconclass-ai:alchab_na-2f-3-2_fac487.jpg,1713,18,0.5721276593202577,0.5,0.27781853413505214,0.0,0.16666666666666666,0.2777777777777778,5.0,3.5
iconclass-ai:alchab_nd-283-2s_fac051.jpg,1713,15,0.2115961603732785,0.5,0.05774955525527529,0.0,0.06666666666666667,0.06666666666666667,9.0,4.5
iconclass-ai:alchab_nd-283-2s_fac175.jpg,1713,15,0.5275735138327016,1.0,0.28223316277235105,0.06666666666666667,0.13333333333333333,0.26666666666666666,9.0,4.5
iconclass-ai:alchab_oc-77-2_fac0753.jpg,1713,1,0.3379161659412889,0.04,0.04,0.0,0.0,0.0,2.0,9.0
iconclass-ai:alchab_oc-77-2_fac0981.jpg,1713,22,0.26623113246299535,0.07142857142857142,0.03755326751909999,0.0,0.0,0.0,12.5,4.0
iconclass-ai:alchab_oc-77-2_fac1233.jpg,1713,16,0.5192721606234358,1.0,0.1653571953546592,0.0625,0.1875,0.1875,7.0,3.0
iconclass-ai:alchab_oc-77-2_fac1252.jpg,1713,16,0.44968636897524467,1.0,0.1573062726613621,0.0625,0.125,0.125,7.0,3.0
iconclass-ai:alchab_oc-77-2_fac1265.jpg,1713,5,0.6182439657406493,1.0,0.3379175598800925,0.2,0.4,0.4,6.0,5.0
iconclass-ai:alchab_od-215_fac011.jpg,1713,32,0.22148558909901106,0.02127659574468085,0.026893340545608563,0.0,0.0,0.0,1.0,4.0
iconclass-ai:alchab_wa-2f-98_fac010.jpg,1713,3,0.101444359711489,0.002688172043010753,0.00227411861233676,0.0,0.0,0.0,2.0,6.0
iconclass-ai:alchab_xb-3628_fac003.jpg,1713,15,0.3457715568148568,1.0,0.10333759319732064,0.06666666666666667,0.06666666666666667,0.06666666666666667,1.0,4.0
iconclass-ai:alchab_xb-3832_fac113.jpg,1713,5,0.2617581756984477,0.16666666666666666,0.09330555506900089,0.0,0.0,0.4,6.0,5.0
iconclass-ai:bsb00024923_12.jpg,1713,34,0.8664801485821383,1.0,0.5716185136373658,0.029411764705882353,0.11764705882352941,0.23529411764705882,5.0,4.0
iconclass-ai:bsb00024923_33.jpg,1713,40,0.884703009216967,1.0,0.41544998104071873,0.025,0.125,0.2,5.0,4.0
iconclass-ai:bsb00024923_34.jpg,1713,35,0.8732599191312507,1.0,0.4631284426625404,0.02857142857142857,0.14285714285714285,0.22857142857142856,4.0,4.0
iconclass-ai:bsb00024923_7.jpg,1713,81,0.7319586600268514,1.0,0.3329083757028799,0.012345679012345678,0.04938271604938271,0.07407407407407407,44.0,3.0
iconclass-ai:bsb00024923_8.jpg,1713,81,0.7084409501232899,1.0,0.31588398693892483,0.012345679012345678,0.04938271604938271,0.07407407407407407,44.0,3.0
iconclass-ai:bsb00025107_10.jpg,1713,0,0.3707362267820387,,,,,,1.0,4.0
iconclass-ai:bsb00025107_32.jpg,1713,0,0.47633295273162096,,,,,,1.0,5.0
iconclass-ai:bsb00025307_21.jpg,1713,4,0.060386997670007526,0.0022988505747126436,0.004567253017012308,0.0,0.0,0.0,2.0,7.0
iconclass-ai:bsb00025307_7.jpg,1713,9,0.043619167643087584,0.058823529411764705,0.013126508648786792,0.0,0.0,0.0,2.0,3.0
iconclass-ai:bsb00025457_12.jpg,1713,0,0.5953320321750961,,,,,,1.0,3.0
iconclass-ai:bsb00025460_153.jpg,1713,2,0.30480193912904274,0.047619047619047616,0.05952380952380952,0.0,0.0,0.0,3.0,5.0
iconclass-ai:bsb00025460_234.jpg,1713,2,0.3067655427720216,0.029411764705882353,0.02119938884644767,0.0,0.0,0.0,3.0,3.0
iconclass-ai:bsb00025460_42.jpg,1713,3,0.1970687715830549,0.043478260869565216,0.04846711259754738,0.0,0.0,0.0,4.0,4.0
iconclass-ai:bsb00025460_7.jpg,1713,3,0.1403531455010204,0.0010741138560687433,0.0015441341350186427,0.0,0.0,0.0,2.5,4.5
iconclass-ai:bsb00025460_94.jpg,1713,2,0.188872003228184,0.0037313432835820895,0.004304696032034947,0.0,0.0,0.0,3.0,5.0
iconclass-ai:bsb00025600_129.jpg,1713,34,0.6750090140213335,1.0,0.3216601413165235,0.029411764705882353,0.11764705882352941,0.14705882352941177,4.0,4.0
iconclass-ai:bsb00025600_135.jpg,1713,34,0.9411073569294319,1.0,0.44495647635481794,0.029411764705882353,0.14705882352941177,0.2647058823529412,4.0,3.5
iconclass-ai:bsb00025600_154.jpg,1713,84,0.8394207338464337,1.0,0.5205811659783469,0.011904761904761904,0.047619047619047616,0.09523809523809523,34.0,4.0
iconclass-ai:bsb00025600_238.jpg,1713,81,1.0,1.0,0.45336971676750343,0.012345679012345678,0.06172839506172839,0.12345679012345678,44.0,3.0
iconclass-ai:bsb00025600_502.jpg,1713,47,0.7304337725686266,1.0,0.29474242448880505,0.02127659574468085,0.10638297872340426,0.1276595744680851,9.0,2.0
iconclass-ai:bsb00025600_548.jpg,1713,34,1.0,1.0,0.7025015138556254,0.029411764705882353,0.14705882352941177,0.29411764705882354,19.5,3.0
iconclass-ai:bsb00025600_549.jpg,1713,33,0.9427412906209434,1.0,0.6755845374060754,0.030303030303030304,0.15151515151515152,0.2727272727272727,19.0,3.0
iconclass-ai:bsb00025600_56.jpg,1713,36,0.6309554635375296,1.0,0.316094498580546,0.027777777777777776,0.1111111111111111,0.1388888888888889,5.0,4.0
iconclass-ai:bsb00025600_560.jpg,1713,33,1.0,1.0,0.5585131758708165,0.030303030303030304,0.15151515151515152,0.30303030303030304,18.5,3.0
iconclass-ai:bsb00025600_561.jpg,1713,46,1.0,1.0,0.45314157271277866,0.021739130434782608,0.10869565217391304,0.21739130434782608,9.0,3.5
iconclass-ai:bsb00025600_564.jpg,1713,34,0.8127628118350735,1.0,0.4884543150850143,0.029411764705882353,0.14705882352941177,0.20588235294117646,4.5,2.0
iconclass-ai:bsb00025600_576.jpg,1713,34,0.8740353056058886,1.0,0.4194514396051148,0.029411764705882353,0.14705882352941177,0.23529411764705882,19.5,3.0
iconclass-ai:bsb00025600_578.jpg,1713,35,0.6640041663567626,1.0,0.23990844081544732,0.02857142857142857,0.11428571428571428,0.14285714285714285,20.0,3.0
iconclass-ai:bsb00025600_579.jpg,1713,46,1.0,1.0,0.4330170637870117,0.021739130434782608,0.10869565217391304,0.21739130434782608,6.0,4.0
iconclass-ai:bsb00025600_585.jpg,1713,34,1.0,1.0,0.6718349202945225,0.029411764705882353,0.14705882352941177,0.29411764705882354,19.5,3.0
iconclass-ai:bsb00025600_588.jpg,1713,33,0.9491033694408385,1.0,0.4927781122167499,0.030303030303030304,0.15151515151515152,0.2727272727272727,19.5,3.0
iconclass-ai:bsb00025600_600.jpg,1713,33,1.0,1.0,0.6053043764491878,0.030303030303030304,0.15151515151515152,0.30303030303030304,19.0,3.0
iconclass-ai:bsb00025600_601.jpg,1713,33,1.0,1.0,0.6170160792830945,0.030303030303030304,0.15151515151515152,0.30303030303030304,19.5,3.0
iconclass-ai:bsb00025600_602.jpg,1713,35,0.9363792118010481,1.0,0.5779156712300814,0.02857142857142857,0.14285714285714285,0.2571428571428571,19.0,3.0
iconclass-ai:bsb00025600_604.jpg,1713,35,1.0,1.0,0.7082172541431121,0.02857142857142857,0.14285714285714285,0.2857142857142857,19.0,3.0
iconclass-ai:bsb00025600_61.jpg,1713,81,0.8630152897016882,1.0,0.37943797833152343,0.012345679012345678,0.06172839506172839,0.09876543209876543,44.0,3.0
iconclass-ai:bsb00025600_638.jpg,1713,81,0.8619729299123745,1.0,0.4091893764832547,0.012345679012345678,0.06172839506172839,0.09876543209876543,44.0,3.0
iconclass-ai:bsb00025600_68.jpg,1713,36,0.933745776545611,1.0,0.5849138707585095,0.027777777777777776,0.1388888888888889,0.25,4.5,4.0
iconclass-ai:bsb00025600_69.jpg,1713,34,1.0,1.0,0.6580602858149533,0.029411764705882353,0.14705882352941177,0.29411764705882354,5.0,4.0
iconclass-ai:bsb00025600_700.jpg,1713,34,1.0,1.0,0.6516880899788254,0.029411764705882353,0.14705882352941177,0.29411764705882354,4.0,4.0
iconclass-ai:bsb00025600_719.jpg,1713,34,1.0,1.0,0.7869761596520781,0.029411764705882353,0.14705882352941177,0.29411764705882354,4.0,4.0
iconclass-ai:bsb00025600_723.jpg,1713,50,1.0,1.0,0.41468807955046344,0.02,0.1,0.2,9.0,5.0
iconclass-ai:bsb00025600_725.jpg,1713,75,1.0,1.0,0.3957881760262961,0.013333333333333334,0.06666666666666667,0.13333333333333333,12.5,4.5
iconclass-ai:bsb00025600_83.jpg,1713,35,1.0,1.0,0.5340810980816029,0.02857142857142857,0.14285714285714285,0.2857142857142857,20.0,3.0
iconclass-ai:bsb00025969_257.jpg,1713,0,0.036944537921544056,,,,,,1.0,6.0
iconclass-ai:bsb00025969_261.jpg,1713,1,0.6309547858476847,1.0,1.0,1.0,1.0,1.0,2.0,6.0
iconclass-ai:bsb00025969_58.jpg,1713,2,0.09995791973502287,0.0013966480446927375,0.0018734121539562393,0.0,0.0,0.0,3.0,1.0
iconclass-ai:bsb00025969_687.jpg,1713,1,0.24031020061244326,0.2,0.2,0.0,1.0,1.0,2.0,5.0
iconclass-ai:bsb00026029_139.jpg,1713,1,0.0,0.0008058017727639,0.0008058017727639,0.0,0.0,0.0,2.0,4.0
iconclass-ai:bsb00026029_447.jpg,1713,1,0.16680771544243475,0.01818181818181818,0.01818181818181818,0.0,0.0,0.0,2.0,5.0
iconclass-ai:bsb00026029_549.jpg,1713,0,0.4833887484300107,,,,,,1.0,5.0
iconclass-ai:bsb00026029_562.jpg,1713,0,0.4461952601191883,,,,,,1.0,6.0
iconclass-ai:bsb00026029_568.jpg,1713,0,0.15629279920045663,,,,,,1.0,5.0
iconclass-ai:bsb00026029_860.jpg,1713,1,0.19464396053707347,0.0018726591760299626,0.0018726591760299626,0.0,0.0,0.0,1.0,3.0
iconclass-ai:bsb00026117_13.jpg,1713,0,0.0,,,,,,1.0,4.0
iconclass-ai:bsb00026461_190.jpg,1713,0,0.02261771082014564,,,,,,1.0,4.0
iconclass-ai:bsb00026461_197.jpg,1713,1,0.6642640758661342,1.0,1.0,1.0,1.0,1.0,2.0,4.0
iconclass-ai:bsb00026461_203.jpg,1713,1,0.7389492285802958,1.0,1.0,1.0,1.0,1.0,2.0,4.0
iconclass-ai:bsb00026461_37.jpg,1713,28,0.40423503374837016,1.0,0.06763344279082442,0.03571428571428571,0.03571428571428571,0.07142857142857142,15.0,3.0
iconclass-ai:bsb00026461_43.jpg,1713,28,0.404004281056396,1.0,0.06565509234036475,0.03571428571428571,0.03571428571428571,0.03571428571428571,15.0,3.0
iconclass-ai:bsb00026697_116.jpg,1713,3,0.16476339945352125,0.001567398119122257,0.002856730287988615,0.0,0.0,0.0,4.0,3.0
iconclass-ai:bsb00026697_484.jpg,1713,4,0.15161333263363022,0.009900990099009901,0.011111161537580436,0.0,0.0,0.0,3.0,4.0
iconclass-ai:bsb00026697_528.jpg,1713,0,0.4898968103913936,,,,,,1.0,6.0
iconclass-ai:bsb00026916_4.jpg,1713,2,0.4431153903472254,1.0,0.5188679245283019,0.5,0.5,0.5,2.0,3.5
iconclass-ai:bsb00027184_127.jpg,1713,9,0.7273298443105218,1.0,0.7247498029944839,0.1111111111111111,0.5555555555555556,0.6666666666666666,3.0,3.0
iconclass-ai:bsb00027184_133.jpg,1713,17,0.7257243776524448,1.0,0.34562549681339033,0.058823529411764705,0.29411764705882354,0.35294117647058826,7.0,5.0
iconclass-ai:bsb00027184_30.jpg,1713,29,0.7545623201459535,1.0,0.22577557168328896,0.034482758620689655,0.1724137931034483,0.20689655172413793,7.0,3.0
iconclass-ai:bsb00027184_52.jpg,1713,14,0.6071164554885645,1.0,0.3104009373713616,0.07142857142857142,0.21428571428571427,0.35714285714285715,7.0,4.0
iconclass-ai:bsb00027184_61.jpg,1713,6,0.6415257634213364,1.0,0.7759615384615385,0.16666666666666666,0.6666666666666666,0.8333333333333334,2.0,3.0
iconclass-ai:bsb00027184_74.jpg,1713,14,0.7183627972686238,1.0,0.41671995153073693,0.07142857142857142,0.35714285714285715,0.42857142857142855,7.0,4.0
iconclass-ai:bsb00027184_92.jpg,1713,15,0.7342729665041996,1.0,0.40726781905564985,0.06666666666666667,0.3333333333333333,0.4,7.0,5.0
iconclass-ai:bsb00027260_115.jpg,1713,0,0.7642678977605575,,,,,,1.0,2.0
iconclass-ai:bsb00027260_122.jpg,1713,0,0.9216017310213247,,,,,,1.0,4.5
iconclass-ai:bsb00027260_128.jpg,1713,1,0.45977395702103924,0.047619047619047616,0.047619047619047616,0.0,0.0,0.0,1.5,5.0
iconclass-ai:bsb00027260_130.jpg,1713,2,0.5380387676703411,0.0027100271002710027,0.0036174569890495287,0.0,0.0,0.0,1.0,4.0
iconclass-ai:bsb00027260_136.jpg,1713,6,0.28651410595470106,0.043478260869565216,0.03950286412853916,0.0,0.0,0.0,3.0,4.0
iconclass-ai:bsb00027260_14.jpg,1713,0,0.7037640398348985,,,,,,1.0,6.5
iconclass-ai:bsb00027260_144.jpg,1713,0,0.6722696117956104,,,,,,1.0,4.5
iconclass-ai:bsb00027260_17.jpg,1713,0,0.968189605900524,,,,,,1.0,4.5
iconclass-ai:bsb00027260_20.jpg,1713,0,0.9652843890316114,,,,,,1.0,4.0
iconclass-ai:bsb00027260_209.jpg,1713,0,0.7141730709923043,,,,,,1.0,5.0
iconclass-ai:bsb00027260_215.jpg,1713,0,0.5914963321422498,,,,,,1.0,5.0
iconclass-ai:bsb00027260_237.jpg,1713,0,0.5240146503000862,,,,,,1.0,2.0
iconclass-ai:bsb00027260_287.jpg,1713,0,0.5285692780653204,,,,,,1.0,2.0
iconclass-ai:bsb00027260_291.jpg,1713,0,0.46375158258939353,,,,,,1.0,2.0
iconclass-ai:bsb00027260_303.jpg,1713,0,0.0,,,,,,1.0,4.0
iconclass-ai:bsb00027260_32.jpg,1713,0,0.9442373096470651,,,,,,1.0,5.0
iconclass-ai:bsb00027260_325.jpg,1713,0,0.7286953520390255,,,,,,1.0,7.0
iconclass-ai:bsb00027260_329.jpg,1713,0,0.5460876307664573,,,,,,1.0,2.0
iconclass-ai:bsb00027260_345.jpg,1713,0,0.5308802587903559,,,,,,1.0,2.0
iconclass-ai:bsb00027260_355.jpg,1713,0,0.7487848573492986,,,,,,1.0,5.0
iconclass-ai:bsb00027260_375.jpg,1713,0,0.7109337865326893,,,,,,1.0,2.0
iconclass-ai:bsb00027260_379.jpg,1713,1,0.5371637854249576,0.008403361344537815,0.008403361344537815,0.0,0.0,0.0,1.5,5.0
iconclass-ai:bsb00027260_380.jpg,1713,0,0.9129790578799793,,,,,,1.0,5.0
iconclass-ai:bsb00027260_388.jpg,1713,0,0.9289904714111865,,,,,,1.0,5.0
iconclass-ai:bsb00027260_399.jpg,1713,0,0.6387002563675029,,,,,,1.0,5.0
iconclass-ai:bsb00027260_419.jpg,1713,0,0.9652843890316114,,,,,,1.0,4.0
iconclass-ai:bsb00027260_424.jpg,1713,2,0.5118512240210072,0.0021645021645021645,0.002994296971352421,0.0,0.0,0.0,1.0,4.0
iconclass-ai:bsb00027260_427.jpg,1713,2,0.5185140658359688,0.02857142857142857,0.02481203007518797,0.0,0.0,0.0,1.0,2.0
iconclass-ai:bsb00027260_428.jpg,1713,0,0.7704590361481868,,,,,,1.0,2.0
iconclass-ai:bsb00027260_430.jpg,1713,0,0.7430513929204289,,,,,,1.0,2.5
iconclass-ai:bsb00027260_46.jpg,1713,0,0.9100342589944141,,,,,,1.0,5.0
iconclass-ai:bsb00027260_460.jpg,1713,2,0.685558761214428,0.05555555555555555,0.035077047850770475,0.0,0.0,0.0,1.0,2.0
iconclass-ai:bsb00027260_48.jpg,1713,0,0.8749429724036486,,,,,,1.0,5.0
iconclass-ai:bsb00027260_490.jpg,1713,0,0.4009758567075242,,,,,,1.0,2.0
iconclass-ai:bsb00027260_510.jpg,1713,1,0.6766857575184425,0.007518796992481203,0.007518796992481203,0.0,0.0,0.0,1.0,5.0
iconclass-ai:bsb00027260_517.jpg,1713,0,0.8923085103615064,,,,,,1.0,5.0
iconclass-ai:bsb00027260_554.jpg,1713,0,0.9668728882728054,,,,,,1.0,4.0
iconclass-ai:bsb00027260_559.jpg,1713,4,0.6835521776106901,0.125,0.051153015287932806,0.0,0.0,0.25,3.0,3.5
iconclass-ai:bsb00027260_572.jpg,1713,4,0.4285861254211011,0.005681818181818182,0.006989367722154445,0.0,0.0,0.0,3.0,4.0
iconclass-ai:bsb00027260_614.jpg,1713,0,0.6172814808406757,,,,,,1.0,2.0
iconclass-ai:bsb00027260_63.jpg,1713,0,0.8251607643137369,,,,,,1.0,5.0
iconclass-ai:bsb00027260_655.jpg,1713,0,0.6032887132026765,,,,,,1.0,2.0
iconclass-ai:bsb00027260_668.jpg,1713,0,0.8631971777936812,,,,,,1.0,4.5
iconclass-ai:bsb00027260_686.jpg,1713,1,0.4622177100922969,0.0008285004142502071,0.0008285004142502071,0.0,0.0,0.0,1.5,3.0
iconclass-ai:bsb00027260_691.jpg,1713,0,0.5954385656275898,,,,,,1.0,3.5
iconclass-ai:bsb00027260_705.jpg,1713,0,0.8812084822796852,,,,,,1.0,5.0
iconclass-ai:bsb00027260_707.jpg,1713,0,0.34401210808290783,,,,,,1.0,5.5
iconclass-ai:bsb00027260_709.jpg,1713,1,0.4770508699975486,0.0008688097306689834,0.0008688097306689834,0.0,0.0,0.0,1.5,3.5
iconclass-ai:bsb00027260_718.jpg,1713,0,0.6248309173367461,,,,,,1.0,2.0
iconclass-ai:bsb00027260_727.jpg,1713,2,0.437513353936265,0.011235955056179775,0.00789588185610811,0.0,0.0,0.0,2.0,5.0
iconclass-ai:bsb00027260_736.jpg,1713,1,0.0,0.008264462809917356,0.008264462809917356,0.0,0.0,0.0,2.0,4.0
iconclass-ai:bsb00027260_74.jpg,1713,0,0.7244919566366589,,,,,,1.0,4.0
iconclass-ai:bsb00027260_744.jpg,1713,1,0.4140327176152717,0.005235602094240838,0.005235602094240838,0.0,0.0,0.0,1.0,4.0
iconclass-ai:bsb00027260_763.jpg,1713,2,0.25843521515614165,0.003861003861003861,0.002793314700130921,0.0,0.0,0.0,2.0,5.5
iconclass-ai:bsb00027260_764.jpg,1713,0,0.5445428533259031,,,,,,1.0,2.0
iconclass-ai:bsb00027260_94.jpg,1713,0,0.579845090718658,,,,,,1.0,2.0
iconclass-ai:bsb00027260_98.jpg,1713,0,0.5669736424222721,,,,,,1.0,2.0
iconclass-ai:bsb00027261_153.jpg,1713,1,0.34545545059665117,0.0036101083032490976,0.0036101083032490976,0.0,0.0,0.0,2.0,4.0
iconclass-ai:bsb00027261_170.jpg,1713,0,0.7144807015303041,,,,,,1.0,4.0
iconclass-ai:bsb00027261_233.jpg,1713,0,0.33149825138550304,,,,,,1.0,4.5
iconclass-ai:bsb00027261_242.jpg,1713,0,0.7243987182095992,,,,,,1.0,4.0
iconclass-ai:bsb00027261_245.jpg,1713,0,0.38991026435199105,,,,,,1.0,2.0
iconclass-ai:bsb00027261_264.jpg,1713,0,0.7930431962755113,,,,,,1.0,4.0
iconclass-ai:bsb00027261_295.jpg,1713,5,0.2991735491054486,0.05,0.031355508211626026,0.0,0.0,0.0,3.5,4.5
iconclass-ai:bsb00027261_303.jpg,1713,1,0.363680103370405,0.08333333333333333,0.08333333333333333,0.0,0.0,0.0,1.5,4.0
iconclass-ai:bsb00027261_307.jpg,1713,1,0.43539850122868606,0.02631578947368421,0.02631578947368421,0.0,0.0,0.0,2.0,4.0
iconclass-ai:bsb00027261_378.jpg,1713,2,0.47141663527635874,0.008547008547008548,0.006306024598707527,0.0,0.0,0.0,2.0,5.5
iconclass-ai:bsb00027261_384.jpg,1713,0,0.5739461617534625,,,,,,1.0,5.0
iconclass-ai:bsb00027261_387.jpg,1713,2,0.44295846102707803,0.03125,0.016430152979066023,0.0,0.0,0.0,2.5,5.5
iconclass-ai:bsb00027261_400.jpg,1713,4,0.23921119114018535,0.25,0.12331932773109243,0.0,0.25,0.25,3.5,4.5
iconclass-ai:bsb00027261_416.jpg,1713,0,0.6159702750749753,,,,,,1.0,4.0
iconclass-ai:bsb00027261_421.jpg,1713,0,0.3070185565894924,,,,,,1.0,2.5
iconclass-ai:bsb00027261_427.jpg,1713,1,0.0,0.005076142131979695,0.005076142131979695,0.0,0.0,0.0,2.0,4.0
iconclass-ai:bsb00027261_445.jpg,1713,0,0.847263410555855,,,,,,1.0,4.0
iconclass-ai:bsb00027261_462.jpg,1713,11,0.30403577008786914,0.043478260869565216,0.03752944275691696,0.0,0.0,0.0,6.5,3.5
iconclass-ai:bsb00027261_95.jpg,1713,1,0.6461459647339004,0.024390243902439025,0.024390243902439025,0.0,0.0,0.0,2.0,4.0
iconclass-ai:bsb00027346_11.jpg,1713,0,0.23370815889605487,,,,,,1.0,4.0
iconclass-ai:bsb00027346_146.jpg,1713,0,0.5154893019701606,,,,,,1.0,4.0
iconclass-ai:bsb00027346_208.jpg,1713,0,0.43336853265290076,,,,,,1.0,3.0
iconclass-ai:bsb00027346_211.jpg,1713,0,0.16181587774793352,,,,,,1.0,5.5
iconclass-ai:bsb00027346_72.jpg,1713,0,0.36200498856557495,,,,,,1.0,5.5
iconclass-ai:bsb00027346_86.jpg,1713,0,0.5790939416614069,,,,,,1.0,4.0
iconclass-ai:bsb00027477_103.jpg,1713,0,0.36814403590286776,,,,,,1.0,5.0
iconclass-ai:bsb00027477_105.jpg,1713,4,0.5567769197752519,1.0,0.45592948717948717,0.25,0.5,0.5,3.0,5.0
iconclass-ai:bsb00027477_119.jpg,1713,4,0.4880631967492271,0.5,0.32066276803118904,0.0,0.5,0.5,3.0,5.0
iconclass-ai:bsb00027477_12.jpg,1713,4,0.45346281590432963,0.5,0.2580284552845528,0.0,0.25,0.5,3.0,5.0
iconclass-ai:bsb00027477_121.jpg,1713,0,0.6699733086590552,,,,,,1.0,4.0
iconclass-ai:bsb00027477_129.jpg,1713,2,0.14356940199992194,0.011904761904761904,0.008684621389539422,0.0,0.0,0.0,3.0,5.0
iconclass-ai:bsb00027477_132.jpg,1713,0,0.6300937555790515,,,,,,1.0,5.0
iconclass-ai:bsb00027477_136.jpg,1713,0,0.5879553962628403,,,,,,1.0,7.0
iconclass-ai:bsb00027477_38.jpg,1713,0,0.43703294235885604,,,,,,1.0,5.0
iconclass-ai:bsb00027477_47.jpg,1713,0,0.7565138369556654,,,,,,1.0,4.5
iconclass-ai:bsb00027477_82.jpg,1713,2,0.23439906205903183,0.0032679738562091504,0.003144560946231463,0.0,0.0,0.0,3.0,3.0
iconclass-ai:bsb00027477_9.jpg,1713,1,0.26494173846474806,0.0009633911368015414,0.0009633911368015414,0.0,0.0,0.0,2.0,5.0
iconclass-ai:bsb00027697_23.jpg,1713,21,0.009799783622334416,0.010752688172043012,0.015515811011971683,0.0,0.0,0.0,12.0,5.0
iconclass-ai:bsb00027697_34.jpg,1713,7,0.048865497623406466,0.0016366612111292963,0.003953600776841149,0.0,0.0,0.0,4.5,4.5
iconclass-ai:bsb00027697_86.jpg,1713,1,0.11910467312006617,0.0009852216748768472,0.0009852216748768472,0.0,0.0,0.0,1.5,4.0
iconclass-ai:bsb00027852_107.jpg,1713,0,0.5380393277011968,,,,,,1.0,3.0
iconclass-ai:bsb00027852_118.jpg,1713,0,0.8619907521126376,,,,,,1.0,3.0
iconclass-ai:bsb00027852_119.jpg,1713,0,0.7707377434394997,,,,,,1.0,3.0
iconclass-ai:bsb00027852_127.jpg,1713,0,0.1584875320558141,,,,,,1.0,3.0
iconclass-ai:bsb00027852_131.jpg,1713,0,0.7356763361790515,,,,,,1.0,3.0
iconclass-ai:bsb00027852_133.jpg,1713,0,0.6446533234526354,,,,,,1.0,3.0
iconclass-ai:bsb00027852_134.jpg,1713,0,0.4716125835919644,,,,,,1.0,3.0
iconclass-ai:bsb00027852_136.jpg,1713,0,0.962140443740349,,,,,,1.0,5.0
iconclass-ai:bsb00027852_144.jpg,1713,0,0.9074250374176303,,,,,,1.0,3.0
iconclass-ai:bsb00027852_155.jpg,1713,0,0.8569403519062478,,,,,,1.0,3.0
iconclass-ai:bsb00027852_157.jpg,1713,0,0.9187528305403849,,,,,,1.0,3.0
iconclass-ai:bsb00027852_159.jpg,1713,1,0.6567463097257042,0.007194244604316547,0.007194244604316547,0.0,0.0,0.0,2.0,5.0
iconclass-ai:bsb00027852_165.jpg,1713,0,0.6724092777518954,,,,,,1.0,4.0
iconclass-ai:bsb00027852_17.jpg,1713,0,0.7877217962169546,,,,,,1.0,3.0
iconclass-ai:bsb00027852_172.jpg,1713,0,0.5365974317284625,,,,,,1.0,5.0
iconclass-ai:bsb00027852_173.jpg,1713,0,1.0,,,,,,1.0,3.0
iconclass-ai:bsb00027852_179.jpg,1713,0,0.8958531670948341,,,,,,1.0,3.0
iconclass-ai:bsb00027852_180.jpg,1713,0,1.0,,,,,,1.0,3.0
iconclass-ai:bsb00027852_183.jpg,1713,0,0.8177165624858201,,,,,,1.0,3.0
iconclass-ai:bsb00027852_184.jpg,1713,0,0.33977418989022135,,,,,,1.0,3.0
iconclass-ai:bsb00027852_186.jpg,1713,1,0.29259485000054297,0.009615384615384616,0.009615384615384616,0.0,0.0,0.0,2.0,5.0
iconclass-ai:bsb00027852_191.jpg,1713,0,0.7592370991448594,,,,,,1.0,3.0
iconclass-ai:bsb00027852_192.jpg,1713,7,0.9510907186004266,0.1,0.10676426286891404,0.0,0.0,0.14285714285714285,8.0,3.0
iconclass-ai:bsb00027852_198.jpg,1713,0,0.9522844088507862,,,,,,1.0,3.0
iconclass-ai:bsb00027852_201.jpg,1713,0,0.7710326671353015,,,,,,1.0,3.0
iconclass-ai:bsb00027852_203.jpg,1713,0,0.9361426617687841,,,,,,1.0,3.0
iconclass-ai:bsb00027852_204.jpg,1713,0,0.8919731794658582,,,,,,1.0,3.0
iconclass-ai:bsb00027852_206.jpg,1713,0,0.8952863908346882,,,,,,1.0,3.0
iconclass-ai:bsb00027852_209.jpg,1713,1,0.6438989917145141,0.004629629629629629,0.004629629629629629,0.0,0.0,0.0,2.0,5.0
iconclass-ai:bsb00027852_21.jpg,1713,0,0.8131900234948748,,,,,,1.0,3.0
iconclass-ai:bsb00027852_216.jpg,1713,0,0.8359494673452823,,,,,,1.0,3.0
iconclass-ai:bsb00027852_218.jpg,1713,0,0.47964005444842855,,,,,,1.0,6.0
iconclass-ai:bsb00027852_220.jpg,1713,0,0.8866691940954633,,,,,,1.0,3.0
iconclass-ai:bsb00027852_222.jpg,1713,0,1.0,,,,,,1.0,5.0
iconclass-ai:bsb00027852_226.jpg,1713,0,0.836644532248706,,,,,,1.0,3.0
iconclass-ai:bsb00027852_227.jpg,1713,0,0.23542919461715586,,,,,,1.0,4.0
iconclass-ai:bsb00027852_229.jpg,1713,0,0.5672084930704452,,,,,,1.0,2.0
iconclass-ai:bsb00027852_23.jpg,1713,0,0.7579604344461562,,,,,,1.0,3.0
iconclass-ai:bsb00027852_232.jpg,1713,0,0.7944922778818635,,,,,,1.0,3.0
iconclass-ai:bsb00027852_237.jpg,1713,0,0.7616117706218475,,,,,,1.0,3.0
iconclass-ai:bsb00027852_240.jpg,1713,0,0.25,,,,,,1.0,4.0
iconclass-ai:bsb00027852_241.jpg,1713,0,0.21381992313417475,,,,,,1.0,4.0
iconclass-ai:bsb00027852_253.jpg,1713,0,0.7619513601550504,,,,,,1.0,3.0
iconclass-ai:bsb00027852_255.jpg,1713,0,0.475452967967078,,,,,,1.0,3.0
iconclass-ai:bsb00027852_257.jpg,1713,0,0.5472065476635699,,,,,,1.0,2.0
iconclass-ai:bsb00027852_264.jpg,1713,0,0.913166664326004,,,,,,1.0,3.0
iconclass-ai:bsb00027852_265.jpg,1713,7,0.9361426617687841,0.25,0.08971606824548002,0.0,0.14285714285714285,0.14285714285714285,8.0,3.0
iconclass-ai:bsb00027852_277.jpg,1713,1,0.8349311752764398,0.010416666666666666,0.010416666666666666,0.0,0.0,0.0,2.0,3.0
iconclass-ai:bsb00027852_278.jpg,1713,1,0.9305687780632227,0.014285714285714285,0.014285714285714285,0.0,0.0,0.0,2.0,3.0
iconclass-ai:bsb00027852_281.jpg,1713,0,0.8381444283378082,,,,,,1.0,3.0
iconclass-ai:bsb00027852_284.jpg,1713,0,0.8036197760185035,,,,,,1.0,3.0
iconclass-ai:bsb00027852_286.jpg,1713,7,0.7423562126940701,0.16666666666666666,0.0782509944160769,0.0,0.0,0.14285714285714285,8.0,3.0
iconclass-ai:bsb00027852_292.jpg,1713,1,0.8091026734983537,0.017857142857142856,0.017857142857142856,0.0,0.0,0.0,2.0,3.0
iconclass-ai:bsb00027852_293.jpg,1713,1,0.8239265869615359,0.021739130434782608,0.021739130434782608,0.0,0.0,0.0,2.0,3.0
iconclass-ai:bsb00027852_295.jpg,1713,1,0.3801672628760153,0.0006609385327164573,0.0006609385327164573,0.0,0.0,0.0,2.0,6.0
iconclass-ai:bsb00027852_299.jpg,1713,0,0.8856563207165716,,,,,,1.0,3.0
iconclass-ai:bsb00027852_301.jpg,1713,0,0.5563516569323603,,,,,,1.0,3.0
iconclass-ai:bsb00027852_302.jpg,1713,0,0.11810069973681478,,,,,,1.0,3.0
iconclass-ai:bsb00027852_306.jpg,1713,8,0.24668052109221575,0.009009009009009009,0.004576990343259285,0.0,0.0,0.0,9.0,6.0
iconclass-ai:bsb00027852_317.jpg,1713,0,0.7103599184131892,,,,,,1.0,3.0
iconclass-ai:bsb00027852_318.jpg,1713,0,0.8891727306597416,,,,,,1.0,3.0
iconclass-ai:bsb00027852_324.jpg,1713,0,0.755726261704075,,,,,,1.0,3.0
iconclass-ai:bsb00027852_325.jpg,1713,0,0.7650624333104606,,,,,,1.0,3.0
iconclass-ai:bsb00027852_340.jpg,1713,1,0.0,0.00847457627118644,0.00847457627118644,0.0,0.0,0.0,2.0,5.0
iconclass-ai:bsb00027852_342.jpg,1713,0,0.8576162287909183,,,,,,1.0,3.0
iconclass-ai:bsb00027852_346.jpg,1713,7,0.8916181947297201,1.0,0.19580126984705223,0.14285714285714285,0.14285714285714285,0.14285714285714285,8.0,3.0
iconclass-ai:bsb00027852_350.jpg,1713,0,0.7034191662672855,,,,,,1.0,3.0
iconclass-ai:bsb00027852_352.jpg,1713,0,0.8788681823875767,,,,,,1.0,3.0
iconclass-ai:bsb00027852_356.jpg,1713,0,0.7276836882060268,,,,,,1.0,3.0
iconclass-ai:bsb00027852_36.jpg,1713,0,0.9404875240541908,,,,,,1.0,3.0
iconclass-ai:bsb00027852_365.jpg,1713,0,0.6826451407341824,,,,,,1.0,3.0
iconclass-ai:bsb00027852_367.jpg,1713,0,0.7807246923621699,,,,,,1.0,3.0
iconclass-ai:bsb00027852_371.jpg,1713,0,0.5854040369757222,,,,,,1.0,5.0
iconclass-ai:bsb00027852_372.jpg,1713,0,0.5475710771462252,,,,,,1.0,5.0
iconclass-ai:bsb00027852_374.jpg,1713,0,0.8619117303905869,,,,,,1.0,5.0
iconclass-ai:bsb00027852_377.jpg,1713,3,0.13670055962395647,0.001128668171557562,0.0015891337120616884,0.0,0.0,0.0,4.0,5.0
iconclass-ai:bsb00027852_382.jpg,1713,0,0.5525128833236426,,,,,,1.0,3.0
iconclass-ai:bsb00027852_384.jpg,1713,0,0.6549010003909973,,,,,,1.0,3.0
iconclass-ai:bsb00027852_385.jpg,1713,7,0.8864948679235357,0.3333333333333333,0.10408301339836781,0.0,0.14285714285714285,0.14285714285714285,8.0,3.0
iconclass-ai:bsb00027852_387.jpg,1713,1,0.4606003400102265,0.002976190476190476,0.002976190476190476,0.0,0.0,0.0,2.0,6.0
iconclass-ai:bsb00027852_391.jpg,1713,0,0.7828773537862462,,,,,,1.0,5.0
iconclass-ai:bsb00027852_393.jpg,1713,7,0.6374721009402949,0.0625,0.061138586603609,0.0,0.0,0.0,8.0,3.0
iconclass-ai:bsb00027852_401.jpg,1713,2,0.02978085760832424,0.0008658008658008658,0.0012789241215637156,0.0,0.0,0.0,2.0,5.5
iconclass-ai:bsb00027852_402.jpg,1713,0,0.6521625520086227,,,,,,1.0,3.0
iconclass-ai:bsb00027852_406.jpg,1713,2,0.4077359507854632,0.01,0.005675675675675676,0.0,0.0,0.0,3.0,5.0
iconclass-ai:bsb00027852_409.jpg,1713,0,0.5288371040460288,,,,,,1.0,6.0
iconclass-ai:bsb00027852_411.jpg,1713,24,0.3333333333333333,0.005076142131979695,0.012202135274688842,0.0,0.0,0.0,25.0,3.0
iconclass-ai:bsb00027852_416.jpg,1713,0,0.05681659987602721,,,,,,1.0,4.0
iconclass-ai:bsb00027852_424.jpg,1713,5,0.007152474194460093,0.002232142857142857,0.0029743287100590884,0.0,0.0,0.0,6.0,7.0
iconclass-ai:bsb00027852_425.jpg,1713,1,0.20324773656783893,0.018518518518518517,0.018518518518518517,0.0,0.0,0.0,2.0,6.0
iconclass-ai:bsb00027852_426.jpg,1713,7,0.22256163211420102,0.3333333333333333,0.06592213504594438,0.0,0.14285714285714285,0.14285714285714285,8.0,4.0
iconclass-ai:bsb00027852_430.jpg,1713,2,0.007030842758253116,0.0017152658662092624,0.0015061413637142292,0.0,0.0,0.0,3.0,7.0
iconclass-ai:bsb00027852_432.jpg,1713,1,0.2588950673669409,0.0013404825737265416,0.0013404825737265416,0.0,0.0,0.0,2.0,7.0
iconclass-ai:bsb00027852_441.jpg,1713,1,0.4303132501140717,0.3333333333333333,0.3333333333333333,0.0,1.0,1.0,2.0,6.0
iconclass-ai:bsb00027852_445.jpg,1713,0,0.5762529713248327,,,,,,1.0,3.0
iconclass-ai:bsb00027852_446.jpg,1713,0,0.2308531452269396,,,,,,1.0,4.0
iconclass-ai:bsb00027852_447.jpg,1713,0,0.43307785026902185,,,,,,1.0,6.0
iconclass-ai:bsb00027852_456.jpg,1713,0,0.5077882104869099,,,,,,1.0,6.0
iconclass-ai:bsb00027852_458.jpg,1713,0,0.45906536521269997,,,,,,1.0,6.0
iconclass-ai:bsb00027852_459.jpg,1713,7,0.18382980582336333,0.02127659574468085,0.019916116767412246,0.0,0.0,0.0,8.0,4.0
iconclass-ai:bsb00027852_463.jpg,1713,0,0.20510641825183556,,,,,,1.0,4.0
iconclass-ai:bsb00027852_465.jpg,1713,0,0.21390870673029497,,,,,,1.0,6.0
iconclass-ai:bsb00027852_466.jpg,1713,1,0.35996413910440384,0.05263157894736842,0.05263157894736842,0.0,0.0,0.0,2.0,4.0
iconclass-ai:bsb00027852_467.jpg,1713,0,0.3860941909044804,,,,,,1.0,6.0
iconclass-ai:bsb00027852_469.jpg,1713,0,0.47848104774535644,,,,,,1.0,6.0
iconclass-ai:bsb00027852_470.jpg,1713,0,0.4234967520921968,,,,,,1.0,6.0
iconclass-ai:bsb00027852_474.jpg,1713,7,0.22768371728107345,0.125,0.050413358845780784,0.0,0.0,0.14285714285714285,8.0,4.0
iconclass-ai:bsb00027852_475.jpg,1713,5,0.0053545423025886775,0.0043859649122807015,0.004112657141623186,0.0,0.0,0.0,6.0,7.0
iconclass-ai:bsb00027852_478.jpg,1713,0,0.0,,,,,,1.0,3.0
iconclass-ai:bsb00027852_481.jpg,1713,1,0.0,0.0014388489208633094,0.0014388489208633094,0.0,0.0,0.0,2.0,5.0
iconclass-ai:bsb00027852_484.jpg,1713,0,0.25264598106843256,,,,,,1.0,5.0
iconclass-ai:bsb00027852_485.jpg,1713,1,0.28239873613318406,0.001394700139470014,0.001394700139470014,0.0,0.0,0.0,2.0,5.0
iconclass-ai:bsb00027852_486.jpg,1713,0,0.30120137413952547,,,,,,1.0,4.0
iconclass-ai:bsb00027852_487.jpg,1713,7,0.36020302526429854,0.5,0.15042020905468861,0.0,0.14285714285714285,0.2857142857142857,8.0,4.0
iconclass-ai:bsb00027852_49.jpg,1713,0,0.533697510417947,,,,,,1.0,3.0
iconclass-ai:bsb00027852_492.jpg,1713,0,0.09980096975740828,,,,,,1.0,4.0
iconclass-ai:bsb00027852_498.jpg,1713,5,0.14688450581298118,0.002638522427440633,0.0034487340630868467,0.0,0.0,0.0,6.0,6.0
iconclass-ai:bsb00027852_50.jpg,1713,0,0.6299089494846538,,,,,,1.0,3.0
iconclass-ai:bsb00027852_500.jpg,1713,0,0.1432841809151396,,,,,,1.0,4.0
iconclass-ai:bsb00027852_502.jpg,1713,4,0.3220381358569822,0.5,0.1411784969266058,0.0,0.25,0.25,3.0,3.5
iconclass-ai:bsb00027852_503.jpg,1713,1,0.40922950928574836,0.1111111111111111,0.1111111111111111,0.0,0.0,1.0,2.0,4.0
iconclass-ai:bsb00027852_504.jpg,1713,0,0.1825509312582395,,,,,,1.0,4.0
iconclass-ai:bsb00027852_505.jpg,1713,1,0.29387742253820687,0.0014684287812041115,0.0014684287812041115,0.0,0.0,0.0,2.0,6.0
iconclass-ai:bsb00027852_508.jpg,1713,0,0.2130660291610886,,,,,,1.0,4.0
iconclass-ai:bsb00027852_509.jpg,1713,3,0.22492973127151403,0.25,0.11004617033555941,0.0,0.3333333333333333,0.3333333333333333,4.0,3.0
iconclass-ai:bsb00027852_51.jpg,1713,0,,,,,,,1.0,
iconclass-ai:bsb00027852_512.jpg,1713,0,0.43069212583686983,,,,,,1.0,5.0
iconclass-ai:bsb00027852_513.jpg,1713,1,0.26447740377860396,0.0008658008658008658,0.0008658008658008658,0.0,0.0,0.0,2.0,7.0
iconclass-ai:bsb00027852_514.jpg,1713,1,0.19857123898430484,0.0016722408026755853,0.0016722408026755853,0.0,0.0,0.0,2.0,4.0
iconclass-ai:bsb00027852_516.jpg,1713,3,0.28232771163362264,0.0013513513513513514,0.0017781539332374556,0.0,0.0,0.0,4.0,6.0
iconclass-ai:bsb00027852_522.jpg,1713,0,0.4092908444118461,,,,,,1.0,3.0
iconclass-ai:bsb00027852_526.jpg,1713,0,0.4509299394875635,,,,,,1.0,6.0
iconclass-ai:bsb00027852_528.jpg,1713,0,0.5788276014715436,,,,,,1.0,5.0
iconclass-ai:bsb00027852_531.jpg,1713,3,0.20842041062207992,0.011111111111111112,0.012035059658250356,0.0,0.0,0.0,4.0,3.0
iconclass-ai:bsb00027852_534.jpg,1713,0,0.37451308421428475,,,,,,1.0,4.0
iconclass-ai:bsb00027852_539.jpg,1713,0,0.5212483883706709,,,,,,1.0,6.0
iconclass-ai:bsb00027852_542.jpg,1713,0,0.397820300750416,,,,,,1.0,6.0
iconclass-ai:bsb00027852_544.jpg,1713,0,0.302547039730034,,,,,,1.0,4.0
iconclass-ai:bsb00027852_545.jpg,1713,1,0.3051324759045903,0.001326259946949602,0.001326259946949602,0.0,0.0,0.0,2.0,6.0
iconclass-ai:bsb00027852_548.jpg,1713,0,0.3936709683455979,,,,,,1.0,7.0
iconclass-ai:bsb00027852_549.jpg,1713,0,0.2697878998326455,,,,,,1.0,4.0
iconclass-ai:bsb00027852_556.jpg,1713,0,0.32031468082378506,,,,,,1.0,3.0
iconclass-ai:bsb00027852_558.jpg,1713,0,0.44197372954385217,,,,,,1.0,4.0
iconclass-ai:bsb00027852_559.jpg,1713,13,0.2977272797772812,0.14285714285714285,0.09268497335403249,0.0,0.0,0.07692307692307693,14.0,3.0
iconclass-ai:bsb00027852_56.jpg,1713,0,0.8483222352785394,,,,,,1.0,5.0
iconclass-ai:bsb00027852_561.jpg,1713,0,0.3248693611127997,,,,,,1.0,4.0
iconclass-ai:bsb00027852_562.jpg,1713,13,0.23990464639492784,0.07692307692307693,0.059911117781604364,0.0,0.0,0.0,14.0,3.0
iconclass-ai:bsb00027852_567.jpg,1713,0,0.6271188503615908,,,,,,1.0,6.0
iconclass-ai:bsb00027852_57.jpg,1713,0,0.5933745776545611,,,,,,1.0,5.0
iconclass-ai:bsb00027852_577.jpg,1713,13,0.551076284491426,1.0,0.16528604397763116,0.07692307692307693,0.07692307692307693,0.23076923076923078,14.0,3.0
iconclass-ai:bsb00027852_578.jpg,1713,0,0.42479216099743966,,,,,,1.0,6.0
iconclass-ai:bsb00027852_580.jpg,1713,1,0.3474139841769082,0.017241379310344827,0.017241379310344827,0.0,0.0,0.0,2.0,4.0
iconclass-ai:bsb00027852_583.jpg,1713,0,0.2713236681453127,,,,,,1.0,4.0
iconclass-ai:bsb00027852_585.jpg,1713,0,0.2023646068236304,,,,,,1.0,4.0
iconclass-ai:bsb00027852_586.jpg,1713,13,0.17148100434657848,0.022727272727272728,0.017678503688741562,0.0,0.0,0.0,14.0,3.0
iconclass-ai:bsb00027852_587.jpg,1713,13,0.4690114701665218,1.0,0.14820398487398936,0.07692307692307693,0.07692307692307693,0.15384615384615385,14.0,3.0
iconclass-ai:bsb00027852_589.jpg,1713,13,0.24900086617778122,0.08333333333333333,0.0565105459016199,0.0,0.0,0.0,14.0,3.0
iconclass-ai:bsb00027852_593.jpg,1713,1,0.4753708957208939,0.0007199424046076314,0.0007199424046076314,0.0,0.0,0.0,2.0,6.0
iconclass-ai:bsb00027852_596.jpg,1713,0,0.4434864887078714,,,,,,1.0,4.0
iconclass-ai:bsb00027852_60.jpg,1713,0,0.6737091020135271,,,,,,1.0,3.0
iconclass-ai:bsb00027852_600.jpg,1713,13,0.4318081075257755,0.3333333333333333,0.10631175846443283,0.0,0.15384615384615385,0.15384615384615385,14.0,3.0
iconclass-ai:bsb00027852_601.jpg,1713,4,0.2770316519023407,0.002188183807439825,0.002504649758824197,0.0,0.0,0.0,5.0,4.0
iconclass-ai:bsb00027852_603.jpg,1713,14,0.22658417225500013,0.07142857142857142,0.03393898151553469,0.0,0.0,0.0,8.0,3.0
iconclass-ai:bsb00027852_605.jpg,1713,5,0.26731503555766783,0.2,0.05041831641100934,0.0,0.2,0.2,3.5,5.0
iconclass-ai:bsb00027852_606.jpg,1713,5,0.2282691256193809,0.3333333333333333,0.08858034613899321,0.0,0.2,0.2,6.0,6.0
iconclass-ai:bsb00027852_609.jpg,1713,0,0.2615974424534523,,,,,,1.0,4.0
iconclass-ai:bsb00027852_611.jpg,1713,3,0.2050493420260967,0.0009157509157509158,0.0013399389958945898,0.0,0.0,0.0,2.5,4.0
iconclass-ai:bsb00027852_612.jpg,1713,0,0.290625263305984,,,,,,1.0,4.0
iconclass-ai:bsb00027852_616.jpg,1713,0,0.3424423868624547,,,,,,1.0,6.0
iconclass-ai:bsb00027852_619.jpg,1713,1,0.37562799077406667,0.022727272727272728,0.022727272727272728,0.0,0.0,0.0,2.0,2.0
iconclass-ai:bsb00027852_627.jpg,1713,0,0.19006531783990221,,,,,,1.0,4.0
iconclass-ai:bsb00027852_629.jpg,1713,5,0.20009946139647544,0.02631578947368421,0.014231697035593105,0.0,0.0,0.0,6.0,6.0
iconclass-ai:bsb00027852_631.jpg,1713,6,0.3129276696708961,0.25,0.047085446278310045,0.0,0.16666666666666666,0.16666666666666666,7.0,4.0
iconclass-ai:bsb00027852_634.jpg,1713,0,0.24489394594276825,,,,,,1.0,4.0
iconclass-ai:bsb00027852_636.jpg,1713,0,0.45315234269061977,,,,,,1.0,6.0
iconclass-ai:bsb00027852_639.jpg,1713,6,0.45232383086123434,0.3333333333333333,0.060021827270387185,0.0,0.16666666666666666,0.16666666666666666,7.0,4.0
iconclass-ai:bsb00027852_64.jpg,1713,0,0.9266360779006398,,,,,,1.0,3.0
iconclass-ai:bsb00027852_640.jpg,1713,0,0.17658821629530203,,,,,,1.0,4.0
iconclass-ai:bsb00027852_646.jpg,1713,1,0.20924535056092997,0.043478260869565216,0.043478260869565216,0.0,0.0,0.0,2.0,2.0
iconclass-ai:bsb00027852_648.jpg,1713,1,0.20067879449288825,0.1,0.1,0.0,0.0,1.0,2.0,4.0
iconclass-ai:bsb00027852_649.jpg,1713,0,,,,,,,1.0,
iconclass-ai:bsb00027852_651.jpg,1713,0,0.3399578950926681,,,,,,1.0,4.0
iconclass-ai:bsb00027852_654.jpg,1713,1,0.6156269506178824,0.5,0.5,0.0,1.0,1.0,2.0,4.0
iconclass-ai:bsb00027852_661.jpg,1713,0,0.25402393518837396,,,,,,1.0,4.0
iconclass-ai:bsb00027852_663.jpg,1713,1,0.43076063147019145,0.014285714285714285,0.014285714285714285,0.0,0.0,0.0,2.0,5.0
iconclass-ai:bsb00027852_667.jpg,1713,0,0.060954804781823635,,,,,,1.0,1.0
iconclass-ai:bsb00027852_668.jpg,1713,1,0.05038693091509325,0.0007710100231303007,0.0007710100231303007,0.0,0.0,0.0,2.0,5.0
iconclass-ai:bsb00027852_670.jpg,1713,6,0.16869491540711526,0.007936507936507936,0.00642405581022925,0.0,0.0,0.0,7.0,4.0
iconclass-ai:bsb00027852_69.jpg,1713,0,0.9477344873475497,,,,,,1.0,3.0
iconclass-ai:bsb00027852_71.jpg,1713,0,0.8750060600193175,,,,,,1.0,3.0
iconclass-ai:bsb00027852_73.jpg,1713,0,0.6047392902980823,,,,,,1.0,3.0
iconclass-ai:bsb00027852_74.jpg,1713,0,0.8244602913785145,,,,,,1.0,5.0
iconclass-ai:bsb00027852_76.jpg,1713,0,0.5518671884099906,,,,,,1.0,3.0
iconclass-ai:bsb00027852_77.jpg,1713,2,0.5635862741199337,0.010752688172043012,0.006122612742737924,0.0,0.0,0.0,3.0,5.0
iconclass-ai:bsb00027852_82.jpg,1713,0,1.0,,,,,,1.0,3.0
iconclass-ai:bsb00027852_85.jpg,1713,0,0.8902345428087414,,,,,,1.0,3.0
iconclass-ai:bsb00027852_89.jpg,1713,0,0.8816888223201844,,,,,,1.0,3.0
iconclass-ai:bsb00027852_90.jpg,1713,0,0.43298255850309825,,,,,,1.0,6.0
iconclass-ai:bsb00027852_92.jpg,1713,0,0.8482378089219645,,,,,,1.0,3.0
iconclass-ai:bsb00027852_94.jpg,1713,0,0.9447881471213424,,,,,,1.0,3.0
iconclass-ai:bsb00027852_98.jpg,1713,0,0.7353364360850266,,,,,,1.0,5.0
iconclass-ai:bsb00027852_99.jpg,1713,0,0.8447405625982303,,,,,,1.0,3.0
iconclass-ai:bsb00027894_17.jpg,1713,3,0.29564267954843576,0.14285714285714285,0.07303242730438879,0.0,0.0,0.3333333333333333,4.0,4.0
iconclass-ai:bsb00027894_18.jpg,1713,3,0.10674877147601379,0.006211180124223602,0.005938004999373733,0.0,0.0,0.0,4.0,4.0
iconclass-ai:bsb00027894_22.jpg,1713,5,0.7634884885369407,1.0,0.6844671201814059,0.2,0.6,0.8,6.0,4.0
iconclass-ai:bsb00027894_23.jpg,1713,4,0.270289662121719,0.16666666666666666,0.1000081539465101,0.0,0.0,0.25,5.0,4.0
iconclass-ai:bsb00027894_31.jpg,1713,6,0.13657241108339677,0.01818181818181818,0.014745112396798371,0.0,0.0,0.0,7.0,3.0
iconclass-ai:bsb00027894_34.jpg,1713,6,0.15750450718607148,0.06666666666666667,0.032519138622405755,0.0,0.0,0.0,4.0,4.0
iconclass-ai:bsb00027894_48.jpg,1713,6,0.09184187013125228,0.1111111111111111,0.03282657628046096,0.0,0.0,0.16666666666666666,7.0,3.0
iconclass-ai:bsb00027894_53.jpg,1713,6,0.1498207784445231,0.041666666666666664,0.03551529863949426,0.0,0.0,0.0,4.0,4.5
iconclass-ai:bsb00027894_54.jpg,1713,8,0.2538284140698948,0.3333333333333333,0.09457679194242474,0.0,0.125,0.125,5.0,4.5
iconclass-ai:bsb00027894_57.jpg,1713,0,0.2119436213304853,,,,,,1.0,3.5
iconclass-ai:bsb00027894_58.jpg,1713,0,0.5132606905961957,,,,,,1.0,5.0
iconclass-ai:bsb00027894_59.jpg,1713,6,0.15395324393167212,0.09090909090909091,0.04206822578745408,0.0,0.0,0.0,7.0,3.0
iconclass-ai:bsb00027894_76.jpg,1713,2,0.06762276095685661,0.014285714285714285,0.011772486772486771,0.0,0.0,0.0,2.0,4.5
iconclass-ai:bsb00027894_77.jpg,1713,3,0.4870930399324429,1.0,0.3657596371882086,0.3333333333333333,0.3333333333333333,0.3333333333333333,2.5,4.5
iconclass-ai:bsb00027894_84.jpg,1713,0,0.44416933293266625,,,,,,1.0,4.0
iconclass-ai:bsb00027948_100.jpg,1713,8,0.3044980589731717,1.0,0.356079750740876,0.125,0.125,0.25,8.0,5.0
iconclass-ai:bsb00027948_112.jpg,1713,8,0.5009732673492617,1.0,0.48679656890843004,0.125,0.25,0.5,5.0,4.0
iconclass-ai:bsb00027948_122.jpg,1713,8,0.6638921141537764,1.0,0.7061658249158249,0.125,0.5,0.75,5.0,3.0
iconclass-ai:bsb00027948_130.jpg,1713,7,0.01227370728612623,0.08333333333333333,0.09304047860278862,0.0,0.0,0.0,5.5,4.5
iconclass-ai:bsb00027948_32.jpg,1713,8,0.12904085224964054,0.3333333333333333,0.253081993667032,0.0,0.125,0.125,8.0,5.0
iconclass-ai:bsb00027948_53.jpg,1713,8,0.5612121874288459,1.0,0.5980106100795756,0.125,0.5,0.5,8.0,5.0
iconclass-ai:bsb00027948_72.jpg,1713,8,0.39653592702610896,0.5,0.3620823964157416,0.0,0.25,0.5,8.0,5.0
iconclass-ai:bsb00029085_113.jpg,1713,8,0.5728032290184377,1.0,0.5681476587474572,0.125,0.375,0.5,8.0,5.0
iconclass-ai:bsb00029085_138.jpg,1713,7,0.5982150719092846,1.0,0.39906491049174425,0.14285714285714285,0.42857142857142855,0.42857142857142855,4.5,5.5
iconclass-ai:bsb00029085_141.jpg,1713,7,0.43207646052300475,1.0,0.28390150602853476,0.14285714285714285,0.2857142857142857,0.42857142857142855,5.5,4.5
iconclass-ai:bsb00029085_183.jpg,1713,7,0.37994125909509213,1.0,0.3030265435823403,0.14285714285714285,0.2857142857142857,0.2857142857142857,5.5,4.5
iconclass-ai:bsb00029085_44.jpg,1713,8,0.16910658361411027,0.14285714285714285,0.12899261503647172,0.0,0.0,0.125,8.0,5.0
iconclass-ai:bsb00029085_81.jpg,1713,8,0.47296684245839443,0.5,0.325951878641752,0.0,0.25,0.5,8.0,5.0
iconclass-ai:bsb00029086_47.jpg,1713,30,0.06519731033900908,0.05263157894736842,0.1319669932939082,0.0,0.0,0.0,17.0,5.5
iconclass-ai:bsb00029086_89.jpg,1713,1,0.11615797294084387,0.0010834236186348862,0.0010834236186348862,0.0,0.0,0.0,2.0,5.0
iconclass-ai:bsb00029223_114.jpg,1713,0,0.8106938969590769,,,,,,1.0,3.0
iconclass-ai:bsb00029223_136.jpg,1713,1,0.5676866169403285,0.012195121951219513,0.012195121951219513,0.0,0.0,0.0,2.0,5.0
iconclass-ai:bsb00029223_150.jpg,1713,0,0.47525744107399537,,,,,,1.0,6.0
iconclass-ai:bsb00029223_178.jpg,1713,0,0.8485420634701036,,,,,,1.0,3.0
iconclass-ai:bsb00029223_18.jpg,1713,0,0.8440454976948065,,,,,,1.0,3.0
iconclass-ai:bsb00029223_192.jpg,1713,1,0.694355946562825,0.010101010101010102,0.010101010101010102,0.0,0.0,0.0,2.0,5.0
iconclass-ai:bsb00029223_194.jpg,1713,0,0.8532721558012798,,,,,,1.0,3.0
iconclass-ai:bsb00029223_202.jpg,1713,0,0.7855758088237846,,,,,,1.0,3.0
iconclass-ai:bsb00029223_212.jpg,1713,0,0.5644876884189547,,,,,,1.0,3.0
iconclass-ai:bsb00029223_22.jpg,1713,0,0.7135860905065454,,,,,,1.0,3.0
iconclass-ai:bsb00029223_228.jpg,1713,0,0.8986895771342951,,,,,,1.0,3.0
iconclass-ai:bsb00029223_24.jpg,1713,0,0.7399607000115362,,,,,,1.0,3.0
iconclass-ai:bsb00029223_240.jpg,1713,8,0.23829462652180217,0.015384615384615385,0.00546161590409274,0.0,0.0,0.0,9.0,6.0
iconclass-ai:bsb00029223_258.jpg,1713,0,0.8955223304230387,,,,,,1.0,3.0
iconclass-ai:bsb00029223_262.jpg,1713,1,0.0,0.017543859649122806,0.017543859649122806,0.0,0.0,0.0,2.0,5.0
iconclass-ai:bsb00029223_264.jpg,1713,0,0.5643153265112438,,,,,,1.0,3.0
iconclass-ai:bsb00029223_278.jpg,1713,0,0.9602370073756551,,,,,,1.0,5.0
iconclass-ai:bsb00029223_280.jpg,1713,2,0.6241858988736241,1.0,0.5005837711617046,0.5,0.5,0.5,3.0,6.0
iconclass-ai:bsb00029223_286.jpg,1713,0,0.8732961053352939,,,,,,1.0,3.0
iconclass-ai:bsb00029223_304.jpg,1713,1,0.4025168308708379,0.012048192771084338,0.012048192771084338,0.0,0.0,0.0,2.0,6.0
iconclass-ai:bsb00029223_308.jpg,1713,1,0.6671377944300374,0.0007012622720897616,0.0007012622720897616,0.0,0.0,0.0,2.0,5.0
iconclass-ai:bsb00029223_32.jpg,1713,0,0.714991924208397,,,,,,1.0,3.0
iconclass-ai:bsb00029223_72.jpg,1713,0,0.8108582970019786,,,,,,1.0,3.0
iconclass-ai:bsb00029223_82.jpg,1713,0,0.8318477135310891,,,,,,1.0,3.0
iconclass-ai:bsb00029223_92.jpg,1713,2,0.632310027763865,1.0,0.5005851375073143,0.5,0.5,0.5,3.0,6.0
iconclass-ai:bsb00029232_112.jpg,1713,1,0.5596225698147208,0.0011547344110854503,0.0011547344110854503,0.0,0.0,0.0,1.5,3.5
iconclass-ai:bsb00029232_230.jpg,1713,0,0.7818406661975618,,,,,,1.0,4.0
iconclass-ai:bsb00029232_320.jpg,1713,0,0.43989389983255284,,,,,,1.0,2.0
iconclass-ai:bsb00029232_359.jpg,1713,1,0.4843479186504443,0.14285714285714285,0.14285714285714285,0.0,0.0,1.0,1.0,2.0
iconclass-ai:bsb00029232_404.jpg,1713,0,0.6163064303061754,,,,,,1.0,6.0
iconclass-ai:bsb00029232_414.jpg,1713,0,0.9256180470797136,,,,,,1.0,4.0
iconclass-ai:bsb00029232_434.jpg,1713,1,0.4960019908015994,0.02040816326530612,0.02040816326530612,0.0,0.0,0.0,1.5,5.0
iconclass-ai:bsb00029232_439.jpg,1713,2,0.5815080691834882,0.14285714285714285,0.07208863743517209,0.0,0.0,0.5,2.5,5.5
iconclass-ai:bsb00029232_449.jpg,1713,4,0.47806284736654486,1.0,0.27901326405234567,0.25,0.25,0.25,3.5,4.5
iconclass-ai:bsb00029232_470.jpg,1713,4,0.513173417103198,0.25,0.12316898218061009,0.0,0.25,0.25,3.0,4.5
iconclass-ai:bsb00029232_503.jpg,1713,11,0.5799191612974451,0.5,0.10396905220322451,0.0,0.09090909090909091,0.18181818181818182,6.5,3.5
iconclass-ai:bsb00029232_51.jpg,1713,0,0.5486528127281608,,,,,,1.0,4.0
iconclass-ai:bsb00029232_68.jpg,1713,4,0.5407957966705265,1.0,0.2772372106737432,0.25,0.25,0.25,3.0,5.5
iconclass-ai:bsb00029471_5.jpg,1713,2,0.5673425034797553,1.0,0.7,0.5,1.0,1.0,2.0,4.0
iconclass-ai:bsb00029502_133.jpg,1713,0,0.6444579927416999,,,,,,1.0,4.0
iconclass-ai:bsb00029502_135.jpg,1713,0,0.46214038506662836,,,,,,1.0,6.0
iconclass-ai:bsb00029502_138.jpg,1713,1,0.18825749466932543,0.0017985611510791368,0.0017985611510791368,0.0,0.0,0.0,2.0,5.0
iconclass-ai:bsb00029502_146.jpg,1713,2,0.2103460563679982,0.08333333333333333,0.043465227817745804,0.0,0.0,0.0,3.0,5.0
iconclass-ai:bsb00029502_166.jpg,1713,0,0.37200506565946406,,,,,,1.0,5.0
iconclass-ai:bsb00029502_168.jpg,1713,0,0.5883150876730536,,,,,,1.0,4.0
iconclass-ai:bsb00029502_170.jpg,1713,0,0.5883781085908744,,,,,,1.0,4.0
iconclass-ai:bsb00029502_174.jpg,1713,1,0.2303592525961741,0.017857142857142856,0.017857142857142856,0.0,0.0,0.0,2.0,5.0
iconclass-ai:bsb00029502_180.jpg,1713,0,0.6098957450516372,,,,,,1.0,0.0
iconclass-ai:bsb00029502_191.jpg,1713,0,0.48021695337889053,,,,,,1.0,4.0
iconclass-ai:bsb00029502_4.jpg,1713,1,0.08566511602125312,0.002325581395348837,0.002325581395348837,0.0,0.0,0.0,1.5,4.0
iconclass-ai:bsb00029709_117.jpg,1713,5,0.5636940931473642,1.0,0.41226146713031964,0.2,0.4,0.4,6.0,3.0
iconclass-ai:bsb00029709_135.jpg,1713,5,0.53142554806749,1.0,0.4328357124695798,0.2,0.4,0.4,6.0,3.0
iconclass-ai:bsb00029709_4.jpg,1713,2,0.21254213880246073,0.04,0.02423728813559322,0.0,0.0,0.0,2.0,4.0
iconclass-ai:bsb00029709_81.jpg,1713,5,0.5452459177018407,1.0,0.4211426698149835,0.2,0.4,0.4,6.0,3.0
iconclass-ai:bsb00030084_100.jpg,1713,15,0.1858391839057125,0.3333333333333333,0.08169841842032154,0.0,0.06666666666666667,0.13333333333333333,8.5,4.0
iconclass-ai:bsb00030084_107.jpg,1713,0,0.038497437260674894,,,,,,1.0,4.0
iconclass-ai:bsb00030084_126.jpg,1713,15,0.47728187125247334,1.0,0.22220990216953285,0.06666666666666667,0.2,0.2,8.5,4.5
iconclass-ai:bsb00030084_53.jpg,1713,15,0.43231813227099475,1.0,0.17633238923770428,0.06666666666666667,0.13333333333333333,0.2,8.5,5.0
iconclass-ai:bsb00030084_86.jpg,1713,38,0.47771101209608313,1.0,0.10531663293305131,0.02631578947368421,0.07894736842105263,0.07894736842105263,14.0,4.0
iconclass-ai:bsb00031043_294.jpg,1713,5,0.856552981188082,1.0,1.0,0.2,1.0,1.0,6.0,2.0
iconclass-ai:bsb00031043_406.jpg,1713,5,0.8622404323150921,1.0,1.0,0.2,1.0,1.0,6.0,2.0
iconclass-ai:bsb00031043_630.jpg,1713,5,0.8867399479640529,1.0,1.0,0.2,1.0,1.0,6.0,2.0
iconclass-ai:bsb00031043_742.jpg,1713,5,0.8464628518729147,1.0,1.0,0.2,1.0,1.0,6.0,2.0
iconclass-ai:bsb00031043_826.jpg,1713,5,0.8613172317450007,1.0,1.0,0.2,1.0,1.0,6.0,2.0
iconclass-ai:bsb00031044_21.jpg,1713,53,0.512780929924957,0.5,0.37222535077347046,0.0,0.05660377358490566,0.09433962264150944,27.5,4.0
iconclass-ai:bsb00031044_414.jpg,1713,5,0.8473860524430061,1.0,1.0,0.2,1.0,1.0,6.0,2.0
iconclass-ai:bsb00031296_100.jpg,1713,53,1.0,1.0,0.8355479137427979,0.018867924528301886,0.09433962264150944,0.18867924528301888,54.0,4.0
iconclass-ai:bsb00031296_102.jpg,1713,53,1.0,1.0,0.8849004434461128,0.018867924528301886,0.09433962264150944,0.18867924528301888,54.0,4.0
iconclass-ai:bsb00031296_105.jpg,1713,53,1.0,1.0,0.7966616998958223,0.018867924528301886,0.09433962264150944,0.18867924528301888,54.0,4.0
iconclass-ai:bsb00031296_106.jpg,1713,53,1.0,1.0,0.8317621423743886,0.018867924528301886,0.09433962264150944,0.18867924528301888,54.0,4.0
iconclass-ai:bsb00031296_107.jpg,1713,53,1.0,1.0,0.8407772101458517,0.018867924528301886,0.09433962264150944,0.18867924528301888,54.0,4.0
iconclass-ai:bsb00031296_110.jpg,1713,53,1.0,1.0,0.8161069928352681,0.018867924528301886,0.09433962264150944,0.18867924528301888,54.0,4.0
iconclass-ai:bsb00031296_111.jpg,1713,53,1.0,1.0,0.6272841316719986,0.018867924528301886,0.09433962264150944,0.18867924528301888,54.0,4.0
iconclass-ai:bsb00031296_114.jpg,1713,53,1.0,1.0,0.7582161107615909,0.018867924528301886,0.09433962264150944,0.18867924528301888,54.0,4.0
iconclass-ai:bsb00031296_119.jpg,1713,53,1.0,1.0,0.8582260062459277,0.018867924528301886,0.09433962264150944,0.18867924528301888,54.0,4.0
iconclass-ai:bsb00031296_124.jpg,1713,53,1.0,1.0,0.779423656095648,0.018867924528301886,0.09433962264150944,0.18867924528301888,54.0,4.0
iconclass-ai:bsb00031296_129.jpg,1713,53,1.0,1.0,0.7729261599546564,0.018867924528301886,0.09433962264150944,0.18867924528301888,54.0,4.0
iconclass-ai:bsb00031296_17.jpg,1713,53,1.0,1.0,0.8679528496097506,0.018867924528301886,0.09433962264150944,0.18867924528301888,54.0,4.0
iconclass-ai:bsb00031296_37.jpg,1713,53,1.0,1.0,0.8541502856642574,0.018867924528301886,0.09433962264150944,0.18867924528301888,30.5,3.5
iconclass-ai:bsb00031296_40.jpg,1713,53,1.0,1.0,0.8380834609644309,0.018867924528301886,0.09433962264150944,0.18867924528301888,54.0,4.0
iconclass-ai:bsb00031296_49.jpg,1713,53,1.0,1.0,0.7627717432914612,0.018867924528301886,0.09433962264150944,0.18867924528301888,54.0,4.0
iconclass-ai:bsb00031296_62.jpg,1713,53,1.0,1.0,0.8460346860741326,0.018867924528301886,0.09433962264150944,0.18867924528301888,54.0,4.0
iconclass-ai:bsb00031296_65.jpg,1713,53,1.0,1.0,0.8516983233447779,0.018867924528301886,0.09433962264150944,0.18867924528301888,54.0,4.0
iconclass-ai:bsb00031296_71.jpg,1713,53,1.0,1.0,0.7539851710281109,0.018867924528301886,0.09433962264150944,0.18867924528301888,54.0,4.0
iconclass-ai:bsb00031296_73.jpg,1713,53,1.0,1.0,0.8496178605726781,0.018867924528301886,0.09433962264150944,0.18867924528301888,54.0,4.0
iconclass-ai:bsb00031296_78.jpg,1713,53,1.0,1.0,0.8138268865523952,0.018867924528301886,0.09433962264150944,0.18867924528301888,54.0,4.0
iconclass-ai:bsb00031296_80.jpg,1713,53,1.0,1.0,0.8502208693972205,0.018867924528301886,0.09433962264150944,0.18867924528301888,54.0,4.0
iconclass-ai:bsb00031296_87.jpg,1713,53,1.0,1.0,0.780733933466312,0.018867924528301886,0.09433962264150944,0.18867924528301888,54.0,4.0
iconclass-ai:bsb00031296_88.jpg,1713,53,1.0,1.0,0.8622332330497714,0.018867924528301886,0.09433962264150944,0.18867924528301888,54.0,4.0
iconclass-ai:bsb00031296_91.jpg,1713,53,1.0,1.0,0.8062870196987146,0.018867924528301886,0.09433962264150944,0.18867924528301888,54.0,4.0
iconclass-ai:bsb00031296_98.jpg,1713,53,1.0,1.0,0.825766430460915,0.018867924528301886,0.09433962264150944,0.18867924528301888,54.0,4.0
iconclass-ai:bsb00031335_106.jpg,1713,53,1.0,1.0,0.8682458661406093,0.018867924528301886,0.09433962264150944,0.18867924528301888,54.0,4.0
iconclass-ai:bsb00031335_109.jpg,1713,53,1.0,1.0,0.8834639535738271,0.018867924528301886,0.09433962264150944,0.18867924528301888,54.0,4.0
iconclass-ai:bsb00031335_111.jpg,1713,53,1.0,1.0,0.6049427783216652,0.018867924528301886,0.09433962264150944,0.18867924528301888,30.5,3.5
iconclass-ai:bsb00031335_113.jpg,1713,53,1.0,1.0,0.6319436483198569,0.018867924528301886,0.09433962264150944,0.18867924528301888,30.5,3.5
iconclass-ai:bsb00031335_120.jpg,1713,53,1.0,1.0,0.5755711755558284,0.018867924528301886,0.09433962264150944,0.18867924528301888,30.5,3.5
iconclass-ai:bsb00031335_131.jpg,1713,53,1.0,1.0,0.8654407232031509,0.018867924528301886,0.09433962264150944,0.18867924528301888,54.0,4.0
iconclass-ai:bsb00031335_139.jpg,1713,53,1.0,1.0,0.8592215455568101,0.018867924528301886,0.09433962264150944,0.18867924528301888,54.0,4.0
iconclass-ai:bsb00031335_141.jpg,1713,53,1.0,1.0,0.8228008554869283,0.018867924528301886,0.09433962264150944,0.18867924528301888,54.0,4.0
iconclass-ai:bsb00031335_144.jpg,1713,53,0.5271064966405454,1.0,0.18955399241202428,0.018867924528301886,0.05660377358490566,0.07547169811320754,30.5,3.5
iconclass-ai:bsb00031335_146.jpg,1713,53,1.0,1.0,0.8410829732762726,0.018867924528301886,0.09433962264150944,0.18867924528301888,54.0,4.0
iconclass-ai:bsb00031335_147.jpg,1713,53,1.0,1.0,0.8468278999607955,0.018867924528301886,0.09433962264150944,0.18867924528301888,54.0,4.0
iconclass-ai:bsb00031335_26.jpg,1713,53,1.0,1.0,0.7954138879219214,0.018867924528301886,0.09433962264150944,0.18867924528301888,27.5,4.0
iconclass-ai:bsb00031335_31.jpg,1713,53,1.0,1.0,0.8976399035039314,0.018867924528301886,0.09433962264150944,0.18867924528301888,54.0,4.0
iconclass-ai:bsb00031335_55.jpg,1713,53,1.0,1.0,0.8899066383719801,0.018867924528301886,0.09433962264150944,0.18867924528301888,54.0,4.0
iconclass-ai:bsb00031335_56.jpg,1713,53,1.0,1.0,0.823147125376353,0.018867924528301886,0.09433962264150944,0.18867924528301888,54.0,4.0
iconclass-ai:bsb00031335_67.jpg,1713,53,1.0,1.0,0.6350167081643591,0.018867924528301886,0.09433962264150944,0.18867924528301888,30.5,3.5
iconclass-ai:bsb00031335_73.jpg,1713,53,1.0,1.0,0.787549046748032,0.018867924528301886,0.09433962264150944,0.18867924528301888,54.0,4.0
iconclass-ai:bsb00031335_74.jpg,1713,53,1.0,1.0,0.8677004272716546,0.018867924528301886,0.09433962264150944,0.18867924528301888,54.0,4.0
iconclass-ai:bsb00031335_82.jpg,1713,53,1.0,1.0,0.6267774359508349,0.018867924528301886,0.09433962264150944,0.18867924528301888,30.5,3.5
iconclass-ai:bsb00031335_84.jpg,1713,53,1.0,1.0,0.8302490138907084,0.018867924528301886,0.09433962264150944,0.18867924528301888,54.0,4.0
iconclass-ai:bsb00031335_90.jpg,1713,53,1.0,1.0,0.7927233403799734,0.018867924528301886,0.09433962264150944,0.18867924528301888,54.0,4.0
iconclass-ai:bsb00031335_99.jpg,1713,53,1.0,1.0,0.7741618291541366,0.018867924528301886,0.09433962264150944,0.18867924528301888,54.0,4.0
iconclass-ai:bsb00031698_133.jpg,1713,0,0.5823739772614815,,,,,,1.0,5.0
iconclass-ai:bsb00031698_152.jpg,1713,12,0.1741866935367161,0.2,0.047307492700055694,0.0,0.08333333333333333,0.16666666666666666,7.0,4.5
iconclass-ai:bsb00031698_167.jpg,1713,0,0.6376257052716576,,,,,,1.0,4.0
iconclass-ai:bsb00031698_187.jpg,1713,0,0.41104507062936757,,,,,,1.0,4.0
iconclass-ai:bsb00031698_202.jpg,1713,0,0.3599780771223543,,,,,,1.0,5.0
iconclass-ai:bsb00031698_206.jpg,1713,0,0.5995914889289284,,,,,,1.0,5.0
iconclass-ai:bsb00031698_207.jpg,1713,0,0.6656905340387144,,,,,,1.0,7.0
iconclass-ai:bsb00031698_208.jpg,1713,0,0.529105087108311,,,,,,1.0,6.0
iconclass-ai:bsb00031698_209.jpg,1713,0,0.4555149903600415,,,,,,1.0,3.0
iconclass-ai:bsb00031698_210.jpg,1713,0,0.5196106078134156,,,,,,1.0,6.0
iconclass-ai:bsb00031698_214.jpg,1713,0,0.11799112841437699,,,,,,1.0,5.0
iconclass-ai:bsb00031698_219.jpg,1713,0,0.031040735121023767,,,,,,1.0,8.0
iconclass-ai:bsb00031698_222.jpg,1713,0,0.7065595417612229,,,,,,1.0,6.0
iconclass-ai:bsb00031698_243.jpg,1713,0,0.16463764301566394,,,,,,1.0,4.0
iconclass-ai:bsb00031698_259.jpg,1713,0,0.5275068283061491,,,,,,1.0,5.0
iconclass-ai:bsb00031698_278.jpg,1713,0,0.6445676169786039,,,,,,1.0,6.0
iconclass-ai:bsb00031698_292.jpg,1713,0,0.3417987127609252,,,,,,1.0,4.0
iconclass-ai:bsb00031698_313.jpg,1713,3,0.08993978424777385,0.006535947712418301,0.0038096127679125187,0.0,0.0,0.0,1.0,5.0
iconclass-ai:bsb00031698_314.jpg,1713,2,0.05403737365337102,0.0011210762331838565,0.0016043794527088383,0.0,0.0,0.0,2.0,5.5
iconclass-ai:bsb00031698_315.jpg,1713,0,0.10503884933179254,,,,,,1.0,6.0
iconclass-ai:bsb00031698_323.jpg,1713,1,0.08133815493013889,0.0014903129657228018,0.0014903129657228018,0.0,0.0,0.0,2.0,5.0
iconclass-ai:bsb00031698_326.jpg,1713,4,0.11958001444607379,0.014084507042253521,0.017359532936430857,0.0,0.0,0.0,3.0,6.0
iconclass-ai:bsb00031698_336.jpg,1713,0,0.2676051885121534,,,,,,1.0,6.0
iconclass-ai:bsb00031698_337.jpg,1713,0,0.33423485338227155,,,,,,1.0,7.0
iconclass-ai:bsb00031698_341.jpg,1713,7,0.0,0.09090909090909091,0.024962890949301462,0.0,0.0,0.0,5.0,3.0
iconclass-ai:bsb00031698_342.jpg,1713,7,0.11438518650078211,0.16666666666666666,0.06464194269208559,0.0,0.0,0.14285714285714285,5.0,3.0
iconclass-ai:bsb00031698_343.jpg,1713,7,0.3978807874779052,1.0,0.2576908848395857,0.14285714285714285,0.2857142857142857,0.2857142857142857,4.5,3.5
iconclass-ai:bsb00031698_345.jpg,1713,3,0.146720150668793,0.038461538461538464,0.02396520785267588,0.0,0.0,0.0,2.5,4.0
iconclass-ai:bsb00031698_346.jpg,1713,16,0.19703184145978622,0.125,0.04110096880567631,0.0,0.0,0.125,9.5,4.0
iconclass-ai:bsb00031698_347.jpg,1713,16,0.10918940210561145,0.2,0.043402212268718494,0.0,0.0625,0.0625,9.5,4.0
iconclass-ai:bsb00031698_37.jpg,1713,0,0.5358698658284978,,,,,,1.0,5.0
iconclass-ai:bsb00031698_370.jpg,1713,17,0.08612059016356721,0.01694915254237288,0.013335967315983605,0.0,0.0,0.0,9.5,6.0
iconclass-ai:bsb00031698_40.jpg,1713,0,0.5110162696566058,,,,,,1.0,6.0
iconclass-ai:bsb00031698_41.jpg,1713,0,0.6608018678902214,,,,,,1.0,7.0
iconclass-ai:bsb00031698_459.jpg,1713,2,0.18576564529414827,0.0014925373134328358,0.0018723947828425441,0.0,0.0,0.0,2.0,6.0
iconclass-ai:bsb00031698_46.jpg,1713,5,0.0,0.0009505703422053232,0.0021720411966208645,0.0,0.0,0.0,3.5,5.5
iconclass-ai:bsb00031698_460.jpg,1713,3,0.17525417434470086,0.001226993865030675,0.0021650370640467283,0.0,0.0,0.0,4.0,5.0
iconclass-ai:bsb00031698_462.jpg,1713,0,0.5059434079196955,,,,,,1.0,5.0
iconclass-ai:bsb00031698_472.jpg,1713,0,0.4637954541159652,,,,,,1.0,4.5
iconclass-ai:bsb00031698_57.jpg,1713,1,0.3171201234980236,0.0010775862068965517,0.0010775862068965517,0.0,0.0,0.0,2.0,3.0
iconclass-ai:bsb00031698_79.jpg,1713,1,0.05444309449346328,0.0007604562737642585,0.0007604562737642585,0.0,0.0,0.0,2.0,5.0
iconclass-ai:bsb00031698_88.jpg,1713,1,0.2387972909428687,0.0011655011655011655,0.0011655011655011655,0.0,0.0,0.0,2.0,5.0
iconclass-ai:bsb00031698_98.jpg,1713,0,0.19703846579190387,,,,,,1.0,3.0
iconclass-ai:bsb00032021_20.jpg,1713,5,0.6072717550289249,1.0,0.482984380192755,0.2,0.4,0.6,6.0,3.0
iconclass-ai:bsb00032021_24.jpg,1713,5,0.6656523925305577,1.0,0.622707147375079,0.2,0.6,0.6,6.0,3.0
iconclass-ai:bsb00032021_25.jpg,1713,5,0.5265017484278819,1.0,0.42895001600585364,0.2,0.4,0.4,6.0,3.0
iconclass-ai:bsb00032367_64.jpg,1713,3,0.10160212106668982,0.003278688524590164,0.0029022328898604803,0.0,0.0,0.0,2.0,4.0
iconclass-ai:bsb00032367_7.jpg,1713,8,0.18416991845046368,0.125,0.021042019392895926,0.0,0.0,0.125,5.0,4.0
iconclass-ai:bsb00032393_155.jpg,1713,10,0.3805757621115348,0.020833333333333332,0.012067490867485466,0.0,0.0,0.0,2.0,6.0
iconclass-ai:bsb00032393_355.jpg,1713,7,0.6614555793420916,0.09090909090909091,0.06860317443014301,0.0,0.0,0.0,1.0,2.0
iconclass-ai:bsb00032951_6.jpg,1713,1,0.07439844641537267,0.02631578947368421,0.02631578947368421,0.0,0.0,0.0,1.0,2.0
iconclass-ai:bsb00033562_26.jpg,1713,0,0.1658517219261677,,,,,,1.0,5.0
iconclass-ai:bsb00035255_101.jpg,1713,31,0.7999165760926543,0.5,0.4109682396292441,0.0,0.12903225806451613,0.2903225806451613,16.5,6.0
iconclass-ai:bsb00035255_105.jpg,1713,12,0.2711588554203361,0.3333333333333333,0.11123856107748709,0.0,0.08333333333333333,0.16666666666666666,7.0,4.5
iconclass-ai:bsb00035255_114.jpg,1713,27,0.7232366083980732,1.0,0.45409181882017197,0.037037037037037035,0.1111111111111111,0.25925925925925924,15.0,4.5
iconclass-ai:bsb00035255_116.jpg,1713,27,0.7486212302243074,1.0,0.4603538161060171,0.037037037037037035,0.1111111111111111,0.25925925925925924,14.5,6.0
iconclass-ai:bsb00035255_126.jpg,1713,43,0.8267993228615118,1.0,0.33562967047334225,0.023255813953488372,0.09302325581395349,0.16279069767441862,15.0,5.0
iconclass-ai:bsb00035255_129.jpg,1713,35,0.6578204008013866,1.0,0.3597480953090713,0.02857142857142857,0.08571428571428572,0.17142857142857143,18.5,6.0
iconclass-ai:bsb00035255_13.jpg,1713,11,0.43178302600656615,1.0,0.19746929829458548,0.09090909090909091,0.18181818181818182,0.2727272727272727,6.5,5.5
iconclass-ai:bsb00035255_139.jpg,1713,28,0.7151058422614411,1.0,0.40340349327048636,0.03571428571428571,0.14285714285714285,0.21428571428571427,15.0,5.5
iconclass-ai:bsb00035255_147.jpg,1713,27,0.807066940024623,1.0,0.5195054520610664,0.037037037037037035,0.14814814814814814,0.2962962962962963,28.0,7.0
iconclass-ai:bsb00035255_160.jpg,1713,27,0.816010196864898,1.0,0.5242054421176455,0.037037037037037035,0.1111111111111111,0.2962962962962963,14.5,6.5
iconclass-ai:bsb00035255_167.jpg,1713,27,0.8216679414267302,1.0,0.5050949199751421,0.037037037037037035,0.18518518518518517,0.25925925925925924,14.5,5.5
iconclass-ai:bsb00035255_181.jpg,1713,8,0.16978526418418102,0.0196078431372549,0.00849160873151968,0.0,0.0,0.0,2.0,4.0
iconclass-ai:bsb00035255_186.jpg,1713,33,0.6549782470511085,0.5,0.37439786205885883,0.0,0.09090909090909091,0.21212121212121213,18.0,6.0
iconclass-ai:bsb00035255_19.jpg,1713,12,0.31811346173623783,0.16666666666666666,0.10749626837126008,0.0,0.0,0.25,2.0,5.0
iconclass-ai:bsb00035255_191.jpg,1713,27,0.670102808787075,0.5,0.4754728559043582,0.0,0.14814814814814814,0.25925925925925924,28.0,7.0
iconclass-ai:bsb00035255_193.jpg,1713,11,0.39275428975276827,1.0,0.19556105662876389,0.09090909090909091,0.18181818181818182,0.18181818181818182,6.5,5.0
iconclass-ai:bsb00035255_23.jpg,1713,0,0.3603359424492762,,,,,,1.0,5.0
iconclass-ai:bsb00035255_27.jpg,1713,29,0.7711251246479442,1.0,0.4052509257959346,0.034482758620689655,0.13793103448275862,0.2413793103448276,15.5,5.0
iconclass-ai:bsb00035255_28.jpg,1713,34,0.6944481188815341,1.0,0.32529573332598966,0.029411764705882353,0.08823529411764706,0.17647058823529413,8.0,4.0
iconclass-ai:bsb00035255_30.jpg,1713,2,0.1590964408710665,0.016666666666666666,0.009253296534805274,0.0,0.0,0.0,3.0,2.0
iconclass-ai:bsb00035255_50.jpg,1713,33,0.7618327513361342,1.0,0.3890729706423741,0.030303030303030304,0.12121212121212122,0.21212121212121213,20.0,6.0
iconclass-ai:bsb00035255_62.jpg,1713,32,0.6468829115853127,1.0,0.3726857796518769,0.03125,0.125,0.15625,17.0,6.5
iconclass-ai:bsb00035255_67.jpg,1713,30,0.7374302535821998,1.0,0.3876723803427155,0.03333333333333333,0.13333333333333333,0.2,17.0,5.5
iconclass-ai:bsb00035255_71.jpg,1713,30,0.8444133104969053,1.0,0.4531750465617352,0.03333333333333333,0.13333333333333333,0.26666666666666666,17.0,5.5
iconclass-ai:bsb00035255_79.jpg,1713,27,0.80761279877275,1.0,0.5120865124534978,0.037037037037037035,0.14814814814814814,0.25925925925925924,14.5,6.0
iconclass-ai:bsb00035255_94.jpg,1713,28,0.7791672160653327,1.0,0.47854026959669177,0.03571428571428571,0.10714285714285714,0.25,15.0,6.5
iconclass-ai:bsb00035255_99.jpg,1713,33,0.8624746229286333,1.0,0.47775669029118184,0.030303030303030304,0.15151515151515152,0.24242424242424243,18.0,6.0
iconclass-ai:bsb00041184_238.jpg,1713,2,0.13806551205278886,0.006622516556291391,0.0069083805803039685,0.0,0.0,0.0,3.0,5.0
iconclass-ai:bsb00041184_33.jpg,1713,4,0.4080962964570214,1.0,0.2622432325931479,0.25,0.25,0.25,5.0,5.0
iconclass-ai:bsb00041184_47.jpg,1713,15,0.07272789112588746,0.005714285714285714,0.00807704786852794,0.0,0.0,0.0,8.5,6.0
iconclass-ai:bsb00041184_57.jpg,1713,4,0.41779312812494473,1.0,0.27019625788082163,0.25,0.25,0.25,5.0,5.0
iconclass-ai:bsb00041184_88.jpg,1713,0,0.3972615947348767,,,,,,1.0,6.0
iconclass-ai:bsb00045025_4.jpg,1713,5,0.02474724809231235,0.01282051282051282,0.012874486350473242,0.0,0.0,0.0,3.5,4.0
iconclass-ai:bsb00070432_48.jpg,1713,5,0.08238400199264753,0.008130081300813009,0.011337899011672682,0.0,0.0,0.0,2.0,5.0
iconclass-ai:embepu_c1627_pic006.jpg,1713,128,0.9444550224505781,0.5,0.19050947120807427,0.0,0.015625,0.0234375,4.5,3.0
iconclass-ai:embepu_c1627_pic011.jpg,1713,48,1.0,0.038461538461538464,0.054198370438006925,0.0,0.0,0.0,4.0,5.0
iconclass-ai:embepu_c1627_pic017.jpg,1713,98,0.9413088623205119,0.3333333333333333,0.11543148947915216,0.0,0.01020408163265306,0.01020408163265306,3.0,5.0
iconclass-ai:embepu_c1627_pic018.jpg,1713,19,1.0,0.14285714285714285,0.05624558847421318,0.0,0.0,0.05263157894736842,3.0,4.0
iconclass-ai:embepu_c1627_pic020.jpg,1713,83,1.0,0.5,0.13517716192577395,0.0,0.012048192771084338,0.024096385542168676,4.0,5.0
iconclass-ai:embepu_c1627_pic023.jpg,1713,33,1.0,1.0,0.06453198599562127,0.030303030303030304,0.030303030303030304,0.030303030303030304,1.0,4.0
iconclass-ai:embepu_c1627_pic028.jpg,1713,81,1.0,0.14285714285714285,0.11293984182636686,0.0,0.0,0.024691358024691357,1.5,5.0
iconclass-ai:embepu_c1627_pic030.jpg,1713,15,1.0,0.25,0.0354634449072622,0.0,0.06666666666666667,0.06666666666666667,1.0,5.0
iconclass-ai:embepu_c1627_pic035.jpg,1713,39,1.0,0.2,0.08522513420661905,0.0,0.02564102564102564,0.05128205128205128,3.5,4.0
iconclass-ai:embepu_c1627_pic037.jpg,1713,97,0.891451643687067,0.5,0.1330449596909547,0.0,0.020618556701030927,0.030927835051546393,3.0,4.0
iconclass-ai:embepu_c1627_pic051.jpg,1713,5,1.0,0.034482758620689655,0.010740840882683721,0.0,0.0,0.0,1.0,4.0
iconclass-ai:embepu_su1724_pic10002.jpg,1713,59,1.0,1.0,0.3568706205198339,0.01694915254237288,0.0847457627118644,0.1694915254237288,3.0,4.0
iconclass-ai:embepu_su1724_pic10005.jpg,1713,63,1.0,1.0,0.29232583238358656,0.015873015873015872,0.06349206349206349,0.09523809523809523,2.5,4.0
iconclass-ai:embepu_su1724_pic10012.jpg,1713,95,0.9444550224505781,1.0,0.27811205358407026,0.010526315789473684,0.031578947368421054,0.07368421052631578,4.0,4.0
iconclass-ai:embepu_su1724_pic10013.jpg,1713,69,1.0,1.0,0.3176750055417517,0.014492753623188406,0.057971014492753624,0.13043478260869565,3.0,4.0
iconclass-ai:embepu_su1724_pic10032.jpg,1713,78,1.0,1.0,0.2885284600526127,0.01282051282051282,0.0641025641025641,0.1282051282051282,4.5,4.0
iconclass-ai:embepu_su1724_pic10033.jpg,1713,80,1.0,1.0,0.2927832538820485,0.0125,0.0625,0.125,7.0,4.0
iconclass-ai:embepu_su1724_pic10036.jpg,1713,61,1.0,0.3333333333333333,0.195974989519895,0.0,0.03278688524590164,0.06557377049180328,3.0,3.0
iconclass-ai:embepu_su1724_pic10039.jpg,1713,91,1.0,1.0,0.18629986127142037,0.01098901098901099,0.02197802197802198,0.03296703296703297,7.0,4.0
iconclass-ai:embepu_su1724_pic10043.jpg,1713,68,1.0,1.0,0.25729481833703505,0.014705882352941176,0.058823529411764705,0.11764705882352941,3.5,4.0
iconclass-ai:embepu_su1724_pic20001.jpg,1713,95,1.0,1.0,0.2338775186784138,0.010526315789473684,0.031578947368421054,0.05263157894736842,9.5,3.5
iconclass-ai:embepu_su1724_pic20003.jpg,1713,55,1.0,1.0,0.3327118116738332,0.01818181818181818,0.07272727272727272,0.16363636363636364,7.5,4.0
iconclass-ai:embepu_su1724_pic20006.jpg,1713,92,1.0,1.0,0.3194468389883958,0.010869565217391304,0.05434782608695652,0.10869565217391304,12.0,4.0
iconclass-ai:embepu_su1724_pic20011.jpg,1713,53,1.0,1.0,0.3826498322494245,0.018867924528301886,0.09433962264150944,0.18867924528301888,2.5,4.0
iconclass-ai:embepu_su1724_pic20027.jpg,1713,115,1.0,1.0,0.2823460945674734,0.008695652173913044,0.043478260869565216,0.08695652173913043,5.5,4.0
iconclass-ai:embepu_su1724_pic20029.jpg,1713,94,1.0,1.0,0.2584613198271491,0.010638297872340425,0.05319148936170213,0.10638297872340426,9.0,4.0
iconclass-ai:embepu_su1724_pic20030.jpg,1713,104,1.0,1.0,0.30878857161232004,0.009615384615384616,0.04807692307692308,0.09615384615384616,10.0,4.0
iconclass-ai:embepu_su1724_pic20033.jpg,1713,83,1.0,1.0,0.32184177639201533,0.012048192771084338,0.060240963855421686,0.12048192771084337,8.5,4.0
iconclass-ai:embepu_su1724_pic20048.jpg,1713,111,1.0,1.0,0.31725795905009396,0.009009009009009009,0.04504504504504504,0.08108108108108109,10.5,4.0
iconclass-ai:embepu_su1724_pic20050.jpg,1713,60,1.0,1.0,0.2824228916670447,0.016666666666666666,0.05,0.11666666666666667,3.0,4.0
iconclass-ai:embepu_su1724_pic20053.jpg,1713,65,1.0,1.0,0.27809847771586294,0.015384615384615385,0.06153846153846154,0.12307692307692308,2.0,4.0
iconclass-ai:embepu_su1724_pic20060.jpg,1713,107,1.0,1.0,0.3010619792609342,0.009345794392523364,0.04672897196261682,0.07476635514018691,9.0,4.0
iconclass-ai:embhab_206-2-poet-3s_pic047.jpg,1713,19,1.0,0.06666666666666667,0.03501796152943953,0.0,0.0,0.0,2.0,4.0
iconclass-ai:embhab_21eth_pic089.jpg,1713,30,0.905211635630449,1.0,0.07956711709129867,0.03333333333333333,0.03333333333333333,0.03333333333333333,2.5,3.0
iconclass-ai:embhab_21eth_pic095.jpg,1713,101,1.0,1.0,0.15442474145830715,0.009900990099009901,0.019801980198019802,0.019801980198019802,3.0,4.0
iconclass-ai:embhab_21eth_pic107.jpg,1713,13,0.9421629198191348,0.02127659574468085,0.017713380991528548,0.0,0.0,0.0,1.0,4.0
iconclass-ai:embhab_21eth_pic131.jpg,1713,10,0.8170383195592322,0.5,0.12235173622681186,0.0,0.1,0.3,2.0,4.0
iconclass-ai:embhab_21eth_pic155.jpg,1713,19,0.8876656880611017,0.07142857142857142,0.059367350033608886,0.0,0.0,0.0,3.0,4.0
iconclass-ai:embhab_21eth_pic167.jpg,1713,83,1.0,1.0,0.1645335824963241,0.012048192771084338,0.024096385542168676,0.03614457831325301,4.0,5.0
iconclass-ai:embhab_21eth_pic173.jpg,1713,64,1.0,0.3333333333333333,0.09175672912782581,0.0,0.015625,0.015625,2.0,5.0
iconclass-ai:embhab_21eth_pic209.jpg,1713,28,0.7255647067125414,0.015151515151515152,0.02158658438069127,0.0,0.0,0.0,1.0,4.0
iconclass-ai:embhab_21eth_pic239.jpg,1713,62,0.9427412906209434,0.5,0.1029172107301063,0.0,0.03225806451612903,0.03225806451612903,4.5,4.0
iconclass-ai:embhab_21eth_pic257.jpg,1713,39,0.9420275544774096,1.0,0.11460974927246681,0.02564102564102564,0.05128205128205128,0.07692307692307693,3.5,4.0
iconclass-ai:embhab_21eth_pic269.jpg,1713,97,0.905211635630449,1.0,0.13911252520771114,0.010309278350515464,0.010309278350515464,0.030927835051546393,3.0,4.0
iconclass-ai:embhab_21eth_pic323.jpg,1713,49,0.8475427781811198,0.029411764705882353,0.03150563489661463,0.0,0.0,0.0,3.0,4.0
iconclass-ai:embhab_21eth_pic411.jpg,1713,77,0.7700882682886875,0.1111111111111111,0.07065811413810363,0.0,0.0,0.012987012987012988,3.5,5.0
iconclass-ai:embhab_21eth_pic415.jpg,1713,12,0.9290474019653158,0.5,0.10004511868521908,0.0,0.08333333333333333,0.08333333333333333,1.0,4.0
iconclass-ai:embhab_21eth_pic427.jpg,1713,22,0.9404875240541908,0.3333333333333333,0.07412530076475708,0.0,0.045454545454545456,0.045454545454545456,2.5,4.0
iconclass-ai:embhab_21eth_pic431.jpg,1713,68,0.8239265869615359,0.125,0.07998898778060952,0.0,0.0,0.014705882352941176,1.0,5.0
iconclass-ai:embhab_21eth_pic435.jpg,1713,55,1.0,0.16666666666666666,0.07471485818944953,0.0,0.0,0.01818181818181818,1.0,4.5
iconclass-ai:embhab_21eth_pic451.jpg,1713,68,0.5585534717437609,0.16666666666666666,0.08008729311973914,0.0,0.0,0.029411764705882353,1.5,3.5
iconclass-ai:embhab_21eth_pic459.jpg,1713,45,0.7959251809270143,0.16666666666666666,0.0374571081150047,0.0,0.0,0.022222222222222223,2.5,5.0
iconclass-ai:embhab_21eth_pic471.jpg,1713,68,0.9037098522445899,0.06666666666666667,0.08233633186849554,0.0,0.0,0.0,2.0,4.0
iconclass-ai:embhab_21eth_pic475.jpg,1713,76,0.9266360779006398,0.125,0.091112823572093,0.0,0.0,0.02631578947368421,3.5,4.0
iconclass-ai:embhab_21eth_pic481.jpg,1713,24,1.0,0.3333333333333333,0.056705871793580664,0.0,0.08333333333333333,0.08333333333333333,2.0,4.5
iconclass-ai:embhab_21eth_pic538.jpg,1713,46,0.48006117753205335,1.0,0.06959951606875747,0.021739130434782608,0.021739130434782608,0.021739130434782608,2.0,6.0
iconclass-ai:embhab_21eth_pic592.jpg,1713,56,0.3325250534065049,1.0,0.0756725567889502,0.017857142857142856,0.017857142857142856,0.017857142857142856,1.0,6.0
iconclass-ai:embhab_2f-kapsel-1-19s_pic031.jpg,1713,48,1.0,0.022222222222222223,0.027990549630768802,0.0,0.0,0.0,1.0,3.0
iconclass-ai:embhab_2f-kapsel-1-19s_pic053.jpg,1713,8,1.0,0.3333333333333333,0.04817121832721242,0.0,0.125,0.125,2.0,4.0
iconclass-ai:embhab_41-2-geom-4s_pic069.jpg,1713,18,0.689178821938925,1.0,0.14651747085094594,0.05555555555555555,0.05555555555555555,0.1111111111111111,2.0,4.0
iconclass-ai:embhab_41-2-geom-4s_pic141.jpg,1713,14,0.7550090852128359,1.0,0.1978716546657414,0.07142857142857142,0.14285714285714285,0.21428571428571427,2.0,4.0
iconclass-ai:embhab_41-2-geom-4s_pic151.jpg,1713,20,0.8055216853721846,1.0,0.09808319349276182,0.05,0.1,0.1,2.0,4.0
iconclass-ai:embhab_gm-4f-19_pic03504.jpg,1713,8,1.0,0.020833333333333332,0.00927820512746422,0.0,0.0,0.0,1.0,3.0
iconclass-ai:embhab_gm-4f-19_pic04302.jpg,1713,23,1.0,0.14285714285714285,0.053394148176956036,0.0,0.0,0.08695652173913043,2.5,4.0
iconclass-ai:embhab_gm-4f-19_pic06101.jpg,1713,20,1.0,1.0,0.1362865040777536,0.05,0.1,0.1,5.0,4.0
iconclass-ai:embhab_gm-4f-19_pic06102.jpg,1713,9,1.0,1.0,0.3115146395820261,0.1111111111111111,0.3333333333333333,0.3333333333333333,1.0,5.0
iconclass-ai:embhab_gm-4f-19_pic06109.jpg,1713,26,1.0,0.5,0.10488491439672122,0.0,0.038461538461538464,0.07692307692307693,3.0,5.0
iconclass-ai:embhab_gm-4f-19_pic06703.jpg,1713,12,0.931885505886703,0.3333333333333333,0.10239419703823242,0.0,0.16666666666666666,0.16666666666666666,1.0,3.0
iconclass-ai:embhab_gm-4f-19_pic06705.jpg,1713,15,1.0,0.06666666666666667,0.039432078085827355,0.0,0.0,0.0,2.0,3.0
iconclass-ai:embhab_gm-4f-19_pic07001.jpg,1713,8,0.8168628634535418,1.0,0.14353533212098304,0.125,0.125,0.125,1.0,3.0
iconclass-ai:embhab_gm-4f-19_pic07003.jpg,1713,21,0.8812627795375442,0.14285714285714285,0.0658698413216411,0.0,0.0,0.047619047619047616,3.0,3.0
iconclass-ai:embhab_gm-4f-19_pic07701.jpg,1713,25,0.8809750481083818,1.0,0.25634947135819613,0.04,0.12,0.24,4.5,3.0
iconclass-ai:embhab_gm-4f-19_pic08702.jpg,1713,17,1.0,0.16666666666666666,0.04514596584731219,0.0,0.0,0.058823529411764705,2.0,5.5
iconclass-ai:embhab_gm-4f-19_pic09001.jpg,1713,6,1.0,0.06666666666666667,0.03730548568631709,0.0,0.0,0.0,1.5,4.0
iconclass-ai:embhab_gm-4f-19_pic09002.jpg,1713,8,1.0,0.01639344262295082,0.010770139971237503,0.0,0.0,0.0,1.0,2.0
iconclass-ai:embhab_gm-4f-19_pic10503.jpg,1713,55,0.9413088623205119,0.05263157894736842,0.050858750605902156,0.0,0.0,0.0,2.0,3.0
iconclass-ai:embhab_gm-4f-19_pic11302.jpg,1713,72,1.0,1.0,0.1375237848934197,0.013888888888888888,0.041666666666666664,0.041666666666666664,7.5,3.0
iconclass-ai:embhab_gm-4f-19_pic11304.jpg,1713,25,1.0,1.0,0.12202895920189852,0.04,0.08,0.08,1.0,3.0
iconclass-ai:embhab_gm-4f-19_pic11601.jpg,1713,12,1.0,0.06666666666666667,0.023707608346792294,0.0,0.0,0.0,2.5,5.0
iconclass-ai:embhab_gm-4f-19_pic11602.jpg,1713,11,1.0,0.02564102564102564,0.02160517564163885,0.0,0.0,0.0,2.0,4.0
iconclass-ai:embhab_gm-4f-19_pic11604.jpg,1713,59,1.0,0.023255813953488372,0.040820701409841516,0.0,0.0,0.0,4.0,3.5
iconclass-ai:embhab_gm-4f-19_pic12001.jpg,1713,49,1.0,0.5,0.08184750701796979,0.0,0.02040816326530612,0.061224489795918366,2.5,3.0
iconclass-ai:embhab_gm-4f-19_pic14101.jpg,1713,21,1.0,0.25,0.06402007641205963,0.0,0.047619047619047616,0.047619047619047616,4.0,4.0
iconclass-ai:embhab_gm-4f-19_pic14502.jpg,1713,27,1.0,0.02857142857142857,0.019252891652948786,0.0,0.0,0.0,1.0,4.0
iconclass-ai:embhab_gm-4f-19_pic14504.jpg,1713,16,1.0,0.16666666666666666,0.1294457274182733,0.0,0.0,0.1875,2.0,4.0
iconclass-ai:embhab_gm-4f-19_pic14505.jpg,1713,34,1.0,1.0,0.1554460701801612,0.029411764705882353,0.08823529411764706,0.08823529411764706,2.0,4.0
iconclass-ai:embhab_gm-4f-19_pic14507.jpg,1713,27,1.0,0.08333333333333333,0.05452211590869365,0.0,0.0,0.0,2.0,4.5
iconclass-ai:embhab_gm-4f-19_pic15301.jpg,1713,45,1.0,0.3333333333333333,0.09665918229690497,0.0,0.044444444444444446,0.044444444444444446,5.0,3.0
iconclass-ai:embhab_li6643-2_pic017.jpg,1713,25,0.9491033694408385,0.5,0.04217158670388156,0.0,0.04,0.04,3.0,4.0
iconclass-ai:embhab_li6643-2_pic025.jpg,1713,72,1.0,0.25,0.07853204737599521,0.0,0.013888888888888888,0.027777777777777776,9.0,4.0
iconclass-ai:embhab_li6643-2_pic027.jpg,1713,8,1.0,0.011111111111111112,0.006887186564670658,0.0,0.0,0.0,1.0,4.0
iconclass-ai:embhab_li6643-2_pic051.jpg,1713,21,1.0,0.3333333333333333,0.058256247863154184,0.0,0.047619047619047616,0.09523809523809523,3.0,5.0
iconclass-ai:embhab_li6643-2_pic059.jpg,1713,14,1.0,0.5,0.05199606948399972,0.0,0.07142857142857142,0.07142857142857142,2.0,4.0
iconclass-ai:embhab_li6643-2_pic061.jpg,1713,19,1.0,0.0625,0.021077671737035283,0.0,0.0,0.0,2.0,5.0
iconclass-ai:embhab_li6643-2_pic063.jpg,1713,43,1.0,1.0,0.09363059305597192,0.023255813953488372,0.023255813953488372,0.046511627906976744,4.5,3.0
iconclass-ai:embhab_li6643-2_pic067.jpg,1713,20,1.0,0.01818181818181818,0.020228389086448098,0.0,0.0,0.0,3.0,3.5
iconclass-ai:embhab_li6643-2_pic079.jpg,1713,75,1.0,1.0,0.17491800322523549,0.013333333333333334,0.02666666666666667,0.02666666666666667,6.0,3.0
iconclass-ai:embhab_li6643-2_pic089.jpg,1713,26,1.0,1.0,0.10124788700880429,0.038461538461538464,0.038461538461538464,0.07692307692307693,1.0,3.0
iconclass-ai:embhab_li6643-2_pic095.jpg,1713,37,1.0,0.5,0.15721807885651384,0.0,0.08108108108108109,0.13513513513513514,4.5,4.0
iconclass-ai:embhab_li6643-2_pic103.jpg,1713,12,1.0,0.0625,0.031184165746946685,0.0,0.0,0.0,1.0,3.0
iconclass-ai:embhab_li6643-2_pic107.jpg,1713,20,1.0,1.0,0.09427657737981422,0.05,0.05,0.1,3.0,3.0
iconclass-ai:embhab_li6643-2_pic117.jpg,1713,9,1.0,0.024390243902439025,0.017855230823490963,0.0,0.0,0.0,2.0,5.0
iconclass-ai:embhab_li6643-2_pic131.jpg,1713,6,1.0,0.006944444444444444,0.012676641608093222,0.0,0.0,0.0,1.5,3.0
iconclass-ai:embhab_li6643-2_pic153.jpg,1713,2,1.0,0.0055248618784530384,0.0036013571137231636,0.0,0.0,0.0,1.0,4.0
iconclass-ai:embhab_li6643-2_pic157.jpg,1713,3,1.0,0.5,0.21197243755383288,0.0,0.3333333333333333,0.3333333333333333,1.0,5.0
iconclass-ai:embhab_li6643-2_pic159.jpg,1713,2,1.0,0.013157894736842105,0.007543267522712277,0.0,0.0,0.0,1.0,3.0
iconclass-ai:embhab_li6643-2_pic165.jpg,1713,69,1.0,1.0,0.09115827636262105,0.014492753623188406,0.014492753623188406,0.028985507246376812,1.5,4.0
iconclass-ai:embhab_li6643-2_pic167.jpg,1713,31,1.0,0.015873015873015872,0.02622709653049713,0.0,0.0,0.0,2.0,3.0
iconclass-ai:embhab_li6643-2_pic179.jpg,1713,44,1.0,0.02857142857142857,0.03640430952710809,0.0,0.0,0.0,2.5,4.0
iconclass-ai:embhab_li6643-2_pic181.jpg,1713,23,1.0,0.09090909090909091,0.03766397573963848,0.0,0.0,0.0,1.0,4.0
iconclass-ai:embhab_li6643-2_pic187.jpg,1713,97,1.0,0.25,0.14392019082922594,0.0,0.010309278350515464,0.020618556701030927,9.5,3.0
iconclass-ai:embhab_li6643-2_pic201.jpg,1713,13,1.0,0.02040816326530612,0.01684010061447124,0.0,0.0,0.0,2.0,4.0
iconclass-ai:embhab_ma-732_pic026.jpg,1713,7,1.0,0.011235955056179775,0.007442360596426897,0.0,0.0,0.0,2.0,3.0
iconclass-ai:embhab_ma-732_pic028.jpg,1713,4,0.8287330285041267,0.008403361344537815,0.005906931330465577,0.0,0.0,0.0,1.0,3.5
iconclass-ai:embhab_ma-732_pic036.jpg,1713,33,0.666894068955621,0.0196078431372549,0.03280038173964744,0.0,0.0,0.0,2.5,4.0
iconclass-ai:embhab_ma-732_pic038.jpg,1713,25,0.9372813848170596,0.125,0.06364536866755627,0.0,0.0,0.04,1.0,4.0
iconclass-ai:embhab_ma-732_pic054.jpg,1713,1,0.9491033694408385,0.0025380710659898475,0.0025380710659898475,0.0,0.0,0.0,1.0,4.0
iconclass-ai:embhab_ma-732_pic066.jpg,1713,7,0.8686243309549375,0.016129032258064516,0.006866789660250694,0.0,0.0,0.0,1.0,3.0
iconclass-ai:embhab_ma-732_pic070.jpg,1713,22,0.7647243216322649,0.02,0.026664284198757462,0.0,0.0,0.0,2.0,5.0
iconclass-ai:embhab_ma-732_pic074.jpg,1713,1,1.0,0.003703703703703704,0.003703703703703704,0.0,0.0,0.0,1.0,4.0
iconclass-ai:embhab_ma-732_pic080.jpg,1713,13,0.931885505886703,0.030303030303030304,0.01581682197018163,0.0,0.0,0.0,1.0,3.0
iconclass-ai:embhab_ma-732_pic090.jpg,1713,17,0.9413088623205119,0.5,0.049649543500173546,0.0,0.058823529411764705,0.058823529411764705,2.5,4.5
iconclass-ai:embhab_ma-732_pic104.jpg,1713,10,0.8732726779451979,0.007936507936507936,0.011455189323973911,0.0,0.0,0.0,1.0,3.5
iconclass-ai:embhab_ma-732_pic108.jpg,1713,9,0.7122471944749265,0.03333333333333333,0.01985826914409586,0.0,0.0,0.0,2.0,4.0
iconclass-ai:embhab_ma-732_pic124.jpg,1713,77,0.931885505886703,0.07142857142857142,0.09037991206630874,0.0,0.0,0.0,1.0,4.0
iconclass-ai:embhab_ma-732_pic138.jpg,1713,4,0.7137493813351207,0.00684931506849315,0.005024225847536393,0.0,0.0,0.0,2.0,4.0
iconclass-ai:embhab_ma-732_pic142.jpg,1713,38,0.8361326019851273,0.5,0.05907783506364037,0.0,0.02631578947368421,0.05263157894736842,2.0,4.0
iconclass-ai:embhab_p-522a-2f-helmst_pic009.jpg,1713,104,0.5483797964600537,0.16666666666666666,0.08259614110879342,0.0,0.0,0.009615384615384616,2.0,4.0
iconclass-ai:embhab_p-522a-2f-helmst_pic035.jpg,1713,63,0.8788821271231919,0.5,0.07809370482590082,0.0,0.015873015873015872,0.015873015873015872,1.5,4.5
iconclass-ai:embhab_sf-231-1s_pic006.jpg,1713,46,1.0,0.024390243902439025,0.03987286302766366,0.0,0.0,0.0,2.0,5.0
iconclass-ai:embhab_sf-231-1s_pic015.jpg,1713,16,0.931885505886703,0.5,0.05907043539558327,0.0,0.0625,0.0625,1.5,4.5
iconclass-ai:embhab_th-1402_pic029.jpg,1713,11,1.0,0.008403361344537815,0.0071074434007936055,0.0,0.0,0.0,3.5,4.0
iconclass-ai:embhab_th-1402_pic040.jpg,1713,58,1.0,0.05263157894736842,0.07028237862501983,0.0,0.0,0.0,6.5,4.0
iconclass-ai:embhab_th-1402_pic046.jpg,1713,8,0.9469966212364886,0.016666666666666666,0.013753483264267683,0.0,0.0,0.0,2.0,5.0
iconclass-ai:embhab_th-1402_pic052.jpg,1713,28,1.0,0.020833333333333332,0.03376066363673829,0.0,0.0,0.0,2.0,3.0
iconclass-ai:embhab_th-1402_pic082.jpg,1713,11,1.0,0.05555555555555555,0.021999477863683684,0.0,0.0,0.0,4.0,5.0
iconclass-ai:embhab_th-1402_pic154.jpg,1713,29,1.0,0.25,0.09329235727304344,0.0,0.034482758620689655,0.10344827586206896,1.0,4.0
iconclass-ai:embhab_uh-103_pic024.jpg,1713,68,1.0,1.0,0.18191667064891148,0.014705882352941176,0.07352941176470588,0.08823529411764706,3.5,3.5
iconclass-ai:embhab_uh-103_pic034.jpg,1713,71,1.0,1.0,0.16401804417682758,0.014084507042253521,0.04225352112676056,0.07042253521126761,2.0,3.0
iconclass-ai:embhab_uh-103_pic048.jpg,1713,37,1.0,0.5,0.12468675673104267,0.0,0.08108108108108109,0.13513513513513514,1.0,3.0
iconclass-ai:embhab_uh-103_pic060.jpg,1713,46,1.0,1.0,0.2210232616850649,0.021739130434782608,0.10869565217391304,0.15217391304347827,2.0,3.0
iconclass-ai:embhab_uh-103_pic062.jpg,1713,49,0.9241693085043592,1.0,0.14639090656255602,0.02040816326530612,0.08163265306122448,0.08163265306122448,1.0,3.0
iconclass-ai:embhab_uh-103_pic072.jpg,1713,33,1.0,1.0,0.2592406751891984,0.030303030303030304,0.15151515151515152,0.15151515151515152,2.0,3.0
iconclass-ai:embhab_uh-103_pic074.jpg,1713,76,1.0,1.0,0.17445352313161058,0.013157894736842105,0.06578947368421052,0.09210526315789473,2.5,3.0
iconclass-ai:embhab_uh-103_pic084.jpg,1713,86,1.0,1.0,0.13329837028235644,0.011627906976744186,0.023255813953488372,0.03488372093023256,3.0,3.0
iconclass-ai:embhab_uh-103_pic088.jpg,1713,71,0.931885505886703,1.0,0.15798427698489312,0.014084507042253521,0.04225352112676056,0.056338028169014086,1.0,3.0
iconclass-ai:embhab_uh-103_pic096.jpg,1713,40,1.0,0.25,0.07700839290432006,0.0,0.025,0.025,1.0,2.0
iconclass-ai:embhab_uk40_pic022.jpg,1713,38,1.0,1.0,0.09834795181744731,0.02631578947368421,0.05263157894736842,0.05263157894736842,2.0,5.0
iconclass-ai:embhab_uk40_pic046.jpg,1713,19,1.0,0.023255813953488372,0.022195699462242615,0.0,0.0,0.0,3.0,4.0
iconclass-ai:embhab_uk40_pic048.jpg,1713,22,1.0,0.16666666666666666,0.04103566519117176,0.0,0.0,0.045454545454545456,1.0,4.0
iconclass-ai:embhab_uk40_pic050.jpg,1713,15,1.0,0.125,0.0519735747805357,0.0,0.0,0.06666666666666667,1.0,4.5
iconclass-ai:embhab_uk40_pic070.jpg,1713,57,0.891451643687067,1.0,0.09992373340645191,0.017543859649122806,0.03508771929824561,0.03508771929824561,3.0,5.0
iconclass-ai:embhab_uk40_pic076.jpg,1713,30,1.0,1.0,0.15363067293492566,0.03333333333333333,0.06666666666666667,0.1,2.5,5.5
iconclass-ai:embhab_uk40_pic084.jpg,1713,104,1.0,0.1,0.09633363225904984,0.0,0.0,0.009615384615384616,10.0,4.0
iconclass-ai:embhab_wa-6382_pic021.jpg,1713,25,0.9491033694408385,0.09090909090909091,0.0647101481929691,0.0,0.0,0.0,5.0,4.0
iconclass-ai:embhab_wa-6382_pic035.jpg,1713,79,1.0,1.0,0.1770405723828325,0.012658227848101266,0.02531645569620253,0.0379746835443038,4.5,4.0
iconclass-ai:embhab_wa-6382_pic043.jpg,1713,7,1.0,0.015151515151515152,0.0247771538866344,0.0,0.0,0.0,2.0,3.0
iconclass-ai:embhab_wa-6382_pic052.jpg,1713,26,0.9444550224505781,1.0,0.12970973450917256,0.038461538461538464,0.07692307692307693,0.07692307692307693,3.0,5.0
iconclass-ai:embhab_wa-6382_pic063.jpg,1713,8,0.9444550224505781,0.0033222591362126247,0.005707034400653625,0.0,0.0,0.0,1.0,4.0
iconclass-ai:embhab_wa-6382_pic069.jpg,1713,52,1.0,0.5,0.13244277908824478,0.0,0.038461538461538464,0.057692307692307696,5.0,4.0
iconclass-ai:embhab_wa-6382_pic087.jpg,1713,53,0.9372813848170596,0.3333333333333333,0.1351510154414056,0.0,0.03773584905660377,0.05660377358490566,5.0,4.0
iconclass-ai:embhab_wa-6382_pic121.jpg,1713,68,1.0,1.0,0.18547073497623479,0.014705882352941176,0.04411764705882353,0.07352941176470588,2.5,4.0
iconclass-ai:embhab_wa-6382_pic197.jpg,1713,3,1.0,0.001718213058419244,0.0019999839757506585,0.0,0.0,0.0,1.5,2.5
iconclass-ai:embhab_wa-6382_pic234.jpg,1713,62,0.773413986802187,0.5,0.13712098894623018,0.0,0.016129032258064516,0.04838709677419355,1.5,4.0
iconclass-ai:embhab_wa-6382_pic243.jpg,1713,71,1.0,0.5,0.10356688248954263,0.0,0.028169014084507043,0.04225352112676056,2.0,4.0
iconclass-ai:embhab_wa-6382_pic250.jpg,1713,78,1.0,0.14285714285714285,0.10376464254857577,0.0,0.0,0.01282051282051282,4.0,3.0
iconclass-ai:embhab_wa-6382_pic266.jpg,1713,72,1.0,0.5,0.16858342855896305,0.0,0.027777777777777776,0.05555555555555555,3.0,4.0
iconclass-ai:embhab_wa-6382_pic273.jpg,1713,1,1.0,0.0009416195856873823,0.0009416195856873823,0.0,0.0,0.0,1.0,4.0
iconclass-ai:embhab_wa-6382_pic306.jpg,1713,12,1.0,0.05555555555555555,0.04136181597379214,0.0,0.0,0.0,1.0,4.5
iconclass-ai:embhab_wa-6382_pic345.jpg,1713,68,1.0,0.2,0.13574212371628078,0.0,0.014705882352941176,0.07352941176470588,3.5,4.0
iconclass-ai:embhab_xb-6512_pic025.jpg,1713,66,1.0,1.0,0.7751136227739145,0.015151515151515152,0.06060606060606061,0.13636363636363635,3.0,3.0
iconclass-ai:embhab_xb-6512_pic031.jpg,1713,117,1.0,1.0,0.5705360990852366,0.008547008547008548,0.042735042735042736,0.08547008547008547,4.0,5.0
iconclass-ai:embhab_xb-6512_pic037.jpg,1713,77,1.0,0.5,0.6602577240514182,0.0,0.05194805194805195,0.11688311688311688,4.0,3.5
iconclass-ai:embhab_xb-6512_pic041.jpg,1713,65,1.0,0.5,0.6740789779764135,0.0,0.046153846153846156,0.12307692307692308,2.0,3.0
iconclass-ai:embhab_xb-6512_pic047.jpg,1713,8,1.0,0.25,0.12202206386804035,0.0,0.125,0.25,2.0,5.0
iconclass-ai:embhab_xb-6512_pic049.jpg,1713,7,1.0,0.25,0.11915041880579849,0.0,0.14285714285714285,0.2857142857142857,1.0,5.0
iconclass-ai:embhab_xb-6512_pic055.jpg,1713,33,1.0,0.08333333333333333,0.06755108251520561,0.0,0.0,0.0,3.0,4.0
iconclass-ai:embhab_xb-6512_pic093.jpg,1713,69,1.0,1.0,0.7106698960244612,0.014492753623188406,0.07246376811594203,0.14492753623188406,6.5,5.0
iconclass-ai:embhab_xb-6512_pic123.jpg,1713,66,1.0,1.0,0.8378632891622682,0.015151515151515152,0.07575757575757576,0.15151515151515152,2.0,5.0
iconclass-ai:embhab_xb-6512_pic129.jpg,1713,68,1.0,1.0,0.8371487446071035,0.014705882352941176,0.07352941176470588,0.1323529411764706,5.0,5.0
iconclass-ai:embhab_xb-6512_pic145.jpg,1713,75,1.0,1.0,0.6883950311805378,0.013333333333333334,0.05333333333333334,0.12,7.0,3.5
iconclass-ai:embhab_xb-6512_pic147.jpg,1713,66,1.0,1.0,0.8386127159643458,0.015151515151515152,0.07575757575757576,0.13636363636363635,2.5,4.5
iconclass-ai:embhab_xb-6512_pic163.jpg,1713,65,1.0,1.0,0.8620551727984087,0.015384615384615385,0.07692307692307693,0.15384615384615385,1.0,5.0
iconclass-ai:embhab_xb-6512_pic173.jpg,1713,63,1.0,1.0,0.7114802000077544,0.015873015873015872,0.06349206349206349,0.1111111111111111,2.0,5.0
iconclass-ai:embhab_xb-6512_pic187.jpg,1713,72,1.0,1.0,0.5843537377994202,0.013888888888888888,0.06944444444444445,0.1388888888888889,5.0,4.0
iconclass-ai:embhab_xb-6512_pic193.jpg,1713,66,1.0,1.0,0.8812205736625837,0.015151515151515152,0.07575757575757576,0.13636363636363635,4.0,5.0
iconclass-ai:embhab_xb-6512_pic195.jpg,1713,64,1.0,1.0,0.9068165499912436,0.015625,0.078125,0.15625,2.0,4.0
iconclass-ai:embhab_xb-6512_pic221.jpg,1713,63,1.0,1.0,0.8098948804532501,0.015873015873015872,0.07936507936507936,0.15873015873015872,2.0,6.0
iconclass-ai:embhab_xb-6512_pic225.jpg,1713,63,1.0,1.0,0.8638975786386165,0.015873015873015872,0.07936507936507936,0.15873015873015872,2.0,7.0
iconclass-ai:embhab_xb-6512_pic233.jpg,1713,8,1.0,0.058823529411764705,0.05871896660580686,0.0,0.0,0.0,3.0,5.0
iconclass-ai:embhab_xb-6512_pic235.jpg,1713,72,1.0,1.0,0.6795196454837816,0.013888888888888888,0.06944444444444445,0.1388888888888889,1.0,6.0
iconclass-ai:embhab_xb-6512_pic255.jpg,1713,63,1.0,1.0,0.9044171210511656,0.015873015873015872,0.07936507936507936,0.14285714285714285,1.0,6.0
iconclass-ai:embhab_xb-6512_pic263.jpg,1713,68,1.0,1.0,0.9027373416238432,0.014705882352941176,0.07352941176470588,0.14705882352941177,3.0,4.0
iconclass-ai:embhab_xb-6512_pic271.jpg,1713,63,1.0,1.0,0.7819821824435238,0.015873015873015872,0.07936507936507936,0.15873015873015872,1.0,4.0
iconclass-ai:embhab_xb-6512_pic279.jpg,1713,36,1.0,0.14285714285714285,0.05770389029564335,0.0,0.0,0.027777777777777776,5.0,4.0
iconclass-ai:embhab_xb-6512_pic281.jpg,1713,91,1.0,1.0,0.7725213415715662,0.01098901098901099,0.054945054945054944,0.10989010989010989,6.0,4.0
iconclass-ai:embhab_xb-6512_pic285.jpg,1713,67,1.0,1.0,0.774643888181051,0.014925373134328358,0.05970149253731343,0.11940298507462686,4.0,3.0
iconclass-ai:embhab_xb-6512_pic301.jpg,1713,68,1.0,0.5,0.5941296372970601,0.0,0.058823529411764705,0.1323529411764706,3.0,3.0
iconclass-ai:embhab_xb-6512_pic303.jpg,1713,67,1.0,1.0,0.81254928143345,0.014925373134328358,0.07462686567164178,0.14925373134328357,4.0,4.5
iconclass-ai:embhab_xb-6512_pic307.jpg,1713,66,1.0,1.0,0.87134721919853,0.015151515151515152,0.07575757575757576,0.15151515151515152,2.0,4.0
iconclass-ai:embhab_xb-6512_pic317.jpg,1713,127,1.0,1.0,0.5664189172710771,0.007874015748031496,0.03937007874015748,0.07874015748031496,7.0,4.0
iconclass-ai:embhab_xb-6512_pic341.jpg,1713,75,1.0,1.0,0.8267914886552004,0.013333333333333334,0.06666666666666667,0.13333333333333333,7.0,4.0
iconclass-ai:embhab_xb-6512_pic369.jpg,1713,72,1.0,1.0,0.6502218940347355,0.013888888888888888,0.06944444444444445,0.1388888888888889,5.0,4.0
iconclass-ai:embhab_xb-6512_pic385.jpg,1713,69,1.0,1.0,0.666453060421528,0.014492753623188406,0.057971014492753624,0.13043478260869565,3.5,4.0
iconclass-ai:embhab_xb-6512_pic405.jpg,1713,79,1.0,1.0,0.760715237280404,0.012658227848101266,0.06329113924050633,0.12658227848101267,10.5,4.0
iconclass-ai:embhab_xb-6512_pic411.jpg,1713,71,1.0,1.0,0.81921205559506,0.014084507042253521,0.07042253521126761,0.1267605633802817,8.5,4.0
iconclass-ai:embhab_xb-6512_pic421.jpg,1713,77,1.0,1.0,0.6886023862096333,0.012987012987012988,0.06493506493506493,0.11688311688311688,11.0,3.5
iconclass-ai:embhab_xb-6512_pic431.jpg,1713,70,1.0,1.0,0.8999493148047261,0.014285714285714285,0.07142857142857142,0.14285714285714285,5.5,5.0
iconclass-ai:embhab_xb-6512_pic433.jpg,1713,75,1.0,1.0,0.7734780369932862,0.013333333333333334,0.06666666666666667,0.13333333333333333,6.0,4.0
iconclass-ai:embhab_xb-6512_pic435.jpg,1713,74,1.0,1.0,0.8247925044521753,0.013513513513513514,0.06756756756756757,0.13513513513513514,2.5,5.0
iconclass-ai:embhab_xb-6512_pic463.jpg,1713,70,1.0,1.0,0.7871957694811746,0.014285714285714285,0.05714285714285714,0.11428571428571428,4.0,3.0
iconclass-ai:embhab_xb-6512_pic473.jpg,1713,71,1.0,1.0,0.7981859025073077,0.014084507042253521,0.07042253521126761,0.14084507042253522,9.0,4.0
iconclass-ai:embhab_xb-6512_pic477.jpg,1713,67,1.0,1.0,0.8355013440053307,0.014925373134328358,0.05970149253731343,0.13432835820895522,2.0,5.0
iconclass-ai:embhab_xb-6512_pic479.jpg,1713,8,1.0,0.3333333333333333,0.1802595308680501,0.0,0.125,0.125,2.5,5.5
iconclass-ai:embhab_xb-6512_pic491.jpg,1713,93,1.0,1.0,0.5075577337121852,0.010752688172043012,0.053763440860215055,0.08602150537634409,15.0,4.5
iconclass-ai:embhab_xb-6512_pic499.jpg,1713,68,1.0,1.0,0.7925334990491751,0.014705882352941176,0.058823529411764705,0.1323529411764706,6.0,5.0
iconclass-ai:embhab_xb-6512_pic527.jpg,1713,68,1.0,1.0,0.7897998621668159,0.014705882352941176,0.07352941176470588,0.14705882352941177,4.0,4.0
iconclass-ai:embhab_xb-6512_pic553.jpg,1713,69,1.0,1.0,0.899093811118186,0.014492753623188406,0.07246376811594203,0.14492753623188406,6.0,4.0
iconclass-ai:embhab_xb-6512_pic561.jpg,1713,0,1.0,,,,,,1.0,5.5
iconclass-ai:embhab_xb-6512_pic581.jpg,1713,67,1.0,1.0,0.7706081472154434,0.014925373134328358,0.07462686567164178,0.14925373134328357,3.0,4.0
iconclass-ai:embhab_xb-6512_pic589.jpg,1713,65,1.0,1.0,0.8329156587445636,0.015384615384615385,0.07692307692307693,0.15384615384615385,2.0,5.0
iconclass-ai:embhab_xb-6512_pic593.jpg,1713,72,1.0,1.0,0.6584848368594626,0.013888888888888888,0.06944444444444445,0.1388888888888889,12.0,4.0
iconclass-ai:embhab_xb-6512_pic603.jpg,1713,69,1.0,1.0,0.6944688075971007,0.014492753623188406,0.057971014492753624,0.13043478260869565,4.5,4.0
iconclass-ai:embhab_xb-6512_pic609.jpg,1713,72,1.0,1.0,0.6733128439552182,0.013888888888888888,0.06944444444444445,0.125,3.0,4.0
iconclass-ai:embhab_xb-6512_pic615.jpg,1713,77,1.0,1.0,0.7620566752470184,0.012987012987012988,0.06493506493506493,0.12987012987012986,7.0,4.0
iconclass-ai:embhab_xb-6512_pic627.jpg,1713,70,1.0,1.0,0.7174060529414625,0.014285714285714285,0.07142857142857142,0.14285714285714285,2.0,5.0
iconclass-ai:embhab_xb-6512_pic629.jpg,1713,74,1.0,1.0,0.6548637454327153,0.013513513513513514,0.05405405405405406,0.10810810810810811,4.0,3.5
iconclass-ai:embhab_xb-6512_pic645.jpg,1713,66,1.0,1.0,0.7355729746753195,0.015151515151515152,0.07575757575757576,0.13636363636363635,1.0,3.0
iconclass-ai:embhab_xb-6512_pic673.jpg,1713,93,1.0,1.0,0.6552263429617902,0.010752688172043012,0.053763440860215055,0.0967741935483871,9.0,4.0
iconclass-ai:embhab_xb-6512_pic677.jpg,1713,69,1.0,1.0,0.8519942067311708,0.014492753623188406,0.07246376811594203,0.13043478260869565,1.5,5.0
iconclass-ai:embhab_xb-6512_pic691.jpg,1713,65,1.0,1.0,0.8081592444437594,0.015384615384615385,0.07692307692307693,0.15384615384615385,1.0,6.0
iconclass-ai:embhab_xb-6512_pic701.jpg,1713,75,1.0,1.0,0.6633009592983761,0.013333333333333334,0.06666666666666667,0.13333333333333333,1.0,5.0
iconclass-ai:embhab_xb-6512_pic711.jpg,1713,65,1.0,1.0,0.8396502481746666,0.015384615384615385,0.06153846153846154,0.13846153846153847,2.0,4.0
iconclass-ai:embhab_xb-6512_pic713.jpg,1713,5,1.0,0.041666666666666664,0.011475110338783305,0.0,0.0,0.0,1.0,4.5
iconclass-ai:embhab_xb-6512_pic727.jpg,1713,69,1.0,1.0,0.6035925105213884,0.014492753623188406,0.057971014492753624,0.10144927536231885,4.5,4.0
iconclass-ai:embhab_xb-6512_pic739.jpg,1713,68,1.0,1.0,0.8722734473333026,0.014705882352941176,0.07352941176470588,0.14705882352941177,2.5,4.5
iconclass-ai:embhab_xb-6512_pic747.jpg,1713,71,1.0,1.0,0.8281939579155653,0.014084507042253521,0.07042253521126761,0.14084507042253522,6.0,4.0
iconclass-ai:embhab_xb-6512_pic749.jpg,1713,64,1.0,1.0,0.863686696356429,0.015625,0.078125,0.15625,2.0,4.0
iconclass-ai:embhab_xb-6512_pic757.jpg,1713,64,1.0,1.0,0.8387870131179537,0.015625,0.0625,0.140625,2.0,4.0
iconclass-ai:embhab_xb-6512_pic759.jpg,1713,66,1.0,1.0,0.8590530726452797,0.015151515151515152,0.07575757575757576,0.15151515151515152,2.0,4.0
iconclass-ai:embhab_xb-6512_pic763.jpg,1713,74,1.0,1.0,0.6189432127972456,0.013513513513513514,0.05405405405405406,0.12162162162162163,2.5,4.0
iconclass-ai:embhab_xb-6512_pic769.jpg,1713,74,1.0,1.0,0.7380453461528393,0.013513513513513514,0.06756756756756757,0.12162162162162163,1.0,5.0
iconclass-ai:embmne_pae1591_pic009.jpg,1713,4,0.9281349201028808,0.0014858841010401188,0.002588623980862872,0.0,0.0,0.0,1.0,4.5
iconclass-ai:embmne_pae1591_pic011.jpg,1713,3,1.0,0.00423728813559322,0.004774746158920257,0.0,0.0,0.0,1.0,5.5
iconclass-ai:embmne_pae1591_pic017.jpg,1713,43,0.7870818777395074,1.0,0.12475075136414988,0.023255813953488372,0.046511627906976744,0.06976744186046512,1.0,5.0
iconclass-ai:embmne_pae1591_pic029.jpg,1713,67,0.9469826765008734,1.0,0.14458866812314686,0.014925373134328358,0.04477611940298507,0.07462686567164178,3.0,4.0
iconclass-ai:embmne_pae1591_pic035.jpg,1713,8,0.7917259330508101,0.3333333333333333,0.05422802600354978,0.0,0.125,0.125,1.0,4.0
iconclass-ai:embmne_pae1591_pic046.jpg,1713,93,0.9668728882728055,0.5,0.10320550828651952,0.0,0.03225806451612903,0.03225806451612903,3.0,3.0
iconclass-ai:embmne_pae1591_pic055.jpg,1713,4,0.8120680995017913,0.003246753246753247,0.003929436463237925,0.0,0.0,0.0,1.5,4.0
iconclass-ai:embmne_pae1591_pic067.jpg,1713,5,0.6086163134056005,0.0026041666666666665,0.0033147911167227253,0.0,0.0,0.0,1.0,3.0
iconclass-ai:embmne_pae1591_pic081.jpg,1713,28,1.0,0.034482758620689655,0.022066476625540638,0.0,0.0,0.0,2.0,4.0
iconclass-ai:embmne_pae1591_pic101.jpg,1713,20,1.0,0.1,0.03899077729141505,0.0,0.0,0.05,1.0,3.5
iconclass-ai:embmne_pae1591_pic125.jpg,1713,60,1.0,0.5,0.09442317173015079,0.0,0.03333333333333333,0.06666666666666667,1.0,6.0
iconclass-ai:embmne_pae1591_pic143.jpg,1713,28,1.0,0.02127659574468085,0.019497147076550547,0.0,0.0,0.0,2.0,3.5
iconclass-ai:embmne_pae1591_pic152.jpg,1713,90,0.891451643687067,1.0,0.1546853328521056,0.011111111111111112,0.044444444444444446,0.06666666666666667,9.5,5.0
iconclass-ai:embmne_pae1591_pic158.jpg,1713,18,1.0,0.05555555555555555,0.020846448693021647,0.0,0.0,0.0,3.0,5.5
iconclass-ai:embmne_pae1591_pic160.jpg,1713,26,0.8611375561264454,0.125,0.047163986661751846,0.0,0.0,0.07692307692307693,1.0,4.0
iconclass-ai:embmne_pae1591_pic174.jpg,1713,57,0.8126594125540559,0.5,0.11704918267933645,0.0,0.05263157894736842,0.07017543859649122,1.5,4.0
iconclass-ai:embmne_pae1591_pic176.jpg,1713,5,0.6172839611614818,0.003389830508474576,0.003238153895122145,0.0,0.0,0.0,1.0,3.0
iconclass-ai:embmne_pae1591_pic188.jpg,1713,0,0.8373379169669122,,,,,,1.0,4.0
iconclass-ai:embmne_pae1591_pic191.jpg,1713,2,0.4760059239647494,0.003115264797507788,0.003736281636226661,0.0,0.0,0.0,1.0,3.0
iconclass-ai:embmne_pae1591_pic202.jpg,1713,14,1.0,0.25,0.031359032758374185,0.0,0.07142857142857142,0.07142857142857142,1.0,4.0
iconclass-ai:embmne_pae1591_pic203.jpg,1713,15,0.5213374023338873,0.034482758620689655,0.013519508260760614,0.0,0.0,0.0,2.0,3.0
iconclass-ai:embmne_pae1591_pic217.jpg,1713,12,0.8854391672553491,0.16666666666666666,0.04101765199920861,0.0,0.0,0.08333333333333333,2.0,3.0
iconclass-ai:embmne_pae1591_pic233.jpg,1713,12,1.0,0.3333333333333333,0.09163622664415172,0.0,0.08333333333333333,0.08333333333333333,2.0,4.0
iconclass-ai:embmne_pae1591_pic237.jpg,1713,6,1.0,0.03225806451612903,0.021608749360896226,0.0,0.0,0.0,1.0,4.0
iconclass-ai:embmne_pae1591_pic265.jpg,1713,29,1.0,0.037037037037037035,0.037612188000234074,0.0,0.0,0.0,1.5,3.0
iconclass-ai:embmne_pae1591_pic268.jpg,1713,10,0.9339724701105758,0.030303030303030304,0.016914932500067918,0.0,0.0,0.0,2.0,4.0
iconclass-ai:embmne_pae1591_pic284.jpg,1713,27,0.881613195142977,0.04,0.025630585057941864,0.0,0.0,0.0,2.0,6.0
iconclass-ai:embmne_pae1591_pic286.jpg,1713,9,1.0,0.020833333333333332,0.006924488277384552,0.0,0.0,0.0,1.0,4.0
iconclass-ai:embmne_pae1591_pic288.jpg,1713,52,0.8801360050139071,0.5,0.09321530146547172,0.0,0.038461538461538464,0.057692307692307696,1.5,4.5
iconclass-ai:embmne_pae1591_pic295.jpg,1713,1,0.9305687780632227,0.0035087719298245615,0.0035087719298245615,0.0,0.0,0.0,1.0,5.0
iconclass-ai:embmne_pae1591_pic331.jpg,1713,21,0.9041542730898651,1.0,0.07784738897129409,0.047619047619047616,0.047619047619047616,0.047619047619047616,1.0,4.5
iconclass-ai:embmne_pae1591_pic332.jpg,1713,56,0.7795624255953615,0.5,0.0613996756793284,0.0,0.017857142857142856,0.017857142857142856,1.0,4.5
iconclass-ai:embmne_pae1591_pic336.jpg,1713,51,0.4914573628539554,1.0,0.06563890128644476,0.0196078431372549,0.0196078431372549,0.0392156862745098,2.0,4.5
iconclass-ai:embmne_pae1591_pic341.jpg,1713,64,1.0,1.0,0.08306617936140794,0.015625,0.015625,0.03125,5.5,5.0
iconclass-ai:embmne_pae1591_pic354.jpg,1713,37,0.6387108064552445,0.045454545454545456,0.037663680950462936,0.0,0.0,0.0,1.0,4.0
iconclass-ai:embmne_pae1591_pic360.jpg,1713,120,0.6516894365455377,0.25,0.08048530785912972,0.0,0.016666666666666666,0.016666666666666666,4.0,5.0
iconclass-ai:embmne_pae1591_pic367.jpg,1713,68,0.6504733343974196,0.25,0.057870959631801645,0.0,0.014705882352941176,0.014705882352941176,2.5,5.0
iconclass-ai:embstma_1667_pic002.jpg,1713,155,0.9413088623205119,1.0,0.3028442506893247,0.0064516129032258064,0.03225806451612903,0.05806451612903226,5.0,5.0
iconclass-ai:embstma_1667_pic004.jpg,1713,156,1.0,1.0,0.23143373300075631,0.00641025641025641,0.02564102564102564,0.05128205128205128,4.0,5.0
iconclass-ai:embstma_1667_pic008.jpg,1713,82,0.3389333370783934,0.3333333333333333,0.16418536075015716,0.0,0.012195121951219513,0.024390243902439025,2.0,5.0
iconclass-ai:embstma_1667_pic011.jpg,1713,106,1.0,0.5,0.18558614195379491,0.0,0.018867924528301886,0.0660377358490566,6.0,4.5
iconclass-ai:embstma_1667_pic014.jpg,1713,199,0.9491033694408385,1.0,0.2802125619525862,0.005025125628140704,0.02512562814070352,0.04522613065326633,4.5,5.0
iconclass-ai:embstma_1667_pic019.jpg,1713,153,0.7851576616879831,1.0,0.20692076133748488,0.006535947712418301,0.0196078431372549,0.0457516339869281,4.5,4.0
iconclass-ai:embstma_1667_pic020.jpg,1713,157,1.0,1.0,0.2584344730121739,0.006369426751592357,0.03184713375796178,0.06369426751592357,5.0,4.0
iconclass-ai:embstma_1667_pic024.jpg,1713,1,0.9119632934807679,0.017857142857142856,0.017857142857142856,0.0,0.0,0.0,1.0,3.5
iconclass-ai:embstma_1667_pic025.jpg,1713,79,1.0,1.0,0.2686696219337885,0.012658227848101266,0.05063291139240506,0.10126582278481013,3.0,5.0
iconclass-ai:embstma_1667_pic026.jpg,1713,128,1.0,1.0,0.2738861245403087,0.0078125,0.0390625,0.0703125,4.0,5.0
iconclass-ai:embstma_1667_pic030.jpg,1713,60,0.9491033694408385,1.0,0.13822699081381307,0.016666666666666666,0.05,0.08333333333333333,2.0,4.5
iconclass-ai:embstma_1667_pic032.jpg,1713,182,1.0,1.0,0.2864176248414928,0.005494505494505495,0.027472527472527472,0.054945054945054944,4.5,4.0
iconclass-ai:embstma_1667_pic034.jpg,1713,88,1.0,0.5,0.21012018992272982,0.0,0.045454545454545456,0.10227272727272728,2.0,4.0
iconclass-ai:embstma_1667_pic044.jpg,1713,92,1.0,1.0,0.2524721944366533,0.010869565217391304,0.043478260869565216,0.08695652173913043,1.0,4.0
iconclass-ai:embstma_1667_pic050b.jpg,1713,150,0.4762227008869148,0.5,0.15402738782102746,0.0,0.006666666666666667,0.02666666666666667,3.0,5.0
iconclass-ai:embstma_1667_pic052a.jpg,1713,79,0.8904122317613505,1.0,0.30076122431885977,0.012658227848101266,0.06329113924050633,0.08860759493670886,2.5,4.0
iconclass-ai:embstma_1667_pic056.jpg,1713,163,1.0,1.0,0.29820708163371995,0.006134969325153374,0.03067484662576687,0.06134969325153374,5.0,4.0
iconclass-ai:embstma_1667_pic060.jpg,1713,105,0.7045309970925826,1.0,0.1728042172850164,0.009523809523809525,0.009523809523809525,0.02857142857142857,2.0,5.0
iconclass-ai:embstma_1667_pic063.jpg,1713,91,1.0,1.0,0.23740857453452988,0.01098901098901099,0.03296703296703297,0.06593406593406594,3.0,5.5
iconclass-ai:embstma_1667_pic066.jpg,1713,71,1.0,1.0,0.17012899588648744,0.014084507042253521,0.014084507042253521,0.07042253521126761,1.0,3.5
iconclass-ai:embstma_1667_pic069.jpg,1713,121,1.0,1.0,0.25629724187063485,0.008264462809917356,0.04132231404958678,0.06611570247933884,2.0,5.0
iconclass-ai:embstma_1667_pic077b.jpg,1713,143,0.7350085630689177,1.0,0.1564252387892214,0.006993006993006993,0.006993006993006993,0.02097902097902098,8.0,5.0
iconclass-ai:embstma_1667_pic083.jpg,1713,140,0.8842780060535484,1.0,0.21179080424263347,0.007142857142857143,0.03571428571428571,0.05714285714285714,3.0,5.0
iconclass-ai:embstma_1667_pic094.jpg,1713,115,0.9469966212364886,1.0,0.2865636025446324,0.008695652173913044,0.043478260869565216,0.06956521739130435,2.0,4.0
iconclass-ai:embstma_1667_pic095.jpg,1713,91,0.931885505886703,1.0,0.3249154161465626,0.01098901098901099,0.04395604395604396,0.0989010989010989,6.0,5.0
iconclass-ai:embstma_1667_pic097.jpg,1713,168,1.0,1.0,0.29519560018270535,0.005952380952380952,0.02976190476190476,0.05952380952380952,7.0,5.0
iconclass-ai:embstma_1667_pic115.jpg,1713,59,1.0,0.16666666666666666,0.1621983751047246,0.0,0.0,0.03389830508474576,1.5,3.0
iconclass-ai:embstma_1667_pic142.jpg,1713,151,0.9469966212364886,1.0,0.23100448421996736,0.006622516556291391,0.033112582781456956,0.052980132450331126,1.5,4.0
iconclass-ai:embstma_1667_pic150.jpg,1713,89,1.0,1.0,0.16937615958888252,0.011235955056179775,0.033707865168539325,0.06741573033707865,3.0,5.0
iconclass-ai:embstma_1667_pic153b.jpg,1713,39,0.7778363979449653,1.0,0.20853789292361788,0.02564102564102564,0.07692307692307693,0.10256410256410256,1.5,4.0
iconclass-ai:embstma_1667_pic156a.jpg,1713,107,0.7480958954658953,0.5,0.20605219588158968,0.0,0.018691588785046728,0.056074766355140186,3.0,5.0
iconclass-ai:embstma_1667_pic158.jpg,1713,93,1.0,0.5,0.27036556681669305,0.0,0.043010752688172046,0.0967741935483871,3.0,5.0
iconclass-ai:embstma_1667_pic161.jpg,1713,64,0.9469966212364886,1.0,0.20816393868100824,0.015625,0.078125,0.09375,1.0,4.0
iconclass-ai:embstma_1667_pic166b.jpg,1713,93,0.6916696005430873,1.0,0.14116909133188857,0.010752688172043012,0.03225806451612903,0.06451612903225806,2.0,4.0
iconclass-ai:embstma_1667_pic168b.jpg,1713,23,0.9469826765008734,0.06666666666666667,0.05367551197357232,0.0,0.0,0.0,1.0,4.5
iconclass-ai:embstma_1667_pic171.jpg,1713,48,0.7216705509087352,1.0,0.1448595219641235,0.020833333333333332,0.041666666666666664,0.0625,2.0,4.0
iconclass-ai:embstma_1667_pic179.jpg,1713,114,1.0,1.0,0.2860878404179842,0.008771929824561403,0.03508771929824561,0.07017543859649122,6.0,4.0
iconclass-ai:embstma_1667_pic180.jpg,1713,90,0.9469966212364886,1.0,0.3396015726303344,0.011111111111111112,0.05555555555555555,0.07777777777777778,4.0,5.0
iconclass-ai:embstma_1667_pic184.jpg,1713,14,1.0,0.1111111111111111,0.03782954401600214,0.0,0.0,0.07142857142857142,2.0,4.0
iconclass-ai:embstma_1667_pic188a.jpg,1713,2,1.0,0.018518518518518517,0.01220911176663389,0.0,0.0,0.0,1.0,4.0
iconclass-ai:embstma_1667_pic189b.jpg,1713,175,0.891451643687067,1.0,0.20051214462627878,0.005714285714285714,0.02857142857142857,0.04,2.5,4.0
iconclass-ai:embstma_1667_pic190b.jpg,1713,89,0.5681275689226026,1.0,0.15193994678558473,0.011235955056179775,0.02247191011235955,0.033707865168539325,6.0,5.0
iconclass-ai:embstma_1667_pic198.jpg,1713,139,0.3940942842280027,0.25,0.1984203454356529,0.0,0.007194244604316547,0.02158273381294964,4.5,5.0
iconclass-ai:embstma_1667_pic208.jpg,1713,103,1.0,1.0,0.27392242263671257,0.009708737864077669,0.04854368932038835,0.07766990291262135,3.0,5.0
iconclass-ai:embstma_1667_pic220.jpg,1713,107,1.0,0.5,0.273672978464589,0.0,0.037383177570093455,0.07476635514018691,2.0,4.0
iconclass-ai:embstma_1667_pic223.jpg,1713,170,0.9444550224505781,1.0,0.2735078132848275,0.0058823529411764705,0.023529411764705882,0.047058823529411764,7.0,4.0
iconclass-ai:embstma_1667_pic224a.jpg,1713,49,0.635740592593853,1.0,0.12584157098291932,0.02040816326530612,0.02040816326530612,0.04081632653061224,3.0,5.0
iconclass-ai:embstma_1667_pic226.jpg,1713,65,0.9241693085043592,1.0,0.23603154534509774,0.015384615384615385,0.046153846153846156,0.07692307692307693,4.5,5.0
iconclass-ai:embstma_1667_pic229b.jpg,1713,6,0.7713766404988702,0.006172839506172839,0.005907730357003193,0.0,0.0,0.0,1.0,4.0
iconclass-ai:embstma_204_fac009.jpg,1713,22,1.0,0.1111111111111111,0.019782740314363334,0.0,0.0,0.045454545454545456,4.0,3.0
iconclass-ai:embstma_204_fac017.jpg,1713,78,1.0,0.14285714285714285,0.04080359897288417,0.0,0.0,0.01282051282051282,4.0,4.0
iconclass-ai:embstma_204_fac019.jpg,1713,39,0.7574363265989436,0.3333333333333333,0.02604290199145678,0.0,0.02564102564102564,0.02564102564102564,3.0,5.0
iconclass-ai:embstma_204_fac041.jpg,1713,40,1.0,0.0034482758620689655,0.017644919613770783,0.0,0.0,0.0,1.5,4.0
iconclass-ai:embstma_204_fac045.jpg,1713,12,1.0,0.012658227848101266,0.012748812985266112,0.0,0.0,0.0,1.0,4.0
iconclass-ai:embstma_204_fac057.jpg,1713,54,1.0,1.0,0.06703431714290337,0.018518518518518517,0.018518518518518517,0.05555555555555555,2.5,3.5
iconclass-ai:embstma_204_fac061.jpg,1713,8,1.0,0.0031545741324921135,0.0033321115724675937,0.0,0.0,0.0,2.5,3.5
iconclass-ai:embstma_204_fac079.jpg,1713,73,1.0,0.5,0.09134729600771084,0.0,0.0273972602739726,0.0273972602739726,2.5,3.0
iconclass-ai:embstma_204_fac083.jpg,1713,13,1.0,0.2,0.021167460026522998,0.0,0.07692307692307693,0.07692307692307693,1.0,4.0
iconclass-ai:embstma_204_fac087.jpg,1713,33,1.0,1.0,0.07579055507960751,0.030303030303030304,0.06060606060606061,0.09090909090909091,3.0,3.5
iconclass-ai:embstma_204_fac105.jpg,1713,18,1.0,0.001968503937007874,0.0068839097199535374,0.0,0.0,0.0,2.0,3.0
iconclass-ai:embstma_204_fac107.jpg,1713,39,1.0,0.5,0.04747178731045972,0.0,0.05128205128205128,0.05128205128205128,2.0,4.5
iconclass-ai:embstma_204_fac117.jpg,1713,64,1.0,0.5,0.07093079323289829,0.0,0.015625,0.046875,4.0,4.0
iconclass-ai:embstma_204_fac169.jpg,1713,37,1.0,0.25,0.03919536524810798,0.0,0.02702702702702703,0.05405405405405406,1.5,4.0
iconclass-ai:embstma_204_fac203.jpg,1713,4,1.0,0.0009208103130755065,0.0017248243267010944,0.0,0.0,0.0,1.5,3.0
iconclass-ai:embstma_260_pic047.jpg,1713,38,1.0,0.010752688172043012,0.03361926289422854,0.0,0.0,0.0,4.0,4.0
iconclass-ai:embstma_260_pic083.jpg,1713,0,1.0,,,,,,1.0,1.0
iconclass-ai:embstma_260_pic095.jpg,1713,0,1.0,,,,,,1.0,1.0
iconclass-ai:embstma_260_pic097.jpg,1713,0,1.0,,,,,,1.0,1.0
iconclass-ai:embstma_260_pic105.jpg,1713,0,1.0,,,,,,1.0,1.0
iconclass-ai:embstma_260_pic107.jpg,1713,0,1.0,,,,,,1.0,1.0
iconclass-ai:embstma_260_pic121.jpg,1713,0,1.0,,,,,,1.0,1.0
iconclass-ai:embstma_260_pic123.jpg,1713,0,1.0,,,,,,1.0,1.0
iconclass-ai:embstma_260_pic133.jpg,1713,0,1.0,,,,,,1.0,1.0
iconclass-ai:embstma_260_pic149.jpg,1713,0,1.0,,,,,,1.0,1.0
iconclass-ai:embstma_260_pic151.jpg,1713,0,1.0,,,,,,1.0,1.0
iconclass-ai:embstma_260_pic157.jpg,1713,0,1.0,,,,,,1.0,1.0
iconclass-ai:embstma_260_pic169.jpg,1713,0,1.0,,,,,,1.0,1.0
iconclass-ai:embstma_260_pic175.jpg,1713,0,1.0,,,,,,1.0,1.0
iconclass-ai:embstma_260_pic201.jpg,1713,0,1.0,,,,,,1.0,1.0
iconclass-ai:embstma_260_pic203.jpg,1713,0,1.0,,,,,,1.0,1.0
iconclass-ai:embstma_260_pic207.jpg,1713,0,1.0,,,,,,1.0,1.0
iconclass-ai:embstma_260_pic221.jpg,1713,0,1.0,,,,,,1.0,1.0
iconclass-ai:embstma_260_pic223.jpg,1713,0,1.0,,,,,,1.0,1.0
iconclass-ai:embstma_260_pic233.jpg,1713,0,1.0,,,,,,1.0,1.0
iconclass-ai:embstma_260_pic241.jpg,1713,0,1.0,,,,,,1.0,1.0
iconclass-ai:embstma_260_pic279.jpg,1713,0,1.0,,,,,,1.0,1.0
iconclass-ai:embstma_260_pic295.jpg,1713,0,1.0,,,,,,1.0,1.0
iconclass-ai:embstma_260_pic307.jpg,1713,0,1.0,,,,,,1.0,1.0
iconclass-ai:embstma_260_pic313.jpg,1713,0,1.0,,,,,,1.0,1.0
iconclass-ai:embstma_260_pic317.jpg,1713,0,1.0,,,,,,1.0,1.0
iconclass-ai:embstma_260_pic327.jpg,1713,0,1.0,,,,,,1.0,1.0
iconclass-ai:embstma_260_pic345.jpg,1713,0,1.0,,,,,,1.0,1.0
iconclass-ai:embstma_260_pic347.jpg,1713,0,1.0,,,,,,1.0,1.0
iconclass-ai:embstma_260_pic377.jpg,1713,0,1.0,,,,,,1.0,1.0
iconclass-ai:embstma_260_pic385.jpg,1713,0,1.0,,,,,,1.0,1.0
iconclass-ai:embstma_260_pic393.jpg,1713,0,1.0,,,,,,1.0,1.0
iconclass-ai:embstma_260_pic395.jpg,1713,0,1.0,,,,,,1.0,1.0
iconclass-ai:embstma_260_pic399.jpg,1713,0,1.0,,,,,,1.0,1.0
iconclass-ai:embstma_260_pic403.jpg,1713,0,1.0,,,,,,1.0,1.0
iconclass-ai:embstma_260_pic405.jpg,1713,0,1.0,,,,,,1.0,1.0
iconclass-ai:embstma_260_pic407.jpg,1713,0,1.0,,,,,,1.0,1.0
iconclass-ai:embstma_260_pic409.jpg,1713,0,1.0,,,,,,1.0,1.0
iconclass-ai:embstma_260_pic411.jpg,1713,0,1.0,,,,,,1.0,1.0
iconclass-ai:embstma_260_pic423.jpg,1713,0,1.0,,,,,,1.0,1.0
iconclass-ai:embstma_260_pic431.jpg,1713,0,1.0,,,,,,1.0,1.0
iconclass-ai:embstma_260_pic433.jpg,1713,0,1.0,,,,,,1.0,1.0
iconclass-ai:embstma_260_pic445.jpg,1713,0,1.0,,,,,,1.0,1.0
iconclass-ai:embstma_260_pic459.jpg,1713,0,1.0,,,,,,1.0,1.0
iconclass-ai:embstma_260_pic461.jpg,1713,0,1.0,,,,,,1.0,1.0
iconclass-ai:embstma_260_pic465.jpg,1713,0,1.0,,,,,,1.0,1.0
iconclass-ai:embstma_260_pic495.jpg,1713,0,,,,,,,0.0,
iconclass-ai:embstma_260_pic531.jpg,1713,0,1.0,,,,,,1.0,1.0
iconclass-ai:embstma_260_pic539.jpg,1713,0,1.0,,,,,,1.0,1.0
iconclass-ai:embstma_260_pic557.jpg,1713,0,1.0,,,,,,1.0,1.0
iconclass-ai:embstma_260_pic577.jpg,1713,0,1.0,,,,,,1.0,1.0
iconclass-ai:embstma_260_pic581.jpg,1713,0,1.0,,,,,,1.0,1.0
iconclass-ai:embstma_260_pic591.jpg,1713,0,1.0,,,,,,1.0,1.0
iconclass-ai:embstma_260_pic593.jpg,1713,0,1.0,,,,,,1.0,1.0
iconclass-ai:embstma_260_pic607.jpg,1713,0,1.0,,,,,,1.0,1.0
iconclass-ai:embstma_260_pic617.jpg,1713,0,1.0,,,,,,1.0,1.0
iconclass-ai:embstma_260_pic641.jpg,1713,0,1.0,,,,,,1.0,1.0
iconclass-ai:embstma_260_pic659.jpg,1713,0,1.0,,,,,,1.0,1.0
iconclass-ai:embstma_260_pic671.jpg,1713,0,1.0,,,,,,1.0,1.0
iconclass-ai:embstma_260_pic687.jpg,1713,0,1.0,,,,,,1.0,1.0
iconclass-ai:embstma_260_pic693.jpg,1713,0,1.0,,,,,,1.0,1.0
iconclass-ai:embstma_260_pic733.jpg,1713,0,1.0,,,,,,1.0,1.0
iconclass-ai:embstma_260_pic739.jpg,1713,0,1.0,,,,,,1.0,1.0
iconclass-ai:embstma_260_pic741.jpg,1713,0,1.0,,,,,,1.0,1.0
iconclass-ai:embstma_260_pic751.jpg,1713,6,1.0,0.00980392156862745,0.010807120214683186,0.0,0.0,0.0,3.0,6.0
iconclass-ai:embstma_260_pic763.jpg,1713,0,1.0,,,,,,1.0,1.0
iconclass-ai:embstma_260_pic775.jpg,1713,0,1.0,,,,,,1.0,1.0
iconclass-ai:embstma_260_pic787.jpg,1713,0,1.0,,,,,,1.0,1.0
iconclass-ai:embstma_260_pic823.jpg,1713,0,1.0,,,,,,1.0,1.0
iconclass-ai:embstma_260_pic829.jpg,1713,0,1.0,,,,,,1.0,1.0
iconclass-ai:embstma_260_pic831.jpg,1713,0,1.0,,,,,,1.0,1.0
iconclass-ai:embstma_260_pic835.jpg,1713,0,1.0,,,,,,1.0,1.0
iconclass-ai:embstma_260_pic849.jpg,1713,0,1.0,,,,,,1.0,1.0
iconclass-ai:embstma_260_pic851.jpg,1713,0,1.0,,,,,,1.0,1.0
iconclass-ai:embstma_260_pic853.jpg,1713,0,1.0,,,,,,1.0,1.0
iconclass-ai:embstma_260_pic857.jpg,1713,0,1.0,,,,,,1.0,1.0
iconclass-ai:embstma_260_pic859.jpg,1713,0,1.0,,,,,,1.0,1.0
iconclass-ai:embstma_260_pic863.jpg,1713,0,1.0,,,,,,1.0,1.0
iconclass-ai:embstma_260_pic869.jpg,1713,0,1.0,,,,,,1.0,1.0
iconclass-ai:embstma_260_pic877.jpg,1713,0,1.0,,,,,,1.0,1.0
iconclass-ai:embstma_260_pic917.jpg,1713,0,1.0,,,,,,1.0,1.0
iconclass-ai:embstma_260_pic923.jpg,1713,0,1.0,,,,,,1.0,1.0
iconclass-ai:embstma_260_pic925.jpg,1713,0,1.0,,,,,,1.0,1.0
iconclass-ai:embstma_260_pic927.jpg,1713,0,1.0,,,,,,1.0,1.0
iconclass-ai:embstma_add132_pic007.jpg,1713,117,1.0,0.5,0.13237035828548915,0.0,0.008547008547008548,0.03418803418803419,6.0,5.0
iconclass-ai:embstma_add132_pic009.jpg,1713,98,1.0,0.125,0.06937149264539721,0.0,0.0,0.01020408163265306,3.0,4.0
iconclass-ai:embstma_add132_pic069.jpg,1713,6,0.8589599147172566,1.0,0.16988388069667348,0.16666666666666666,0.16666666666666666,0.16666666666666666,1.0,4.0
iconclass-ai:embstma_add132_pic087.jpg,1713,10,1.0,0.14285714285714285,0.05995278792387241,0.0,0.0,0.1,1.0,4.0
iconclass-ai:embstma_add132_pic179.jpg,1713,7,0.4332905296674855,1.0,0.193748665874941,0.14285714285714285,0.14285714285714285,0.14285714285714285,1.0,5.0
iconclass-ai:gri271934_pic030.jpg,1713,100,1.0,1.0,0.7549773416146485,0.01,0.05,0.1,101.0,3.0
iconclass-ai:gri271934_pic042.jpg,1713,100,1.0,1.0,0.6830879416308782,0.01,0.05,0.1,101.0,3.0
iconclass-ai:gri271934_pic050.jpg,1713,100,1.0,1.0,0.701021147439498,0.01,0.05,0.1,101.0,3.0
iconclass-ai:gri271934_pic072.jpg,1713,100,1.0,1.0,0.6596734999828487,0.01,0.05,0.1,101.0,3.0
iconclass-ai:gri271934_pic079.jpg,1713,100,1.0,1.0,0.7271066387279909,0.01,0.05,0.1,101.0,3.0
iconclass-ai:gri271934_pic095.jpg,1713,100,1.0,1.0,0.6079444572646494,0.01,0.05,0.1,101.0,3.0
iconclass-ai:gri271934_pic098.jpg,1713,100,1.0,1.0,0.7258136352084099,0.01,0.05,0.1,101.0,3.0
iconclass-ai:gri271934_pic102.jpg,1713,100,1.0,1.0,0.7291661983213708,0.01,0.05,0.1,101.0,3.0
iconclass-ai:gri271934_pic108.jpg,1713,100,1.0,1.0,0.6885023414606026,0.01,0.05,0.1,101.0,3.0
iconclass-ai:gri271934_pic110.jpg,1713,100,1.0,1.0,0.742403354771863,0.01,0.05,0.1,101.0,3.0
iconclass-ai:gri271934_pic115.jpg,1713,100,1.0,1.0,0.7516927236657609,0.01,0.05,0.1,101.0,3.0
iconclass-ai:gri271934_pic120.jpg,1713,100,1.0,1.0,0.7255659180525916,0.01,0.05,0.1,101.0,3.0
iconclass-ai:gri271934_pic126.jpg,1713,100,1.0,1.0,0.716895090299395,0.01,0.05,0.1,101.0,3.0
iconclass-ai:gri271934_pic129.jpg,1713,100,1.0,1.0,0.730779164778084,0.01,0.05,0.1,101.0,3.0
iconclass-ai:gri271934_pic136.jpg,1713,100,1.0,1.0,0.7193701129388014,0.01,0.05,0.1,101.0,3.0
iconclass-ai:gri271934_pic140.jpg,1713,100,1.0,1.0,0.7081019391238591,0.01,0.05,0.1,101.0,3.0
iconclass-ai:gri271934_pic141.jpg,1713,100,1.0,1.0,0.7256050885158142,0.01,0.05,0.1,101.0,3.0
iconclass-ai:gri271934_pic161.jpg,1713,100,1.0,1.0,0.6648717402937712,0.01,0.05,0.1,101.0,3.0
iconclass-ai:gri271934_pic162.jpg,1713,100,1.0,1.0,0.631487849999582,0.01,0.05,0.1,101.0,3.0
iconclass-ai:gri271934_pic163.jpg,1713,100,1.0,1.0,0.7046058572647005,0.01,0.05,0.1,101.0,3.0
iconclass-ai:gri271934_pic172.jpg,1713,100,1.0,1.0,0.6432594384880957,0.01,0.05,0.1,101.0,3.0
iconclass-ai:gri271934_pic176.jpg,1713,100,1.0,1.0,0.6809658570825452,0.01,0.05,0.1,101.0,3.0
iconclass-ai:gri271934_pic179.jpg,1713,100,1.0,1.0,0.6736323406788349,0.01,0.05,0.1,101.0,3.0
iconclass-ai:gri271934_pic181.jpg,1713,100,1.0,1.0,0.6884116662332673,0.01,0.05,0.1,101.0,3.0
iconclass-ai:gri271934_pic188.jpg,1713,100,1.0,1.0,0.6770001303976377,0.01,0.05,0.1,101.0,3.0
iconclass-ai:gri271934_pic189.jpg,1713,100,1.0,1.0,0.6226384355357729,0.01,0.05,0.1,101.0,3.0
iconclass-ai:gri271934_pic190.jpg,1713,100,1.0,1.0,0.6933627788244371,0.01,0.05,0.1,101.0,3.0
iconclass-ai:gri271934_pic191.jpg,1713,100,1.0,1.0,0.7419687242680958,0.01,0.05,0.1,101.0,3.0
iconclass-ai:gri271934_pic199.jpg,1713,100,1.0,1.0,0.7162895539621448,0.01,0.05,0.1,101.0,3.0
iconclass-ai:gri_9925178790001551_pic031.jpg,1713,2,0.3333333333333333,0.020833333333333332,0.016627846790890268,0.0,0.0,0.0,1.0,5.0
iconclass-ai:gri_9925178790001551_pic068.jpg,1713,100,0.8947311085840386,1.0,0.39442262904980113,0.01,0.05,0.08,101.0,3.0
iconclass-ai:gri_9925178790001551_pic100.jpg,1713,100,1.0,1.0,0.42937516520927105,0.01,0.05,0.1,101.0,3.0
iconclass-ai:gri_9925178790001551_pic110.jpg,1713,100,0.762159833266723,1.0,0.5389594372226723,0.01,0.04,0.06,101.0,3.0
iconclass-ai:gri_9925178790001551_pic140.jpg,1713,100,0.7647243216322649,1.0,0.45383837277427186,0.01,0.04,0.06,101.0,3.0
iconclass-ai:gri_9925178790001551_pic155.jpg,1713,100,0.8710911003512181,1.0,0.2957366725375929,0.01,0.04,0.08,101.0,3.0
iconclass-ai:gri_9925178790001551_pic186.jpg,1713,100,0.7119553144893063,1.0,0.41007176166810533,0.01,0.04,0.06,101.0,3.0
iconclass-ai:gri_9925178790001551_pic202.jpg,1713,100,0.9372813848170596,1.0,0.4752111893061054,0.01,0.05,0.09,101.0,3.0
iconclass-ai:gri_9925178790001551_pic224.jpg,1713,100,0.9537125187088151,1.0,0.42381704762825545,0.01,0.05,0.09,101.0,3.0
iconclass-ai:gri_9925178790001551_pic247.jpg,1713,100,0.7667527600986319,1.0,0.3966961267817473,0.01,0.04,0.06,101.0,3.0
iconclass-ai:gri_9925178790001551_pic248.jpg,1713,100,0.9001940880412651,1.0,0.3476624589957878,0.01,0.05,0.08,101.0,3.0
iconclass-ai:gri_9925178790001551_pic282.jpg,1713,100,0.8809888753275418,1.0,0.3134741368324477,0.01,0.04,0.08,101.0,3.0
iconclass-ai:gri_9925178790001551_pic294.jpg,1713,100,0.8845467838927645,1.0,0.4680521408832471,0.01,0.04,0.08,101.0,3.0
iconclass-ai:gri_9925178790001551_pic320.jpg,1713,100,0.8075451415418964,1.0,0.3116856690524926,0.01,0.04,0.07,101.0,3.0
iconclass-ai:hab_31-geom-3_fac002.jpg,1713,0,0.27657481426240715,,,,,,1.0,4.0
iconclass-ai:hab_31-geom-3_pic015.jpg,1713,108,1.0,1.0,0.24047335629123603,0.009259259259259259,0.046296296296296294,0.07407407407407407,2.0,4.0
iconclass-ai:hab_31-geom-3_pic027.jpg,1713,139,0.9413088623205119,1.0,0.27643738237378823,0.007194244604316547,0.03597122302158273,0.05755395683453238,7.0,4.0
iconclass-ai:hab_31-geom-3_pic029.jpg,1713,106,0.891451643687067,1.0,0.221685687225576,0.009433962264150943,0.03773584905660377,0.04716981132075472,4.0,4.0
iconclass-ai:hab_31-geom-3_pic031.jpg,1713,126,1.0,1.0,0.2659937374596188,0.007936507936507936,0.03968253968253968,0.06349206349206349,4.0,4.0
iconclass-ai:hab_31-geom-3_pic035.jpg,1713,164,1.0,1.0,0.2084080543401686,0.006097560975609756,0.018292682926829267,0.036585365853658534,3.5,5.0
iconclass-ai:hab_31-geom-3_pic041.jpg,1713,148,1.0,1.0,0.23694397235212677,0.006756756756756757,0.033783783783783786,0.05405405405405406,5.0,4.0
iconclass-ai:hab_31-geom-3_pic043.jpg,1713,132,1.0,1.0,0.18493985162060542,0.007575757575757576,0.022727272727272728,0.05303030303030303,7.0,4.0
iconclass-ai:hab_31-geom-3_pic045.jpg,1713,193,1.0,1.0,0.20006642523339171,0.0051813471502590676,0.015544041450777202,0.025906735751295335,13.0,4.0
iconclass-ai:hab_31-geom-3_pic053.jpg,1713,138,1.0,1.0,0.22310619384823435,0.007246376811594203,0.036231884057971016,0.057971014492753624,4.0,4.0
iconclass-ai:hab_31-geom-3_pic063.jpg,1713,91,1.0,1.0,0.19899861497780938,0.01098901098901099,0.054945054945054944,0.08791208791208792,3.0,4.0
iconclass-ai:hab_31-geom-3_pic065.jpg,1713,174,1.0,1.0,0.3008255064463247,0.005747126436781609,0.028735632183908046,0.05747126436781609,7.5,4.0
iconclass-ai:hab_31-geom-3_pic071.jpg,1713,149,0.9444550224505781,1.0,0.2384060398802701,0.006711409395973154,0.03355704697986577,0.04697986577181208,2.0,4.0
iconclass-ai:hab_xb6550_pic028.jpg,1713,15,0.6139689999300926,0.14285714285714285,0.02036893827015916,0.0,0.0,0.06666666666666667,1.5,3.5
iconclass-ai:hab_xb6550_pic030.jpg,1713,35,0.3561512006325288,0.019230769230769232,0.03458011264019987,0.0,0.0,0.0,1.0,6.0
iconclass-ai:hab_xb6550_pic040.jpg,1713,106,0.33137566904506244,0.125,0.10124157289899804,0.0,0.0,0.009433962264150943,1.0,5.0
iconclass-ai:hab_xb6550_pic042.jpg,1713,76,0.8732726779451979,1.0,0.10143186771216883,0.013157894736842105,0.02631578947368421,0.02631578947368421,2.0,5.0
iconclass-ai:hab_xb6550_pic050.jpg,1713,60,0.8817364072676379,0.3333333333333333,0.11107235854992346,0.0,0.03333333333333333,0.05,1.0,4.0
iconclass-ai:hab_xb6550_pic068.jpg,1713,86,0.9469966212364886,1.0,0.1498444045044042,0.011627906976744186,0.023255813953488372,0.03488372093023256,2.5,4.0
iconclass-ai:hab_xb6550_pic070.jpg,1713,27,0.7374071912588879,1.0,0.06836745539021338,0.037037037037037035,0.037037037037037035,0.037037037037037035,2.0,5.0
iconclass-ai:hab_xb6550_pic080.jpg,1713,39,0.9469966212364886,1.0,0.14145504154916733,0.02564102564102564,0.05128205128205128,0.10256410256410256,1.5,6.0
iconclass-ai:hab_xb6550_pic082.jpg,1713,106,0.8654781708248713,1.0,0.15378764487293764,0.009433962264150943,0.02830188679245283,0.03773584905660377,2.5,4.5
iconclass-ai:hab_xb6550_pic100.jpg,1713,110,0.8560548143910625,0.1111111111111111,0.09923865936302159,0.0,0.0,0.01818181818181818,1.0,4.0
iconclass-ai:hab_xb6550_pic102.jpg,1713,25,0.9413088623205119,0.05555555555555555,0.029353257824124283,0.0,0.0,0.0,1.0,5.0
iconclass-ai:hab_xb6550_pic120.jpg,1713,44,0.9444550224505781,0.1,0.07618264000412818,0.0,0.0,0.022727272727272728,1.0,5.0
iconclass-ai:hab_xb6550_pic138.jpg,1713,76,1.0,1.0,0.08716110714744263,0.013157894736842105,0.013157894736842105,0.02631578947368421,1.0,5.0
iconclass-ai:hunterian_bn13_pic011.jpg,1713,100,0.19999999999999998,0.08333333333333333,0.18603257245436502,0.0,0.0,0.0,101.0,3.0
iconclass-ai:hunterian_bn13_pic048.jpg,1713,100,0.6479466076174445,1.0,0.18819977891292122,0.01,0.03,0.05,101.0,3.0
iconclass-ai:hunterian_bn13_pic050.jpg,1713,100,0.7863191697048255,1.0,0.36278551831852746,0.01,0.05,0.06,101.0,3.0
iconclass-ai:hunterian_bn13_pic053.jpg,1713,100,0.7107803356093473,1.0,0.37729009807212727,0.01,0.03,0.05,101.0,3.0
iconclass-ai:hunterian_bn13_pic075.jpg,1713,100,0.5635834970207141,0.5,0.3354951897640255,0.0,0.03,0.05,101.0,3.0
iconclass-ai:hunterian_bn13_pic086.jpg,1713,100,0.7424395686489609,1.0,0.4169529045039655,0.01,0.03,0.06,101.0,3.0
iconclass-ai:hunterian_bn13_pic090.jpg,1713,100,0.6897996914257333,1.0,0.34500826501883375,0.01,0.04,0.05,101.0,3.0
iconclass-ai:hunterian_bn13_pic107.jpg,1713,0,0.3333333333333333,,,,,,1.0,3.0
iconclass-ai:hunterian_bn13_pic113.jpg,1713,100,0.9413088623205119,1.0,0.4710130959685741,0.01,0.05,0.09,101.0,3.0
iconclass-ai:hunterian_bn13_pic115.jpg,1713,100,0.7466646875171249,1.0,0.4346395620975552,0.01,0.03,0.06,101.0,3.0
iconclass-ai:hunterian_bn13_pic127.jpg,1713,100,0.8002687770377687,0.5,0.43696380638522564,0.0,0.04,0.08,101.0,3.0
iconclass-ai:hunterian_bn13_pic132.jpg,1713,100,0.6405269084858763,1.0,0.2852030511552059,0.01,0.03,0.04,101.0,3.0
iconclass-ai:hunterian_bn13_pic142.jpg,1713,100,0.8829762244871296,1.0,0.4294878298387746,0.01,0.04,0.08,101.0,3.0
iconclass-ai:hunterian_bn13_pic180.jpg,1713,100,0.857871681348351,1.0,0.40208463203999856,0.01,0.05,0.07,101.0,3.0
iconclass-ai:hunterian_bn13_pic208.jpg,1713,100,0.726466524008495,0.5,0.3752001195351998,0.0,0.03,0.07,101.0,3.0
iconclass-ai:hunterian_bn13_pic211.jpg,1713,100,0.70037720622594,1.0,0.3396717771134107,0.01,0.02,0.06,101.0,3.0
iconclass-ai:hunterian_bn13_pic231.jpg,1713,100,0.8161635119402516,1.0,0.39833854269539537,0.01,0.04,0.07,101.0,3.0
iconclass-ai:hunterian_bn13_pic278.jpg,1713,100,0.6379853096999657,1.0,0.2938637877856667,0.01,0.03,0.04,101.0,3.0
iconclass-ai:kb_171e37_pic004.jpg,1713,3,0.13861238061697945,1.0,1.0,0.3333333333333333,1.0,1.0,1.0,5.0
iconclass-ai:kb_171e37_pic010.jpg,1713,5,0.12085010499898921,0.5,0.30294673504413205,0.0,0.4,0.6,1.0,3.0
iconclass-ai:kb_171e37_pic025.jpg,1713,16,0.0893766677212969,1.0,0.1357251903983024,0.0625,0.0625,0.1875,2.5,4.0
iconclass-ai:kb_171e37_pic027.jpg,1713,18,0.058427241954889735,1.0,0.1175571737376491,0.05555555555555555,0.05555555555555555,0.16666666666666666,2.5,5.0
iconclass-ai:kb_171e37_pic034.jpg,1713,0,0.13470579582418146,,,,,,1.0,6.0
iconclass-ai:kb_171e37_pic038.jpg,1713,4,0.3333333333333333,0.02631578947368421,0.01323762893072678,0.0,0.0,0.0,2.0,4.0
iconclass-ai:kb_171e37_pic041.jpg,1713,14,0.9339724701105758,0.3333333333333333,0.08061864394006099,0.0,0.14285714285714285,0.14285714285714285,7.0,4.0
iconclass-ai:kb_171e37_pic045.jpg,1713,7,1.0,0.25,0.1863084565720918,0.0,0.14285714285714285,0.42857142857142855,1.0,6.0
iconclass-ai:kb_171e37_pic048.jpg,1713,11,1.0,0.1111111111111111,0.029514037054371025,0.0,0.0,0.09090909090909091,6.0,6.0
iconclass-ai:kb_171e37_pic072.jpg,1713,7,0.6272243426182729,0.010869565217391304,0.010802050211620172,0.0,0.0,0.0,1.0,3.0
iconclass-ai:kb_171e37_pic080.jpg,1713,11,0.8796721475040613,0.5,0.24144379957776596,0.0,0.18181818181818182,0.36363636363636365,4.0,5.0
iconclass-ai:kb_171e37_pic094.jpg,1713,30,0.8208174769886047,0.024390243902439025,0.0270350057510071,0.0,0.0,0.0,2.0,4.0
iconclass-ai:kb_171e37_pic098.jpg,1713,1,0.821657458929967,0.0029585798816568047,0.0029585798816568047,0.0,0.0,0.0,1.0,5.0
iconclass-ai:kb_171e37_pic103.jpg,1713,5,0.9491033694408385,0.14285714285714285,0.11110843788001616,0.0,0.0,0.2,2.0,4.0
iconclass-ai:kb_171e37_pic110b.jpg,1713,1,0.7227126150593227,0.0030211480362537764,0.0030211480362537764,0.0,0.0,0.0,1.0,3.0
iconclass-ai:kb_171e37_pic111.jpg,1713,6,0.9363547132246208,0.2,0.037855404391142454,0.0,0.16666666666666666,0.16666666666666666,1.0,5.0
iconclass-ai:kb_171e37_pic116a.jpg,1713,7,1.0,0.25,0.1895951082096323,0.0,0.14285714285714285,0.42857142857142855,1.0,6.0
iconclass-ai:kb_171e37_pic118b.jpg,1713,2,0.9014470060563649,0.006896551724137931,0.009583245187222339,0.0,0.0,0.0,2.0,7.0
iconclass-ai:kb_171e37_pic133.jpg,1713,14,1.0,1.0,0.2549085915555637,0.07142857142857142,0.14285714285714285,0.2857142857142857,8.0,4.0
iconclass-ai:kb_171e37_pic135.jpg,1713,0,0.5593339976402817,,,,,,1.0,1.0
iconclass-ai:kb_171e37_pic143.jpg,1713,5,0.9069212362975004,0.045454545454545456,0.01893807565413206,0.0,0.0,0.0,1.5,6.0
iconclass-ai:kb_171e37_pic145b.jpg,1713,5,0.9575861412006987,0.14285714285714285,0.07216597609334244,0.0,0.0,0.2,1.0,4.0
iconclass-ai:kb_171e37_pic149a.jpg,1713,7,0.9537125187088151,0.5,0.2543306817560549,0.0,0.2857142857142857,0.42857142857142855,1.0,5.0
iconclass-ai:kb_171e37_pic153a.jpg,1713,54,0.9403711988910498,0.05,0.033255825565732616,0.0,0.0,0.0,1.0,4.0
iconclass-ai:kb_171e37_pic156.jpg,1713,9,0.663401285526597,0.05555555555555555,0.023870192696756096,0.0,0.0,0.0,3.0,3.0
iconclass-ai:kb_171e37_pic158.jpg,1713,1,0.9510907186004266,0.0016750418760469012,0.0016750418760469012,0.0,0.0,0.0,1.5,4.0
iconclass-ai:kb_171e37_pic165.jpg,1713,8,1.0,0.1,0.02317643655377042,0.0,0.0,0.125,1.5,5.5
iconclass-ai:kb_171e37_pic169.jpg,1713,2,1.0,0.0196078431372549,0.01136642156862745,0.0,0.0,0.0,2.0,4.0
iconclass-ai:kb_171e37_pic177.jpg,1713,0,0.9074250374176303,,,,,,1.0,2.5
iconclass-ai:kb_171e37_pic179.jpg,1713,0,0.6830084731329009,,,,,,1.0,3.5
iconclass-ai:kb_171e37_pic182.jpg,1713,1,0.931885505886703,0.011904761904761904,0.011904761904761904,0.0,0.0,0.0,1.5,2.5
iconclass-ai:kb_171e37_pic183.jpg,1713,56,0.9510907186004266,0.125,0.07175702830439881,0.0,0.0,0.017857142857142856,5.5,2.0
iconclass-ai:kb_171e37_pic190.jpg,1713,2,0.3767701772623198,0.0030959752321981426,0.0022357455253150275,0.0,0.0,0.0,1.0,5.0
iconclass-ai:kb_171e37_pic192.jpg,1713,1,0.7884781467003714,0.020833333333333332,0.020833333333333332,0.0,0.0,0.0,1.0,4.0
iconclass-ai:kb_171e37_pic196.jpg,1713,0,0.5238433294707338,,,,,,1.0,3.5
iconclass-ai:kb_171e37_pic199.jpg,1713,3,0.7570637174183081,0.005154639175257732,0.004409881650850439,0.0,0.0,0.0,1.0,5.0
iconclass-ai:kb_171e37_pic201.jpg,1713,0,0.5571857272581131,,,,,,1.0,5.0
iconclass-ai:kb_171e37_pic207.jpg,1713,11,0.5220173243142724,0.058823529411764705,0.015853019669558086,0.0,0.0,0.0,2.5,5.0
iconclass-ai:lci001_c011_001.jpg,1713,0,0.2655938810247505,,,,,,1.0,5.0
iconclass-ai:mmw_10a14_005r_min_a.jpg,1713,3,0.16668131437403033,0.014084507042253521,0.006218274364638065,0.0,0.0,0.0,2.5,4.5
iconclass-ai:mmw_10a14_006v_min_a.jpg,1713,5,0.1569336214626987,0.058823529411764705,0.017212101095791958,0.0,0.0,0.0,2.0,5.0
iconclass-ai:mmw_10a14_006v_min_b.jpg,1713,3,0.16289975013176802,0.005714285714285714,0.007513575642621594,0.0,0.0,0.0,4.0,4.0
iconclass-ai:mmw_10a14_139r_init_2.jpg,1713,34,0.37507494056030766,0.2,0.45488931907780805,0.0,0.029411764705882353,0.14705882352941177,3.0,5.0
iconclass-ai:mmw_10a14_176v_init.jpg,1713,33,0.5001086710360108,1.0,0.40404196040124335,0.030303030303030304,0.06060606060606061,0.12121212121212122,1.5,5.5
iconclass-ai:mmw_10a14_192v_init.jpg,1713,46,0.5864123824360192,1.0,0.27012178209317467,0.021739130434782608,0.043478260869565216,0.10869565217391304,2.0,5.5
iconclass-ai:mmw_10b22_085v_init.jpg,1713,42,0.8006747526518727,1.0,0.5099988602020927,0.023809523809523808,0.09523809523809523,0.16666666666666666,3.0,4.0
iconclass-ai:mmw_10c12_001v.jpg,1713,18,0.17438312793868727,0.1,0.016584382684343105,0.0,0.0,0.05555555555555555,4.0,4.0
iconclass-ai:mmw_10c12_037r_randv.jpg,1713,38,0.19277111042085476,0.14285714285714285,0.025603029636124108,0.0,0.0,0.02631578947368421,8.0,3.0
iconclass-ai:mmw_10c12_040r_min.jpg,1713,31,0.5099909492276605,1.0,0.13419689238841512,0.03225806451612903,0.06451612903225806,0.0967741935483871,3.0,5.0
iconclass-ai:mmw_10c12_042v_min.jpg,1713,31,0.461664671109676,1.0,0.11073526679692978,0.03225806451612903,0.06451612903225806,0.0967741935483871,3.0,4.5
iconclass-ai:mmw_10c12_052v_min.jpg,1713,34,0.05619646920322598,0.05555555555555555,0.0355062519511569,0.0,0.0,0.0,3.0,5.0
iconclass-ai:mmw_10d26_136r_init.jpg,1713,33,0.6512165919823643,0.5,0.42643025878905305,0.0,0.09090909090909091,0.21212121212121213,2.0,5.5
iconclass-ai:mmw_10f11_024r_min.jpg,1713,3,0.596248277035849,1.0,0.45291902071563084,0.3333333333333333,0.3333333333333333,0.6666666666666666,2.5,5.5
iconclass-ai:norris90200_pic020.jpg,1713,100,1.0,1.0,0.8116143091721297,0.01,0.05,0.1,101.0,3.0
iconclass-ai:norris90200_pic021.jpg,1713,100,1.0,1.0,0.736370229829521,0.01,0.05,0.1,101.0,3.0
iconclass-ai:norris90200_pic022.jpg,1713,100,1.0,1.0,0.7420766734895323,0.01,0.05,0.1,101.0,3.0
iconclass-ai:norris90200_pic027.jpg,1713,100,0.7731880509547049,1.0,0.48698163742245204,0.01,0.04,0.07,101.0,3.0
iconclass-ai:norris90200_pic029.jpg,1713,100,1.0,1.0,0.7230009838841717,0.01,0.05,0.1,101.0,3.0
iconclass-ai:norris90200_pic031.jpg,1713,100,1.0,1.0,0.7669673596563231,0.01,0.05,0.1,101.0,3.0
iconclass-ai:norris90200_pic033.jpg,1713,100,1.0,1.0,0.810029270359632,0.01,0.05,0.1,101.0,3.0
iconclass-ai:norris90200_pic036.jpg,1713,100,1.0,1.0,0.6896539860563803,0.01,0.05,0.1,101.0,3.0
iconclass-ai:norris90200_pic040.jpg,1713,100,1.0,1.0,0.6354641854523608,0.01,0.05,0.1,101.0,3.0
iconclass-ai:norris90200_pic043.jpg,1713,100,1.0,1.0,0.800344980679015,0.01,0.05,0.1,101.0,3.0
iconclass-ai:norris90200_pic049.jpg,1713,100,1.0,1.0,0.8223785593325303,0.01,0.05,0.1,101.0,3.0
iconclass-ai:norris90200_pic060.jpg,1713,100,1.0,1.0,0.7512837132496302,0.01,0.05,0.1,101.0,3.0
iconclass-ai:norris90200_pic068.jpg,1713,100,0.9444550224505781,1.0,0.5937909665274066,0.01,0.05,0.09,101.0,3.0
iconclass-ai:norris90200_pic071.jpg,1713,100,1.0,1.0,0.8132832995568079,0.01,0.05,0.1,101.0,3.0
iconclass-ai:norris90200_pic082.jpg,1713,100,1.0,1.0,0.7087550939503047,0.01,0.05,0.1,101.0,3.0
iconclass-ai:norris90200_pic084.jpg,1713,100,0.9469966212364886,1.0,0.6513766802701223,0.01,0.05,0.09,101.0,3.0
iconclass-ai:norris90200_pic086.jpg,1713,100,0.8560548143910625,1.0,0.5182115558919268,0.01,0.03,0.08,101.0,3.0
iconclass-ai:norris90200_pic090.jpg,1713,100,1.0,1.0,0.7767378670559237,0.01,0.05,0.1,101.0,3.0
iconclass-ai:norris90200_pic092.jpg,1713,100,1.0,1.0,0.6580857754028889,0.01,0.05,0.1,101.0,3.0
iconclass-ai:norris90200_pic094.jpg,1713,100,1.0,1.0,0.7633262626648775,0.01,0.05,0.1,101.0,3.0
iconclass-ai:norris90200_pic097.jpg,1713,100,1.0,1.0,0.8174892400123204,0.01,0.05,0.1,101.0,3.0
iconclass-ai:norris90200_pic102.jpg,1713,100,1.0,1.0,0.5454859124569262,0.01,0.05,0.1,101.0,3.0
iconclass-ai:norris90200_pic118.jpg,1713,100,1.0,1.0,0.7159566637544457,0.01,0.05,0.1,101.0,3.0
iconclass-ai:norris90200_pic131.jpg,1713,100,1.0,1.0,0.678361346821263,0.01,0.05,0.1,101.0,3.0
iconclass-ai:norris90200_pic135.jpg,1713,100,1.0,1.0,0.7877829188036775,0.01,0.05,0.1,101.0,3.0
iconclass-ai:norris90200_pic139.jpg,1713,100,1.0,1.0,0.763797148247514,0.01,0.05,0.1,101.0,3.0
iconclass-ai:norris90200_pic141.jpg,1713,100,1.0,1.0,0.7471280865518386,0.01,0.05,0.1,101.0,3.0
iconclass-ai:norris90200_pic148.jpg,1713,100,1.0,1.0,0.7575369402354597,0.01,0.05,0.1,101.0,3.0
iconclass-ai:norris90200_pic149.jpg,1713,100,1.0,1.0,0.7786853978314852,0.01,0.05,0.1,101.0,3.0
iconclass-ai:norris90200_pic151.jpg,1713,100,0.9491033694408385,1.0,0.6178390101559897,0.01,0.05,0.09,101.0,3.0
iconclass-ai:norris90200_pic155.jpg,1713,100,1.0,1.0,0.6425381450460879,0.01,0.05,0.1,101.0,3.0
iconclass-ai:norris90200_pic158.jpg,1713,100,0.9491033694408385,1.0,0.5664071299920859,0.01,0.05,0.09,101.0,3.0
iconclass-ai:norris90200_pic159.jpg,1713,100,1.0,1.0,0.7131978746379076,0.01,0.05,0.1,101.0,3.0
iconclass-ai:norris90200_pic164.jpg,1713,100,0.7595791224651135,1.0,0.46273907005723247,0.01,0.04,0.06,101.0,3.0
iconclass-ai:norris90200_pic169.jpg,1713,100,1.0,1.0,0.7724475541119195,0.01,0.05,0.1,101.0,3.0
iconclass-ai:norris90200_pic177.jpg,1713,100,1.0,1.0,0.769407043698603,0.01,0.05,0.1,101.0,3.0
iconclass-ai:norris90200_pic179.jpg,1713,100,1.0,1.0,0.7556309975492205,0.01,0.05,0.1,101.0,3.0
iconclass-ai:norris90200_pic186.jpg,1713,100,1.0,1.0,0.7758000669466933,0.01,0.05,0.1,101.0,3.0
iconclass-ai:norris90200_pic187.jpg,1713,100,1.0,1.0,0.7267109068765238,0.01,0.05,0.1,101.0,3.0
iconclass-ai:norris90200_pic188.jpg,1713,100,0.8731943682072151,1.0,0.44878557702374755,0.01,0.04,0.08,101.0,3.0
iconclass-ai:norris90200_pic189.jpg,1713,100,1.0,1.0,0.6741012461163973,0.01,0.05,0.1,101.0,3.0
iconclass-ai:norris90200_pic191.jpg,1713,100,1.0,1.0,0.7707874832114031,0.01,0.05,0.1,101.0,3.0
iconclass-ai:sdc_10347_3903_fac003.jpg,1713,0,,,,,,,0.0,
iconclass-ai:sdc_10347_3903_pic025.jpg,1713,0,1.0,,,,,,1.0,1.0
iconclass-ai:sdc_10347_3903_pic086.jpg,1713,0,0.8279854965640305,,,,,,1.0,1.0
iconclass-ai:sdc_10347_3903_pic249.jpg,1713,0,1.0,,,,,,1.0,1.0
iconclass-ai:sdc_10347_3903_pic285.jpg,1713,0,1.0,,,,,,1.0,1.0
iconclass-ai:sdc_10347_3903_pic357.jpg,1713,0,1.0,,,,,,1.0,1.0
iconclass-ai:sdc_10347_3903_pic553.jpg,1713,0,1.0,,,,,,1.0,1.0
iconclass-ai:sdc_10347_3903_pic625.jpg,1713,0,1.0,,,,,,1.0,1.0
iconclass-ai:sdc_10347_3903_pic647.jpg,1713,0,1.0,,,,,,1.0,1.0
iconclass-ai:sdc_10347_3903_pic658.jpg,1713,0,0.9444550224505781,,,,,,1.0,1.0
iconclass-ai:sdc_10347_3903_pic674.jpg,1713,0,1.0,,,,,,1.0,1.0
iconclass-ai:sdc_10347_3903_pic857.jpg,1713,0,1.0,,,,,,1.0,1.0
iconclass-ai:uiuc_0961b237g_pic017.jpg,1713,0,1.0,,,,,,1.0,3.0
iconclass-ai:uiuc_0961b237g_pic021.jpg,1713,2,1.0,0.16666666666666666,0.0850785340314136,0.0,0.0,0.5,2.0,2.0
iconclass-ai:uiuc_0961b237g_pic061.jpg,1713,17,0.7475064580781294,0.006666666666666667,0.010353969001777898,0.0,0.0,0.0,1.0,5.0
iconclass-ai:uiuc_0961b237g_pic073.jpg,1713,20,0.9372813848170596,1.0,0.15686834207188893,0.05,0.1,0.15,2.0,5.0
iconclass-ai:uiuc_0961b237g_pic077.jpg,1713,3,0.931885505886703,1.0,0.3492716060416481,0.3333333333333333,0.3333333333333333,0.3333333333333333,2.0,5.0
iconclass-ai:uiuc_0961b237g_pic081.jpg,1713,9,0.9413088623205119,0.022727272727272728,0.012604059654271995,0.0,0.0,0.0,2.0,5.0
iconclass-ai:uiuc_0961b237g_pic093.jpg,1713,5,0.7521548050683899,0.006535947712418301,0.009382135215672351,0.0,0.0,0.0,1.0,6.0
iconclass-ai:uiuc_0961b237g_pic161.jpg,1713,25,0.9119632934807679,0.5,0.055409295721444166,0.0,0.04,0.04,1.0,5.0
iconclass-ai:uiuc_0961b237g_pic169.jpg,1713,1,0.931885505886703,0.0023148148148148147,0.0023148148148148147,0.0,0.0,0.0,1.0,4.0
iconclass-ai:uiuc_0961b237g_pic173.jpg,1713,2,0.871165929740848,0.03571428571428571,0.01862342638204707,0.0,0.0,0.0,1.0,6.0
iconclass-ai:uiuc_27171l979_pic027.jpg,1713,44,0.8842780060535484,0.06666666666666667,0.04916199793704909,0.0,0.0,0.0,1.0,5.0
iconclass-ai:uiuc_27171l979_pic053.jpg,1713,20,0.9491033694408385,0.038461538461538464,0.02430832508439988,0.0,0.0,0.0,2.5,4.5
iconclass-ai:uiuc_27171l979_pic055.jpg,1713,20,0.931885505886703,0.014925373134328358,0.017527432119510414,0.0,0.0,0.0,1.5,5.5
iconclass-ai:uiuc_27171l979_pic059.jpg,1713,10,1.0,0.14285714285714285,0.06908594415090845,0.0,0.0,0.1,2.5,3.5
iconclass-ai:uiuc_3201sa12iea2_pic022.jpg,1713,61,1.0,1.0,0.13122755853443419,0.01639344262295082,0.03278688524590164,0.06557377049180328,5.0,3.0
iconclass-ai:uiuc_3201sa12iea2_pic030.jpg,1713,19,1.0,1.0,0.17226544899754775,0.05263157894736842,0.05263157894736842,0.21052631578947367,1.0,4.0
iconclass-ai:uiuc_3201sa12iea2_pic035.jpg,1713,72,1.0,0.25,0.09405557406348136,0.0,0.013888888888888888,0.013888888888888888,6.5,3.5
iconclass-ai:uiuc_3201sa12iea2_pic041.jpg,1713,91,1.0,1.0,0.18164103142072963,0.01098901098901099,0.04395604395604396,0.04395604395604396,5.0,4.0
iconclass-ai:uiuc_3201sa12iea2_pic057.jpg,1713,18,1.0,1.0,0.14728068553637386,0.05555555555555555,0.05555555555555555,0.1111111111111111,1.0,3.0
iconclass-ai:uiuc_3201sa12iea2_pic106.jpg,1713,71,1.0,1.0,0.15627523834668497,0.014084507042253521,0.056338028169014086,0.08450704225352113,1.5,4.0
iconclass-ai:uiuc_3201sa12iea2_pic124.jpg,1713,19,1.0,1.0,0.22650691390246885,0.05263157894736842,0.15789473684210525,0.21052631578947367,1.0,3.5
iconclass-ai:uiuc_3201sa12iea2_pic184.jpg,1713,103,1.0,0.5,0.14343875162241365,0.0,0.02912621359223301,0.02912621359223301,5.5,4.0
iconclass-ai:uiuc_3201sa12iea2_pic190.jpg,1713,51,1.0,0.3333333333333333,0.07955876723759077,0.0,0.0392156862745098,0.0392156862745098,2.0,4.5
iconclass-ai:uiuc_3201sa12iea2_pic207.jpg,1713,48,1.0,0.25,0.08518087546744191,0.0,0.020833333333333332,0.041666666666666664,6.0,5.0
iconclass-ai:uiuc_3201sa12iea2_pic213.jpg,1713,43,1.0,0.01020408163265306,0.041301887667278214,0.0,0.0,0.0,3.0,3.5
iconclass-ai:uiuc_3201sa12iea2_pic220.jpg,1713,30,1.0,0.5,0.1952865788803926,0.0,0.1,0.13333333333333333,2.0,4.0
iconclass-ai:uiuc_3201sa12iea2_pic251.jpg,1713,51,1.0,0.058823529411764705,0.059187622793752954,0.0,0.0,0.0,2.5,4.0
iconclass-ai:uiuc_3201sa12iea2_pic295.jpg,1713,23,1.0,1.0,0.15151047451319535,0.043478260869565216,0.08695652173913043,0.13043478260869565,1.0,4.0
iconclass-ai:uiuc_3201sa12iea2_pic317.jpg,1713,3,1.0,0.0030581039755351682,0.005283959847677788,0.0,0.0,0.0,1.5,3.5
iconclass-ai:uiuc_3201sa12iea2_pic368.jpg,1713,18,1.0,0.02702702702702703,0.017125988330830164,0.0,0.0,0.0,1.0,4.0
iconclass-ai:uiuc_832w91o_pic01101.jpg,1713,33,0.18669317219114892,0.125,0.0665859890562519,0.0,0.0,0.030303030303030304,2.0,5.0
iconclass-ai:uiuc_832w91o_pic01105.jpg,1713,11,0.1540224195338076,0.02127659574468085,0.01577035615183882,0.0,0.0,0.0,2.0,5.0
iconclass-ai:uiuc_832w91o_pic01111.jpg,1713,47,1.0,1.0,0.14737045333137344,0.02127659574468085,0.06382978723404255,0.06382978723404255,3.5,3.0
iconclass-ai:uiuc_832w91o_pic01301.jpg,1713,33,1.0,0.0625,0.040968786073978594,0.0,0.0,0.0,1.0,5.0
iconclass-ai:uiuc_832w91o_pic01309.jpg,1713,7,1.0,1.0,0.15459375959227978,0.14285714285714285,0.14285714285714285,0.14285714285714285,1.0,4.5
iconclass-ai:uiuc_832w91o_pic01311.jpg,1713,20,1.0,0.16666666666666666,0.02660721251554512,0.0,0.0,0.05,3.0,4.0
iconclass-ai:uiuc_832w91o_pic01508.jpg,1713,15,1.0,1.0,0.2114985852752552,0.06666666666666667,0.13333333333333333,0.2,1.0,5.0
iconclass-ai:uiuc_832w91o_pic01511.jpg,1713,45,1.0,0.5,0.08780202574531325,0.0,0.044444444444444446,0.044444444444444446,1.5,3.0
iconclass-ai:uiuc_832w91o_pic01701.jpg,1713,2,1.0,0.002364066193853428,0.0024335975524961756,0.0,0.0,0.0,1.0,5.0
iconclass-ai:uiuc_832w91o_pic01705.jpg,1713,12,1.0,0.0625,0.0378539297775276,0.0,0.0,0.0,2.0,4.0
iconclass-ai:uiuc_832w91o_pic01909.jpg,1713,29,1.0,0.07692307692307693,0.042907110575561604,0.0,0.0,0.0,2.0,4.0
iconclass-ai:uiuc_832w91o_pic02101.jpg,1713,6,1.0,0.3333333333333333,0.16029385528965007,0.0,0.16666666666666666,0.16666666666666666,2.0,4.0
iconclass-ai:uiuc_832w91o_pic02106.jpg,1713,7,1.0,0.3333333333333333,0.06613944605092435,0.0,0.14285714285714285,0.14285714285714285,1.5,4.0
iconclass-ai:uiuc_832w91o_pic02302.jpg,1713,6,1.0,0.011235955056179775,0.009604955027018367,0.0,0.0,0.0,1.0,4.0
iconclass-ai:uiuc_832w91o_pic02303.jpg,1713,2,1.0,0.125,0.0928030303030303,0.0,0.0,0.5,1.0,3.0
iconclass-ai:uiuc_832w91o_pic02307.jpg,1713,6,1.0,0.03333333333333333,0.01702476736601277,0.0,0.0,0.0,1.0,5.0
iconclass-ai:uiuc_832w91o_pic02312.jpg,1713,39,1.0,0.043478260869565216,0.04856739601108391,0.0,0.0,0.0,2.0,3.0
iconclass-ai:uiuc_832w91o_pic02502.jpg,1713,30,1.0,1.0,0.10841432457892407,0.03333333333333333,0.06666666666666667,0.1,4.5,4.5
iconclass-ai:uiuc_832w91o_pic02701.jpg,1713,8,1.0,1.0,0.13971470100857247,0.125,0.125,0.125,2.0,3.5
iconclass-ai:uiuc_832w91o_pic02703.jpg,1713,2,1.0,0.0038461538461538464,0.0029540047581284694,0.0,0.0,0.0,1.0,4.0
iconclass-ai:uiuc_832w91o_pic02707.jpg,1713,37,0.9420275544774096,1.0,0.13733520809640695,0.02702702702702703,0.08108108108108109,0.08108108108108109,3.5,3.5
iconclass-ai:uiuc_832w91o_pic02708.jpg,1713,25,0.9503093324092082,0.043478260869565216,0.03774165973522421,0.0,0.0,0.0,1.0,4.0
iconclass-ai:uiuc_832w91o_pic02709.jpg,1713,3,1.0,1.0,0.3379138925027423,0.3333333333333333,0.3333333333333333,0.3333333333333333,1.0,4.0
iconclass-ai:uiuc_832w91o_pic02905.jpg,1713,7,0.9346681091844371,0.5,0.08048909569951378,0.0,0.14285714285714285,0.14285714285714285,1.0,4.0
iconclass-ai:uiuc_832w91o_pic02907.jpg,1713,72,1.0,0.5,0.09021753683684484,0.0,0.013888888888888888,0.013888888888888888,3.0,3.0
iconclass-ai:uiuc_832w91o_pic02911.jpg,1713,28,1.0,1.0,0.12221190918740055,0.03571428571428571,0.07142857142857142,0.10714285714285714,1.5,4.0
iconclass-ai:uiuc_832w91o_pic03303.jpg,1713,49,1.0,1.0,0.08173516801576483,0.02040816326530612,0.02040816326530612,0.02040816326530612,4.0,4.0
iconclass-ai:uiuc_832w91o_pic03503.jpg,1713,45,1.0,0.09090909090909091,0.06928877381634897,0.0,0.0,0.0,3.0,3.5
iconclass-ai:uiuc_832w91o_pic03506.jpg,1713,15,1.0,0.25,0.16694873199164434,0.0,0.13333333333333333,0.26666666666666666,1.0,4.0
iconclass-ai:uiuc_832w91o_pic03709.jpg,1713,24,1.0,0.25,0.08538779813540272,0.0,0.041666666666666664,0.125,1.0,3.0
iconclass-ai:uiuc_832w91o_pic04106.jpg,1713,5,1.0,0.0044444444444444444,0.004782153536893448,0.0,0.0,0.0,1.0,6.0
iconclass-ai:uiuc_832w91o_pic04111.jpg,1713,4,1.0,0.043478260869565216,0.03242837364060651,0.0,0.0,0.0,1.0,3.0
iconclass-ai:uiuc_832w91o_pic04112.jpg,1713,25,1.0,0.5,0.15789004009872987,0.0,0.08,0.16,1.5,4.0
iconclass-ai:uiuc_832w91o_pic04307.jpg,1713,40,1.0,0.25,0.09833440999073476,0.0,0.05,0.075,6.0,3.5
iconclass-ai:uiuc_832w91o_pic04501.jpg,1713,10,1.0,0.05555555555555555,0.03365190562901206,0.0,0.0,0.0,3.5,5.0
iconclass-ai:uiuc_832w91o_pic04505.jpg,1713,10,1.0,0.015873015873015872,0.012755143886097492,0.0,0.0,0.0,2.0,5.0
iconclass-ai:uiuc_832w91o_pic04510.jpg,1713,43,1.0,0.037037037037037035,0.05404333164419881,0.0,0.0,0.0,3.0,5.0
iconclass-ai:uiuc_832w91o_pic04704.jpg,1713,16,1.0,0.025,0.017386460030703665,0.0,0.0,0.0,2.0,3.5
iconclass-ai:uiuc_832w91o_pic04709.jpg,1713,1,1.0,0.0024271844660194173,0.0024271844660194173,0.0,0.0,0.0,1.0,3.5
iconclass-ai:uiuc_832w91o_pic04712.jpg,1713,17,1.0,0.3333333333333333,0.08445544606982773,0.0,0.058823529411764705,0.11764705882352941,1.0,4.0
iconclass-ai:uiuc_832w91o_pic04909.jpg,1713,0,1.0,,,,,,1.0,4.0
iconclass-ai:uiuc_832w91o_pic04912.jpg,1713,80,1.0,0.2,0.09338231872426837,0.0,0.0125,0.0125,8.5,5.0
iconclass-ai:uiuc_832w91o_pic05105.jpg,1713,30,1.0,0.017241379310344827,0.030693464469261442,0.0,0.0,0.0,1.0,3.0
iconclass-ai:uiuc_832w91o_pic05109.jpg,1713,44,1.0,0.3333333333333333,0.16908993113422194,0.0,0.045454545454545456,0.045454545454545456,1.0,5.0
iconclass-ai:uiuc_832w91o_pic05110.jpg,1713,29,1.0,0.07692307692307693,0.09663404709669038,0.0,0.0,0.0,2.0,4.0
iconclass-ai:uiuc_832w91o_pic05302.jpg,1713,50,1.0,0.16666666666666666,0.08290214521103807,0.0,0.0,0.04,6.0,3.5
iconclass-ai:uiuc_832w91o_pic05511.jpg,1713,3,1.0,0.5,0.17372808052213573,0.0,0.3333333333333333,0.3333333333333333,2.0,3.0
iconclass-ai:uiuc_832w91o_pic05711.jpg,1713,10,1.0,0.25,0.05657284389380056,0.0,0.1,0.1,2.5,2.5
iconclass-ai:uiuc_832w91o_pic05906.jpg,1713,46,1.0,0.1111111111111111,0.06669761246216513,0.0,0.0,0.043478260869565216,2.0,3.0
iconclass-ai:uiuc_832w91o_pic06104.jpg,1713,7,1.0,0.003067484662576687,0.006650136668160246,0.0,0.0,0.0,1.0,4.0
iconclass-ai:uiuc_832w91o_pic06106.jpg,1713,9,1.0,0.03571428571428571,0.017486592382803704,0.0,0.0,0.0,1.0,4.0
iconclass-ai:uiuc_832w91o_pic06108.jpg,1713,7,1.0,0.023255813953488372,0.014016992074938795,0.0,0.0,0.0,1.0,4.0
iconclass-ai:uiuc_832w91o_pic06301.jpg,1713,2,1.0,0.011111111111111112,0.008968524838832006,0.0,0.0,0.0,1.0,4.5
iconclass-ai:uiuc_832w91o_pic06302.jpg,1713,66,1.0,0.5,0.12121166771020164,0.0,0.015151515151515152,0.045454545454545456,3.0,3.0
iconclass-ai:uiuc_832w91o_pic06304.jpg,1713,0,1.0,,,,,,1.0,1.0
iconclass-ai:uiuc_832w91o_pic06309.jpg,1713,6,1.0,0.02040816326530612,0.011592506656462968,0.0,0.0,0.0,1.0,4.0
iconclass-ai:uiuc_832w91o_pic06311.jpg,1713,7,1.0,0.07142857142857142,0.023790368598044075,0.0,0.0,0.0,1.0,5.0
iconclass-ai:uiuc_832w91o_pic06503.jpg,1713,47,1.0,0.125,0.12389844141898941,0.0,0.0,0.0425531914893617,4.0,4.0
iconclass-ai:uiuc_832w91o_pic06504.jpg,1713,17,0.91746558763822,0.2,0.03310452937593596,0.0,0.058823529411764705,0.058823529411764705,1.0,4.5
iconclass-ai:uiuc_832w91o_pic06512.jpg,1713,31,1.0,0.5,0.15262639171564826,0.0,0.06451612903225806,0.0967741935483871,2.5,5.0
iconclass-ai:uiuc_832w91o_pic06705.jpg,1713,5,1.0,0.1111111111111111,0.03597546930324472,0.0,0.0,0.2,1.0,3.0
iconclass-ai:uiuc_832w91o_pic06707.jpg,1713,11,1.0,0.05,0.043824727022495444,0.0,0.0,0.0,1.0,4.0
iconclass-ai:uiuc_832w91o_pic06708.jpg,1713,0,1.0,,,,,,1.0,1.0
iconclass-ai:uiuc_832w91o_pic06902.jpg,1713,2,1.0,0.005376344086021506,0.0076386670925157035,0.0,0.0,0.0,1.0,4.5
iconclass-ai:uiuc_832w91o_pic06904.jpg,1713,45,1.0,0.125,0.07530168551479016,0.0,0.0,0.022222222222222223,9.0,3.0
iconclass-ai:uiuc_832w91o_pic06908.jpg,1713,58,1.0,1.0,0.09142967414168968,0.017241379310344827,0.017241379310344827,0.05172413793103448,2.0,5.0
iconclass-ai:uiuc_832w91o_pic06911.jpg,1713,52,1.0,0.07142857142857142,0.0786785885172303,0.0,0.0,0.0,3.5,4.5
iconclass-ai:uiuc_832w91o_pic07103.jpg,1713,102,1.0,0.07142857142857142,0.09240672304871349,0.0,0.0,0.0,2.5,4.5
iconclass-ai:uiuc_832w91o_pic07104.jpg,1713,30,1.0,0.5,0.12091682292806777,0.0,0.1,0.1,1.0,5.0
iconclass-ai:uiuc_832w91o_pic07108.jpg,1713,2,1.0,0.02127659574468085,0.031471631205673756,0.0,0.0,0.0,1.0,4.0
iconclass-ai:uiuc_832w91o_pic07111.jpg,1713,13,1.0,1.0,0.09993706185183528,0.07692307692307693,0.07692307692307693,0.07692307692307693,2.0,4.0
iconclass-ai:uiuc_832w91o_pic07301.jpg,1713,5,1.0,0.16666666666666666,0.06290701141551218,0.0,0.0,0.2,2.0,3.5
iconclass-ai:uiuc_832w91o_pic07302.jpg,1713,15,1.0,0.14285714285714285,0.040479510706859595,0.0,0.0,0.06666666666666667,1.0,4.0
iconclass-ai:uiuc_832w91o_pic07312.jpg,1713,35,1.0,0.3333333333333333,0.1117009003131646,0.0,0.02857142857142857,0.02857142857142857,2.0,5.0
iconclass-ai:uiuc_832w91o_pic07502.jpg,1713,3,1.0,0.0625,0.02444815278810894,0.0,0.0,0.0,1.0,4.5
iconclass-ai:uiuc_832w91o_pic07505.jpg,1713,10,1.0,0.02702702702702703,0.021857713641496922,0.0,0.0,0.0,1.0,4.0
iconclass-ai:uiuc_832w91o_pic07512.jpg,1713,5,1.0,0.043478260869565216,0.013910514491564527,0.0,0.0,0.0,1.0,4.0
iconclass-ai:uiuc_832w91o_pic07701.jpg,1713,10,1.0,0.030303030303030304,0.016950029746206165,0.0,0.0,0.0,2.0,4.0
iconclass-ai:uiuc_832w91o_pic07703.jpg,1713,2,1.0,0.02040816326530612,0.028061224489795915,0.0,0.0,0.0,1.0,4.0
iconclass-ai:uiuc_832w91o_pic07704.jpg,1713,8,1.0,0.006172839506172839,0.00810020340990952,0.0,0.0,0.0,2.5,4.0
iconclass-ai:uiuc_832w91o_pic07709.jpg,1713,27,1.0,0.5,0.05689943696611168,0.0,0.037037037037037035,0.037037037037037035,3.0,4.0
iconclass-ai:uiuc_832w91o_pic07712.jpg,1713,23,1.0,0.3333333333333333,0.07688932857496038,0.0,0.043478260869565216,0.043478260869565216,5.0,3.0
iconclass-ai:uiuc_832w91o_pic07901.jpg,1713,13,1.0,0.16666666666666666,0.07925740261606898,0.0,0.0,0.15384615384615385,3.0,4.0
iconclass-ai:uiuc_832w91o_pic07909.jpg,1713,13,1.0,0.16666666666666666,0.045184139553176156,0.0,0.0,0.07692307692307693,1.0,3.0
iconclass-ai:uiuc_832w91o_pic08105.jpg,1713,12,1.0,0.024390243902439025,0.023971780194351634,0.0,0.0,0.0,2.5,3.0
iconclass-ai:uiuc_832w91o_pic08107.jpg,1713,18,1.0,1.0,0.1332760373088081,0.05555555555555555,0.05555555555555555,0.1111111111111111,1.0,5.0
iconclass-ai:uiuc_832w91o_pic08110.jpg,1713,40,1.0,0.5,0.06557288270215497,0.0,0.025,0.025,2.0,3.5
iconclass-ai:uiuc_832w91o_pic08111.jpg,1713,27,1.0,1.0,0.17710159307628165,0.037037037037037035,0.07407407407407407,0.07407407407407407,1.0,5.0
iconclass-ai:uiuc_832w91o_pic08303.jpg,1713,11,1.0,0.1,0.03236564138277654,0.0,0.0,0.09090909090909091,2.0,5.5
iconclass-ai:uiuc_832w91o_pic08308.jpg,1713,10,1.0,0.029411764705882353,0.018261607826000694,0.0,0.0,0.0,2.0,4.0
iconclass-ai:uiuc_832w91o_pic08501.jpg,1713,42,1.0,0.14285714285714285,0.0640600386175556,0.0,0.0,0.023809523809523808,7.5,4.0
iconclass-ai:uiuc_832w91o_pic08508.jpg,1713,56,1.0,0.5,0.09022016445692642,0.0,0.017857142857142856,0.03571428571428571,15.0,3.0
iconclass-ai:uiuc_832w91o_pic08511.jpg,1713,32,1.0,0.25,0.031246234302032726,0.0,0.03125,0.03125,2.0,4.0
iconclass-ai:uiuc_832w91o_pic08707.jpg,1713,1,1.0,0.01818181818181818,0.01818181818181818,0.0,0.0,0.0,1.0,3.0
iconclass-ai:uiuc_832w91o_pic08708.jpg,1713,25,1.0,0.043478260869565216,0.027168971334691427,0.0,0.0,0.0,4.0,4.0
iconclass-ai:uiuc_832w91o_pic08903.jpg,1713,54,1.0,0.25,0.13781661205398638,0.0,0.018518518518518517,0.05555555555555555,6.5,4.0
iconclass-ai:uiuc_832w91o_pic08906.jpg,1713,5,0.931885505886703,0.007575757575757576,0.00652359254985746,0.0,0.0,0.0,1.0,4.0
iconclass-ai:uiuc_832w91o_pic08909.jpg,1713,30,1.0,0.010101010101010102,0.032547915370252554,0.0,0.0,0.0,6.5,4.0
iconclass-ai:uiuc_832w91o_pic09101.jpg,1713,37,1.0,0.5,0.13688041238011533,0.0,0.05405405405405406,0.05405405405405406,4.0,5.0
iconclass-ai:uiuc_832w91o_pic09102.jpg,1713,38,1.0,0.2,0.07255494806333877,0.0,0.02631578947368421,0.02631578947368421,2.5,5.0
iconclass-ai:uiuc_832w91o_pic09107.jpg,1713,18,1.0,0.2,0.03313098763395458,0.0,0.05555555555555555,0.05555555555555555,2.0,3.0
iconclass-ai:uiuc_832w91o_pic09109.jpg,1713,4,0.9413088623205119,0.00510204081632653,0.003356289002785074,0.0,0.0,0.0,1.0,5.0
iconclass-ai:uiuc_832w91o_pic09305.jpg,1713,16,1.0,0.5,0.1135023271448563,0.0,0.0625,0.125,1.0,5.0
iconclass-ai:uiuc_832w91o_pic09903.jpg,1713,24,1.0,1.0,0.19135650262833107,0.041666666666666664,0.041666666666666664,0.08333333333333333,2.0,4.0
iconclass-ai:uiuc_832w91o_pic10107.jpg,1713,5,1.0,0.005988023952095809,0.007201218758045648,0.0,0.0,0.0,1.0,3.0
iconclass-ai:uiuc_832w91o_pic10110.jpg,1713,78,1.0,1.0,0.11506566603888452,0.01282051282051282,0.02564102564102564,0.038461538461538464,3.0,5.0
iconclass-ai:uiuc_832w91o_pic10304.jpg,1713,7,1.0,0.004608294930875576,0.00623351650411387,0.0,0.0,0.0,1.0,4.0
iconclass-ai:uiuc_832w91o_pic10504.jpg,1713,79,1.0,0.5,0.20110312000711023,0.0,0.02531645569620253,0.0759493670886076,7.0,5.0
iconclass-ai:uiuc_832w91o_pic10507.jpg,1713,50,1.0,1.0,0.1113159579775912,0.02,0.02,0.06,4.0,4.0
iconclass-ai:uiuc_832w91o_pic10907.jpg,1713,0,1.0,,,,,,1.0,5.0
iconclass-ai:uiuc_832w91o_pic11307.jpg,1713,4,1.0,1.0,0.25776431120999604,0.25,0.25,0.25,1.0,3.0
iconclass-ai:uiuc_832w91o_pic11309.jpg,1713,11,0.947926583547417,0.2,0.03331921130260129,0.0,0.09090909090909091,0.09090909090909091,1.0,3.0
iconclass-ai:uiuc_832w91o_pic11310.jpg,1713,18,1.0,0.125,0.021020257213755344,0.0,0.0,0.05555555555555555,1.0,4.0
iconclass-ai:uiuc_832w91o_pic11503.jpg,1713,21,1.0,0.02564102564102564,0.036931625819879126,0.0,0.0,0.0,2.0,4.0
iconclass-ai:uiuc_832w91o_pic11511.jpg,1713,55,1.0,0.2,0.0556078627726194,0.0,0.01818181818181818,0.01818181818181818,6.0,5.0
iconclass-ai:uiuc_832w91o_pic11512.jpg,1713,33,1.0,0.25,0.08138544280888176,0.0,0.030303030303030304,0.06060606060606061,2.0,4.5
iconclass-ai:uiuc_832w91o_pic11701.jpg,1713,7,1.0,0.05,0.014382746948083372,0.0,0.0,0.0,1.0,5.0
iconclass-ai:uiuc_832w91o_pic11703.jpg,1713,11,1.0,0.14285714285714285,0.030702966387084665,0.0,0.0,0.09090909090909091,2.5,4.0
iconclass-ai:uiuc_832w91o_pic11711.jpg,1713,90,1.0,0.2,0.07726500862975187,0.0,0.011111111111111112,0.022222222222222223,5.0,4.0
iconclass-ai:uiuc_832w91o_pic11902.jpg,1713,21,1.0,1.0,0.08718677190859458,0.047619047619047616,0.047619047619047616,0.047619047619047616,3.0,4.0
iconclass-ai:uiuc_832w91o_pic11910.jpg,1713,14,1.0,0.125,0.05268203807497824,0.0,0.0,0.07142857142857142,2.5,3.5
iconclass-ai:uiuc_832w91o_pic11911.jpg,1713,14,1.0,0.25,0.0455807890381156,0.0,0.07142857142857142,0.07142857142857142,1.0,4.0
iconclass-ai:uiuc_832w91o_pic12102.jpg,1713,21,1.0,0.01639344262295082,0.018607461927329566,0.0,0.0,0.0,1.0,4.0
iconclass-ai:uiuc_832w91o_pic12104.jpg,1713,2,1.0,0.003236245954692557,0.002251034369751342,0.0,0.0,0.0,2.0,5.0
iconclass-ai:uiuc_832w91o_pic12110.jpg,1713,8,1.0,0.05263157894736842,0.02371779707461745,0.0,0.0,0.0,1.0,4.0
iconclass-ai:uiuc_832w91o_pic12112.jpg,1713,0,1.0,,,,,,1.0,1.0
iconclass-ai:uiuc_832w91o_pic12309.jpg,1713,53,0.9361426617687841,0.5,0.10319812094593715,0.0,0.018867924528301886,0.03773584905660377,3.0,4.0
iconclass-ai:uiuc_832w91o_pic12310.jpg,1713,52,1.0,0.3333333333333333,0.08038072724783872,0.0,0.019230769230769232,0.038461538461538464,4.0,4.0
iconclass-ai:uiuc_832w91o_pic12505.jpg,1713,2,1.0,0.03225806451612903,0.03337041156840934,0.0,0.0,0.0,1.0,3.0
iconclass-ai:uiuc_832w91o_pic12506.jpg,1713,32,1.0,0.05,0.06435888491322335,0.0,0.0,0.0,4.5,5.0
iconclass-ai:uiuc_832w91o_pic12510.jpg,1713,20,1.0,0.16666666666666666,0.05822414538422367,0.0,0.0,0.05,1.0,4.0
iconclass-ai:uiuc_832w91o_pic12710.jpg,1713,42,1.0,0.3333333333333333,0.07586111231019431,0.0,0.047619047619047616,0.047619047619047616,2.0,5.0
iconclass-ai:uiuc_832w91o_pic12901.jpg,1713,56,1.0,0.3333333333333333,0.08591368033295631,0.0,0.03571428571428571,0.03571428571428571,2.0,3.0
iconclass-ai:uiuc_832w91o_pic13110.jpg,1713,22,1.0,0.023255813953488372,0.027822809696458492,0.0,0.0,0.0,3.5,5.0
iconclass-ai:uiuc_832w91o_pic13302.jpg,1713,48,1.0,0.5,0.11975846186438328,0.0,0.041666666666666664,0.08333333333333333,3.0,5.0
iconclass-ai:uiuc_832w91o_pic13308.jpg,1713,8,1.0,0.017241379310344827,0.013561348687183712,0.0,0.0,0.0,2.0,4.0
iconclass-ai:uiuc_832w91o_pic13310.jpg,1713,15,1.0,0.14285714285714285,0.03133004461443614,0.0,0.0,0.06666666666666667,1.0,3.5
iconclass-ai:uiuc_832w91o_pic13508.jpg,1713,8,1.0,0.005,0.0073023646992169105,0.0,0.0,0.0,1.0,5.0
iconclass-ai:uiuc_832w91o_pic13509.jpg,1713,21,1.0,0.2,0.04872357669865573,0.0,0.047619047619047616,0.09523809523809523,1.0,2.5
iconclass-ai:uiuc_832w91o_pic13512.jpg,1713,0,1.0,,,,,,1.0,4.0
iconclass-ai:uiuc_832w91o_pic13712.jpg,1713,4,1.0,0.00684931506849315,0.006546184329920328,0.0,0.0,0.0,1.5,4.0
iconclass-ai:uiuc_832w91o_pic13901.jpg,1713,0,1.0,,,,,,1.0,1.0
iconclass-ai:uiuc_832w91o_pic13903.jpg,1713,9,1.0,0.25,0.05887214099456661,0.0,0.1111111111111111,0.1111111111111111,1.0,3.0
iconclass-ai:uiuc_832w91o_pic13904.jpg,1713,10,1.0,0.0625,0.014520241723046903,0.0,0.0,0.0,2.0,3.0
iconclass-ai:uiuc_832w91o_pic13906.jpg,1713,51,1.0,0.07142857142857142,0.07110575411962539,0.0,0.0,0.0,3.0,5.0
iconclass-ai:uiuc_832w91o_pic14102.jpg,1713,5,1.0,0.0018587360594795538,0.0028683718024119114,0.0,0.0,0.0,1.0,4.0
iconclass-ai:uiuc_832w91o_pic14103.jpg,1713,34,1.0,0.037037037037037035,0.05464753246530657,0.0,0.0,0.0,1.0,4.5
iconclass-ai:uiuc_832w91o_pic14105.jpg,1713,26,1.0,0.058823529411764705,0.02370619519584521,0.0,0.0,0.0,3.5,4.5
iconclass-ai:uiuc_832w91o_pic14107.jpg,1713,25,1.0,0.07692307692307693,0.0455485474292877,0.0,0.0,0.0,2.0,4.5
iconclass-ai:uiuc_832w91o_pic14109.jpg,1713,18,1.0,0.058823529411764705,0.03335856365433053,0.0,0.0,0.0,7.0,3.0
iconclass-ai:uiuc_832w91o_pic14302.jpg,1713,13,1.0,0.125,0.02736255447775156,0.0,0.0,0.07692307692307693,4.0,3.5
iconclass-ai:uiuc_832w91o_pic14306.jpg,1713,42,1.0,1.0,0.18316912040388894,0.023809523809523808,0.047619047619047616,0.07142857142857142,5.0,3.0
iconclass-ai:uiuc_832w91o_pic14307.jpg,1713,25,1.0,1.0,0.1312234978732863,0.04,0.04,0.08,2.0,4.0
iconclass-ai:uiuc_832w91o_pic14506.jpg,1713,30,1.0,0.16666666666666666,0.056330372313431826,0.0,0.0,0.03333333333333333,7.0,3.0
iconclass-ai:uiuc_832w91o_pic14701.jpg,1713,4,1.0,0.2,0.11124398477339655,0.0,0.25,0.5,1.5,4.0
iconclass-ai:uiuc_832w91o_pic14704.jpg,1713,30,1.0,0.045454545454545456,0.0738034180328873,0.0,0.0,0.0,1.5,4.0
iconclass-ai:uiuc_832w91o_pic14711.jpg,1713,36,1.0,0.5,0.2543067102284452,0.0,0.05555555555555555,0.1111111111111111,1.0,5.0
iconclass-ai:uiuc_832w91o_pic14902.jpg,1713,9,1.0,0.038461538461538464,0.021732967197164704,0.0,0.0,0.0,2.0,6.0
iconclass-ai:uiuc_832w91o_pic14904.jpg,1713,14,1.0,1.0,0.1348971364061904,0.07142857142857142,0.07142857142857142,0.14285714285714285,1.0,4.5
iconclass-ai:uiuc_832w91o_pic14908.jpg,1713,40,0.9491033694408385,0.3333333333333333,0.14113485248738739,0.0,0.05,0.075,1.0,4.0
iconclass-ai:uiuc_832w91o_pic15302.jpg,1713,12,1.0,0.0196078431372549,0.020985309227262106,0.0,0.0,0.0,1.0,6.0
iconclass-ai:uiuc_832w91o_pic15304.jpg,1713,14,1.0,0.5,0.09556266039329264,0.0,0.07142857142857142,0.07142857142857142,1.0,5.0
iconclass-ai:uiuc_832w91o_pic15308.jpg,1713,15,0.9491033694408385,0.16666666666666666,0.048568102516311204,0.0,0.0,0.06666666666666667,4.5,3.0
iconclass-ai:uiuc_832w91o_pic15312.jpg,1713,18,1.0,0.08333333333333333,0.03284808890621654,0.0,0.0,0.0,1.0,6.0
iconclass-ai:uiuc_832w91o_pic15501.jpg,1713,107,1.0,1.0,0.20831998266250173,0.009345794392523364,0.018691588785046728,0.037383177570093455,10.5,4.0
iconclass-ai:uiuc_832w91o_pic15902.jpg,1713,38,1.0,1.0,0.07100644886809544,0.02631578947368421,0.02631578947368421,0.05263157894736842,1.0,5.5
iconclass-ai:uiuc_832w91o_pic15903.jpg,1713,8,1.0,0.04,0.035197030232876535,0.0,0.0,0.0,2.0,5.0
iconclass-ai:uiuc_832w91o_pic15906.jpg,1713,15,1.0,0.0625,0.015150702010775067,0.0,0.0,0.0,1.5,4.5
iconclass-ai:uiuc_832w91o_pic16105.jpg,1713,20,1.0,0.25,0.09013418009719856,0.0,0.05,0.05,1.0,5.0
iconclass-ai:uiuc_832w91o_pic16301.jpg,1713,58,1.0,1.0,0.11214369124239446,0.017241379310344827,0.017241379310344827,0.034482758620689655,5.5,4.5
iconclass-ai:uiuc_832w91o_pic16309.jpg,1713,22,1.0,0.02702702702702703,0.033943941762994104,0.0,0.0,0.0,1.5,5.0
iconclass-ai:uiuc_832w91o_pic16502.jpg,1713,14,1.0,0.14285714285714285,0.03715203792157302,0.0,0.0,0.07142857142857142,2.5,4.0
iconclass-ai:uiuc_832w91o_pic16504.jpg,1713,21,1.0,1.0,0.18643017294077668,0.047619047619047616,0.09523809523809523,0.14285714285714285,1.0,3.0
iconclass-ai:uiuc_832w91o_pic16511.jpg,1713,10,1.0,0.09090909090909091,0.038191292399282824,0.0,0.0,0.0,1.0,4.0
iconclass-ai:uiuc_832w91o_pic16512.jpg,1713,51,1.0,0.2,0.06974112714127755,0.0,0.0196078431372549,0.0392156862745098,3.0,3.5
iconclass-ai:uiuc_832w91o_pic16703.jpg,1713,25,1.0,1.0,0.20787861496200247,0.04,0.12,0.16,1.0,4.0
iconclass-ai:uiuc_832w91o_pic17109.jpg,1713,10,1.0,0.02127659574468085,0.024479842343085364,0.0,0.0,0.0,1.0,4.0
iconclass-ai:uiuc_832w91o_pic17306.jpg,1713,80,1.0,0.5,0.2473743519083941,0.0,0.0375,0.075,4.5,4.0
iconclass-ai:uiuc_832w91o_pic17308.jpg,1713,24,1.0,0.030303030303030304,0.0233488844926983,0.0,0.0,0.0,3.0,3.0
iconclass-ai:uiuc_832w91o_pic17501.jpg,1713,3,1.0,0.008333333333333333,0.006445550305508082,0.0,0.0,0.0,1.0,4.0
iconclass-ai:uiuc_832w91o_pic17503.jpg,1713,33,0.9413088623205119,0.5,0.05844865528967645,0.0,0.030303030303030304,0.030303030303030304,2.0,5.0
iconclass-ai:uiuc_832w91o_pic17505.jpg,1713,28,1.0,0.5,0.0881447636386142,0.0,0.03571428571428571,0.07142857142857142,3.5,3.5
iconclass-ai:uiuc_832w91o_pic17510.jpg,1713,0,1.0,,,,,,1.0,3.5
iconclass-ai:uiuc_832w91o_pic17511.jpg,1713,39,1.0,0.3333333333333333,0.0772522777964835,0.0,0.02564102564102564,0.02564102564102564,2.0,4.0
iconclass-ai:uiuc_832w91o_pic17703.jpg,1713,31,1.0,0.14285714285714285,0.08517169168214946,0.0,0.0,0.06451612903225806,2.5,4.5
iconclass-ai:uiuc_832w91o_pic17704.jpg,1713,45,1.0,0.043478260869565216,0.1264877686154722,0.0,0.0,0.0,1.0,5.0
iconclass-ai:uiuc_832w91o_pic17706.jpg,1713,46,1.0,0.5,0.1294761913894423,0.0,0.043478260869565216,0.06521739130434782,5.0,5.0
iconclass-ai:uiuc_832w91o_pic17903.jpg,1713,57,0.9491033694408385,0.16666666666666666,0.10611736201408326,0.0,0.0,0.03508771929824561,4.0,4.0
iconclass-ai:uiuc_832w91o_pic17907.jpg,1713,8,1.0,0.023255813953488372,0.016090426415840815,0.0,0.0,0.0,1.5,3.0
iconclass-ai:uiuc_832w91o_pic17908.jpg,1713,51,1.0,0.2,0.14076580507690958,0.0,0.0196078431372549,0.0392156862745098,2.5,5.0
iconclass-ai:uiuc_832w91o_pic17911.jpg,1713,27,1.0,1.0,0.2832351772075162,0.037037037037037035,0.07407407407407407,0.18518518518518517,1.0,4.0
iconclass-ai:uiuc_832w91o_pic18706.jpg,1713,27,1.0,1.0,0.15064168764222285,0.037037037037037035,0.037037037037037035,0.1111111111111111,3.0,4.0
iconclass-ai:uiuc_832w91o_pic18906.jpg,1713,21,1.0,0.5,0.07586425354342498,0.0,0.09523809523809523,0.09523809523809523,1.0,4.0
iconclass-ai:uiuc_832w91o_pic19103.jpg,1713,45,1.0,1.0,0.239663326394571,0.022222222222222223,0.06666666666666667,0.1111111111111111,3.0,4.0
iconclass-ai:uiuc_832w91o_pic19107.jpg,1713,23,1.0,0.1111111111111111,0.11475216903606504,0.0,0.0,0.043478260869565216,1.0,4.0
iconclass-ai:uiuc_832w91o_pic19108.jpg,1713,48,1.0,0.3333333333333333,0.0590821191467981,0.0,0.020833333333333332,0.020833333333333332,1.0,2.0
iconclass-ai:uiuc_832w91o_pic19111.jpg,1713,61,1.0,0.043478260869565216,0.0466935248989966,0.0,0.0,0.0,3.5,4.0
iconclass-ai:uiuc_832w91o_pic19302.jpg,1713,83,1.0,1.0,0.21336681775554983,0.012048192771084338,0.024096385542168676,0.03614457831325301,6.0,4.0
iconclass-ai:uiuc_832w91o_pic19310.jpg,1713,44,1.0,0.5,0.17303593073334972,0.0,0.045454545454545456,0.09090909090909091,3.5,5.0
iconclass-ai:uiuc_832w91o_pic19312.jpg,1713,55,0.9305687780632227,0.034482758620689655,0.05086359070330263,0.0,0.0,0.0,1.0,4.0
iconclass-ai:uiuc_832w91o_pic19502.jpg,1713,40,1.0,0.3333333333333333,0.12215948637480123,0.0,0.025,0.075,3.5,4.5
iconclass-ai:uiuc_832w91o_pic19509.jpg,1713,16,1.0,0.006622516556291391,0.01231758797356696,0.0,0.0,0.0,1.0,4.5
iconclass-ai:uiuc_832w91o_pic19511.jpg,1713,22,1.0,0.08333333333333333,0.02711698173825162,0.0,0.0,0.0,3.0,5.5
iconclass-ai:uiuc_832w91o_pic19703.jpg,1713,4,1.0,0.002881844380403458,0.005874533555207807,0.0,0.0,0.0,1.0,4.0
iconclass-ai:uiuc_832w91o_pic19708.jpg,1713,38,1.0,1.0,0.09604377508484276,0.02631578947368421,0.02631578947368421,0.02631578947368421,7.5,4.5
iconclass-ai:uiuc_832w91o_pic19709.jpg,1713,35,1.0,1.0,0.10311725745707201,0.02857142857142857,0.05714285714285714,0.05714285714285714,3.5,4.0
iconclass-ai:uiuc_832w91o_pic19710.jpg,1713,10,1.0,0.3333333333333333,0.0677675552027124,0.0,0.1,0.2,2.5,6.0
iconclass-ai:uiuc_832w91o_pic19908.jpg,1713,4,1.0,0.16666666666666666,0.052864588222919284,0.0,0.0,0.25,1.5,6.0
iconclass-ai:uiuc_832w91o_pic19910.jpg,1713,27,1.0,0.2,0.07050187394166572,0.0,0.037037037037037035,0.037037037037037035,2.0,5.0
iconclass-ai:uiuc_832w91o_pic20107.jpg,1713,38,1.0,1.0,0.17142267301252007,0.02631578947368421,0.07894736842105263,0.10526315789473684,3.0,4.0
iconclass-ai:uiuc_832w91o_pic20111.jpg,1713,13,1.0,0.011494252873563218,0.014801755300591761,0.0,0.0,0.0,1.0,4.0
iconclass-ai:uiuc_832w91o_pic20307.jpg,1713,51,1.0,1.0,0.2717509260945194,0.0196078431372549,0.0784313725490196,0.11764705882352941,1.5,5.0
iconclass-ai:uiuc_832w91o_pic20309.jpg,1713,19,1.0,0.02631578947368421,0.029861309912089556,0.0,0.0,0.0,2.0,4.0
iconclass-ai:uiuc_832w91o_pic20506.jpg,1713,76,1.0,1.0,0.26402717710580975,0.013157894736842105,0.039473684210526314,0.05263157894736842,2.0,5.0
iconclass-ai:uiuc_832w91o_pic20509.jpg,1713,63,1.0,0.2,0.06020613451598475,0.0,0.015873015873015872,0.015873015873015872,1.0,3.0
iconclass-ai:uiuc_832w91o_pic20705.jpg,1713,60,1.0,0.1111111111111111,0.08348943855258965,0.0,0.0,0.016666666666666666,7.0,3.0
iconclass-ai:uiuc_832w91o_pic20709.jpg,1713,13,1.0,1.0,0.17574133083345286,0.07692307692307693,0.15384615384615385,0.15384615384615385,2.5,3.0
iconclass-ai:uiuc_832w91o_pic20710.jpg,1713,19,1.0,0.037037037037037035,0.04226212885757481,0.0,0.0,0.0,1.0,4.0
iconclass-ai:uiuc_832w91o_pic20906.jpg,1713,8,1.0,0.00558659217877095,0.007408404419135715,0.0,0.0,0.0,1.5,4.5
iconclass-ai:uiuc_832w91o_pic21106.jpg,1713,30,1.0,1.0,0.1239957733442275,0.03333333333333333,0.1,0.1,5.0,6.0
iconclass-ai:uiuc_832w91o_pic21108.jpg,1713,2,1.0,0.01020408163265306,0.006808525457964756,0.0,0.0,0.0,1.0,6.0
iconclass-ai:uiuc_832w91o_pic21308.jpg,1713,26,1.0,0.021739130434782608,0.02148475135971347,0.0,0.0,0.0,3.0,4.0
iconclass-ai:uiuc_832w91o_pic21309.jpg,1713,10,1.0,0.5,0.07168813810278146,0.0,0.1,0.1,1.5,3.0
iconclass-ai:uiuc_832w91o_pic21502.jpg,1713,31,1.0,0.5,0.08537857981565485,0.0,0.03225806451612903,0.0967741935483871,2.0,4.5
iconclass-ai:uiuc_832w91o_pic21508.jpg,1713,76,1.0,0.1,0.09723876396464022,0.0,0.0,0.013157894736842105,3.0,4.0
iconclass-ai:uiuc_832w91o_pic21704.jpg,1713,62,1.0,0.5,0.1499219928947869,0.0,0.016129032258064516,0.03225806451612903,5.5,5.0
iconclass-ai:uiuc_832w91o_pic21705.jpg,1713,64,1.0,0.06666666666666667,0.0647587422415215,0.0,0.0,0.0,4.5,2.5
iconclass-ai:uiuc_832w91o_pic21901.jpg,1713,3,1.0,0.3333333333333333,0.21219715956558063,0.0,0.3333333333333333,0.6666666666666666,1.5,4.5
iconclass-ai:uiuc_832w91o_pic21908.jpg,1713,49,1.0,0.5,0.1859214722551994,0.0,0.04081632653061224,0.04081632653061224,5.0,5.0
iconclass-ai:uiuc_832w91o_pic21909.jpg,1713,9,1.0,0.02857142857142857,0.03498037934415575,0.0,0.0,0.0,3.0,5.0
iconclass-ai:uiuc_832w91o_pic22105.jpg,1713,4,1.0,0.021739130434782608,0.01051289726463693,0.0,0.0,0.0,1.0,5.0
iconclass-ai:uiuc_832w91o_pic22110.jpg,1713,38,1.0,1.0,0.1328118167075202,0.02631578947368421,0.02631578947368421,0.05263157894736842,7.0,4.5
iconclass-ai:uiuc_832w91o_pic22301.jpg,1713,13,1.0,1.0,0.12298021419186606,0.07692307692307693,0.07692307692307693,0.07692307692307693,1.5,3.0
iconclass-ai:uiuc_832w91o_pic22304.jpg,1713,7,1.0,0.043478260869565216,0.03614111275953798,0.0,0.0,0.0,1.0,3.0
iconclass-ai:uiuc_832w91o_pic22306.jpg,1713,48,1.0,0.1111111111111111,0.059561447693050766,0.0,0.0,0.041666666666666664,3.0,3.0
iconclass-ai:uiuc_832w91o_pic22307.jpg,1713,50,1.0,0.3333333333333333,0.1744075009906927,0.0,0.02,0.06,3.0,4.0
iconclass-ai:uiuc_832w91o_pic22309.jpg,1713,16,1.0,1.0,0.2696871272309132,0.0625,0.1875,0.1875,2.5,5.0
iconclass-ai:uiuc_832w91o_pic22502.jpg,1713,49,1.0,0.16666666666666666,0.08395453550733495,0.0,0.0,0.02040816326530612,1.0,5.5
iconclass-ai:uiuc_832w91o_pic22708.jpg,1713,39,1.0,0.1,0.060729921157172496,0.0,0.0,0.02564102564102564,7.0,4.0
iconclass-ai:uiuc_832w91o_pic22712.jpg,1713,27,1.0,0.1,0.037000521908952824,0.0,0.0,0.037037037037037035,2.0,4.0
iconclass-ai:uiuc_832w91o_pic22902.jpg,1713,79,1.0,0.3333333333333333,0.18865932478895495,0.0,0.012658227848101266,0.0379746835443038,3.5,4.5
iconclass-ai:uiuc_832w91o_pic22903.jpg,1713,51,1.0,1.0,0.2517590509883612,0.0196078431372549,0.058823529411764705,0.09803921568627451,1.5,5.0
iconclass-ai:uiuc_832w91o_pic22909.jpg,1713,79,1.0,0.16666666666666666,0.1871747077992072,0.0,0.0,0.02531645569620253,9.0,5.0
iconclass-ai:uiuc_832w91o_pic22912.jpg,1713,34,1.0,0.3333333333333333,0.10609493286483693,0.0,0.029411764705882353,0.058823529411764705,2.0,5.0
iconclass-ai:uiuc_832w91o_pic23104.jpg,1713,51,1.0,0.5,0.2120140509906695,0.0,0.058823529411764705,0.0784313725490196,1.0,5.0
iconclass-ai:uiuc_832w91o_pic23105.jpg,1713,42,1.0,1.0,0.1836680930280893,0.023809523809523808,0.023809523809523808,0.023809523809523808,1.0,4.5
iconclass-ai:uiuc_832w91o_pic23106.jpg,1713,15,1.0,0.06666666666666667,0.014618040281463317,0.0,0.0,0.0,1.0,3.0
iconclass-ai:uiuc_832w91o_pic23107.jpg,1713,31,1.0,0.009433962264150943,0.03308372335166723,0.0,0.0,0.0,2.0,4.0
iconclass-ai:uiuc_832w91o_pic23109.jpg,1713,34,1.0,0.2,0.11644020060639347,0.0,0.029411764705882353,0.029411764705882353,3.5,4.0
iconclass-ai:uiuc_832w91o_pic23110.jpg,1713,52,1.0,0.2,0.10110129541846614,0.0,0.019230769230769232,0.038461538461538464,4.5,3.5
iconclass-ai:uiuc_832w91o_pic23301.jpg,1713,4,1.0,0.3333333333333333,0.09730591563506155,0.0,0.25,0.25,2.0,3.5
iconclass-ai:uiuc_832w91o_pic23302.jpg,1713,31,1.0,0.14285714285714285,0.08608170365689743,0.0,0.0,0.03225806451612903,4.0,4.0
iconclass-ai:uiuc_832w91o_pic23305.jpg,1713,75,1.0,0.5,0.23030118770059824,0.0,0.05333333333333334,0.06666666666666667,6.5,5.0
iconclass-ai:uiuc_832w91o_pic23503.jpg,1713,73,1.0,1.0,0.29862341723371433,0.0136986301369863,0.0684931506849315,0.0958904109589041,4.0,4.0
iconclass-ai:uiuc_832w91o_pic23505.jpg,1713,3,1.0,0.018518518518518517,0.01125779586314485,0.0,0.0,0.0,1.0,4.0
iconclass-ai:uiuc_832w91o_pic23509.jpg,1713,40,1.0,1.0,0.2500403569574717,0.025,0.05,0.125,1.0,3.0
iconclass-ai:uiuc_832w91o_pic23511.jpg,1713,24,1.0,0.09090909090909091,0.020622107713189463,0.0,0.0,0.0,2.0,4.5
iconclass-ai:uiuc_832w91o_pic23710.jpg,1713,59,1.0,1.0,0.25011508483595585,0.01694915254237288,0.06779661016949153,0.06779661016949153,5.5,6.0
iconclass-ai:uiuc_832w91o_pic23711.jpg,1713,10,1.0,0.5,0.08480658445542563,0.0,0.1,0.1,3.0,4.0
iconclass-ai:uiuc_832w91o_pic23907.jpg,1713,82,1.0,0.3333333333333333,0.24993777392021846,0.0,0.012195121951219513,0.04878048780487805,6.0,4.0
iconclass-ai:uiuc_832w91o_pic23908.jpg,1713,36,1.0,0.25,0.20898009056815273,0.0,0.027777777777777776,0.08333333333333333,2.0,4.5
iconclass-ai:uiuc_832w91o_pic24105.jpg,1713,37,1.0,0.5,0.16338228292747192,0.0,0.02702702702702703,0.02702702702702703,1.5,5.0
iconclass-ai:uiuc_832w91o_pic24109.jpg,1713,18,1.0,0.125,0.02804819309097503,0.0,0.0,0.05555555555555555,3.5,4.0
iconclass-ai:uiuc_832w91o_pic24112.jpg,1713,11,1.0,0.5,0.07146918061461441,0.0,0.09090909090909091,0.09090909090909091,1.0,4.0
iconclass-ai:uiuc_832w91o_pic24302.jpg,1713,15,1.0,0.029411764705882353,0.03440549792637624,0.0,0.0,0.0,1.5,3.5
iconclass-ai:uiuc_832w91o_pic24306.jpg,1713,40,0.9119632934807679,1.0,0.12916262477916243,0.025,0.05,0.075,2.5,3.5
iconclass-ai:uiuc_832w91o_pic24310.jpg,1713,10,1.0,0.3333333333333333,0.09515837422857397,0.0,0.1,0.1,1.0,5.0
iconclass-ai:uiuc_832w91o_pic24505.jpg,1713,72,1.0,0.3333333333333333,0.24707669861933024,0.0,0.041666666666666664,0.06944444444444445,3.5,4.5
iconclass-ai:uiuc_832w91o_pic24508.jpg,1713,75,1.0,0.25,0.15723338141464435,0.0,0.02666666666666667,0.04,20.0,5.0
iconclass-ai:uiuc_832w91o_pic24511.jpg,1713,15,1.0,0.018518518518518517,0.02105933689126414,0.0,0.0,0.0,4.5,5.0
iconclass-ai:uiuc_832w91o_pic24703.jpg,1713,13,1.0,0.01020408163265306,0.0176223639988697,0.0,0.0,0.0,3.5,2.5
iconclass-ai:uiuc_832w91o_pic24706.jpg,1713,21,1.0,0.2,0.07727524539907354,0.0,0.047619047619047616,0.047619047619047616,2.5,5.0
iconclass-ai:uiuc_832w91o_pic24708.jpg,1713,25,1.0,0.5,0.11101292699755476,0.0,0.04,0.08,2.0,5.0
iconclass-ai:uiuc_832w91o_pic24910.jpg,1713,72,1.0,0.3333333333333333,0.16275385666846154,0.0,0.027777777777777776,0.05555555555555555,3.0,4.5
iconclass-ai:uiuc_832w91o_pic25104.jpg,1713,74,1.0,0.5,0.16825621723210996,0.0,0.02702702702702703,0.02702702702702703,9.0,4.0
iconclass-ai:uiuc_832w91o_pic25106.jpg,1713,29,1.0,0.5,0.10399401447085073,0.0,0.034482758620689655,0.034482758620689655,2.0,5.0
iconclass-ai:uiuc_832w91o_pic25109.jpg,1713,16,1.0,0.02,0.01651411611942781,0.0,0.0,0.0,2.5,4.5
iconclass-ai:uiuc_832w91o_pic25306.jpg,1713,10,1.0,0.25,0.10632734476664196,0.0,0.1,0.3,2.0,5.0
iconclass-ai:uiuc_832w91o_pic25307.jpg,1713,71,1.0,1.0,0.1857605589730619,0.014084507042253521,0.04225352112676056,0.056338028169014086,5.5,4.0
iconclass-ai:uiuc_832w91o_pic25311.jpg,1713,25,1.0,0.004081632653061225,0.018905897541700037,0.0,0.0,0.0,3.5,3.5
iconclass-ai:uiuc_832w91o_pic25509.jpg,1713,31,1.0,1.0,0.17505401512074825,0.03225806451612903,0.06451612903225806,0.06451612903225806,1.0,6.0
iconclass-ai:uiuc_832w91o_pic25706.jpg,1713,25,1.0,1.0,0.16527782923073978,0.04,0.08,0.16,2.0,4.0
iconclass-ai:uiuc_832w91o_pic25709.jpg,1713,4,1.0,0.016129032258064516,0.012442019875769025,0.0,0.0,0.0,1.0,5.0
iconclass-ai:uiuc_832w91o_pic25710.jpg,1713,27,1.0,0.5,0.11597910024284357,0.0,0.037037037037037035,0.1111111111111111,1.0,4.0
iconclass-ai:uiuc_832w91o_pic25901.jpg,1713,28,1.0,1.0,0.11155152729733755,0.03571428571428571,0.03571428571428571,0.03571428571428571,1.0,4.0
iconclass-ai:uiuc_832w91o_pic25903.jpg,1713,19,1.0,1.0,0.20157567202412524,0.05263157894736842,0.15789473684210525,0.21052631578947367,1.0,4.0
iconclass-ai:uiuc_832w91o_pic25908.jpg,1713,2,1.0,0.0035335689045936395,0.004304855518286667,0.0,0.0,0.0,1.0,4.0
iconclass-ai:uiuc_832w91o_pic25910.jpg,1713,19,1.0,0.3333333333333333,0.154131264143501,0.0,0.05263157894736842,0.21052631578947367,1.0,4.0
iconclass-ai:uiuc_832w91o_pic26108.jpg,1713,6,1.0,0.25,0.17032291488813225,0.0,0.16666666666666666,0.5,1.5,3.5
iconclass-ai:uiuc_832w91o_pic26112.jpg,1713,1,1.0,0.016666666666666666,0.016666666666666666,0.0,0.0,0.0,1.0,4.0
iconclass-ai:uiuc_832w91o_pic26303.jpg,1713,8,1.0,0.14285714285714285,0.029522571610886505,0.0,0.0,0.125,1.0,4.0
iconclass-ai:uiuc_832w91o_pic26307.jpg,1713,14,1.0,1.0,0.1288254775911571,0.07142857142857142,0.14285714285714285,0.14285714285714285,1.0,4.0
iconclass-ai:uiuc_832w91o_pic26310.jpg,1713,3,1.0,0.5,0.1744192850038032,0.0,0.3333333333333333,0.3333333333333333,1.0,4.0
iconclass-ai:uiuc_832w91o_pic26502.jpg,1713,9,1.0,0.07692307692307693,0.04336871746308282,0.0,0.0,0.0,2.5,4.5
iconclass-ai:uiuc_832w91o_pic26703.jpg,1713,25,1.0,1.0,0.1948848735489681,0.04,0.12,0.12,3.0,4.0
iconclass-ai:uiuc_832w91o_pic26704.jpg,1713,31,1.0,0.5,0.15243129419431672,0.0,0.06451612903225806,0.06451612903225806,2.0,5.0
iconclass-ai:uiuc_832w91o_pic26907.jpg,1713,11,1.0,0.05263157894736842,0.02136057338397541,0.0,0.0,0.0,1.0,4.5
iconclass-ai:uiuc_832w91o_pic26908.jpg,1713,15,1.0,0.043478260869565216,0.032768343736138884,0.0,0.0,0.0,1.0,3.0
iconclass-ai:uiuc_832w91o_pic26909.jpg,1713,44,0.8889100449011563,0.125,0.07907525156326504,0.0,0.0,0.045454545454545456,1.0,4.0
iconclass-ai:uiuc_emblems0078_pic007.jpg,1713,6,1.0,0.005714285714285714,0.006687292862631256,0.0,0.0,0.0,1.0,6.0
iconclass-ai:uiuc_emblems0078_pic062.jpg,1713,27,1.0,1.0,0.1431310409668525,0.037037037037037035,0.1111111111111111,0.1111111111111111,2.0,3.0
iconclass-ai:uiuc_emblems0078_pic074.jpg,1713,30,1.0,1.0,0.18886674653704588,0.03333333333333333,0.06666666666666667,0.1,1.0,5.0
iconclass-ai:uiuc_emblems0078_pic095.jpg,1713,33,1.0,0.1111111111111111,0.027882588783144938,0.0,0.0,0.030303030303030304,3.0,4.0
iconclass-ai:uiuc_emblems0078_pic098.jpg,1713,79,1.0,1.0,0.15159804558789003,0.012658227848101266,0.05063291139240506,0.06329113924050633,3.0,3.0
iconclass-ai:uiuc_emblems0078_pic101.jpg,1713,41,1.0,0.2,0.07255728162732653,0.0,0.024390243902439025,0.024390243902439025,1.0,4.0
iconclass-ai:uiuc_emblems0078_pic104.jpg,1713,46,1.0,0.3333333333333333,0.10624841025242675,0.0,0.043478260869565216,0.10869565217391304,2.0,3.0
iconclass-ai:uiuc_emblems0078_pic127.jpg,1713,64,1.0,0.3333333333333333,0.0989458954172041,0.0,0.015625,0.046875,2.0,4.0
iconclass-ai:uiuc_emblems0078_pic158.jpg,1713,46,1.0,1.0,0.13060715727360986,0.021739130434782608,0.043478260869565216,0.06521739130434782,3.0,4.0
iconclass-ai:uiuc_emblems0078_pic172.jpg,1713,6,1.0,0.007751937984496124,0.008198333371099396,0.0,0.0,0.0,1.0,4.0
iconclass-ai:uiuc_emblems0078_pic179.jpg,1713,79,1.0,0.1111111111111111,0.08876797452524038,0.0,0.0,0.02531645569620253,2.0,4.0
iconclass-ai:uiuc_emblems0078_pic182.jpg,1713,25,1.0,1.0,0.0973514677845662,0.04,0.04,0.08,1.0,5.0
iconclass-ai:uiuc_emblems0078_pic198.jpg,1713,73,1.0,0.16666666666666666,0.06641583246190927,0.0,0.0,0.0273972602739726,6.0,3.0
iconclass-ai:uiuc_q832v59oj1721_pic023.jpg,1713,56,1.0,1.0,0.11624831756623998,0.017857142857142856,0.05357142857142857,0.08928571428571429,3.5,5.0
iconclass-ai:uiuc_q832v59oj1721_pic053.jpg,1713,10,1.0,0.5,0.4142616189283503,0.0,0.2,0.6,1.0,5.0
iconclass-ai:uiuc_q832v59oj1721_pic055.jpg,1713,39,1.0,1.0,0.04835957802125005,0.02564102564102564,0.02564102564102564,0.02564102564102564,4.0,5.0
iconclass-ai:uiuc_q832v59oj1721_pic057.jpg,1713,29,1.0,1.0,0.32598259717469086,0.034482758620689655,0.1724137931034483,0.2413793103448276,2.0,5.0
iconclass-ai:uiuc_q832v59oj1721_pic061.jpg,1713,57,1.0,1.0,0.2595171729159808,0.017543859649122806,0.07017543859649122,0.12280701754385964,3.5,4.5
iconclass-ai:uiuc_q832v59oj1721_pic065.jpg,1713,59,1.0,1.0,0.2421978890215832,0.01694915254237288,0.06779661016949153,0.13559322033898305,6.0,4.0
iconclass-ai:uiuc_q832v59oj1721_pic071.jpg,1713,46,1.0,1.0,0.2384335781197329,0.021739130434782608,0.08695652173913043,0.13043478260869565,3.0,6.0
iconclass-ai:uiuc_q832v59oj1721_pic093.jpg,1713,74,1.0,0.3333333333333333,0.1274289992709407,0.0,0.02702702702702703,0.06756756756756757,3.5,4.0
iconclass-ai:uiuc_q832v59oj1721_pic129.jpg,1713,74,1.0,1.0,0.14467237194837265,0.013513513513513514,0.05405405405405406,0.0945945945945946,4.5,4.0
iconclass-ai:uiuc_q832v59oj1721_pic137.jpg,1713,84,1.0,1.0,0.17037397318194392,0.011904761904761904,0.047619047619047616,0.05952380952380952,4.5,4.5
iconclass-ai:uiuc_q832v59oj1721_pic143.jpg,1713,71,1.0,0.5,0.2252873509620688,0.0,0.056338028169014086,0.11267605633802817,8.0,5.0
iconclass-ai:uiuc_q832v59oj1721_pic147.jpg,1713,32,1.0,0.5,0.17261135002254668,0.0,0.0625,0.125,2.0,5.0
iconclass-ai:uiuc_q832v59oj1721_pic151.jpg,1713,26,1.0,1.0,0.39213726875797883,0.038461538461538464,0.15384615384615385,0.2692307692307692,3.5,5.0
iconclass-ai:uiuc_q832v59oj1721_pic155.jpg,1713,21,1.0,0.5,0.1456380660493474,0.0,0.09523809523809523,0.23809523809523808,1.0,5.0
iconclass-ai:uiuc_q832v59oj1721_pic163.jpg,1713,61,1.0,1.0,0.30625145843578033,0.01639344262295082,0.08196721311475409,0.14754098360655737,7.0,4.0
iconclass-ai:uiuc_q832v59oj1721_pic185.jpg,1713,26,1.0,1.0,0.1620132832102813,0.038461538461538464,0.11538461538461539,0.11538461538461539,2.0,4.5
iconclass-ai:uiuc_q832v59oj1721_pic187.jpg,1713,69,1.0,0.2,0.08357721671472004,0.0,0.014492753623188406,0.043478260869565216,3.0,6.0
iconclass-ai:uiuc_q832v59oj1721_pic207.jpg,1713,9,1.0,0.06666666666666667,0.025649984005388593,0.0,0.0,0.0,1.0,4.5
iconclass-ai:uiuc_q832v59oj1721_pic209.jpg,1713,66,1.0,0.3333333333333333,0.10736466453570412,0.0,0.030303030303030304,0.045454545454545456,2.0,5.0
