query_id,n_candidates,n_exact_relevant,ndcg_at_10,reciprocal_rank,average_precision,recall_at_1,recall_at_5,recall_at_10,median_query_label_frequency,median_query_hierarchy_depth
emblematica:E000266,2803,22,0.3333333333333333,0.017241379310344827,0.010008680853055146,0.0,0.0,0.0,5.0,5.0
emblematica:E000267,2803,7,0.3333333333333333,0.006211180124223602,0.00523601883299918,0.0,0.0,0.0,2.0,4.0
emblematica:E000268,2803,78,0.4980203956315678,0.3333333333333333,0.03584046038201728,0.0,0.01282051282051282,0.038461538461538464,5.5,3.5
emblematica:E000269,2803,141,0.43651176061552827,0.5,0.05538242527602231,0.0,0.0070921985815602835,0.0070921985815602835,12.0,3.0
emblematica:E000270,2803,74,0.3333333333333333,0.02,0.032466650903222864,0.0,0.0,0.0,4.0,5.0
emblematica:E000271,2803,60,0.6023343810309868,1.0,0.07119046066773367,0.016666666666666666,0.03333333333333333,0.05,11.0,4.0
emblematica:E000272,2803,75,0.48006117753205335,1.0,0.050401792803631856,0.013333333333333334,0.013333333333333334,0.013333333333333334,11.0,4.0
emblematica:E000273,2803,342,0.40064655628185175,0.1111111111111111,0.14494100836282944,0.0,0.0,0.0029239766081871343,4.0,4.0
emblematica:E000274,2803,34,0.3333333333333333,0.02857142857142857,0.014457065400008394,0.0,0.0,0.0,4.0,5.0
emblematica:E000275,2803,31,0.48006117753205335,1.0,0.06850283218568767,0.03225806451612903,0.03225806451612903,0.03225806451612903,1.0,4.0
emblematica:E000276,2803,60,0.40669725543269336,0.3333333333333333,0.027777977861811146,0.0,0.016666666666666666,0.016666666666666666,5.5,3.0
emblematica:E000277,2803,91,0.5726361401144231,1.0,0.05590173003775598,0.01098901098901099,0.02197802197802198,0.02197802197802198,6.0,3.0
emblematica:E000278,2803,310,0.3333333333333333,0.08333333333333333,0.11359133704313698,0.0,0.0,0.0,8.0,4.0
emblematica:E000279,2803,852,0.48006117753205335,1.0,0.2652388274991246,0.0011737089201877935,0.0011737089201877935,0.0011737089201877935,4.5,3.5
emblematica:E000280,2803,22,0.3333333333333333,0.004694835680751174,0.008574809694796685,0.0,0.0,0.0,6.5,4.5
emblematica:E000281,2803,417,0.5242306598349794,1.0,0.20606716344397608,0.002398081534772182,0.002398081534772182,0.004796163069544364,3.0,4.0
emblematica:E000282,2803,15,0.3333333333333333,0.010101010101010102,0.007405420538499936,0.0,0.0,0.0,2.0,4.0
emblematica:E000283,2803,153,0.37962081462451813,0.05,0.0800834433471452,0.0,0.0,0.0,16.0,4.0
emblematica:E000284,2803,12,0.3333333333333333,0.02857142857142857,0.009414670956544396,0.0,0.0,0.0,1.0,4.5
emblematica:E000285,2803,175,0.37962081462451813,0.125,0.10406869253322595,0.0,0.0,0.005714285714285714,2.0,4.0
emblematica:E000286,2803,189,0.43813561626559633,0.5,0.06103960454520345,0.0,0.005291005291005291,0.005291005291005291,15.0,4.0
emblematica:E000287,2803,122,0.6590664403768957,1.0,0.1173901897003876,0.00819672131147541,0.02459016393442623,0.02459016393442623,9.0,4.0
emblematica:E000288,2803,52,0.3439367980331586,0.010638297872340425,0.01690359348987481,0.0,0.0,0.0,8.0,4.0
emblematica:E000289,2803,181,0.367080538678751,0.05,0.08107798360865963,0.0,0.0,0.0,11.0,4.0
emblematica:E000290,2803,66,0.3333333333333333,0.06666666666666667,0.03161562349231384,0.0,0.0,0.0,16.0,4.0
emblematica:E000291,2803,36,0.3333333333333333,0.06666666666666667,0.014234737840473022,0.0,0.0,0.0,1.0,4.0
emblematica:E000292,2803,73,0.42590829591570295,0.5,0.04112655987283727,0.0,0.0136986301369863,0.0136986301369863,4.0,5.0
emblematica:E000293,2803,163,0.47219577720688777,0.5,0.06403012196141657,0.0,0.006134969325153374,0.012269938650306749,11.0,4.0
emblematica:E000294,2803,37,0.3333333333333333,0.0035971223021582736,0.012806896708295809,0.0,0.0,0.0,1.5,3.5
emblematica:E000295,2803,55,0.38559884598578353,0.16666666666666666,0.034087514608597554,0.0,0.0,0.01818181818181818,13.0,3.0
emblematica:E000296,2803,85,0.3900954117610806,0.015151515151515152,0.034325745404432464,0.0,0.0,0.0,6.0,4.0
emblematica:E000297,2803,138,0.6880938956799072,1.0,0.10686958242151606,0.007246376811594203,0.021739130434782608,0.028985507246376812,20.0,3.0
emblematica:E000298,2803,79,0.3333333333333333,0.014705882352941176,0.025162771631567826,0.0,0.0,0.0,2.0,5.0
emblematica:E000299,2803,73,0.5947718986560576,0.5,0.07321686387465877,0.0,0.0410958904109589,0.0547945205479452,6.0,4.0
emblematica:E001026,2803,48,1.0,1.0,0.3509607982415157,0.020833333333333332,0.10416666666666667,0.20833333333333334,2.5,2.5
emblematica:E001027,2803,64,1.0,1.0,0.26821234213981876,0.015625,0.078125,0.15625,11.0,3.0
emblematica:E001028,2803,53,0.8787010479293842,1.0,0.21337315638957188,0.018867924528301886,0.09433962264150944,0.1320754716981132,7.0,4.0
emblematica:E001029,2803,228,1.0,1.0,0.16160259969109417,0.0043859649122807015,0.021929824561403508,0.043859649122807015,18.0,3.0
emblematica:E001030,2803,121,1.0,1.0,0.1757246243810879,0.008264462809917356,0.04132231404958678,0.08264462809917356,5.0,4.0
emblematica:E001031,2803,36,1.0,1.0,0.45591961794028335,0.027777777777777776,0.1388888888888889,0.2777777777777778,5.0,2.0
emblematica:E001032,2803,51,1.0,1.0,0.32940752175087556,0.0196078431372549,0.09803921568627451,0.19607843137254902,18.0,2.0
emblematica:E001033,2803,82,1.0,1.0,0.2188090247779195,0.012195121951219513,0.06097560975609756,0.12195121951219512,3.5,4.0
emblematica:E001034,2803,209,1.0,1.0,0.1968077017635209,0.004784688995215311,0.023923444976076555,0.04784688995215311,5.0,4.0
emblematica:E001035,2803,62,1.0,1.0,0.27842818285978665,0.016129032258064516,0.08064516129032258,0.16129032258064516,12.0,3.0
emblematica:E001036,2803,82,1.0,1.0,0.22614739833623843,0.012195121951219513,0.06097560975609756,0.12195121951219512,4.5,4.5
emblematica:E001037,2803,70,1.0,1.0,0.24686763081373678,0.014285714285714285,0.07142857142857142,0.14285714285714285,3.0,3.0
emblematica:E001039,2803,98,1.0,1.0,0.16384694097138555,0.01020408163265306,0.05102040816326531,0.10204081632653061,5.0,3.5
emblematica:E001040,2803,42,0.9558305176970738,1.0,0.32862083606022413,0.023809523809523808,0.11904761904761904,0.21428571428571427,4.0,4.0
emblematica:E001041,2803,88,1.0,1.0,0.2118091248171436,0.011363636363636364,0.056818181818181816,0.11363636363636363,22.0,3.0
emblematica:E001042,2803,35,1.0,1.0,0.44632656296780127,0.02857142857142857,0.14285714285714285,0.2857142857142857,6.0,4.0
emblematica:E001043,2803,135,0.8182198962070145,1.0,0.10843596433740417,0.007407407407407408,0.037037037037037035,0.044444444444444446,12.5,3.5
emblematica:E001247,2803,98,0.9558305176970738,1.0,0.4943744006542966,0.01020408163265306,0.05102040816326531,0.09183673469387756,13.0,3.0
emblematica:E001248,2803,314,1.0,1.0,0.37613232267056723,0.0031847133757961785,0.01592356687898089,0.03184713375796178,2.0,4.0
emblematica:E001249,2803,419,0.9575861412006987,1.0,0.3180466186238251,0.002386634844868735,0.011933174224343675,0.021479713603818614,6.0,5.0
emblematica:E001250,2803,347,1.0,1.0,0.3586486830185952,0.002881844380403458,0.01440922190201729,0.02881844380403458,10.5,5.0
emblematica:E001251,2803,328,1.0,1.0,0.38128815164525637,0.003048780487804878,0.01524390243902439,0.03048780487804878,13.0,4.0
emblematica:E001252,2803,389,1.0,1.0,0.35524741153919026,0.002570694087403599,0.012853470437017995,0.02570694087403599,3.5,4.0
emblematica:E001253,2803,450,1.0,1.0,0.34784152930805984,0.0022222222222222222,0.011111111111111112,0.022222222222222223,11.0,4.0
emblematica:E001254,2803,363,1.0,1.0,0.355598023842435,0.0027548209366391185,0.013774104683195593,0.027548209366391185,5.0,4.5
emblematica:E001255,2803,388,1.0,1.0,0.3518364651764527,0.002577319587628866,0.01288659793814433,0.02577319587628866,10.5,4.0
emblematica:E001256,2803,315,1.0,1.0,0.3746968694388602,0.0031746031746031746,0.015873015873015872,0.031746031746031744,6.0,3.0
emblematica:E001257,2803,446,1.0,1.0,0.3718792782871877,0.002242152466367713,0.011210762331838564,0.02242152466367713,8.0,4.0
emblematica:E001258,2803,331,1.0,1.0,0.3372401787098941,0.0030211480362537764,0.015105740181268883,0.030211480362537766,4.0,4.0
emblematica:E001259,2803,22,0.6619911584355205,1.0,0.1962791031688206,0.045454545454545456,0.13636363636363635,0.18181818181818182,3.0,5.0
emblematica:E001260,2803,310,0.9240201235975981,1.0,0.26093795843375783,0.0032258064516129032,0.016129032258064516,0.025806451612903226,6.0,4.0
emblematica:E001261,2803,317,1.0,1.0,0.3471129675056438,0.0031545741324921135,0.015772870662460567,0.031545741324921134,4.0,4.0
emblematica:E001262,2803,441,1.0,1.0,0.36380512976818735,0.0022675736961451248,0.011337868480725623,0.022675736961451247,11.0,4.0
emblematica:E001263,2803,344,1.0,1.0,0.3612549835948037,0.0029069767441860465,0.014534883720930232,0.029069767441860465,8.0,4.0
emblematica:E001264,2803,410,0.9069212362975004,1.0,0.2737303569312216,0.0024390243902439024,0.012195121951219513,0.01951219512195122,4.0,4.5
emblematica:E001265,2803,376,1.0,1.0,0.3504212441104644,0.0026595744680851063,0.013297872340425532,0.026595744680851064,12.0,4.0
emblematica:E001266,2803,310,0.7973791542685902,0.3333333333333333,0.24328329878789945,0.0,0.00967741935483871,0.025806451612903226,3.0,4.0
emblematica:E001267,2803,443,1.0,1.0,0.3481177526807455,0.002257336343115124,0.011286681715575621,0.022573363431151242,12.0,4.0
emblematica:E001268,2803,82,0.9432379215722525,1.0,0.5932381431599053,0.012195121951219513,0.04878048780487805,0.10975609756097561,2.0,4.0
emblematica:E001269,2803,331,1.0,1.0,0.37429516520105705,0.0030211480362537764,0.015105740181268883,0.030211480362537766,7.0,4.0
emblematica:E001270,2803,329,1.0,1.0,0.3653931535353448,0.00303951367781155,0.015197568389057751,0.030395136778115502,11.0,3.5
emblematica:E001271,2803,376,0.8988252059479763,1.0,0.2583669195847689,0.0026595744680851063,0.013297872340425532,0.02127659574468085,6.5,4.0
emblematica:E001272,2803,311,1.0,1.0,0.36742886979011513,0.003215434083601286,0.01607717041800643,0.03215434083601286,6.5,3.5
emblematica:E001273,2803,292,0.9668728882728055,1.0,0.34593737444349604,0.003424657534246575,0.017123287671232876,0.030821917808219176,10.0,4.0
emblematica:E001274,2803,381,1.0,1.0,0.3584754016639375,0.0026246719160104987,0.013123359580052493,0.026246719160104987,7.5,4.5
emblematica:E001275,2803,84,1.0,1.0,0.6116752495685207,0.011904761904761904,0.05952380952380952,0.11904761904761904,4.0,3.0
emblematica:E001276,2803,235,0.8532721558012798,0.5,0.3144108733651262,0.0,0.01702127659574468,0.03829787234042553,7.0,4.0
emblematica:E001277,2803,284,0.8727094264492417,1.0,0.33764894456055816,0.0035211267605633804,0.014084507042253521,0.028169014084507043,4.5,4.0
emblematica:E001278,2803,83,0.9526058178152246,1.0,0.6126679649524015,0.012048192771084338,0.04819277108433735,0.10843373493975904,1.0,4.0
emblematica:E001279,2803,331,1.0,1.0,0.37312639570243683,0.0030211480362537764,0.015105740181268883,0.030211480362537766,6.0,4.0
emblematica:E001280,2803,289,0.9432379215722525,1.0,0.26764200383065434,0.0034602076124567475,0.01384083044982699,0.031141868512110725,5.0,4.0
emblematica:E001281,2803,95,0.863443834987606,1.0,0.43245670749466747,0.010526315789473684,0.031578947368421054,0.08421052631578947,3.5,4.5
emblematica:E001282,2803,319,1.0,1.0,0.3750210300514546,0.003134796238244514,0.01567398119122257,0.03134796238244514,5.0,4.0
emblematica:E001283,2803,79,0.9574284411791895,1.0,0.668296818745597,0.012658227848101266,0.05063291139240506,0.11392405063291139,1.5,4.5
emblematica:E001284,2803,246,0.8905202757957813,1.0,0.32965507475274847,0.0040650406504065045,0.016260162601626018,0.032520325203252036,2.5,4.5
emblematica:E001285,2803,104,0.9477344873475497,1.0,0.5114487835073798,0.009615384615384616,0.04807692307692308,0.08653846153846154,5.5,4.0
emblematica:E001286,2803,129,1.0,1.0,0.48280466912600645,0.007751937984496124,0.03875968992248062,0.07751937984496124,5.0,4.0
emblematica:E001287,2803,83,0.9266360779006398,1.0,0.5618198331983526,0.012048192771084338,0.04819277108433735,0.10843373493975904,5.0,4.0
emblematica:E001288,2803,152,0.94497705842548,1.0,0.4185360988280104,0.006578947368421052,0.02631578947368421,0.05921052631578947,8.0,4.0
emblematica:E001289,2803,326,1.0,1.0,0.3653630185101346,0.003067484662576687,0.015337423312883436,0.03067484662576687,7.0,4.0
emblematica:E001290,2803,96,0.9368077570869661,1.0,0.5732979233876768,0.010416666666666666,0.041666666666666664,0.09375,3.0,4.0
emblematica:E001291,2803,335,1.0,1.0,0.36277740761535077,0.0029850746268656717,0.014925373134328358,0.029850746268656716,9.0,5.0
emblematica:E001292,2803,909,0.9510907186004266,1.0,0.4515796586010811,0.0011001100110011,0.005500550055005501,0.009900990099009901,2.0,3.0
emblematica:E001293,2803,230,1.0,1.0,0.38753564183028555,0.004347826086956522,0.021739130434782608,0.043478260869565216,4.0,4.0
emblematica:E001294,2803,333,1.0,1.0,0.3508886938551445,0.003003003003003003,0.015015015015015015,0.03003003003003003,2.0,4.5
emblematica:E001295,2803,137,0.9368077570869661,1.0,0.44611172899814094,0.0072992700729927005,0.029197080291970802,0.06569343065693431,7.0,4.0
emblematica:E001296,2803,546,1.0,1.0,0.28504595453287795,0.0018315018315018315,0.009157509157509158,0.018315018315018316,11.0,4.5
emblematica:E001297,2803,387,1.0,1.0,0.3429244410710532,0.002583979328165375,0.012919896640826873,0.025839793281653745,14.0,4.0
emblematica:E001298,2803,81,0.9146073756203552,1.0,0.6654477231429041,0.012345679012345678,0.06172839506172839,0.09876543209876543,3.0,4.0
emblematica:E001299,2803,240,0.9510907186004266,1.0,0.33671566882469,0.004166666666666667,0.020833333333333332,0.0375,5.0,3.0
emblematica:E001300,2803,101,1.0,1.0,0.5642379876037306,0.009900990099009901,0.04950495049504951,0.09900990099009901,4.0,4.0
emblematica:E001301,2803,325,1.0,1.0,0.23979092417478862,0.003076923076923077,0.015384615384615385,0.03076923076923077,3.5,4.5
emblematica:E001302,2803,184,0.9266360779006398,1.0,0.371492018638203,0.005434782608695652,0.021739130434782608,0.04891304347826087,6.0,5.0
emblematica:E001303,2803,193,0.9633180389503199,1.0,0.3584501685076106,0.0051813471502590676,0.025906735751295335,0.046632124352331605,9.0,5.0
emblematica:E001304,2803,146,0.9575861412006987,1.0,0.4382680197424121,0.00684931506849315,0.03424657534246575,0.06164383561643835,13.0,3.0
emblematica:E001305,2803,347,1.0,1.0,0.3420180052496429,0.002881844380403458,0.01440922190201729,0.02881844380403458,3.5,4.0
emblematica:E001306,2803,94,1.0,1.0,0.5121356110215693,0.010638297872340425,0.05319148936170213,0.09574468085106383,4.0,4.0
emblematica:E001307,2803,73,0.8532721558012798,0.5,0.6141170235458372,0.0,0.0547945205479452,0.1232876712328767,2.5,4.5
emblematica:E001308,2803,241,1.0,1.0,0.3794746984450609,0.004149377593360996,0.02074688796680498,0.04149377593360996,3.0,5.0
emblematica:E001309,2803,311,1.0,1.0,0.3671430221430918,0.003215434083601286,0.01607717041800643,0.03215434083601286,5.0,4.0
emblematica:E001310,2803,343,1.0,1.0,0.31655996839702977,0.0029154518950437317,0.014577259475218658,0.029154518950437316,8.0,4.0
emblematica:E001311,2803,325,1.0,1.0,0.353197560029314,0.003076923076923077,0.015384615384615385,0.03076923076923077,6.0,4.0
emblematica:E001323,2803,39,0.6640506141937265,1.0,0.10209725562152494,0.02564102564102564,0.05128205128205128,0.07692307692307693,1.0,3.0
emblematica:E001324,2803,78,0.47568665421033407,0.2,0.060792673478334565,0.0,0.01282051282051282,0.02564102564102564,1.0,3.0
emblematica:E001325,2803,80,0.6431388451110098,1.0,0.12049520063063601,0.0125,0.025,0.025,3.0,5.0
emblematica:E001326,2803,245,0.6171085403675853,0.3333333333333333,0.14377878324120713,0.0,0.00816326530612245,0.0163265306122449,18.0,4.0
emblematica:E001327,2803,70,0.5578947904696775,0.25,0.04444133737827823,0.0,0.014285714285714285,0.014285714285714285,3.5,4.0
emblematica:E001328,2803,37,0.9432379215722525,1.0,0.26761826290996094,0.02702702702702703,0.10810810810810811,0.21621621621621623,3.5,4.0
emblematica:E001329,2803,27,0.48910053882873683,0.5,0.07048242068076001,0.0,0.07407407407407407,0.07407407407407407,2.0,4.0
emblematica:E001330,2803,19,0.350706254907666,0.5,0.04221722318978662,0.0,0.05263157894736842,0.05263157894736842,1.5,5.0
emblematica:E001331,2803,105,0.5775399398516831,1.0,0.07363721619115655,0.009523809523809525,0.01904761904761905,0.02857142857142857,1.0,4.0
emblematica:E001332,2803,56,0.48659201225520676,0.3333333333333333,0.07705860343657488,0.0,0.017857142857142856,0.07142857142857142,2.5,3.5
emblematica:E001333,2803,106,0.560273229400031,0.5,0.06753413239001886,0.0,0.018867924528301886,0.03773584905660377,4.0,4.0
emblematica:E001334,2803,348,0.5252314303810353,1.0,0.1490289110245505,0.0028735632183908046,0.0028735632183908046,0.005747126436781609,7.5,5.0
emblematica:E001497,2803,44,0.34639971149644583,0.02,0.016757050684451307,0.0,0.0,0.0,1.0,4.5
emblematica:E001498,2803,345,0.4781738085681532,0.5,0.16093366410314283,0.0,0.002898550724637681,0.005797101449275362,17.5,4.0
emblematica:E001499,2803,36,0.42590829591570295,0.5,0.030230607354135883,0.0,0.027777777777777776,0.027777777777777776,2.0,5.0
emblematica:E001500,2803,62,0.3333333333333333,0.0048543689320388345,0.017939130417906204,0.0,0.0,0.0,2.0,4.0
emblematica:E001501,2803,141,0.3333333333333333,0.02702702702702703,0.05174938700248709,0.0,0.0,0.0,1.0,5.0
emblematica:E001502,2803,75,0.48006117753205335,1.0,0.05438126863478998,0.013333333333333334,0.013333333333333334,0.013333333333333334,5.5,4.0
emblematica:E001503,2803,421,0.5668751486586392,0.5,0.19905957101142704,0.0,0.0023752969121140144,0.007125890736342043,7.0,4.0
emblematica:E001504,2803,190,0.5224750363313545,1.0,0.08005947369640339,0.005263157894736842,0.005263157894736842,0.010526315789473684,9.5,4.0
emblematica:E001505,2803,42,0.45086673773561936,0.3333333333333333,0.03524962427915644,0.0,0.023809523809523808,0.047619047619047616,7.0,4.0
emblematica:E001506,2803,91,0.5108096027408981,0.25,0.06254299279013181,0.0,0.02197802197802198,0.03296703296703297,9.0,3.0
emblematica:E001507,2803,1,0.6043744244510955,0.012987012987012988,0.012987012987012988,0.0,0.0,0.0,1.0,5.0
emblematica:E001508,2803,218,0.5635218176960564,0.5,0.13283249247465256,0.0,0.009174311926605505,0.013761467889908258,6.0,4.0
emblematica:E001668,2803,87,0.3333333333333333,0.0625,0.060873814091531205,0.0,0.0,0.0,1.0,4.0
emblematica:E001669,2803,87,0.3112485921818703,0.08333333333333333,0.056785067958561544,0.0,0.0,0.0,1.5,4.0
emblematica:E001670,2803,37,0.3333333333333333,0.023255813953488372,0.05702635038928258,0.0,0.0,0.0,2.0,5.0
emblematica:E001671,2803,87,0.5921627018446607,1.0,0.09887262297144613,0.011494252873563218,0.022988505747126436,0.034482758620689655,1.0,5.0
emblematica:E001672,2803,87,0.38224261473290666,0.14285714285714285,0.07303114994588947,0.0,0.0,0.011494252873563218,1.0,4.5
emblematica:E001673,2803,88,0.5895409017362722,1.0,0.0895082757594567,0.011363636363636364,0.022727272727272728,0.03409090909090909,1.0,5.0
emblematica:E001675,2803,87,0.5229662341544926,0.2,0.0718671744281271,0.0,0.011494252873563218,0.04597701149425287,2.0,4.5
emblematica:E001676,2803,87,0.47219577720688777,0.5,0.06461248924300547,0.0,0.011494252873563218,0.022988505747126436,1.0,3.0
emblematica:E001677,2803,87,0.4285300960240915,0.14285714285714285,0.06334152946492873,0.0,0.0,0.022988505747126436,1.0,4.5
emblematica:E001678,2803,87,0.3333333333333333,0.07142857142857142,0.05257498525576654,0.0,0.0,0.0,1.0,4.5
emblematica:E001679,2803,3,0.40430220188639443,0.0025252525252525255,0.0033991023130202536,0.0,0.0,0.0,1.0,6.0
emblematica:E001680,2803,14,0.3333333333333333,0.013888888888888888,0.011647903591212195,0.0,0.0,0.0,1.0,5.0
emblematica:E001681,2803,6,0.4708970400439413,0.3333333333333333,0.07573775840383888,0.0,0.16666666666666666,0.16666666666666666,1.0,6.0
emblematica:E001682,2803,23,0.4556065368322667,0.3333333333333333,0.038001010512812045,0.0,0.043478260869565216,0.08695652173913043,1.0,6.0
emblematica:E001683,2803,23,0.37962081462451813,0.125,0.020559286769917317,0.0,0.0,0.043478260869565216,1.0,6.0
emblematica:E001684,2803,87,0.4529847367238781,0.3333333333333333,0.08319385702287821,0.0,0.011494252873563218,0.022988505747126436,2.0,4.5
emblematica:E001685,2803,2,0.5821032065260975,0.0009216589861751152,0.0012532225200289205,0.0,0.0,0.0,1.0,4.5
emblematica:E001687,2803,23,0.38559884598578353,0.16666666666666666,0.022769973130408155,0.0,0.0,0.043478260869565216,1.0,5.0
emblematica:E001688,2803,1,0.6043744244510955,0.0004510599909788002,0.0004510599909788002,0.0,0.0,0.0,1.0,4.5
emblematica:E001689,2803,6,0.4708970400439413,0.3333333333333333,0.07568562738708305,0.0,0.16666666666666666,0.16666666666666666,1.0,5.5
emblematica:E001690,2803,3,0.5159958223394444,0.008928571428571428,0.005028884126194919,0.0,0.0,0.0,1.0,4.0
emblematica:E001691,2803,7,0.4200595141221534,0.3333333333333333,0.05450532787700806,0.0,0.14285714285714285,0.14285714285714285,1.0,5.0
emblematica:E001692,2803,23,0.3333333333333333,0.01098901098901099,0.011299569990983938,0.0,0.0,0.0,1.0,3.0
emblematica:E001694,2803,7,0.39209346218030144,0.125,0.02491142420898042,0.0,0.0,0.14285714285714285,1.0,5.0
emblematica:E001696,2803,6,0.442582076598673,0.14285714285714285,0.03505314736098694,0.0,0.0,0.16666666666666666,1.0,5.0
emblematica:E001697,2803,11,0.3333333333333333,0.0026455026455026454,0.005118334272688852,0.0,0.0,0.0,1.0,3.0
emblematica:E001698,2803,4,0.4073884476270398,0.001893939393939394,0.001602102907054022,0.0,0.0,0.0,1.0,3.5
emblematica:E001699,2803,3,0.45382343384312973,0.0024630541871921183,0.0018570190983984087,0.0,0.0,0.0,1.0,3.5
emblematica:E001700,2803,34,0.3333333333333333,0.004464285714285714,0.01239928742359352,0.0,0.0,0.0,1.0,4.0
emblematica:E001701,2803,37,0.3333333333333333,0.09090909090909091,0.026589018516916016,0.0,0.0,0.0,5.0,4.5
emblematica:E001704,2803,5,0.4282780927870573,0.16666666666666666,0.07034755334193185,0.0,0.0,0.2,1.0,5.0
emblematica:E001705,2803,34,0.3333333333333333,0.043478260869565216,0.025321243032343177,0.0,0.0,0.0,2.0,5.0
emblematica:E001706,2803,1,0.4263151217085707,0.003952569169960474,0.003952569169960474,0.0,0.0,0.0,1.0,4.5
emblematica:E001707,2803,7,0.37022767507871573,0.005235602094240838,0.004744175695611467,0.0,0.0,0.0,1.0,3.0
emblematica:E001708,2803,19,0.3333333333333333,0.01282051282051282,0.013622871656964075,0.0,0.0,0.0,1.0,4.0
emblematica:E001709,2803,8,0.3333333333333333,0.005208333333333333,0.006547855849994679,0.0,0.0,0.0,1.0,3.5
emblematica:E001710,2803,3,0.40956968264424565,0.00234192037470726,0.0017077035325917922,0.0,0.0,0.0,1.0,4.0
emblematica:E001711,2803,2,0.5257357542330399,0.0026455026455026454,0.0019867619469213092,0.0,0.0,0.0,1.0,4.0
emblematica:E001712,2803,4,0.38595214970813646,0.017241379310344827,0.011954464907162395,0.0,0.0,0.0,1.0,5.5
emblematica:E001714,2803,8,0.3333333333333333,0.0053475935828877,0.005525683076364891,0.0,0.0,0.0,1.0,5.0
emblematica:E001715,2803,0,0.6666666666666666,,,,,,1.0,4.5
emblematica:E003038,2803,0,1.0,,,,,,1.0,3.5
emblematica:E003039,2803,156,0.48006117753205335,1.0,0.06953492814414558,0.00641025641025641,0.00641025641025641,0.00641025641025641,10.0,5.0
emblematica:E003040,2803,16,0.39652557624636714,0.25,0.04143157169361491,0.0,0.0625,0.0625,2.0,5.0
emblematica:E003041,2803,80,0.4005835952577466,0.14285714285714285,0.04920928896578771,0.0,0.0,0.0125,11.0,4.0
emblematica:E003042,2803,319,0.7055069625078351,1.0,0.20488061312120392,0.003134796238244514,0.006269592476489028,0.01567398119122257,4.0,5.0
emblematica:E003043,2803,251,0.5157248465128909,0.3333333333333333,0.08451246936785638,0.0,0.00796812749003984,0.01195219123505976,11.0,4.0
emblematica:E003044,2803,105,0.4574086347095991,0.2,0.047290568002021555,0.0,0.009523809523809525,0.01904761904761905,7.0,4.0
emblematica:E003045,2803,174,0.41991667443556047,0.1111111111111111,0.10090174327206282,0.0,0.0,0.011494252873563218,1.0,5.0
emblematica:E003046,2803,768,0.48006117753205335,1.0,0.27152866524374025,0.0013020833333333333,0.0013020833333333333,0.0013020833333333333,3.0,4.0
emblematica:E003047,2803,50,0.5132822806601257,1.0,0.06701942911897127,0.02,0.02,0.04,9.0,5.0
emblematica:E003048,2803,83,0.44069505854929314,0.25,0.035265523743778115,0.0,0.012048192771084338,0.024096385542168676,2.0,3.0
emblematica:E003049,2803,142,0.5856672792443884,1.0,0.07431572548460173,0.007042253521126761,0.014084507042253521,0.02112676056338028,9.0,4.0
emblematica:E003050,2803,40,0.4373285173315318,0.1111111111111111,0.022405301858083156,0.0,0.0,0.025,2.5,4.0
emblematica:E003051,2803,21,0.3475238529402701,0.04,0.030862444026296666,0.0,0.0,0.0,2.0,3.0
emblematica:E003052,2803,19,0.5266515767734745,0.3333333333333333,0.11499562588665206,0.0,0.15789473684210525,0.15789473684210525,2.0,4.0
emblematica:E003062,2803,331,0.7445530561574183,1.0,0.21525061479314264,0.0030211480362537764,0.00906344410876133,0.012084592145015106,4.0,6.0
emblematica:E003063,2803,313,0.9575861412006987,1.0,0.21376741032865468,0.003194888178913738,0.01597444089456869,0.02875399361022364,11.0,4.0
emblematica:E003064,2803,341,0.9074250374176303,1.0,0.29158811340141805,0.002932551319648094,0.011730205278592375,0.026392961876832845,10.0,3.0
emblematica:E003065,2803,349,0.6597656324882368,0.3333333333333333,0.1975217655441199,0.0,0.0057306590257879654,0.017191977077363897,12.0,4.0
emblematica:E003066,2803,209,0.5111197607848531,1.0,0.13287832459228963,0.004784688995215311,0.004784688995215311,0.009569377990430622,7.0,4.0
emblematica:E003067,2803,322,0.8588754472355543,1.0,0.22238796004392125,0.003105590062111801,0.012422360248447204,0.021739130434782608,13.0,4.0
emblematica:E003068,2803,428,0.9069212362975004,1.0,0.22147943196399603,0.002336448598130841,0.009345794392523364,0.016355140186915886,9.0,4.0
emblematica:E003069,2803,368,0.6842202731880235,1.0,0.1828163926685728,0.002717391304347826,0.005434782608695652,0.01358695652173913,7.0,5.0
emblematica:E003070,2803,305,0.8585157560180569,1.0,0.22699933010361156,0.003278688524590164,0.013114754098360656,0.02622950819672131,7.0,4.0
emblematica:E003071,2803,327,0.5757404708072351,0.5,0.1509117908267885,0.0,0.0061162079510703364,0.012232415902140673,4.0,4.0
emblematica:E003072,2803,389,0.9074250374176303,1.0,0.257822714056702,0.002570694087403599,0.010282776349614395,0.02056555269922879,9.0,4.0
emblematica:E003073,2803,144,0.41171777630876616,0.5,0.10089734853803052,0.0,0.006944444444444444,0.006944444444444444,6.0,4.0
emblematica:E003074,2803,474,0.6599539123611385,0.5,0.20512208085091918,0.0,0.002109704641350211,0.012658227848101266,20.0,4.0
emblematica:E003075,2803,457,0.9074250374176303,1.0,0.2476263760914671,0.002188183807439825,0.0087527352297593,0.019693654266958426,17.0,4.0
emblematica:E003076,2803,399,0.8000633122016704,1.0,0.21857097825273744,0.002506265664160401,0.007518796992481203,0.017543859649122806,21.0,4.0
emblematica:E003077,2803,193,0.5432534204450873,1.0,0.09439004614309807,0.0051813471502590676,0.010362694300518135,0.010362694300518135,10.0,4.0
emblematica:E003078,2803,502,1.0,1.0,0.31677934650051504,0.00199203187250996,0.0099601593625498,0.0199203187250996,18.0,4.0
emblematica:E003079,2803,429,0.6588994558834732,0.5,0.252493554943015,0.0,0.006993006993006993,0.011655011655011656,9.0,4.0
emblematica:E003080,2803,334,0.9477344873475497,1.0,0.2424694257110544,0.0029940119760479044,0.014970059880239521,0.02694610778443114,4.5,4.0
emblematica:E003081,2803,383,0.9368077570869661,1.0,0.24700731672678444,0.0026109660574412533,0.010443864229765013,0.02349869451697128,12.0,4.0
emblematica:E003082,2803,70,0.4748175773152763,0.5,0.08690692058532204,0.0,0.014285714285714285,0.02857142857142857,4.0,4.0
emblematica:E003083,2803,128,0.8376318198599176,1.0,0.13644921052502962,0.0078125,0.0234375,0.046875,5.0,4.5
emblematica:E003084,2803,460,0.8403727621315898,1.0,0.3151113934601315,0.002173913043478261,0.008695652173913044,0.015217391304347827,18.0,4.0
emblematica:E003085,2803,446,0.8943938982876649,1.0,0.2862595346749192,0.002242152466367713,0.008968609865470852,0.017937219730941704,9.0,5.0
emblematica:E003086,2803,5,0.0807866439750015,0.05555555555555555,0.034372367576238856,0.0,0.0,0.0,3.5,3.5
emblematica:E003768,2803,260,1.0,1.0,0.5199321770057517,0.0038461538461538464,0.019230769230769232,0.038461538461538464,11.0,4.0
emblematica:E003769,2803,335,1.0,1.0,0.46447931764963735,0.0029850746268656717,0.014925373134328358,0.029850746268656716,4.0,5.0
emblematica:E003770,2803,235,1.0,1.0,0.48693945717977544,0.00425531914893617,0.02127659574468085,0.0425531914893617,21.0,4.0
emblematica:E003771,2803,191,1.0,1.0,0.5982760837192589,0.005235602094240838,0.02617801047120419,0.05235602094240838,28.5,4.0
emblematica:E003772,2803,277,0.8842222191013388,1.0,0.34875153748878357,0.0036101083032490976,0.010830324909747292,0.02527075812274368,4.0,5.0
emblematica:E003773,2803,433,1.0,1.0,0.41979674404563844,0.0023094688221709007,0.011547344110854504,0.023094688221709007,21.0,4.0
emblematica:E003774,2803,274,0.9608008655106622,1.0,0.4101904599236522,0.0036496350364963502,0.01824817518248175,0.032846715328467155,11.0,5.0
emblematica:E003775,2803,270,0.8056273000821933,1.0,0.36980926026360256,0.003703703703703704,0.014814814814814815,0.022222222222222223,17.0,4.0
emblematica:E003776,2803,438,1.0,1.0,0.45246559690906035,0.00228310502283105,0.01141552511415525,0.0228310502283105,23.0,4.0
emblematica:E003777,2803,312,1.0,1.0,0.5130679730260308,0.003205128205128205,0.016025641025641024,0.03205128205128205,23.5,4.0
emblematica:E003778,2803,427,0.8842222191013388,1.0,0.43896955685222844,0.00234192037470726,0.00936768149882904,0.01873536299765808,20.5,4.0
emblematica:E003779,2803,260,1.0,1.0,0.4847546433256615,0.0038461538461538464,0.019230769230769232,0.038461538461538464,5.0,5.0
emblematica:E003780,2803,209,0.7520973617492562,0.5,0.29378672955053553,0.0,0.019138755980861243,0.028708133971291867,14.5,4.0
emblematica:E003781,2803,579,1.0,1.0,0.44708464142050625,0.0017271157167530224,0.008635578583765112,0.017271157167530225,7.5,4.0
emblematica:E003782,2803,379,1.0,1.0,0.43051967057262075,0.002638522427440633,0.013192612137203167,0.026385224274406333,12.0,4.5
emblematica:E003783,2803,482,0.8376886041985097,0.5,0.4081195315850505,0.0,0.008298755186721992,0.016597510373443983,6.0,4.0
emblematica:E003784,2803,521,1.0,1.0,0.49067142750895754,0.0019193857965451055,0.009596928982725527,0.019193857965451054,13.5,4.0
emblematica:E003785,2803,463,1.0,1.0,0.4447469721341837,0.0021598272138228943,0.01079913606911447,0.02159827213822894,21.0,4.0
emblematica:E003786,2803,234,1.0,1.0,0.43163111825543965,0.004273504273504274,0.021367521367521368,0.042735042735042736,3.0,4.0
emblematica:E003787,2803,460,0.7490496219327153,1.0,0.31850156024223186,0.002173913043478261,0.008695652173913044,0.010869565217391304,11.0,5.0
emblematica:E003788,2803,214,1.0,1.0,0.5317893968536607,0.004672897196261682,0.02336448598130841,0.04672897196261682,10.0,4.0
emblematica:E003789,2803,218,1.0,1.0,0.5448539791626291,0.0045871559633027525,0.022935779816513763,0.045871559633027525,9.0,4.0
emblematica:E003790,2803,202,1.0,1.0,0.46492569871934447,0.0049504950495049506,0.024752475247524754,0.04950495049504951,38.0,4.0
emblematica:E003791,2803,216,1.0,1.0,0.5797328630691071,0.004629629629629629,0.023148148148148147,0.046296296296296294,38.0,4.0
emblematica:E003792,2803,311,0.8540528238715894,1.0,0.4579012277070064,0.003215434083601286,0.012861736334405145,0.022508038585209004,3.0,4.0
emblematica:E003793,2803,300,1.0,1.0,0.45901327126699043,0.0033333333333333335,0.016666666666666666,0.03333333333333333,30.5,4.0
emblematica:E003794,2803,233,1.0,1.0,0.4787705683870606,0.004291845493562232,0.02145922746781116,0.04291845493562232,14.0,4.0
emblematica:E003795,2803,189,1.0,1.0,0.5827916384676337,0.005291005291005291,0.026455026455026454,0.05291005291005291,21.0,4.0
emblematica:E003796,2803,538,0.9575861412006987,1.0,0.45194007454905455,0.0018587360594795538,0.00929368029739777,0.016728624535315983,6.0,5.0
emblematica:E003797,2803,258,1.0,1.0,0.5450971989429456,0.003875968992248062,0.01937984496124031,0.03875968992248062,16.0,4.0
emblematica:E003798,2803,189,1.0,1.0,0.563297622699786,0.005291005291005291,0.026455026455026454,0.05291005291005291,8.0,4.0
emblematica:E003799,2803,298,1.0,1.0,0.470988336499811,0.003355704697986577,0.016778523489932886,0.03355704697986577,16.0,4.0
emblematica:E003800,2803,332,1.0,1.0,0.4683328211756827,0.0030120481927710845,0.015060240963855422,0.030120481927710843,7.0,4.0
emblematica:E003801,2803,227,0.6761949088790569,0.3333333333333333,0.24372623746824504,0.0,0.013215859030837005,0.022026431718061675,6.0,5.0
emblematica:E003802,2803,553,1.0,1.0,0.46139940185198336,0.0018083182640144665,0.009041591320072333,0.018083182640144666,11.0,5.0
emblematica:E003803,2803,301,1.0,1.0,0.44242140247028106,0.0033222591362126247,0.016611295681063124,0.03322259136212625,3.0,4.0
emblematica:E003804,2803,302,0.85515952476518,1.0,0.4272459736755505,0.0033112582781456954,0.013245033112582781,0.026490066225165563,2.0,6.0
emblematica:E003805,2803,212,1.0,1.0,0.5191104347963684,0.0047169811320754715,0.02358490566037736,0.04716981132075472,36.0,4.0
emblematica:E003806,2803,213,1.0,1.0,0.5289020566195333,0.004694835680751174,0.023474178403755867,0.046948356807511735,10.0,4.0
emblematica:E003807,2803,419,1.0,1.0,0.4271432365934412,0.002386634844868735,0.011933174224343675,0.02386634844868735,8.0,4.5
emblematica:E003808,2803,248,1.0,1.0,0.38713014369240845,0.004032258064516129,0.020161290322580645,0.04032258064516129,4.0,4.0
emblematica:E003809,2803,287,0.9368077570869661,1.0,0.4186227105297906,0.003484320557491289,0.013937282229965157,0.0313588850174216,19.5,5.0
emblematica:E003810,2803,141,0.6799775177198609,0.3333333333333333,0.3795270128873956,0.0,0.02127659574468085,0.03546099290780142,5.0,5.0
emblematica:E003811,2803,370,0.731011555599338,1.0,0.325329249257334,0.002702702702702703,0.005405405405405406,0.016216216216216217,9.0,4.0
emblematica:E003813,2803,366,1.0,1.0,0.4808050001282424,0.00273224043715847,0.01366120218579235,0.0273224043715847,10.0,4.0
emblematica:E003814,2803,335,1.0,1.0,0.48919194893615503,0.0029850746268656717,0.014925373134328358,0.029850746268656716,10.5,4.0
emblematica:E003815,2803,352,0.9477344873475497,1.0,0.45395485210629527,0.002840909090909091,0.014204545454545454,0.02556818181818182,23.0,4.0
emblematica:E003816,2803,327,1.0,1.0,0.5081392914262282,0.0030581039755351682,0.01529051987767584,0.03058103975535168,15.5,4.0
emblematica:E003817,2803,324,1.0,1.0,0.4609687294705397,0.0030864197530864196,0.015432098765432098,0.030864197530864196,18.0,4.0
emblematica:E003818,2803,340,1.0,1.0,0.4577916321045603,0.0029411764705882353,0.014705882352941176,0.029411764705882353,16.0,4.0
emblematica:E003819,2803,365,1.0,1.0,0.47445345121777766,0.0027397260273972603,0.0136986301369863,0.0273972602739726,18.0,4.0
emblematica:E003820,2803,342,1.0,1.0,0.46289834033225125,0.0029239766081871343,0.014619883040935672,0.029239766081871343,28.0,4.0
emblematica:E003821,2803,343,0.9432379215722525,1.0,0.40641942686746907,0.0029154518950437317,0.011661807580174927,0.023323615160349854,14.5,4.0
emblematica:E003822,2803,334,1.0,1.0,0.5043023417531536,0.0029940119760479044,0.014970059880239521,0.029940119760479042,25.0,4.0
emblematica:E003823,2803,423,0.9510907186004266,1.0,0.4751718851890771,0.002364066193853428,0.01182033096926714,0.018912529550827423,15.5,4.0
emblematica:E003824,2803,358,0.8842222191013388,1.0,0.43674658980061176,0.002793296089385475,0.0111731843575419,0.0223463687150838,9.5,5.0
emblematica:E003825,2803,105,0.7019459871249404,0.5,0.5199153861067726,0.0,0.02857142857142857,0.047619047619047616,5.5,4.0
emblematica:E003826,2803,359,1.0,1.0,0.5402466224780155,0.002785515320334262,0.013927576601671309,0.027855153203342618,15.0,4.0
emblematica:E003827,2803,234,1.0,1.0,0.5436434832527098,0.004273504273504274,0.021367521367521368,0.042735042735042736,40.0,4.0
emblematica:E003828,2803,239,1.0,1.0,0.5503067727249346,0.0041841004184100415,0.02092050209205021,0.04184100418410042,16.0,4.0
emblematica:E003829,2803,463,1.0,1.0,0.48955979841746444,0.0021598272138228943,0.01079913606911447,0.02159827213822894,8.0,5.0
emblematica:E003830,2803,155,0.6361272720167382,0.5,0.10778240634093407,0.0,0.012903225806451613,0.012903225806451613,6.0,5.0
emblematica:E003831,2803,329,1.0,1.0,0.4722737711551898,0.00303951367781155,0.015197568389057751,0.030395136778115502,6.0,4.0
emblematica:E003832,2803,357,1.0,1.0,0.4986054310620468,0.0028011204481792717,0.014005602240896359,0.028011204481792718,12.0,4.0
emblematica:E003833,2803,327,1.0,1.0,0.5321144797026707,0.0030581039755351682,0.01529051987767584,0.03058103975535168,15.0,4.0
emblematica:E003834,2803,465,1.0,1.0,0.4810658540099678,0.002150537634408602,0.010752688172043012,0.021505376344086023,36.0,4.0
emblematica:E003835,2803,272,1.0,1.0,0.5009792245404123,0.003676470588235294,0.01838235294117647,0.03676470588235294,11.0,5.0
emblematica:E003836,2803,215,1.0,1.0,0.536030052201707,0.004651162790697674,0.023255813953488372,0.046511627906976744,17.0,4.0
emblematica:E003837,2803,222,1.0,1.0,0.5544408340165996,0.0045045045045045045,0.02252252252252252,0.04504504504504504,13.5,4.0
emblematica:E003838,2803,280,0.9510907186004266,1.0,0.5015758715138366,0.0035714285714285713,0.017857142857142856,0.03214285714285714,11.0,5.0
emblematica:E003839,2803,142,0.8442327945045964,1.0,0.6363728083269002,0.007042253521126761,0.02112676056338028,0.056338028169014086,7.0,4.0
emblematica:E003840,2803,409,1.0,1.0,0.470122735499778,0.0024449877750611247,0.012224938875305624,0.02444987775061125,27.0,4.0
emblematica:E003841,2803,257,1.0,1.0,0.476580631201052,0.0038910505836575876,0.019455252918287938,0.038910505836575876,19.0,4.0
emblematica:E003843,2803,266,1.0,1.0,0.451757285809729,0.0037593984962406013,0.018796992481203006,0.03759398496240601,11.0,4.0
emblematica:E003844,2803,231,1.0,1.0,0.48822808113596955,0.004329004329004329,0.021645021645021644,0.04329004329004329,25.0,4.0
emblematica:E003846,2803,239,0.9574284411791895,1.0,0.47354956742282994,0.0041841004184100415,0.016736401673640166,0.03765690376569038,4.5,4.5
emblematica:E003847,2803,365,1.0,1.0,0.4584869296702326,0.0027397260273972603,0.0136986301369863,0.0273972602739726,37.0,4.0
emblematica:E003848,2803,476,1.0,1.0,0.431778686836205,0.0021008403361344537,0.01050420168067227,0.02100840336134454,45.0,4.0
emblematica:E003849,2803,149,0.7675523070366798,1.0,0.2593858897141078,0.006711409395973154,0.026845637583892617,0.03355704697986577,4.0,5.0
emblematica:E003850,2803,424,0.6735677008450964,1.0,0.2557257609251268,0.0023584905660377358,0.0047169811320754715,0.007075471698113208,7.0,5.0
emblematica:E003851,2803,444,1.0,1.0,0.39563397170347986,0.0022522522522522522,0.01126126126126126,0.02252252252252252,34.0,4.0
emblematica:E003852,2803,328,1.0,1.0,0.44977264921179977,0.003048780487804878,0.01524390243902439,0.03048780487804878,23.5,4.0
emblematica:E003853,2803,265,1.0,1.0,0.4312079712939103,0.0037735849056603774,0.018867924528301886,0.03773584905660377,9.5,5.0
emblematica:E003854,2803,285,1.0,1.0,0.46375111640904315,0.0035087719298245615,0.017543859649122806,0.03508771929824561,25.0,4.0
emblematica:E003855,2803,328,1.0,1.0,0.31578804694470936,0.003048780487804878,0.01524390243902439,0.03048780487804878,25.0,5.0
emblematica:E003856,2803,218,1.0,1.0,0.4441601994693125,0.0045871559633027525,0.022935779816513763,0.045871559633027525,13.0,4.0
emblematica:E003857,2803,652,1.0,1.0,0.51420819271912,0.0015337423312883436,0.007668711656441718,0.015337423312883436,26.5,4.0
emblematica:E003858,2803,610,0.9477344873475497,1.0,0.4131962313295027,0.001639344262295082,0.00819672131147541,0.014754098360655738,12.0,5.0
emblematica:E003859,2803,252,0.9558305176970738,1.0,0.49313241663821766,0.003968253968253968,0.01984126984126984,0.03571428571428571,40.0,4.0
emblematica:E003860,2803,456,1.0,1.0,0.4589456164486045,0.0021929824561403508,0.010964912280701754,0.021929824561403508,14.0,4.0
emblematica:E003861,2803,369,1.0,1.0,0.4793803116573004,0.0027100271002710027,0.013550135501355014,0.02710027100271003,13.0,4.0
emblematica:E003862,2803,548,1.0,1.0,0.43083174030750016,0.0018248175182481751,0.009124087591240875,0.01824817518248175,42.5,4.0
emblematica:E003863,2803,268,1.0,1.0,0.4659223354866712,0.0037313432835820895,0.018656716417910446,0.03731343283582089,12.5,4.0
emblematica:E003864,2803,302,1.0,1.0,0.44814446249712375,0.0033112582781456954,0.016556291390728478,0.033112582781456956,28.5,4.0
emblematica:E003865,2803,196,0.968189605900524,1.0,0.5546545788855058,0.00510204081632653,0.025510204081632654,0.04591836734693878,7.0,4.0
emblematica:E003866,2803,285,0.8358761963562927,1.0,0.3277957705758013,0.0035087719298245615,0.010526315789473684,0.02456140350877193,45.0,4.0
emblematica:E003867,2803,264,1.0,1.0,0.4409512808994128,0.003787878787878788,0.01893939393939394,0.03787878787878788,10.0,4.0
emblematica:E003868,2803,264,1.0,1.0,0.4542827464759619,0.003787878787878788,0.01893939393939394,0.03787878787878788,17.0,4.0
emblematica:E003869,2803,383,0.94497705842548,1.0,0.3931099761530466,0.0026109660574412533,0.010443864229765013,0.02349869451697128,11.0,5.0
emblematica:E003870,2803,361,1.0,1.0,0.502553954830983,0.002770083102493075,0.013850415512465374,0.027700831024930747,40.0,4.0
emblematica:E003871,2803,331,1.0,1.0,0.46837400065825807,0.0030211480362537764,0.015105740181268883,0.030211480362537766,11.0,5.0
emblematica:E003872,2803,235,0.7352052034243988,1.0,0.416263370695777,0.00425531914893617,0.00851063829787234,0.02553191489361702,11.0,4.5
emblematica:E003873,2803,205,1.0,1.0,0.3266864948587185,0.004878048780487805,0.024390243902439025,0.04878048780487805,9.5,4.0
emblematica:E003874,2803,313,1.0,1.0,0.42071147878765297,0.003194888178913738,0.01597444089456869,0.03194888178913738,17.0,4.0
emblematica:E003875,2803,252,1.0,1.0,0.47498353323217474,0.003968253968253968,0.01984126984126984,0.03968253968253968,40.0,4.0
emblematica:E003876,2803,231,1.0,1.0,0.502121232657868,0.004329004329004329,0.021645021645021644,0.04329004329004329,6.5,4.0
emblematica:E003877,2803,271,0.8288233609068398,1.0,0.2894427745034911,0.0036900369003690036,0.01845018450184502,0.02214022140221402,36.0,4.0
emblematica:E003878,2803,201,1.0,1.0,0.40312004464192763,0.004975124378109453,0.024875621890547265,0.04975124378109453,5.5,4.0
emblematica:E003879,2803,327,1.0,1.0,0.2974855260207301,0.0030581039755351682,0.01529051987767584,0.03058103975535168,18.0,4.5
emblematica:E003880,2803,353,1.0,1.0,0.40330958482849893,0.0028328611898017,0.014164305949008499,0.028328611898016998,21.0,4.0
emblematica:E003881,2803,230,0.9368077570869661,1.0,0.47949875566835115,0.004347826086956522,0.017391304347826087,0.0391304347826087,9.0,4.0
emblematica:E003882,2803,239,0.8274601406735914,1.0,0.28508117839053193,0.0041841004184100415,0.012552301255230125,0.029288702928870293,40.0,4.0
emblematica:E003883,2803,219,0.968189605900524,1.0,0.49909006033621567,0.0045662100456621,0.0228310502283105,0.0410958904109589,8.0,4.0
emblematica:E003884,2803,256,1.0,1.0,0.44483773286957123,0.00390625,0.01953125,0.0390625,13.0,4.0
emblematica:E003885,2803,436,1.0,1.0,0.4335504888894733,0.0022935779816513763,0.011467889908256881,0.022935779816513763,11.0,4.0
emblematica:E004091,2803,297,1.0,1.0,0.27681645575413255,0.003367003367003367,0.016835016835016835,0.03367003367003367,22.0,5.0
emblematica:E004092,2803,154,0.8481064169964802,1.0,0.22856075171371548,0.006493506493506494,0.025974025974025976,0.045454545454545456,18.0,3.0
emblematica:E004093,2803,366,0.9074250374176303,1.0,0.3991677386927673,0.00273224043715847,0.01092896174863388,0.02459016393442623,59.0,3.0
emblematica:E004094,2803,141,0.9537125187088151,1.0,0.47121044251067834,0.0070921985815602835,0.03546099290780142,0.06382978723404255,17.5,3.5
emblematica:E004095,2803,183,0.6922875435049679,1.0,0.1738988594313844,0.00546448087431694,0.01639344262295082,0.02185792349726776,10.5,6.0
emblematica:E004096,2803,246,0.9368077570869661,1.0,0.28126350010063367,0.0040650406504065045,0.016260162601626018,0.036585365853658534,16.0,3.0
emblematica:E004097,2803,145,0.8824665955977139,1.0,0.4157882491482308,0.006896551724137931,0.027586206896551724,0.05517241379310345,10.0,3.0
emblematica:E004098,2803,145,0.9035650050446237,1.0,0.44750798163784256,0.006896551724137931,0.034482758620689655,0.05517241379310345,10.0,3.0
emblematica:E004099,2803,141,0.8698739994728926,1.0,0.37141010484491926,0.0070921985815602835,0.02127659574468085,0.05673758865248227,2.0,3.0
emblematica:E004100,2803,121,0.5515377306675132,0.5,0.12124699824119066,0.0,0.01652892561983471,0.024793388429752067,3.0,5.0
emblematica:E004101,2803,277,0.8926382747840401,1.0,0.21249034332386404,0.0036101083032490976,0.01444043321299639,0.02888086642599278,2.0,5.0
emblematica:E004102,2803,142,0.838254763143331,1.0,0.20035459029723374,0.007042253521126761,0.028169014084507043,0.04929577464788732,11.0,4.0
emblematica:E004103,2803,441,0.5831107372509856,1.0,0.23440065549111339,0.0022675736961451248,0.0045351473922902496,0.006802721088435374,13.0,3.5
emblematica:E004104,2803,219,0.85515952476518,1.0,0.2011998518147958,0.0045662100456621,0.0182648401826484,0.0365296803652968,12.5,4.5
emblematica:E004105,2803,118,0.8909724089198024,1.0,0.2939709783799533,0.00847457627118644,0.03389830508474576,0.06779661016949153,1.0,5.0
emblematica:E004106,2803,142,0.8824665955977139,1.0,0.25647326660353653,0.007042253521126761,0.028169014084507043,0.056338028169014086,4.0,4.0
emblematica:E004107,2803,268,0.6847114710111616,0.5,0.20664920161398398,0.0,0.011194029850746268,0.022388059701492536,2.0,5.0
emblematica:E004108,2803,287,0.8990684392693266,1.0,0.2466438539524569,0.003484320557491289,0.013937282229965157,0.027874564459930314,5.0,4.0
emblematica:E004109,2803,138,0.9368077570869661,1.0,0.28711282004021066,0.007246376811594203,0.028985507246376812,0.06521739130434782,1.0,5.0
emblematica:E004110,2803,153,0.85515952476518,1.0,0.20126771976587973,0.006535947712418301,0.026143790849673203,0.05228758169934641,3.0,5.0
emblematica:E004111,2803,43,0.49066464223187867,1.0,0.07147973940158486,0.023255813953488372,0.023255813953488372,0.023255813953488372,2.0,3.5
emblematica:E004112,2803,353,0.8611375561264454,1.0,0.22805916525736597,0.0028328611898017,0.0113314447592068,0.0226628895184136,44.5,5.0
emblematica:E004113,2803,23,0.3491313940615917,0.3333333333333333,0.03874667600967911,0.0,0.043478260869565216,0.043478260869565216,5.0,3.0
emblematica:E004114,2803,66,0.3333333333333333,0.1111111111111111,0.027494617417684886,0.0,0.0,0.015151515151515152,2.0,4.0
emblematica:E004115,2803,42,0.5520415317876429,0.5,0.12024239836914925,0.0,0.047619047619047616,0.11904761904761904,3.0,3.0
emblematica:E004116,2803,136,0.8043628744017064,0.5,0.33983260827889916,0.0,0.029411764705882353,0.058823529411764705,3.5,4.5
emblematica:E004117,2803,376,0.8169680738235193,1.0,0.31451072854226453,0.0026595744680851063,0.010638297872340425,0.018617021276595744,17.0,2.0
emblematica:E004118,2803,181,0.9432379215722525,1.0,0.27993948845994354,0.0055248618784530384,0.022099447513812154,0.049723756906077346,3.0,5.0
emblematica:E004119,2803,129,0.7165277109159841,0.3333333333333333,0.265404137153429,0.0,0.023255813953488372,0.05426356589147287,8.0,5.0
emblematica:E004120,2803,377,0.9477344873475497,1.0,0.35419367351215,0.002652519893899204,0.013262599469496022,0.023872679045092837,23.0,4.0
emblematica:E004121,2803,126,0.8069846745100949,0.5,0.2740191242440852,0.0,0.031746031746031744,0.06349206349206349,6.0,5.0
emblematica:E004122,2803,169,0.94497705842548,1.0,0.37274936016076443,0.005917159763313609,0.023668639053254437,0.05325443786982249,15.5,3.5
emblematica:E004123,2803,118,0.9069212362975004,1.0,0.289455919210971,0.00847457627118644,0.0423728813559322,0.06779661016949153,2.0,6.0
emblematica:E004124,2803,76,0.5481814994146365,0.5,0.06219690881770071,0.0,0.02631578947368421,0.039473684210526314,22.5,3.0
emblematica:E004125,2803,179,0.41071609585330393,0.07692307692307693,0.09303843142762658,0.0,0.0,0.0,6.0,4.0
emblematica:E004126,2803,290,0.8421283856352147,1.0,0.22786496262115663,0.0034482758620689655,0.013793103448275862,0.02413793103448276,14.0,4.5
emblematica:E004127,2803,182,0.45328765467411447,0.25,0.10318140395730994,0.0,0.01098901098901099,0.01098901098901099,4.0,4.5
emblematica:E004128,2803,283,0.8926382747840401,1.0,0.3949418270210191,0.0035335689045936395,0.014134275618374558,0.028268551236749116,23.0,4.0
emblematica:E004129,2803,137,0.9510907186004266,1.0,0.3825020289298462,0.0072992700729927005,0.0364963503649635,0.06569343065693431,3.0,4.0
emblematica:E004130,2803,116,0.8803485966094551,1.0,0.36233974453924567,0.008620689655172414,0.034482758620689655,0.06896551724137931,59.0,4.5
emblematica:E004131,2803,116,0.812228274726872,1.0,0.4170386061990163,0.008620689655172414,0.034482758620689655,0.0603448275862069,100.5,4.5
emblematica:E004132,2803,116,0.8480411588814943,1.0,0.3347708754435027,0.008620689655172414,0.034482758620689655,0.0603448275862069,100.5,4.5
emblematica:E004133,2803,116,0.8437289933844666,1.0,0.31469785986205345,0.008620689655172414,0.034482758620689655,0.0603448275862069,100.5,4.5
emblematica:E004134,2803,116,0.6953352833215088,0.5,0.29422829856414756,0.0,0.02586206896551724,0.05172413793103448,100.5,4.5
emblematica:E004135,2803,116,0.662144199275275,0.3333333333333333,0.18235172913287756,0.0,0.02586206896551724,0.05172413793103448,100.5,4.5
emblematica:E004136,2803,116,0.85515952476518,1.0,0.2398183927562783,0.008620689655172414,0.034482758620689655,0.06896551724137931,100.5,4.5
emblematica:E004137,2803,116,0.7979589033322887,1.0,0.32341306661879854,0.008620689655172414,0.034482758620689655,0.05172413793103448,100.5,4.5
emblematica:E004138,2803,116,0.8585157560180569,1.0,0.2621899516200117,0.008620689655172414,0.034482758620689655,0.06896551724137931,100.5,4.5
emblematica:E004139,2803,116,0.5418698526013167,0.25,0.21107754987156,0.0,0.008620689655172414,0.034482758620689655,100.5,4.5
emblematica:E004140,2803,116,0.808667643519269,1.0,0.2895965176259637,0.008620689655172414,0.034482758620689655,0.0603448275862069,100.5,4.5
emblematica:E004141,2803,116,0.9014470060563649,1.0,0.32554659027185484,0.008620689655172414,0.04310344827586207,0.06896551724137931,100.5,4.5
emblematica:E004142,2803,116,0.8400527367984127,1.0,0.3038980499616288,0.008620689655172414,0.034482758620689655,0.0603448275862069,100.5,4.5
emblematica:E004143,2803,116,0.3333333333333333,0.06666666666666667,0.07645902751173941,0.0,0.0,0.0,100.5,4.5
emblematica:E004144,2803,116,0.709192305126817,1.0,0.25094500068213194,0.008620689655172414,0.034482758620689655,0.034482758620689655,100.5,4.5
emblematica:E004145,2803,116,0.5856672792443884,1.0,0.13192989557037357,0.008620689655172414,0.017241379310344827,0.02586206896551724,100.5,4.5
emblematica:E004146,2803,116,0.6982655748662334,1.0,0.24832127919394678,0.008620689655172414,0.02586206896551724,0.034482758620689655,100.5,4.5
emblematica:E004147,2803,116,0.8302010829452636,1.0,0.4696404838555951,0.008620689655172414,0.034482758620689655,0.0603448275862069,100.5,4.5
emblematica:E004148,2803,116,0.9510907186004266,1.0,0.3614296315409096,0.008620689655172414,0.04310344827586207,0.07758620689655173,100.5,4.5
emblematica:E004149,2803,116,0.8611511462453225,1.0,0.20250041536019608,0.008620689655172414,0.04310344827586207,0.0603448275862069,100.5,4.5
emblematica:E004150,2803,116,0.8018189357052953,1.0,0.25826159067542903,0.008620689655172414,0.02586206896551724,0.0603448275862069,100.5,4.5
emblematica:E004151,2803,116,0.7554797864180018,1.0,0.2052015037694575,0.008620689655172414,0.034482758620689655,0.04310344827586207,100.5,4.5
emblematica:E004152,2803,116,0.8590331472570637,1.0,0.24384593642656077,0.008620689655172414,0.04310344827586207,0.0603448275862069,100.5,4.5
emblematica:E004153,2803,116,0.7958409043440299,1.0,0.38095701281189503,0.008620689655172414,0.034482758620689655,0.05172413793103448,100.5,4.5
emblematica:E004154,2803,116,0.9086768598011253,1.0,0.3516895422014198,0.008620689655172414,0.04310344827586207,0.06896551724137931,100.5,4.5
emblematica:E004155,2803,116,0.6405419887082355,0.5,0.2183583426696523,0.0,0.02586206896551724,0.04310344827586207,100.5,4.5
emblematica:E004156,2803,116,0.8376318198599176,1.0,0.20959854616530052,0.008620689655172414,0.02586206896551724,0.0603448275862069,100.5,4.5
emblematica:E004157,2803,116,0.40457925644443454,0.3333333333333333,0.09465153573294069,0.0,0.008620689655172414,0.017241379310344827,100.5,4.5
emblematica:E004158,2803,116,0.9558305176970738,1.0,0.518562840961809,0.008620689655172414,0.04310344827586207,0.07758620689655173,100.5,4.5
emblematica:E004159,2803,116,1.0,1.0,0.596125586824362,0.008620689655172414,0.04310344827586207,0.08620689655172414,100.5,4.5
emblematica:E004160,2803,116,1.0,1.0,0.5120364429261335,0.008620689655172414,0.04310344827586207,0.08620689655172414,100.5,4.5
emblematica:E004161,2803,116,1.0,1.0,0.5226886376734086,0.008620689655172414,0.04310344827586207,0.08620689655172414,100.5,4.5
emblematica:E004162,2803,116,1.0,1.0,0.49459193381623084,0.008620689655172414,0.04310344827586207,0.08620689655172414,100.5,4.5
emblematica:E004163,2803,116,1.0,1.0,0.45882631216231046,0.008620689655172414,0.04310344827586207,0.08620689655172414,100.5,4.5
emblematica:E004164,2803,116,1.0,1.0,0.46934789213679096,0.008620689655172414,0.04310344827586207,0.08620689655172414,100.5,4.5
emblematica:E004165,2803,116,0.9069212362975004,1.0,0.41303331340127114,0.008620689655172414,0.04310344827586207,0.06896551724137931,100.5,4.5
emblematica:E004166,2803,116,1.0,1.0,0.483147909376601,0.008620689655172414,0.04310344827586207,0.08620689655172414,100.5,4.5
emblematica:E004167,2803,116,1.0,1.0,0.4172371507170226,0.008620689655172414,0.04310344827586207,0.08620689655172414,100.5,4.5
emblematica:E004168,2803,116,0.8379347378101539,1.0,0.3157110094867117,0.008620689655172414,0.034482758620689655,0.0603448275862069,100.5,4.5
emblematica:E004169,2803,116,1.0,1.0,0.481972179058803,0.008620689655172414,0.04310344827586207,0.08620689655172414,100.5,4.5
emblematica:E004170,2803,116,1.0,1.0,0.43072972839890217,0.008620689655172414,0.04310344827586207,0.08620689655172414,100.5,4.5
emblematica:E004171,2803,116,0.9575861412006987,1.0,0.3827526024330598,0.008620689655172414,0.04310344827586207,0.07758620689655173,100.5,4.5
emblematica:E004172,2803,116,1.0,1.0,0.5208022179628432,0.008620689655172414,0.04310344827586207,0.08620689655172414,100.5,4.5
emblematica:E004173,2803,116,1.0,1.0,0.5933931363760832,0.008620689655172414,0.04310344827586207,0.08620689655172414,100.5,4.5
emblematica:E004174,2803,116,0.8606337550063157,1.0,0.3221700367525327,0.008620689655172414,0.04310344827586207,0.0603448275862069,100.5,4.5
emblematica:E004175,2803,116,1.0,1.0,0.4529466086749444,0.008620689655172414,0.04310344827586207,0.08620689655172414,100.5,4.5
emblematica:E004176,2803,116,1.0,1.0,0.5230045492671656,0.008620689655172414,0.04310344827586207,0.08620689655172414,100.5,4.5
emblematica:E004177,2803,116,1.0,1.0,0.4922892526251459,0.008620689655172414,0.04310344827586207,0.08620689655172414,100.5,4.5
emblematica:E004178,2803,116,1.0,1.0,0.5057611969666458,0.008620689655172414,0.04310344827586207,0.08620689655172414,100.5,4.5
emblematica:E004179,2803,116,1.0,1.0,0.30909200121953573,0.008620689655172414,0.04310344827586207,0.08620689655172414,100.5,4.5
emblematica:E004180,2803,116,0.4486037189353219,0.3333333333333333,0.22456092886875575,0.0,0.017241379310344827,0.017241379310344827,100.5,4.5
emblematica:E004181,2803,116,0.6930855953366193,1.0,0.19385287083414265,0.008620689655172414,0.02586206896551724,0.04310344827586207,100.5,4.5
emblematica:E004182,2803,116,0.9363547132246208,1.0,0.3664644811545694,0.008620689655172414,0.04310344827586207,0.07758620689655173,100.5,4.5
emblematica:E004183,2803,116,0.9134166588977728,1.0,0.30218521520509206,0.008620689655172414,0.04310344827586207,0.06896551724137931,100.5,4.5
emblematica:E004184,2803,116,0.486273625415073,0.3333333333333333,0.2272799972957414,0.0,0.017241379310344827,0.02586206896551724,100.5,4.5
emblematica:E004185,2803,116,0.9537125187088151,1.0,0.43608623392970836,0.008620689655172414,0.04310344827586207,0.07758620689655173,100.5,4.5
emblematica:E004186,2803,116,0.6795457322063617,1.0,0.18182325702532806,0.008620689655172414,0.017241379310344827,0.04310344827586207,100.5,4.5
emblematica:E004187,2803,116,0.420243639393969,0.2,0.11917203906966183,0.0,0.008620689655172414,0.017241379310344827,100.5,4.5
emblematica:E004188,2803,116,0.8988252059479763,1.0,0.3423934387032044,0.008620689655172414,0.04310344827586207,0.06896551724137931,100.5,4.5
emblematica:E004189,2803,116,0.9558305176970738,1.0,0.35335709378859026,0.008620689655172414,0.04310344827586207,0.07758620689655173,100.5,4.5
emblematica:E004190,2803,116,0.9368077570869661,1.0,0.4039724768755035,0.008620689655172414,0.034482758620689655,0.07758620689655173,100.5,4.5
emblematica:E004191,2803,116,0.8345698393185624,1.0,0.37477079327857543,0.008620689655172414,0.034482758620689655,0.0603448275862069,100.5,4.5
emblematica:E004192,2803,116,0.9575861412006987,1.0,0.373835261405721,0.008620689655172414,0.04310344827586207,0.07758620689655173,100.5,4.5
emblematica:E004193,2803,116,1.0,1.0,0.4228481763709905,0.008620689655172414,0.04310344827586207,0.08620689655172414,100.5,4.5
emblematica:E004194,2803,116,0.7130523374998236,1.0,0.20406473236803843,0.008620689655172414,0.02586206896551724,0.04310344827586207,100.5,4.5
emblematica:E004195,2803,116,0.4811077973819508,1.0,0.13933917580418625,0.008620689655172414,0.017241379310344827,0.02586206896551724,100.5,4.5
emblematica:E004196,2803,116,0.8101238658574903,1.0,0.2585805953952222,0.008620689655172414,0.04310344827586207,0.05172413793103448,100.5,4.5
emblematica:E004197,2803,116,0.5786550842288984,1.0,0.14791580446395142,0.008620689655172414,0.02586206896551724,0.034482758620689655,100.5,4.5
emblematica:E004198,2803,116,0.9558305176970738,1.0,0.46291997647408,0.008620689655172414,0.04310344827586207,0.07758620689655173,100.5,4.5
emblematica:E004199,2803,116,1.0,1.0,0.5282190964746262,0.008620689655172414,0.04310344827586207,0.08620689655172414,100.5,4.5
emblematica:E004200,2803,116,0.8281396748332759,1.0,0.30040755581475276,0.008620689655172414,0.034482758620689655,0.0603448275862069,100.5,4.5
emblematica:E004201,2803,116,0.7520973617492562,0.5,0.33371383943276955,0.0,0.034482758620689655,0.0603448275862069,100.5,4.5
emblematica:E004202,2803,116,0.6284158759180979,0.5,0.18918758361774518,0.0,0.017241379310344827,0.04310344827586207,100.5,4.5
emblematica:E004203,2803,116,0.7070743061385582,1.0,0.22437525600715028,0.008620689655172414,0.02586206896551724,0.04310344827586207,100.5,4.5
emblematica:E004204,2803,116,1.0,1.0,0.4553469989617761,0.008620689655172414,0.04310344827586207,0.08620689655172414,100.5,4.5
emblematica:E004205,2803,116,0.9432379215722525,1.0,0.4092730784796688,0.008620689655172414,0.034482758620689655,0.07758620689655173,100.5,4.5
emblematica:E004206,2803,116,0.8491059815685912,1.0,0.32832122979132683,0.008620689655172414,0.034482758620689655,0.06896551724137931,100.5,4.5
emblematica:E004207,2803,116,0.8611375561264454,1.0,0.4233681679278298,0.008620689655172414,0.034482758620689655,0.06896551724137931,100.5,4.5
emblematica:E004208,2803,116,0.6410457898283652,0.25,0.34479474560087325,0.0,0.017241379310344827,0.05172413793103448,100.5,4.5
emblematica:E004209,2803,116,0.7132137590661379,0.5,0.36025132342732985,0.0,0.02586206896551724,0.0603448275862069,100.5,4.5
emblematica:E004210,2803,116,0.9558305176970738,1.0,0.2842869434207871,0.008620689655172414,0.04310344827586207,0.07758620689655173,100.5,4.5
emblematica:E004211,2803,116,0.7055069625078351,1.0,0.28006221962663536,0.008620689655172414,0.017241379310344827,0.04310344827586207,100.5,4.5
emblematica:E004212,2803,116,1.0,1.0,0.389733679715707,0.008620689655172414,0.04310344827586207,0.08620689655172414,100.5,4.5
emblematica:E004213,2803,116,0.9281349201028808,1.0,0.29269035911925245,0.008620689655172414,0.04310344827586207,0.07758620689655173,100.5,4.5
emblematica:E004214,2803,116,1.0,1.0,0.525742550967732,0.008620689655172414,0.04310344827586207,0.08620689655172414,100.5,4.5
emblematica:E005119,2803,22,0.42465647353220776,0.1,0.03168608333992637,0.0,0.0,0.045454545454545456,1.0,6.0
emblematica:E005120,2803,188,0.3333333333333333,0.09090909090909091,0.12696750649420518,0.0,0.0,0.0,2.0,4.0
emblematica:E005121,2803,18,0.5473114394564668,1.0,0.2041789231229471,0.05555555555555555,0.05555555555555555,0.1111111111111111,1.5,3.0
emblematica:E005122,2803,47,0.7781817039044576,0.09090909090909091,0.14869880070929545,0.0,0.0,0.0,6.5,4.0
emblematica:E005123,2803,57,0.4781738085681532,0.5,0.037085741262128165,0.0,0.017543859649122806,0.03508771929824561,4.5,4.0
emblematica:E005124,2803,59,0.4814185519599551,0.2,0.10492559641188591,0.0,0.01694915254237288,0.05084745762711865,7.5,4.0
emblematica:E005125,2803,48,0.3443757039090648,0.06666666666666667,0.028582571376227855,0.0,0.0,0.0,6.5,5.0
emblematica:E005126,2803,81,0.6002487566222989,1.0,0.08830287733673231,0.012345679012345678,0.012345679012345678,0.037037037037037035,8.0,4.0
emblematica:E005127,2803,58,0.6821158643186418,1.0,0.15123240601546803,0.017241379310344827,0.05172413793103448,0.06896551724137931,9.0,5.0
emblematica:E005128,2803,79,0.48006117753205335,1.0,0.06500472547163104,0.012658227848101266,0.012658227848101266,0.012658227848101266,5.0,3.0
emblematica:E005129,2803,186,0.8340611153182702,1.0,0.1665164532679272,0.005376344086021506,0.016129032258064516,0.043010752688172046,18.0,4.0
emblematica:E005130,2803,279,0.8824665955977139,1.0,0.16731674892800424,0.0035842293906810036,0.014336917562724014,0.02867383512544803,25.0,3.0
emblematica:E005131,2803,67,0.38224261473290666,0.14285714285714285,0.06330395733425839,0.0,0.0,0.014925373134328358,8.0,4.0
emblematica:E005132,2803,87,0.8698739994728926,1.0,0.21786301612986733,0.011494252873563218,0.034482758620689655,0.09195402298850575,11.0,3.5
emblematica:E005133,2803,235,0.6166535069532703,0.3333333333333333,0.11173899997084169,0.0,0.00851063829787234,0.02127659574468085,1.0,5.0
emblematica:E005134,2803,62,0.812228274726872,1.0,0.25527974499173195,0.016129032258064516,0.06451612903225806,0.11290322580645161,4.0,3.0
emblematica:E005135,2803,33,0.3333333333333333,0.0625,0.011152047421849226,0.0,0.0,0.0,2.0,5.0
emblematica:E005136,2803,90,0.5565380975629401,0.3333333333333333,0.08820463926100906,0.0,0.022222222222222223,0.044444444444444446,10.0,3.5
emblematica:E005137,2803,708,0.3439367980331586,0.016666666666666666,0.16852304230541834,0.0,0.0,0.0,1.0,3.0
emblematica:E005138,2803,69,0.7991971355969067,1.0,0.2507140960698217,0.014492753623188406,0.057971014492753624,0.08695652173913043,1.5,5.0
emblematica:E005139,2803,182,0.5597533697374326,0.5,0.09360787174534935,0.0,0.01098901098901099,0.016483516483516484,2.0,3.0
emblematica:E005140,2803,105,0.8043890678175752,1.0,0.10344276444560369,0.009523809523809525,0.02857142857142857,0.047619047619047616,1.0,5.0
emblematica:E005141,2803,23,0.3333333333333333,0.005235602094240838,0.01141402785345477,0.0,0.0,0.0,1.0,3.0
emblematica:E005142,2803,60,0.7829747854915612,0.3333333333333333,0.1532880400076533,0.0,0.05,0.08333333333333333,3.0,5.0
emblematica:E005143,2803,181,0.4003854406185432,0.1,0.10538738743010392,0.0,0.0,0.0055248618784530384,5.5,4.0
emblematica:E005144,2803,85,0.4980203956315678,0.3333333333333333,0.0582662731276733,0.0,0.011764705882352941,0.023529411764705882,6.0,4.0
emblematica:E005145,2803,245,0.6922739533860909,1.0,0.18084018039407496,0.004081632653061225,0.00816326530612245,0.02040816326530612,12.0,3.0
emblematica:E005146,2803,109,0.4857659564901301,0.14285714285714285,0.06085925445167768,0.0,0.0,0.027522935779816515,6.0,4.0
emblematica:E005147,2803,114,0.8463507934928551,1.0,0.22385801155556376,0.008771929824561403,0.03508771929824561,0.05263157894736842,10.5,3.0
emblematica:E005148,2803,21,0.38835627490785335,0.01282051282051282,0.0104904998545559,0.0,0.0,0.0,1.0,4.5
emblematica:E005149,2803,9,0.48006117753205335,1.0,0.12071961197355588,0.1111111111111111,0.1111111111111111,0.1111111111111111,1.5,3.0
emblematica:E005150,2803,46,0.7554797864180018,1.0,0.13687113999814338,0.021739130434782608,0.06521739130434782,0.08695652173913043,1.0,4.0
emblematica:E005151,2803,82,0.6460000622137831,1.0,0.11899632599804282,0.012195121951219513,0.036585365853658534,0.036585365853658534,6.0,3.0
emblematica:E005152,2803,47,0.4556065368322667,0.3333333333333333,0.031024704986588894,0.0,0.02127659574468085,0.0425531914893617,3.0,3.5
emblematica:E005153,2803,34,0.45328765467411447,0.01282051282051282,0.012599745530540517,0.0,0.0,0.0,1.0,4.0
emblematica:E005154,2803,18,0.3333333333333333,0.005714285714285714,0.007971715052793697,0.0,0.0,0.0,1.0,5.0
emblematica:E005155,2803,205,0.5151134371263186,0.14285714285714285,0.1389706611010974,0.0,0.0,0.01951219512195122,3.0,4.0
emblematica:E005156,2803,37,0.37574719213263447,0.1,0.01944225819103038,0.0,0.0,0.02702702702702703,1.0,4.0
emblematica:E005157,2803,249,1.0,1.0,0.17071654402274897,0.004016064257028112,0.020080321285140562,0.040160642570281124,6.0,5.0
emblematica:E005158,2803,187,0.6498600945867897,1.0,0.10688481591459978,0.0053475935828877,0.0106951871657754,0.0213903743315508,1.0,5.0
emblematica:E005159,2803,11,0.4556065368322667,0.14285714285714285,0.03520756101431623,0.0,0.0,0.09090909090909091,3.0,2.0
emblematica:E005160,2803,110,0.4237902969274442,0.125,0.10868730437430937,0.0,0.0,0.01818181818181818,11.0,4.0
emblematica:E005161,2803,37,0.3333333333333333,0.034482758620689655,0.017384104060177975,0.0,0.0,0.0,2.0,5.0
emblematica:E005162,2803,8,0.3333333333333333,0.008928571428571428,0.0062043277803218635,0.0,0.0,0.0,2.0,4.5
emblematica:E005163,2803,231,0.9558305176970738,1.0,0.1817119070465565,0.004329004329004329,0.021645021645021644,0.03896103896103896,18.0,4.0
emblematica:E005164,2803,46,0.633258250915177,1.0,0.10065419518547537,0.021739130434782608,0.043478260869565216,0.06521739130434782,2.5,3.0
emblematica:E005165,2803,156,0.7374943749026186,0.5,0.1716585194314735,0.0,0.019230769230769232,0.04487179487179487,5.0,4.0
emblematica:E005166,2803,56,0.8358761963562927,1.0,0.2111159269832086,0.017857142857142856,0.05357142857142857,0.125,3.0,5.0
emblematica:E005167,2803,81,0.7490496219327153,1.0,0.11762762171734728,0.012345679012345678,0.04938271604938271,0.06172839506172839,6.0,3.0
emblematica:E005168,2803,26,0.6023081876151181,0.3333333333333333,0.20510403330683477,0.0,0.07692307692307693,0.19230769230769232,1.0,4.0
emblematica:E005169,2803,18,0.34490520365612953,0.05555555555555555,0.01771546950558956,0.0,0.0,0.0,1.0,4.0
emblematica:E005170,2803,202,0.7113619721111843,1.0,0.1586980736918152,0.0049504950495049506,0.01485148514851485,0.024752475247524754,6.0,3.0
emblematica:E005171,2803,230,0.7614578177792671,1.0,0.16163269836199357,0.004347826086956522,0.017391304347826087,0.021739130434782608,5.0,4.0
emblematica:E005172,2803,63,0.6901695445167092,1.0,0.1026508138414281,0.015873015873015872,0.047619047619047616,0.06349206349206349,2.0,5.0
emblematica:E005173,2803,50,0.5076288161633667,0.3333333333333333,0.1179322570143155,0.0,0.04,0.06,1.0,6.0
emblematica:E005174,2803,175,0.5144139464586966,0.2,0.14444049570867112,0.0,0.005714285714285714,0.017142857142857144,1.5,4.5
emblematica:E005175,2803,21,0.4177201606554305,0.08333333333333333,0.02305227825025738,0.0,0.0,0.0,1.0,2.5
emblematica:E005176,2803,227,0.46345933386044064,0.2,0.135364946295437,0.0,0.004405286343612335,0.004405286343612335,5.0,3.0
emblematica:E005177,2803,90,0.3333333333333333,0.07692307692307693,0.03841948261383954,0.0,0.0,0.0,6.5,4.5
emblematica:E005178,2803,175,0.4237902969274442,0.125,0.07760778708990568,0.0,0.0,0.011428571428571429,11.0,3.0
emblematica:E005179,2803,26,0.7102467616044825,0.08333333333333333,0.019149244862613622,0.0,0.0,0.0,3.0,4.5
emblematica:E005180,2803,25,0.42801270478508463,0.037037037037037035,0.011509799315818492,0.0,0.0,0.0,1.0,3.0
emblematica:E005181,2803,22,0.6293982185421705,0.0047169811320754715,0.0062437639949709965,0.0,0.0,0.0,2.0,4.0
emblematica:E005182,2803,71,0.6543566603620867,0.1111111111111111,0.08217003454142711,0.0,0.0,0.014084507042253521,1.0,7.0
emblematica:E005183,2803,50,0.3333333333333333,0.038461538461538464,0.01803651236851622,0.0,0.0,0.0,3.0,4.0
emblematica:E005184,2803,11,0.38559884598578353,0.16666666666666666,0.033986323552640925,0.0,0.0,0.09090909090909091,2.0,5.0
emblematica:E005185,2803,36,0.4898471547354324,0.07142857142857142,0.022453731017304246,0.0,0.0,0.0,4.0,3.5
emblematica:E005186,2803,3,0.42590829591570295,0.0014792899408284023,0.0015465072322198127,0.0,0.0,0.0,1.0,4.0
emblematica:E005187,2803,101,0.38224261473290666,0.14285714285714285,0.0812590692730763,0.0,0.0,0.009900990099009901,2.0,4.0
emblematica:E005188,2803,10,0.3958437961610993,0.007194244604316547,0.005871716551045776,0.0,0.0,0.0,1.0,6.0
emblematica:E005189,2803,95,0.6404165332171369,0.3333333333333333,0.050057712870317,0.0,0.010526315789473684,0.010526315789473684,1.0,3.0
emblematica:E005190,2803,11,0.3622777785579986,0.010869565217391304,0.007992207146856707,0.0,0.0,0.0,2.0,4.0
emblematica:E005191,2803,50,0.35647707397892575,0.07142857142857142,0.029360191561266666,0.0,0.0,0.0,7.5,4.5
emblematica:E005192,2803,25,0.7079278794463302,0.2,0.033072494033579744,0.0,0.04,0.04,1.5,5.5
emblematica:E005193,2803,29,0.7087401720027959,0.125,0.015133545050120635,0.0,0.0,0.034482758620689655,1.0,5.0
emblematica:E005194,2803,49,0.7830474250493151,0.25,0.07033303553822552,0.0,0.04081632653061224,0.08163265306122448,10.0,4.0
emblematica:E005195,2803,51,0.6987567726893715,0.2,0.11588500579306334,0.0,0.0196078431372549,0.058823529411764705,9.0,5.0
emblematica:E005196,2803,34,0.6465503377076203,0.043478260869565216,0.015693484309137834,0.0,0.0,0.0,1.0,6.0
emblematica:E005197,2803,26,0.3333333333333333,0.003134796238244514,0.007188085093031985,0.0,0.0,0.0,2.5,4.0
emblematica:E005198,2803,81,0.39717071630857975,0.16666666666666666,0.09720084202922692,0.0,0.0,0.012345679012345678,4.0,4.0
emblematica:E005199,2803,19,0.37962081462451813,0.125,0.028088479706889335,0.0,0.0,0.05263157894736842,4.0,4.0
emblematica:E005200,2803,67,0.4781738085681532,0.06666666666666667,0.10934666337579937,0.0,0.0,0.0,3.0,5.0
emblematica:E005201,2803,10,0.3333333333333333,0.002,0.0041564767665441095,0.0,0.0,0.0,2.0,4.0
emblematica:E005202,2803,101,0.4433792164823734,0.3333333333333333,0.09611218453830465,0.0,0.009900990099009901,0.009900990099009901,3.0,5.0
emblematica:E005203,2803,61,0.38559884598578353,0.02564102564102564,0.02213387995937674,0.0,0.0,0.0,3.0,4.0
emblematica:E005204,2803,74,0.37574719213263447,0.1,0.12395949876622425,0.0,0.0,0.013513513513513514,22.0,4.0
emblematica:E005205,2803,36,0.6014517177758255,0.022222222222222223,0.01126496919276943,0.0,0.0,0.0,2.0,4.0
emblematica:E005206,2803,215,0.727283054597359,0.1,0.1272797404369115,0.0,0.0,0.004651162790697674,12.0,4.0
emblematica:E005207,2803,51,0.4454348576459405,0.25,0.16343336148056678,0.0,0.0196078431372549,0.0392156862745098,11.5,4.5
emblematica:E005208,2803,69,0.6324459583587113,0.5,0.18743012348765495,0.0,0.043478260869565216,0.07246376811594203,12.0,4.5
emblematica:E005209,2803,31,0.3954188753527766,0.125,0.058533157837440494,0.0,0.0,0.03225806451612903,4.0,4.0
emblematica:E005210,2803,114,0.3455606536832266,0.06666666666666667,0.07392313420752936,0.0,0.0,0.0,6.0,4.0
emblematica:E005211,2803,116,0.4307701337071545,0.1,0.04640684464574031,0.0,0.0,0.008620689655172414,10.0,3.0
emblematica:E005212,2803,43,0.4454348576459405,0.25,0.13988058422351743,0.0,0.023255813953488372,0.046511627906976744,4.5,3.5
emblematica:E005213,2803,83,0.5323266901845036,1.0,0.1052157696519029,0.012048192771084338,0.012048192771084338,0.024096385542168676,7.0,4.0
emblematica:E005214,2803,58,0.3333333333333333,0.017857142857142856,0.020085908703562565,0.0,0.0,0.0,8.5,4.0
emblematica:E005215,2803,75,0.4368566750905567,0.125,0.095605078596753,0.0,0.0,0.02666666666666667,5.0,3.5
emblematica:E005216,2803,46,0.575683879930964,0.5,0.15104043570067557,0.0,0.043478260869565216,0.08695652173913043,3.0,5.0
emblematica:E005217,2803,58,0.6769398513856751,1.0,0.1739260888737604,0.017241379310344827,0.034482758620689655,0.06896551724137931,4.0,4.5
emblematica:E005218,2803,317,0.589155278350822,0.25,0.17362965603943958,0.0,0.0031545741324921135,0.00946372239747634,11.5,4.5
emblematica:E005219,2803,22,0.48006117753205335,1.0,0.05763743824305019,0.045454545454545456,0.045454545454545456,0.045454545454545456,2.0,4.5
emblematica:E005220,2803,142,0.7156615343112205,0.3333333333333333,0.11035869979468792,0.0,0.02112676056338028,0.028169014084507043,11.5,3.5
emblematica:E005221,2803,51,0.48960433994886654,0.25,0.17983185005872698,0.0,0.0196078431372549,0.058823529411764705,11.5,4.5
emblematica:E005222,2803,13,0.40669725543269336,0.3333333333333333,0.047391316312147325,0.0,0.07692307692307693,0.07692307692307693,2.0,4.0
emblematica:E005223,2803,88,0.41991667443556047,0.1111111111111111,0.08215082055747466,0.0,0.0,0.022727272727272728,4.0,4.0
emblematica:E005224,2803,383,0.6511658010185829,0.5,0.19992584268231486,0.0,0.005221932114882507,0.010443864229765013,39.5,4.5
emblematica:E005225,2803,37,0.5242306598349794,0.05263157894736842,0.02590069180233138,0.0,0.0,0.0,6.0,3.0
emblematica:E005226,2803,56,0.4051305432332059,0.1,0.02678584085743686,0.0,0.0,0.017857142857142856,8.0,4.0
emblematica:E005227,2803,16,0.42801270478508463,0.09090909090909091,0.055126353907083155,0.0,0.0,0.0,4.0,3.5
emblematica:E005228,2803,33,0.5759823337216624,0.2,0.06371568673790932,0.0,0.030303030303030304,0.030303030303030304,2.0,4.0
emblematica:E005229,2803,53,0.5024573350079782,0.16666666666666666,0.11013125857141982,0.0,0.0,0.05660377358490566,6.5,5.0
emblematica:E005230,2803,26,0.5140589806486532,0.25,0.060456069977374884,0.0,0.038461538461538464,0.07692307692307693,5.5,5.0
emblematica:E005231,2803,110,0.7626198012159576,1.0,0.1391973272992634,0.00909090909090909,0.00909090909090909,0.01818181818181818,3.0,6.0
emblematica:E005232,2803,90,0.6751321441855255,1.0,0.12088506611121527,0.011111111111111112,0.03333333333333333,0.044444444444444446,1.0,3.0
emblematica:E005233,2803,115,0.4886484057047156,0.2,0.11734257007619583,0.0,0.008695652173913044,0.02608695652173913,11.0,3.0
emblematica:E005234,2803,70,0.34490520365612953,0.08333333333333333,0.04949531115565133,0.0,0.0,0.0,15.0,4.0
emblematica:E005235,2803,45,0.5701296212091937,0.5,0.0887351284894189,0.0,0.044444444444444446,0.06666666666666667,4.5,4.0
emblematica:E005236,2803,61,0.7120023851081073,0.012195121951219513,0.022980639788375383,0.0,0.0,0.0,4.5,6.0
emblematica:E005237,2803,11,0.6543566603620867,0.023255813953488372,0.014969362437299884,0.0,0.0,0.0,2.0,6.0
emblematica:E005238,2803,46,0.5548252907678835,1.0,0.13271529720487463,0.021739130434782608,0.043478260869565216,0.043478260869565216,1.0,3.0
emblematica:E005239,2803,342,0.5332700211316629,0.5,0.17516531852766368,0.0,0.005847953216374269,0.008771929824561403,3.0,4.0
emblematica:E005240,2803,98,0.7719688405725689,1.0,0.16122173736531525,0.01020408163265306,0.01020408163265306,0.030612244897959183,17.0,4.0
emblematica:E005241,2803,85,0.686842073296412,0.25,0.1052763526772567,0.0,0.011764705882352941,0.03529411764705882,3.0,3.0
emblematica:E005242,2803,34,0.38559884598578353,0.043478260869565216,0.014354079471546587,0.0,0.0,0.0,4.5,4.0
emblematica:E005243,2803,16,0.6000060711654778,0.04,0.0184658416924339,0.0,0.0,0.0,2.0,4.0
emblematica:E005244,2803,63,0.6835677234512203,0.3333333333333333,0.22551010881353106,0.0,0.047619047619047616,0.09523809523809523,7.0,4.5
emblematica:E005245,2803,59,0.6615212559918616,0.16666666666666666,0.18722630858758954,0.0,0.0,0.05084745762711865,15.0,4.0
emblematica:E005246,2803,45,0.35167431385817327,0.03571428571428571,0.02546593399950717,0.0,0.0,0.0,8.0,5.0
emblematica:E005247,2803,112,0.3997893655927203,0.16666666666666666,0.09494614694713778,0.0,0.0,0.008928571428571428,4.0,5.0
emblematica:E005248,2803,28,0.4932805965349205,0.3333333333333333,0.07311692037213859,0.0,0.03571428571428571,0.03571428571428571,2.0,4.0
emblematica:E005249,2803,43,0.41991667443556047,0.1111111111111111,0.0560001698340981,0.0,0.0,0.046511627906976744,5.0,4.0
emblematica:E005250,2803,62,0.753361787429743,0.1111111111111111,0.03956133015663733,0.0,0.0,0.016129032258064516,13.0,4.0
emblematica:E005251,2803,119,0.5479670261258658,0.16666666666666666,0.08775128643099213,0.0,0.0,0.008403361344537815,6.0,3.0
emblematica:E005252,2803,22,0.37574719213263447,0.1,0.032793979434329316,0.0,0.0,0.045454545454545456,5.0,5.0
emblematica:E005253,2803,24,0.3333333333333333,0.041666666666666664,0.01915838973006807,0.0,0.0,0.0,3.0,3.0
emblematica:E005254,2803,190,0.8143462737151308,0.3333333333333333,0.11979554755554138,0.0,0.010526315789473684,0.021052631578947368,12.5,3.5
emblematica:E005255,2803,74,0.5895409017362722,1.0,0.09857662716571285,0.013513513513513514,0.013513513513513514,0.02702702702702703,3.0,4.0
emblematica:E005256,2803,38,0.5578460973268403,0.1,0.08219399826720822,0.0,0.0,0.02631578947368421,7.0,4.5
emblematica:E005257,2803,115,0.796891839798858,0.5,0.2017071181630209,0.0,0.017391304347826087,0.043478260869565216,10.0,4.5
emblematica:E005258,2803,33,0.6524692913981867,0.045454545454545456,0.020652769002443786,0.0,0.0,0.0,2.5,5.5
emblematica:E005259,2803,118,0.40875289659626046,0.25,0.07739789888460244,0.0,0.00847457627118644,0.00847457627118644,8.0,3.0
emblematica:E005260,2803,58,0.7830474250493151,0.5,0.1473260883793957,0.0,0.05172413793103448,0.05172413793103448,5.5,4.5
emblematica:E005261,2803,71,0.43560876429228984,0.09090909090909091,0.03731865999994891,0.0,0.0,0.0,5.5,4.5
emblematica:E005262,2803,99,0.4548498238571379,0.2,0.04091437803191896,0.0,0.010101010101010102,0.010101010101010102,11.0,4.0
emblematica:E005263,2803,106,0.47218218708801074,0.1,0.04422147657856551,0.0,0.0,0.009433962264150943,6.5,5.0
emblematica:E005264,2803,93,0.8043890678175752,0.25,0.17864454253884618,0.0,0.010752688172043012,0.03225806451612903,19.0,5.0
emblematica:E005265,2803,40,0.5434417003179891,0.037037037037037035,0.031089353840424095,0.0,0.0,0.0,1.5,6.0
emblematica:E005266,2803,25,0.38559884598578353,0.16666666666666666,0.049019492011879696,0.0,0.0,0.04,3.5,4.5
emblematica:E005267,2803,38,0.3333333333333333,0.08333333333333333,0.05790780901149769,0.0,0.0,0.0,4.0,4.0
emblematica:E005268,2803,73,0.34639971149644583,0.09090909090909091,0.03234415905886229,0.0,0.0,0.0,3.5,3.0
emblematica:E005269,2803,183,0.4173007201325186,0.3333333333333333,0.10361901207088495,0.0,0.00546448087431694,0.00546448087431694,8.5,5.0
emblematica:E005270,2803,314,0.43426489406400665,0.021739130434782608,0.14176028837332494,0.0,0.0,0.0,12.5,4.5
emblematica:E005271,2803,55,0.47667875286330774,0.06666666666666667,0.15218232883595684,0.0,0.0,0.0,1.0,5.0
emblematica:E005272,2803,52,0.43188632727696835,0.16666666666666666,0.10028772093441085,0.0,0.0,0.038461538461538464,4.5,4.5
emblematica:E005273,2803,112,0.7450568572775479,1.0,0.10585679957787068,0.008928571428571428,0.008928571428571428,0.03571428571428571,18.0,3.5
emblematica:E005274,2803,92,0.4852921744518388,0.2,0.13479590778448838,0.0,0.010869565217391304,0.03260869565217391,10.0,3.0
emblematica:E005275,2803,175,0.6230864037280203,0.3333333333333333,0.11522221228149651,0.0,0.011428571428571429,0.011428571428571429,5.5,3.0
emblematica:E005276,2803,71,0.5786141714756885,0.0625,0.03851865089249329,0.0,0.0,0.0,1.5,5.0
emblematica:E005340,2803,29,0.8623893785099406,1.0,0.2505743596193687,0.034482758620689655,0.1724137931034483,0.2413793103448276,7.0,3.0
emblematica:E005341,2803,172,0.9048032373092417,1.0,0.1179428983349557,0.005813953488372093,0.029069767441860465,0.046511627906976744,9.0,4.0
emblematica:E005342,2803,114,0.8182198962070145,1.0,0.11938921483323033,0.008771929824561403,0.043859649122807015,0.05263157894736842,9.5,3.0
emblematica:E005343,2803,88,0.7445530561574183,1.0,0.10602711031653356,0.011363636363636364,0.03409090909090909,0.056818181818181816,7.0,4.0
emblematica:E005344,2803,164,0.9134166588977728,1.0,0.1284860300229829,0.006097560975609756,0.03048780487804878,0.04878048780487805,9.0,4.0
emblematica:E005345,2803,223,0.9048032373092417,1.0,0.13209827332736584,0.004484304932735426,0.02242152466367713,0.03587443946188341,12.0,3.5
emblematica:E005346,2803,197,0.9008240627729515,1.0,0.145877599633681,0.005076142131979695,0.02030456852791878,0.04060913705583756,9.0,4.0
emblematica:E005347,2803,96,0.7258332134975466,1.0,0.11344182583268342,0.010416666666666666,0.03125,0.052083333333333336,2.5,4.0
emblematica:E005348,2803,108,0.8101238658574903,1.0,0.11823616333226165,0.009259259259259259,0.046296296296296294,0.05555555555555555,8.5,4.0
emblematica:E005349,2803,106,1.0,1.0,0.14878752538731763,0.009433962264150943,0.04716981132075472,0.09433962264150944,9.0,4.0
emblematica:E005350,2803,166,0.9112986599095139,1.0,0.11456187164617172,0.006024096385542169,0.030120481927710843,0.04819277108433735,9.0,4.0
emblematica:E005351,2803,115,0.8122418648457492,1.0,0.11924273714569707,0.008695652173913044,0.043478260869565216,0.05217391304347826,11.0,4.0
emblematica:E009268,2803,130,0.557443940052024,1.0,0.09435695614636161,0.007692307692307693,0.015384615384615385,0.015384615384615385,11.0,3.0
emblematica:E009269,2803,304,0.7487886742702372,1.0,0.14717018013507527,0.003289473684210526,0.013157894736842105,0.01644736842105263,14.0,4.0
emblematica:E009270,2803,436,0.6070479867117654,0.3333333333333333,0.21761209793704353,0.0,0.0045871559633027525,0.011467889908256881,11.0,4.0
emblematica:E009271,2803,305,0.6288343529294561,1.0,0.1564531258727788,0.003278688524590164,0.006557377049180328,0.009836065573770493,7.0,5.0
emblematica:E009272,2803,39,0.42590829591570295,0.010416666666666666,0.014756011426630874,0.0,0.0,0.0,4.5,4.0
emblematica:E009273,2803,306,0.49127020581310415,0.2,0.14936025988670124,0.0,0.0032679738562091504,0.00980392156862745,11.0,4.0
emblematica:E009274,2803,293,0.5123686152600141,0.3333333333333333,0.13147226787932573,0.0,0.006825938566552901,0.010238907849829351,7.5,5.0
emblematica:E009275,2803,66,0.48910053882873683,0.5,0.03163106097445408,0.0,0.015151515151515152,0.015151515151515152,8.0,4.0
emblematica:E009276,2803,40,0.6847376644270303,1.0,0.13693234798927229,0.025,0.075,0.1,7.0,5.0
emblematica:E009277,2803,130,0.42590829591570295,0.5,0.04199382371228691,0.0,0.007692307692307693,0.007692307692307693,13.5,3.0
emblematica:E009278,2803,367,0.5612126385446017,0.3333333333333333,0.15778371592467336,0.0,0.005449591280653951,0.010899182561307902,4.5,4.0
emblematica:E009279,2803,75,0.48006117753205335,0.0031645569620253164,0.029252329920455646,0.0,0.0,0.0,2.0,4.0
emblematica:E009280,2803,315,0.6592194812166503,1.0,0.16505871612600193,0.0031746031746031746,0.006349206349206349,0.012698412698412698,6.5,4.5
emblematica:E009281,2803,142,0.44069505854929314,0.25,0.06402162165042213,0.0,0.007042253521126761,0.014084507042253521,13.5,3.5
emblematica:E009282,2803,41,0.5526213166880591,1.0,0.0590830429890687,0.024390243902439025,0.04878048780487805,0.04878048780487805,2.0,4.5
emblematica:E009283,2803,53,0.3333333333333333,0.0625,0.035742249387643164,0.0,0.0,0.0,4.0,5.0
emblematica:E009284,2803,137,0.3333333333333333,0.027777777777777776,0.05248089493231055,0.0,0.0,0.0,2.0,3.0
emblematica:E009285,2803,290,0.649492553711577,0.25,0.14300092119595345,0.0,0.0034482758620689655,0.010344827586206896,25.0,4.5
emblematica:E009286,2803,209,0.6101871780591608,0.3333333333333333,0.11428263703084114,0.0,0.009569377990430622,0.009569377990430622,12.0,4.0
emblematica:E009287,2803,113,0.6005037964056786,0.047619047619047616,0.04233020486721016,0.0,0.0,0.0,3.0,3.0
emblematica:E009288,2803,71,0.38559884598578353,0.16666666666666666,0.0393952180346681,0.0,0.0,0.014084507042253521,11.0,4.0
emblematica:E009289,2803,309,0.7958409043440299,1.0,0.18825779967695502,0.003236245954692557,0.012944983818770227,0.019417475728155338,13.0,3.0
emblematica:E009290,2803,248,0.48006117753205335,0.043478260869565216,0.09295905585728848,0.0,0.0,0.0,5.0,5.0
emblematica:E009291,2803,22,0.5032049181776458,1.0,0.059298360368081164,0.045454545454545456,0.045454545454545456,0.045454545454545456,4.5,5.0
emblematica:E009292,2803,257,0.85515952476518,1.0,0.16857824678674244,0.0038910505836575876,0.01556420233463035,0.027237354085603113,2.0,5.0
emblematica:E009293,2803,145,0.7713210055292575,1.0,0.12550666141429406,0.006896551724137931,0.020689655172413793,0.041379310344827586,9.5,4.5
emblematica:E009294,2803,6,0.3333333333333333,0.012658227848101266,0.004345535739200692,0.0,0.0,0.0,1.0,6.0
emblematica:E009295,2803,71,0.3900954117610806,0.2,0.04079839107539196,0.0,0.014084507042253521,0.014084507042253521,6.0,3.0
emblematica:E009296,2803,55,0.3333333333333333,0.07142857142857142,0.03469386260543513,0.0,0.0,0.0,11.0,3.0
emblematica:E009297,2803,11,0.35167431385817327,0.022727272727272728,0.00791914777284689,0.0,0.0,0.0,2.5,3.0
emblematica:E009298,2803,188,0.42590829591570295,0.07692307692307693,0.0930916024258717,0.0,0.0,0.0,6.0,3.5
emblematica:E009299,2803,69,0.45328765467411447,0.25,0.03669040101108882,0.0,0.028985507246376812,0.028985507246376812,18.0,3.0
emblematica:E009300,2803,499,0.44355164113611323,0.2,0.23008169229537775,0.0,0.002004008016032064,0.004008016032064128,2.0,4.0
emblematica:E009301,2803,98,0.48006117753205335,1.0,0.04124547631723158,0.01020408163265306,0.01020408163265306,0.01020408163265306,1.5,4.0
emblematica:E009302,2803,37,0.5726361401144231,1.0,0.038435842751125264,0.02702702702702703,0.02702702702702703,0.02702702702702703,1.0,5.0
emblematica:E009303,2803,90,0.3333333333333333,0.08333333333333333,0.05819542736840695,0.0,0.0,0.0,2.0,6.0
emblematica:E009304,2803,223,0.5206951943264793,0.3333333333333333,0.10291526496831872,0.0,0.004484304932735426,0.008968609865470852,17.0,5.0
emblematica:E009305,2803,428,0.7685761836629529,1.0,0.184117050339552,0.002336448598130841,0.009345794392523364,0.014018691588785047,15.0,3.0
emblematica:E009306,2803,15,0.5321474291821927,0.5,0.05989121282655142,0.0,0.06666666666666667,0.13333333333333333,1.0,4.0
emblematica:E009307,2803,324,0.9558305176970738,1.0,0.2472461218490568,0.0030864197530864196,0.015432098765432098,0.027777777777777776,23.0,3.0
emblematica:E009308,2803,315,0.5455596993062479,0.5,0.1469400211147786,0.0,0.006349206349206349,0.009523809523809525,3.0,4.0
emblematica:E009309,2803,468,0.6708080030639684,0.3333333333333333,0.2320428339206069,0.0,0.004273504273504274,0.01282051282051282,13.0,5.0
emblematica:E009310,2803,18,0.5726361401144231,1.0,0.1216375318843046,0.05555555555555555,0.1111111111111111,0.1111111111111111,6.5,4.0
emblematica:E009311,2803,64,0.42590829591570295,0.5,0.03387469859222772,0.0,0.015625,0.015625,7.0,4.0
emblematica:E009312,2803,46,0.44424927644054296,0.5,0.03336866848311951,0.0,0.021739130434782608,0.021739130434782608,3.5,5.0
emblematica:E009313,2803,321,0.5564728394479543,0.3333333333333333,0.16465264498308033,0.0,0.006230529595015576,0.012461059190031152,1.0,5.0
emblematica:E009314,2803,168,0.6129319999254654,1.0,0.1298253592254903,0.005952380952380952,0.005952380952380952,0.023809523809523808,2.5,3.5
emblematica:E009315,2803,315,0.5795575024228478,0.5,0.18675039966122534,0.0,0.006349206349206349,0.012698412698412698,13.5,4.0
emblematica:E009316,2803,305,0.633258250915177,1.0,0.1543796861695035,0.003278688524590164,0.006557377049180328,0.013114754098360656,6.0,4.5
emblematica:E009317,2803,942,0.40669725543269336,0.3333333333333333,0.24652392270703405,0.0,0.0010615711252653928,0.0010615711252653928,8.0,4.0
emblematica:E009318,2803,32,0.3333333333333333,0.003289473684210526,0.014086752275157852,0.0,0.0,0.0,2.0,4.0
emblematica:E009319,2803,171,0.5223432908710792,0.5,0.09979279930150223,0.0,0.005847953216374269,0.017543859649122806,1.0,4.0
emblematica:E009320,2803,136,0.4977003702983907,0.25,0.08740850148020797,0.0,0.007352941176470588,0.014705882352941176,12.5,4.5
emblematica:E009321,2803,29,0.38559884598578353,0.16666666666666666,0.04156504945481664,0.0,0.0,0.034482758620689655,1.0,3.0
emblematica:E009322,2803,37,0.5205876673674543,0.047619047619047616,0.015761432497785173,0.0,0.0,0.0,4.0,4.0
emblematica:E009323,2803,14,0.5432534204450873,1.0,0.14772143339724783,0.07142857142857142,0.14285714285714285,0.14285714285714285,5.0,3.0
emblematica:E009324,2803,289,0.7445530561574183,1.0,0.18443213200765185,0.0034602076124567475,0.010380622837370242,0.01730103806228374,37.0,3.5
emblematica:E009325,2803,3,0.4037193428124846,0.1111111111111111,0.03937935205312992,0.0,0.0,0.3333333333333333,1.5,3.0
emblematica:E009326,2803,128,0.4698894983457272,0.3333333333333333,0.09038808004961955,0.0,0.015625,0.015625,19.5,4.5
emblematica:E009327,2803,119,0.5726361401144231,1.0,0.06623151197482875,0.008403361344537815,0.01680672268907563,0.01680672268907563,4.5,5.0
emblematica:E009328,2803,271,0.7494881649378593,1.0,0.16271105405567846,0.0036900369003690036,0.01107011070110701,0.02214022140221402,2.0,3.0
emblematica:E009329,2803,57,0.3900954117610806,0.038461538461538464,0.023315027081709176,0.0,0.0,0.0,4.5,3.5
emblematica:E009330,2803,258,0.4977003702983907,0.25,0.1364110213358407,0.0,0.003875968992248062,0.011627906976744186,18.0,5.0
emblematica:E009331,2803,96,0.39652557624636714,0.25,0.05248525542809029,0.0,0.010416666666666666,0.010416666666666666,7.0,3.0
emblematica:E009332,2803,20,0.40669725543269336,0.05555555555555555,0.017237633445460896,0.0,0.0,0.0,4.0,4.0
emblematica:E009333,2803,90,0.39652557624636714,0.25,0.05741690973967782,0.0,0.011111111111111112,0.011111111111111112,3.0,4.5
emblematica:E009334,2803,45,0.3333333333333333,0.008264462809917356,0.01488676239707317,0.0,0.0,0.0,1.0,3.0
emblematica:E009335,2803,21,0.3333333333333333,0.002352941176470588,0.0062332377342437535,0.0,0.0,0.0,6.0,3.0
emblematica:E009336,2803,106,0.5997125809225983,1.0,0.06767553893917275,0.009433962264150943,0.018867924528301886,0.02830188679245283,9.0,5.0
emblematica:E009337,2803,139,0.6044811880741524,1.0,0.06208673335756911,0.007194244604316547,0.014388489208633094,0.014388489208633094,21.5,5.0
emblematica:E009338,2803,0,0.48006117753205335,,,,,,1.0,4.0
emblematica:E009339,2803,54,0.6342959267980048,1.0,0.07185140297462293,0.018518518518518517,0.05555555555555555,0.05555555555555555,8.5,6.0
emblematica:E009340,2803,11,0.5142002187851519,0.02040816326530612,0.005336340411082679,0.0,0.0,0.0,1.0,5.0
emblematica:E009341,2803,30,0.5615944009699272,1.0,0.08315990437969757,0.03333333333333333,0.06666666666666667,0.06666666666666667,7.0,4.5
emblematica:E009342,2803,218,0.7289071467299564,1.0,0.15323836128432897,0.0045871559633027525,0.013761467889908258,0.022935779816513763,3.0,3.0
emblematica:E009343,2803,31,0.3333333333333333,0.0051813471502590676,0.007624119285016438,0.0,0.0,0.0,1.0,4.0
emblematica:E009344,2803,10,0.37574719213263447,0.1,0.0146617264754919,0.0,0.0,0.1,3.5,5.0
emblematica:E009345,2803,301,0.6389413809589836,0.5,0.15081582798040136,0.0,0.009966777408637873,0.016611295681063124,7.5,5.5
emblematica:E009346,2803,2,0.3333333333333333,0.002564102564102564,0.003223798854866816,0.0,0.0,0.0,1.0,5.0
emblematica:E009347,2803,287,0.5997125809225983,1.0,0.13756933173499497,0.003484320557491289,0.006968641114982578,0.010452961672473868,5.0,4.0
emblematica:E009348,2803,8,0.3899058751876805,0.0035842293906810036,0.003232969518624349,0.0,0.0,0.0,2.5,3.0
emblematica:E009349,2803,53,0.5978984829476877,0.5,0.07761535838896666,0.0,0.03773584905660377,0.07547169811320754,17.0,2.0
emblematica:E009350,2803,59,0.5032049181776458,1.0,0.03312754978725451,0.01694915254237288,0.01694915254237288,0.01694915254237288,10.0,5.0
emblematica:E009351,2803,1,0.42590829591570295,0.0024630541871921183,0.0024630541871921183,0.0,0.0,0.0,1.0,6.0
emblematica:E009352,2803,31,0.44424990787177865,0.25,0.02160297368906404,0.0,0.03225806451612903,0.03225806451612903,6.0,5.0
emblematica:E009353,2803,295,0.7511540308020971,1.0,0.19487661617383004,0.003389830508474576,0.010169491525423728,0.020338983050847456,6.0,3.0
emblematica:E009354,2803,13,0.3443757039090648,0.017857142857142856,0.010777711171819311,0.0,0.0,0.0,1.0,4.0
emblematica:E009355,2803,49,0.3333333333333333,0.03125,0.01692966930994149,0.0,0.0,0.0,3.0,3.5
emblematica:E009356,2803,19,0.38224261473290666,0.14285714285714285,0.019267976874307695,0.0,0.0,0.05263157894736842,4.0,4.0
emblematica:E009357,2803,353,0.7250335242380727,1.0,0.19450158750495672,0.0028328611898017,0.0056657223796034,0.0169971671388102,15.0,4.0
emblematica:E009358,2803,148,0.5103145885907946,0.5,0.06490959281688025,0.0,0.013513513513513514,0.013513513513513514,12.0,4.0
emblematica:E009359,2803,79,0.5551642364846407,0.05263157894736842,0.0343589005895644,0.0,0.0,0.0,6.0,4.0
emblematica:E009360,2803,69,0.5215458987024858,1.0,0.058205295041655926,0.014492753623188406,0.014492753623188406,0.014492753623188406,1.5,3.0
emblematica:E009361,2803,146,0.4005835952577466,0.14285714285714285,0.08535716224630249,0.0,0.0,0.00684931506849315,8.5,4.0
emblematica:E009362,2803,167,0.46259025696538303,0.5,0.08506129771450864,0.0,0.005988023952095809,0.005988023952095809,3.0,3.0
emblematica:E009363,2803,300,0.9069212362975004,1.0,0.1844338911870334,0.0033333333333333335,0.016666666666666666,0.02666666666666667,6.0,3.0
emblematica:E009364,2803,273,0.5276760141693015,0.5,0.16592146114310935,0.0,0.003663003663003663,0.01098901098901099,13.5,3.5
emblematica:E009365,2803,432,0.7719324149158296,1.0,0.22660122534665592,0.0023148148148148147,0.009259259259259259,0.013888888888888888,13.0,5.0
emblematica:E009366,2803,26,0.3439367980331586,0.05,0.01458774736009694,0.0,0.0,0.0,8.0,4.0
emblematica:E009367,2803,287,0.5752317468069429,0.2,0.14575295116259562,0.0,0.003484320557491289,0.017421602787456445,7.0,4.0
emblematica:E009368,2803,109,0.35129255143284777,0.1,0.028532596352655853,0.0,0.0,0.009174311926605505,7.5,3.5
emblematica:E009369,2803,85,0.39652557624636714,0.25,0.07039220576036244,0.0,0.011764705882352941,0.011764705882352941,14.5,4.5
emblematica:E009370,2803,61,0.37962081462451813,0.125,0.03701353512542929,0.0,0.0,0.01639344262295082,1.0,3.0
emblematica:E009371,2803,298,0.7554797864180018,1.0,0.1664243844662245,0.003355704697986577,0.013422818791946308,0.016778523489932886,6.5,5.0
emblematica:E009372,2803,13,0.42590829591570295,0.041666666666666664,0.016989360788132707,0.0,0.0,0.0,2.0,4.5
emblematica:E009373,2803,30,0.734381376971092,1.0,0.11921807013621841,0.03333333333333333,0.06666666666666667,0.13333333333333333,5.0,3.0
emblematica:E009374,2803,67,0.39652557624636714,0.022727272727272728,0.023538376024475456,0.0,0.0,0.0,16.0,3.0
emblematica:E009375,2803,18,0.5726361401144231,1.0,0.12329868793089155,0.05555555555555555,0.1111111111111111,0.1111111111111111,6.5,4.0
emblematica:E009376,2803,290,0.5978252119586981,0.5,0.150907299679707,0.0,0.006896551724137931,0.013793103448275862,6.5,4.5
emblematica:E009377,2803,71,0.6397610831900397,0.3333333333333333,0.05246307749054386,0.0,0.028169014084507043,0.028169014084507043,7.0,3.5
emblematica:E009378,2803,407,0.8502244159847389,1.0,0.18465081588719937,0.002457002457002457,0.009828009828009828,0.0171990171990172,33.0,5.0
emblematica:E009379,2803,7,0.34428518061118435,0.019230769230769232,0.0057044055572089,0.0,0.0,0.0,1.0,5.5
emblematica:E009380,2803,350,0.43900469316065394,0.2,0.1526362108236659,0.0,0.002857142857142857,0.005714285714285714,25.0,5.0
emblematica:E009381,2803,167,0.6834732387465434,0.5,0.12631326965168382,0.0,0.017964071856287425,0.03592814371257485,4.0,4.0
emblematica:E009382,2803,13,0.3333333333333333,0.05263157894736842,0.02600318164811677,0.0,0.0,0.0,2.0,4.5
emblematica:E009383,2803,55,0.3333333333333333,0.08333333333333333,0.0697935833398812,0.0,0.0,0.0,10.5,4.0
emblematica:E009384,2803,258,0.437980816534381,0.125,0.1343128298409727,0.0,0.0,0.007751937984496124,11.0,4.0
emblematica:E009385,2803,24,0.3333333333333333,0.013888888888888888,0.010895434167501874,0.0,0.0,0.0,1.0,4.0
emblematica:E009386,2803,40,0.5123686152600141,0.3333333333333333,0.05274909049825945,0.0,0.05,0.075,7.0,6.0
emblematica:E009387,2803,2,0.45086673773561936,0.1111111111111111,0.05605356352368304,0.0,0.0,0.5,2.0,4.0
emblematica:E009388,2803,96,0.34639971149644583,0.03125,0.03489796280936713,0.0,0.0,0.0,4.0,4.0
emblematica:E009389,2803,186,0.48006117753205335,1.0,0.09511660048143361,0.005376344086021506,0.005376344086021506,0.005376344086021506,18.5,5.0
emblematica:E009390,2803,308,0.6618412813250387,1.0,0.18788035163188993,0.003246753246753247,0.003246753246753247,0.016233766233766232,6.0,2.0
emblematica:E009391,2803,33,0.3333333333333333,0.041666666666666664,0.01248398268436221,0.0,0.0,0.0,3.0,3.0
emblematica:E009392,2803,181,0.6113737423276703,0.5,0.1311146020310622,0.0,0.016574585635359115,0.022099447513812154,12.0,4.0
emblematica:E009393,2803,73,0.37574719213263447,0.1,0.03359778324143194,0.0,0.0,0.0136986301369863,2.0,6.0
emblematica:E009394,2803,17,0.3333333333333333,0.09090909090909091,0.028618651764478236,0.0,0.0,0.0,6.0,5.0
emblematica:E009395,2803,2,0.4905733112099982,0.0005621135469364812,0.0006578465247870048,0.0,0.0,0.0,1.0,2.5
emblematica:E009396,2803,36,0.3333333333333333,0.058823529411764705,0.026589716157226752,0.0,0.0,0.0,9.0,3.0
emblematica:E009397,2803,16,0.3333333333333333,0.00980392156862745,0.007655752178576242,0.0,0.0,0.0,1.0,3.0
emblematica:E009398,2803,77,0.42590829591570295,0.5,0.03955539891448113,0.0,0.012987012987012988,0.012987012987012988,1.0,7.0
emblematica:E009399,2803,17,0.42203467342381923,0.125,0.032126910040601676,0.0,0.0,0.11764705882352941,1.0,4.0
emblematica:E009400,2803,20,0.3333333333333333,0.011764705882352941,0.015722207839020647,0.0,0.0,0.0,1.0,3.0
emblematica:E009401,2803,229,0.44069505854929314,0.25,0.1281641033573398,0.0,0.004366812227074236,0.008733624454148471,7.0,5.5
emblematica:E009402,2803,443,0.4016672820838768,0.08333333333333333,0.20601507097925753,0.0,0.0,0.0,33.5,5.0
emblematica:E009403,2803,23,0.5013766268844447,0.3333333333333333,0.03445168433187296,0.0,0.043478260869565216,0.043478260869565216,5.0,3.0
emblematica:E009404,2803,452,0.8842222191013388,1.0,0.22454020182422696,0.0022123893805309734,0.008849557522123894,0.017699115044247787,5.0,5.0
emblematica:E009405,2803,358,0.8143462737151308,1.0,0.19659099873481695,0.002793296089385475,0.0111731843575419,0.01675977653631285,12.0,5.0
emblematica:E009406,2803,107,0.5506676707093436,1.0,0.054809396780607644,0.009345794392523364,0.009345794392523364,0.018691588785046728,7.0,4.0
emblematica:E009407,2803,39,0.40669725543269336,0.3333333333333333,0.026112094329440946,0.0,0.02564102564102564,0.02564102564102564,3.0,5.0
emblematica:E009408,2803,67,0.3333333333333333,0.05,0.03251303544298372,0.0,0.0,0.0,11.0,4.5
emblematica:E009409,2803,39,0.3333333333333333,0.047619047619047616,0.03686368342565555,0.0,0.0,0.0,3.0,5.0
emblematica:E009410,2803,0,1.0,,,,,,1.0,2.0
emblematica:E009411,2803,402,0.9112986599095139,1.0,0.20858400869033278,0.0024875621890547263,0.012437810945273632,0.01990049751243781,32.0,5.0
emblematica:E009412,2803,462,0.5419889947646005,0.25,0.21883686146725434,0.0,0.004329004329004329,0.006493506493506494,45.0,2.0
emblematica:E009413,2803,54,0.3700152943830133,0.0625,0.02850419635197734,0.0,0.0,0.0,7.5,5.0
emblematica:E009414,2803,46,0.42590829591570295,0.5,0.026493912533159296,0.0,0.021739130434782608,0.021739130434782608,8.0,4.0
emblematica:E009415,2803,16,0.3333333333333333,0.00641025641025641,0.007211614293861276,0.0,0.0,0.0,1.0,4.0
emblematica:E009416,2803,65,0.37574719213263447,0.1,0.026049636001642982,0.0,0.0,0.015384615384615385,8.0,4.0
emblematica:E009417,2803,730,0.3333333333333333,0.037037037037037035,0.2043554966086605,0.0,0.0,0.0,2.0,3.0
emblematica:E009418,2803,112,0.7071886718966457,1.0,0.07569841768747884,0.008928571428571428,0.017857142857142856,0.026785714285714284,4.0,4.0
emblematica:E009419,2803,258,0.6891259695213479,0.5,0.16769986864292907,0.0,0.011627906976744186,0.01937984496124031,6.0,2.0
emblematica:E009420,2803,255,0.3188769656156601,0.3333333333333333,0.1250227452064179,0.0,0.00784313725490196,0.01568627450980392,5.0,2.0
emblematica:E009421,2803,41,0.38559884598578353,0.16666666666666666,0.02284808077512374,0.0,0.0,0.024390243902439025,2.0,4.0
emblematica:E009422,2803,79,0.40276455527011057,0.125,0.03792181630920679,0.0,0.0,0.012658227848101266,5.5,4.5
emblematica:E009423,2803,70,0.42590829591570295,0.5,0.03546077446254804,0.0,0.014285714285714285,0.014285714285714285,11.0,4.0
emblematica:E009424,2803,89,0.6056906122838637,1.0,0.07203878410882049,0.011235955056179775,0.02247191011235955,0.033707865168539325,14.0,3.0
emblematica:E009425,2803,163,0.5250842331427514,0.5,0.0760884115480148,0.0,0.012269938650306749,0.018404907975460124,12.0,4.0
emblematica:E009426,2803,282,0.5747405489838048,1.0,0.138952693410075,0.0035460992907801418,0.0035460992907801418,0.010638297872340425,3.0,5.0
emblematica:E009427,2803,13,0.3333333333333333,0.004048582995951417,0.005182659053937341,0.0,0.0,0.0,1.0,4.0
emblematica:E009428,2803,47,0.31481834081685933,0.025,0.022762770705575856,0.0,0.0,0.0,6.0,4.0
emblematica:E009429,2803,15,0.46345933386044064,0.3333333333333333,0.06754076736817233,0.0,0.13333333333333333,0.13333333333333333,2.0,4.5
emblematica:E009430,2803,258,0.7258332134975466,1.0,0.1340813482709729,0.003875968992248062,0.011627906976744186,0.01937984496124031,8.0,2.0
emblematica:E009431,2803,47,0.48006117753205335,1.0,0.03568082320825224,0.02127659574468085,0.02127659574468085,0.02127659574468085,3.0,3.0
emblematica:E009432,2803,183,0.45328765467411447,0.25,0.07450650336849887,0.0,0.01092896174863388,0.01092896174863388,11.0,5.0
emblematica:E009433,2803,0,0.9008636626471189,,,,,,1.0,3.5
emblematica:E009434,2803,28,0.42801270478508463,0.16666666666666666,0.029082639670762026,0.0,0.0,0.07142857142857142,4.5,3.5
emblematica:E009435,2803,174,0.42590829591570295,0.038461538461538464,0.08586602183473643,0.0,0.0,0.0,5.5,4.5
emblematica:E009436,2803,389,0.7540962185742314,0.5,0.1909071884351412,0.0,0.007712082262210797,0.017994858611825194,23.0,3.0
emblematica:E009437,2803,433,0.6396884154004634,1.0,0.22376091304105786,0.0023094688221709007,0.004618937644341801,0.009237875288683603,10.0,3.0
emblematica:E009438,2803,9,0.3333333333333333,0.08333333333333333,0.014269252199539562,0.0,0.0,0.0,3.0,5.0
emblematica:E009439,2803,18,0.3333333333333333,0.0029585798816568047,0.005750073622878686,0.0,0.0,0.0,3.5,4.5
emblematica:E009440,2803,299,0.4389394350456683,0.25,0.1323036197533806,0.0,0.0033444816053511705,0.006688963210702341,8.0,4.0
emblematica:E009441,2803,131,0.3900954117610806,0.2,0.0365307083104129,0.0,0.007633587786259542,0.007633587786259542,2.0,4.0
emblematica:E009442,2803,9,0.48006117753205335,1.0,0.1228080132598147,0.1111111111111111,0.1111111111111111,0.1111111111111111,3.5,4.0
emblematica:E009443,2803,33,0.3775028156362593,0.1111111111111111,0.013057806078357725,0.0,0.0,0.030303030303030304,1.0,3.5
emblematica:E009444,2803,43,0.31840032971834753,0.16666666666666666,0.020796956267093002,0.0,0.0,0.023255813953488372,3.0,4.0
emblematica:E009445,2803,203,0.4852269163368531,0.25,0.120167979350521,0.0,0.0049261083743842365,0.014778325123152709,9.0,5.0
emblematica:E009446,2803,15,0.48006117753205335,0.001851851851851852,0.004961794152891182,0.0,0.0,0.0,2.0,4.0
emblematica:E009447,2803,309,0.7234749267029903,1.0,0.17234277325664005,0.003236245954692557,0.009708737864077669,0.016181229773462782,1.0,6.0
emblematica:E009448,2803,38,0.3333333333333333,0.015384615384615385,0.0171305632814815,0.0,0.0,0.0,5.5,4.5
emblematica:E009449,2803,114,0.5967907989909852,1.0,0.06431999194036968,0.008771929824561403,0.017543859649122806,0.02631578947368421,7.0,3.0
emblematica:E009450,2803,50,0.3333333333333333,0.07692307692307693,0.01710355029302851,0.0,0.0,0.0,10.5,4.5
emblematica:E009451,2803,46,0.48910053882873683,0.5,0.04530404901014585,0.0,0.043478260869565216,0.043478260869565216,7.5,3.0
emblematica:E009452,2803,74,0.42590829591570295,0.5,0.031070075748325453,0.0,0.013513513513513514,0.013513513513513514,19.0,3.5
emblematica:E009453,2803,32,0.3443757039090648,0.02040816326530612,0.009968855851778166,0.0,0.0,0.0,8.0,3.0
emblematica:E009454,2803,59,0.3491313940615917,0.01098901098901099,0.02947407144015614,0.0,0.0,0.0,11.5,3.5
emblematica:E009455,2803,10,0.3333333333333333,0.009615384615384616,0.004766657595961192,0.0,0.0,0.0,1.0,4.5
emblematica:E009456,2803,36,0.3333333333333333,0.0196078431372549,0.011783671289895228,0.0,0.0,0.0,3.5,3.0
emblematica:E009457,2803,314,0.7238866258538835,1.0,0.18587484744303115,0.0031847133757961785,0.009554140127388535,0.01592356687898089,21.5,2.5
emblematica:E009458,2803,14,0.3333333333333333,0.005494505494505495,0.004533543024111847,0.0,0.0,0.0,3.0,5.0
emblematica:E009459,2803,15,0.5726361401144231,1.0,0.15677758766613611,0.06666666666666667,0.13333333333333333,0.13333333333333333,6.0,3.0
emblematica:E009460,2803,19,0.3333333333333333,0.018518518518518517,0.01761921110032076,0.0,0.0,0.0,3.0,5.0
emblematica:E009461,2803,34,0.42590829591570295,0.5,0.033999817540906384,0.0,0.029411764705882353,0.029411764705882353,9.5,3.5
emblematica:E009462,2803,64,0.3333333333333333,0.030303030303030304,0.02208120533497369,0.0,0.0,0.0,12.0,5.0
emblematica:E009463,2803,120,0.6566035269136083,1.0,0.11115886166378837,0.008333333333333333,0.025,0.025,15.0,5.0
emblematica:E009464,2803,153,0.3333333333333333,0.047619047619047616,0.0659050891987005,0.0,0.0,0.0,21.5,3.0
emblematica:E009465,2803,51,0.39652557624636714,0.25,0.03627827626792796,0.0,0.0196078431372549,0.0196078431372549,5.0,5.0
emblematica:E009466,2803,28,0.42590829591570295,0.0625,0.011983929185109456,0.0,0.0,0.0,11.0,3.0
emblematica:E009467,2803,95,0.5726361401144231,1.0,0.06770518295749849,0.010526315789473684,0.021052631578947368,0.021052631578947368,12.5,3.0
emblematica:E009468,2803,9,0.42590829591570295,0.041666666666666664,0.020953621327605015,0.0,0.0,0.0,1.0,5.0
emblematica:E009469,2803,55,0.43638289305226546,0.2,0.04609101101329124,0.0,0.01818181818181818,0.03636363636363636,7.0,3.5
emblematica:E009470,2803,15,0.3333333333333333,0.003436426116838488,0.006504159813723588,0.0,0.0,0.0,4.0,6.0
emblematica:E009471,2803,34,0.499272218015063,0.3333333333333333,0.021430179709790748,0.0,0.029411764705882353,0.029411764705882353,4.0,5.0
emblematica:E009472,2803,65,0.41991667443556047,0.1,0.044631042259836405,0.0,0.0,0.015384615384615385,16.5,5.0
emblematica:E009473,2803,32,0.3333333333333333,0.08333333333333333,0.021149218263985543,0.0,0.0,0.0,4.0,3.0
emblematica:E009474,2803,294,0.7965100773735325,0.5,0.1909275676903021,0.0,0.01020408163265306,0.027210884353741496,6.0,4.5
emblematica:E009475,2803,83,0.4005835952577466,0.14285714285714285,0.04111173598194356,0.0,0.0,0.012048192771084338,10.0,3.0
emblematica:E009476,2803,509,0.40669725543269336,0.3333333333333333,0.20124200042555682,0.0,0.0019646365422396855,0.0019646365422396855,9.0,4.0
emblematica:E009477,2803,33,0.37574719213263447,0.1,0.018788285487093437,0.0,0.0,0.030303030303030304,2.5,2.5
emblematica:E009478,2803,70,0.7162247929657478,1.0,0.11699984184464005,0.014285714285714285,0.02857142857142857,0.07142857142857142,2.5,5.0
emblematica:E009479,2803,42,0.45057656348345015,0.2,0.0799269184738652,0.0,0.023809523809523808,0.047619047619047616,6.0,4.0
emblematica:E009480,2803,217,0.7877644428022579,1.0,0.13595903632175882,0.004608294930875576,0.018433179723502304,0.02304147465437788,1.5,4.5
emblematica:E009481,2803,263,0.7124560944731702,1.0,0.14730724272851445,0.0038022813688212928,0.011406844106463879,0.015209125475285171,1.0,5.0
emblematica:E009482,2803,372,0.6599539123611385,0.5,0.18157962998671776,0.0,0.002688172043010753,0.016129032258064516,73.0,3.0
emblematica:E009483,2803,8,0.37609712297260056,0.010416666666666666,0.012116573509752265,0.0,0.0,0.0,3.0,3.0
emblematica:E009484,2803,277,0.8671291776065879,1.0,0.17092108881755988,0.0036101083032490976,0.01444043321299639,0.021660649819494584,6.0,5.0
emblematica:E009485,2803,41,0.3333333333333333,0.05263157894736842,0.02673706630129609,0.0,0.0,0.0,6.0,3.5
emblematica:E009486,2803,95,0.3333333333333333,0.03225806451612903,0.047737633825255,0.0,0.0,0.0,1.0,4.0
emblematica:E009487,2803,90,0.7788708846071951,1.0,0.12195858083207924,0.011111111111111112,0.03333333333333333,0.06666666666666667,12.0,4.0
emblematica:E009488,2803,212,0.6576327416033657,1.0,0.1259618531599326,0.0047169811320754715,0.014150943396226415,0.018867924528301886,9.0,5.0
emblematica:E009489,2803,12,0.6756856998333552,1.0,0.22645516336540403,0.08333333333333333,0.16666666666666666,0.16666666666666666,3.0,3.5
emblematica:E009490,2803,112,0.3333333333333333,0.05,0.05051128944309755,0.0,0.0,0.0,8.0,4.0
emblematica:E009491,2803,298,0.6491130601453097,0.5,0.14941156968722286,0.0,0.010067114093959731,0.016778523489932886,45.5,4.0
emblematica:E009492,2803,225,0.7670088400322298,1.0,0.13126903529214157,0.0044444444444444444,0.013333333333333334,0.02666666666666667,6.0,3.5
emblematica:E009493,2803,54,0.3900954117610806,0.2,0.025675565572752187,0.0,0.018518518518518517,0.018518518518518517,12.0,4.0
emblematica:E009494,2803,182,0.7490496219327153,1.0,0.12806965827002012,0.005494505494505495,0.02197802197802198,0.027472527472527472,3.0,4.0
emblematica:E009495,2803,245,0.5425716403598194,1.0,0.11390058967186878,0.004081632653061225,0.004081632653061225,0.00816326530612245,12.0,4.0
emblematica:E009496,2803,191,0.4589627680851436,0.16666666666666666,0.09517687522013257,0.0,0.0,0.005235602094240838,6.0,5.0
emblematica:E009497,2803,61,0.3333333333333333,0.02040816326530612,0.02079258583263383,0.0,0.0,0.0,9.0,4.0
emblematica:E009498,2803,282,0.657661223618855,0.5,0.1704350126218337,0.0,0.010638297872340425,0.01773049645390071,7.5,4.0
emblematica:E009499,2803,536,0.7554797864180018,1.0,0.2341178794742053,0.0018656716417910447,0.007462686567164179,0.009328358208955223,23.0,3.0
emblematica:E009500,2803,229,0.5006150769484119,0.3333333333333333,0.1128605126991532,0.0,0.004366812227074236,0.008733624454148471,13.0,5.0
emblematica:E009501,2803,63,0.4454348576459405,0.25,0.04433637936680082,0.0,0.015873015873015872,0.031746031746031744,14.5,3.0
emblematica:E009502,2803,34,0.3333333333333333,0.02631578947368421,0.013090971632651674,0.0,0.0,0.0,3.0,3.0
emblematica:E009503,2803,292,0.7628151922071689,0.5,0.17572120640969055,0.0,0.0136986301369863,0.023972602739726026,4.0,4.0
emblematica:E009504,2803,305,0.6719958531284241,0.3333333333333333,0.20768242101600518,0.0,0.009836065573770493,0.019672131147540985,2.0,3.0
emblematica:E009505,2803,63,0.42590829591570295,0.5,0.02637260764028248,0.0,0.015873015873015872,0.015873015873015872,4.0,3.0
emblematica:E009506,2803,29,0.3333333333333333,0.002331002331002331,0.008723827164388905,0.0,0.0,0.0,2.5,4.5
emblematica:E009507,2803,1018,0.6619911584355205,1.0,0.26118689958003966,0.0009823182711198428,0.0029469548133595285,0.003929273084479371,32.0,4.0
emblematica:E009508,2803,163,0.3333333333333333,0.0625,0.07828018892618535,0.0,0.0,0.0,2.5,4.0
emblematica:E009509,2803,336,0.5055531673265646,0.25,0.18077444751504343,0.0,0.005952380952380952,0.008928571428571428,61.0,4.0
emblematica:E009510,2803,47,0.3333333333333333,0.06666666666666667,0.02475822471936968,0.0,0.0,0.0,11.5,3.5
emblematica:E009511,2803,397,0.6893155046518257,1.0,0.21571718443373053,0.0025188916876574307,0.005037783375314861,0.010075566750629723,19.0,4.0
emblematica:E009512,2803,46,0.3475238529402701,0.047619047619047616,0.031771132936508094,0.0,0.0,0.0,10.0,4.0
emblematica:E009513,2803,302,0.7476660540889448,0.5,0.1852997126137427,0.0,0.009933774834437087,0.023178807947019868,13.0,4.0
emblematica:E009514,2803,335,0.8302010829452636,1.0,0.18402922330906965,0.0029850746268656717,0.011940298507462687,0.01791044776119403,26.0,4.5
emblematica:E009515,2803,31,0.43638289305226546,0.2,0.040712900372251684,0.0,0.03225806451612903,0.06451612903225806,3.0,4.5
emblematica:E009516,2803,259,0.3775028156362593,0.1111111111111111,0.14671610568469448,0.0,0.0,0.003861003861003861,2.0,2.5
emblematica:E009517,2803,255,0.4589627680851436,0.3333333333333333,0.142249839348612,0.0,0.00392156862745098,0.00784313725490196,1.0,4.0
emblematica:E009518,2803,76,0.5179280883558952,1.0,0.05552938911137153,0.013157894736842105,0.013157894736842105,0.013157894736842105,8.0,4.0
emblematica:E009519,2803,56,0.48006117753205335,1.0,0.04014189477869062,0.017857142857142856,0.017857142857142856,0.017857142857142856,5.5,4.0
emblematica:E009520,2803,108,0.5224750363313545,1.0,0.03738236136858694,0.009259259259259259,0.009259259259259259,0.018518518518518517,1.0,3.0
emblematica:E009521,2803,419,0.8638233285538732,1.0,0.21915902590188102,0.002386634844868735,0.00954653937947494,0.016706443914081145,49.5,3.5
emblematica:E009522,2803,314,0.8621488542211138,1.0,0.2097801689041343,0.0031847133757961785,0.012738853503184714,0.022292993630573247,6.0,2.5
emblematica:E009523,2803,115,0.499272218015063,0.5,0.04768681495539171,0.0,0.017391304347826087,0.017391304347826087,7.0,4.5
emblematica:E009524,2803,290,0.48910053882873683,0.5,0.14323627028207905,0.0,0.006896551724137931,0.006896551724137931,2.0,5.0
emblematica:E009525,2803,63,0.6514119346302271,0.024390243902439025,0.03176193371808189,0.0,0.0,0.0,14.0,3.0
emblematica:E009526,2803,197,0.3333333333333333,0.038461538461538464,0.11032965335422944,0.0,0.0,0.0,2.0,4.5
emblematica:E009527,2803,141,0.48910053882873683,0.5,0.06909153284457374,0.0,0.014184397163120567,0.014184397163120567,16.5,6.0
emblematica:E009528,2803,266,0.7577724751602853,1.0,0.17884325914214055,0.0037593984962406013,0.007518796992481203,0.022556390977443608,9.0,3.0
emblematica:E009529,2803,52,0.3333333333333333,0.022222222222222223,0.026628425260391067,0.0,0.0,0.0,1.0,5.0
emblematica:E009530,2803,67,0.38224261473290666,0.14285714285714285,0.03503454890938074,0.0,0.0,0.014925373134328358,2.0,3.0
emblematica:E009531,2803,106,0.42150517367675455,0.1,0.0639837334622422,0.0,0.0,0.009433962264150943,25.5,4.0
emblematica:E009532,2803,292,0.5842837114006179,0.25,0.13917685686103878,0.0,0.003424657534246575,0.017123287671232876,34.0,4.0
emblematica:E009533,2803,67,0.662324225159387,1.0,0.10432228144833434,0.014925373134328358,0.029850746268656716,0.04477611940298507,17.5,4.5
emblematica:E009534,2803,375,0.7177279203147899,0.5,0.19214073070019302,0.0,0.005333333333333333,0.016,26.0,3.0
emblematica:E009535,2803,230,0.7983974463374327,1.0,0.1603134905026628,0.004347826086956522,0.013043478260869565,0.030434782608695653,8.0,4.5
emblematica:E009536,2803,428,0.7114093287424196,0.5,0.21732391138721213,0.0,0.007009345794392523,0.011682242990654205,9.0,4.0
emblematica:E009537,2803,225,0.5534250996314135,1.0,0.1088663932533135,0.0044444444444444444,0.008888888888888889,0.008888888888888889,10.5,3.0
emblematica:E009538,2803,119,0.39652557624636714,0.25,0.06546060062062199,0.0,0.008403361344537815,0.008403361344537815,6.0,3.0
emblematica:E009539,2803,307,0.7015103182580352,1.0,0.1686037946467092,0.003257328990228013,0.009771986970684038,0.016286644951140065,34.0,2.0
emblematica:E009540,2803,406,0.720299570946772,1.0,0.21310199291240708,0.0024630541871921183,0.007389162561576354,0.012315270935960592,8.0,4.0
emblematica:E009541,2803,10,0.48006117753205335,1.0,0.1178434192373911,0.1,0.1,0.1,3.0,4.0
emblematica:E009542,2803,426,0.8632555551147042,1.0,0.2146610991391068,0.002347417840375587,0.009389671361502348,0.018779342723004695,5.5,4.0
emblematica:E009543,2803,252,0.6039646543272864,0.25,0.1702065854533612,0.0,0.007936507936507936,0.01984126984126984,12.0,5.0
emblematica:E009544,2803,383,0.6615212559918616,0.3333333333333333,0.1396403189980407,0.0,0.005221932114882507,0.015665796344647518,31.0,4.0
emblematica:E009545,2803,61,0.38559884598578353,0.16666666666666666,0.04276483299770868,0.0,0.0,0.01639344262295082,13.0,5.0
emblematica:E009546,2803,143,0.3691762365697941,0.14285714285714285,0.0798432744841773,0.0,0.0,0.006993006993006993,16.0,3.0
emblematica:E009547,2803,68,0.3333333333333333,0.043478260869565216,0.04019554636272572,0.0,0.0,0.0,10.5,4.0
emblematica:E009548,2803,105,0.6514119346302271,0.5,0.05626917346214084,0.0,0.009523809523809525,0.01904761904761905,16.0,4.0
emblematica:E009549,2803,306,0.6525145057572784,1.0,0.19086608848322398,0.0032679738562091504,0.00980392156862745,0.00980392156862745,21.0,2.0
emblematica:E009550,2803,44,0.6215454215139965,0.14285714285714285,0.023795183429192613,0.0,0.0,0.022727272727272728,1.0,2.5
emblematica:E009551,2803,22,0.8546557236450504,0.018518518518518517,0.011845862143543218,0.0,0.0,0.0,2.0,3.0
emblematica:E009552,2803,208,0.5902753328807604,0.5,0.13873014634465866,0.0,0.009615384615384616,0.019230769230769232,6.0,4.0
emblematica:E009553,2803,316,0.6150065614726127,0.25,0.17198088837829123,0.0,0.006329113924050633,0.012658227848101266,26.0,3.5
emblematica:E009554,2803,48,0.4748175773152763,0.5,0.0592736501868183,0.0,0.020833333333333332,0.041666666666666664,8.0,4.0
emblematica:E009555,2803,51,0.491906190487207,0.2,0.08054358767361502,0.0,0.0196078431372549,0.0392156862745098,3.0,5.0
emblematica:E009556,2803,254,0.4006988764609059,0.2,0.12401610465035659,0.0,0.003937007874015748,0.003937007874015748,14.0,5.5
emblematica:E009557,2803,26,0.3455606536832266,0.08333333333333333,0.013136780505783248,0.0,0.0,0.0,2.0,4.0
emblematica:E009558,2803,80,0.524461289859338,0.16666666666666666,0.048938172372862514,0.0,0.0,0.025,5.5,3.5
emblematica:E009559,2803,112,0.3333333333333333,0.08333333333333333,0.042428068192478526,0.0,0.0,0.0,2.0,4.0
emblematica:E009560,2803,67,0.4791665671765232,0.5,0.06487908644211549,0.0,0.014925373134328358,0.014925373134328358,17.0,4.0
emblematica:E009561,2803,14,0.38224261473290666,0.14285714285714285,0.02028975923800908,0.0,0.0,0.07142857142857142,5.0,4.0
emblematica:E009562,2803,12,0.7388779427463891,1.0,0.2058417692242098,0.08333333333333333,0.16666666666666666,0.25,3.0,3.5
emblematica:E009563,2803,32,0.6509969838495018,1.0,0.15877846308766197,0.03125,0.0625,0.09375,3.0,3.0
emblematica:E009564,2803,45,0.3781229092544825,0.05263157894736842,0.037435115635178866,0.0,0.0,0.0,4.5,4.5
emblematica:E009565,2803,94,0.4601732874488339,0.125,0.09357689130023658,0.0,0.0,0.010638297872340425,7.0,4.0
emblematica:E009566,2803,310,0.5857325373593741,1.0,0.16440433772143898,0.0032258064516129032,0.0064516129032258064,0.00967741935483871,6.0,5.0
emblematica:E009567,2803,162,0.42641209703583266,0.14285714285714285,0.0817144222352771,0.0,0.0,0.012345679012345678,1.0,4.0
emblematica:E009568,2803,851,0.48921617914388466,0.5,0.21038315080967873,0.0,0.0011750881316098707,0.0023501762632197414,3.0,4.5
emblematica:E009569,2803,193,0.6065738759040702,0.5,0.11520507690366834,0.0,0.0051813471502590676,0.02072538860103627,11.0,6.0
emblematica:E009570,2803,79,0.48006117753205335,0.058823529411764705,0.04028337138220956,0.0,0.0,0.0,3.0,4.5
emblematica:E009571,2803,95,0.3980406754611651,0.14285714285714285,0.06799308473436405,0.0,0.0,0.010526315789473684,3.0,6.0
emblematica:E009572,2803,17,0.48006117753205335,0.010526315789473684,0.014392735674865688,0.0,0.0,0.0,1.0,3.0
emblematica:E009573,2803,53,0.43647132664240035,0.16666666666666666,0.030983980794246677,0.0,0.0,0.018867924528301886,6.5,3.0
emblematica:E009574,2803,155,0.3333333333333333,0.022727272727272728,0.04327519892727039,0.0,0.0,0.0,2.0,4.0
emblematica:E009575,2803,0,1.0,,,,,,1.0,4.0
emblematica:E009576,2803,74,0.558779118309115,0.5,0.06178730762886101,0.0,0.013513513513513514,0.05405405405405406,4.0,4.0
emblematica:E009577,2803,253,0.8122418648457492,1.0,0.15814095638058095,0.003952569169960474,0.019762845849802372,0.023715415019762844,1.0,3.5
emblematica:E009578,2803,75,0.3333333333333333,0.03333333333333333,0.03520448473252629,0.0,0.0,0.0,5.0,3.0
emblematica:E009579,2803,190,0.7336207524107349,0.5,0.14430363296926338,0.0,0.015789473684210527,0.03684210526315789,7.0,4.0
emblematica:E009580,2803,267,0.6909039756611975,0.5,0.15642766417962423,0.0,0.00749063670411985,0.02247191011235955,1.0,3.0
emblematica:E009581,2803,216,0.48006117753205335,1.0,0.08379080128959601,0.004629629629629629,0.004629629629629629,0.004629629629629629,2.0,4.0
emblematica:E009582,2803,22,0.4589627680851436,0.16666666666666666,0.04133332654601834,0.0,0.0,0.045454545454545456,1.0,4.5
emblematica:E009583,2803,201,0.44036445444481676,0.0625,0.07802125908350555,0.0,0.0,0.0,11.0,4.0
emblematica:E009584,2803,78,0.6227836537786146,1.0,0.05827291997005716,0.01282051282051282,0.01282051282051282,0.05128205128205128,19.0,4.0
emblematica:E009585,2803,177,0.6880938956799072,1.0,0.10723758325750454,0.005649717514124294,0.01694915254237288,0.022598870056497175,5.0,4.0
emblematica:E009586,2803,209,0.38993771173957126,0.020833333333333332,0.05889733735924977,0.0,0.0,0.0,9.0,3.0
emblematica:E009587,2803,168,0.5385759791731315,1.0,0.1075650569725485,0.005952380952380952,0.005952380952380952,0.011904761904761904,4.0,4.0
emblematica:E009588,2803,271,0.7529096543057219,1.0,0.164510968451999,0.0036900369003690036,0.01107011070110701,0.02214022140221402,5.0,3.5
emblematica:E009589,2803,189,0.5615944009699272,1.0,0.07794974558670176,0.005291005291005291,0.010582010582010581,0.010582010582010581,2.5,4.5
emblematica:E009590,2803,245,0.5739935145423248,0.5,0.16509174201460333,0.0,0.00816326530612245,0.0163265306122449,9.5,5.0
emblematica:E009591,2803,288,0.5353744300010445,0.16666666666666666,0.15899472379778523,0.0,0.0,0.006944444444444444,4.5,4.5
emblematica:E009592,2803,318,0.7272671635414792,1.0,0.15455032406756003,0.0031446540880503146,0.006289308176100629,0.015723270440251572,14.0,5.5
emblematica:E009593,2803,316,0.8018189357052953,1.0,0.17535426104962173,0.0031645569620253164,0.00949367088607595,0.022151898734177215,28.0,4.0
emblematica:E009594,2803,87,0.5926538996677987,0.25,0.14661347773165417,0.0,0.022988505747126436,0.05747126436781609,14.0,4.0
emblematica:E009595,2803,104,0.6215454215139965,1.0,0.06722350911019004,0.009615384615384616,0.019230769230769232,0.028846153846153848,9.0,5.0
emblematica:E009596,2803,32,0.3333333333333333,0.010638297872340425,0.01074265508567164,0.0,0.0,0.0,3.0,4.0
emblematica:E009597,2803,332,0.4313568275299037,0.16666666666666666,0.1414297728939775,0.0,0.0,0.0030120481927710845,1.0,5.0
emblematica:E009598,2803,16,0.38224261473290666,0.14285714285714285,0.023208951312332297,0.0,0.0,0.0625,2.5,3.5
emblematica:E009599,2803,183,0.49066464223187867,1.0,0.09147850362089704,0.00546448087431694,0.00546448087431694,0.00546448087431694,2.0,6.0
emblematica:E009600,2803,38,0.48006117753205335,1.0,0.052083852144397196,0.02631578947368421,0.02631578947368421,0.02631578947368421,5.0,3.0
emblematica:E009601,2803,30,0.5312703068145469,0.3333333333333333,0.12455541127071149,0.0,0.03333333333333333,0.1,3.0,5.0
emblematica:E009602,2803,23,0.3333333333333333,0.010638297872340425,0.012181642319695467,0.0,0.0,0.0,5.0,4.0
emblematica:E009603,2803,312,0.582442579362539,1.0,0.13356488365770114,0.003205128205128205,0.003205128205128205,0.00641025641025641,4.0,4.5
emblematica:E009604,2803,15,0.48006117753205335,0.09090909090909091,0.0110431343907309,0.0,0.0,0.0,1.0,4.0
emblematica:E009605,2803,180,0.5268398566463763,0.5,0.09375577740886251,0.0,0.011111111111111112,0.016666666666666666,7.0,3.0
emblematica:E009606,2803,0,1.0,,,,,,1.0,2.0
emblematica:E009607,2803,64,0.48006117753205335,1.0,0.04269288900513975,0.015625,0.015625,0.015625,17.0,4.0
emblematica:E009608,2803,31,0.3733201491337301,0.037037037037037035,0.0399333014906501,0.0,0.0,0.0,4.0,5.0
emblematica:E009609,2803,82,0.5432534204450873,1.0,0.0693753379411844,0.012195121951219513,0.024390243902439025,0.024390243902439025,6.0,5.0
emblematica:E009610,2803,11,0.42590829591570295,0.5,0.0653219494592808,0.0,0.09090909090909091,0.09090909090909091,3.5,5.0
emblematica:E009611,2803,743,0.5323266901845036,1.0,0.22292030356830103,0.0013458950201884253,0.0013458950201884253,0.0026917900403768506,11.5,3.0
emblematica:E009612,2803,253,0.6526010368584619,1.0,0.13618649100949254,0.003952569169960474,0.011857707509881422,0.015810276679841896,1.0,2.5
emblematica:E009613,2803,10,0.35167431385817327,0.002857142857142857,0.0052835583627767555,0.0,0.0,0.0,1.5,5.0
emblematica:E009614,2803,54,0.44236092441353086,0.08333333333333333,0.01981978960076396,0.0,0.0,0.0,3.0,5.0
emblematica:E009615,2803,70,0.5408160168561945,1.0,0.09234632855100607,0.014285714285714285,0.014285714285714285,0.02857142857142857,7.0,6.0
emblematica:E009616,2803,282,0.6951335426594746,0.5,0.16378627135924756,0.0,0.010638297872340425,0.01773049645390071,4.5,3.5
emblematica:E009617,2803,85,0.41773962600842485,0.3333333333333333,0.0557924400100267,0.0,0.011764705882352941,0.011764705882352941,9.0,5.0
emblematica:E009618,2803,331,0.7603942752686738,1.0,0.20713513945759668,0.0030211480362537764,0.006042296072507553,0.01812688821752266,16.0,4.0
emblematica:E009619,2803,111,0.753361787429743,0.3333333333333333,0.046551578007878236,0.0,0.009009009009009009,0.018018018018018018,4.0,3.0
emblematica:E009620,2803,227,0.7907781796239114,1.0,0.1413229776789215,0.004405286343612335,0.013215859030837005,0.02643171806167401,23.0,5.0
emblematica:E009621,2803,72,0.45191337130225717,0.14285714285714285,0.06399666181882734,0.0,0.0,0.027777777777777776,14.0,6.0
emblematica:E009622,2803,475,0.9134166588977728,1.0,0.237423637968801,0.002105263157894737,0.010526315789473684,0.016842105263157894,29.0,3.0
emblematica:E009623,2803,58,0.39652557624636714,0.25,0.025052896139734656,0.0,0.017241379310344827,0.017241379310344827,9.0,3.5
emblematica:E009624,2803,14,0.5857025182775357,1.0,0.08888867206361466,0.07142857142857142,0.07142857142857142,0.07142857142857142,4.5,3.5
emblematica:E009625,2803,187,0.3333333333333333,0.05,0.07706137866083106,0.0,0.0,0.0,2.0,5.0
emblematica:E009626,2803,29,0.3333333333333333,0.09090909090909091,0.015448235670310333,0.0,0.0,0.0,4.0,3.5
emblematica:E009627,2803,85,0.3333333333333333,0.019230769230769232,0.024359461391851203,0.0,0.0,0.0,5.0,3.5
emblematica:E009628,2803,189,0.5933489261758829,1.0,0.1231584747501342,0.005291005291005291,0.005291005291005291,0.015873015873015872,4.0,5.5
emblematica:E009629,2803,51,0.3333333333333333,0.05555555555555555,0.03381922237346611,0.0,0.0,0.0,1.0,4.0
emblematica:E009630,2803,66,0.6150499989137242,1.0,0.048265307176113985,0.015151515151515152,0.015151515151515152,0.030303030303030304,7.0,3.0
emblematica:E009631,2803,70,0.5737323204667135,0.2,0.08138138608189965,0.0,0.014285714285714285,0.04285714285714286,14.5,4.0
emblematica:E009632,2803,40,0.3858133551112718,0.06666666666666667,0.023982751695394065,0.0,0.0,0.0,4.5,3.0
emblematica:E009633,2803,51,0.648924780272408,1.0,0.039218375578807765,0.0196078431372549,0.0196078431372549,0.0196078431372549,4.5,3.0
emblematica:E009634,2803,197,0.3775028156362593,0.1111111111111111,0.10426493986997931,0.0,0.0,0.005076142131979695,8.5,5.0
emblematica:E009635,2803,3,0.40430220188639443,0.0017857142857142857,0.0025044666688455296,0.0,0.0,0.0,1.0,4.0
emblematica:E009636,2803,41,0.5895409017362722,0.25,0.03246414447709978,0.0,0.024390243902439025,0.04878048780487805,5.0,4.5
emblematica:E009637,2803,290,0.9240201235975981,1.0,0.2159646321483732,0.0034482758620689655,0.017241379310344827,0.027586206896551724,3.0,5.0
emblematica:E009638,2803,228,0.6168056224173492,1.0,0.09616610002109366,0.0043859649122807015,0.0043859649122807015,0.008771929824561403,17.0,4.0
emblematica:E009639,2803,257,0.6028255788541249,0.3333333333333333,0.12767754437581064,0.0,0.007782101167315175,0.019455252918287938,26.0,3.0
emblematica:E009640,2803,7,0.39652557624636714,0.25,0.038564454778050816,0.0,0.14285714285714285,0.14285714285714285,1.0,5.0
emblematica:E009641,2803,192,0.557773429537264,0.16666666666666666,0.12629951717511737,0.0,0.0,0.020833333333333332,5.5,3.0
emblematica:E009642,2803,25,0.5857325373593741,0.2,0.05201759431028767,0.0,0.04,0.08,1.0,5.0
emblematica:E009643,2803,184,0.5955189330975375,1.0,0.10897092967795731,0.005434782608695652,0.010869565217391304,0.016304347826086956,2.0,5.0
emblematica:E009644,2803,186,0.4441136476268617,0.16666666666666666,0.08573092875461676,0.0,0.0,0.010752688172043012,3.0,5.5
emblematica:E009645,2803,16,0.5534250996314135,1.0,0.12898045316409898,0.0625,0.125,0.125,2.0,3.0
emblematica:E009646,2803,247,0.5064695650161399,0.5,0.0876737477258612,0.0,0.008097165991902834,0.008097165991902834,2.0,4.0
emblematica:E009647,2803,262,0.6630852807975063,1.0,0.14126389009805435,0.003816793893129771,0.011450381679389313,0.011450381679389313,21.0,3.0
emblematica:E009648,2803,15,0.3333333333333333,0.0038910505836575876,0.004828792792994396,0.0,0.0,0.0,3.0,4.0
emblematica:E009649,2803,25,0.3333333333333333,0.041666666666666664,0.027132130676811063,0.0,0.0,0.0,4.0,3.0
emblematica:E009650,2803,164,0.618923621405608,1.0,0.08547001721120175,0.006097560975609756,0.012195121951219513,0.018292682926829267,5.0,4.5
emblematica:E009651,2803,0,1.0,,,,,,1.0,2.0
emblematica:E009652,2803,24,0.3333333333333333,0.016129032258064516,0.019455325524899775,0.0,0.0,0.0,3.0,5.0
emblematica:E009653,2803,31,0.3333333333333333,0.03333333333333333,0.010572450413004067,0.0,0.0,0.0,4.0,3.0
emblematica:E009654,2803,197,0.5289704589316268,0.14285714285714285,0.08320348332073424,0.0,0.0,0.005076142131979695,6.5,4.0
emblematica:E009655,2803,65,0.3333333333333333,0.022222222222222223,0.025563942724147613,0.0,0.0,0.0,14.0,5.0
emblematica:E009656,2803,295,0.7550276532939807,1.0,0.14788024595228594,0.003389830508474576,0.013559322033898305,0.01694915254237288,27.0,6.0
emblematica:E009657,2803,112,0.3333333333333333,0.01639344262295082,0.030103170842596012,0.0,0.0,0.0,16.0,3.0
emblematica:E009658,2803,24,0.42590829591570295,0.5,0.027442394691884985,0.0,0.041666666666666664,0.041666666666666664,3.0,5.0
emblematica:E009659,2803,208,0.4709439548233926,0.14285714285714285,0.0985828625486258,0.0,0.0,0.014423076923076924,4.0,4.0
emblematica:E009660,2803,101,0.7603942752686738,1.0,0.12533612715775166,0.009900990099009901,0.019801980198019802,0.04950495049504951,23.0,3.5
emblematica:E009661,2803,202,0.39100439095850137,0.25,0.0921279753668849,0.0,0.0049504950495049506,0.0049504950495049506,10.5,3.5
emblematica:E009662,2803,22,0.4111039028000298,0.010309278350515464,0.010948260094738165,0.0,0.0,0.0,1.5,5.0
emblematica:E009663,2803,201,0.5899074520682606,0.5,0.1153480447163335,0.0,0.009950248756218905,0.014925373134328358,11.5,5.0
emblematica:E010543,2803,799,1.0,1.0,0.7626535477242038,0.0012515644555694619,0.006257822277847309,0.012515644555694618,14.0,3.0
emblematica:E010544,2803,791,0.9608008655106622,1.0,0.7644158885352526,0.0012642225031605564,0.006321112515802781,0.011378002528445006,11.0,4.0
emblematica:E010545,2803,773,0.9633180389503199,1.0,0.7719543420450611,0.00129366106080207,0.00646830530401035,0.01164294954721863,12.0,3.0
emblematica:E010546,2803,739,0.9510907186004266,1.0,0.7845119870633065,0.0013531799729364006,0.006765899864682003,0.012178619756427604,12.0,3.0
emblematica:E010547,2803,866,1.0,1.0,0.7680031298664587,0.0011547344110854503,0.005773672055427252,0.011547344110854504,24.0,4.5
emblematica:E010548,2803,740,1.0,1.0,0.8007844327780814,0.0013513513513513514,0.006756756756756757,0.013513513513513514,5.0,4.0
emblematica:E010549,2803,747,0.8988252059479763,1.0,0.7609865541202785,0.0013386880856760374,0.006693440428380187,0.0107095046854083,10.0,3.0
emblematica:E010550,2803,1026,0.9477344873475497,1.0,0.7191365353917666,0.0009746588693957114,0.004873294346978557,0.008771929824561403,17.5,4.5
emblematica:E010551,2803,736,0.9266360779006398,1.0,0.8016098399880783,0.001358695652173913,0.005434782608695652,0.012228260869565218,4.0,3.0
emblematica:E010552,2803,827,0.9266360779006398,1.0,0.7394810011918156,0.0012091898428053204,0.0048367593712212815,0.010882708585247884,14.0,3.0
emblematica:E010553,2803,740,0.8988252059479763,1.0,0.7936137268967638,0.0013513513513513514,0.006756756756756757,0.010810810810810811,3.5,4.0
emblematica:E010554,2803,761,0.8988252059479763,1.0,0.782575281674471,0.001314060446780552,0.006570302233902759,0.010512483574244415,5.0,4.0
emblematica:E010555,2803,590,0.3900954117610806,0.2,0.22623472586080962,0.0,0.001694915254237288,0.001694915254237288,15.0,4.0
emblematica:E010556,2803,725,0.8532721558012798,0.5,0.7975806668816867,0.0,0.005517241379310344,0.012413793103448275,2.0,4.0
emblematica:E010557,2803,830,0.9558305176970738,1.0,0.7731590029873939,0.0012048192771084338,0.006024096385542169,0.010843373493975903,15.0,5.0
emblematica:E010558,2803,950,1.0,1.0,0.7485414127387346,0.0010526315789473684,0.005263157894736842,0.010526315789473684,17.0,3.5
emblematica:E010559,2803,762,1.0,1.0,0.799478250481696,0.0013123359580052493,0.006561679790026247,0.013123359580052493,8.0,3.0
emblematica:E010560,2803,99,0.48006117753205335,1.0,0.0799121200246732,0.010101010101010102,0.010101010101010102,0.010101010101010102,7.5,3.0
emblematica:E010561,2803,55,0.3333333333333333,0.05555555555555555,0.03410836908786286,0.0,0.0,0.0,1.0,4.0
emblematica:E010562,2803,499,0.6152337747006769,0.3333333333333333,0.23700847421660765,0.0,0.004008016032064128,0.008016032064128256,47.0,4.0
emblematica:E010563,2803,814,0.9432379215722525,1.0,0.7872591006321132,0.0012285012285012285,0.004914004914004914,0.011056511056511056,31.0,3.0
emblematica:E010564,2803,1033,0.8800456786592188,1.0,0.7292199217903397,0.000968054211035818,0.002904162633107454,0.007744433688286544,32.0,3.0
emblematica:E010565,2803,1043,0.9510907186004266,1.0,0.7335958006489046,0.0009587727708533077,0.004793863854266539,0.00862895493767977,3.0,4.0
emblematica:E010566,2803,855,0.9510907186004266,1.0,0.7808024255519898,0.0011695906432748538,0.005847953216374269,0.010526315789473684,31.0,4.0
emblematica:E010567,2803,723,0.7333178344604987,0.5,0.748205525855452,0.0,0.0027662517289073307,0.009681881051175657,4.0,3.5
emblematica:E010568,2803,13,0.3333333333333333,0.0070921985815602835,0.008936346786090128,0.0,0.0,0.0,1.5,3.0
emblematica:E010569,2803,397,0.7200984154576315,1.0,0.22435926033044148,0.0025188916876574307,0.005037783375314861,0.012594458438287154,12.0,3.5
emblematica:E010570,2803,272,0.7200984154576315,1.0,0.25685660869080396,0.003676470588235294,0.007352941176470588,0.01838235294117647,5.0,4.0
emblematica:E010571,2803,722,0.6909039756611975,0.5,0.7885889848292096,0.0,0.002770083102493075,0.008310249307479225,9.0,3.0
emblematica:E010572,2803,156,0.38907468595905553,0.1111111111111111,0.046400932011101514,0.0,0.0,0.00641025641025641,4.5,4.0
emblematica:E010573,2803,754,0.790079912888246,0.5,0.7484064909050206,0.0,0.003978779840848806,0.010610079575596816,7.0,4.0
emblematica:E010574,2803,167,0.44281305753755196,0.25,0.19721859658775864,0.0,0.005988023952095809,0.011976047904191617,2.5,3.5
emblematica:E010575,2803,168,0.6129319999254654,1.0,0.20020989694111901,0.005952380952380952,0.005952380952380952,0.023809523809523808,1.0,4.0
emblematica:E010576,2803,872,1.0,1.0,0.905883571171334,0.0011467889908256881,0.005733944954128441,0.011467889908256881,6.0,3.5
emblematica:E010577,2803,169,0.6278263708254982,0.3333333333333333,0.20624961884693807,0.0,0.01775147928994083,0.029585798816568046,3.0,4.0
emblematica:E010578,2803,731,0.6321430404084751,0.5,0.7450271268191038,0.0,0.0027359781121751026,0.006839945280437756,2.0,3.0
emblematica:E010579,2803,471,0.6437299477614454,0.3333333333333333,0.23009637328930374,0.0,0.004246284501061571,0.010615711252653927,3.5,3.5
emblematica:E010580,2803,734,0.7598281163238525,0.5,0.7492693072705766,0.0,0.0027247956403269754,0.009536784741144414,1.0,3.0
emblematica:E010581,2803,39,0.3333333333333333,0.0070921985815602835,0.014889924033882281,0.0,0.0,0.0,3.0,3.5
emblematica:E010582,2803,180,0.3333333333333333,0.08333333333333333,0.19101614652311763,0.0,0.0,0.0,5.5,3.0
emblematica:E010583,2803,749,0.8148636649541378,1.0,0.772467416579114,0.0013351134846461949,0.006675567423230975,0.00801068090787717,2.5,4.0
emblematica:E010584,2803,831,0.8671291776065879,1.0,0.7474536248705048,0.0012033694344163659,0.006016847172081829,0.00842358604091456,7.0,4.0
emblematica:E010585,2803,960,0.8519147813733781,1.0,0.7196948750634559,0.0010416666666666667,0.004166666666666667,0.007291666666666667,35.0,3.5
emblematica:E010586,2803,971,0.8519147813733781,1.0,0.7193102003260298,0.0010298661174047373,0.004119464469618949,0.007209062821833162,16.0,4.0
emblematica:E010587,2803,762,1.0,1.0,0.7862360592297567,0.0013123359580052493,0.006561679790026247,0.013123359580052493,5.0,3.5
emblematica:E010588,2803,230,0.5242306598349794,1.0,0.1941298951466358,0.004347826086956522,0.004347826086956522,0.008695652173913044,5.0,4.0
emblematica:E010589,2803,141,0.4189245757825867,0.3333333333333333,0.049782767111937964,0.0,0.0070921985815602835,0.0070921985815602835,3.5,4.5
emblematica:E010590,2803,157,0.3333333333333333,0.09090909090909091,0.16841330358131903,0.0,0.0,0.0,2.0,3.5
emblematica:E010591,2803,875,1.0,1.0,0.885402248936371,0.001142857142857143,0.005714285714285714,0.011428571428571429,3.0,4.0
emblematica:E010592,2803,732,0.8990684392693266,1.0,0.781261532675659,0.001366120218579235,0.00546448087431694,0.01092896174863388,5.5,3.5
emblematica:E010593,2803,180,0.49127020581310415,0.2,0.19213960621593643,0.0,0.005555555555555556,0.016666666666666666,3.0,3.5
emblematica:E010594,2803,949,0.7520973617492562,0.5,0.7112304726509879,0.0,0.004214963119072708,0.007376185458377239,6.0,4.0
emblematica:E010595,2803,1106,0.7373366748811092,0.5,0.7226337888606733,0.0,0.0018083182640144665,0.006329113924050633,12.0,4.0
emblematica:E010596,2803,69,0.4827992419067131,0.5,0.07053255881921967,0.0,0.014492753623188406,0.028985507246376812,5.5,4.0
emblematica:E010597,2803,734,0.9266360779006398,1.0,0.7773583847549079,0.0013623978201634877,0.005449591280653951,0.01226158038147139,6.0,3.0
emblematica:E010598,2803,756,0.9266360779006398,1.0,0.7799805175556317,0.0013227513227513227,0.005291005291005291,0.011904761904761904,19.0,3.0
emblematica:E010599,2803,888,1.0,1.0,0.9067139849784951,0.0011261261261261261,0.00563063063063063,0.01126126126126126,1.5,3.5
emblematica:E010600,2803,1108,1.0,1.0,0.8597958143278489,0.0009025270758122744,0.004512635379061372,0.009025270758122744,21.5,3.5
emblematica:E010601,2803,786,1.0,1.0,0.7830115116524661,0.001272264631043257,0.006361323155216285,0.01272264631043257,15.0,3.0
emblematica:E010602,2803,874,1.0,1.0,0.9206006291272587,0.0011441647597254005,0.005720823798627002,0.011441647597254004,3.5,3.5
emblematica:E010603,2803,302,0.6927913446250977,1.0,0.2129000713025008,0.0033112582781456954,0.006622516556291391,0.016556291390728478,8.0,3.5
emblematica:E010604,2803,224,0.6508347812136902,1.0,0.21595394749267396,0.004464285714285714,0.004464285714285714,0.017857142857142856,1.5,3.5
emblematica:E010605,2803,735,0.7520973617492562,0.5,0.7769055439993785,0.0,0.005442176870748299,0.009523809523809525,2.0,3.0
emblematica:E010606,2803,213,0.38224261473290666,0.14285714285714285,0.1658235352119163,0.0,0.0,0.004694835680751174,2.0,4.0
emblematica:E010607,2803,725,0.7965100773735325,0.5,0.784671300812917,0.0,0.004137931034482759,0.011034482758620689,2.5,4.0
emblematica:E010608,2803,229,0.3900954117610806,0.2,0.17821215558772527,0.0,0.004366812227074236,0.004366812227074236,6.0,3.0
emblematica:E010609,2803,200,0.7459526994293592,1.0,0.20632386027412777,0.005,0.015,0.025,1.0,5.0
emblematica:E010610,2803,216,0.7599627620744218,1.0,0.20609036268239256,0.004629629629629629,0.018518518518518517,0.027777777777777776,2.0,4.0
emblematica:E010611,2803,221,0.3333333333333333,0.07692307692307693,0.1762860315693832,0.0,0.0,0.0,10.5,3.5
emblematica:E010612,2803,740,0.8532721558012798,0.5,0.7804517198863145,0.0,0.005405405405405406,0.012162162162162163,6.0,4.0
emblematica:E010613,2803,1224,0.8943286401726791,1.0,0.7285187267047136,0.0008169934640522876,0.0032679738562091504,0.006535947712418301,23.5,3.5
emblematica:E010614,2803,734,0.8800456786592188,1.0,0.8040223733360662,0.0013623978201634877,0.004087193460490463,0.010899182561307902,6.0,4.0
emblematica:E010615,2803,784,0.8066817565598586,1.0,0.78775212912317,0.0012755102040816326,0.002551020408163265,0.008928571428571428,3.0,3.0
emblematica:E010616,2803,756,0.863443834987606,1.0,0.7912119726733886,0.0013227513227513227,0.003968253968253968,0.010582010582010581,13.0,3.0
emblematica:E010617,2803,782,1.0,1.0,0.7998992127172162,0.0012787723785166241,0.00639386189258312,0.01278772378516624,19.0,4.0
emblematica:E010618,2803,757,1.0,1.0,0.8059497248535962,0.001321003963011889,0.0066050198150594455,0.013210039630118891,1.0,3.0
emblematica:E010619,2803,881,1.0,1.0,0.8935099868372168,0.0011350737797956867,0.0056753688989784334,0.011350737797956867,6.0,3.0
emblematica:E010620,2803,743,0.8671291776065879,1.0,0.7852235815972717,0.0013458950201884253,0.006729475100942127,0.009421265141318977,10.0,3.0
emblematica:E010621,2803,793,1.0,1.0,0.7671566084709922,0.0012610340479192938,0.006305170239596469,0.012610340479192938,16.5,4.0
emblematica:E010622,2803,856,1.0,1.0,0.7368090354401198,0.0011682242990654205,0.005841121495327103,0.011682242990654205,17.0,4.0
emblematica:E010623,2803,794,0.9575861412006987,1.0,0.7686192694461561,0.0012594458438287153,0.006297229219143577,0.011335012594458438,3.0,3.0
emblematica:E010624,2803,810,0.9575861412006987,1.0,0.7673562441295767,0.0012345679012345679,0.006172839506172839,0.011111111111111112,15.0,4.0
emblematica:E010625,2803,716,0.909543036405889,1.0,0.7835023611970658,0.0013966480446927375,0.006983240223463687,0.0111731843575419,1.0,4.0
emblematica:E010626,2803,754,0.909543036405889,1.0,0.7706512194649363,0.001326259946949602,0.006631299734748011,0.010610079575596816,11.0,3.0
emblematica:E010627,2803,354,0.3958437961610993,0.1111111111111111,0.2006931736503943,0.0,0.0,0.002824858757062147,18.0,4.0
emblematica:E010628,2803,796,0.8532721558012798,0.5,0.7599498508478492,0.0,0.005025125628140704,0.011306532663316583,1.0,3.0
emblematica:E010629,2803,764,0.9134166588977728,1.0,0.7608167678851787,0.0013089005235602095,0.006544502617801047,0.010471204188481676,11.0,5.0
emblematica:E010630,2803,726,0.9134166588977728,1.0,0.7844537288199298,0.0013774104683195593,0.006887052341597796,0.011019283746556474,4.0,3.0
emblematica:E010631,2803,712,0.8988252059479763,1.0,0.7850757978493815,0.0014044943820224719,0.007022471910112359,0.011235955056179775,1.5,4.0
emblematica:E010632,2803,768,0.8988252059479763,1.0,0.7748332312233348,0.0013020833333333333,0.006510416666666667,0.010416666666666666,2.0,3.0
emblematica:E010633,2803,158,0.6410457898283652,0.25,0.2282634806611138,0.0,0.012658227848101266,0.0379746835443038,3.0,4.0
emblematica:E010634,2803,90,0.3333333333333333,0.01818181818181818,0.03570245558310119,0.0,0.0,0.0,3.5,4.0
emblematica:E010635,2803,230,0.5368232559598007,1.0,0.21002713010869184,0.004347826086956522,0.008695652173913044,0.008695652173913044,3.0,4.0
emblematica:E010636,2803,234,0.5368232559598007,1.0,0.2117181797982121,0.004273504273504274,0.008547008547008548,0.008547008547008548,4.0,4.0
emblematica:E010637,2803,793,0.806896265685347,1.0,0.7855084234768474,0.0012610340479192938,0.0037831021437578815,0.007566204287515763,8.0,3.0
emblematica:E010638,2803,831,0.8311363972596454,1.0,0.7610143363859629,0.0012033694344163659,0.0036101083032490976,0.00842358604091456,21.5,3.5
emblematica:E010639,2803,114,0.5368232559598007,1.0,0.07399414122605903,0.008771929824561403,0.017543859649122806,0.017543859649122806,3.0,3.0
emblematica:E010640,2803,122,0.5421467195514966,1.0,0.09100294438188462,0.00819672131147541,0.00819672131147541,0.01639344262295082,2.0,3.0
emblematica:E010641,2803,206,0.6884139210130843,1.0,0.21649754089696446,0.0048543689320388345,0.014563106796116505,0.019417475728155338,4.0,3.0
emblematica:E010642,2803,755,0.8340611153182702,1.0,0.7824169179042957,0.0013245033112582781,0.003973509933774834,0.010596026490066225,8.5,3.0
emblematica:E010643,2803,755,0.8988252059479763,1.0,0.7757372828765847,0.0013245033112582781,0.006622516556291391,0.010596026490066225,5.0,4.0
emblematica:E010644,2803,830,0.8988252059479763,1.0,0.7606362706204443,0.0012048192771084338,0.006024096385542169,0.00963855421686747,15.0,3.0
emblematica:E010645,2803,947,0.9575861412006987,1.0,0.7170862900821365,0.0010559662090813093,0.005279831045406547,0.009503695881731784,9.0,3.0
emblematica:E010646,2803,730,0.9575861412006987,1.0,0.7788972613580162,0.0013698630136986301,0.00684931506849315,0.012328767123287671,1.0,4.5
emblematica:E010647,2803,722,0.8532721558012798,0.5,0.7777657589114758,0.0,0.00554016620498615,0.012465373961218837,1.0,4.0
emblematica:E010648,2803,343,0.47219577720688777,0.125,0.1750080062384794,0.0,0.0,0.0029154518950437317,3.0,4.0
emblematica:E010649,2803,1112,0.8376318198599176,1.0,0.7014977717520586,0.0008992805755395684,0.002697841726618705,0.006294964028776978,21.0,4.0
emblematica:E010650,2803,791,0.8376318198599176,1.0,0.7523036289038316,0.0012642225031605564,0.0037926675094816687,0.008849557522123894,31.0,3.0
emblematica:E010651,2803,734,0.8988252059479763,1.0,0.7957840663810509,0.0013623978201634877,0.006811989100817439,0.010899182561307902,4.5,4.5
emblematica:E010652,2803,788,0.8988252059479763,1.0,0.7690887534919225,0.0012690355329949238,0.006345177664974619,0.01015228426395939,7.5,4.0
emblematica:E010653,2803,789,1.0,1.0,0.8071240888364399,0.0012674271229404308,0.0063371356147021544,0.011406844106463879,6.0,3.0
emblematica:E010654,2803,816,0.9575861412006987,1.0,0.8068749844555697,0.0012254901960784314,0.006127450980392157,0.011029411764705883,12.0,3.0
emblematica:E010655,2803,886,0.68733327111955,0.25,0.736935816629317,0.0,0.002257336343115124,0.007900677200902935,6.0,4.0
emblematica:E010656,2803,552,0.6124310990956298,0.5,0.2786530093306819,0.0,0.005434782608695652,0.007246376811594203,17.0,3.0
emblematica:E010657,2803,748,1.0,1.0,0.8118189034004618,0.001336898395721925,0.0066844919786096255,0.013368983957219251,9.0,3.0
emblematica:E010658,2803,725,1.0,1.0,0.8123607253504067,0.001379310344827586,0.006896551724137931,0.013793103448275862,5.0,4.0
emblematica:E010659,2803,802,0.8986895771342951,1.0,0.7725204779472585,0.0012468827930174563,0.004987531172069825,0.00997506234413965,4.0,3.0
emblematica:E010660,2803,732,0.8803485966094551,1.0,0.7988301381754713,0.001366120218579235,0.00546448087431694,0.01092896174863388,4.0,3.0
emblematica:E010661,2803,728,0.8340611153182702,1.0,0.7983314928414397,0.0013736263736263737,0.004120879120879121,0.01098901098901099,3.0,3.0
emblematica:E010662,2803,791,0.8340611153182702,1.0,0.7729698090686661,0.0012642225031605564,0.0037926675094816687,0.010113780025284451,13.0,3.0
emblematica:E010663,2803,731,0.9266360779006398,1.0,0.8006915445293641,0.0013679890560875513,0.005471956224350205,0.012311901504787962,4.0,4.0
emblematica:E010664,2803,726,0.9266360779006398,1.0,0.8033267491130635,0.0013774104683195593,0.005509641873278237,0.012396694214876033,2.0,4.0
emblematica:E010665,2803,743,1.0,1.0,0.8104417393519093,0.0013458950201884253,0.006729475100942127,0.013458950201884253,11.0,4.0
emblematica:E010666,2803,966,1.0,1.0,0.7456914083549824,0.0010351966873706005,0.005175983436853002,0.010351966873706004,6.0,3.0
emblematica:E010667,2803,821,0.9432379215722525,1.0,0.7733669445559082,0.001218026796589525,0.0048721071863581,0.010962241169305725,16.0,3.0
emblematica:E010668,2803,779,0.9432379215722525,1.0,0.7892120086285033,0.0012836970474967907,0.005134788189987163,0.011553273427471117,16.5,3.0
emblematica:E010669,2803,771,0.9477344873475497,1.0,0.7625827208247614,0.0012970168612191958,0.00648508430609598,0.011673151750972763,6.0,5.0
emblematica:E010670,2803,939,0.9477344873475497,1.0,0.7255693827571922,0.0010649627263045794,0.005324813631522897,0.009584664536741214,18.0,3.5
emblematica:E010671,2803,954,0.9432379215722525,1.0,0.7292788300860051,0.0010482180293501049,0.0031446540880503146,0.008385744234800839,9.0,4.0
emblematica:E010672,2803,922,0.8800456786592188,1.0,0.7321710992568875,0.0010845986984815619,0.0032537960954446853,0.008676789587852495,4.0,3.0
emblematica:E010673,2803,771,1.0,1.0,0.7962280237367325,0.0012970168612191958,0.00648508430609598,0.01297016861219196,8.0,3.0
emblematica:E010674,2803,732,1.0,1.0,0.8078407173722327,0.001366120218579235,0.006830601092896175,0.01366120218579235,1.0,3.0
emblematica:E010675,2803,728,0.8091026734983537,0.5,0.7814563009950942,0.0,0.005494505494505495,0.01098901098901099,5.0,3.0
emblematica:E010676,2803,278,0.3775028156362593,0.1111111111111111,0.08726267037061036,0.0,0.0,0.0035971223021582736,3.0,4.0
emblematica:E010677,2803,726,0.7799082337019198,0.5,0.7626133932960509,0.0,0.004132231404958678,0.011019283746556474,10.5,3.0
emblematica:E010678,2803,300,0.38224261473290666,0.14285714285714285,0.10681530060290859,0.0,0.0,0.0033333333333333335,7.0,4.0
emblematica:E010679,2803,847,1.0,1.0,0.790877892157559,0.0011806375442739079,0.0059031877213695395,0.011806375442739079,17.0,4.0
emblematica:E010680,2803,829,1.0,1.0,0.7808398043407725,0.0012062726176115801,0.006031363088057901,0.012062726176115802,16.0,3.5
emblematica:E010681,2803,725,0.9074250374176303,1.0,0.7974304969842847,0.001379310344827586,0.005517241379310344,0.012413793103448275,8.0,4.0
emblematica:E010682,2803,1031,0.9305687780632227,1.0,0.7300115919908015,0.0009699321047526673,0.0038797284190106693,0.008729388942774006,19.5,4.0
emblematica:E010683,2803,734,0.8800456786592188,1.0,0.7934939079524764,0.0013623978201634877,0.004087193460490463,0.010899182561307902,1.0,3.5
emblematica:E010684,2803,790,0.8800456786592188,1.0,0.7742400269741567,0.0012658227848101266,0.0037974683544303796,0.010126582278481013,17.0,4.0
emblematica:E010685,2803,1047,1.0,1.0,0.7213044762624566,0.0009551098376313276,0.004775549188156638,0.009551098376313277,2.0,4.0
emblematica:E010686,2803,786,1.0,1.0,0.7788461403852193,0.001272264631043257,0.006361323155216285,0.01272264631043257,13.5,3.0
emblematica:E010687,2803,963,0.9575861412006987,1.0,0.7562607391090238,0.0010384215991692627,0.005192107995846314,0.009345794392523364,13.0,4.0
emblematica:E010688,2803,740,0.9575861412006987,1.0,0.8005647655276517,0.0013513513513513514,0.006756756756756757,0.012162162162162163,6.0,3.0
emblematica:E010689,2803,739,0.8800456786592188,1.0,0.7810181553782098,0.0013531799729364006,0.0040595399188092015,0.010825439783491205,8.0,3.0
emblematica:E010690,2803,912,0.9368077570869661,1.0,0.733400263998012,0.0010964912280701754,0.0043859649122807015,0.009868421052631578,5.0,4.0
emblematica:E010691,2803,710,1.0,1.0,0.7856231086877424,0.0014084507042253522,0.007042253521126761,0.014084507042253521,1.0,3.0
emblematica:E010692,2803,749,1.0,1.0,0.7720585387149798,0.0013351134846461949,0.006675567423230975,0.01335113484646195,7.0,3.0
emblematica:E010693,2803,915,1.0,1.0,0.8993568328295727,0.001092896174863388,0.00546448087431694,0.01092896174863388,5.0,4.0
emblematica:E010694,2803,730,0.7642678977605575,1.0,0.7807090840160187,0.0013698630136986301,0.0027397260273972603,0.00821917808219178,2.5,3.5
emblematica:E010695,2803,791,0.9537125187088151,1.0,0.8114371919744525,0.0012642225031605564,0.006321112515802781,0.011378002528445006,11.0,4.0
emblematica:E010696,2803,791,1.0,1.0,0.795350375281318,0.0012642225031605564,0.006321112515802781,0.011378002528445006,12.5,3.5
emblematica:E010697,2803,743,1.0,1.0,0.8178004708990873,0.0013458950201884253,0.006729475100942127,0.013458950201884253,1.0,4.0
emblematica:E010698,2803,758,1.0,1.0,0.800306627615818,0.0013192612137203166,0.006596306068601583,0.013192612137203167,11.0,3.0
emblematica:E010699,2803,720,0.9432379215722525,1.0,0.7989850122089126,0.001388888888888889,0.005555555555555556,0.0125,2.0,3.0
emblematica:E010700,2803,793,0.9432379215722525,1.0,0.7842813187378186,0.0012610340479192938,0.005044136191677175,0.011349306431273645,9.5,4.0
emblematica:E010701,2803,770,1.0,1.0,0.767246628121966,0.0012987012987012987,0.006493506493506494,0.012987012987012988,7.0,4.0
emblematica:E010702,2803,1041,1.0,1.0,0.7124887490035281,0.0009606147934678194,0.004803073967339097,0.009606147934678195,39.0,5.0
emblematica:E010703,2803,978,0.8254612838486163,1.0,0.7188726055351243,0.0010224948875255625,0.00408997955010225,0.007157464212678937,14.0,3.0
emblematica:E010704,2803,771,0.7328863212662466,1.0,0.7695054997520276,0.0012970168612191958,0.0038910505836575876,0.007782101167315175,2.5,4.0
emblematica:E010705,2803,771,0.8454846168880916,1.0,0.7492385944764961,0.0012970168612191958,0.005188067444876783,0.009079118028534372,6.0,3.0
emblematica:E010706,2803,751,0.8454846168880916,1.0,0.7542660398655628,0.0013315579227696406,0.005326231691078562,0.009320905459387484,5.0,3.0
emblematica:E010707,2803,754,0.9575861412006987,1.0,0.7854464880005105,0.001326259946949602,0.006631299734748011,0.011936339522546418,3.5,3.0
emblematica:E010708,2803,735,0.9575861412006987,1.0,0.7832924310892038,0.0013605442176870747,0.006802721088435374,0.012244897959183673,3.5,3.0
emblematica:E010709,2803,756,1.0,1.0,0.8011695932010142,0.0013227513227513227,0.006613756613756613,0.013227513227513227,10.0,4.0
emblematica:E010710,2803,766,1.0,1.0,0.8057984784735763,0.0013054830287206266,0.006527415143603133,0.013054830287206266,17.0,4.0
emblematica:E010711,2803,722,0.909543036405889,1.0,0.7995114363280161,0.0013850415512465374,0.006925207756232687,0.0110803324099723,2.0,4.0
emblematica:E010712,2803,723,0.909543036405889,1.0,0.7981927548555605,0.0013831258644536654,0.006915629322268326,0.011065006915629323,3.0,3.0
emblematica:E010713,2803,717,1.0,1.0,0.8240614438551619,0.001394700139470014,0.00697350069735007,0.01394700139470014,2.0,3.0
emblematica:E010714,2803,999,1.0,1.0,0.754386728701548,0.001001001001001001,0.005005005005005005,0.01001001001001001,7.5,4.0
emblematica:E010715,2803,761,0.7328863212662466,1.0,0.7694806375472012,0.001314060446780552,0.003942181340341655,0.00788436268068331,5.0,3.0
emblematica:E010716,2803,774,0.7328863212662466,1.0,0.7820534410323927,0.0012919896640826874,0.003875968992248062,0.007751937984496124,3.0,3.0
emblematica:E010717,2803,952,1.0,1.0,0.7276141948228423,0.0010504201680672268,0.005252100840336135,0.01050420168067227,5.0,3.5
emblematica:E010718,2803,717,1.0,1.0,0.8105966332099955,0.001394700139470014,0.00697350069735007,0.01394700139470014,5.0,3.0
emblematica:E010719,2803,728,0.9086768598011253,1.0,0.8069424031198147,0.0013736263736263737,0.006868131868131868,0.01098901098901099,5.5,3.0
emblematica:E010720,2803,895,0.9575861412006987,1.0,0.8994879214333952,0.0011173184357541898,0.00558659217877095,0.01005586592178771,8.0,3.0
emblematica:E010721,2803,742,0.8277801660067685,1.0,0.7831093167016845,0.0013477088948787063,0.004043126684636119,0.009433962264150943,8.0,3.0
emblematica:E010722,2803,738,0.8277801660067685,1.0,0.7837323583869773,0.0013550135501355014,0.0040650406504065045,0.009485094850948509,6.0,3.0
emblematica:E010723,2803,761,0.8800456786592188,1.0,0.7883999409142577,0.001314060446780552,0.003942181340341655,0.010512483574244415,7.0,4.0
emblematica:E010724,2803,711,0.8800456786592188,1.0,0.8098425267562989,0.0014064697609001407,0.004219409282700422,0.011251758087201125,1.0,3.5
emblematica:E010725,2803,982,1.0,1.0,0.7644416673389954,0.0010183299389002036,0.004073319755600814,0.009164969450101833,21.0,3.0
emblematica:E010726,2803,1020,1.0,1.0,0.7515149627376237,0.000980392156862745,0.00392156862745098,0.008823529411764706,12.5,3.0
emblematica:E010727,2803,720,0.8777267965010666,1.0,0.7991663372940084,0.001388888888888889,0.005555555555555556,0.011111111111111112,4.0,3.0
emblematica:E010728,2803,719,0.8777267965010666,1.0,0.8021913461509826,0.0013908205841446453,0.005563282336578581,0.011126564673157162,5.0,3.0
emblematica:E010729,2803,779,0.8803485966094551,1.0,0.7565913195377677,0.0012836970474967907,0.005134788189987163,0.010269576379974325,10.5,3.0
emblematica:E010730,2803,746,0.8803485966094551,1.0,0.768274108140459,0.0013404825737265416,0.005361930294906166,0.010723860589812333,7.0,3.0
emblematica:E010731,2803,879,1.0,1.0,0.7542539999810873,0.0011376564277588168,0.005688282138794084,0.011376564277588168,6.0,3.0
emblematica:E010732,2803,778,1.0,1.0,0.7867793458266693,0.0012853470437017994,0.006426735218508998,0.012853470437017995,9.0,3.5
emblematica:E010733,2803,1289,0.9558305176970738,1.0,0.7269063590913222,0.0007757951900698216,0.003878975950349108,0.0069821567106283944,37.0,3.0
emblematica:E010734,2803,840,0.9134166588977728,1.0,0.7465369971263679,0.0011904761904761906,0.005952380952380952,0.009523809523809525,7.0,4.0
emblematica:E010735,2803,751,0.9266360779006398,1.0,0.7929565158369845,0.0013315579227696406,0.005326231691078562,0.011984021304926764,5.5,3.5
emblematica:E010736,2803,762,0.9266360779006398,1.0,0.7794197092434394,0.0013123359580052493,0.005249343832020997,0.011811023622047244,2.0,3.0
emblematica:E010737,2803,718,0.8062502433656067,1.0,0.7748429478525883,0.001392757660167131,0.005571030640668524,0.009749303621169917,1.0,3.0
emblematica:E010738,2803,741,0.8062502433656067,1.0,0.7661543899906095,0.001349527665317139,0.005398110661268556,0.009446693657219974,6.0,4.0
emblematica:E010739,2803,157,0.5266515767734745,0.3333333333333333,0.20475008504699108,0.0,0.01910828025477707,0.01910828025477707,2.0,3.5
emblematica:E010740,2803,71,0.3333333333333333,0.05263157894736842,0.033712669841519285,0.0,0.0,0.0,3.0,5.0
emblematica:E010741,2803,505,0.5752579402228116,1.0,0.240025737049827,0.0019801980198019802,0.0019801980198019802,0.005940594059405941,16.0,4.0
emblematica:E010742,2803,272,0.5534250996314135,1.0,0.16665813217477465,0.003676470588235294,0.007352941176470588,0.007352941176470588,2.0,3.5
emblematica:E010743,2803,857,1.0,1.0,0.7476736073573067,0.0011668611435239206,0.005834305717619603,0.011668611435239206,10.0,4.0
emblematica:E010744,2803,721,1.0,1.0,0.7900938780562773,0.0013869625520110957,0.006934812760055479,0.013869625520110958,4.0,3.0
emblematica:E010745,2803,847,0.8532721558012798,0.5,0.7487584466259096,0.0,0.004722550177095631,0.010625737898465172,16.0,3.0
emblematica:E010746,2803,79,0.3333333333333333,0.05,0.03304683127956409,0.0,0.0,0.0,3.0,4.0
emblematica:E010747,2803,793,0.9266360779006398,1.0,0.759950305227859,0.0012610340479192938,0.005044136191677175,0.011349306431273645,4.5,3.5
emblematica:E010748,2803,725,0.9266360779006398,1.0,0.7787252436172426,0.001379310344827586,0.005517241379310344,0.012413793103448275,1.0,3.0
emblematica:E010749,2803,730,1.0,1.0,0.7747123565785733,0.0013698630136986301,0.00684931506849315,0.0136986301369863,6.0,3.0
emblematica:E010750,2803,1025,1.0,1.0,0.6966095880830352,0.000975609756097561,0.004878048780487805,0.00975609756097561,18.0,4.0
emblematica:E010751,2803,765,0.820841696315403,1.0,0.7453385757944132,0.00130718954248366,0.00522875816993464,0.009150326797385621,13.5,3.5
emblematica:E010752,2803,805,0.820841696315403,1.0,0.7342330414991375,0.0012422360248447205,0.004968944099378882,0.008695652173913044,3.0,3.0
emblematica:E010753,2803,800,0.8988252059479763,1.0,0.7711311226323528,0.00125,0.00625,0.01,11.0,3.0
emblematica:E010754,2803,831,0.8988252059479763,1.0,0.7468446351983781,0.0012033694344163659,0.006016847172081829,0.009626955475330927,16.5,4.0
emblematica:E010755,2803,741,0.8988252059479763,1.0,0.7801957489506236,0.001349527665317139,0.006747638326585695,0.010796221322537112,2.5,3.0
emblematica:E010756,2803,710,0.8988252059479763,1.0,0.7868580071499462,0.0014084507042253522,0.007042253521126761,0.011267605633802818,1.5,3.5
emblematica:E010757,2803,1059,0.9575861412006987,1.0,0.689287828746662,0.0009442870632672333,0.004721435316336166,0.0084985835694051,24.5,4.0
emblematica:E010758,2803,751,0.968189605900524,1.0,0.7720800195925684,0.0013315579227696406,0.006657789613848202,0.011984021304926764,6.0,3.0
emblematica:E010759,2803,803,0.9575861412006987,1.0,0.7933170143632883,0.0012453300124533001,0.0062266500622665,0.0112079701120797,6.0,4.0
emblematica:E010760,2803,800,1.0,1.0,0.8082127015335547,0.00125,0.00625,0.0125,13.0,3.5
emblematica:E010761,2803,296,0.5432534204450873,1.0,0.21065188983720928,0.0033783783783783786,0.006756756756756757,0.006756756756756757,1.0,3.5
emblematica:E010762,2803,374,0.5538568851449126,1.0,0.19891644804010988,0.00267379679144385,0.0053475935828877,0.0053475935828877,7.0,3.0
emblematica:E010763,2803,734,0.8990684392693266,1.0,0.8104245110587005,0.0013623978201634877,0.005449591280653951,0.010899182561307902,1.0,4.0
emblematica:E010764,2803,773,0.910110809845058,1.0,0.793330131185354,0.00129366106080207,0.00517464424320828,0.01034928848641656,2.0,4.0
emblematica:E010765,2803,726,1.0,1.0,0.7656323837917022,0.0013774104683195593,0.006887052341597796,0.013774104683195593,6.5,3.0
emblematica:E010766,2803,805,0.9510907186004266,1.0,0.7481157508135926,0.0012422360248447205,0.006211180124223602,0.011180124223602485,24.5,4.0
emblematica:E010767,2803,793,0.9575861412006987,1.0,0.7622435080941419,0.0012610340479192938,0.005044136191677175,0.01008827238335435,10.0,4.0
emblematica:E010768,2803,740,0.9266360779006398,1.0,0.7835847735035274,0.0013513513513513514,0.005405405405405406,0.010810810810810811,4.0,4.5
emblematica:E010769,2803,793,0.9558305176970738,1.0,0.7876842959639394,0.0012610340479192938,0.006305170239596469,0.011349306431273645,17.0,4.0
emblematica:E010770,2803,744,0.9537125187088151,1.0,0.8047246954630156,0.0013440860215053765,0.006720430107526882,0.010752688172043012,2.0,4.0
emblematica:E010771,2803,846,0.94497705842548,1.0,0.7385096375519655,0.001182033096926714,0.004728132387706856,0.010638297872340425,4.0,3.0
emblematica:E010772,2803,789,1.0,1.0,0.765958302198509,0.0012674271229404308,0.005069708491761723,0.011406844106463879,5.0,3.0
emblematica:E010773,2803,793,0.9432379215722525,1.0,0.7673309801400183,0.0012610340479192938,0.005044136191677175,0.011349306431273645,10.5,4.0
emblematica:E010774,2803,802,0.9432379215722525,1.0,0.7550122796018287,0.0012468827930174563,0.004987531172069825,0.011221945137157107,17.5,3.5
emblematica:E010775,2803,858,1.0,1.0,0.7589608780963166,0.0011655011655011655,0.005827505827505828,0.011655011655011656,15.0,4.0
emblematica:E010776,2803,1043,1.0,1.0,0.7200759789382764,0.0009587727708533077,0.004793863854266539,0.009587727708533078,5.5,4.0
emblematica:E010777,2803,945,0.9575861412006987,1.0,0.7312822463798243,0.0010582010582010583,0.005291005291005291,0.009523809523809525,20.0,3.0
emblematica:E010778,2803,1008,1.0,1.0,0.8697221856180098,0.000992063492063492,0.00496031746031746,0.00992063492063492,30.0,3.0
emblematica:E010779,2803,227,0.4748175773152763,0.5,0.2255976226372929,0.0,0.004405286343612335,0.00881057268722467,3.0,3.0
emblematica:E010780,2803,708,0.76069719321891,0.3333333333333333,0.7716251841112964,0.0,0.00423728813559322,0.011299435028248588,1.0,3.0
emblematica:E010781,2803,796,0.9510907186004266,1.0,0.7593629990897244,0.001256281407035176,0.00628140703517588,0.011306532663316583,14.0,4.0
emblematica:E010782,2803,834,1.0,1.0,0.9228085790930727,0.001199040767386091,0.005995203836930456,0.011990407673860911,1.5,3.0
emblematica:E010783,2803,185,0.42801270478508463,0.16666666666666666,0.06175846675102711,0.0,0.0,0.005405405405405406,6.0,5.0
emblematica:E010784,2803,178,0.43426489406400665,0.2,0.20406086826698813,0.0,0.0056179775280898875,0.011235955056179775,3.0,3.0
emblematica:E010785,2803,737,0.6507136678945618,0.5,0.7540999179256045,0.0,0.004070556309362279,0.0067842605156037995,15.0,3.0
emblematica:E010786,2803,433,0.6092557433394113,0.3333333333333333,0.21982179167229038,0.0,0.004618937644341801,0.011547344110854504,11.0,4.0
emblematica:E010787,2803,739,1.0,1.0,0.7899706342675766,0.0013531799729364006,0.006765899864682003,0.013531799729364006,5.5,3.0
emblematica:E010788,2803,728,1.0,1.0,0.7982464256445815,0.0013736263736263737,0.006868131868131868,0.013736263736263736,3.5,3.0
emblematica:E010789,2803,187,0.6272802195539116,1.0,0.18596818599714995,0.0053475935828877,0.0053475935828877,0.0106951871657754,6.0,3.0
emblematica:E010790,2803,414,0.5263486588232382,1.0,0.21013951146110832,0.0024154589371980675,0.0024154589371980675,0.004830917874396135,5.0,3.0
emblematica:E010791,2803,987,0.909543036405889,1.0,0.7288883367680664,0.0010131712259371835,0.005065856129685917,0.008105369807497468,27.5,4.0
emblematica:E010792,2803,736,0.909543036405889,1.0,0.7918037726992297,0.001358695652173913,0.006793478260869565,0.010869565217391304,3.0,3.0
emblematica:E010793,2803,947,0.9558305176970738,1.0,0.8839952825387503,0.0010559662090813093,0.005279831045406547,0.009503695881731784,18.0,3.0
emblematica:E010794,2803,393,0.8122418648457492,1.0,0.2190032062986474,0.002544529262086514,0.01272264631043257,0.015267175572519083,3.0,3.5
emblematica:E010795,2803,177,0.5515377306675132,0.5,0.2534671854711164,0.0,0.011299435028248588,0.01694915254237288,3.0,3.0
emblematica:E010796,2803,731,0.6787334396498962,0.25,0.746179841891491,0.0,0.0027359781121751026,0.006839945280437756,7.0,3.0
emblematica:E010797,2803,875,1.0,1.0,0.9035683218136135,0.001142857142857143,0.005714285714285714,0.011428571428571429,3.0,3.0
emblematica:E010798,2803,199,0.48006117753205335,1.0,0.22316846363790196,0.005025125628140704,0.005025125628140704,0.005025125628140704,2.0,4.0
emblematica:E010799,2803,244,0.7322633779828331,1.0,0.24448767692135737,0.004098360655737705,0.012295081967213115,0.020491803278688523,17.0,4.0
emblematica:E010800,2803,893,0.9266360779006398,1.0,0.8908873523858343,0.0011198208286674132,0.004479283314669653,0.010078387458006719,5.5,3.5
emblematica:E010801,2803,162,0.5368232559598007,1.0,0.21450081502857551,0.006172839506172839,0.012345679012345678,0.012345679012345678,2.0,3.0
emblematica:E010802,2803,419,0.5368232559598007,1.0,0.21915814022789834,0.002386634844868735,0.00477326968973747,0.00477326968973747,10.0,4.0
emblematica:E010803,2803,227,0.581235971584077,1.0,0.2180369943584043,0.004405286343612335,0.004405286343612335,0.013215859030837005,4.0,4.0
emblematica:E010804,2803,229,0.6275234528752618,1.0,0.20585258504885537,0.004366812227074236,0.004366812227074236,0.017467248908296942,11.0,3.0
emblematica:E010805,2803,282,0.6129319999254654,0.1111111111111111,0.20994158030718746,0.0,0.0,0.0070921985815602835,7.0,4.0
emblematica:E010806,2803,991,1.0,0.5,0.7165844364451635,0.0,0.004036326942482341,0.008072653884964682,9.0,3.0
emblematica:E010807,2803,725,0.8800456786592188,1.0,0.7948868083333401,0.001379310344827586,0.004137931034482759,0.011034482758620689,9.0,3.0
emblematica:E010808,2803,763,0.8800456786592188,1.0,0.7846601660244555,0.001310615989515072,0.003931847968545216,0.010484927916120577,10.0,4.0
emblematica:E010809,2803,817,0.8800456786592188,1.0,0.7892198499669675,0.0012239902080783353,0.0036719706242350062,0.009791921664626682,8.0,4.0
emblematica:E010810,2803,1063,0.9368077570869661,1.0,0.7448782839761929,0.0009407337723424271,0.0037629350893697085,0.008466603951081843,45.5,3.5
emblematica:E010811,2803,856,1.0,1.0,0.776303729602966,0.0011682242990654205,0.005841121495327103,0.011682242990654205,5.0,4.0
emblematica:E010812,2803,1035,1.0,1.0,0.7309539891607109,0.000966183574879227,0.004830917874396135,0.00966183574879227,24.5,4.0
emblematica:E010813,2803,785,1.0,1.0,0.7611984946771192,0.0012738853503184713,0.006369426751592357,0.012738853503184714,15.0,3.0
emblematica:E010814,2803,761,1.0,1.0,0.7806606962557445,0.001314060446780552,0.006570302233902759,0.013140604467805518,4.0,4.0
emblematica:E010815,2803,949,0.8800456786592188,1.0,0.7204274907007856,0.001053740779768177,0.003161222339304531,0.008429926238145416,17.0,5.0
emblematica:E010816,2803,757,0.8958437393874773,1.0,0.7836711877750344,0.001321003963011889,0.003963011889035667,0.010568031704095112,12.0,4.0
emblematica:E010817,2803,751,1.0,1.0,0.8039413811092512,0.0013315579227696406,0.006657789613848202,0.013315579227696404,4.0,3.0
emblematica:E010818,2803,723,1.0,1.0,0.8181504509715046,0.0013831258644536654,0.006915629322268326,0.013831258644536652,4.5,3.5
emblematica:E010819,2803,176,0.4345081273853569,0.16666666666666666,0.17183968360559485,0.0,0.0,0.011363636363636364,3.5,4.0
emblematica:E010820,2803,900,0.7520973617492562,0.5,0.7253725231812964,0.0,0.0044444444444444444,0.0077777777777777776,32.0,4.0
emblematica:E010821,2803,727,1.0,1.0,0.8132255509116965,0.001375515818431912,0.0068775790921595595,0.013755158184319119,4.0,4.0
emblematica:E010822,2803,865,1.0,1.0,0.7836226194956094,0.0011560693641618498,0.005780346820809248,0.011560693641618497,23.5,4.0
emblematica:E010823,2803,925,0.9558305176970738,1.0,0.7406886012002801,0.001081081081081081,0.005405405405405406,0.00972972972972973,13.0,3.0
emblematica:E010824,2803,750,0.909543036405889,1.0,0.7982022094727887,0.0013333333333333333,0.006666666666666667,0.010666666666666666,15.0,3.0
emblematica:E010825,2803,760,1.0,1.0,0.7860798190219609,0.0013157894736842105,0.006578947368421052,0.013157894736842105,8.0,3.0
emblematica:E010826,2803,772,0.9266360779006398,1.0,0.7636390707950322,0.0012953367875647669,0.0051813471502590676,0.011658031088082901,12.0,3.0
emblematica:E010827,2803,946,0.7911434553988393,1.0,0.7143825155130737,0.0010570824524312897,0.004228329809725159,0.006342494714587738,6.0,3.0
emblematica:E010828,2803,781,0.7911434553988393,1.0,0.7472081930245245,0.0012804097311139564,0.005121638924455826,0.0076824583866837385,11.0,3.0
emblematica:E010829,2803,271,0.3775028156362593,0.1111111111111111,0.2134436312024284,0.0,0.0,0.0036900369003690036,12.5,3.5
emblematica:E010830,2803,958,0.790079912888246,0.5,0.7028092213528487,0.0,0.003131524008350731,0.008350730688935281,9.0,3.0
emblematica:E010831,2803,731,0.8161018972187557,1.0,0.7952956866387093,0.0013679890560875513,0.005471956224350205,0.009575923392612859,2.5,3.0
emblematica:E010832,2803,816,0.7427379751193957,1.0,0.7619509750216671,0.0012254901960784314,0.003676470588235294,0.007352941176470588,17.0,4.5
emblematica:E010833,2803,739,0.9575861412006987,1.0,0.7878443747322231,0.0013531799729364006,0.006765899864682003,0.012178619756427604,2.0,3.0
emblematica:E010834,2803,737,0.9575861412006987,1.0,0.791437900141963,0.0013568521031207597,0.0067842605156037995,0.012211668928086838,3.0,3.0
emblematica:E010835,2803,724,1.0,1.0,0.8297943080128243,0.0013812154696132596,0.006906077348066298,0.013812154696132596,2.5,3.0
emblematica:E010836,2803,858,1.0,1.0,0.8029295588019991,0.0011655011655011655,0.005827505827505828,0.011655011655011656,22.0,4.0
emblematica:E010837,2803,837,0.9668728882728055,1.0,0.7869426913567535,0.0011947431302270011,0.005973715651135006,0.010752688172043012,20.0,4.0
emblematica:E010838,2803,842,0.9558305176970738,1.0,0.7788546925361949,0.0011876484560570072,0.0059382422802850355,0.010688836104513063,12.0,3.0
emblematica:E010839,2803,797,0.8988252059479763,1.0,0.7834592084991101,0.0012547051442910915,0.006273525721455458,0.010037641154328732,13.5,3.0
emblematica:E010840,2803,743,0.8988252059479763,1.0,0.8066220199289208,0.0013458950201884253,0.006729475100942127,0.010767160161507403,4.5,4.5
emblematica:E010841,2803,723,1.0,1.0,0.8124105207930102,0.0013831258644536654,0.006915629322268326,0.013831258644536652,2.0,4.0
emblematica:E010842,2803,936,1.0,1.0,0.7540960198737598,0.0010683760683760685,0.005341880341880342,0.010683760683760684,5.5,4.0
emblematica:E010843,2803,759,0.8527809579781417,1.0,0.7802157498922764,0.0013175230566534915,0.005270092226613966,0.00922266139657444,5.0,4.0
emblematica:E010844,2803,850,1.0,1.0,0.9259522572833809,0.001176470588235294,0.0058823529411764705,0.011764705882352941,2.0,4.0
emblematica:E010845,2803,756,0.7520973617492562,0.5,0.7740638041680066,0.0,0.005291005291005291,0.009259259259259259,11.0,4.0
emblematica:E010846,2803,167,0.4345081273853569,0.16666666666666666,0.17689728078519,0.0,0.0,0.011976047904191617,2.5,4.0
emblematica:E010847,2803,191,0.5705181411261643,1.0,0.2289825706891566,0.005235602094240838,0.005235602094240838,0.015706806282722512,1.5,4.0
emblematica:E010848,2803,241,0.5705181411261643,1.0,0.22731354751866872,0.004149377593360996,0.004149377593360996,0.012448132780082987,4.0,3.0
emblematica:E010849,2803,720,0.909543036405889,1.0,0.7924462302690731,0.001388888888888889,0.006944444444444444,0.011111111111111112,2.5,3.0
emblematica:E010850,2803,980,0.9558305176970738,1.0,0.7343232038092959,0.0010204081632653062,0.00510204081632653,0.009183673469387756,18.0,4.0
emblematica:E010851,2803,117,0.39652557624636714,0.25,0.04978728153739503,0.0,0.008547008547008548,0.008547008547008548,2.0,3.5
emblematica:E010852,2803,194,0.3775028156362593,0.1111111111111111,0.202814854974799,0.0,0.0,0.005154639175257732,2.0,4.0
emblematica:E010853,2803,231,0.6919875616817434,1.0,0.20350634526216652,0.004329004329004329,0.008658008658008658,0.021645021645021644,2.0,4.0
emblematica:E010854,2803,165,0.676189500953485,1.0,0.20004261385449787,0.006060606060606061,0.012121212121212121,0.030303030303030304,1.0,3.0
emblematica:E010855,2803,540,0.5792371147591019,1.0,0.230468169150386,0.001851851851851852,0.003703703703703704,0.005555555555555556,3.0,3.0
emblematica:E010856,2803,206,0.631502627411552,1.0,0.2408283343769926,0.0048543689320388345,0.009708737864077669,0.019417475728155338,2.0,4.0
emblematica:E010857,2803,261,0.5809927382627267,1.0,0.1934207443187052,0.0038314176245210726,0.007662835249042145,0.011494252873563218,12.5,3.0
emblematica:E010858,2803,230,0.5809927382627267,1.0,0.22403035549918213,0.004347826086956522,0.008695652173913044,0.013043478260869565,4.5,4.0
emblematica:E010859,2803,1022,0.7788708846071951,1.0,0.685499530571952,0.0009784735812133072,0.0029354207436399216,0.005870841487279843,16.0,3.0
emblematica:E010860,2803,729,0.7788708846071951,1.0,0.7734239513626662,0.0013717421124828531,0.00411522633744856,0.00823045267489712,2.0,4.0
emblematica:E010861,2803,781,0.8942361982661556,1.0,0.7606391898636354,0.0012804097311139564,0.0038412291933418692,0.010243277848911651,14.0,3.0
emblematica:E010862,2803,747,0.9368077570869661,1.0,0.7755653487135606,0.0013386880856760374,0.00535475234270415,0.012048192771084338,11.0,3.0
emblematica:E010863,2803,27,0.3333333333333333,0.01639344262295082,0.013099321687032692,0.0,0.0,0.0,4.5,3.0
emblematica:E010864,2803,194,0.3333333333333333,0.07692307692307693,0.19666797429832047,0.0,0.0,0.0,5.0,3.0
emblematica:E010865,2803,832,1.0,1.0,0.9235715278890544,0.001201923076923077,0.006009615384615385,0.01201923076923077,3.0,3.0
emblematica:E010866,2803,934,0.8943286401726791,1.0,0.7213537980423169,0.0010706638115631692,0.004282655246252677,0.008565310492505354,3.0,3.0
emblematica:E010867,2803,1119,1.0,1.0,0.8389483894507035,0.0008936550491510277,0.004468275245755138,0.008936550491510277,22.0,3.0
emblematica:E010868,2803,752,0.8990684392693266,1.0,0.7729162364670815,0.0013297872340425532,0.003989361702127659,0.009308510638297872,11.0,3.0
emblematica:E010869,2803,1039,1.0,1.0,0.8466384270955709,0.0009624639076034649,0.004812319538017324,0.009624639076034648,9.0,3.0
emblematica:E010870,2803,1085,1.0,1.0,0.7277655451935324,0.0009216589861751152,0.004608294930875576,0.009216589861751152,20.5,4.0
emblematica:E010871,2803,749,0.9575861412006987,1.0,0.8045205269358897,0.0013351134846461949,0.006675567423230975,0.012016021361815754,9.5,3.0
emblematica:E010872,2803,739,0.9575861412006987,1.0,0.8109502875300243,0.0013531799729364006,0.006765899864682003,0.012178619756427604,8.0,3.0
emblematica:E010873,2803,794,1.0,1.0,0.784344387908541,0.0012594458438287153,0.006297229219143577,0.012594458438287154,12.0,3.5
emblematica:E010874,2803,891,1.0,1.0,0.7370720739952886,0.001122334455667789,0.005611672278338945,0.01122334455667789,15.0,4.0
emblematica:E010875,2803,781,1.0,1.0,0.8157069930948687,0.0012804097311139564,0.006402048655569782,0.012804097311139564,13.0,3.0
emblematica:E010876,2803,1046,1.0,1.0,0.8506026250825255,0.0009560229445506692,0.004780114722753346,0.009560229445506692,3.0,3.0
emblematica:E010877,2803,929,0.9266360779006398,1.0,0.7283112689194051,0.001076426264800861,0.004305705059203444,0.00968783638320775,5.0,3.0
emblematica:E010878,2803,944,0.9266360779006398,1.0,0.7171049551645369,0.001059322033898305,0.00423728813559322,0.009533898305084746,6.0,4.0
emblematica:E010879,2803,221,0.4389394350456683,0.25,0.20281607836833188,0.0,0.004524886877828055,0.00904977375565611,9.5,3.5
emblematica:E010880,2803,253,0.3333333333333333,0.045454545454545456,0.09456268628432037,0.0,0.0,0.0,17.0,4.0
emblematica:E010881,2803,849,1.0,1.0,0.9307478851789325,0.001177856301531213,0.005889281507656066,0.011778563015312132,12.5,3.5
emblematica:E010882,2803,910,0.9668728882728055,1.0,0.7605665445244556,0.001098901098901099,0.005494505494505495,0.00989010989010989,10.5,3.0
emblematica:E010883,2803,948,0.7237123142189938,0.5,0.7168304257932037,0.0,0.002109704641350211,0.006329113924050633,7.0,5.0
emblematica:E010884,2803,284,0.628832059597349,0.5,0.2493979399140513,0.0,0.01056338028169014,0.014084507042253521,11.0,3.0
emblematica:E010885,2803,730,1.0,1.0,0.7885133175054642,0.0013698630136986301,0.00684931506849315,0.0136986301369863,5.0,3.0
emblematica:E010886,2803,767,1.0,1.0,0.7783133893741156,0.001303780964797914,0.00651890482398957,0.01303780964797914,5.0,3.5
emblematica:E010887,2803,730,0.8340611153182702,1.0,0.7815365726921456,0.0013698630136986301,0.00410958904109589,0.010958904109589041,6.5,3.0
emblematica:E010888,2803,872,1.0,1.0,0.9053802912169713,0.0011467889908256881,0.005733944954128441,0.011467889908256881,10.0,3.5
emblematica:E010889,2803,708,0.8532721558012798,0.5,0.7821144088672861,0.0,0.005649717514124294,0.012711864406779662,1.5,2.5
emblematica:E010890,2803,188,0.5625801012432448,0.5,0.0955114735686243,0.0,0.010638297872340425,0.015957446808510637,7.0,4.0
emblematica:E010891,2803,764,1.0,0.5,0.7726149908000723,0.0,0.005235602094240838,0.011780104712041885,11.0,5.0
emblematica:E010892,2803,235,0.5684863106277556,0.25,0.17423679095129935,0.0,0.00425531914893617,0.00425531914893617,12.0,3.5
emblematica:E010893,2803,836,0.8988252059479763,1.0,0.7445231430935114,0.0011961722488038277,0.005980861244019139,0.009569377990430622,15.0,3.5
emblematica:E010894,2803,858,0.8988252059479763,1.0,0.7501147340826454,0.0011655011655011655,0.005827505827505828,0.009324009324009324,34.0,4.0
emblematica:E010895,2803,188,0.4974571369770405,0.25,0.2380265365113319,0.0,0.010638297872340425,0.015957446808510637,3.5,4.0
emblematica:E010896,2803,734,0.6891483521575726,0.5,0.7557183841318115,0.0,0.0027247956403269754,0.008174386920980926,11.0,4.0
emblematica:E010897,2803,724,0.8532721558012798,0.5,0.796444008171129,0.0,0.0055248618784530384,0.012430939226519336,3.5,3.5
emblematica:E010898,2803,158,0.37962081462451813,0.125,0.17664183624183638,0.0,0.0,0.006329113924050633,2.5,3.0
emblematica:E010899,2803,727,0.8800456786592188,1.0,0.7990114813465788,0.001375515818431912,0.0041265474552957355,0.011004126547455296,4.0,3.5
emblematica:E010900,2803,717,0.8800456786592188,1.0,0.8025924797918521,0.001394700139470014,0.0041841004184100415,0.011157601115760111,3.0,3.0
emblematica:E010901,2803,24,0.3333333333333333,0.011494252873563218,0.007407353755566708,0.0,0.0,0.0,2.0,4.0
emblematica:E010902,2803,66,0.3439367980331586,0.03225806451612903,0.033019503493776525,0.0,0.0,0.0,10.0,4.0
emblematica:E010903,2803,763,0.9537125187088151,1.0,0.7907071397299513,0.001310615989515072,0.00655307994757536,0.011795543905635648,17.5,3.0
emblematica:E010904,2803,1002,0.9537125187088151,1.0,0.7415183506607268,0.000998003992015968,0.00499001996007984,0.008982035928143712,12.0,3.0
emblematica:E010905,2803,930,1.0,1.0,0.7324270194005583,0.001075268817204301,0.005376344086021506,0.010752688172043012,7.5,3.5
emblematica:E010906,2803,713,1.0,1.0,0.7985526472803792,0.001402524544179523,0.0070126227208976155,0.014025245441795231,1.0,5.0
emblematica:E010907,2803,837,0.9575861412006987,1.0,0.7819178463631224,0.0011947431302270011,0.005973715651135006,0.010752688172043012,18.5,4.0
emblematica:E010908,2803,740,1.0,1.0,0.7957040787170833,0.0013513513513513514,0.006756756756756757,0.012162162162162163,12.0,3.0
emblematica:E010909,2803,804,1.0,1.0,0.7802834277732735,0.0012437810945273632,0.006218905472636816,0.012437810945273632,6.5,3.0
emblematica:E010910,2803,831,1.0,1.0,0.7776528622591631,0.0012033694344163659,0.006016847172081829,0.012033694344163659,14.0,4.0
emblematica:E010911,2803,1053,1.0,1.0,0.739746029622917,0.000949667616334283,0.004748338081671415,0.00949667616334283,21.5,4.0
emblematica:E010912,2803,765,0.9477344873475497,1.0,0.7965869199978944,0.00130718954248366,0.006535947712418301,0.01045751633986928,7.5,4.0
emblematica:E010913,2803,796,1.0,1.0,0.7943228561602178,0.001256281407035176,0.00628140703517588,0.01256281407035176,7.0,3.5
emblematica:E010914,2803,745,1.0,1.0,0.8053177231694137,0.0013422818791946308,0.006711409395973154,0.013422818791946308,14.0,3.5
emblematica:E010915,2803,769,0.8337581973680339,1.0,0.7794220625931401,0.0013003901170351106,0.0039011703511053317,0.009102730819245773,17.0,4.0
emblematica:E010916,2803,964,0.9432379215722525,1.0,0.73102393948238,0.001037344398340249,0.0031120331950207467,0.007261410788381743,9.0,4.0
emblematica:E010917,2803,741,0.9575861412006987,1.0,0.7954024567582685,0.001349527665317139,0.006747638326585695,0.012145748987854251,4.5,3.5
emblematica:E010918,2803,770,0.9575861412006987,1.0,0.7982061637976615,0.0012987012987012987,0.006493506493506494,0.011688311688311689,3.0,3.0
emblematica:E010919,2803,747,1.0,1.0,0.8024984479845582,0.0013386880856760374,0.006693440428380187,0.013386880856760375,11.0,3.0
emblematica:E010920,2803,753,1.0,1.0,0.7996360128764225,0.0013280212483399733,0.006640106241699867,0.013280212483399735,5.0,3.0
emblematica:E010921,2803,729,0.8532721558012798,0.5,0.7878536403688512,0.0,0.0054869684499314125,0.012345679012345678,8.5,3.0
emblematica:E010922,2803,216,0.48910053882873683,0.5,0.16955543505496162,0.0,0.009259259259259259,0.009259259259259259,3.0,3.0
emblematica:E010923,2803,752,0.6110446309615652,0.16666666666666666,0.7249660926300965,0.0,0.0,0.005319148936170213,7.0,3.0
emblematica:E010924,2803,191,0.6681358207554176,0.5,0.23851053674621092,0.0,0.020942408376963352,0.02617801047120419,3.0,3.0
emblematica:E010925,2803,228,0.6988885181496467,1.0,0.26331496540606364,0.0043859649122807015,0.013157894736842105,0.021929824561403508,17.0,4.0
emblematica:E010926,2803,218,0.7430580004525728,1.0,0.2795666011228273,0.0045871559633027525,0.013761467889908258,0.027522935779816515,12.0,4.0
emblematica:E010927,2803,1014,1.0,1.0,0.7549705694532282,0.0009861932938856016,0.004930966469428008,0.009861932938856016,12.0,3.0
emblematica:E010928,2803,780,1.0,1.0,0.7955162431427664,0.001282051282051282,0.00641025641025641,0.01282051282051282,22.0,3.5
emblematica:E010929,2803,60,0.3333333333333333,0.03125,0.025722526940348305,0.0,0.0,0.0,6.0,3.0
emblematica:E010930,2803,901,0.8532721558012798,0.5,0.8987643883379072,0.0,0.004439511653718091,0.009988901220865706,18.0,3.0
emblematica:E010931,2803,773,1.0,1.0,0.7855434282833397,0.00129366106080207,0.00646830530401035,0.0129366106080207,14.0,3.0
emblematica:E010932,2803,798,1.0,1.0,0.7764844293813901,0.0012531328320802004,0.006265664160401002,0.012531328320802004,3.5,4.5
emblematica:E010933,2803,790,0.9575861412006987,1.0,0.7677113496889868,0.0012658227848101266,0.006329113924050633,0.01139240506329114,17.0,3.0
emblematica:E010934,2803,754,0.9575861412006987,1.0,0.7775444382864223,0.001326259946949602,0.006631299734748011,0.011936339522546418,9.5,3.0
emblematica:E010935,2803,722,1.0,1.0,0.783791509463432,0.0013850415512465374,0.006925207756232687,0.013850415512465374,13.0,3.0
emblematica:E010936,2803,935,1.0,1.0,0.7323230349722272,0.0010695187165775401,0.0053475935828877,0.0106951871657754,18.5,3.5
emblematica:E010937,2803,754,0.8803485966094551,1.0,0.7541865966148378,0.001326259946949602,0.005305039787798408,0.010610079575596816,17.0,4.0
emblematica:E010938,2803,190,0.6486218623221716,1.0,0.21223719783549008,0.005263157894736842,0.010526315789473684,0.021052631578947368,1.0,3.5
emblematica:E010939,2803,769,0.8083682423538655,1.0,0.789213314227832,0.0013003901170351106,0.006501950585175552,0.007802340702210663,15.5,3.5
emblematica:E010940,2803,740,0.8083682423538655,1.0,0.801065498715249,0.0013513513513513514,0.006756756756756757,0.008108108108108109,6.0,4.0
emblematica:E010941,2803,746,0.5293963986397792,0.25,0.7492498764006158,0.0,0.0013404825737265416,0.005361930294906166,8.0,3.5
emblematica:E010942,2803,162,0.5270830899677266,0.5,0.2072392385231368,0.0,0.006172839506172839,0.018518518518518517,1.0,4.0
emblematica:E010943,2803,760,1.0,1.0,0.8151531938047706,0.0013157894736842105,0.006578947368421052,0.013157894736842105,2.0,4.0
emblematica:E010944,2803,791,1.0,1.0,0.7962832751655416,0.0012642225031605564,0.006321112515802781,0.012642225031605562,13.0,4.5
emblematica:E010945,2803,816,0.8988252059479763,1.0,0.7984987867191206,0.0012254901960784314,0.006127450980392157,0.00980392156862745,21.0,3.0
emblematica:E010946,2803,717,0.8988252059479763,1.0,0.8276527797540938,0.001394700139470014,0.00697350069735007,0.011157601115760111,5.5,3.0
emblematica:E010947,2803,749,0.8340611153182702,1.0,0.7930595197960587,0.0013351134846461949,0.004005340453938585,0.010680907877169559,7.0,3.0
emblematica:E010948,2803,732,0.9266360779006398,1.0,0.8055400945089252,0.001366120218579235,0.004098360655737705,0.01092896174863388,5.0,3.5
emblematica:E010949,2803,746,0.8564113471486752,1.0,0.7533879133044143,0.0013404825737265416,0.006702412868632708,0.00938337801608579,9.5,2.5
emblematica:E010950,2803,748,0.8564113471486752,1.0,0.7549185932368586,0.001336898395721925,0.0066844919786096255,0.009358288770053475,7.0,3.0
emblematica:E010951,2803,715,0.9266360779006398,1.0,0.7926074494403994,0.0013986013986013986,0.005594405594405594,0.012587412587412588,2.0,4.0
emblematica:E010952,2803,761,0.9266360779006398,1.0,0.7897956216358413,0.001314060446780552,0.005256241787122208,0.011826544021024968,19.0,4.0
emblematica:E010953,2803,845,1.0,1.0,0.7638651995651149,0.001183431952662722,0.005917159763313609,0.011834319526627219,31.0,3.0
emblematica:E010954,2803,710,1.0,1.0,0.7926905707015801,0.0014084507042253522,0.007042253521126761,0.014084507042253521,1.0,5.0
emblematica:E010955,2803,722,0.7799082337019198,0.5,0.7861281462614047,0.0,0.004155124653739612,0.0110803324099723,3.0,3.0
emblematica:E010956,2803,158,0.3333333333333333,0.047619047619047616,0.15542390905860137,0.0,0.0,0.0,2.0,4.0
emblematica:E010957,2803,711,0.9266360779006398,1.0,0.777192875642841,0.0014064697609001407,0.005625879043600563,0.012658227848101266,4.0,3.0
emblematica:E010958,2803,721,0.9266360779006398,1.0,0.7718482798017564,0.0013869625520110957,0.005547850208044383,0.012482662968099861,4.0,3.0
emblematica:E010959,2803,720,0.8532721558012798,0.5,0.791346355676425,0.0,0.005555555555555556,0.0125,6.0,3.0
emblematica:E010960,2803,230,0.48055237535519146,0.2,0.21010371244618542,0.0,0.004347826086956522,0.013043478260869565,7.0,4.0
emblematica:E010961,2803,237,0.9432379215722525,1.0,0.2928608213512168,0.004219409282700422,0.016877637130801686,0.0379746835443038,5.0,3.5
emblematica:E010962,2803,192,0.8943286401726791,1.0,0.2872654135208223,0.005208333333333333,0.020833333333333332,0.041666666666666664,3.5,3.5
emblematica:E010963,2803,776,0.8878984756873928,1.0,0.7627719934480313,0.001288659793814433,0.005154639175257732,0.010309278350515464,10.0,3.0
emblematica:E010964,2803,718,0.8878984756873928,1.0,0.7818353211566988,0.001392757660167131,0.005571030640668524,0.011142061281337047,1.5,3.5
emblematica:E010965,2803,709,0.7620807610626806,1.0,0.7821715971171942,0.0014104372355430183,0.005641748942172073,0.00846262341325811,1.0,3.0
emblematica:E010966,2803,716,0.7620807610626806,1.0,0.7805283683893531,0.0013966480446927375,0.00558659217877095,0.008379888268156424,7.5,3.0
emblematica:E010967,2803,714,0.789588715065108,1.0,0.7897936372767235,0.0014005602240896359,0.004201680672268907,0.008403361344537815,1.0,4.0
emblematica:E010968,2803,921,0.789588715065108,1.0,0.7271704226441325,0.0010857763300760044,0.003257328990228013,0.006514657980456026,12.5,4.5
emblematica:E010969,2803,936,1.0,1.0,0.7413763593722076,0.0010683760683760685,0.005341880341880342,0.010683760683760684,29.0,4.0
emblematica:E010970,2803,850,1.0,1.0,0.7711688644886738,0.001176470588235294,0.0058823529411764705,0.011764705882352941,21.5,3.5
emblematica:E010971,2803,751,0.8988252059479763,1.0,0.8297436034792375,0.0013315579227696406,0.006657789613848202,0.010652463382157125,11.5,3.5
emblematica:E010972,2803,746,0.8988252059479763,1.0,0.8303950027493987,0.0013404825737265416,0.006702412868632708,0.010723860589812333,2.0,4.0
emblematica:E010973,2803,757,0.8698739994728926,1.0,0.7840481887818972,0.001321003963011889,0.003963011889035667,0.010568031704095112,11.0,4.0
emblematica:E010974,2803,739,0.8698739994728926,1.0,0.7916364524069589,0.0013531799729364006,0.0040595399188092015,0.010825439783491205,5.5,3.5
emblematica:E010975,2803,786,0.9086768598011253,1.0,0.7771052205298713,0.001272264631043257,0.006361323155216285,0.010178117048346057,6.0,4.0
emblematica:E010976,2803,794,0.9086768598011253,1.0,0.7771557095453734,0.0012594458438287153,0.006297229219143577,0.010075566750629723,17.0,4.0
emblematica:E010977,2803,754,0.9074250374176303,1.0,0.8023578941373731,0.001326259946949602,0.005305039787798408,0.011936339522546418,11.5,4.0
emblematica:E010978,2803,943,0.9074250374176303,1.0,0.7535668570552716,0.0010604453870625664,0.0042417815482502655,0.009544008483563097,7.0,3.0
emblematica:E010979,2803,728,1.0,1.0,0.7975408151247385,0.0013736263736263737,0.006868131868131868,0.013736263736263736,2.0,4.0
emblematica:E010980,2803,728,1.0,1.0,0.7938405635729617,0.0013736263736263737,0.006868131868131868,0.013736263736263736,1.0,4.0
emblematica:E010981,2803,1040,1.0,1.0,0.7287950680214148,0.0009615384615384616,0.004807692307692308,0.009615384615384616,46.5,3.5
emblematica:E010982,2803,725,1.0,1.0,0.8040394706254278,0.001379310344827586,0.006896551724137931,0.013793103448275862,2.0,3.0
emblematica:E010983,2803,854,0.9575861412006987,1.0,0.7355058256775088,0.00117096018735363,0.00585480093676815,0.01053864168618267,2.0,4.0
emblematica:E010984,2803,719,0.9575861412006987,1.0,0.7865513149868361,0.0013908205841446453,0.006954102920723227,0.012517385257301807,2.0,3.0
emblematica:E010985,2803,735,1.0,1.0,0.7966240436597417,0.0013605442176870747,0.006802721088435374,0.013605442176870748,2.0,3.0
emblematica:E010986,2803,803,1.0,1.0,0.7747263275117222,0.0012453300124533001,0.0062266500622665,0.012453300124533,14.0,3.5
emblematica:E010987,2803,784,0.8988252059479763,1.0,0.7802650597678518,0.0012755102040816326,0.006377551020408163,0.01020408163265306,5.0,5.0
emblematica:E010988,2803,708,0.8988252059479763,1.0,0.8116929530797483,0.0014124293785310734,0.007062146892655367,0.011299435028248588,1.0,5.0
emblematica:E010989,2803,970,0.47692198618465803,0.16666666666666666,0.6920787838365112,0.0,0.0,0.003092783505154639,15.0,4.0
emblematica:E010990,2803,217,0.636319580850595,0.5,0.21528314426926426,0.0,0.013824884792626729,0.02304147465437788,1.0,3.0
emblematica:E010991,2803,753,0.9575861412006987,1.0,0.7818097924302692,0.0013280212483399733,0.006640106241699867,0.01195219123505976,11.0,3.0
emblematica:E010992,2803,837,0.9575861412006987,1.0,0.7608663912300597,0.0011947431302270011,0.005973715651135006,0.010752688172043012,14.0,4.0
emblematica:E010993,2803,1010,0.8108582970019786,0.5,0.6910655389871538,0.0,0.0039603960396039604,0.007920792079207921,14.0,4.0
emblematica:E010994,2803,153,0.37574719213263447,0.1,0.20685961966788868,0.0,0.0,0.006535947712418301,4.0,4.0
emblematica:E010995,2803,448,0.6350677584670998,0.25,0.20541931805337402,0.0,0.004464285714285714,0.011160714285714286,13.0,3.5
emblematica:E010996,2803,773,0.7333178344604987,0.5,0.7673973364302062,0.0,0.00258732212160414,0.009055627425614488,10.0,3.0
emblematica:E010997,2803,793,1.0,1.0,0.8089138301514143,0.0012610340479192938,0.006305170239596469,0.012610340479192938,8.0,3.5
emblematica:E010998,2803,933,1.0,1.0,0.7451437291515168,0.0010718113612004287,0.0053590568060021436,0.010718113612004287,8.5,3.5
emblematica:E010999,2803,231,0.6782422418267581,0.5,0.2318161659498977,0.0,0.008658008658008658,0.012987012987012988,8.0,3.0
emblematica:E011000,2803,732,0.8421283856352147,0.3333333333333333,0.769047161085348,0.0,0.00273224043715847,0.006830601092896175,3.0,3.0
emblematica:E011001,2803,312,0.43900469316065394,0.2,0.19354975335134214,0.0,0.003205128205128205,0.00641025641025641,12.5,3.0
emblematica:E011002,2803,767,0.7039351147911628,0.3333333333333333,0.7256872132331186,0.0,0.002607561929595828,0.009126466753585397,12.5,3.0
emblematica:E011003,2803,717,0.7540962185742314,0.5,0.7643592296536688,0.0,0.0041841004184100415,0.009762900976290097,2.0,3.0
emblematica:E011004,2803,212,0.43250927056038174,0.2,0.1969621966171199,0.0,0.0047169811320754715,0.009433962264150943,6.5,3.5
emblematica:E011005,2803,731,0.8943286401726791,1.0,0.775423359802408,0.0013679890560875513,0.005471956224350205,0.01094391244870041,2.5,3.0
emblematica:E011006,2803,713,0.8943286401726791,1.0,0.7849109096182016,0.001402524544179523,0.005610098176718092,0.011220196353436185,2.5,3.5
emblematica:E011007,2803,714,0.8632555551147042,1.0,0.79478601087828,0.0014005602240896359,0.0056022408963585435,0.011204481792717087,2.0,4.0
emblematica:E011008,2803,726,0.8632555551147042,1.0,0.7955521100207357,0.0013774104683195593,0.005509641873278237,0.011019283746556474,4.0,3.0
emblematica:E011009,2803,735,0.8475402580516587,0.5,0.7735287248829222,0.0,0.005442176870748299,0.010884353741496598,5.0,3.0
emblematica:E011010,2803,189,0.41242915318231443,0.1,0.15658633883805254,0.0,0.0,0.005291005291005291,6.5,3.0
emblematica:E011011,2803,724,0.7520973617492562,0.5,0.7644126355668189,0.0,0.0055248618784530384,0.009668508287292817,5.0,3.0
emblematica:E011012,2803,203,0.4345081273853569,0.16666666666666666,0.18234366918976333,0.0,0.0,0.009852216748768473,5.5,3.5
emblematica:E011013,2803,321,0.5705181411261643,1.0,0.16936607118435207,0.003115264797507788,0.003115264797507788,0.009345794392523364,12.0,4.0
emblematica:E011014,2803,275,0.5705181411261643,1.0,0.17746675968542305,0.0036363636363636364,0.0036363636363636364,0.01090909090909091,1.5,3.0
emblematica:E011015,2803,876,1.0,1.0,0.9130536582170735,0.001141552511415525,0.005707762557077625,0.01141552511415525,19.0,3.0
emblematica:E011016,2803,810,1.0,1.0,0.7841329409031608,0.0012345679012345679,0.006172839506172839,0.012345679012345678,31.0,4.0
emblematica:E011017,2803,728,0.8988252059479763,1.0,0.7861635218473724,0.0013736263736263737,0.006868131868131868,0.01098901098901099,3.5,3.5
emblematica:E011018,2803,777,0.8988252059479763,1.0,0.7618503963197415,0.001287001287001287,0.006435006435006435,0.010296010296010296,11.5,3.5
emblematica:E011019,2803,715,0.8564113471486752,1.0,0.7869559027555207,0.0013986013986013986,0.006993006993006993,0.009790209790209791,1.0,4.0
emblematica:E011020,2803,744,0.8564113471486752,1.0,0.7775481169248933,0.0013440860215053765,0.006720430107526882,0.009408602150537635,9.0,3.0
emblematica:E011021,2803,962,0.9575861412006987,1.0,0.7251438992620833,0.0010395010395010396,0.005197505197505198,0.009355509355509356,12.0,4.0
emblematica:E011022,2803,906,0.968189605900524,1.0,0.7164543618951393,0.0011037527593818985,0.005518763796909493,0.009933774834437087,26.5,3.5
emblematica:E011023,2803,803,0.9134166588977728,1.0,0.7581059256942781,0.0012453300124533001,0.0062266500622665,0.009962640099626401,10.0,3.5
emblematica:E011024,2803,714,0.9134166588977728,1.0,0.7865580363044964,0.0014005602240896359,0.0070028011204481795,0.011204481792717087,2.5,3.0
emblematica:E011025,2803,745,0.9558305176970738,1.0,0.7857604917322601,0.0013422818791946308,0.006711409395973154,0.012080536912751677,11.0,4.0
emblematica:E011026,2803,742,0.9558305176970738,1.0,0.7859699546774679,0.0013477088948787063,0.006738544474393531,0.012129380053908356,6.0,3.0
emblematica:E011027,2803,716,0.76069719321891,0.3333333333333333,0.8016548018515276,0.0,0.004189944134078212,0.0111731843575419,3.0,3.0
emblematica:E011028,2803,298,0.3775028156362593,0.0625,0.09865975487716147,0.0,0.0,0.0,7.0,4.0
emblematica:E011029,2803,396,0.48006117753205335,1.0,0.19529696317753686,0.0025252525252525255,0.0025252525252525255,0.0025252525252525255,1.0,3.5
emblematica:E011030,2803,219,0.48006117753205335,1.0,0.2183402575090526,0.0045662100456621,0.0045662100456621,0.0045662100456621,8.5,3.0
emblematica:E011031,2803,156,0.753361787429743,1.0,0.24334779985099678,0.00641025641025641,0.02564102564102564,0.03205128205128205,2.0,3.5
emblematica:E011032,2803,266,0.709192305126817,1.0,0.21522567735106685,0.0037593984962406013,0.015037593984962405,0.015037593984962405,5.0,3.0
emblematica:E011033,2803,744,1.0,1.0,0.7825879998284639,0.0013440860215053765,0.006720430107526882,0.013440860215053764,9.0,3.0
emblematica:E011034,2803,742,1.0,1.0,0.7866190420193817,0.0013477088948787063,0.006738544474393531,0.013477088948787063,7.0,3.0
emblematica:E011035,2803,760,0.8800456786592188,1.0,0.7964566279722965,0.0013157894736842105,0.003947368421052632,0.010526315789473684,6.0,4.0
emblematica:E011036,2803,751,0.8800456786592188,1.0,0.7977511408618974,0.0013315579227696406,0.0039946737683089215,0.010652463382157125,13.5,3.5
emblematica:E011037,2803,724,1.0,1.0,0.8047606580885008,0.0013812154696132596,0.006906077348066298,0.013812154696132596,3.5,3.5
emblematica:E011038,2803,957,1.0,1.0,0.7326030021105021,0.0010449320794148381,0.00522466039707419,0.01044932079414838,41.5,4.0
emblematica:E011039,2803,756,1.0,1.0,0.8021235307571104,0.0013227513227513227,0.006613756613756613,0.013227513227513227,4.0,3.0
emblematica:E011040,2803,716,1.0,1.0,0.8081832208291407,0.0013966480446927375,0.006983240223463687,0.013966480446927373,7.0,3.0
emblematica:E011041,2803,153,0.6467344933582715,0.5,0.2024919614737514,0.0,0.013071895424836602,0.032679738562091505,2.5,4.0
emblematica:E011042,2803,762,0.49570151347341557,0.25,0.7456756900653766,0.0,0.0026246719160104987,0.003937007874015748,12.0,3.0
emblematica:E011043,2803,325,0.5067438840491472,0.25,0.16968282548247612,0.0,0.006153846153846154,0.006153846153846154,10.0,4.0
emblematica:E011044,2803,735,0.7333178344604987,0.5,0.7873963856568865,0.0,0.0027210884353741495,0.009523809523809525,1.5,3.0
emblematica:E011045,2803,834,0.8800456786592188,1.0,0.7632158817008939,0.001199040767386091,0.0035971223021582736,0.009592326139088728,17.0,4.0
emblematica:E011046,2803,804,0.8800456786592188,1.0,0.7659783729315077,0.0012437810945273632,0.0037313432835820895,0.009950248756218905,16.0,3.0
emblematica:E011047,2803,744,0.8527809579781417,1.0,0.7795672589204531,0.0013440860215053765,0.005376344086021506,0.009408602150537635,8.0,3.0
emblematica:E011048,2803,977,0.8527809579781417,1.0,0.7065037412004295,0.0010235414534288639,0.0040941658137154556,0.007164790174002047,11.0,4.0
emblematica:E011049,2803,827,0.909543036405889,1.0,0.7652400143615915,0.0012091898428053204,0.006045949214026602,0.009673518742442563,20.0,4.0
emblematica:E011050,2803,735,0.909543036405889,1.0,0.7825547254079351,0.0013605442176870747,0.006802721088435374,0.010884353741496598,10.5,3.0
emblematica:E011051,2803,926,0.9510907186004266,1.0,0.7407377893180256,0.0010799136069114472,0.005399568034557235,0.009719222462203024,10.0,3.0
emblematica:E011052,2803,735,0.9510907186004266,1.0,0.7870595882202228,0.0013605442176870747,0.006802721088435374,0.012244897959183673,1.0,4.0
emblematica:E011053,2803,727,0.8988252059479763,1.0,0.7858407252642595,0.001375515818431912,0.0068775790921595595,0.011004126547455296,7.0,3.0
emblematica:E011054,2803,787,0.9510907186004266,1.0,0.7634696528779333,0.0012706480304955528,0.0063532401524777635,0.011435832274459974,10.5,3.5
emblematica:E011055,2803,770,0.8800456786592188,1.0,0.8011140744161485,0.0012987012987012987,0.003896103896103896,0.01038961038961039,12.5,3.0
emblematica:E011056,2803,1010,0.8800456786592188,1.0,0.7361036761937727,0.0009900990099009901,0.0029702970297029703,0.007920792079207921,27.5,4.0
emblematica:E011057,2803,737,0.8988252059479763,1.0,0.7999603576730512,0.0013568521031207597,0.0067842605156037995,0.010854816824966078,7.0,4.0
emblematica:E011058,2803,760,0.8988252059479763,1.0,0.7937194127103329,0.0013157894736842105,0.006578947368421052,0.010526315789473684,15.0,3.0
emblematica:E011059,2803,752,1.0,1.0,0.7682228826951925,0.0013297872340425532,0.006648936170212766,0.013297872340425532,10.5,3.5
emblematica:E011060,2803,870,1.0,1.0,0.9073471914083376,0.0011494252873563218,0.005747126436781609,0.011494252873563218,11.0,3.0
emblematica:E011061,2803,755,0.9266360779006398,1.0,0.7778436855328188,0.0013245033112582781,0.005298013245033113,0.011920529801324504,4.0,4.0
emblematica:E011062,2803,765,0.9266360779006398,1.0,0.7615196023449431,0.00130718954248366,0.00522875816993464,0.011764705882352941,13.0,3.5
emblematica:E011063,2803,50,0.48006117753205335,1.0,0.04792239612569835,0.02,0.02,0.02,3.0,3.5
emblematica:E011064,2803,801,0.7898916330153442,1.0,0.7616431787028808,0.0012484394506866417,0.003745318352059925,0.008739076154806492,15.0,3.5
emblematica:E011065,2803,866,0.8254612838486163,1.0,0.7520367653846609,0.0011547344110854503,0.004618937644341801,0.008083140877598153,25.5,3.5
emblematica:E011066,2803,759,0.8254612838486163,1.0,0.7765413925664754,0.0013175230566534915,0.005270092226613966,0.00922266139657444,4.0,3.0
emblematica:E011067,2803,815,0.9510907186004266,1.0,0.7537270295708778,0.001226993865030675,0.006134969325153374,0.011042944785276074,2.0,3.0
emblematica:E011068,2803,725,0.9510907186004266,1.0,0.7707870992184818,0.001379310344827586,0.006896551724137931,0.012413793103448275,7.0,3.0
emblematica:E011069,2803,723,0.74591043058532,0.5,0.7734890711290376,0.0,0.004149377593360996,0.009681881051175657,1.0,3.0
emblematica:E011070,2803,216,0.45086673773561936,0.3333333333333333,0.18076376925553303,0.0,0.004629629629629629,0.009259259259259259,9.0,3.0
emblematica:E011071,2803,722,0.8824665955977139,1.0,0.7675130284255524,0.0013850415512465374,0.00554016620498615,0.0110803324099723,10.0,3.0
emblematica:E011072,2803,912,1.0,1.0,0.892341241090217,0.0010964912280701754,0.005482456140350877,0.010964912280701754,18.0,4.0
emblematica:E011073,2803,744,0.8698739994728926,1.0,0.765351823654088,0.0013440860215053765,0.004032258064516129,0.010752688172043012,7.0,3.0
emblematica:E011074,2803,713,0.8698739994728926,1.0,0.7768105700752846,0.001402524544179523,0.004207573632538569,0.011220196353436185,3.0,4.0
emblematica:E011075,2803,764,0.9266360779006398,1.0,0.7756409525430006,0.0013089005235602095,0.005235602094240838,0.011780104712041885,1.0,3.0
emblematica:E011076,2803,714,0.9266360779006398,1.0,0.7740432097094542,0.0014005602240896359,0.0056022408963585435,0.012605042016806723,2.0,3.0
emblematica:E011077,2803,711,0.9510907186004266,1.0,0.7795153421521263,0.0014064697609001407,0.007032348804500703,0.012658227848101266,3.0,3.5
emblematica:E011078,2803,760,0.9510907186004266,1.0,0.7633044969254653,0.0013157894736842105,0.006578947368421052,0.011842105263157895,15.5,3.0
emblematica:E011079,2803,172,0.4345081273853569,0.16666666666666666,0.17907550703052688,0.0,0.0,0.011627906976744186,1.0,4.5
emblematica:E011080,2803,747,0.7520973617492562,0.5,0.7711865727895065,0.0,0.00535475234270415,0.009370816599732263,28.0,3.0
emblematica:E011081,2803,733,0.8340611153182702,1.0,0.7913507004516224,0.001364256480218281,0.004092769440654843,0.010914051841746248,10.0,3.0
emblematica:E011082,2803,755,0.8340611153182702,1.0,0.7814746355015405,0.0013245033112582781,0.003973509933774834,0.010596026490066225,10.0,4.0
emblematica:E011083,2803,764,0.8254612838486163,1.0,0.7761386499213265,0.0013089005235602095,0.005235602094240838,0.009162303664921465,25.0,3.0
emblematica:E011084,2803,868,0.8254612838486163,1.0,0.7508294289842804,0.001152073732718894,0.004608294930875576,0.008064516129032258,20.5,4.5
emblematica:E011085,2803,927,0.6891483521575726,0.5,0.71115548153672,0.0,0.002157497303128371,0.006472491909385114,9.0,3.0
emblematica:E011086,2803,196,0.5463664183766138,0.25,0.2060782165617261,0.0,0.01020408163265306,0.02040816326530612,11.0,4.0
emblematica:E011087,2803,758,1.0,1.0,0.786035952293266,0.0013192612137203166,0.006596306068601583,0.013192612137203167,11.0,3.0
emblematica:E011088,2803,764,1.0,1.0,0.7816728784411102,0.0013089005235602095,0.006544502617801047,0.013089005235602094,14.0,3.0
emblematica:E011089,2803,768,0.8254612838486163,1.0,0.791479586741549,0.0013020833333333333,0.005208333333333333,0.009114583333333334,25.0,3.0
emblematica:E011090,2803,814,0.8254612838486163,1.0,0.7626293907882478,0.0012285012285012285,0.004914004914004914,0.0085995085995086,17.5,4.0
emblematica:E011091,2803,836,0.8988252059479763,1.0,0.7637675634935072,0.0011961722488038277,0.005980861244019139,0.009569377990430622,12.5,3.5
emblematica:E011092,2803,743,0.9118915841110888,1.0,0.800429225363104,0.0013458950201884253,0.006729475100942127,0.010767160161507403,1.0,4.0
emblematica:E011093,2803,880,1.0,1.0,0.9065054936361271,0.0011363636363636363,0.005681818181818182,0.011363636363636364,3.0,3.0
emblematica:E011094,2803,739,1.0,1.0,0.7892018586872542,0.0013531799729364006,0.006765899864682003,0.013531799729364006,9.5,4.5
emblematica:E011095,2803,724,0.8800456786592188,1.0,0.7891673552221551,0.0013812154696132596,0.004143646408839779,0.011049723756906077,3.5,3.0
emblematica:E011096,2803,751,0.8800456786592188,1.0,0.7836852988135373,0.0013315579227696406,0.0039946737683089215,0.010652463382157125,10.0,3.5
emblematica:E011097,2803,742,0.8800456786592188,1.0,0.7887519535310652,0.0013477088948787063,0.004043126684636119,0.01078167115902965,17.0,4.0
emblematica:E011098,2803,820,0.8800456786592188,1.0,0.7835136080520262,0.0012195121951219512,0.003658536585365854,0.00975609756097561,20.0,3.0
emblematica:E011099,2803,724,0.8532721558012798,0.5,0.7824474089269021,0.0,0.0055248618784530384,0.012430939226519336,5.0,3.0
emblematica:E011100,2803,213,0.35647707397892575,0.07692307692307693,0.17742598065291837,0.0,0.0,0.0,7.0,4.0
emblematica:E011101,2803,715,0.9558305176970738,1.0,0.7914030900919159,0.0013986013986013986,0.006993006993006993,0.012587412587412588,4.0,4.0
emblematica:E011102,2803,712,0.9558305176970738,1.0,0.790892277839875,0.0014044943820224719,0.007022471910112359,0.012640449438202247,2.5,3.5
emblematica:E011103,2803,759,0.8358761963562927,1.0,0.7835894732921862,0.0013175230566534915,0.003952569169960474,0.00922266139657444,13.0,3.0
emblematica:E011104,2803,951,0.8358761963562927,1.0,0.7252027269291688,0.0010515247108307045,0.0031545741324921135,0.007360672975814932,27.0,4.0
emblematica:E011105,2803,743,1.0,1.0,0.7826116095356296,0.0013458950201884253,0.006729475100942127,0.013458950201884253,13.0,3.5
emblematica:E011106,2803,736,1.0,1.0,0.7792504611158829,0.001358695652173913,0.006793478260869565,0.01358695652173913,6.0,4.0
emblematica:E011107,2803,773,0.8800456786592188,1.0,0.7748521779299263,0.00129366106080207,0.0038809831824062097,0.01034928848641656,14.0,3.0
emblematica:E011108,2803,714,0.9432379215722525,1.0,0.8001432344387595,0.0014005602240896359,0.0056022408963585435,0.012605042016806723,2.0,3.0
emblematica:E011109,2803,233,0.5984016808684041,1.0,0.19742975333744323,0.004291845493562232,0.004291845493562232,0.012875536480686695,6.0,4.0
emblematica:E011110,2803,180,0.5289704589316268,1.0,0.19048089490333153,0.005555555555555556,0.005555555555555556,0.011111111111111112,5.5,3.5
emblematica:E011111,2803,965,0.8340611153182702,1.0,0.7158473274999072,0.0010362694300518134,0.0031088082901554403,0.008290155440414507,16.0,4.0
emblematica:E011112,2803,725,0.8340611153182702,1.0,0.7743505461098135,0.001379310344827586,0.004137931034482759,0.011034482758620689,13.0,3.0
emblematica:E011113,2803,733,0.8926382747840401,1.0,0.803412132702768,0.001364256480218281,0.005457025920873124,0.010914051841746248,6.0,4.0
emblematica:E011114,2803,784,0.8463507934928551,1.0,0.775778302480421,0.0012755102040816326,0.00510204081632653,0.008928571428571428,13.5,3.5
emblematica:E011115,2803,180,0.5163652595098138,0.5,0.17847717935513036,0.0,0.005555555555555556,0.016666666666666666,4.0,4.0
emblematica:E011116,2803,719,0.7628151922071689,0.5,0.8122731037649973,0.0,0.005563282336578581,0.009735744089012517,4.5,3.0
emblematica:E011117,2803,732,1.0,1.0,0.8067496933869616,0.001366120218579235,0.006830601092896175,0.01366120218579235,3.0,5.0
emblematica:E011118,2803,735,1.0,1.0,0.8029998572579305,0.0013605442176870747,0.006802721088435374,0.013605442176870748,7.0,3.5
emblematica:E011119,2803,840,1.0,1.0,0.9228707207624209,0.0011904761904761906,0.005952380952380952,0.011904761904761904,4.5,3.0
emblematica:E011120,2803,844,1.0,1.0,0.749253010091125,0.001184834123222749,0.005924170616113744,0.011848341232227487,17.0,3.0
emblematica:E011121,2803,723,1.0,1.0,0.7728123550008321,0.0013831258644536654,0.006915629322268326,0.013831258644536652,5.0,4.0
emblematica:E011122,2803,730,1.0,1.0,0.7675324684357774,0.0013698630136986301,0.00684931506849315,0.0136986301369863,2.0,3.0
emblematica:E011123,2803,713,1.0,1.0,0.8063541859780817,0.001402524544179523,0.0070126227208976155,0.014025245441795231,1.0,4.0
emblematica:E011124,2803,736,1.0,1.0,0.794162326079632,0.001358695652173913,0.006793478260869565,0.01358695652173913,6.0,3.0
emblematica:E011125,2803,808,0.8800456786592188,1.0,0.7702473219516061,0.0012376237623762376,0.0037128712871287127,0.009900990099009901,17.5,5.0
emblematica:E011126,2803,778,0.8800456786592188,1.0,0.7820267972639657,0.0012853470437017994,0.0038560411311053984,0.010282776349614395,10.5,3.5
emblematica:E011127,2803,922,0.9432379215722525,1.0,0.7356320238401263,0.0010845986984815619,0.004338394793926247,0.009761388286334056,8.0,3.0
emblematica:E011128,2803,745,0.9432379215722525,1.0,0.7857982914591686,0.0013422818791946308,0.005369127516778523,0.012080536912751677,3.0,3.0
emblematica:E011129,2803,156,0.610660960097452,1.0,0.19620134390891997,0.00641025641025641,0.01282051282051282,0.019230769230769232,2.5,4.0
emblematica:E011130,2803,161,0.610660960097452,1.0,0.1967926669026417,0.006211180124223602,0.012422360248447204,0.018633540372670808,4.5,4.0
emblematica:E011131,2803,757,1.0,1.0,0.8133935503614154,0.001321003963011889,0.0066050198150594455,0.013210039630118891,16.5,3.0
emblematica:E011132,2803,743,1.0,1.0,0.8094878218643081,0.0013458950201884253,0.006729475100942127,0.013458950201884253,2.0,3.0
emblematica:E011133,2803,191,0.6400084407336406,1.0,0.20859453151244392,0.005235602094240838,0.010471204188481676,0.020942408376963352,6.0,4.0
emblematica:E011134,2803,737,0.8824665955977139,1.0,0.7783944649627057,0.0013568521031207597,0.005427408412483039,0.010854816824966078,7.5,3.5
emblematica:E011135,2803,714,0.8800456786592188,1.0,0.7757804416336057,0.0014005602240896359,0.004201680672268907,0.011204481792717087,2.0,3.0
emblematica:E011136,2803,728,0.8800456786592188,1.0,0.7716504776311912,0.0013736263736263737,0.004120879120879121,0.01098901098901099,3.0,3.0
emblematica:E011137,2803,741,0.7666888146990526,0.5,0.780690759024886,0.0,0.005398110661268556,0.009446693657219974,11.0,4.0
emblematica:E011138,2803,60,0.3881062803360846,0.1111111111111111,0.04481030065488585,0.0,0.0,0.016666666666666666,6.5,3.5
emblematica:E011139,2803,813,0.8340611153182702,1.0,0.7660637745403451,0.0012300123001230013,0.0036900369003690036,0.00984009840098401,18.0,3.0
emblematica:E011140,2803,728,0.8340611153182702,1.0,0.7945076616962938,0.0013736263736263737,0.004120879120879121,0.01098901098901099,6.0,3.0
emblematica:E011141,2803,722,0.6449194123202489,0.25,0.7857787639952756,0.0,0.002770083102493075,0.008310249307479225,1.0,3.0
emblematica:E011142,2803,43,0.3333333333333333,0.043478260869565216,0.030433247702351073,0.0,0.0,0.0,2.0,4.0
emblematica:E011143,2803,784,1.0,1.0,0.7718726373662463,0.0012755102040816326,0.006377551020408163,0.012755102040816327,9.0,3.0
emblematica:E011144,2803,790,1.0,1.0,0.7657229178411551,0.0012658227848101266,0.006329113924050633,0.012658227848101266,14.5,3.0
emblematica:E011145,2803,756,0.6175400535618375,0.5,0.7286517899004931,0.0,0.0013227513227513227,0.006613756613756613,3.0,3.0
emblematica:E011146,2803,161,0.5612126385446017,0.3333333333333333,0.2194370992006549,0.0,0.012422360248447204,0.024844720496894408,3.5,4.5
emblematica:E011147,2803,64,0.3333333333333333,0.058823529411764705,0.03847976762945884,0.0,0.0,0.0,2.5,4.0
emblematica:E011148,2803,721,0.7799082337019198,0.5,0.7743038728538667,0.0,0.004160887656033287,0.011095700416088766,1.5,3.0
emblematica:E011149,2803,782,0.9558305176970738,1.0,0.7814632797563758,0.0012787723785166241,0.00639386189258312,0.011508951406649617,2.0,3.0
emblematica:E011150,2803,718,0.9558305176970738,1.0,0.7963084405917488,0.001392757660167131,0.006963788300835654,0.012534818941504178,1.0,3.0
emblematica:E011151,2803,722,1.0,1.0,0.7788951755430723,0.0013850415512465374,0.006925207756232687,0.013850415512465374,5.0,3.0
emblematica:E011152,2803,754,1.0,1.0,0.7797443669945977,0.001326259946949602,0.006631299734748011,0.013262599469496022,3.0,3.5
emblematica:E011153,2803,732,0.8988252059479763,1.0,0.8083194712820867,0.001366120218579235,0.006830601092896175,0.01092896174863388,6.0,3.0
emblematica:E011154,2803,762,0.8988252059479763,1.0,0.8095352760942249,0.0013123359580052493,0.006561679790026247,0.010498687664041995,8.0,3.0
emblematica:E011155,2803,741,1.0,1.0,0.8024188664871397,0.001349527665317139,0.006747638326585695,0.01349527665317139,6.0,3.0
emblematica:E011156,2803,820,1.0,1.0,0.7965531136013152,0.0012195121951219512,0.006097560975609756,0.012195121951219513,37.5,3.5
emblematica:E011157,2803,797,0.9558305176970738,1.0,0.8108071354902666,0.0012547051442910915,0.006273525721455458,0.011292346298619825,18.0,3.0
emblematica:E011158,2803,798,0.9558305176970738,1.0,0.8135435877390804,0.0012531328320802004,0.006265664160401002,0.011278195488721804,7.0,3.5
emblematica:E011159,2803,856,0.9477344873475497,1.0,0.7749513511812576,0.0011682242990654205,0.005841121495327103,0.010514018691588784,5.5,3.0
emblematica:E011160,2803,761,0.9477344873475497,1.0,0.798868241318616,0.001314060446780552,0.006570302233902759,0.011826544021024968,12.0,3.0
emblematica:E011161,2803,716,0.9432379215722525,1.0,0.7984963860428611,0.0013966480446927375,0.00558659217877095,0.012569832402234637,2.5,3.5
emblematica:E011162,2803,771,0.9432379215722525,1.0,0.7779510019555815,0.0012970168612191958,0.005188067444876783,0.011673151750972763,14.0,3.0
emblematica:E011163,2803,922,1.0,1.0,0.7267965799454691,0.0010845986984815619,0.005422993492407809,0.010845986984815618,5.0,3.0
emblematica:E011164,2803,722,1.0,1.0,0.7935246123232056,0.0013850415512465374,0.006925207756232687,0.013850415512465374,6.0,4.0
emblematica:E011165,2803,35,0.3455606536832266,0.041666666666666664,0.0334902147043947,0.0,0.0,0.0,2.0,4.0
emblematica:E011166,2803,728,0.7645708157107938,0.5,0.7583427699038245,0.0,0.005494505494505495,0.009615384615384616,2.0,3.0
emblematica:E011167,2803,756,1.0,1.0,0.7925757247856333,0.0013227513227513227,0.006613756613756613,0.013227513227513227,15.0,3.0
emblematica:E011168,2803,799,1.0,1.0,0.779507298930485,0.0012515644555694619,0.006257822277847309,0.012515644555694618,23.0,4.0
emblematica:E011169,2803,788,1.0,1.0,0.7785767278490655,0.0012690355329949238,0.006345177664974619,0.012690355329949238,12.0,3.0
emblematica:E011170,2803,746,1.0,1.0,0.7916165347090836,0.0013404825737265416,0.006702412868632708,0.013404825737265416,12.0,3.0
emblematica:E011171,2803,66,0.3333333333333333,0.09090909090909091,0.06374881123082676,0.0,0.0,0.0,3.5,4.0
emblematica:E011172,2803,728,0.6787334396498962,0.5,0.771477247668263,0.0,0.004120879120879121,0.008241758241758242,2.0,3.5
emblematica:E011173,2803,802,0.8988252059479763,1.0,0.7776376632345139,0.0012468827930174563,0.006234413965087282,0.00997506234413965,6.0,3.0
emblematica:E011174,2803,769,0.8988252059479763,1.0,0.788281228552752,0.0013003901170351106,0.006501950585175552,0.010403120936280884,17.0,3.5
emblematica:E011175,2803,719,1.0,1.0,0.8216090308584224,0.0013908205841446453,0.006954102920723227,0.013908205841446454,2.5,4.0
emblematica:E011176,2803,844,1.0,1.0,0.7984338163309507,0.001184834123222749,0.005924170616113744,0.011848341232227487,23.5,3.5
emblematica:E011177,2803,730,0.8340611153182702,1.0,0.8007480254460413,0.0013698630136986301,0.00410958904109589,0.010958904109589041,6.0,4.0
emblematica:E011178,2803,743,0.8340611153182702,1.0,0.8039202949652947,0.0013458950201884253,0.004037685060565276,0.010767160161507403,9.5,3.0
emblematica:E011179,2803,720,0.8311363972596454,1.0,0.7874019217522013,0.001388888888888889,0.004166666666666667,0.009722222222222222,3.0,5.0
emblematica:E011180,2803,753,0.8311363972596454,1.0,0.7871043187430554,0.0013280212483399733,0.00398406374501992,0.009296148738379814,14.0,3.5
emblematica:E011181,2803,736,0.9368077570869661,1.0,0.7823962180129284,0.001358695652173913,0.005434782608695652,0.012228260869565218,4.0,3.0
emblematica:E011182,2803,742,0.9368077570869661,1.0,0.788391408711199,0.0013477088948787063,0.005390835579514825,0.012129380053908356,4.0,4.0
emblematica:E011183,2803,173,0.48006117753205335,0.03333333333333333,0.0606214174545513,0.0,0.0,0.0,8.0,3.0
emblematica:E011184,2803,717,0.7812918015456902,0.5,0.77489787340657,0.0,0.0041841004184100415,0.00697350069735007,2.5,3.5
emblematica:E011185,2803,726,0.7965100773735325,0.5,0.7591081842799138,0.0,0.004132231404958678,0.011019283746556474,4.0,4.0
emblematica:E011186,2803,227,0.6061818101070018,0.3333333333333333,0.19714768714376923,0.0,0.00881057268722467,0.00881057268722467,15.0,4.0
emblematica:E011187,2803,751,1.0,1.0,0.7911533454087263,0.0013315579227696406,0.006657789613848202,0.013315579227696404,7.0,4.0
emblematica:E011188,2803,805,1.0,1.0,0.7766827956593407,0.0012422360248447205,0.006211180124223602,0.012422360248447204,3.0,3.0
emblematica:E011189,2803,937,1.0,1.0,0.7269305602156959,0.0010672358591248667,0.005336179295624333,0.010672358591248666,7.5,3.0
emblematica:E011190,2803,711,1.0,1.0,0.7881478537362016,0.0014064697609001407,0.007032348804500703,0.014064697609001406,1.0,4.0
emblematica:E011191,2803,713,0.8340611153182702,1.0,0.7644757221004084,0.001402524544179523,0.004207573632538569,0.011220196353436185,2.5,4.0
emblematica:E011192,2803,733,0.8340611153182702,1.0,0.7728983918010986,0.001364256480218281,0.004092769440654843,0.010914051841746248,4.0,4.0
emblematica:E011193,2803,972,0.9432379215722525,1.0,0.713157252400576,0.00102880658436214,0.00411522633744856,0.009259259259259259,53.5,3.0
emblematica:E011194,2803,739,0.9432379215722525,1.0,0.7610172933862857,0.0013531799729364006,0.005412719891745603,0.012178619756427604,10.0,3.0
emblematica:E011195,2803,184,0.42590829591570295,0.5,0.17846542529489415,0.0,0.005434782608695652,0.005434782608695652,2.0,3.0
emblematica:E011196,2803,722,0.8532721558012798,0.5,0.7873709877588332,0.0,0.00554016620498615,0.012465373961218837,3.5,3.5
emblematica:E011197,2803,756,1.0,1.0,0.7986429933941119,0.0013227513227513227,0.006613756613756613,0.013227513227513227,26.5,3.5
emblematica:E011198,2803,788,1.0,1.0,0.767151657705501,0.0012690355329949238,0.006345177664974619,0.012690355329949238,19.5,3.5
emblematica:E011199,2803,1124,0.7898916330153442,1.0,0.7017528472905359,0.0008896797153024911,0.0026690391459074734,0.006227758007117438,8.0,4.0
emblematica:E011200,2803,728,0.7898916330153442,1.0,0.7748020894833915,0.0013736263736263737,0.004120879120879121,0.009615384615384616,7.5,3.0
emblematica:E011201,2803,732,0.8800456786592188,1.0,0.7883821356315194,0.001366120218579235,0.004098360655737705,0.01092896174863388,9.0,3.0
emblematica:E011202,2803,737,0.8800456786592188,1.0,0.7752707512197579,0.0013568521031207597,0.004070556309362279,0.010854816824966078,3.0,3.0
emblematica:E011203,2803,753,0.9086768598011253,1.0,0.7906144096340071,0.0013280212483399733,0.006640106241699867,0.010624169986719787,15.0,3.0
emblematica:E011204,2803,720,0.9086768598011253,1.0,0.7997479257301112,0.001388888888888889,0.006944444444444444,0.011111111111111112,4.0,3.0
emblematica:E011205,2803,754,1.0,1.0,0.7835644160958315,0.001326259946949602,0.006631299734748011,0.013262599469496022,6.0,3.0
emblematica:E011206,2803,880,1.0,1.0,0.7430508215525232,0.0011363636363636363,0.005681818181818182,0.011363636363636364,17.0,4.0
emblematica:E011207,2803,773,0.9575861412006987,1.0,0.7944871712270126,0.00129366106080207,0.00646830530401035,0.01164294954721863,12.0,3.0
emblematica:E011208,2803,765,0.9575861412006987,1.0,0.787174833705413,0.00130718954248366,0.006535947712418301,0.011764705882352941,13.5,3.5
emblematica:E011209,2803,757,1.0,1.0,0.7714427741318233,0.001321003963011889,0.0066050198150594455,0.013210039630118891,12.5,3.0
emblematica:E011210,2803,722,1.0,1.0,0.7752152098909525,0.0013850415512465374,0.006925207756232687,0.013850415512465374,5.0,3.0
emblematica:E011211,2803,822,0.8800456786592188,1.0,0.7793300188009292,0.0012165450121654502,0.0036496350364963502,0.009732360097323601,7.0,3.0
emblematica:E011212,2803,750,0.9368077570869661,1.0,0.8028156926411512,0.0013333333333333333,0.005333333333333333,0.012,3.5,3.0
emblematica:E011213,2803,785,0.909543036405889,1.0,0.7723655056602176,0.0012738853503184713,0.006369426751592357,0.01019108280254777,12.5,3.5
emblematica:E011214,2803,727,0.9211149067286852,1.0,0.8032572921416107,0.001375515818431912,0.0068775790921595595,0.011004126547455296,5.0,5.0
emblematica:E011215,2803,714,0.8532721558012798,0.5,0.7872546237103584,0.0,0.0056022408963585435,0.012605042016806723,2.0,4.0
emblematica:E011216,2803,209,0.3443757039090648,0.07142857142857142,0.18397767515839247,0.0,0.0,0.0,1.5,3.0
emblematica:E011217,2803,709,0.8340611153182702,1.0,0.7929811673540202,0.0014104372355430183,0.004231311706629055,0.011283497884344146,1.0,3.0
emblematica:E011218,2803,712,0.8340611153182702,1.0,0.7913853561070174,0.0014044943820224719,0.004213483146067416,0.011235955056179775,1.0,3.5
emblematica:E011219,2803,747,0.8777267965010666,1.0,0.758133390505447,0.0013386880856760374,0.00535475234270415,0.0107095046854083,12.5,4.0
emblematica:E011220,2803,751,0.8777267965010666,1.0,0.7550557385266582,0.0013315579227696406,0.005326231691078562,0.010652463382157125,11.0,4.0
emblematica:E011221,2803,709,0.9266360779006398,1.0,0.7949548528082413,0.0014104372355430183,0.005641748942172073,0.012693935119887164,1.0,3.0
emblematica:E011222,2803,722,0.9266360779006398,1.0,0.7889428197697078,0.0013850415512465374,0.00554016620498615,0.012465373961218837,4.0,4.0
emblematica:E011223,2803,722,0.8800456786592188,1.0,0.7804050815571447,0.0013850415512465374,0.004155124653739612,0.0110803324099723,4.0,3.0
emblematica:E011224,2803,735,0.8800456786592188,1.0,0.7940955971889325,0.0013605442176870747,0.004081632653061225,0.010884353741496598,1.0,4.0
emblematica:E011225,2803,718,0.9051629285267392,1.0,0.786617535033182,0.001392757660167131,0.005571030640668524,0.011142061281337047,2.5,3.5
emblematica:E011226,2803,740,0.8909724089198024,1.0,0.7855526193703698,0.0013513513513513514,0.005405405405405406,0.010810810810810811,8.5,4.0
emblematica:E011227,2803,776,1.0,1.0,0.8010093351952356,0.001288659793814433,0.006443298969072165,0.01288659793814433,15.0,3.0
emblematica:E011228,2803,772,1.0,1.0,0.808314113519391,0.0012953367875647669,0.006476683937823834,0.012953367875647668,11.0,3.0
emblematica:E011229,2803,726,1.0,1.0,0.8117321502535436,0.0013774104683195593,0.006887052341597796,0.013774104683195593,6.5,3.0
emblematica:E011230,2803,724,1.0,1.0,0.8062482810666126,0.0013812154696132596,0.006906077348066298,0.013812154696132596,1.5,3.5
emblematica:E011231,2803,864,0.7851518339186968,1.0,0.7660204122589236,0.0011574074074074073,0.003472222222222222,0.008101851851851851,23.0,3.0
emblematica:E011232,2803,717,0.7851518339186968,1.0,0.8202784896460968,0.001394700139470014,0.0041841004184100415,0.009762900976290097,4.0,3.0
emblematica:E011233,2803,724,1.0,1.0,0.8025983841033268,0.0013812154696132596,0.006906077348066298,0.013812154696132596,6.5,3.0
emblematica:E011234,2803,872,1.0,1.0,0.7432117150893713,0.0011467889908256881,0.005733944954128441,0.011467889908256881,4.0,4.0
emblematica:E011235,2803,769,1.0,1.0,0.813748938100618,0.0013003901170351106,0.006501950585175552,0.013003901170351105,15.0,3.0
emblematica:E011236,2803,886,1.0,1.0,0.7682148551392672,0.001128668171557562,0.0056433408577878106,0.011286681715575621,15.0,3.0
emblematica:E011237,2803,170,0.5140424939982556,0.25,0.16375509197352947,0.0,0.011764705882352941,0.01764705882352941,1.0,4.0
emblematica:E011238,2803,770,0.7476660540889448,0.5,0.7727932647273396,0.0,0.003896103896103896,0.00909090909090909,13.0,3.0
emblematica:E011239,2803,781,0.8632555551147042,1.0,0.7695461549341245,0.0012804097311139564,0.005121638924455826,0.010243277848911651,11.0,3.5
emblematica:E011240,2803,937,0.9558305176970738,1.0,0.7254591101531714,0.0010672358591248667,0.005336179295624333,0.0096051227321238,4.0,3.0
emblematica:E011241,2803,737,0.7788708846071951,1.0,0.8089903818539843,0.0013568521031207597,0.004070556309362279,0.008141112618724558,7.0,3.0
emblematica:E011242,2803,719,0.7788708846071951,1.0,0.8169504384064367,0.0013908205841446453,0.004172461752433936,0.008344923504867872,1.5,3.0
emblematica:E011243,2803,854,0.9510907186004266,1.0,0.7719118691691074,0.00117096018735363,0.00585480093676815,0.01053864168618267,22.5,3.0
emblematica:E011244,2803,728,0.9510907186004266,1.0,0.7956659453970428,0.0013736263736263737,0.006868131868131868,0.012362637362637362,4.5,3.0
emblematica:E011245,2803,807,0.8988252059479763,1.0,0.7698022772630108,0.0012391573729863693,0.006195786864931847,0.009913258983890954,30.5,3.5
emblematica:E011246,2803,759,0.8988252059479763,1.0,0.7752756809534926,0.0013175230566534915,0.006587615283267457,0.010540184453227932,12.0,4.0
emblematica:E011247,2803,750,1.0,1.0,0.7984028132315703,0.0013333333333333333,0.006666666666666667,0.013333333333333334,8.0,3.0
emblematica:E011248,2803,715,1.0,1.0,0.8073366415815431,0.0013986013986013986,0.006993006993006993,0.013986013986013986,3.0,3.5
emblematica:E011249,2803,821,0.8311363972596454,1.0,0.7478321143224951,0.001218026796589525,0.0036540803897685747,0.008526187576126675,11.0,4.0
emblematica:E011250,2803,710,0.8311363972596454,1.0,0.7729833948715411,0.0014084507042253522,0.004225352112676056,0.009859154929577466,1.5,3.5
emblematica:E011251,2803,805,0.9510907186004266,1.0,0.7758628753669314,0.0012422360248447205,0.006211180124223602,0.011180124223602485,6.5,3.5
emblematica:E011252,2803,721,0.9510907186004266,1.0,0.8072229343474566,0.0013869625520110957,0.006934812760055479,0.012482662968099861,4.0,3.0
emblematica:E011253,2803,750,0.8969504402810676,1.0,0.7590377298280391,0.0013333333333333333,0.005333333333333333,0.010666666666666666,6.0,3.0
emblematica:E011254,2803,730,0.8969504402810676,1.0,0.7844142807783365,0.0013698630136986301,0.005479452054794521,0.010958904109589041,4.5,3.5
emblematica:E011255,2803,746,0.7167159907888859,0.5,0.7669389287933114,0.0,0.002680965147453083,0.00938337801608579,6.5,4.0
emblematica:E011256,2803,10,0.40669725543269336,0.3333333333333333,0.04210259125194228,0.0,0.1,0.1,1.0,4.0
emblematica:E011257,2803,940,0.76069719321891,0.3333333333333333,0.7244351199362005,0.0,0.0031914893617021275,0.00851063829787234,10.5,3.5
emblematica:E011258,2803,179,0.3333333333333333,0.047619047619047616,0.15221396341648555,0.0,0.0,0.0,4.0,3.5
emblematica:E011259,2803,72,0.3455606536832266,0.03333333333333333,0.031136224960262367,0.0,0.0,0.0,3.0,3.0
emblematica:E011260,2803,133,0.3333333333333333,0.05,0.07794485350313289,0.0,0.0,0.0,2.0,3.0
emblematica:E011261,2803,789,0.9432379215722525,1.0,0.7645526573507502,0.0012674271229404308,0.005069708491761723,0.011406844106463879,1.0,3.0
emblematica:E011262,2803,732,0.9432379215722525,1.0,0.7772659786989516,0.001366120218579235,0.00546448087431694,0.012295081967213115,7.0,5.0
emblematica:E011263,2803,709,0.7628151922071689,0.5,0.7850805789246308,0.0,0.005641748942172073,0.009873060648801129,1.0,3.0
emblematica:E011264,2803,200,0.4237902969274442,0.125,0.19694448409834464,0.0,0.0,0.01,11.0,4.0
emblematica:E011265,2803,867,0.7851518339186968,1.0,0.7505937597320793,0.0011534025374855825,0.0034602076124567475,0.008073817762399077,10.5,3.5
emblematica:E011266,2803,718,0.7851518339186968,1.0,0.7899713102177396,0.001392757660167131,0.004178272980501393,0.009749303621169917,1.5,3.5
emblematica:E011267,2803,739,0.7877736340270853,1.0,0.774067473893274,0.0013531799729364006,0.0040595399188092015,0.009472259810554804,5.0,3.0
emblematica:E011268,2803,717,0.7877736340270853,1.0,0.7821450408135844,0.001394700139470014,0.0041841004184100415,0.009762900976290097,6.0,3.0
emblematica:E011269,2803,725,0.9575861412006987,1.0,0.7965020129057377,0.001379310344827586,0.006896551724137931,0.012413793103448275,5.0,3.0
emblematica:E011270,2803,736,0.9575861412006987,1.0,0.795884325689079,0.001358695652173913,0.006793478260869565,0.012228260869565218,3.0,3.0
emblematica:E011271,2803,728,0.9432379215722525,1.0,0.7930616396695465,0.0013736263736263737,0.005494505494505495,0.012362637362637362,8.0,3.0
emblematica:E011272,2803,935,0.9432379215722525,1.0,0.7533381041025516,0.0010695187165775401,0.0042780748663101605,0.009625668449197862,9.5,3.5
emblematica:E011273,2803,719,1.0,1.0,0.8164020085921214,0.0013908205841446453,0.006954102920723227,0.013908205841446454,2.5,3.0
emblematica:E011274,2803,885,1.0,1.0,0.7650435804897319,0.0011299435028248588,0.005649717514124294,0.011299435028248588,32.0,4.0
emblematica:E011275,2803,745,0.9510907186004266,1.0,0.7926721420912155,0.0013422818791946308,0.006711409395973154,0.012080536912751677,8.5,3.0
emblematica:E011276,2803,734,0.9510907186004266,1.0,0.7915346684278743,0.0013623978201634877,0.006811989100817439,0.01226158038147139,5.0,3.0
emblematica:E011277,2803,732,0.9432379215722525,1.0,0.794108612628602,0.001366120218579235,0.00546448087431694,0.012295081967213115,3.0,4.0
emblematica:E011278,2803,713,0.9432379215722525,1.0,0.7975967537791285,0.001402524544179523,0.005610098176718092,0.012622720897615708,2.5,3.0
emblematica:E011279,2803,947,1.0,1.0,0.7496402001722575,0.0010559662090813093,0.005279831045406547,0.010559662090813094,28.5,3.0
emblematica:E011280,2803,724,1.0,1.0,0.812762916598018,0.0013812154696132596,0.006906077348066298,0.013812154696132596,2.5,3.5
emblematica:E011281,2803,743,0.8988252059479763,1.0,0.7976201709744832,0.0013458950201884253,0.006729475100942127,0.010767160161507403,7.0,4.0
emblematica:E011282,2803,754,0.8988252059479763,1.0,0.7866276702018681,0.001326259946949602,0.006631299734748011,0.010610079575596816,15.0,3.0
emblematica:E011283,2803,727,1.0,1.0,0.7896405934945169,0.001375515818431912,0.0068775790921595595,0.013755158184319119,7.5,3.5
emblematica:E011284,2803,733,1.0,1.0,0.7917023040006858,0.001364256480218281,0.0068212824010914054,0.013642564802182811,4.0,3.5
emblematica:E011285,2803,815,1.0,1.0,0.7829936601028872,0.001226993865030675,0.006134969325153374,0.012269938650306749,11.0,4.0
emblematica:E011286,2803,834,1.0,1.0,0.783970636920106,0.001199040767386091,0.005995203836930456,0.011990407673860911,25.5,4.0
emblematica:E011287,2803,776,1.0,1.0,0.8004048605584814,0.001288659793814433,0.006443298969072165,0.01288659793814433,15.0,3.5
emblematica:E011288,2803,984,1.0,1.0,0.7371081670198185,0.0010162601626016261,0.00508130081300813,0.01016260162601626,12.0,4.0
emblematica:E011289,2803,726,0.909543036405889,1.0,0.7885994886463848,0.0013774104683195593,0.006887052341597796,0.011019283746556474,3.0,3.0
emblematica:E011290,2803,784,0.909543036405889,1.0,0.761140629952748,0.0012755102040816326,0.006377551020408163,0.01020408163265306,8.0,4.0
emblematica:E011291,2803,759,0.8990684392693266,1.0,0.7796065168336623,0.0013175230566534915,0.005270092226613966,0.010540184453227932,4.0,3.5
emblematica:E011292,2803,724,0.8990684392693266,1.0,0.7949282280241743,0.0013812154696132596,0.0055248618784530384,0.011049723756906077,7.0,4.0
emblematica:E011293,2803,782,0.9558305176970738,1.0,0.776881802649827,0.0012787723785166241,0.00639386189258312,0.011508951406649617,16.0,3.0
emblematica:E011294,2803,782,0.9205854069816206,1.0,0.7888194171296374,0.0012787723785166241,0.00639386189258312,0.010230179028132993,6.0,3.0
emblematica:E011295,2803,766,1.0,1.0,0.7695138173404348,0.0013054830287206266,0.006527415143603133,0.013054830287206266,7.5,3.0
emblematica:E011296,2803,746,1.0,1.0,0.7803316148870257,0.0013404825737265416,0.006702412868632708,0.013404825737265416,10.0,3.0
emblematica:E011297,2803,760,1.0,1.0,0.7792604522344034,0.0013157894736842105,0.006578947368421052,0.013157894736842105,10.0,4.5
emblematica:E011298,2803,761,1.0,1.0,0.7963190671757642,0.001314060446780552,0.006570302233902759,0.013140604467805518,12.0,4.0
emblematica:E011299,2803,869,0.9266360779006398,1.0,0.7311724897471578,0.0011507479861910242,0.004602991944764097,0.010356731875719217,3.0,3.0
emblematica:E011300,2803,776,0.9266360779006398,1.0,0.7582938841799862,0.001288659793814433,0.005154639175257732,0.011597938144329897,11.5,3.5
emblematica:E011301,2803,438,0.6227836537786146,0.0625,0.20217491822149875,0.0,0.0,0.0,4.0,4.0
emblematica:E011302,2803,768,1.0,0.5,0.7833615122596994,0.0,0.005208333333333333,0.01171875,16.0,3.0
emblematica:E011303,2803,764,1.0,1.0,0.7744413680153298,0.0013089005235602095,0.006544502617801047,0.013089005235602094,2.0,3.0
emblematica:E011304,2803,777,1.0,1.0,0.7753922047628529,0.001287001287001287,0.006435006435006435,0.01287001287001287,15.0,3.0
emblematica:E011305,2803,726,1.0,1.0,0.8171895844165243,0.0013774104683195593,0.006887052341597796,0.013774104683195593,1.0,4.0
emblematica:E011306,2803,766,1.0,1.0,0.7858249577724895,0.0013054830287206266,0.006527415143603133,0.013054830287206266,8.0,3.0
emblematica:E011307,2803,850,0.7628151922071689,0.5,0.7487181398329318,0.0,0.004705882352941176,0.00823529411764706,24.0,3.5
emblematica:E011308,2803,167,0.4237902969274442,0.125,0.1663030753374699,0.0,0.0,0.011976047904191617,2.0,4.0
emblematica:E011309,2803,179,0.5726361401144231,1.0,0.18945388492365112,0.00558659217877095,0.00558659217877095,0.00558659217877095,2.5,3.5
emblematica:E011310,2803,210,0.48006117753205335,1.0,0.17042205394965954,0.004761904761904762,0.004761904761904762,0.004761904761904762,4.5,3.0
emblematica:E011311,2803,742,1.0,1.0,0.7726958622182939,0.0013477088948787063,0.006738544474393531,0.013477088948787063,13.0,3.0
emblematica:E011312,2803,816,1.0,1.0,0.7520586321706576,0.0012254901960784314,0.006127450980392157,0.012254901960784314,3.0,3.0
emblematica:E011313,2803,711,0.7708688724052363,1.0,0.7670994856903067,0.0014064697609001407,0.0028129395218002813,0.009845288326300985,2.5,3.0
emblematica:E011314,2803,711,0.7708688724052363,1.0,0.7670994856903067,0.0014064697609001407,0.0028129395218002813,0.009845288326300985,2.5,3.0
emblematica:E011315,2803,726,0.9035650050446237,1.0,0.7857209191207021,0.0013774104683195593,0.006887052341597796,0.011019283746556474,6.0,3.0
emblematica:E011316,2803,713,0.9035650050446237,1.0,0.7897760364019857,0.001402524544179523,0.0070126227208976155,0.011220196353436185,2.0,5.0
emblematica:E011317,2803,802,0.9048032373092417,1.0,0.7378567432304074,0.0012468827930174563,0.006234413965087282,0.00997506234413965,17.0,3.0
emblematica:E011318,2803,785,0.9048032373092417,1.0,0.7539430001414769,0.0012738853503184713,0.006369426751592357,0.01019108280254777,6.0,4.0
emblematica:E011319,2803,714,1.0,1.0,0.8077060796052353,0.0014005602240896359,0.0070028011204481795,0.014005602240896359,3.0,3.0
emblematica:E011320,2803,955,1.0,1.0,0.7411858592560451,0.0010471204188481676,0.005235602094240838,0.010471204188481676,5.0,3.0
emblematica:E011321,2803,758,1.0,1.0,0.76873804093809,0.0013192612137203166,0.006596306068601583,0.013192612137203167,20.0,3.0
emblematica:E011322,2803,727,0.9558305176970738,1.0,0.7719970716521586,0.001375515818431912,0.0068775790921595595,0.012379642365887207,3.0,3.0
emblematica:E011323,2803,715,0.9432379215722525,1.0,0.798539418774536,0.0013986013986013986,0.005594405594405594,0.012587412587412588,3.0,3.0
emblematica:E011324,2803,740,0.9432379215722525,1.0,0.7822067208514861,0.0013513513513513514,0.005405405405405406,0.012162162162162163,4.5,3.5
emblematica:E011325,2803,711,0.789588715065108,1.0,0.7664906223571906,0.0014064697609001407,0.004219409282700422,0.008438818565400843,1.0,3.0
emblematica:E011326,2803,940,0.8527809579781417,1.0,0.7049944581710382,0.0010638297872340426,0.0031914893617021275,0.006382978723404255,18.0,3.5
emblematica:E011327,2803,733,0.9510907186004266,1.0,0.7832508543885077,0.001364256480218281,0.0068212824010914054,0.01227830832196453,6.0,3.0
emblematica:E011328,2803,742,0.9510907186004266,1.0,0.788295346068105,0.0013477088948787063,0.006738544474393531,0.012129380053908356,6.0,4.0
emblematica:E011329,2803,936,0.8254612838486163,1.0,0.7404322946148753,0.0010683760683760685,0.003205128205128205,0.00641025641025641,4.0,3.0
emblematica:E011330,2803,760,0.7328863212662466,1.0,0.7817189242643464,0.0013157894736842105,0.003947368421052632,0.007894736842105263,11.0,3.0
emblematica:E011331,2803,775,0.8988252059479763,1.0,0.7743892742550985,0.0012903225806451613,0.0064516129032258064,0.01032258064516129,15.0,3.0
emblematica:E011332,2803,713,0.8988252059479763,1.0,0.790187593093515,0.001402524544179523,0.0070126227208976155,0.011220196353436185,2.5,3.0
emblematica:E011333,2803,938,0.9558305176970738,1.0,0.7295278541063873,0.0010660980810234541,0.005330490405117271,0.008528784648187633,4.0,3.5
emblematica:E011334,2803,748,0.909543036405889,1.0,0.7669353026292821,0.001336898395721925,0.0066844919786096255,0.0106951871657754,12.0,3.0
emblematica:E011335,2803,719,0.9432379215722525,1.0,0.7864452643351546,0.0013908205841446453,0.005563282336578581,0.012517385257301807,3.0,3.5
emblematica:E011336,2803,738,0.9432379215722525,1.0,0.7828546765571072,0.0013550135501355014,0.005420054200542005,0.012195121951219513,3.0,3.0
emblematica:E011337,2803,737,1.0,1.0,0.7949348319322763,0.0013568521031207597,0.0067842605156037995,0.013568521031207599,3.5,3.5
emblematica:E011338,2803,730,1.0,1.0,0.7889359430154249,0.0013698630136986301,0.00684931506849315,0.0136986301369863,12.0,4.0
emblematica:E011339,2803,918,0.8942361982661556,1.0,0.7523724642457102,0.0010893246187363835,0.0032679738562091504,0.008714596949891068,22.0,3.0
emblematica:E011340,2803,746,0.8800456786592188,1.0,0.7898696077048329,0.0013404825737265416,0.004021447721179625,0.010723860589812333,8.0,3.0
emblematica:E011341,2803,723,1.0,1.0,0.786699380544006,0.0013831258644536654,0.006915629322268326,0.013831258644536652,1.0,3.0
emblematica:E011342,2803,759,1.0,1.0,0.7846166831267913,0.0013175230566534915,0.006587615283267457,0.013175230566534914,18.0,3.0
emblematica:E011351,2803,274,1.0,1.0,0.18457696503454615,0.0036496350364963502,0.01824817518248175,0.0364963503649635,28.0,4.0
emblematica:E011353,2803,248,1.0,1.0,0.18195469413416698,0.004032258064516129,0.020161290322580645,0.04032258064516129,13.0,4.0
emblematica:E011354,2803,303,0.9074250374176303,1.0,0.2108724575290666,0.0033003300330033004,0.013201320132013201,0.0297029702970297,13.0,4.0
emblematica:E011355,2803,425,0.9074250374176303,1.0,0.24822412002710983,0.002352941176470588,0.009411764705882352,0.021176470588235293,11.0,4.0
emblematica:E011357,2803,322,1.0,1.0,0.2297205638381663,0.003105590062111801,0.015527950310559006,0.031055900621118012,25.5,3.5
emblematica:E011358,2803,84,0.42590829591570295,0.5,0.03450247799866316,0.0,0.011904761904761904,0.011904761904761904,1.0,5.0
emblematica:E011360,2803,157,1.0,1.0,0.18878301442118486,0.006369426751592357,0.03184713375796178,0.06369426751592357,12.0,4.0
emblematica:E011361,2803,351,1.0,1.0,0.21677536328205604,0.002849002849002849,0.014245014245014245,0.02849002849002849,13.0,4.0
emblematica:E011362,2803,345,0.8673568260332349,1.0,0.22759136599556146,0.002898550724637681,0.011594202898550725,0.020289855072463767,7.5,4.0
emblematica:E011364,2803,361,0.9053206285482487,1.0,0.22130737971768344,0.002770083102493075,0.013850415512465374,0.0221606648199446,9.0,4.0
emblematica:E011365,2803,228,0.7858236025953611,1.0,0.137602789693998,0.0043859649122807015,0.008771929824561403,0.02631578947368421,11.5,3.5
emblematica:E011367,2803,199,1.0,1.0,0.1908811058641674,0.005025125628140704,0.02512562814070352,0.05025125628140704,7.0,4.0
emblematica:E011368,2803,441,0.9537125187088151,1.0,0.21272649785032452,0.0022675736961451248,0.011337868480725623,0.02040816326530612,15.0,3.5
emblematica:E011369,2803,158,1.0,1.0,0.20122144161371922,0.006329113924050633,0.03164556962025317,0.06329113924050633,13.0,3.0
emblematica:E011370,2803,284,0.9537125187088151,1.0,0.2168299040064664,0.0035211267605633804,0.017605633802816902,0.03169014084507042,11.5,4.0
emblematica:E011373,2803,212,0.9558305176970738,1.0,0.19371088599203148,0.0047169811320754715,0.02358490566037736,0.04245283018867924,5.5,4.0
emblematica:E011376,2803,298,1.0,1.0,0.22356136754841935,0.003355704697986577,0.016778523489932886,0.03355704697986577,8.5,4.0
emblematica:E011377,2803,556,1.0,1.0,0.24040476403287797,0.0017985611510791368,0.008992805755395683,0.017985611510791366,13.0,4.0
emblematica:E011378,2803,426,0.9510907186004266,1.0,0.2510312886076681,0.002347417840375587,0.011737089201877934,0.02112676056338028,9.0,4.0
emblematica:E011380,2803,571,0.9086768598011253,1.0,0.22283626957543237,0.0017513134851138354,0.008756567425569177,0.014010507880910683,17.0,4.0
emblematica:E011382,2803,137,1.0,1.0,0.22917855939758114,0.0072992700729927005,0.0364963503649635,0.072992700729927,7.0,4.0
emblematica:E011383,2803,325,0.9510907186004266,1.0,0.2177209838121556,0.003076923076923077,0.015384615384615385,0.027692307692307693,11.0,4.0
emblematica:E011385,2803,159,0.9510907186004266,1.0,0.19697079631417147,0.006289308176100629,0.031446540880503145,0.05660377358490566,4.0,4.0
emblematica:E011386,2803,394,0.8777267965010666,1.0,0.1961752028729412,0.0025380710659898475,0.01015228426395939,0.02030456852791878,7.0,4.0
emblematica:E011617,2803,459,0.6460000622137831,1.0,0.19232796452625017,0.002178649237472767,0.006535947712418301,0.006535947712418301,16.0,4.0
emblematica:E011618,2803,337,0.5146096360061889,0.5,0.16357123061046966,0.0,0.002967359050445104,0.008902077151335312,47.0,4.0
emblematica:E011619,2803,71,0.3700152943830133,0.04,0.028070125034055923,0.0,0.0,0.0,8.0,5.0
emblematica:E011620,2803,243,0.27154128155676943,0.07142857142857142,0.11922515566505136,0.0,0.0,0.0,12.0,4.0
emblematica:E011621,2803,243,0.5857325373593741,1.0,0.16102540381625918,0.00411522633744856,0.00823045267489712,0.012345679012345678,19.0,5.5
emblematica:E011622,2803,268,0.3900954117610806,0.2,0.13815618571721916,0.0,0.0037313432835820895,0.0037313432835820895,18.0,5.0
emblematica:E011623,2803,227,0.6655266239440206,1.0,0.1839698472021239,0.004405286343612335,0.013215859030837005,0.01762114537444934,8.0,2.5
emblematica:E012158,2803,375,0.3333333333333333,0.0625,0.20549920541477293,0.0,0.0,0.0,9.0,5.0
emblematica:E012159,2803,318,0.39652557624636714,0.25,0.15554776465052375,0.0,0.0031446540880503146,0.0031446540880503146,4.0,5.0
emblematica:E012160,2803,77,0.42590829591570295,0.5,0.06185872623035474,0.0,0.012987012987012988,0.012987012987012988,4.0,5.5
emblematica:E012161,2803,0,1.0,,,,,,1.0,2.0
emblematica:E012162,2803,0,1.0,,,,,,1.0,2.0
emblematica:E012163,2803,0,1.0,,,,,,1.0,2.0
emblematica:E012164,2803,0,1.0,,,,,,1.0,2.0
emblematica:E012165,2803,0,1.0,,,,,,1.0,2.0
emblematica:E012166,2803,0,1.0,,,,,,1.0,2.0
emblematica:E012167,2803,0,1.0,,,,,,1.0,2.0
emblematica:E012168,2803,0,1.0,,,,,,1.0,2.0
emblematica:E012169,2803,0,1.0,,,,,,1.0,2.0
emblematica:E012170,2803,0,1.0,,,,,,1.0,2.0
emblematica:E012171,2803,0,1.0,,,,,,1.0,2.0
emblematica:E012172,2803,0,1.0,,,,,,1.0,2.0
emblematica:E012173,2803,0,1.0,,,,,,1.0,2.0
emblematica:E012174,2803,0,1.0,,,,,,1.0,2.0
emblematica:E012175,2803,0,1.0,,,,,,1.0,2.0
emblematica:E012176,2803,0,1.0,,,,,,1.0,2.0
emblematica:E012177,2803,0,1.0,,,,,,1.0,2.0
emblematica:E012178,2803,0,1.0,,,,,,1.0,2.0
emblematica:E012179,2803,0,1.0,,,,,,1.0,2.0
emblematica:E012180,2803,0,1.0,,,,,,1.0,2.0
emblematica:E012181,2803,0,1.0,,,,,,1.0,2.0
emblematica:E012182,2803,0,1.0,,,,,,1.0,2.0
emblematica:E012183,2803,0,1.0,,,,,,1.0,2.0
emblematica:E012184,2803,0,1.0,,,,,,1.0,2.0
emblematica:E012185,2803,0,1.0,,,,,,1.0,2.0
emblematica:E012186,2803,0,1.0,,,,,,1.0,2.0
emblematica:E012187,2803,0,1.0,,,,,,1.0,2.0
emblematica:E012188,2803,0,1.0,,,,,,1.0,2.0
emblematica:E012189,2803,0,1.0,,,,,,1.0,2.0
emblematica:E012190,2803,0,1.0,,,,,,1.0,2.0
emblematica:E012191,2803,0,1.0,,,,,,1.0,2.0
emblematica:E012192,2803,0,1.0,,,,,,1.0,2.0
emblematica:E016791,2803,448,0.863443834987606,1.0,0.25110910939304965,0.002232142857142857,0.006696428571428571,0.017857142857142856,12.0,4.0
emblematica:E016792,2803,153,0.3333333333333333,0.038461538461538464,0.06993100962204021,0.0,0.0,0.0,10.0,3.0
emblematica:E016793,2803,427,0.9432379215722525,1.0,0.2808071203087294,0.00234192037470726,0.00936768149882904,0.02107728337236534,10.0,4.0
emblematica:E016795,2803,329,0.6719958531284241,0.3333333333333333,0.19188178742098785,0.0,0.00911854103343465,0.0182370820668693,12.5,4.0
emblematica:E016796,2803,522,0.48877727326797843,0.5,0.19654074892768345,0.0,0.0019157088122605363,0.0038314176245210726,21.0,4.0
emblematica:E016797,2803,249,0.4984021580568934,1.0,0.08724505733117159,0.004016064257028112,0.004016064257028112,0.004016064257028112,20.0,4.0
emblematica:E016802,2803,394,0.4487910888988174,0.16666666666666666,0.12727154962294407,0.0,0.0,0.0025380710659898475,14.0,4.0
emblematica:E017330,2803,184,0.8122418648457492,1.0,0.10216742916471348,0.005434782608695652,0.02717391304347826,0.03260869565217391,10.0,3.5
emblematica:E017331,2803,36,0.5726361401144231,1.0,0.0727325407603485,0.027777777777777776,0.05555555555555555,0.05555555555555555,8.0,4.0
emblematica:E017332,2803,32,0.5726361401144231,1.0,0.07894250769545043,0.03125,0.0625,0.0625,3.0,3.5
emblematica:E017333,2803,73,0.3333333333333333,0.06666666666666667,0.030434400758668045,0.0,0.0,0.0,21.0,4.0
emblematica:E017334,2803,174,0.6847114710111616,0.5,0.09549771423283858,0.0,0.017241379310344827,0.034482758620689655,6.5,3.0
emblematica:E017335,2803,204,0.575683879930964,0.5,0.08078107937779136,0.0,0.00980392156862745,0.0196078431372549,10.0,4.0
emblematica:E017336,2803,193,0.7448559741076545,1.0,0.09667273870337817,0.0051813471502590676,0.02072538860103627,0.025906735751295335,7.0,3.0
emblematica:E017337,2803,231,0.8182198962070145,1.0,0.10875854109147269,0.004329004329004329,0.021645021645021644,0.025974025974025976,39.0,4.0
emblematica:E017338,2803,245,0.8182198962070145,1.0,0.11581949317342068,0.004081632653061225,0.02040816326530612,0.024489795918367346,14.0,5.0
emblematica:E017339,2803,166,0.5458626172564842,0.5,0.06758228776939004,0.0,0.018072289156626505,0.018072289156626505,26.0,4.0
emblematica:E017340,2803,170,0.7096835029499551,0.5,0.09046522208816325,0.0,0.023529411764705882,0.03529411764705882,7.0,4.0
emblematica:E017341,2803,303,0.8564113471486752,1.0,0.13256069527985218,0.0033003300330033004,0.0165016501650165,0.0231023102310231,35.5,5.0
emblematica:E017342,2803,147,0.6678329028051814,1.0,0.08357685424711866,0.006802721088435374,0.013605442176870748,0.027210884353741496,3.0,4.0
emblematica:E017343,2803,166,0.6678329028051814,1.0,0.08968107290288212,0.006024096385542169,0.012048192771084338,0.024096385542168676,6.0,4.5
emblematica:E017344,2803,185,0.6678329028051814,1.0,0.09753914044528475,0.005405405405405406,0.010810810810810811,0.021621621621621623,7.5,3.5
emblematica:E017345,2803,113,0.6293982185421705,1.0,0.07551595359837318,0.008849557522123894,0.02654867256637168,0.02654867256637168,3.0,3.0
emblematica:E017346,2803,114,0.6293982185421705,1.0,0.07621142369720792,0.008771929824561403,0.02631578947368421,0.02631578947368421,3.0,3.0
emblematica:E017347,2803,113,0.6293982185421705,1.0,0.07551595359837318,0.008849557522123894,0.02654867256637168,0.02654867256637168,3.0,3.0
emblematica:E017348,2803,21,0.5726361401144231,1.0,0.10863027820105042,0.047619047619047616,0.09523809523809523,0.09523809523809523,7.0,5.5
emblematica:E017349,2803,18,0.5726361401144231,1.0,0.12107065925213857,0.05555555555555555,0.1111111111111111,0.1111111111111111,5.0,3.5
emblematica:E017350,2803,64,0.6150499989137242,1.0,0.071355502036498,0.015625,0.03125,0.046875,7.0,4.5
emblematica:E017351,2803,3,0.7350717314026488,0.00980392156862745,0.0053436634879525935,0.0,0.0,0.0,1.0,3.0
emblematica:E017352,2803,11,0.5726361401144231,0.5,0.05011837744577836,0.0,0.09090909090909091,0.09090909090909091,1.5,3.5
emblematica:E017353,2803,27,0.673410000823587,0.5,0.026916245453708385,0.0,0.037037037037037035,0.037037037037037035,3.0,5.0
emblematica:E017354,2803,189,0.5398709957763417,0.25,0.07807151247680924,0.0,0.010582010582010581,0.021164021164021163,29.0,5.0
emblematica:E017355,2803,28,0.3333333333333333,0.03125,0.015718846004046612,0.0,0.0,0.0,3.0,4.0
emblematica:E017356,2803,218,0.3333333333333333,0.05263157894736842,0.10586840792696038,0.0,0.0,0.0,4.0,6.0
emblematica:E017357,2803,37,0.5726361401144231,1.0,0.06485967978938435,0.02702702702702703,0.05405405405405406,0.05405405405405406,4.5,4.0
emblematica:E017358,2803,58,0.5726361401144231,1.0,0.054103247524369846,0.017241379310344827,0.034482758620689655,0.034482758620689655,4.0,5.0
emblematica:E017359,2803,191,0.7642678977605575,1.0,0.0995080614695894,0.005235602094240838,0.010471204188481676,0.031413612565445025,3.0,4.0
emblematica:E017360,2803,23,0.5726361401144231,1.0,0.09669984095037758,0.043478260869565216,0.08695652173913043,0.08695652173913043,5.5,2.0
emblematica:E017361,2803,161,0.6299659919813394,1.0,0.10666680602359144,0.006211180124223602,0.012422360248447204,0.018633540372670808,4.0,4.0
emblematica:E017362,2803,187,0.6931582348943733,1.0,0.12561531656579444,0.0053475935828877,0.016042780748663103,0.0213903743315508,7.0,4.0
emblematica:E017363,2803,284,0.5726361401144231,1.0,0.14324118357033186,0.0035211267605633804,0.007042253521126761,0.007042253521126761,14.5,4.0
emblematica:E017364,2803,234,0.5726361401144231,1.0,0.13203045018484558,0.004273504273504274,0.008547008547008548,0.008547008547008548,14.0,5.0
emblematica:E017365,2803,306,0.5842080104372193,1.0,0.14782273661374837,0.0032679738562091504,0.006535947712418301,0.006535947712418301,21.0,4.0
emblematica:E017498,2803,97,0.8107495405667087,0.5,0.4338627917843814,0.0,0.030927835051546393,0.07216494845360824,2.0,2.0
emblematica:E017499,2803,139,0.8506629589898829,1.0,0.3367544855474655,0.007194244604316547,0.02158273381294964,0.05755395683453238,2.0,3.0
emblematica:E017500,2803,198,0.8800395525988095,1.0,0.29767814216610644,0.005050505050505051,0.020202020202020204,0.03535353535353535,7.0,3.0
emblematica:E017501,2803,127,0.8349311752764398,0.5,0.3375509281671802,0.0,0.023622047244094488,0.06299212598425197,8.5,2.5
emblematica:E017502,2803,130,0.9633180389503199,1.0,0.3974395222561816,0.007692307692307693,0.038461538461538464,0.06923076923076923,7.0,3.0
emblematica:E017503,2803,147,0.968189605900524,1.0,0.34150949812060793,0.006802721088435374,0.034013605442176874,0.061224489795918366,9.0,3.0
emblematica:E017504,2803,344,0.9510907186004266,1.0,0.3363609228771553,0.0029069767441860465,0.014534883720930232,0.02616279069767442,3.5,3.0
emblematica:E017505,2803,161,0.7039351147911628,0.3333333333333333,0.3115081963104492,0.0,0.012422360248447204,0.043478260869565216,12.0,3.0
emblematica:E017506,2803,92,0.9633180389503199,1.0,0.5172876314954798,0.010869565217391304,0.05434782608695652,0.09782608695652174,2.0,3.0
emblematica:E017507,2803,233,1.0,1.0,0.3062829559778053,0.004291845493562232,0.02145922746781116,0.04291845493562232,9.5,3.5
emblematica:E017508,2803,155,0.9305687780632227,1.0,0.3703613214742798,0.0064516129032258064,0.025806451612903226,0.05806451612903226,1.0,2.5
emblematica:E017509,2803,162,0.9608008655106622,1.0,0.353629628808097,0.006172839506172839,0.030864197530864196,0.05555555555555555,7.0,3.0
emblematica:E017510,2803,191,1.0,1.0,0.36301064893770274,0.005235602094240838,0.02617801047120419,0.05235602094240838,8.5,3.0
emblematica:E017511,2803,96,0.8507549823616222,0.5,0.4323087389150298,0.0,0.041666666666666664,0.08333333333333333,4.5,3.5
emblematica:E017512,2803,403,0.8611249775948406,1.0,0.289077006667115,0.0024813895781637717,0.007444168734491315,0.017369727047146403,4.0,3.0
emblematica:E017513,2803,172,0.9305687780632227,1.0,0.36508708946032625,0.005813953488372093,0.023255813953488372,0.05232558139534884,7.5,3.0
emblematica:E017514,2803,158,0.9633180389503199,1.0,0.39837240702672877,0.006329113924050633,0.03164556962025317,0.056962025316455694,2.5,3.0
emblematica:E017515,2803,153,0.8800395525988095,1.0,0.2555170871028628,0.006535947712418301,0.026143790849673203,0.0457516339869281,5.0,3.0
emblematica:E017516,2803,184,0.94497705842548,1.0,0.3213946513863188,0.005434782608695652,0.021739130434782608,0.04891304347826087,7.5,2.5
emblematica:E017517,2803,232,0.9432379215722525,1.0,0.32380266550534764,0.004310344827586207,0.017241379310344827,0.03879310344827586,1.0,3.0
emblematica:E017518,2803,299,0.9668728882728055,1.0,0.35193699332624157,0.0033444816053511705,0.016722408026755852,0.030100334448160536,6.0,3.0
emblematica:E017519,2803,119,0.9575861412006987,1.0,0.37903164265423983,0.008403361344537815,0.04201680672268908,0.07563025210084033,2.0,3.0
emblematica:E017520,2803,177,1.0,1.0,0.335819172706523,0.005649717514124294,0.02824858757062147,0.05649717514124294,1.0,3.0
emblematica:E017521,2803,461,0.9608008655106622,1.0,0.39794813802318124,0.0021691973969631237,0.010845986984815618,0.019522776572668113,13.0,3.0
emblematica:E017522,2803,210,0.8899541168509599,0.5,0.3142652313923796,0.0,0.01904761904761905,0.04285714285714286,5.0,3.0
emblematica:E017523,2803,188,0.9668728882728055,1.0,0.36235981618410207,0.005319148936170213,0.026595744680851064,0.047872340425531915,4.0,3.0
emblematica:E017524,2803,229,0.9526058178152246,1.0,0.3178791125363117,0.004366812227074236,0.017467248908296942,0.039301310043668124,4.0,2.0
emblematica:E017525,2803,207,0.968189605900524,1.0,0.3427624338935895,0.004830917874396135,0.024154589371980676,0.043478260869565216,11.0,3.0
emblematica:E017526,2803,107,0.8025312956419555,1.0,0.2985606107146775,0.009345794392523364,0.018691588785046728,0.056074766355140186,1.0,3.0
emblematica:E017527,2803,318,0.9652843890316114,1.0,0.3262405172242203,0.0031446540880503146,0.015723270440251572,0.02830188679245283,7.0,3.0
emblematica:E017528,2803,180,0.8899541168509599,0.5,0.3558798007570271,0.0,0.022222222222222223,0.05,5.0,3.0
emblematica:E017529,2803,279,0.9574284411791895,1.0,0.33083559676762025,0.0035842293906810036,0.014336917562724014,0.03225806451612903,2.5,3.0
emblematica:E017530,2803,69,0.4646289390045142,0.06666666666666667,0.05464012145957997,0.0,0.0,0.0,1.0,3.0
emblematica:E017531,2803,138,1.0,1.0,0.3923408792151358,0.007246376811594203,0.036231884057971016,0.07246376811594203,2.0,3.0
emblematica:E017532,2803,289,1.0,1.0,0.30816853367846264,0.0034602076124567475,0.01730103806228374,0.03460207612456748,13.0,3.0
emblematica:E017533,2803,201,0.9652843890316114,1.0,0.3507866935363584,0.004975124378109453,0.024875621890547265,0.04477611940298507,7.0,3.0
emblematica:E017534,2803,139,0.94497705842548,1.0,0.3457241358642504,0.007194244604316547,0.02877697841726619,0.06474820143884892,1.5,2.5
emblematica:E017535,2803,248,0.8899541168509599,0.5,0.3035670602041741,0.0,0.016129032258064516,0.036290322580645164,9.0,3.0
emblematica:E017536,2803,212,0.94497705842548,1.0,0.33266870310041635,0.0047169811320754715,0.018867924528301886,0.04245283018867924,4.0,3.0
emblematica:E017537,2803,448,0.968189605900524,1.0,0.35222742821969855,0.002232142857142857,0.011160714285714286,0.020089285714285716,11.5,3.0
emblematica:E017538,2803,166,0.9608008655106622,1.0,0.36794103813503315,0.006024096385542169,0.030120481927710843,0.05421686746987952,6.5,3.0
emblematica:E017539,2803,166,1.0,1.0,0.3515931435443807,0.006024096385542169,0.030120481927710843,0.060240963855421686,2.0,3.0
emblematica:E017540,2803,162,1.0,1.0,0.3675769928349781,0.006172839506172839,0.030864197530864196,0.06172839506172839,7.5,3.0
emblematica:E017541,2803,149,0.8899541168509599,0.5,0.3710918486391258,0.0,0.026845637583892617,0.06040268456375839,1.0,3.0
emblematica:E017542,2803,188,0.8640427729953581,1.0,0.2237519879796877,0.005319148936170213,0.02127659574468085,0.03723404255319149,1.5,3.5
emblematica:E017543,2803,150,1.0,1.0,0.39169512223699815,0.006666666666666667,0.03333333333333333,0.06666666666666667,2.5,2.5
emblematica:E017544,2803,161,1.0,1.0,0.38435253223250965,0.006211180124223602,0.031055900621118012,0.062111801242236024,3.0,3.0
emblematica:E017545,2803,169,0.9652843890316114,1.0,0.38764380481147676,0.005917159763313609,0.029585798816568046,0.05325443786982249,9.0,3.0
emblematica:E017546,2803,151,0.8246416346147694,1.0,0.2402363911137801,0.006622516556291391,0.019867549668874173,0.039735099337748346,12.5,3.0
emblematica:E017547,2803,175,0.9668728882728055,1.0,0.3395097332735982,0.005714285714285714,0.02857142857142857,0.05142857142857143,2.0,3.0
emblematica:E018847,2803,285,0.3775028156362593,0.1111111111111111,0.1109382047340043,0.0,0.0,0.0035087719298245615,6.0,4.0
emblematica:E018848,2803,289,0.37962081462451813,0.125,0.08858113633907462,0.0,0.0,0.0034602076124567475,6.5,5.0
emblematica:E018849,2803,0,1.0,,,,,,1.0,3.5
emblematica:E018850,2803,141,0.3333333333333333,0.0625,0.04852203949484244,0.0,0.0,0.0,6.0,3.0
emblematica:E018851,2803,231,0.3333333333333333,0.08333333333333333,0.256853025488205,0.0,0.0,0.0,21.0,4.0
emblematica:E018852,2803,15,0.3333333333333333,0.01282051282051282,0.009869180784858232,0.0,0.0,0.0,2.5,3.5
emblematica:E018853,2803,305,0.4762736952981975,0.25,0.08730537110753978,0.0,0.003278688524590164,0.006557377049180328,15.0,2.0
emblematica:E018854,2803,157,0.37574719213263447,0.1,0.04987262685968811,0.0,0.0,0.006369426751592357,5.0,4.0
emblematica:E018855,2803,211,0.3333333333333333,0.05263157894736842,0.18521136632325794,0.0,0.0,0.0,7.5,3.5
emblematica:E018856,2803,51,0.38224261473290666,0.14285714285714285,0.020716018929161667,0.0,0.0,0.0196078431372549,7.5,3.5
emblematica:E018857,2803,149,0.5874229027480132,1.0,0.07997828231456851,0.006711409395973154,0.013422818791946308,0.020134228187919462,10.0,3.5
emblematica:E018858,2803,11,0.4560383223457658,0.25,0.10944321506236497,0.0,0.09090909090909091,0.18181818181818182,1.0,3.0
emblematica:E018859,2803,111,0.4638387991948856,0.25,0.05762456144458239,0.0,0.009009009009009009,0.018018018018018018,12.5,3.5
emblematica:E018860,2803,13,0.5752375926122896,0.3333333333333333,0.24267398976993798,0.0,0.15384615384615385,0.3076923076923077,2.0,3.0
emblematica:E018861,2803,42,0.633258250915177,1.0,0.09672194007657273,0.023809523809523808,0.047619047619047616,0.09523809523809523,6.0,4.0
emblematica:E018862,2803,214,0.4743793028706058,0.25,0.08148133055549775,0.0,0.004672897196261682,0.004672897196261682,3.5,3.5
emblematica:E018863,2803,283,0.3333333333333333,0.030303030303030304,0.0892500429601645,0.0,0.0,0.0,2.5,3.5
emblematica:E018864,2803,15,0.5076288161633667,0.3333333333333333,0.13413067950836596,0.0,0.13333333333333333,0.2,3.0,3.0
emblematica:E018865,2803,44,0.4878839554783889,0.5,0.0749738025375558,0.0,0.022727272727272728,0.045454545454545456,7.5,3.5
emblematica:E018866,2803,69,0.44424927644054296,0.5,0.04760001721971388,0.0,0.014492753623188406,0.014492753623188406,12.0,3.5
emblematica:E018867,2803,132,0.5807033210127645,1.0,0.07671667390478709,0.007575757575757576,0.007575757575757576,0.015151515151515152,11.5,4.0
emblematica:E018868,2803,271,0.38224261473290666,0.14285714285714285,0.07806975661389376,0.0,0.0,0.0036900369003690036,1.0,3.5
emblematica:E018869,2803,23,0.3333333333333333,0.0049261083743842365,0.007868864808248674,0.0,0.0,0.0,5.0,4.0
emblematica:E018870,2803,93,0.5062481938346489,0.3333333333333333,0.06142652263123828,0.0,0.010752688172043012,0.021505376344086023,13.0,4.0
emblematica:E018871,2803,262,1.0,1.0,0.4621901294373118,0.003816793893129771,0.019083969465648856,0.03816793893129771,15.0,5.0
emblematica:E018872,2803,245,1.0,1.0,0.5035483859681928,0.004081632653061225,0.02040816326530612,0.04081632653061224,16.0,3.0
emblematica:E018873,2803,191,1.0,1.0,0.4537542562805548,0.005235602094240838,0.02617801047120419,0.05235602094240838,3.5,4.5
emblematica:E018874,2803,323,1.0,1.0,0.374032403708231,0.0030959752321981426,0.015479876160990712,0.030959752321981424,32.0,4.0
emblematica:E018875,2803,256,1.0,1.0,0.4126203933302989,0.00390625,0.01953125,0.0390625,5.0,4.5
emblematica:E018876,2803,249,1.0,1.0,0.4125602322044343,0.004016064257028112,0.020080321285140562,0.040160642570281124,2.5,5.0
emblematica:E018877,2803,216,1.0,1.0,0.5213860095826727,0.004629629629629629,0.023148148148148147,0.046296296296296294,10.5,4.0
emblematica:E018878,2803,184,1.0,1.0,0.504147462273027,0.005434782608695652,0.02717391304347826,0.05434782608695652,2.5,6.0
emblematica:E018879,2803,205,1.0,1.0,0.49318031931048023,0.004878048780487805,0.024390243902439025,0.04878048780487805,8.0,5.0
emblematica:E018880,2803,203,1.0,1.0,0.42463127658787736,0.0049261083743842365,0.024630541871921183,0.04926108374384237,3.0,3.0
emblematica:E018881,2803,219,1.0,1.0,0.5016777118633443,0.0045662100456621,0.0228310502283105,0.045662100456621,16.0,4.0
emblematica:E018882,2803,227,1.0,1.0,0.4740347934149192,0.004405286343612335,0.022026431718061675,0.04405286343612335,12.5,5.0
emblematica:E018883,2803,283,1.0,1.0,0.4066557758087667,0.0035335689045936395,0.0176678445229682,0.0353356890459364,17.0,4.0
emblematica:E018884,2803,217,1.0,1.0,0.3071242367792271,0.004608294930875576,0.02304147465437788,0.04608294930875576,4.5,4.5
emblematica:E018885,2803,201,0.9510907186004266,1.0,0.5112541459365672,0.004975124378109453,0.024875621890547265,0.04477611940298507,10.0,3.0
emblematica:E018886,2803,298,1.0,1.0,0.36145697186781356,0.003355704697986577,0.016778523489932886,0.03355704697986577,27.5,3.5
emblematica:E018887,2803,243,1.0,1.0,0.41807341430135647,0.00411522633744856,0.0205761316872428,0.0411522633744856,13.0,4.0
emblematica:E018888,2803,240,1.0,1.0,0.5076023557200859,0.004166666666666667,0.020833333333333332,0.041666666666666664,18.0,4.5
emblematica:E018889,2803,302,1.0,1.0,0.4325920649909602,0.0033112582781456954,0.016556291390728478,0.033112582781456956,24.5,3.5
emblematica:E018890,2803,193,1.0,1.0,0.5681874060163915,0.0051813471502590676,0.025906735751295335,0.05181347150259067,3.0,5.0
emblematica:E018891,2803,293,1.0,1.0,0.4411035214498441,0.0034129692832764505,0.017064846416382253,0.034129692832764506,17.0,3.0
emblematica:E018892,2803,235,1.0,1.0,0.513027576973028,0.00425531914893617,0.02127659574468085,0.0425531914893617,11.0,4.0
emblematica:E018893,2803,217,1.0,1.0,0.5358891746231668,0.004608294930875576,0.02304147465437788,0.04608294930875576,6.0,4.0
emblematica:E018894,2803,211,1.0,1.0,0.5236204438085817,0.004739336492890996,0.023696682464454975,0.04739336492890995,13.0,4.0
emblematica:E018895,2803,200,1.0,1.0,0.5196268763738731,0.005,0.025,0.05,10.5,4.0
emblematica:E018896,2803,302,1.0,1.0,0.47806620986043774,0.0033112582781456954,0.016556291390728478,0.033112582781456956,18.5,4.5
emblematica:E018897,2803,209,1.0,1.0,0.45543014724394326,0.004784688995215311,0.023923444976076555,0.04784688995215311,4.0,4.0
emblematica:E018898,2803,269,1.0,1.0,0.4548454940714958,0.0037174721189591076,0.01858736059479554,0.03717472118959108,6.0,3.0
emblematica:E018899,2803,208,1.0,1.0,0.5296730467692631,0.004807692307692308,0.02403846153846154,0.04807692307692308,6.5,3.5
emblematica:E018900,2803,216,1.0,1.0,0.541467040567864,0.004629629629629629,0.023148148148148147,0.046296296296296294,16.0,3.0
emblematica:E018901,2803,230,1.0,1.0,0.5305321709500902,0.004347826086956522,0.021739130434782608,0.043478260869565216,8.0,4.0
emblematica:E018902,2803,203,1.0,1.0,0.5406436602826091,0.0049261083743842365,0.024630541871921183,0.04926108374384237,3.0,4.0
emblematica:E018903,2803,231,1.0,1.0,0.4539736334365908,0.004329004329004329,0.021645021645021644,0.04329004329004329,13.5,5.0
emblematica:E018904,2803,216,0.9537125187088151,1.0,0.48630667203242917,0.004629629629629629,0.023148148148148147,0.041666666666666664,3.0,4.0
emblematica:E018905,2803,195,1.0,1.0,0.5654202076795679,0.005128205128205128,0.02564102564102564,0.05128205128205128,3.0,4.0
emblematica:E018906,2803,200,1.0,1.0,0.5422407429126739,0.005,0.025,0.05,5.5,3.5
emblematica:E018907,2803,361,1.0,1.0,0.3794326909797704,0.002770083102493075,0.013850415512465374,0.027700831024930747,23.0,4.0
emblematica:E018908,2803,192,1.0,1.0,0.566245270897258,0.005208333333333333,0.026041666666666668,0.052083333333333336,3.5,3.5
emblematica:E018909,2803,319,1.0,1.0,0.40033374414026834,0.003134796238244514,0.01567398119122257,0.03134796238244514,12.0,4.0
emblematica:E018910,2803,188,1.0,1.0,0.4963463989022945,0.005319148936170213,0.026595744680851064,0.05319148936170213,2.0,5.0
emblematica:E018911,2803,190,1.0,1.0,0.5717825074539774,0.005263157894736842,0.02631578947368421,0.05263157894736842,3.0,6.0
emblematica:E018912,2803,200,1.0,1.0,0.5033481910135352,0.005,0.025,0.05,2.5,3.0
emblematica:E018913,2803,198,1.0,1.0,0.43029549667910744,0.005050505050505051,0.025252525252525252,0.050505050505050504,8.5,4.0
emblematica:E018914,2803,269,1.0,1.0,0.4756288160985442,0.0037174721189591076,0.01858736059479554,0.03717472118959108,4.5,4.0
emblematica:E018915,2803,226,1.0,1.0,0.5049487172193393,0.004424778761061947,0.022123893805309734,0.04424778761061947,21.0,4.0
emblematica:E018916,2803,258,1.0,1.0,0.47863424390503095,0.003875968992248062,0.01937984496124031,0.03875968992248062,23.5,4.5
emblematica:E018917,2803,207,1.0,1.0,0.5482667349170836,0.004830917874396135,0.024154589371980676,0.04830917874396135,5.0,5.0
emblematica:E018918,2803,188,1.0,1.0,0.5457786528462003,0.005319148936170213,0.026595744680851064,0.05319148936170213,1.5,5.0
emblematica:E018919,2803,217,1.0,1.0,0.5386300002260366,0.004608294930875576,0.02304147465437788,0.04608294930875576,16.0,3.0
emblematica:E018920,2803,198,1.0,1.0,0.5544272461002411,0.005050505050505051,0.025252525252525252,0.050505050505050504,2.0,5.0
emblematica:E018921,2803,309,0.9432379215722525,1.0,0.3021487425188098,0.003236245954692557,0.012944983818770227,0.02912621359223301,13.0,3.0
emblematica:E018922,2803,313,1.0,1.0,0.4154412737195074,0.003194888178913738,0.01597444089456869,0.03194888178913738,8.0,5.0
emblematica:E018923,2803,277,1.0,1.0,0.35206723254996514,0.0036101083032490976,0.018050541516245487,0.036101083032490974,8.0,3.5
emblematica:E018924,2803,272,1.0,1.0,0.4412414903072552,0.003676470588235294,0.01838235294117647,0.03676470588235294,8.0,4.0
emblematica:E018925,2803,192,1.0,1.0,0.5431740770412761,0.005208333333333333,0.026041666666666668,0.052083333333333336,2.0,4.0
emblematica:E018926,2803,327,1.0,1.0,0.41925849740538584,0.0030581039755351682,0.01529051987767584,0.03058103975535168,22.5,4.0
emblematica:E018927,2803,205,1.0,1.0,0.5491761259870169,0.004878048780487805,0.024390243902439025,0.04878048780487805,6.0,3.5
emblematica:E018928,2803,216,1.0,1.0,0.5207623833625601,0.004629629629629629,0.023148148148148147,0.046296296296296294,10.5,4.0
emblematica:E018929,2803,214,1.0,1.0,0.517998847828146,0.004672897196261682,0.02336448598130841,0.04672897196261682,6.0,4.0
emblematica:E018930,2803,304,1.0,1.0,0.44438081305888066,0.003289473684210526,0.01644736842105263,0.03289473684210526,15.0,4.0
emblematica:E018931,2803,252,1.0,1.0,0.4567271116503547,0.003968253968253968,0.01984126984126984,0.03968253968253968,3.5,4.5
emblematica:E018932,2803,207,0.9432379215722525,1.0,0.4666422225332775,0.004830917874396135,0.01932367149758454,0.043478260869565216,8.5,5.0
emblematica:E018933,2803,233,1.0,1.0,0.47760691558031504,0.004291845493562232,0.02145922746781116,0.04291845493562232,5.0,4.0
emblematica:E018934,2803,209,1.0,1.0,0.48918867938833577,0.004784688995215311,0.023923444976076555,0.04784688995215311,11.0,4.0
emblematica:E018935,2803,187,1.0,1.0,0.4694908127145893,0.0053475935828877,0.026737967914438502,0.053475935828877004,2.0,4.0
emblematica:E018936,2803,245,1.0,1.0,0.4937112109462096,0.004081632653061225,0.02040816326530612,0.04081632653061224,13.0,5.0
emblematica:E018937,2803,185,1.0,1.0,0.5537956737492064,0.005405405405405406,0.02702702702702703,0.05405405405405406,2.0,4.5
emblematica:E018938,2803,198,1.0,1.0,0.46717155847502456,0.005050505050505051,0.025252525252525252,0.050505050505050504,4.0,4.0
emblematica:E018939,2803,203,1.0,1.0,0.5049244609198194,0.0049261083743842365,0.024630541871921183,0.04926108374384237,9.0,5.0
emblematica:E018940,2803,271,1.0,1.0,0.4536558592209358,0.0036900369003690036,0.01845018450184502,0.03690036900369004,10.0,5.0
emblematica:E018941,2803,235,1.0,1.0,0.45213967200330524,0.00425531914893617,0.02127659574468085,0.0425531914893617,14.5,3.5
emblematica:E018942,2803,223,1.0,1.0,0.4817618131603557,0.004484304932735426,0.02242152466367713,0.04484304932735426,7.0,4.0
emblematica:E018943,2803,206,1.0,1.0,0.5483450007667342,0.0048543689320388345,0.024271844660194174,0.04854368932038835,3.0,4.0
emblematica:E018944,2803,265,1.0,1.0,0.3274841120502841,0.0037735849056603774,0.018867924528301886,0.03773584905660377,8.0,5.0
emblematica:E018945,2803,359,1.0,1.0,0.3995693589221466,0.002785515320334262,0.013927576601671309,0.027855153203342618,26.0,4.0
emblematica:E018946,2803,224,1.0,1.0,0.5332616210230248,0.004464285714285714,0.022321428571428572,0.044642857142857144,10.0,4.0
emblematica:E018947,2803,406,1.0,1.0,0.37397759851366663,0.0024630541871921183,0.012315270935960592,0.024630541871921183,25.0,4.0
emblematica:E018948,2803,197,1.0,1.0,0.5207008531047164,0.005076142131979695,0.025380710659898477,0.050761421319796954,3.5,3.5
emblematica:E018949,2803,207,1.0,1.0,0.44816029079534214,0.004830917874396135,0.024154589371980676,0.04830917874396135,8.0,5.0
emblematica:E018950,2803,203,0.9575861412006987,1.0,0.5293022626525447,0.0049261083743842365,0.024630541871921183,0.04433497536945813,5.0,4.0
emblematica:E018951,2803,268,1.0,1.0,0.4754766284139729,0.0037313432835820895,0.018656716417910446,0.03731343283582089,14.0,4.0
emblematica:E018952,2803,6,0.35648241204244513,0.05555555555555555,0.01859805931558643,0.0,0.0,0.0,2.0,4.0
emblematica:E018953,2803,215,1.0,1.0,0.4960225471064064,0.004651162790697674,0.023255813953488372,0.046511627906976744,5.0,4.0
emblematica:E018954,2803,254,1.0,1.0,0.48973879041170176,0.003937007874015748,0.01968503937007874,0.03937007874015748,11.0,4.0
emblematica:E018955,2803,228,0.9266360779006398,1.0,0.4951257599868193,0.0043859649122807015,0.017543859649122806,0.039473684210526314,13.5,4.5
emblematica:E018956,2803,237,1.0,1.0,0.4328374880256396,0.004219409282700422,0.02109704641350211,0.04219409282700422,23.0,4.0
emblematica:E018957,2803,204,1.0,1.0,0.497567724747381,0.004901960784313725,0.024509803921568627,0.049019607843137254,6.5,4.0
emblematica:E018958,2803,58,0.9368077570869661,0.03571428571428571,0.023021629954043308,0.0,0.0,0.0,8.0,5.0
emblematica:E018959,2803,186,1.0,1.0,0.5703488163191607,0.005376344086021506,0.026881720430107527,0.053763440860215055,2.0,5.0
emblematica:E018960,2803,198,1.0,1.0,0.5022690396291802,0.005050505050505051,0.025252525252525252,0.050505050505050504,9.0,6.0
emblematica:E018961,2803,233,1.0,1.0,0.41969309935307697,0.004291845493562232,0.02145922746781116,0.04291845493562232,11.0,4.5
emblematica:E018962,2803,206,1.0,1.0,0.3984862711232727,0.0048543689320388345,0.024271844660194174,0.04854368932038835,13.0,5.0
emblematica:E018963,2803,195,1.0,1.0,0.576631255228358,0.005128205128205128,0.02564102564102564,0.05128205128205128,3.0,3.0
emblematica:E018964,2803,258,1.0,1.0,0.5077116034679392,0.003875968992248062,0.01937984496124031,0.03875968992248062,14.0,4.0
emblematica:E018965,2803,220,1.0,1.0,0.5114729457544548,0.004545454545454545,0.022727272727272728,0.045454545454545456,10.0,6.0
emblematica:E018966,2803,248,1.0,1.0,0.4784317844609161,0.004032258064516129,0.020161290322580645,0.04032258064516129,18.0,4.0
emblematica:E018967,2803,188,1.0,1.0,0.5440796785292268,0.005319148936170213,0.026595744680851064,0.05319148936170213,2.0,4.0
emblematica:E018968,2803,306,1.0,1.0,0.4481015824403816,0.0032679738562091504,0.016339869281045753,0.032679738562091505,12.0,4.0
emblematica:E018969,2803,242,1.0,1.0,0.5344487279835746,0.004132231404958678,0.02066115702479339,0.04132231404958678,15.0,5.0
emblematica:E018970,2803,226,1.0,1.0,0.40464309443947577,0.004424778761061947,0.022123893805309734,0.04424778761061947,13.0,4.0
emblematica:E018971,2803,275,0.7974415120932818,1.0,0.254381870628796,0.0036363636363636364,0.014545454545454545,0.02181818181818182,8.0,5.0
emblematica:E018974,2803,99,0.4965147890929932,0.5,0.06428342359921624,0.0,0.010101010101010102,0.020202020202020204,8.0,4.0
emblematica:E018975,2803,102,0.3333333333333333,0.07692307692307693,0.05484905016472939,0.0,0.0,0.0,5.0,3.0
emblematica:E018976,2803,16,0.35744208207217737,0.07692307692307693,0.013315533775594815,0.0,0.0,0.0,1.0,4.0
emblematica:E018977,2803,40,0.3333333333333333,0.012195121951219513,0.016635830521033977,0.0,0.0,0.0,1.0,4.0
emblematica:E018978,2803,169,0.6150499989137242,1.0,0.09177848724001313,0.005917159763313609,0.011834319526627219,0.01775147928994083,1.0,4.0
emblematica:E018979,2803,43,0.4637686583855777,0.5,0.02473265293704757,0.0,0.023255813953488372,0.023255813953488372,2.0,4.0
emblematica:E018980,2803,73,0.4752089288556476,0.25,0.0745753997142457,0.0,0.0136986301369863,0.0273972602739726,5.0,4.0
emblematica:E018981,2803,8,0.34428518061118435,0.07692307692307693,0.021233989609163617,0.0,0.0,0.0,1.0,4.0
emblematica:E018982,2803,106,0.3333333333333333,0.0058823529411764705,0.03454996656328894,0.0,0.0,0.0,1.0,4.0
emblematica:E018983,2803,163,0.3333333333333333,0.045454545454545456,0.0692597505030455,0.0,0.0,0.0,1.0,4.0
emblematica:E018984,2803,282,0.46345933386044064,0.3333333333333333,0.13321211393062452,0.0,0.0070921985815602835,0.0070921985815602835,14.0,4.0
emblematica:E018985,2803,121,0.7554797864180018,1.0,0.1439100920553151,0.008264462809917356,0.03305785123966942,0.04132231404958678,9.0,4.0
emblematica:E018986,2803,225,0.3333333333333333,0.08333333333333333,0.07510747747232889,0.0,0.0,0.0,8.5,4.0
emblematica:E018987,2803,49,0.3333333333333333,0.009345794392523364,0.020890741676668188,0.0,0.0,0.0,1.0,5.0
emblematica:E018988,2803,130,0.6885976968000368,1.0,0.10422321138411865,0.007692307692307693,0.015384615384615385,0.038461538461538464,3.0,4.0
emblematica:E018989,2803,125,0.554462448726138,0.25,0.12142815198609985,0.0,0.016,0.032,3.0,4.0
emblematica:E018990,2803,32,0.35167431385817327,0.045454545454545456,0.01277196666343321,0.0,0.0,0.0,3.0,4.0
emblematica:E018991,2803,69,0.6607868248473733,1.0,0.16658503014974058,0.014492753623188406,0.043478260869565216,0.057971014492753624,8.0,4.0
emblematica:E018992,2803,53,0.48006117753205335,1.0,0.047576385843560165,0.018867924528301886,0.018867924528301886,0.018867924528301886,2.5,4.0
emblematica:E018993,2803,98,0.5394150369863508,1.0,0.07442956900528279,0.01020408163265306,0.01020408163265306,0.02040816326530612,5.0,6.0
emblematica:E018994,2803,107,0.37962081462451813,0.125,0.07770067734545644,0.0,0.0,0.009345794392523364,10.0,4.0
emblematica:E018995,2803,203,0.44281305753755196,0.25,0.12630341953621058,0.0,0.0049261083743842365,0.009852216748768473,2.5,4.5
emblematica:E018996,2803,3,0.4931049315805358,0.04,0.024439368559971576,0.0,0.0,0.0,1.0,4.0
emblematica:E018997,2803,31,0.37962081462451813,0.09090909090909091,0.017568019294684562,0.0,0.0,0.0,1.5,4.5
emblematica:E018998,2803,102,0.470077778218629,0.5,0.08509459789510501,0.0,0.00980392156862745,0.0196078431372549,8.0,3.0
emblematica:E018999,2803,52,0.4556065368322667,0.3333333333333333,0.05897988739527044,0.0,0.019230769230769232,0.038461538461538464,2.0,3.5
emblematica:E019000,2803,224,0.48006117753205335,1.0,0.14604935641449954,0.004464285714285714,0.004464285714285714,0.004464285714285714,9.0,3.5
emblematica:E019001,2803,76,0.3333333333333333,0.05555555555555555,0.02982828488426955,0.0,0.0,0.0,5.0,4.0
emblematica:E019002,2803,41,0.3997893655927203,0.16666666666666666,0.04808661651554315,0.0,0.0,0.024390243902439025,1.0,5.0
emblematica:E019003,2803,99,0.3775028156362593,0.1111111111111111,0.06336096442195491,0.0,0.0,0.010101010101010102,4.5,4.5
emblematica:E019004,2803,80,0.43250927056038174,0.2,0.046906936637693894,0.0,0.0125,0.025,1.0,4.0
emblematica:E019005,2803,65,0.42590829591570295,0.038461538461538464,0.02546801124029598,0.0,0.0,0.0,2.5,3.5
emblematica:E019006,2803,58,0.48006117753205335,1.0,0.05965565517713735,0.017241379310344827,0.017241379310344827,0.017241379310344827,2.0,4.0
emblematica:E019007,2803,165,0.5687625176225394,1.0,0.08365930171124651,0.006060606060606061,0.006060606060606061,0.01818181818181818,23.5,4.0
emblematica:E019008,2803,85,0.6688828551968976,1.0,0.10971169741506386,0.011764705882352941,0.03529411764705882,0.047058823529411764,9.0,5.0
emblematica:E019009,2803,74,0.3900954117610806,0.2,0.04715358952888288,0.0,0.013513513513513514,0.013513513513513514,2.0,5.5
emblematica:E019010,2803,97,0.7545661210178902,1.0,0.12378120055110503,0.010309278350515464,0.041237113402061855,0.05154639175257732,13.0,4.5
emblematica:E019011,2803,50,0.6150499989137242,1.0,0.10897125512338658,0.02,0.04,0.06,3.0,5.0
emblematica:E019012,2803,37,0.5967749079351056,1.0,0.11448851600870148,0.02702702702702703,0.05405405405405406,0.08108108108108109,3.0,4.0
emblematica:E019013,2803,71,0.34490520365612953,0.05263157894736842,0.03605376674323969,0.0,0.0,0.0,2.5,4.0
emblematica:E019014,2803,32,0.3333333333333333,0.03571428571428571,0.01809966381522825,0.0,0.0,0.0,3.5,4.5
emblematica:E019015,2803,43,0.3333333333333333,0.023809523809523808,0.014096405268221512,0.0,0.0,0.0,3.0,4.0
emblematica:E019016,2803,85,0.3333333333333333,0.0625,0.06589272154359921,0.0,0.0,0.0,10.0,4.0
emblematica:E019017,2803,128,0.3333333333333333,0.08333333333333333,0.0495609076608125,0.0,0.0,0.0,6.5,4.5
emblematica:E019018,2803,37,0.3333333333333333,0.038461538461538464,0.020194110836509835,0.0,0.0,0.0,1.5,6.0
emblematica:E019019,2803,43,0.5900320995594102,0.5,0.13108083212855565,0.0,0.06976744186046512,0.09302325581395349,4.5,4.0
emblematica:E019020,2803,17,0.3333333333333333,0.02040816326530612,0.01257112364019862,0.0,0.0,0.0,2.0,3.0
emblematica:E019021,2803,60,0.3333333333333333,0.02702702702702703,0.036112002892812425,0.0,0.0,0.0,2.0,4.0
emblematica:E019022,2803,45,0.37574719213263447,0.010416666666666666,0.016086332501615237,0.0,0.0,0.0,1.0,5.0
emblematica:E019023,2803,326,0.7836106837038425,1.0,0.21719211508587502,0.003067484662576687,0.009202453987730062,0.018404907975460124,22.5,4.0
emblematica:E019024,2803,23,0.5242306598349794,0.1111111111111111,0.02345194452095842,0.0,0.0,0.043478260869565216,1.0,4.0
emblematica:E019025,2803,42,0.48006117753205335,1.0,0.0440269626047971,0.023809523809523808,0.023809523809523808,0.023809523809523808,4.5,3.5
emblematica:E019026,2803,157,0.49120494769811857,0.25,0.13020174831190387,0.0,0.006369426751592357,0.01910828025477707,13.5,4.0
emblematica:E019027,2803,17,0.39652557624636714,0.25,0.025161715413513322,0.0,0.058823529411764705,0.058823529411764705,2.0,4.0
emblematica:E019028,2803,35,0.3333333333333333,0.04,0.016578968517620078,0.0,0.0,0.0,1.0,5.0
emblematica:E019029,2803,92,0.38224261473290666,0.14285714285714285,0.051387414513475324,0.0,0.0,0.010869565217391304,8.0,3.5
emblematica:E019030,2803,259,0.5481814994146365,0.5,0.09930042364371786,0.0,0.007722007722007722,0.011583011583011582,20.0,3.0
emblematica:E019031,2803,70,0.3333333333333333,0.041666666666666664,0.054487004295953045,0.0,0.0,0.0,3.5,3.5
emblematica:E019032,2803,30,0.3333333333333333,0.03571428571428571,0.027409253142241716,0.0,0.0,0.0,3.0,5.0
emblematica:E019033,2803,136,0.6545872903864455,0.5,0.13247681301622807,0.0,0.022058823529411766,0.03676470588235294,3.5,5.0
emblematica:E019034,2803,149,0.48960433994886654,0.25,0.08634591299055651,0.0,0.006711409395973154,0.020134228187919462,11.5,4.5
emblematica:E019035,2803,17,0.3333333333333333,0.09090909090909091,0.010437376602405766,0.0,0.0,0.0,1.0,4.0
emblematica:E019036,2803,156,0.3333333333333333,0.09090909090909091,0.05533302429230692,0.0,0.0,0.0,2.0,4.0
emblematica:E019037,2803,141,0.48006117753205335,1.0,0.08420515308003111,0.0070921985815602835,0.0070921985815602835,0.0070921985815602835,9.0,3.5
emblematica:E019038,2803,139,0.4576518680309493,0.16666666666666666,0.12194915117792261,0.0,0.0,0.014388489208633094,3.0,4.0
emblematica:E019039,2803,159,0.41162596583347816,0.14285714285714285,0.07501214888139261,0.0,0.0,0.006289308176100629,13.5,3.5
emblematica:E019040,2803,52,0.3333333333333333,0.07142857142857142,0.03268836877571123,0.0,0.0,0.0,1.0,4.0
emblematica:E019041,2803,28,0.43900469316065394,0.2,0.0320986238622364,0.0,0.03571428571428571,0.07142857142857142,1.0,4.0
emblematica:E019042,2803,25,0.46345933386044064,0.3333333333333333,0.04462360500045028,0.0,0.08,0.08,1.0,4.0
emblematica:E019043,2803,76,0.5242306598349794,1.0,0.0893155863966799,0.013157894736842105,0.013157894736842105,0.02631578947368421,5.0,4.0
emblematica:E019044,2803,122,0.3455606536832266,0.08333333333333333,0.04466049544413053,0.0,0.0,0.0,11.0,3.0
emblematica:E019045,2803,50,0.5387178205090436,0.3333333333333333,0.05550349900984761,0.0,0.02,0.06,7.0,4.0
emblematica:E019046,2803,188,0.46345933386044064,0.3333333333333333,0.08220326536169849,0.0,0.010638297872340425,0.010638297872340425,18.5,4.0
emblematica:E019047,2803,158,0.5624644609280969,0.5,0.09853064942428623,0.0,0.0189873417721519,0.0189873417721519,12.5,4.5
emblematica:E019048,2803,91,0.40875289659626046,0.25,0.04149861341210628,0.0,0.01098901098901099,0.01098901098901099,4.0,5.0
emblematica:E019049,2803,67,0.3333333333333333,0.02040816326530612,0.02210808031540642,0.0,0.0,0.0,3.5,4.5
emblematica:E019050,2803,46,0.43900469316065394,0.2,0.05403577693532847,0.0,0.021739130434782608,0.043478260869565216,2.0,4.0
emblematica:E019051,2803,111,0.4980203956315678,0.3333333333333333,0.08414533347741887,0.0,0.009009009009009009,0.02702702702702703,1.0,4.0
emblematica:E019052,2803,218,0.3900954117610806,0.07142857142857142,0.08419235623953593,0.0,0.0,0.0,2.0,4.0
emblematica:E019053,2803,28,0.3333333333333333,0.041666666666666664,0.017652202679500812,0.0,0.0,0.0,2.0,4.0
emblematica:E019054,2803,126,0.3905691937993718,0.0625,0.066082233271312,0.0,0.0,0.0,13.0,5.0
emblematica:E019055,2803,257,0.48006117753205335,1.0,0.16543375786008108,0.0038910505836575876,0.0038910505836575876,0.0038910505836575876,13.0,4.0
emblematica:E019056,2803,279,0.6023343810309868,1.0,0.191193632098213,0.0035842293906810036,0.007168458781362007,0.010752688172043012,4.0,5.0
emblematica:E019093,2803,64,0.3443757039090648,0.08333333333333333,0.04107042375989019,0.0,0.0,0.0,11.5,3.0
emblematica:E019094,2803,98,0.3333333333333333,0.022727272727272728,0.028383789861190313,0.0,0.0,0.0,9.5,3.0
emblematica:E019095,2803,18,0.3333333333333333,0.029411764705882353,0.009252127590406183,0.0,0.0,0.0,2.5,2.5
emblematica:E019096,2803,109,0.3333333333333333,0.019230769230769232,0.04501514328015395,0.0,0.0,0.0,24.0,3.0
emblematica:E019097,2803,151,0.4155874263209788,0.16666666666666666,0.05788304885107297,0.0,0.0,0.006622516556291391,6.0,3.5
emblematica:E019098,2803,29,0.5190029789059043,1.0,0.044747012437935815,0.034482758620689655,0.034482758620689655,0.034482758620689655,2.0,4.0
emblematica:E019099,2803,27,0.5215458987024858,1.0,0.04692465463392665,0.037037037037037035,0.037037037037037035,0.037037037037037035,1.0,3.0
emblematica:E019100,2803,80,0.4245406473596344,0.16666666666666666,0.02548860810271287,0.0,0.0,0.0125,7.0,4.0
emblematica:E019101,2803,8,0.42406318157047634,0.25,0.047784410923747564,0.0,0.125,0.125,1.0,3.0
emblematica:E019102,2803,9,0.3333333333333333,0.007633587786259542,0.0074325981995072244,0.0,0.0,0.0,2.5,3.5
emblematica:E019103,2803,29,0.38559884598578353,0.16666666666666666,0.019470289280425036,0.0,0.0,0.034482758620689655,3.0,3.0
emblematica:E019104,2803,1,0.14361975441947877,0.0006365372374283895,0.0006365372374283895,0.0,0.0,0.0,1.5,3.5
emblematica:E019105,2803,35,0.3333333333333333,0.005208333333333333,0.011879813777959302,0.0,0.0,0.0,3.5,2.0
emblematica:E019106,2803,42,0.3333333333333333,0.02,0.016540549045021048,0.0,0.0,0.0,2.0,4.0
emblematica:E019107,2803,117,0.3333333333333333,0.06666666666666667,0.03745902677865931,0.0,0.0,0.0,8.0,5.0
emblematica:E019108,2803,38,0.3491313940615917,0.06666666666666667,0.012151809038850396,0.0,0.0,0.0,6.0,4.0
emblematica:E019173,2803,53,0.3333333333333333,0.029411764705882353,0.02776321566911258,0.0,0.0,0.0,8.5,3.0
emblematica:E019174,2803,34,0.3333333333333333,0.01639344262295082,0.022776857849340436,0.0,0.0,0.0,6.5,3.0
emblematica:E019175,2803,189,0.3900954117610806,0.2,0.06570766880173716,0.0,0.005291005291005291,0.005291005291005291,25.0,3.0
emblematica:E019176,2803,22,0.3333333333333333,0.06666666666666667,0.02079727206247869,0.0,0.0,0.0,1.0,5.0
emblematica:E019177,2803,8,0.3333333333333333,0.009615384615384616,0.0045381506062826295,0.0,0.0,0.0,1.0,3.0
emblematica:E019178,2803,26,0.46832215471500416,0.5,0.039074402157824276,0.0,0.038461538461538464,0.07692307692307693,5.0,4.0
emblematica:E019179,2803,63,0.3333333333333333,0.013888888888888888,0.023319508851304623,0.0,0.0,0.0,2.0,3.0
emblematica:E019180,2803,34,0.3775028156362593,0.1111111111111111,0.017843147614395115,0.0,0.0,0.029411764705882353,4.0,5.0
emblematica:E019181,2803,23,0.3333333333333333,0.0035587188612099642,0.008241657114229436,0.0,0.0,0.0,2.0,3.0
emblematica:E019182,2803,23,0.3333333333333333,0.05,0.015595706238372389,0.0,0.0,0.0,3.0,4.0
emblematica:E019183,2803,50,0.3333333333333333,0.019230769230769232,0.02360407038052931,0.0,0.0,0.0,6.0,4.0
emblematica:E019184,2803,24,0.45086673773561936,0.3333333333333333,0.045673510454907223,0.0,0.041666666666666664,0.08333333333333333,4.0,5.0
emblematica:E019185,2803,45,0.3333333333333333,0.017241379310344827,0.01341460789597628,0.0,0.0,0.0,4.0,4.0
emblematica:E019186,2803,729,0.41486655677120715,0.25,0.3292046787789045,0.0,0.0013717421124828531,0.0013717421124828531,9.0,3.0
emblematica:E019187,2803,60,0.3333333333333333,0.014285714285714285,0.029657575853281923,0.0,0.0,0.0,13.0,4.0
emblematica:E019188,2803,52,0.3621977722247043,0.06666666666666667,0.023104113741570884,0.0,0.0,0.0,6.0,4.0
emblematica:E019189,2803,60,0.3333333333333333,0.010416666666666666,0.020106240737380418,0.0,0.0,0.0,2.0,3.0
emblematica:E019190,2803,67,0.43320753729604716,0.25,0.03673018420636509,0.0,0.014925373134328358,0.014925373134328358,6.5,3.5
emblematica:E019191,2803,42,0.37574719213263447,0.1,0.02329395006317873,0.0,0.0,0.023809523809523808,7.5,4.5
emblematica:E019192,2803,128,0.6422976122118604,0.5,0.08718726801409331,0.0,0.0234375,0.0390625,14.0,4.0
emblematica:E019193,2803,29,0.3333333333333333,0.004761904761904762,0.01364419298548654,0.0,0.0,0.0,2.5,4.0
emblematica:E019194,2803,89,0.6299020196623001,1.0,0.06941014766008709,0.011235955056179775,0.02247191011235955,0.0449438202247191,1.0,4.0
emblematica:E019195,2803,128,0.7703650712851067,1.0,0.08937862291333268,0.0078125,0.0234375,0.046875,7.5,4.0
emblematica:E019196,2803,98,0.6381210717697404,0.5,0.06296627899705247,0.0,0.02040816326530612,0.05102040816326531,5.0,4.0
emblematica:E019197,2803,103,0.676189500953485,1.0,0.06308000970512265,0.009708737864077669,0.019417475728155338,0.04854368932038835,4.0,4.0
emblematica:E019198,2803,103,0.38559884598578353,0.16666666666666666,0.05662121943568359,0.0,0.0,0.009708737864077669,7.0,3.0
emblematica:E019199,2803,121,0.3333333333333333,0.08333333333333333,0.0794198441232484,0.0,0.0,0.0,14.0,4.0
emblematica:E019200,2803,26,0.3333333333333333,0.012658227848101266,0.011501724439061407,0.0,0.0,0.0,4.0,4.0
emblematica:E019201,2803,98,0.6711891340580581,1.0,0.07040148096283852,0.01020408163265306,0.02040816326530612,0.04081632653061224,2.0,4.0
emblematica:E019202,2803,24,0.3333333333333333,0.017241379310344827,0.018076065916143174,0.0,0.0,0.0,5.5,3.5
emblematica:E019203,2803,114,0.4984021580568934,1.0,0.06796339871414198,0.008771929824561403,0.008771929824561403,0.008771929824561403,9.0,3.0
emblematica:E019204,2803,26,0.39652557624636714,0.25,0.02721244591588691,0.0,0.038461538461538464,0.038461538461538464,5.5,3.0
emblematica:E019205,2803,153,0.42590829591570295,0.5,0.06865099593170723,0.0,0.006535947712418301,0.006535947712418301,14.0,3.0
emblematica:E020642,2803,199,0.37431908227460553,0.125,0.1688983096442589,0.0,0.0,0.005025125628140704,2.0,5.0
emblematica:E020643,2803,165,0.3333333333333333,0.0625,0.1617772701740985,0.0,0.0,0.0,1.0,5.0
emblematica:E020644,2803,1,0.26429925285852723,0.0005319148936170213,0.0005319148936170213,0.0,0.0,0.0,1.0,5.0
emblematica:E020645,2803,284,0.5434417003179891,0.5,0.20961529622201594,0.0,0.0035211267605633804,0.007042253521126761,6.0,4.0
emblematica:E020646,2803,215,0.4529847367238781,0.3333333333333333,0.19065232215235026,0.0,0.004651162790697674,0.009302325581395349,6.0,4.0
emblematica:E020647,2803,62,0.326800144251777,0.023255813953488372,0.030391584719255477,0.0,0.0,0.0,4.0,4.0
emblematica:E020648,2803,92,0.3900954117610806,0.2,0.1323544141698819,0.0,0.010869565217391304,0.010869565217391304,1.0,4.0
emblematica:E020649,2803,195,0.32485056157347303,0.09090909090909091,0.19060001449970865,0.0,0.0,0.0,3.0,4.0
emblematica:E020650,2803,224,0.393811334231455,0.125,0.12151475118202083,0.0,0.0,0.004464285714285714,14.0,4.0
emblematica:E020651,2803,63,0.37574719213263447,0.1,0.06414405253953541,0.0,0.0,0.015873015873015872,1.0,4.0
emblematica:E020652,2803,134,0.3333333333333333,0.05555555555555555,0.0812478796556533,0.0,0.0,0.0,9.0,3.0
emblematica:E020653,2803,96,0.38559884598578353,0.16666666666666666,0.049182025873137136,0.0,0.0,0.010416666666666666,9.5,4.0
emblematica:E020654,2803,109,0.38559884598578353,0.16666666666666666,0.08814941745386898,0.0,0.0,0.009174311926605505,1.0,5.0
emblematica:E020655,2803,188,0.3333333333333333,0.06666666666666667,0.15730967550111014,0.0,0.0,0.0,6.0,4.5
emblematica:E020656,2803,9,0.41121662036541723,0.5,0.08102005867867439,0.0,0.1111111111111111,0.1111111111111111,1.5,5.0
emblematica:E020657,2803,24,0.3439367980331586,0.07142857142857142,0.028265957006992904,0.0,0.0,0.0,1.0,5.0
emblematica:E020658,2803,203,0.5329467555709045,0.5,0.19693137074879377,0.0,0.0049261083743842365,0.014778325123152709,2.0,5.0
emblematica:E020659,2803,106,0.42465647353220776,0.14285714285714285,0.07940538298334168,0.0,0.0,0.018867924528301886,3.0,3.0
emblematica:E020660,2803,40,0.503683537176841,0.16666666666666666,0.07104245307858645,0.0,0.0,0.075,5.0,5.0
emblematica:E020661,2803,362,0.43188632727696835,0.16666666666666666,0.22169172051437805,0.0,0.0,0.0055248618784530384,11.0,5.0
emblematica:E020662,2803,35,0.320713481246783,0.03225806451612903,0.028884233600384616,0.0,0.0,0.0,1.0,4.5
emblematica:E020663,2803,98,0.38224261473290666,0.14285714285714285,0.06453703872013733,0.0,0.0,0.01020408163265306,4.0,5.0
emblematica:E020664,2803,160,0.49127020581310415,0.2,0.14949369300549276,0.0,0.00625,0.01875,1.0,4.5
emblematica:E020665,2803,25,0.3333333333333333,0.010526315789473684,0.020717336621571665,0.0,0.0,0.0,1.0,3.5
emblematica:E020666,2803,14,0.40669725543269336,0.3333333333333333,0.02991428849941577,0.0,0.07142857142857142,0.07142857142857142,2.0,5.0
emblematica:E020667,2803,248,0.709192305126817,1.0,0.23564727667428176,0.004032258064516129,0.016129032258064516,0.016129032258064516,13.0,4.0
emblematica:E020668,2803,377,0.38224261473290666,0.14285714285714285,0.2203515279797618,0.0,0.0,0.002652519893899204,25.0,4.0
emblematica:E020669,2803,208,0.42590829591570295,0.5,0.16577164522016258,0.0,0.004807692307692308,0.004807692307692308,4.0,5.0
emblematica:E020670,2803,12,0.3779771663898517,0.2,0.029813359466922523,0.0,0.08333333333333333,0.08333333333333333,1.0,5.0
emblematica:E020671,2803,306,0.8208722761667955,1.0,0.20569852208869505,0.0032679738562091504,0.006535947712418301,0.016339869281045753,12.5,4.0
emblematica:E020672,2803,220,0.5050142398721432,0.5,0.2027902485061938,0.0,0.004545454545454545,0.00909090909090909,14.0,3.0
emblematica:E020673,2803,189,0.35503054511105014,0.16666666666666666,0.08089873732293329,0.0,0.0,0.005291005291005291,9.0,4.0
emblematica:E020674,2803,231,0.42590829591570295,0.5,0.16359027431638376,0.0,0.004329004329004329,0.004329004329004329,4.0,5.0
emblematica:E020675,2803,47,0.32485056157347303,0.027777777777777776,0.02756482199733749,0.0,0.0,0.0,5.0,4.0
emblematica:E020676,2803,464,0.5783056800393526,0.25,0.34620807288610983,0.0,0.0021551724137931034,0.010775862068965518,47.0,4.0
emblematica:E020677,2803,293,0.7185317032581441,1.0,0.17846940645552775,0.0034129692832764505,0.006825938566552901,0.017064846416382253,1.0,3.5
emblematica:E020678,2803,337,0.4781738085681532,0.5,0.20022056975166685,0.0,0.002967359050445104,0.005934718100890208,7.5,4.0
emblematica:E020679,2803,6,0.3333333333333333,0.03333333333333333,0.02519200533587479,0.0,0.0,0.0,1.0,4.0
emblematica:E020680,2803,191,0.3333333333333333,0.037037037037037035,0.09734843520339512,0.0,0.0,0.0,8.5,4.0
emblematica:E020681,2803,82,0.3333333333333333,0.09090909090909091,0.06823709391828876,0.0,0.0,0.0,6.0,4.5
emblematica:E020682,2803,11,0.3333333333333333,0.008849557522123894,0.006307374135589316,0.0,0.0,0.0,1.0,4.0
emblematica:E020683,2803,301,0.6345765606439618,1.0,0.1954600491433384,0.0033222591362126247,0.006644518272425249,0.006644518272425249,4.0,5.0
emblematica:E020684,2803,305,0.7779889260207526,1.0,0.17320768205794132,0.003278688524590164,0.006557377049180328,0.009836065573770493,6.5,4.0
emblematica:E020685,2803,351,0.8881549192639214,0.25,0.22966579279261462,0.0,0.005698005698005698,0.008547008547008548,8.5,5.0
emblematica:E020686,2803,102,0.6122325092578433,1.0,0.1087057734428689,0.00980392156862745,0.00980392156862745,0.0196078431372549,2.0,5.0
emblematica:E020687,2803,120,0.41035000381030745,0.25,0.12935479661937913,0.0,0.008333333333333333,0.016666666666666666,5.0,6.0
emblematica:E020688,2803,159,0.4438107655133431,0.16666666666666666,0.11965247084457009,0.0,0.0,0.012578616352201259,11.0,5.0
emblematica:E020689,2803,274,0.45328765467411447,0.25,0.15007431072114513,0.0,0.0072992700729927005,0.0072992700729927005,2.0,4.0
emblematica:E020690,2803,99,0.5123033571450283,0.3333333333333333,0.0918625305446193,0.0,0.020202020202020204,0.030303030303030304,10.0,4.0
emblematica:E020691,2803,72,0.4542018376022037,0.3333333333333333,0.07392084010673079,0.0,0.027777777777777776,0.027777777777777776,1.0,4.5
emblematica:E020692,2803,100,0.37818459572152713,0.25,0.11295660772286716,0.0,0.01,0.01,11.0,6.0
emblematica:E020693,2803,92,0.5448649915781841,0.16666666666666666,0.06870963992360463,0.0,0.0,0.021739130434782608,8.5,4.0
emblematica:E020694,2803,241,0.5708210590764005,0.3333333333333333,0.23470964286925752,0.0,0.012448132780082987,0.016597510373443983,2.0,5.0
emblematica:E020695,2803,112,0.45086673773561936,0.3333333333333333,0.09391720658156814,0.0,0.008928571428571428,0.017857142857142856,8.0,4.5
emblematica:E020696,2803,178,0.6396884154004634,1.0,0.17878934873061608,0.0056179775280898875,0.011235955056179775,0.02247191011235955,6.0,5.0
emblematica:E020697,2803,272,0.6639592803132977,1.0,0.1866009441432265,0.003676470588235294,0.007352941176470588,0.007352941176470588,1.0,4.5
emblematica:E020698,2803,499,0.68733327111955,0.25,0.34744762637817367,0.0,0.004008016032064128,0.014028056112224449,25.5,5.0
emblematica:E020699,2803,351,0.5633290398123514,0.5,0.21609732233538248,0.0,0.002849002849002849,0.011396011396011397,6.5,4.0
emblematica:E020700,2803,160,0.5463664183766138,0.2,0.10930598542023814,0.0,0.00625,0.01875,14.0,4.0
emblematica:E020701,2803,74,0.40669725543269336,0.021739130434782608,0.05741106299744118,0.0,0.0,0.0,5.0,4.0
emblematica:E020702,2803,378,0.7224117241296841,1.0,0.2395586012979736,0.0026455026455026454,0.007936507936507936,0.013227513227513227,13.0,4.5
emblematica:E020704,2803,0,1.0,,,,,,1.0,2.0
emblematica:E020705,2803,0,0.9363792118010483,,,,,,1.0,2.0
emblematica:E020706,2803,0,1.0,,,,,,1.0,2.0
emblematica:E020707,2803,0,0.8512360941594272,,,,,,1.0,2.0
emblematica:E020708,2803,0,1.0,,,,,,1.0,2.0
emblematica:E020709,2803,0,1.0,,,,,,1.0,2.0
emblematica:E020710,2803,0,0.9337457765456109,,,,,,1.0,2.0
emblematica:E020711,2803,0,0.9148568823583789,,,,,,1.0,2.0
emblematica:E020712,2803,0,0.9148568823583789,,,,,,1.0,2.0
emblematica:E020713,2803,1,0.507884627587311,0.125,0.125,0.0,0.0,1.0,2.0,2.0
emblematica:E020714,2803,0,1.0,,,,,,1.0,2.0
emblematica:E020715,2803,0,1.0,,,,,,1.0,2.0
emblematica:E020716,2803,0,1.0,,,,,,1.0,2.0
emblematica:E020717,2803,0,1.0,,,,,,1.0,2.0
emblematica:E020718,2803,0,1.0,,,,,,1.0,2.0
emblematica:E020719,2803,0,0.7702043899253145,,,,,,1.0,2.0
emblematica:E020720,2803,0,1.0,,,,,,1.0,2.0
emblematica:E020721,2803,0,1.0,,,,,,1.0,2.0
emblematica:E020722,2803,0,0.92663607790064,,,,,,1.0,2.0
emblematica:E020723,2803,0,1.0,,,,,,1.0,2.0
emblematica:E020724,2803,0,1.0,,,,,,1.0,2.0
emblematica:E020725,2803,0,1.0,,,,,,1.0,2.0
emblematica:E020726,2803,0,0.8357804136936718,,,,,,1.0,2.0
emblematica:E020727,2803,0,0.6754160255557639,,,,,,1.0,2.0
emblematica:E020728,2803,0,0.8512360941594272,,,,,,1.0,2.0
emblematica:E020729,2803,0,1.0,,,,,,1.0,2.0
emblematica:E020730,2803,0,1.0,,,,,,1.0,2.0
emblematica:E020731,2803,0,1.0,,,,,,1.0,2.0
emblematica:E020732,2803,0,1.0,,,,,,1.0,2.0
emblematica:E020733,2803,1,0.6019704921229443,0.01694915254237288,0.01694915254237288,0.0,0.0,0.0,2.0,2.0
emblematica:E020734,2803,0,0.8701249883466592,,,,,,1.0,2.0
emblematica:E020735,2803,0,0.5769706247040591,,,,,,1.0,2.0
emblematica:E020736,2803,0,0.7019727018777484,,,,,,1.0,2.0
emblematica:E020737,2803,0,0.9305687780632227,,,,,,1.0,2.0
emblematica:E020738,2803,0,0.8603818544462508,,,,,,1.0,2.0
emblematica:E020739,2803,0,0.70844095012329,,,,,,1.0,2.0
emblematica:E020740,2803,0,1.0,,,,,,1.0,2.0
emblematica:E020741,2803,0,0.6267310462031455,,,,,,1.0,2.0
emblematica:E020742,2803,0,1.0,,,,,,1.0,2.0
emblematica:E020743,2803,0,1.0,,,,,,1.0,2.0
emblematica:E020744,2803,0,0.6867151830982591,,,,,,1.0,2.0
emblematica:E020745,2803,0,0.92663607790064,,,,,,1.0,2.0
emblematica:E020746,2803,0,0.6816604510406281,,,,,,1.0,2.0
emblematica:E020747,2803,0,1.0,,,,,,1.0,2.0
emblematica:E020748,2803,0,1.0,,,,,,1.0,2.0
emblematica:E020749,2803,0,0.7791714369672127,,,,,,1.0,2.0
emblematica:E020750,2803,0,0.7534494445524137,,,,,,1.0,2.0
emblematica:E020751,2803,0,0.7183627972686237,,,,,,1.0,2.0
emblematica:E020752,2803,0,0.9148568823583789,,,,,,1.0,2.0
emblematica:E020753,2803,0,0.7917063341896681,,,,,,1.0,2.0
emblematica:E020754,2803,0,0.92663607790064,,,,,,1.0,2.0
emblematica:E020755,2803,0,0.6028078051365984,,,,,,1.0,2.0
emblematica:E020756,2803,0,0.6207622843987102,,,,,,1.0,2.0
emblematica:E020757,2803,0,0.4576752747037683,,,,,,1.0,2.0
emblematica:E022361,2803,62,0.3333333333333333,0.05,0.09568015182985487,0.0,0.0,0.0,1.0,4.0
emblematica:E022362,2803,0,1.0,,,,,,1.0,2.0
emblematica:E022363,2803,0,0.8486026589039899,,,,,,1.0,2.0
emblematica:E022364,2803,0,0.9363792118010483,,,,,,1.0,2.0
emblematica:E022506,2803,172,0.9053206285482487,1.0,0.18412463132960388,0.005813953488372093,0.029069767441860465,0.046511627906976744,3.0,6.0
emblematica:E022507,2803,460,0.7568371608459036,0.5,0.26304915130992773,0.0,0.006521739130434782,0.013043478260869565,6.5,4.0
emblematica:E022508,2803,142,0.5432534204450873,1.0,0.08026481774304453,0.007042253521126761,0.014084507042253521,0.014084507042253521,3.0,5.0
emblematica:E022509,2803,45,0.7224769822446698,1.0,0.10151813122594598,0.022222222222222223,0.044444444444444446,0.06666666666666667,2.0,5.0
emblematica:E022510,2803,812,0.7564278444304506,1.0,0.2819604105755977,0.0012315270935960591,0.0024630541871921183,0.0024630541871921183,5.5,5.5
emblematica:E022511,2803,665,0.9526058178152246,1.0,0.30144632286256023,0.0015037593984962407,0.006015037593984963,0.013533834586466165,10.0,6.0
emblematica:E022512,2803,195,0.9575861412006987,1.0,0.19136133198894847,0.005128205128205128,0.02564102564102564,0.046153846153846156,7.0,5.5
emblematica:E022513,2803,595,0.8777267965010666,1.0,0.2857127293230496,0.0016806722689075631,0.0067226890756302525,0.013445378151260505,15.0,5.0
emblematica:E022514,2803,213,0.9558305176970738,0.5,0.14506965560780755,0.0,0.018779342723004695,0.028169014084507043,7.5,5.0
emblematica:E022515,2803,99,1.0,1.0,0.2209728200936139,0.010101010101010102,0.050505050505050504,0.10101010101010101,5.0,5.0
emblematica:E022516,2803,281,0.8091026734983537,0.5,0.16313099952835816,0.0,0.014234875444839857,0.02491103202846975,2.0,5.0
emblematica:E022517,2803,123,0.6927913446250977,1.0,0.1410154173710328,0.008130081300813009,0.016260162601626018,0.04065040650406504,4.5,5.0
emblematica:E022518,2803,77,0.4169582257012953,0.09090909090909091,0.051278051876199625,0.0,0.0,0.0,6.0,5.0
emblematica:E022519,2803,267,0.6061818101070018,0.3333333333333333,0.19496208638014736,0.0,0.00749063670411985,0.011235955056179775,7.0,4.0
emblematica:E022520,2803,306,0.8135069694887784,0.5,0.12564501335963776,0.0,0.0032679738562091504,0.00980392156862745,2.0,6.0
emblematica:E022521,2803,319,1.0,1.0,0.21021826164482194,0.003134796238244514,0.01567398119122257,0.02821316614420063,2.0,4.0
emblematica:E022522,2803,245,1.0,1.0,0.2329669170566201,0.004081632653061225,0.02040816326530612,0.036734693877551024,6.5,4.5
emblematica:E022523,2803,338,1.0,1.0,0.26125225944663166,0.0029585798816568047,0.011834319526627219,0.026627218934911243,14.0,3.5
emblematica:E022524,2803,47,0.9112986599095139,1.0,0.19760601763967137,0.02127659574468085,0.06382978723404255,0.10638297872340426,3.0,6.0
emblematica:E022525,2803,341,1.0,1.0,0.20852266576861303,0.002932551319648094,0.011730205278592375,0.026392961876832845,7.5,6.0
emblematica:E022526,2803,331,0.6108563510886634,0.3333333333333333,0.20557820069939037,0.0,0.0030211480362537764,0.00906344410876133,7.0,4.0
emblematica:E022527,2803,158,0.6167267779422598,0.25,0.11664960116662677,0.0,0.012658227848101266,0.03164556962025317,4.5,6.0
emblematica:E022528,2803,485,0.5518406486177495,0.25,0.23593235854193745,0.0,0.004123711340206186,0.008247422680412371,6.0,4.0
emblematica:E022529,2803,335,0.5368232559598007,1.0,0.2010715934344383,0.0029850746268656717,0.005970149253731343,0.005970149253731343,2.0,5.0
emblematica:E022530,2803,115,0.6864641942244923,0.5,0.16564802844228083,0.0,0.017391304347826087,0.043478260869565216,6.0,6.0
emblematica:E022531,2803,152,0.6437299477614454,0.3333333333333333,0.14074296754169213,0.0,0.013157894736842105,0.03289473684210526,4.5,6.0
emblematica:E022532,2803,345,0.7919672818521462,1.0,0.20235655832859514,0.002898550724637681,0.008695652173913044,0.020289855072463767,5.0,3.0
emblematica:E022533,2803,305,0.6936449179328698,0.5,0.17937174514055215,0.0,0.009836065573770493,0.019672131147540985,3.0,5.0
emblematica:E022534,2803,293,0.8585157560180569,1.0,0.2009543677699157,0.0034129692832764505,0.013651877133105802,0.027303754266211604,10.0,4.0
emblematica:E022535,2803,205,1.0,1.0,0.18862977937156766,0.004878048780487805,0.024390243902439025,0.04390243902439024,6.0,4.0
emblematica:E028278,2803,473,0.5728598136577826,0.5,0.24346263355597497,0.0,0.006342494714587738,0.010570824524312896,14.0,4.0
emblematica:E028279,2803,1226,0.8897652055468224,1.0,0.5704645205940457,0.0008156606851549756,0.0032626427406199023,0.0065252854812398045,16.0,3.0
emblematica:E028280,2803,300,0.8218842056926995,1.0,0.27339139749811503,0.0033333333333333335,0.006666666666666667,0.02,7.0,4.5
emblematica:E028281,2803,800,1.0,1.0,0.516565349571685,0.00125,0.00625,0.0125,14.0,4.0
emblematica:E028282,2803,1173,0.8044823640544828,1.0,0.3753562382068628,0.0008525149190110827,0.0034100596760443308,0.005967604433077579,29.0,4.0
emblematica:E028283,2803,573,0.6998259903342263,1.0,0.3341455607660386,0.0017452006980802793,0.005235602094240838,0.010471204188481676,21.0,3.0
emblematica:E028284,2803,960,0.7475305227489913,0.5,0.39486226969129606,0.0,0.0020833333333333333,0.003125,6.0,4.0
emblematica:E028285,2803,534,0.738616719768857,1.0,0.2443830152166279,0.0018726591760299626,0.00749063670411985,0.00749063670411985,22.0,4.0
emblematica:E028286,2803,156,0.5531357850360487,1.0,0.08853491526626597,0.00641025641025641,0.00641025641025641,0.01282051282051282,3.0,4.0
emblematica:E028287,2803,577,0.8555209680396574,1.0,0.314271715756666,0.0017331022530329288,0.006932409012131715,0.012131715771230503,18.0,4.0
emblematica:E028288,2803,739,0.9084363355122985,1.0,0.4492405859060289,0.0013531799729364006,0.005412719891745603,0.010825439783491205,14.5,4.0
emblematica:E028289,2803,1252,0.9289087267228368,1.0,0.44184422147074887,0.0007987220447284345,0.003194888178913738,0.00718849840255591,5.0,4.0
emblematica:E028290,2803,401,0.6920609617081396,1.0,0.2661986012069113,0.0024937655860349127,0.00997506234413965,0.00997506234413965,21.0,4.0
emblematica:E028291,2803,394,0.9633180389503199,1.0,0.39433404547706985,0.0025380710659898475,0.01015228426395939,0.017766497461928935,10.0,4.0
emblematica:E028292,2803,448,0.591035653340548,1.0,0.2724069407988251,0.002232142857142857,0.004464285714285714,0.008928571428571428,17.0,3.0
emblematica:E028293,2803,993,0.9025631996261787,0.3333333333333333,0.42133531652149736,0.0,0.002014098690835851,0.005035246727089627,13.0,4.0
emblematica:E028294,2803,1109,0.8755458364887027,1.0,0.4282699777843879,0.0009017132551848512,0.002705139765554554,0.005410279531109108,14.0,4.0
emblematica:E028295,2803,765,1.0,1.0,0.49201071691260073,0.00130718954248366,0.006535947712418301,0.013071895424836602,14.0,4.0
emblematica:E028296,2803,597,0.9537125187088151,1.0,0.4351531774216291,0.0016750418760469012,0.006700167504187605,0.01340033500837521,12.0,4.0
emblematica:E028297,2803,530,0.9668728882728055,1.0,0.4217811373839457,0.0018867924528301887,0.009433962264150943,0.016981132075471698,7.0,4.0
emblematica:E028298,2803,212,0.6171041741185168,0.3333333333333333,0.19880527496671974,0.0,0.009433962264150943,0.02358490566037736,8.0,3.0
emblematica:E028299,2803,1178,0.8216761435107436,1.0,0.4485413288238,0.0008488964346349745,0.0025466893039049238,0.005942275042444821,14.5,4.0
emblematica:E028300,2803,861,0.8140244889819587,1.0,0.268685119210122,0.0011614401858304297,0.003484320557491289,0.008130081300813009,4.5,3.5
emblematica:E028301,2803,390,0.5654384434188907,0.5,0.29547352741225413,0.0,0.005128205128205128,0.010256410256410256,17.5,4.0
emblematica:E028302,2803,1116,0.9118915841110888,1.0,0.4007731142860683,0.0008960573476702509,0.004480286738351254,0.007168458781362007,8.0,4.0
emblematica:E028303,2803,1165,0.968189605900524,1.0,0.4409052603460459,0.0008583690987124463,0.004291845493562232,0.006008583690987125,15.0,4.0
emblematica:E028304,2803,1305,1.0,1.0,0.5111662947662031,0.0007662835249042146,0.0038314176245210726,0.007662835249042145,16.5,4.0
emblematica:E028305,2803,1210,0.8058782100990338,1.0,0.46749655907880316,0.0008264462809917355,0.003305785123966942,0.005785123966942148,17.5,4.0
emblematica:E028306,2803,1315,0.9558305176970738,1.0,0.47640443100580343,0.0007604562737642585,0.0038022813688212928,0.006844106463878327,15.0,4.0
emblematica:E028307,2803,1262,0.8219398266855258,1.0,0.4655088509452033,0.000792393026941363,0.003961965134706815,0.005546751188589541,13.5,4.0
emblematica:E028308,2803,595,0.6200920877279387,0.5,0.2679117925776726,0.0,0.0033613445378151263,0.0067226890756302525,16.5,4.0
emblematica:E028309,2803,847,0.8786910723574982,1.0,0.2562827877253817,0.0011806375442739079,0.004722550177095631,0.008264462809917356,9.0,4.0
emblematica:E028310,2803,357,0.5823542047765872,0.5,0.25083188111326316,0.0,0.0056022408963585435,0.011204481792717087,20.0,4.0
emblematica:E028311,2803,1352,0.7799082337019198,0.3333333333333333,0.48309725391415154,0.0,0.0022189349112426036,0.005177514792899409,16.0,5.0
emblematica:E028312,2803,1190,1.0,1.0,0.46223053430709676,0.0008403361344537816,0.004201680672268907,0.008403361344537815,18.5,4.0
emblematica:E028313,2803,648,0.9397688877687372,1.0,0.3854767700771363,0.0015432098765432098,0.007716049382716049,0.012345679012345678,17.0,4.0
emblematica:E028314,2803,618,0.761045217202178,1.0,0.4235750276606849,0.0016181229773462784,0.006472491909385114,0.011326860841423949,8.5,5.0
emblematica:E028315,2803,447,0.5918289315562297,0.5,0.3535255992394065,0.0,0.0044742729306487695,0.013422818791946308,9.0,5.0
emblematica:E028316,2803,238,0.34136263652318216,0.2,0.07980736144698104,0.0,0.004201680672268907,0.008403361344537815,10.5,3.0
emblematica:E028317,2803,573,1.0,1.0,0.4457636345393903,0.0017452006980802793,0.008726003490401396,0.017452006980802792,21.0,4.0
emblematica:E028318,2803,371,0.7378014766545418,1.0,0.2832339263300148,0.0026954177897574125,0.008086253369272238,0.013477088948787063,14.0,3.0
emblematica:E028319,2803,216,0.6634130072528256,1.0,0.19354082650663326,0.004629629629629629,0.013888888888888888,0.023148148148148147,5.0,4.0
emblematica:E028320,2803,392,0.44247307643287515,1.0,0.1547934087029875,0.002551020408163265,0.00510204081632653,0.00510204081632653,8.0,5.0
emblematica:E028321,2803,515,0.8322426524461115,1.0,0.3615846346359451,0.001941747572815534,0.007766990291262136,0.013592233009708738,8.0,4.0
emblematica:E028322,2803,719,1.0,1.0,0.5178418300651234,0.0013908205841446453,0.006954102920723227,0.013908205841446454,27.0,4.0
emblematica:E028323,2803,686,0.9266360779006398,1.0,0.4308579207090393,0.0014577259475218659,0.007288629737609329,0.013119533527696793,16.0,4.0
emblematica:E028324,2803,387,0.8181940295792491,1.0,0.22624270344578212,0.002583979328165375,0.007751937984496124,0.0103359173126615,6.0,3.5
emblematica:E028325,2803,911,0.9266360779006398,1.0,0.35984497458415604,0.0010976948408342481,0.003293084522502744,0.0043907793633369925,6.5,4.0
emblematica:E028326,2803,743,1.0,1.0,0.45312903930852677,0.0013458950201884253,0.006729475100942127,0.012113055181695828,13.0,4.0
emblematica:E028327,2803,437,0.8137433739416701,1.0,0.3422677419150697,0.002288329519450801,0.006864988558352402,0.018306636155606407,10.0,4.0
emblematica:E028328,2803,422,0.8919204669322511,1.0,0.3749109086383816,0.002369668246445498,0.009478672985781991,0.016587677725118485,15.0,4.0
emblematica:E028329,2803,1198,0.8698739994728926,1.0,0.44783459235309786,0.0008347245409015025,0.0025041736227045075,0.00667779632721202,31.5,4.0
emblematica:E028330,2803,1209,0.9633180389503199,1.0,0.524113143689567,0.0008271298593879239,0.0041356492969396195,0.007444168734491315,18.5,4.0
emblematica:E028331,2803,611,0.905211635630449,1.0,0.4019428029755718,0.0016366612111292963,0.004909983633387889,0.011456628477905073,16.0,4.0
emblematica:E028332,2803,731,0.8881549192639214,1.0,0.4709175009623363,0.0013679890560875513,0.006839945280437756,0.01094391244870041,21.0,3.0
emblematica:E028333,2803,1171,0.8958531670948341,1.0,0.46665821449845374,0.0008539709649871904,0.0034158838599487617,0.007685738684884714,14.0,4.0
emblematica:E028334,2803,650,0.968189605900524,1.0,0.40754269818321026,0.0015384615384615385,0.007692307692307693,0.012307692307692308,12.0,4.0
emblematica:E028335,2803,570,1.0,1.0,0.40600357653826596,0.0017543859649122807,0.007017543859649123,0.015789473684210527,15.5,3.5
emblematica:E028336,2803,579,0.6904240238925821,1.0,0.33699992174543264,0.0017271157167530224,0.0051813471502590676,0.008635578583765112,17.0,4.0
emblematica:E028337,2803,1241,0.9558305176970738,1.0,0.5518867024910529,0.0008058017727639,0.0040290088638195,0.007252215954875101,34.0,4.0
emblematica:E028338,2803,1164,0.968189605900524,1.0,0.48189873536306954,0.000859106529209622,0.00429553264604811,0.007731958762886598,16.0,4.0
emblematica:E028339,2803,464,0.8408003108339258,1.0,0.413404083762656,0.0021551724137931034,0.008620689655172414,0.01293103448275862,6.0,3.5
emblematica:E028340,2803,1264,1.0,1.0,0.4817702011353355,0.0007911392405063291,0.003955696202531646,0.007911392405063292,14.0,4.5
emblematica:E028341,2803,1325,1.0,1.0,0.47692222594500644,0.0007547169811320754,0.0030188679245283017,0.006792452830188679,11.0,4.0
emblematica:E028342,2803,593,0.9652843890316114,1.0,0.4626671016555584,0.0016863406408094434,0.006745362563237774,0.01011804384485666,18.5,4.0
emblematica:E028343,2803,566,0.9510907186004266,1.0,0.42107301326012625,0.0017667844522968198,0.0088339222614841,0.014134275618374558,15.0,4.0
emblematica:E028344,2803,580,1.0,1.0,0.3852384129461394,0.0017241379310344827,0.008620689655172414,0.015517241379310345,21.0,4.0
emblematica:E028345,2803,444,0.7973791542685902,1.0,0.3159004955756647,0.0022522522522522522,0.0045045045045045045,0.01126126126126126,14.0,4.0
emblematica:E028346,2803,466,1.0,1.0,0.31464921217546493,0.002145922746781116,0.01072961373390558,0.017167381974248927,13.0,4.0
emblematica:E028347,2803,465,0.9608008655106622,1.0,0.3977757422978271,0.002150537634408602,0.008602150537634409,0.017204301075268817,9.0,4.0
emblematica:E028348,2803,472,0.8254235173673323,1.0,0.31777012852170405,0.00211864406779661,0.00847457627118644,0.014830508474576272,13.0,4.0
emblematica:E028349,2803,429,0.8165996472243435,1.0,0.2982259421571751,0.002331002331002331,0.006993006993006993,0.016317016317016316,11.0,4.0
emblematica:E028350,2803,672,1.0,1.0,0.4583756845712645,0.001488095238095238,0.00744047619047619,0.01488095238095238,16.0,4.0
emblematica:E028351,2803,1192,1.0,1.0,0.46911505204318227,0.0008389261744966443,0.0041946308724832215,0.008389261744966443,8.0,4.0
emblematica:E028352,2803,774,1.0,1.0,0.5670789646911795,0.0012919896640826874,0.006459948320413436,0.012919896640826873,18.5,4.0
emblematica:E028353,2803,487,0.9668728882728055,1.0,0.421554536678336,0.002053388090349076,0.01026694045174538,0.01642710472279261,9.0,4.0
emblematica:E028354,2803,1242,0.9412012982659934,1.0,0.4427309048361234,0.0008051529790660225,0.004025764895330112,0.007246376811594203,14.0,4.5
emblematica:E028355,2803,492,1.0,0.5,0.35022623741433284,0.0,0.006097560975609756,0.014227642276422764,8.0,4.0
emblematica:E028356,2803,736,1.0,1.0,0.5106613082556805,0.001358695652173913,0.006793478260869565,0.01358695652173913,21.0,3.0
emblematica:E028357,2803,608,0.9558305176970738,1.0,0.378904491961555,0.001644736842105263,0.008223684210526315,0.014802631578947368,12.0,4.0
emblematica:E028358,2803,845,0.8863992957602965,1.0,0.4842325393668029,0.001183431952662722,0.005917159763313609,0.008284023668639054,9.0,4.0
emblematica:E028359,2803,515,0.6765341628100768,1.0,0.2841961666585125,0.001941747572815534,0.005825242718446602,0.007766990291262136,14.0,4.0
emblematica:E028360,2803,504,0.7100759018683795,0.5,0.352852207870067,0.0,0.005952380952380952,0.011904761904761904,12.0,4.0
emblematica:E028361,2803,1100,0.6939929432746077,1.0,0.3785273895122276,0.0009090909090909091,0.0018181818181818182,0.004545454545454545,8.0,4.0
emblematica:E028362,2803,603,0.9633180389503199,1.0,0.40423586111063725,0.001658374792703151,0.006633499170812604,0.013266998341625208,16.0,4.0
emblematica:E028363,2803,1128,0.46466157241752765,0.5,0.505953437856426,0.0,0.0008865248226950354,0.0026595744680851063,14.0,3.0
emblematica:E028364,2803,627,1.0,1.0,0.4520718224366757,0.001594896331738437,0.006379585326953748,0.014354066985645933,16.0,4.0
emblematica:E028365,2803,519,1.0,1.0,0.3966443059136307,0.0019267822736030828,0.007707129094412331,0.017341040462427744,21.0,4.0
emblematica:E028366,2803,752,0.9182293066898518,1.0,0.47103896730043127,0.0013297872340425532,0.005319148936170213,0.010638297872340425,12.0,4.0
emblematica:E028367,2803,1021,1.0,1.0,0.3733385232783433,0.0009794319294809011,0.0039177277179236044,0.00881488736532811,14.0,4.0
emblematica:E028368,2803,311,0.610304165298402,1.0,0.30702649342223115,0.003215434083601286,0.00964630225080386,0.012861736334405145,10.0,4.0
emblematica:E028369,2803,404,0.7807574721191518,0.5,0.3994030872161186,0.0,0.0049504950495049506,0.01485148514851485,18.0,4.0
emblematica:E028370,2803,1178,0.754538270187501,1.0,0.4202683467039156,0.0008488964346349745,0.003395585738539898,0.0050933786078098476,13.5,4.0
emblematica:E028371,2803,471,1.0,1.0,0.4075884166190416,0.0021231422505307855,0.006369426751592357,0.016985138004246284,14.0,4.0
emblematica:E028372,2803,1071,0.9159238567655444,1.0,0.4259331243904614,0.0009337068160597573,0.003734827264239029,0.006535947712418301,19.0,4.0
emblematica:E028373,2803,1310,1.0,1.0,0.46221887546747276,0.0007633587786259542,0.0030534351145038168,0.006870229007633588,15.0,4.0
emblematica:E028374,2803,313,0.4361628352060644,0.25,0.26323087736631223,0.0,0.003194888178913738,0.009584664536741214,6.0,3.0
emblematica:E028375,2803,484,1.0,1.0,0.3892480931957543,0.002066115702479339,0.010330578512396695,0.02066115702479339,10.0,4.0
emblematica:E028376,2803,460,0.7303036525019095,1.0,0.29078460517076515,0.002173913043478261,0.008695652173913044,0.010869565217391304,13.0,4.0
emblematica:E028377,2803,202,0.48581408574574053,1.0,0.07970874514303516,0.0049504950495049506,0.0049504950495049506,0.0049504950495049506,6.5,3.0
emblematica:E029857,2803,453,0.8958531670948341,1.0,0.3329701923137294,0.002207505518763797,0.006622516556291391,0.017660044150110375,4.0,4.0
emblematica:E029858,2803,44,0.59509027776372,1.0,0.11898442045313634,0.022727272727272728,0.045454545454545456,0.045454545454545456,5.0,4.0
emblematica:E029859,2803,277,0.500209320716495,1.0,0.16224698920039618,0.0036101083032490976,0.007220216606498195,0.010830324909747292,9.0,5.0
emblematica:E029860,2803,467,0.8868861200529359,1.0,0.41347211675364937,0.0021413276231263384,0.008565310492505354,0.01284796573875803,11.0,5.0
emblematica:E029861,2803,425,0.9668728882728055,1.0,0.35123167132398014,0.002352941176470588,0.011764705882352941,0.018823529411764704,5.0,4.0
emblematica:E029862,2803,125,0.5734229143018983,1.0,0.11315353645791251,0.008,0.008,0.024,9.0,4.0
emblematica:E029863,2803,308,0.8314882655661152,1.0,0.39796114514590936,0.003246753246753247,0.00974025974025974,0.01948051948051948,13.5,6.0
emblematica:E029864,2803,158,0.8525377246567915,1.0,0.23294645101204164,0.006329113924050633,0.03164556962025317,0.04430379746835443,4.0,4.0
emblematica:E029865,2803,254,0.6998095952974295,1.0,0.23491219537605426,0.003937007874015748,0.011811023622047244,0.01968503937007874,4.0,4.0
emblematica:E029866,2803,272,0.6854209584500356,0.5,0.2707554863731029,0.0,0.011029411764705883,0.01838235294117647,5.0,4.0
emblematica:E029867,2803,275,0.8322323788958823,1.0,0.4027258510974287,0.0036363636363636364,0.014545454545454545,0.025454545454545455,3.0,6.0
emblematica:E029868,2803,67,0.4591594181256138,0.2,0.061560900687706914,0.0,0.014925373134328358,0.04477611940298507,8.0,5.0
emblematica:E029869,2803,457,0.8756577478690413,1.0,0.3490152642590882,0.002188183807439825,0.0087527352297593,0.0175054704595186,6.0,4.0
emblematica:E029870,2803,403,1.0,0.5,0.37962028781175355,0.0,0.009925558312655087,0.022332506203473945,8.0,5.0
emblematica:E029871,2803,226,0.8706050175798599,1.0,0.2679428996943369,0.004424778761061947,0.017699115044247787,0.022123893805309734,5.5,5.0
emblematica:E029872,2803,273,0.9652843890316114,1.0,0.43810264915311586,0.003663003663003663,0.014652014652014652,0.029304029304029304,5.0,5.0
emblematica:E029873,2803,175,0.6560717218492917,1.0,0.3911271823892122,0.005714285714285714,0.017142857142857144,0.02857142857142857,5.0,5.0
emblematica:E029874,2803,59,0.6676265381767578,1.0,0.06706485687773173,0.01694915254237288,0.03389830508474576,0.03389830508474576,4.0,4.0
emblematica:E029875,2803,314,0.9074250374176303,1.0,0.3566569957039008,0.0031847133757961785,0.012738853503184714,0.025477707006369428,7.5,4.5
emblematica:E029876,2803,272,1.0,1.0,0.42428216791558143,0.003676470588235294,0.014705882352941176,0.029411764705882353,5.0,5.0
emblematica:E029877,2803,35,0.7043345398777049,1.0,0.1335905722624598,0.02857142857142857,0.08571428571428572,0.11428571428571428,3.0,6.0
emblematica:E029878,2803,236,1.0,0.5,0.3440828412637692,0.0,0.012711864406779662,0.029661016949152543,12.0,6.0
emblematica:E029879,2803,146,0.5411579692595155,0.5,0.13839401182863983,0.0,0.0136986301369863,0.0136986301369863,3.5,4.0
emblematica:E029880,2803,316,0.8277995498207539,0.5,0.23053935800732303,0.0,0.006329113924050633,0.00949367088607595,4.0,4.0
emblematica:E029881,2803,233,0.4538210595984602,0.3333333333333333,0.1760801172279057,0.0,0.004291845493562232,0.008583690987124463,4.0,4.5
emblematica:E029882,2803,415,0.6942002436539911,0.5,0.2738990907274025,0.0,0.00963855421686747,0.012048192771084338,3.0,5.0
emblematica:E029883,2803,275,1.0,1.0,0.39441858370614236,0.0036363636363636364,0.01818181818181818,0.03636363636363636,11.0,4.0
emblematica:E029884,2803,265,0.9244590294735042,1.0,0.3814651130037863,0.0037735849056603774,0.018867924528301886,0.026415094339622643,3.5,4.5
emblematica:E029885,2803,1053,0.9363792118010481,1.0,0.4011291414719059,0.000949667616334283,0.003798670465337132,0.007597340930674264,5.0,4.0
emblematica:E029886,2803,342,0.8919204669322511,0.25,0.227966087972363,0.0,0.005847953216374269,0.011695906432748537,3.0,5.0
emblematica:E029887,2803,100,0.5673364837214502,0.5,0.16032173244341358,0.0,0.02,0.02,2.0,4.0
emblematica:E029888,2803,204,0.8985006658301575,1.0,0.1822085118195006,0.004901960784313725,0.014705882352941176,0.024509803921568627,5.0,4.5
emblematica:E029889,2803,283,0.5045930074706536,1.0,0.21513608959606692,0.0035335689045936395,0.007067137809187279,0.01060070671378092,2.0,4.0
emblematica:E029890,2803,327,0.8092307706324942,1.0,0.3286071641589698,0.0030581039755351682,0.012232415902140673,0.01834862385321101,7.0,4.0
emblematica:E029891,2803,177,0.8243999187642681,1.0,0.4695358270308672,0.005649717514124294,0.01694915254237288,0.03389830508474576,3.0,5.0
emblematica:E029892,2803,137,0.8044545632115395,1.0,0.31175048027137775,0.0072992700729927005,0.029197080291970802,0.043795620437956206,4.0,4.0
emblematica:E029893,2803,383,0.9363792118010481,1.0,0.36496628980474544,0.0026109660574412533,0.010443864229765013,0.020887728459530026,7.0,5.0
emblematica:E029894,2803,284,0.6498354997733067,1.0,0.30181882827711004,0.0035211267605633804,0.01056338028169014,0.017605633802816902,9.0,4.0
emblematica:E029895,2803,101,0.9368077570869661,1.0,0.3361191301275287,0.009900990099009901,0.019801980198019802,0.0594059405940594,2.0,5.0
emblematica:E029896,2803,1101,0.9652843890316114,0.5,0.40166856476613666,0.0,0.0027247956403269754,0.005449591280653951,18.0,5.0
emblematica:E029897,2803,166,0.8717546109451478,1.0,0.2807923731229268,0.006024096385542169,0.030120481927710843,0.04216867469879518,5.0,4.0
emblematica:E029898,2803,400,0.9608008655106622,0.5,0.3363591777476966,0.0,0.0075,0.015,12.0,5.0
emblematica:E029899,2803,898,0.9055127247481158,1.0,0.2921100389585187,0.0011135857461024498,0.0022271714922048997,0.005567928730512249,14.0,5.0
emblematica:E029900,2803,40,0.6660299636015583,1.0,0.0887287923626682,0.025,0.025,0.025,4.0,3.0
emblematica:E029901,2803,96,0.5742406422847436,1.0,0.12892390907307782,0.010416666666666666,0.020833333333333332,0.041666666666666664,6.0,5.0
emblematica:E029902,2803,265,1.0,1.0,0.38209870787767836,0.0037735849056603774,0.01509433962264151,0.033962264150943396,4.0,4.0
emblematica:E029903,2803,275,0.6918715271826877,0.5,0.28603705720562206,0.0,0.007272727272727273,0.02181818181818182,8.0,5.0
emblematica:E029904,2803,148,0.6213918328097129,1.0,0.12245887458124637,0.006756756756756757,0.02027027027027027,0.02702702702702703,4.0,5.0
emblematica:E029905,2803,312,0.9156024478011061,1.0,0.2748772577328447,0.003205128205128205,0.01282051282051282,0.019230769230769232,9.5,4.0
emblematica:E029906,2803,106,0.3033068075505141,0.14285714285714285,0.0584877195744821,0.0,0.0,0.009433962264150943,5.0,5.0
emblematica:E029907,2803,71,0.6245086972516857,1.0,0.08929838181057255,0.014084507042253521,0.028169014084507043,0.04225352112676056,3.0,5.0
emblematica:E029908,2803,121,0.4807037065209852,0.16666666666666666,0.14808574604540245,0.0,0.0,0.024793388429752067,2.0,4.0
emblematica:E029909,2803,154,0.7404911396767215,1.0,0.25203022570640915,0.006493506493506494,0.01948051948051948,0.03896103896103896,4.5,4.0
emblematica:E029910,2803,343,1.0,1.0,0.341771401292634,0.0029154518950437317,0.014577259475218658,0.029154518950437316,3.0,3.0
emblematica:E029911,2803,452,0.932801483732564,1.0,0.22159009717419306,0.0022123893805309734,0.011061946902654867,0.015486725663716814,3.5,4.0
emblematica:E029912,2803,153,0.8122418648457492,0.5,0.16253379386477626,0.0,0.006535947712418301,0.006535947712418301,3.0,4.0
emblematica:E029913,2803,307,0.7704016869818558,1.0,0.2462372706358142,0.003257328990228013,0.006514657980456026,0.016286644951140065,4.0,5.0
emblematica:E029914,2803,173,0.5611536389299854,1.0,0.25680164748033185,0.005780346820809248,0.005780346820809248,0.023121387283236993,11.0,5.0
emblematica:E029915,2803,455,0.8376886041985097,1.0,0.35259600264743823,0.002197802197802198,0.008791208791208791,0.017582417582417582,4.0,5.0
emblematica:E029916,2803,1130,1.0,1.0,0.4106493578118317,0.0008849557522123894,0.0035398230088495575,0.007079646017699115,11.5,5.0
emblematica:E029917,2803,563,0.9216017310213246,1.0,0.4824758760490714,0.0017761989342806395,0.007104795737122558,0.014209591474245116,8.5,5.0
emblematica:E029918,2803,624,0.906531810620028,1.0,0.4222860090833782,0.0016025641025641025,0.00641025641025641,0.011217948717948718,5.5,5.0
emblematica:E029919,2803,363,0.8113753223205508,1.0,0.29796906464093853,0.0027548209366391185,0.008264462809917356,0.01652892561983471,4.0,3.0
emblematica:E029920,2803,400,0.838254763143331,1.0,0.336097592684577,0.0025,0.005,0.01,7.0,4.0
emblematica:E029921,2803,519,0.7925173164771386,0.5,0.46894561407780455,0.0,0.007707129094412331,0.015414258188824663,10.5,5.0
emblematica:E029922,2803,258,0.7458035307463698,1.0,0.33615906746445945,0.003875968992248062,0.015503875968992248,0.01937984496124031,10.0,5.0
emblematica:E029923,2803,144,0.7996492687209279,1.0,0.20007040956761082,0.006944444444444444,0.020833333333333332,0.034722222222222224,4.0,5.0
emblematica:E029924,2803,19,0.47809598316044877,0.047619047619047616,0.0475637435645788,0.0,0.0,0.0,3.0,4.0
emblematica:E029925,2803,598,1.0,1.0,0.5093143993699698,0.0016722408026755853,0.008361204013377926,0.013377926421404682,23.5,5.0
emblematica:E029926,2803,597,0.9266360779006398,1.0,0.5069994335494683,0.0016750418760469012,0.008375209380234505,0.01507537688442211,25.0,5.0
emblematica:E029927,2803,544,0.7388256302480056,1.0,0.44308887616731174,0.001838235294117647,0.007352941176470588,0.012867647058823529,8.0,5.0
emblematica:E029928,2803,496,1.0,1.0,0.4675364732293174,0.0020161290322580645,0.010080645161290322,0.020161290322580645,18.0,5.0
emblematica:E029929,2803,355,0.9537125187088151,1.0,0.3916058820906531,0.0028169014084507044,0.014084507042253521,0.02535211267605634,8.0,6.0
emblematica:E029930,2803,311,0.8831253382696578,1.0,0.2784224284099783,0.003215434083601286,0.012861736334405145,0.02572347266881029,3.0,5.0
emblematica:E029931,2803,188,0.7690499657012441,1.0,0.30960738200450205,0.005319148936170213,0.015957446808510637,0.031914893617021274,11.0,4.0
emblematica:E029932,2803,372,1.0,1.0,0.3386914770939005,0.002688172043010753,0.013440860215053764,0.026881720430107527,6.0,3.0
emblematica:E029933,2803,711,1.0,1.0,0.49301293171173205,0.0014064697609001407,0.007032348804500703,0.012658227848101266,14.0,5.0
emblematica:E029934,2803,588,1.0,1.0,0.4897429265669066,0.0017006802721088435,0.008503401360544218,0.017006802721088437,9.0,5.0
emblematica:E029935,2803,284,0.7732663704666698,1.0,0.29086115642198856,0.0035211267605633804,0.01056338028169014,0.02464788732394366,11.0,5.0
emblematica:E029936,2803,337,0.7893253347790472,1.0,0.25637750786891106,0.002967359050445104,0.011869436201780416,0.01483679525222552,14.0,4.0
emblematica:E029937,2803,171,0.9558305176970738,1.0,0.21852080799302293,0.005847953216374269,0.023391812865497075,0.04093567251461988,5.0,4.0
emblematica:E029938,2803,203,0.9575861412006987,1.0,0.21717597558484628,0.0049261083743842365,0.019704433497536946,0.034482758620689655,10.0,3.0
emblematica:E029939,2803,418,1.0,1.0,0.4547449064110215,0.0023923444976076554,0.004784688995215311,0.01674641148325359,18.0,5.5
emblematica:E029940,2803,226,0.836472439382946,1.0,0.37821172399562625,0.004424778761061947,0.01327433628318584,0.030973451327433628,7.0,6.0
emblematica:E029941,2803,409,1.0,1.0,0.38431189299947577,0.0024449877750611247,0.012224938875305624,0.02444987775061125,4.5,4.0
emblematica:E029942,2803,379,0.947926583547417,1.0,0.30878344481524794,0.002638522427440633,0.013192612137203167,0.021108179419525065,5.0,4.0
emblematica:E029943,2803,596,0.9575861412006987,1.0,0.4262117094778349,0.0016778523489932886,0.006711409395973154,0.01174496644295302,10.0,4.0
emblematica:E029944,2803,114,0.7958720632931701,1.0,0.14774875271800886,0.008771929824561403,0.017543859649122806,0.02631578947368421,5.0,5.0
emblematica:E029945,2803,419,1.0,1.0,0.4034066694951053,0.002386634844868735,0.011933174224343675,0.02386634844868735,15.0,5.0
emblematica:E029946,2803,314,1.0,1.0,0.40471769133922575,0.0031847133757961785,0.01592356687898089,0.03184713375796178,7.5,5.5
emblematica:E029947,2803,93,0.7182089813990649,1.0,0.23381001024125764,0.010752688172043012,0.021505376344086023,0.053763440860215055,3.0,5.0
emblematica:E029948,2803,378,1.0,1.0,0.4065997579025211,0.0026455026455026454,0.013227513227513227,0.026455026455026454,5.5,5.0
emblematica:E029949,2803,326,0.9413088623205119,1.0,0.3736665517779917,0.003067484662576687,0.012269938650306749,0.015337423312883436,14.0,5.0
emblematica:E029950,2803,161,0.5845318379814508,1.0,0.15012220047932365,0.006211180124223602,0.012422360248447204,0.018633540372670808,4.0,4.0
emblematica:E029951,2803,545,1.0,1.0,0.4577620398359638,0.001834862385321101,0.009174311926605505,0.01834862385321101,9.0,5.0
emblematica:E029952,2803,447,0.5824263630036909,1.0,0.31901032079036995,0.0022371364653243847,0.006711409395973154,0.008948545861297539,4.0,4.0
emblematica:E029953,2803,553,1.0,1.0,0.45871217662098523,0.0018083182640144665,0.009041591320072333,0.018083182640144666,8.5,5.0
emblematica:E029954,2803,331,0.8280104443992509,1.0,0.3132648136777585,0.0030211480362537764,0.012084592145015106,0.021148036253776436,4.0,4.0
emblematica:E029955,2803,355,0.5788738938299076,0.5,0.2523625788716198,0.0,0.011267605633802818,0.014084507042253521,2.0,4.0
emblematica:E029956,2803,336,1.0,1.0,0.32280134451506554,0.002976190476190476,0.01488095238095238,0.026785714285714284,7.0,4.0
emblematica:E029957,2803,921,1.0,1.0,0.3458011923910316,0.0010857763300760044,0.0054288816503800215,0.009771986970684038,4.0,4.0
emblematica:E029958,2803,585,1.0,1.0,0.43427762098284484,0.0017094017094017094,0.008547008547008548,0.017094017094017096,5.0,4.0
emblematica:E029959,2803,1072,0.5920322085481642,1.0,0.34795369996810666,0.0009328358208955224,0.0009328358208955224,0.002798507462686567,2.0,3.0
emblematica:E029960,2803,1294,1.0,1.0,0.5674950315543276,0.0007727975270479134,0.0038639876352395673,0.0077279752704791345,16.0,5.0
emblematica:E029961,2803,366,0.9260852545422736,1.0,0.34524226621856496,0.00273224043715847,0.01092896174863388,0.01639344262295082,2.0,4.5
emblematica:E029962,2803,442,0.7598281163238525,1.0,0.3897107127920982,0.0022624434389140274,0.006787330316742082,0.01583710407239819,12.0,5.0
emblematica:E029963,2803,177,0.8248906250558502,1.0,0.17606585425531274,0.005649717514124294,0.01694915254237288,0.03389830508474576,4.0,5.0
emblematica:E029964,2803,207,0.4466098744399853,0.3333333333333333,0.14573909774053062,0.0,0.004830917874396135,0.004830917874396135,2.0,5.0
emblematica:E029965,2803,165,0.9305687780632227,1.0,0.4320931106205338,0.006060606060606061,0.024242424242424242,0.048484848484848485,5.0,5.0
emblematica:E029966,2803,1122,1.0,1.0,0.42053261250051505,0.00089126559714795,0.004456327985739751,0.008912655971479501,14.5,4.0
emblematica:E029967,2803,405,0.40744431231603456,1.0,0.2737614749187858,0.0024691358024691358,0.0024691358024691358,0.0049382716049382715,10.0,5.0
emblematica:E029968,2803,170,0.8303557327792017,1.0,0.1928394868822376,0.0058823529411764705,0.023529411764705882,0.023529411764705882,2.0,4.0
emblematica:E029969,2803,525,1.0,1.0,0.48607117107247905,0.0019047619047619048,0.009523809523809525,0.01904761904761905,9.0,5.0
emblematica:E031317,2803,275,0.9510907186004266,1.0,0.368561205611035,0.0036363636363636364,0.014545454545454545,0.02909090909090909,5.0,5.0
emblematica:E031318,2803,438,0.8453269168665822,1.0,0.2577752410537634,0.00228310502283105,0.00684931506849315,0.01598173515981735,2.0,3.0
emblematica:E031319,2803,428,0.9053206285482487,1.0,0.421571485645706,0.002336448598130841,0.011682242990654205,0.018691588785046728,8.0,4.0
emblematica:E031321,2803,387,0.9633180389503199,1.0,0.3560018199887548,0.002583979328165375,0.0103359173126615,0.020671834625323,6.0,5.0
emblematica:E031322,2803,330,0.6281565202661342,1.0,0.26465512503590277,0.0030303030303030303,0.006060606060606061,0.00909090909090909,6.0,4.0
emblematica:E031323,2803,163,0.7121993850935022,1.0,0.11917793696242643,0.006134969325153374,0.006134969325153374,0.024539877300613498,5.0,5.0
emblematica:E031324,2803,387,1.0,1.0,0.412935286404231,0.002583979328165375,0.012919896640826873,0.025839793281653745,11.5,4.5
emblematica:E031325,2803,364,0.9503093324092082,1.0,0.297913120123035,0.0027472527472527475,0.01098901098901099,0.016483516483516484,16.5,5.0
emblematica:E031326,2803,228,0.7478692019009302,1.0,0.292873893185711,0.0043859649122807015,0.013157894736842105,0.02631578947368421,4.0,5.0
emblematica:E031328,2803,340,0.8017468844102578,1.0,0.3430109807518412,0.0029411764705882353,0.008823529411764706,0.023529411764705882,4.0,4.0
emblematica:E031329,2803,417,0.9633180389503199,1.0,0.38228858446772157,0.002398081534772182,0.011990407673860911,0.02158273381294964,6.5,5.0
emblematica:E031330,2803,329,0.9266360779006398,1.0,0.4453251022765863,0.00303951367781155,0.015197568389057751,0.02735562310030395,10.0,5.0
emblematica:E031332,2803,494,0.678710925918691,0.3333333333333333,0.4132674367165255,0.0,0.006072874493927126,0.012145748987854251,6.5,4.0
emblematica:E031333,2803,678,0.9266360779006398,1.0,0.48050666404278813,0.0014749262536873156,0.007374631268436578,0.01327433628318584,11.0,5.0
emblematica:E031334,2803,318,1.0,1.0,0.5440111979717597,0.0031446540880503146,0.015723270440251572,0.031446540880503145,15.0,5.0
emblematica:E031336,2803,404,1.0,1.0,0.4611072380567454,0.0024752475247524753,0.012376237623762377,0.024752475247524754,6.5,4.0
emblematica:E031337,2803,207,0.7746933612708707,0.5,0.2570744150792626,0.0,0.014492753623188406,0.028985507246376812,7.0,5.0
emblematica:E031338,2803,83,0.3447203781636332,0.25,0.13659740062310927,0.0,0.012048192771084338,0.04819277108433735,2.0,5.0
emblematica:E031339,2803,77,0.6517447684297796,1.0,0.13085449677748756,0.012987012987012988,0.025974025974025976,0.06493506493506493,5.0,5.0
emblematica:E031340,2803,458,1.0,1.0,0.4636315006053342,0.002183406113537118,0.010917030567685589,0.021834061135371178,10.0,5.0
emblematica:E031341,2803,446,1.0,1.0,0.39164460148345787,0.002242152466367713,0.011210762331838564,0.02242152466367713,10.0,4.0
emblematica:E031342,2803,500,0.9361426617687841,1.0,0.4735831412455958,0.002,0.008,0.018,23.5,5.0
emblematica:E031343,2803,723,1.0,1.0,0.5365707325000404,0.0013831258644536654,0.006915629322268326,0.013831258644536652,34.0,4.0
emblematica:E031344,2803,117,0.7933767425454462,1.0,0.18171036995109813,0.008547008547008548,0.03418803418803419,0.05982905982905983,8.0,5.0
emblematica:E031345,2803,496,0.9575861412006987,1.0,0.4918240731312824,0.0020161290322580645,0.010080645161290322,0.018145161290322582,5.0,4.0
emblematica:E031346,2803,506,0.7315449642824573,1.0,0.3507036600426157,0.001976284584980237,0.005928853754940711,0.01383399209486166,8.0,5.0
emblematica:E031347,2803,389,0.662605406248397,0.5,0.33282692009783826,0.0,0.010282776349614395,0.012853470437017995,6.5,4.0
emblematica:E031348,2803,395,0.760592846844454,1.0,0.3378958918427777,0.002531645569620253,0.012658227848101266,0.015189873417721518,8.0,4.0
emblematica:E031349,2803,379,1.0,1.0,0.45529238053419935,0.002638522427440633,0.013192612137203167,0.026385224274406333,24.0,4.0
emblematica:E031350,2803,488,0.9266360779006398,1.0,0.46387379666616596,0.0020491803278688526,0.010245901639344262,0.018442622950819672,17.0,4.0
emblematica:E031351,2803,143,0.8303931791451309,1.0,0.2702771887797348,0.006993006993006993,0.027972027972027972,0.04895104895104895,2.0,4.0
emblematica:E031352,2803,419,0.9290474019653158,1.0,0.32238993813252836,0.002386634844868735,0.00954653937947494,0.021479713603818614,6.0,5.0
emblematica:E031353,2803,317,0.947926583547417,1.0,0.34037387754579473,0.0031545741324921135,0.015772870662460567,0.028391167192429023,5.0,5.0
emblematica:E031354,2803,289,0.7619490156024052,0.5,0.2915003564577392,0.0,0.01384083044982699,0.02422145328719723,10.0,4.0
emblematica:E031355,2803,433,0.968189605900524,1.0,0.42231771244733185,0.0023094688221709007,0.011547344110854504,0.020785219399538105,7.5,5.0
emblematica:E031356,2803,504,1.0,1.0,0.5192648250087973,0.001984126984126984,0.00992063492063492,0.01984126984126984,13.0,4.0
emblematica:E031357,2803,767,0.9633180389503199,1.0,0.5337873662598657,0.001303780964797914,0.00651890482398957,0.011734028683181226,14.0,5.0
emblematica:E031358,2803,481,1.0,1.0,0.4452580013303928,0.002079002079002079,0.010395010395010396,0.02079002079002079,9.0,4.0
emblematica:E031359,2803,517,0.9043322676693082,1.0,0.4595229814056589,0.0019342359767891683,0.007736943907156673,0.015473887814313346,5.0,5.0
emblematica:E031360,2803,637,1.0,1.0,0.4989136779378095,0.0015698587127158557,0.007849293563579277,0.015698587127158554,11.0,4.5
emblematica:E031361,2803,705,0.8899541168509599,1.0,0.49478921338185516,0.0014184397163120568,0.005673758865248227,0.01276595744680851,18.0,4.0
emblematica:E031363,2803,463,1.0,1.0,0.5070448546820558,0.0021598272138228943,0.01079913606911447,0.019438444924406047,15.0,5.0
emblematica:E031364,2803,598,1.0,1.0,0.45117117260212836,0.0016722408026755853,0.008361204013377926,0.016722408026755852,11.0,4.5
emblematica:E031365,2803,184,0.9240201235975981,1.0,0.3366915781550535,0.005434782608695652,0.02717391304347826,0.043478260869565216,12.0,4.0
emblematica:E031366,2803,516,1.0,1.0,0.4299485454615941,0.001937984496124031,0.009689922480620155,0.01744186046511628,8.0,4.0
emblematica:E031367,2803,752,0.8845422444345158,1.0,0.5335646028531372,0.0013297872340425532,0.005319148936170213,0.010638297872340425,6.0,5.0
emblematica:E031372,2803,414,0.685119869332369,0.5,0.3592259447193605,0.0,0.007246376811594203,0.01932367149758454,2.0,4.0
emblematica:E031380,2803,605,1.0,1.0,0.5526809090284183,0.001652892561983471,0.008264462809917356,0.01652892561983471,16.0,4.0
emblematica:E031381,2803,203,0.8340141794819705,1.0,0.28339448210944707,0.0049261083743842365,0.014778325123152709,0.029556650246305417,8.0,4.0
emblematica:E031382,2803,352,0.8378807215722437,1.0,0.3678007330395271,0.002840909090909091,0.011363636363636364,0.022727272727272728,9.0,4.0
emblematica:E031383,2803,592,1.0,1.0,0.5407259298946306,0.0016891891891891893,0.008445945945945946,0.016891891891891893,12.0,4.0
emblematica:E031384,2803,319,0.8919597349263534,1.0,0.3555429890184936,0.003134796238244514,0.012539184952978056,0.0219435736677116,8.5,4.0
emblematica:E031385,2803,579,1.0,1.0,0.5022491685574718,0.0017271157167530224,0.008635578583765112,0.017271157167530225,8.0,5.0
emblematica:E031386,2803,350,1.0,1.0,0.5308199728068289,0.002857142857142857,0.014285714285714285,0.02857142857142857,14.0,5.0
emblematica:E031387,2803,585,1.0,1.0,0.49359297901342913,0.0017094017094017094,0.005128205128205128,0.013675213675213675,19.0,4.0
emblematica:E031388,2803,294,0.9477344873475497,1.0,0.354684599343823,0.003401360544217687,0.017006802721088437,0.030612244897959183,2.0,4.0
emblematica:E031389,2803,526,1.0,1.0,0.4536277875438718,0.0019011406844106464,0.009505703422053232,0.017110266159695818,13.0,5.0
emblematica:E031390,2803,191,0.9074250374176303,1.0,0.33608175426452136,0.005235602094240838,0.015706806282722512,0.03664921465968586,8.0,4.0
emblematica:E031391,2803,430,0.8282996787332995,1.0,0.37619227655829457,0.002325581395348837,0.011627906976744186,0.01627906976744186,9.0,5.0
emblematica:E031394,2803,555,0.8625913697059286,1.0,0.507462557871953,0.0018018018018018018,0.007207207207207207,0.014414414414414415,6.5,6.0
emblematica:E031396,2803,520,1.0,1.0,0.5150233056556337,0.0019230769230769232,0.009615384615384616,0.019230769230769232,9.0,5.0
emblematica:E031397,2803,289,0.900125796037286,1.0,0.44739410166670246,0.0034602076124567475,0.01384083044982699,0.02768166089965398,2.0,5.0
emblematica:E031402,2803,619,0.9537125187088151,1.0,0.5094221116167558,0.0016155088852988692,0.008077544426494346,0.014539579967689823,9.0,4.0
emblematica:E031403,2803,268,0.895878865721769,1.0,0.22253798974175681,0.0037313432835820895,0.018656716417910446,0.026119402985074626,4.0,5.0
emblematica:E031405,2803,214,0.6565058182994857,1.0,0.25455265574576,0.004672897196261682,0.014018691588785047,0.014018691588785047,2.0,4.0
emblematica:E031411,2803,390,1.0,1.0,0.48130623532583267,0.002564102564102564,0.01282051282051282,0.02564102564102564,12.0,5.0
emblematica:E031412,2803,636,1.0,1.0,0.5246249419165555,0.0015723270440251573,0.007861635220125786,0.015723270440251572,26.0,4.0
emblematica:E031413,2803,355,1.0,1.0,0.4457239915108011,0.0028169014084507044,0.014084507042253521,0.028169014084507043,8.0,5.0
emblematica:E031414,2803,466,1.0,1.0,0.4696168158958482,0.002145922746781116,0.01072961373390558,0.02145922746781116,30.0,4.0
emblematica:E031415,2803,265,0.9008075761225538,1.0,0.4059736878665302,0.0037735849056603774,0.01509433962264151,0.03018867924528302,12.0,6.0
emblematica:E031416,2803,638,0.9305687780632227,1.0,0.5255217891871892,0.001567398119122257,0.007836990595611285,0.014106583072100314,14.0,5.0
emblematica:E031417,2803,535,1.0,1.0,0.4807764051370135,0.001869158878504673,0.009345794392523364,0.018691588785046728,16.0,5.0
emblematica:E031418,2803,395,1.0,1.0,0.4821503041397284,0.002531645569620253,0.012658227848101266,0.02531645569620253,7.5,5.5
emblematica:E031419,2803,606,1.0,1.0,0.510165449184592,0.0016501650165016502,0.00825082508250825,0.0165016501650165,22.0,4.0
emblematica:E031420,2803,443,1.0,1.0,0.5135041204001255,0.002257336343115124,0.011286681715575621,0.020316027088036117,37.0,5.0
emblematica:E031421,2803,270,0.9652843890316114,1.0,0.4688098030383888,0.003703703703703704,0.014814814814814815,0.02962962962962963,6.0,5.0
emblematica:E031422,2803,423,1.0,1.0,0.4918489538607266,0.002364066193853428,0.01182033096926714,0.02364066193853428,7.0,4.0
emblematica:E031423,2803,401,1.0,1.0,0.40925360686965023,0.0024937655860349127,0.012468827930174564,0.02493765586034913,9.0,4.0
emblematica:E031424,2803,522,1.0,1.0,0.5265420657290338,0.0019157088122605363,0.009578544061302681,0.019157088122605363,10.0,4.5
emblematica:E031425,2803,513,0.9084363355122985,1.0,0.4279135995298681,0.001949317738791423,0.007797270955165692,0.015594541910331383,14.0,4.0
emblematica:E031426,2803,550,1.0,1.0,0.5170218663108842,0.0018181818181818182,0.00909090909090909,0.01818181818181818,12.0,5.0
emblematica:E031428,2803,698,0.9537125187088151,1.0,0.43074648188139864,0.0014326647564469914,0.0071633237822349575,0.012893982808022923,10.0,4.5
emblematica:E031429,2803,675,0.9522844088507862,1.0,0.5150691766543478,0.0014814814814814814,0.005925925925925926,0.011851851851851851,3.0,5.0
emblematica:E031431,2803,480,0.7584837914317291,0.3333333333333333,0.3755832944138458,0.0,0.004166666666666667,0.010416666666666666,4.0,5.0
emblematica:E031432,2803,523,0.9289087267228368,1.0,0.4294459633826945,0.0019120458891013384,0.0076481835564053535,0.017208413001912046,12.5,5.0
emblematica:E031433,2803,347,1.0,1.0,0.3741353976717264,0.002881844380403458,0.01440922190201729,0.025936599423631124,6.5,4.0
emblematica:E031436,2803,711,0.8753142497301398,1.0,0.4777358126447504,0.0014064697609001407,0.007032348804500703,0.011251758087201125,5.0,5.0
emblematica:E031437,2803,403,0.933745776545611,1.0,0.4552033849086624,0.0024813895781637717,0.01240694789081886,0.022332506203473945,13.5,4.0
emblematica:E031438,2803,348,0.9056749573008227,1.0,0.44063290232737656,0.0028735632183908046,0.008620689655172414,0.022988505747126436,7.0,4.0
emblematica:E031439,2803,394,1.0,1.0,0.4809318530221338,0.0025380710659898475,0.01015228426395939,0.02284263959390863,7.0,5.0
emblematica:E031440,2803,543,1.0,1.0,0.513517225843776,0.001841620626151013,0.009208103130755065,0.01841620626151013,17.0,5.0
emblematica:E031441,2803,447,1.0,1.0,0.5517113332392568,0.0022371364653243847,0.011185682326621925,0.02237136465324385,18.0,4.0
emblematica:E031442,2803,583,1.0,1.0,0.45345790305546946,0.0017152658662092624,0.008576329331046312,0.017152658662092625,11.0,4.0
emblematica:E031443,2803,374,1.0,1.0,0.4217690310710029,0.00267379679144385,0.013368983957219251,0.026737967914438502,3.0,5.0
emblematica:E031445,2803,458,1.0,1.0,0.48568326627018715,0.002183406113537118,0.010917030567685589,0.021834061135371178,9.0,5.0
emblematica:E031446,2803,445,1.0,1.0,0.46077247917686,0.0022471910112359553,0.011235955056179775,0.020224719101123594,5.0,4.0
emblematica:E031451,2803,284,0.6280536884490124,1.0,0.2401918261924882,0.0035211267605633804,0.007042253521126761,0.01056338028169014,1.0,5.0
emblematica:E031452,2803,674,0.9266360779006398,1.0,0.5133115341112381,0.001483679525222552,0.005934718100890208,0.013353115727002967,30.0,4.5
emblematica:E031453,2803,743,1.0,1.0,0.5567376155264673,0.0013458950201884253,0.006729475100942127,0.013458950201884253,9.0,5.0
emblematica:E031455,2803,415,1.0,1.0,0.48093166789182445,0.0024096385542168677,0.012048192771084338,0.021686746987951807,10.0,5.0
emblematica:E031456,2803,838,1.0,1.0,0.5801878150222469,0.0011933174224343676,0.0059665871121718375,0.011933174224343675,8.0,5.0
emblematica:E031459,2803,382,1.0,1.0,0.4331207967916185,0.002617801047120419,0.013089005235602094,0.02356020942408377,4.0,5.0
emblematica:E031460,2803,526,0.9503093324092082,1.0,0.49556935259645035,0.0019011406844106464,0.009505703422053232,0.017110266159695818,9.0,5.0
emblematica:E031462,2803,403,0.8091026734983537,0.5,0.39437241927632216,0.0,0.009925558312655087,0.019851116625310174,15.0,4.5
emblematica:E031463,2803,395,0.9216017310213246,1.0,0.37310893746488577,0.002531645569620253,0.010126582278481013,0.017721518987341773,4.0,4.0
emblematica:E031466,2803,380,1.0,1.0,0.44260170247703245,0.002631578947368421,0.013157894736842105,0.02631578947368421,10.0,5.0
emblematica:E031467,2803,460,0.916375107632038,1.0,0.411950121502328,0.002173913043478261,0.010869565217391304,0.017391304347826087,17.0,4.0
emblematica:E031468,2803,483,0.9633180389503199,1.0,0.4528971815921103,0.002070393374741201,0.010351966873706004,0.016563146997929608,22.0,5.0
emblematica:E031469,2803,245,0.33216171023043617,0.125,0.19071960778775837,0.0,0.0,0.00816326530612245,6.5,5.0
emblematica:E031470,2803,461,0.6876699775635345,1.0,0.38046845566749865,0.0021691973969631237,0.006507592190889371,0.013015184381778741,17.0,4.0
emblematica:E031472,2803,178,0.7322633779828331,1.0,0.3640355100215677,0.0056179775280898875,0.016853932584269662,0.028089887640449437,5.0,5.0
emblematica:E031474,2803,288,0.7004173510808126,0.5,0.2894913352225036,0.0,0.003472222222222222,0.006944444444444444,3.0,5.0
emblematica:E031475,2803,365,0.8996972507513682,1.0,0.3916388782951851,0.0027397260273972603,0.010958904109589041,0.01643835616438356,4.0,6.0
emblematica:E031476,2803,182,0.6672463962498378,0.5,0.24716384014100132,0.0,0.01098901098901099,0.02197802197802198,8.0,5.0
emblematica:E031477,2803,169,0.7827392871477701,1.0,0.3283400013131104,0.005917159763313609,0.011834319526627219,0.03550295857988166,9.5,5.0
emblematica:E031478,2803,385,1.0,1.0,0.3905414812667303,0.0025974025974025974,0.01038961038961039,0.02077922077922078,3.0,4.0
emblematica:E031479,2803,101,0.7571513443044511,1.0,0.4004127693857019,0.009900990099009901,0.039603960396039604,0.0594059405940594,4.0,5.0
emblematica:E031480,2803,593,0.9608008655106622,1.0,0.44550776646360224,0.0016863406408094434,0.008431703204047217,0.01517706576728499,12.0,4.0
emblematica:E031481,2803,599,0.8927115457730297,1.0,0.4774445015534894,0.001669449081803005,0.00667779632721202,0.01335559265442404,4.5,5.0
emblematica:E031483,2803,375,0.905211635630449,1.0,0.3828607872023476,0.0026666666666666666,0.010666666666666666,0.021333333333333333,16.5,4.0
emblematica:E031487,2803,257,1.0,1.0,0.4744437087732094,0.0038910505836575876,0.019455252918287938,0.038910505836575876,15.0,5.0
emblematica:E031491,2803,177,0.6536950824768761,0.5,0.3672499307910001,0.0,0.011299435028248588,0.02824858757062147,2.0,5.0
emblematica:E031497,2803,289,0.923371194122541,1.0,0.3642880652873541,0.0034602076124567475,0.010380622837370242,0.02768166089965398,9.0,5.0
emblematica:E031500,2803,430,0.836746887745698,1.0,0.4107050551859125,0.002325581395348837,0.009302325581395349,0.01627906976744186,11.0,4.0
emblematica:E031502,2803,385,1.0,1.0,0.47238510216224877,0.0025974025974025974,0.012987012987012988,0.025974025974025976,9.0,5.0
emblematica:E031503,2803,327,0.8141234253553192,1.0,0.3599550308694323,0.0030581039755351682,0.009174311926605505,0.024464831804281346,8.0,5.0
emblematica:E031504,2803,547,1.0,1.0,0.5598749067872484,0.0018281535648994515,0.009140767824497258,0.018281535648994516,10.0,5.0
emblematica:E031507,2803,481,1.0,1.0,0.4144177368709878,0.002079002079002079,0.008316008316008316,0.018711018711018712,8.0,4.5
emblematica:E031508,2803,444,1.0,1.0,0.4920138751367793,0.0022522522522522522,0.01126126126126126,0.02252252252252252,5.0,5.0
emblematica:E031509,2803,866,1.0,1.0,0.5866607918204939,0.0011547344110854503,0.005773672055427252,0.011547344110854504,13.0,5.5
emblematica:E031510,2803,544,0.947926583547417,1.0,0.5076278052638423,0.001838235294117647,0.009191176470588236,0.014705882352941176,10.0,6.0
emblematica:E031511,2803,59,0.7420074422860483,1.0,0.12064770019533397,0.01694915254237288,0.03389830508474576,0.03389830508474576,2.0,5.0
emblematica:E031512,2803,209,0.9477344873475497,1.0,0.5545839316429226,0.004784688995215311,0.023923444976076555,0.0430622009569378,4.0,5.0
emblematica:E033033,2803,166,0.42590829591570295,0.5,0.07389498118299827,0.0,0.006024096385542169,0.006024096385542169,8.0,4.0
emblematica:E033035,2803,37,0.38224261473290666,0.14285714285714285,0.026220109861513817,0.0,0.0,0.02702702702702703,7.5,3.5
emblematica:E033036,2803,37,0.5731399412345528,1.0,0.10441856476174056,0.02702702702702703,0.02702702702702703,0.08108108108108109,4.0,4.0
emblematica:E033038,2803,37,0.3333333333333333,0.00980392156862745,0.0151780628125485,0.0,0.0,0.0,4.0,4.0
emblematica:E033039,2803,507,0.34639971149644583,0.047619047619047616,0.2059047796536805,0.0,0.0,0.0,9.0,4.0
emblematica:E033040,2803,12,0.3333333333333333,0.03225806451612903,0.006908925635973537,0.0,0.0,0.0,1.0,5.0
emblematica:E033041,2803,59,0.43913356072391674,0.14285714285714285,0.04339135297478946,0.0,0.0,0.03389830508474576,3.0,4.0
emblematica:E033042,2803,46,0.42641209703583266,0.14285714285714285,0.05978990372967794,0.0,0.0,0.043478260869565216,4.5,4.0
emblematica:E033043,2803,87,0.38224261473290666,0.14285714285714285,0.029598135577412147,0.0,0.0,0.011494252873563218,5.0,3.0
emblematica:E033044,2803,333,0.38559884598578353,0.16666666666666666,0.09543850342782531,0.0,0.0,0.003003003003003003,18.0,3.0
emblematica:E033045,2803,7,0.40669725543269336,0.3333333333333333,0.060487332679289095,0.0,0.14285714285714285,0.14285714285714285,2.0,6.0
emblematica:E033046,2803,73,0.401396906714042,0.16666666666666666,0.07140414965628782,0.0,0.0,0.0136986301369863,14.5,4.5
emblematica:E033047,2803,118,0.45086673773561936,0.3333333333333333,0.040054466612868385,0.0,0.00847457627118644,0.01694915254237288,12.0,4.0
emblematica:E033048,2803,33,0.37574719213263447,0.1,0.021870592608464356,0.0,0.0,0.030303030303030304,2.5,3.0
emblematica:E033049,2803,275,0.493127555695166,1.0,0.0979309168161192,0.0036363636363636364,0.0036363636363636364,0.0036363636363636364,10.0,4.0
emblematica:E033050,2803,331,0.4217584664290355,0.25,0.10149626427028795,0.0,0.0030211480362537764,0.0030211480362537764,4.0,4.0
emblematica:E033051,2803,363,0.3333333333333333,0.05555555555555555,0.1371224164698084,0.0,0.0,0.0,11.5,3.5
emblematica:E033052,2803,62,0.3700152943830133,0.09090909090909091,0.0344960454307346,0.0,0.0,0.0,8.0,4.0
emblematica:E033053,2803,27,0.3900954117610806,0.2,0.05432299288829263,0.0,0.037037037037037035,0.037037037037037035,1.0,4.5
emblematica:E033054,2803,56,0.48006117753205335,1.0,0.05150916597862202,0.017857142857142856,0.017857142857142856,0.017857142857142856,8.0,3.0
emblematica:E033055,2803,39,0.48006117753205335,1.0,0.08324504641766484,0.02564102564102564,0.02564102564102564,0.02564102564102564,3.0,4.5
emblematica:E033056,2803,25,0.3333333333333333,0.003937007874015748,0.007130124193604128,0.0,0.0,0.0,3.0,5.0
emblematica:E033057,2803,41,0.3775028156362593,0.1111111111111111,0.019910200956775526,0.0,0.0,0.024390243902439025,4.0,4.0
emblematica:E033058,2803,42,0.3333333333333333,0.06666666666666667,0.019156371332318782,0.0,0.0,0.0,6.0,4.0
emblematica:E033059,2803,16,0.3900954117610806,0.2,0.032017901388893544,0.0,0.0625,0.0625,2.5,4.0
emblematica:E033060,2803,138,0.3333333333333333,0.03125,0.06196987136557833,0.0,0.0,0.0,9.5,3.5
emblematica:E033061,2803,60,0.5368232559598007,1.0,0.08119029346951025,0.016666666666666666,0.03333333333333333,0.03333333333333333,11.0,4.0
emblematica:E033062,2803,30,0.3333333333333333,0.023809523809523808,0.026565302939059898,0.0,0.0,0.0,5.0,3.0
emblematica:E033063,2803,32,0.48006117753205335,1.0,0.04452593798872956,0.03125,0.03125,0.03125,3.0,4.0
emblematica:E033064,2803,303,0.5323266901845036,1.0,0.10585610727703196,0.0033003300330033004,0.0033003300330033004,0.006600660066006601,15.0,4.5
emblematica:E033065,2803,46,0.3333333333333333,0.02857142857142857,0.02120404852622721,0.0,0.0,0.0,8.0,3.0
emblematica:E033066,2803,3,0.4676037933279578,0.001567398119122257,0.0012011781683671167,0.0,0.0,0.0,1.5,4.5
emblematica:E033067,2803,104,0.48006117753205335,1.0,0.07847371361749911,0.009615384615384616,0.009615384615384616,0.009615384615384616,5.0,3.0
emblematica:E033068,2803,113,0.42590829591570295,0.5,0.03928576530779981,0.0,0.008849557522123894,0.008849557522123894,10.0,3.0
emblematica:E033069,2803,54,0.3632461841809695,0.05555555555555555,0.024989261794901876,0.0,0.0,0.0,5.0,3.0
emblematica:E033070,2803,90,0.3333333333333333,0.05,0.04824255321967719,0.0,0.0,0.0,22.0,4.0
emblematica:E033071,2803,43,0.37962081462451813,0.0136986301369863,0.014105570242562742,0.0,0.0,0.0,5.0,4.0
emblematica:E033072,2803,14,0.39889093277822685,0.1,0.019983316323553265,0.0,0.0,0.07142857142857142,3.5,3.0
emblematica:E033073,2803,62,0.39652557624636714,0.25,0.025148215757042746,0.0,0.016129032258064516,0.016129032258064516,4.0,5.0
emblematica:E033074,2803,19,0.3333333333333333,0.02,0.006794006994189246,0.0,0.0,0.0,2.0,3.0
emblematica:E033075,2803,4,0.35648241204244513,0.05263157894736842,0.021106927425836725,0.0,0.0,0.0,2.0,3.0
emblematica:E033076,2803,134,0.3333333333333333,0.038461538461538464,0.0618096024338771,0.0,0.0,0.0,8.0,4.0
emblematica:E033077,2803,64,0.3333333333333333,0.03125,0.028179510827669438,0.0,0.0,0.0,2.0,5.0
emblematica:E033078,2803,54,0.3333333333333333,0.06666666666666667,0.023000981356120883,0.0,0.0,0.0,3.5,5.0
emblematica:E033079,2803,28,0.3333333333333333,0.030303030303030304,0.015167450610321204,0.0,0.0,0.0,4.0,4.0
emblematica:E033080,2803,199,0.3900954117610806,0.2,0.07608738109401708,0.0,0.005025125628140704,0.005025125628140704,9.0,4.0
emblematica:E033081,2803,119,0.3333333333333333,0.06666666666666667,0.08101690491761851,0.0,0.0,0.0,17.5,3.0
emblematica:E033082,2803,53,0.48006117753205335,1.0,0.03754228917960276,0.018867924528301886,0.018867924528301886,0.018867924528301886,5.5,3.5
emblematica:E033083,2803,59,0.3333333333333333,0.045454545454545456,0.07616801215625456,0.0,0.0,0.0,5.0,4.5
emblematica:E033084,2803,45,0.38559884598578353,0.16666666666666666,0.05272765341814228,0.0,0.0,0.022222222222222223,6.5,4.0
emblematica:E033085,2803,53,0.3333333333333333,0.009900990099009901,0.016219282101134724,0.0,0.0,0.0,8.0,5.0
emblematica:E033086,2803,107,0.3333333333333333,0.07142857142857142,0.04729863960477568,0.0,0.0,0.0,11.5,4.0
emblematica:E033087,2803,106,0.4433792164823734,0.02,0.04763438432756015,0.0,0.0,0.0,5.5,3.5
emblematica:E033088,2803,32,0.3333333333333333,0.011111111111111112,0.011933446774004796,0.0,0.0,0.0,1.0,4.0
emblematica:E033089,2803,44,0.48006117753205335,1.0,0.040946125559743224,0.022727272727272728,0.022727272727272728,0.022727272727272728,11.5,3.0
emblematica:E041082,2803,113,0.7937652555072279,1.0,0.11658041002969297,0.008849557522123894,0.035398230088495575,0.04424778761061947,9.0,3.0
emblematica:E041083,2803,27,0.7736851381291606,1.0,0.26733574735172555,0.037037037037037035,0.14814814814814814,0.18518518518518517,4.0,4.0
emblematica:E041084,2803,26,0.48006117753205335,1.0,0.101827513929618,0.038461538461538464,0.038461538461538464,0.038461538461538464,5.0,4.0
emblematica:E041085,2803,37,0.6293982185421705,1.0,0.1101352333500587,0.02702702702702703,0.08108108108108109,0.08108108108108109,3.5,5.5
emblematica:E041086,2803,73,0.753361787429743,1.0,0.11910824442076841,0.0136986301369863,0.0547945205479452,0.0684931506849315,1.5,4.0
emblematica:E041087,2803,60,0.5563197986081998,1.0,0.09702367748174127,0.016666666666666666,0.03333333333333333,0.03333333333333333,8.0,5.0
emblematica:E041088,2803,24,0.7414997428547776,1.0,0.21515172559457743,0.041666666666666664,0.16666666666666666,0.20833333333333334,2.0,3.5
emblematica:E041089,2803,127,0.6978838124409078,1.0,0.10725737541648445,0.007874015748031496,0.015748031496062992,0.031496062992125984,8.0,4.0
emblematica:E041090,2803,25,0.7162247929657478,0.5,0.09129875119362155,0.0,0.04,0.16,4.0,4.0
emblematica:E041091,2803,63,0.3455606536832266,0.01639344262295082,0.028012505060262646,0.0,0.0,0.0,1.0,4.0
emblematica:E041092,2803,91,0.6406900958559256,1.0,0.08065273242461676,0.01098901098901099,0.02197802197802198,0.04395604395604396,6.5,4.0
emblematica:E041093,2803,454,0.6463029801640194,1.0,0.141055776560672,0.0022026431718061676,0.006607929515418502,0.00881057268722467,18.0,4.0
