query_id,n_candidates,n_exact_relevant,ndcg_at_10,reciprocal_rank,average_precision,recall_at_1,recall_at_5,recall_at_10,median_query_label_frequency,median_query_hierarchy_depth
emblematica:E000266,2803,22,0.3333333333333333,0.08333333333333333,0.012178799819076769,0.0,0.0,0.0,5.0,5.0
emblematica:E000267,2803,7,0.3333333333333333,0.003952569169960474,0.0026739064888315453,0.0,0.0,0.0,2.0,4.0
emblematica:E000268,2803,78,0.38559884598578353,0.16666666666666666,0.03474930042153562,0.0,0.0,0.01282051282051282,5.5,3.5
emblematica:E000269,2803,141,0.3491313940615917,0.043478260869565216,0.04312821723026552,0.0,0.0,0.0,12.0,3.0
emblematica:E000270,2803,74,0.3333333333333333,0.014285714285714285,0.1199879004727965,0.0,0.0,0.0,4.0,5.0
emblematica:E000271,2803,60,0.37962081462451813,0.125,0.028556789850143198,0.0,0.0,0.016666666666666666,11.0,4.0
emblematica:E000272,2803,75,0.3333333333333333,0.06666666666666667,0.02712238846660951,0.0,0.0,0.0,11.0,4.0
emblematica:E000273,2803,342,0.4748175773152763,0.5,0.11718074506423183,0.0,0.0029239766081871343,0.005847953216374269,4.0,4.0
emblematica:E000274,2803,34,0.3333333333333333,0.014492753623188406,0.017947488542854603,0.0,0.0,0.0,4.0,5.0
emblematica:E000275,2803,31,0.3775028156362593,0.1111111111111111,0.02071663844121,0.0,0.0,0.03225806451612903,1.0,4.0
emblematica:E000276,2803,60,0.38559884598578353,0.16666666666666666,0.019068017055854633,0.0,0.0,0.016666666666666666,5.5,3.0
emblematica:E000277,2803,91,0.5078720494847169,0.3333333333333333,0.04583753490198339,0.0,0.01098901098901099,0.03296703296703297,6.0,3.0
emblematica:E000278,2803,310,0.5323266901845036,1.0,0.10215550224193996,0.0032258064516129032,0.0032258064516129032,0.0064516129032258064,8.0,4.0
emblematica:E000279,2803,852,0.3333333333333333,0.03571428571428571,0.2263883068711042,0.0,0.0,0.0,4.5,3.5
emblematica:E000280,2803,22,0.3333333333333333,0.006024096385542169,0.006947591946937376,0.0,0.0,0.0,6.5,4.5
emblematica:E000281,2803,417,0.5895409017362722,1.0,0.15766596863345156,0.002398081534772182,0.004796163069544364,0.007194244604316547,3.0,4.0
emblematica:E000282,2803,15,0.3333333333333333,0.02857142857142857,0.005443241654049304,0.0,0.0,0.0,2.0,4.0
emblematica:E000283,2803,153,0.3491313940615917,0.09090909090909091,0.15559077790074483,0.0,0.0,0.0,16.0,4.0
emblematica:E000284,2803,12,0.3333333333333333,0.0018214936247723133,0.0040150640773712705,0.0,0.0,0.0,1.0,4.5
emblematica:E000285,2803,175,0.3900954117610806,0.2,0.0888672995821834,0.0,0.005714285714285714,0.005714285714285714,2.0,4.0
emblematica:E000286,2803,189,0.34639971149644583,0.05263157894736842,0.061023120735633034,0.0,0.0,0.0,15.0,4.0
emblematica:E000287,2803,122,0.49163304785484957,1.0,0.07706581106846912,0.00819672131147541,0.00819672131147541,0.00819672131147541,9.0,4.0
emblematica:E000288,2803,52,0.3333333333333333,0.02040816326530612,0.0154568804720853,0.0,0.0,0.0,8.0,4.0
emblematica:E000289,2803,181,0.3443757039090648,0.0196078431372549,0.052321493897806166,0.0,0.0,0.0,11.0,4.0
emblematica:E000290,2803,66,0.3475238529402701,0.030303030303030304,0.02535028467260819,0.0,0.0,0.0,16.0,4.0
emblematica:E000291,2803,36,0.3333333333333333,0.01,0.011864276583804569,0.0,0.0,0.0,1.0,4.0
emblematica:E000292,2803,73,0.4487910888988174,0.25,0.02957256265505847,0.0,0.0136986301369863,0.0273972602739726,4.0,5.0
emblematica:E000293,2803,163,0.4589627680851436,0.3333333333333333,0.056506899498615495,0.0,0.006134969325153374,0.012269938650306749,11.0,4.0
emblematica:E000294,2803,37,0.3333333333333333,0.0022988505747126436,0.010458293630021322,0.0,0.0,0.0,1.5,3.5
emblematica:E000295,2803,55,0.34490520365612953,0.05,0.015519554871333744,0.0,0.0,0.0,13.0,3.0
emblematica:E000296,2803,85,0.37962081462451813,0.03225806451612903,0.04501934608409925,0.0,0.0,0.0,6.0,4.0
emblematica:E000297,2803,138,0.4786776096882829,0.16666666666666666,0.07171839397909395,0.0,0.0,0.021739130434782608,20.0,3.0
emblematica:E000298,2803,79,0.3333333333333333,0.09090909090909091,0.026288529340220416,0.0,0.0,0.0,2.0,5.0
emblematica:E000299,2803,73,0.43250927056038174,0.2,0.039203644525852815,0.0,0.0136986301369863,0.0273972602739726,6.0,4.0
emblematica:E001026,2803,48,1.0,1.0,0.35927468590847167,0.020833333333333332,0.10416666666666667,0.20833333333333334,2.5,2.5
emblematica:E001027,2803,64,1.0,1.0,0.2700230523269943,0.015625,0.078125,0.15625,11.0,3.0
emblematica:E001028,2803,53,1.0,1.0,0.31867617192159636,0.018867924528301886,0.09433962264150944,0.18867924528301888,7.0,4.0
emblematica:E001029,2803,228,1.0,1.0,0.2045901623212516,0.0043859649122807015,0.021929824561403508,0.043859649122807015,18.0,3.0
emblematica:E001030,2803,121,1.0,1.0,0.18803819915283684,0.008264462809917356,0.04132231404958678,0.08264462809917356,5.0,4.0
emblematica:E001031,2803,36,1.0,1.0,0.46121903559345895,0.027777777777777776,0.1388888888888889,0.2777777777777778,5.0,2.0
emblematica:E001032,2803,51,1.0,1.0,0.3558317743922712,0.0196078431372549,0.09803921568627451,0.19607843137254902,18.0,2.0
emblematica:E001033,2803,82,1.0,1.0,0.23217392882535506,0.012195121951219513,0.06097560975609756,0.12195121951219512,3.5,4.0
emblematica:E001034,2803,209,1.0,1.0,0.15016086711450766,0.004784688995215311,0.023923444976076555,0.04784688995215311,5.0,4.0
emblematica:E001035,2803,62,1.0,1.0,0.29832380898362276,0.016129032258064516,0.08064516129032258,0.16129032258064516,12.0,3.0
emblematica:E001036,2803,82,1.0,1.0,0.2383156757556815,0.012195121951219513,0.06097560975609756,0.12195121951219512,4.5,4.5
emblematica:E001037,2803,70,1.0,1.0,0.27519940932959214,0.014285714285714285,0.07142857142857142,0.14285714285714285,3.0,3.0
emblematica:E001039,2803,98,1.0,1.0,0.2106583515704417,0.01020408163265306,0.05102040816326531,0.10204081632653061,5.0,3.5
emblematica:E001040,2803,42,1.0,1.0,0.4078169461023662,0.023809523809523808,0.11904761904761904,0.23809523809523808,4.0,4.0
emblematica:E001041,2803,88,1.0,1.0,0.23075738943986754,0.011363636363636364,0.056818181818181816,0.11363636363636363,22.0,3.0
emblematica:E001042,2803,35,1.0,1.0,0.4690571296931855,0.02857142857142857,0.14285714285714285,0.2857142857142857,6.0,4.0
emblematica:E001043,2803,135,1.0,1.0,0.21362509138331912,0.007407407407407408,0.037037037037037035,0.07407407407407407,12.5,3.5
emblematica:E001247,2803,98,0.9477344873475497,1.0,0.5550869327591329,0.01020408163265306,0.05102040816326531,0.09183673469387756,13.0,3.0
emblematica:E001248,2803,314,1.0,1.0,0.3218189142682019,0.0031847133757961785,0.01592356687898089,0.03184713375796178,2.0,4.0
emblematica:E001249,2803,419,0.8442327945045964,1.0,0.24241914399049716,0.002386634844868735,0.007159904534606206,0.01909307875894988,6.0,5.0
emblematica:E001250,2803,347,1.0,1.0,0.32127416942357134,0.002881844380403458,0.01440922190201729,0.02881844380403458,10.5,5.0
emblematica:E001251,2803,328,1.0,1.0,0.3174618625150457,0.003048780487804878,0.01524390243902439,0.03048780487804878,13.0,4.0
emblematica:E001252,2803,389,1.0,1.0,0.3205321693501932,0.002570694087403599,0.012853470437017995,0.02570694087403599,3.5,4.0
emblematica:E001253,2803,450,0.9537125187088151,1.0,0.3143198371015561,0.0022222222222222222,0.011111111111111112,0.02,11.0,4.0
emblematica:E001254,2803,363,1.0,1.0,0.31482095689675776,0.0027548209366391185,0.013774104683195593,0.027548209366391185,5.0,4.5
emblematica:E001255,2803,388,1.0,1.0,0.2978831502745611,0.002577319587628866,0.01288659793814433,0.02577319587628866,10.5,4.0
emblematica:E001256,2803,315,1.0,1.0,0.31987321613024766,0.0031746031746031746,0.015873015873015872,0.031746031746031744,6.0,3.0
emblematica:E001257,2803,446,0.9266360779006398,1.0,0.3055892798226948,0.002242152466367713,0.008968609865470852,0.020179372197309416,8.0,4.0
emblematica:E001258,2803,331,1.0,1.0,0.31248267881465974,0.0030211480362537764,0.015105740181268883,0.030211480362537766,4.0,4.0
emblematica:E001259,2803,22,0.6056906122838637,1.0,0.14050706782648298,0.045454545454545456,0.09090909090909091,0.13636363636363635,3.0,5.0
emblematica:E001260,2803,310,0.6997944485721993,1.0,0.18204236281201122,0.0032258064516129032,0.00967741935483871,0.00967741935483871,6.0,4.0
emblematica:E001261,2803,317,1.0,1.0,0.320150663439216,0.0031545741324921135,0.015772870662460567,0.031545741324921134,4.0,4.0
emblematica:E001262,2803,441,1.0,1.0,0.3153408868992839,0.0022675736961451248,0.011337868480725623,0.022675736961451247,11.0,4.0
emblematica:E001263,2803,344,1.0,1.0,0.3119997584576935,0.0029069767441860465,0.014534883720930232,0.029069767441860465,8.0,4.0
emblematica:E001264,2803,410,0.7965100773735325,0.5,0.2272072002262952,0.0,0.007317073170731708,0.01951219512195122,4.0,4.5
emblematica:E001265,2803,376,0.9074250374176303,1.0,0.3044577741643542,0.0026595744680851063,0.010638297872340425,0.023936170212765957,12.0,4.0
emblematica:E001266,2803,310,0.8546557236450504,1.0,0.20787023675498392,0.0032258064516129032,0.016129032258064516,0.02258064516129032,3.0,4.0
emblematica:E001267,2803,443,1.0,1.0,0.3200235515244873,0.002257336343115124,0.011286681715575621,0.022573363431151242,12.0,4.0
emblematica:E001268,2803,82,0.7965100773735325,0.5,0.5900696107554058,0.0,0.036585365853658534,0.0975609756097561,2.0,4.0
emblematica:E001269,2803,331,1.0,1.0,0.3194308446874438,0.0030211480362537764,0.015105740181268883,0.030211480362537766,7.0,4.0
emblematica:E001270,2803,329,1.0,1.0,0.3156005213301938,0.00303951367781155,0.015197568389057751,0.030395136778115502,11.0,3.5
emblematica:E001271,2803,376,0.5968763075254392,0.25,0.22101675807571222,0.0,0.005319148936170213,0.013297872340425532,6.5,4.0
emblematica:E001272,2803,311,1.0,1.0,0.3277984888459027,0.003215434083601286,0.01607717041800643,0.03215434083601286,6.5,3.5
emblematica:E001273,2803,292,1.0,1.0,0.3246439881840125,0.003424657534246575,0.017123287671232876,0.03424657534246575,10.0,4.0
emblematica:E001274,2803,381,1.0,1.0,0.2994539937140568,0.0026246719160104987,0.013123359580052493,0.026246719160104987,7.5,4.5
emblematica:E001275,2803,84,1.0,1.0,0.6323567587407761,0.011904761904761904,0.05952380952380952,0.11904761904761904,4.0,3.0
emblematica:E001276,2803,235,1.0,1.0,0.34703024051037945,0.00425531914893617,0.02127659574468085,0.0425531914893617,7.0,4.0
emblematica:E001277,2803,284,0.9575861412006987,1.0,0.3323286547504103,0.0035211267605633804,0.017605633802816902,0.03169014084507042,4.5,4.0
emblematica:E001278,2803,83,0.9432379215722525,1.0,0.6232840905121942,0.012048192771084338,0.04819277108433735,0.10843373493975904,1.0,4.0
emblematica:E001279,2803,331,1.0,1.0,0.3067842802215611,0.0030211480362537764,0.015105740181268883,0.030211480362537766,6.0,4.0
emblematica:E001280,2803,289,0.909543036405889,1.0,0.20789860115037315,0.0034602076124567475,0.01730103806228374,0.02768166089965398,5.0,4.0
emblematica:E001281,2803,95,1.0,1.0,0.674962879461782,0.010526315789473684,0.05263157894736842,0.10526315789473684,3.5,4.5
emblematica:E001282,2803,319,1.0,1.0,0.31574028217997946,0.003134796238244514,0.01567398119122257,0.03134796238244514,5.0,4.0
emblematica:E001283,2803,79,0.8803485966094551,1.0,0.6667771560462747,0.012658227848101266,0.05063291139240506,0.10126582278481013,1.5,4.5
emblematica:E001284,2803,246,1.0,1.0,0.33470453734956185,0.0040650406504065045,0.02032520325203252,0.04065040650406504,2.5,4.5
emblematica:E001285,2803,104,1.0,1.0,0.5591519333343439,0.009615384615384616,0.04807692307692308,0.09615384615384616,5.5,4.0
emblematica:E001286,2803,129,0.7523405950706065,0.5,0.414954994118087,0.0,0.023255813953488372,0.05426356589147287,5.0,4.0
emblematica:E001287,2803,83,0.8532721558012798,0.5,0.6493622893622946,0.0,0.04819277108433735,0.10843373493975904,5.0,4.0
emblematica:E001288,2803,152,0.8532721558012798,0.5,0.4355694394806632,0.0,0.02631578947368421,0.05921052631578947,8.0,4.0
emblematica:E001289,2803,326,1.0,1.0,0.3200921470326741,0.003067484662576687,0.015337423312883436,0.03067484662576687,7.0,4.0
emblematica:E001290,2803,96,1.0,1.0,0.5609818639782765,0.010416666666666666,0.052083333333333336,0.10416666666666667,3.0,4.0
emblematica:E001291,2803,335,0.9368077570869661,1.0,0.3088628875445314,0.0029850746268656717,0.011940298507462687,0.026865671641791045,9.0,5.0
emblematica:E001292,2803,909,1.0,1.0,0.46934800674223565,0.0011001100110011,0.005500550055005501,0.011001100110011002,2.0,3.0
emblematica:E001293,2803,230,0.9510907186004266,1.0,0.34423767066346844,0.004347826086956522,0.021739130434782608,0.0391304347826087,4.0,4.0
emblematica:E001294,2803,333,1.0,1.0,0.3140416765751181,0.003003003003003003,0.015015015015015015,0.03003003003003003,2.0,4.5
emblematica:E001295,2803,137,1.0,1.0,0.4419169554914861,0.0072992700729927005,0.0364963503649635,0.072992700729927,7.0,4.0
emblematica:E001296,2803,546,1.0,1.0,0.3089778109623361,0.0018315018315018315,0.009157509157509158,0.018315018315018316,11.0,4.5
emblematica:E001297,2803,387,1.0,1.0,0.3223347261544749,0.002583979328165375,0.012919896640826873,0.025839793281653745,14.0,4.0
emblematica:E001298,2803,81,0.8845422444345158,1.0,0.6356159015223294,0.012345679012345678,0.04938271604938271,0.09876543209876543,3.0,4.0
emblematica:E001299,2803,240,0.8010066431488296,0.5,0.3293952314623157,0.0,0.016666666666666666,0.03333333333333333,5.0,3.0
emblematica:E001300,2803,101,1.0,1.0,0.5748886957648058,0.009900990099009901,0.04950495049504951,0.09900990099009901,4.0,4.0
emblematica:E001301,2803,325,0.7788708846071951,1.0,0.18215126183839306,0.003076923076923077,0.009230769230769232,0.015384615384615385,3.5,4.5
emblematica:E001302,2803,184,0.9368077570869661,1.0,0.3839727837887127,0.005434782608695652,0.021739130434782608,0.04891304347826087,6.0,5.0
emblematica:E001303,2803,193,0.909543036405889,1.0,0.3267498660584423,0.0051813471502590676,0.025906735751295335,0.04145077720207254,9.0,5.0
emblematica:E001304,2803,146,0.9086768598011253,1.0,0.3905727460278208,0.00684931506849315,0.03424657534246575,0.0547945205479452,13.0,3.0
emblematica:E001305,2803,347,1.0,1.0,0.31611978284501235,0.002881844380403458,0.01440922190201729,0.02881844380403458,3.5,4.0
emblematica:E001306,2803,94,1.0,1.0,0.5985192234913814,0.010638297872340425,0.05319148936170213,0.10638297872340426,4.0,4.0
emblematica:E001307,2803,73,0.8926382747840401,1.0,0.6992780343208741,0.0136986301369863,0.0547945205479452,0.1095890410958904,2.5,4.5
emblematica:E001308,2803,241,0.9537125187088151,1.0,0.3382242657935044,0.004149377593360996,0.02074688796680498,0.03734439834024896,3.0,5.0
emblematica:E001309,2803,311,1.0,1.0,0.32751080861938414,0.003215434083601286,0.01607717041800643,0.03215434083601286,5.0,4.0
emblematica:E001310,2803,343,1.0,1.0,0.3254670689654902,0.0029154518950437317,0.014577259475218658,0.029154518950437316,8.0,4.0
emblematica:E001311,2803,325,1.0,1.0,0.3200697141994486,0.003076923076923077,0.015384615384615385,0.03076923076923077,6.0,4.0
emblematica:E001323,2803,39,1.0,0.3333333333333333,0.035628812224139966,0.0,0.02564102564102564,0.05128205128205128,1.0,3.0
emblematica:E001324,2803,78,1.0,1.0,0.15413376043721688,0.01282051282051282,0.05128205128205128,0.11538461538461539,1.0,3.0
emblematica:E001325,2803,80,1.0,1.0,0.16200632117919372,0.0125,0.0625,0.1125,3.0,5.0
emblematica:E001326,2803,245,1.0,1.0,0.12273156771926313,0.004081632653061225,0.02040816326530612,0.036734693877551024,18.0,4.0
emblematica:E001327,2803,70,1.0,0.5,0.14631205909780054,0.0,0.05714285714285714,0.12857142857142856,3.5,4.0
emblematica:E001328,2803,37,1.0,1.0,0.2731107673300362,0.02702702702702703,0.10810810810810811,0.24324324324324326,3.5,4.0
emblematica:E001329,2803,27,1.0,1.0,0.3985583099853748,0.037037037037037035,0.18518518518518517,0.3333333333333333,2.0,4.0
emblematica:E001330,2803,19,1.0,1.0,0.5262773976709978,0.05263157894736842,0.2631578947368421,0.47368421052631576,1.5,5.0
emblematica:E001331,2803,105,1.0,1.0,0.14593449045916346,0.009523809523809525,0.047619047619047616,0.08571428571428572,1.0,4.0
emblematica:E001332,2803,56,1.0,1.0,0.2321944259498476,0.017857142857142856,0.08928571428571429,0.17857142857142858,2.5,3.5
emblematica:E001333,2803,106,1.0,1.0,0.1477735365958906,0.009433962264150943,0.04716981132075472,0.09433962264150944,4.0,4.0
emblematica:E001334,2803,348,1.0,1.0,0.2070009957210623,0.0028735632183908046,0.014367816091954023,0.028735632183908046,7.5,5.0
emblematica:E001497,2803,44,0.3333333333333333,0.02127659574468085,0.017765745021413037,0.0,0.0,0.0,1.0,4.5
emblematica:E001498,2803,345,0.4224953161609518,0.3333333333333333,0.14136179048079056,0.0,0.002898550724637681,0.002898550724637681,17.5,4.0
emblematica:E001499,2803,36,0.3333333333333333,0.009900990099009901,0.011522082223393102,0.0,0.0,0.0,2.0,5.0
emblematica:E001500,2803,62,0.37962081462451813,0.125,0.03110331171704733,0.0,0.0,0.016129032258064516,2.0,4.0
emblematica:E001501,2803,141,0.42590829591570295,0.5,0.054880298883465524,0.0,0.0070921985815602835,0.0070921985815602835,1.0,5.0
emblematica:E001502,2803,75,0.42590829591570295,0.5,0.0426796395638013,0.0,0.013333333333333334,0.013333333333333334,5.5,4.0
emblematica:E001503,2803,421,0.633258250915177,1.0,0.1602384157690639,0.0023752969121140144,0.004750593824228029,0.009501187648456057,7.0,4.0
emblematica:E001504,2803,190,0.5570322409011308,0.3333333333333333,0.08702011916545312,0.0,0.010526315789473684,0.015789473684210527,9.5,4.0
emblematica:E001505,2803,42,0.38224261473290666,0.14285714285714285,0.020724521955150076,0.0,0.0,0.023809523809523808,7.0,4.0
emblematica:E001506,2803,91,0.37574719213263447,0.1,0.0339218857948003,0.0,0.0,0.01098901098901099,9.0,3.0
emblematica:E001507,2803,1,0.6043744244510955,0.0012004801920768306,0.0012004801920768306,0.0,0.0,0.0,1.0,5.0
emblematica:E001508,2803,218,0.4321008364024566,0.125,0.09221439622034783,0.0,0.0,0.0045871559633027525,6.0,4.0
emblematica:E001668,2803,87,0.47692198618465803,0.16666666666666666,0.05870727793294411,0.0,0.0,0.034482758620689655,1.0,4.0
emblematica:E001669,2803,87,0.3775028156362593,0.1111111111111111,0.05416773631645997,0.0,0.0,0.011494252873563218,1.5,4.0
emblematica:E001670,2803,37,0.3333333333333333,0.0045871559633027525,0.029117031586962685,0.0,0.0,0.0,2.0,5.0
emblematica:E001671,2803,87,0.6000154988728346,1.0,0.07590157513397787,0.011494252873563218,0.034482758620689655,0.034482758620689655,1.0,5.0
emblematica:E001672,2803,87,0.5955189330975375,1.0,0.07654237025351746,0.011494252873563218,0.022988505747126436,0.034482758620689655,1.0,4.5
emblematica:E001673,2803,88,0.3333333333333333,0.09090909090909091,0.0513205424558045,0.0,0.0,0.0,1.0,5.0
emblematica:E001675,2803,87,0.5729390580646594,0.3333333333333333,0.07220837281852212,0.0,0.034482758620689655,0.04597701149425287,2.0,4.5
emblematica:E001676,2803,87,0.42976832828870953,0.16666666666666666,0.05816509947942896,0.0,0.0,0.022988505747126436,1.0,3.0
emblematica:E001677,2803,87,0.5172314361145774,0.5,0.06584835447529948,0.0,0.011494252873563218,0.034482758620689655,1.0,4.5
emblematica:E001678,2803,87,0.3900954117610806,0.2,0.05443508302660873,0.0,0.011494252873563218,0.011494252873563218,1.0,4.5
emblematica:E001679,2803,3,0.40430220188639443,0.00048661800486618007,0.0009196342713325987,0.0,0.0,0.0,1.0,6.0
emblematica:E001680,2803,14,0.3333333333333333,0.005847953216374269,0.008937915616263977,0.0,0.0,0.0,1.0,5.0
emblematica:E001681,2803,6,0.38595214970813646,0.07692307692307693,0.03137004992748763,0.0,0.0,0.0,1.0,6.0
emblematica:E001682,2803,23,0.39652557624636714,0.25,0.023207318861965028,0.0,0.043478260869565216,0.043478260869565216,1.0,6.0
emblematica:E001683,2803,23,0.3333333333333333,0.05,0.013647657500398121,0.0,0.0,0.0,1.0,6.0
emblematica:E001684,2803,87,0.43900469316065394,0.2,0.0592156344860709,0.0,0.011494252873563218,0.022988505747126436,2.0,4.5
emblematica:E001685,2803,2,0.5821032065260975,0.0005102040816326531,0.0006642673435986507,0.0,0.0,0.0,1.0,4.5
emblematica:E001687,2803,23,0.3333333333333333,0.037037037037037035,0.012094318447795195,0.0,0.0,0.0,1.0,5.0
emblematica:E001688,2803,1,0.6043744244510955,0.005,0.005,0.0,0.0,0.0,1.0,4.5
emblematica:E001689,2803,6,0.38595214970813646,0.058823529411764705,0.02453956781387535,0.0,0.0,0.0,1.0,5.5
emblematica:E001690,2803,3,0.5159958223394444,0.0009737098344693282,0.0010466413879272032,0.0,0.0,0.0,1.0,4.0
emblematica:E001691,2803,7,0.34428518061118435,0.06666666666666667,0.012588381140290024,0.0,0.0,0.0,1.0,5.0
emblematica:E001692,2803,23,0.3333333333333333,0.0022271714922048997,0.007022532995883081,0.0,0.0,0.0,1.0,3.0
emblematica:E001694,2803,7,0.34428518061118435,0.07142857142857142,0.01356958614403488,0.0,0.0,0.0,1.0,5.0
emblematica:E001696,2803,6,0.43954640843486026,0.125,0.0409305415348013,0.0,0.0,0.16666666666666666,1.0,5.0
emblematica:E001697,2803,11,0.3333333333333333,0.003076923076923077,0.003766187537501261,0.0,0.0,0.0,1.0,3.0
emblematica:E001698,2803,4,0.4073884476270398,0.003367003367003367,0.0020749598452964404,0.0,0.0,0.0,1.0,3.5
emblematica:E001699,2803,3,0.45382343384312973,0.0048543689320388345,0.005212555919605307,0.0,0.0,0.0,1.0,3.5
emblematica:E001700,2803,34,0.3333333333333333,0.004830917874396135,0.01240548222249192,0.0,0.0,0.0,1.0,4.0
emblematica:E001701,2803,37,0.3333333333333333,0.043478260869565216,0.013566958507158059,0.0,0.0,0.0,5.0,4.5
emblematica:E001704,2803,5,0.47304911458082527,0.5,0.12425246649740278,0.0,0.2,0.2,1.0,5.0
emblematica:E001705,2803,34,0.3333333333333333,0.034482758620689655,0.014033171826016003,0.0,0.0,0.0,2.0,5.0
emblematica:E001706,2803,1,0.4263151217085707,0.0003933910306845004,0.0003933910306845004,0.0,0.0,0.0,1.0,4.5
emblematica:E001707,2803,7,0.37022767507871573,0.0026954177897574125,0.002500286739752188,0.0,0.0,0.0,1.0,3.0
emblematica:E001708,2803,19,0.3333333333333333,0.004739336492890996,0.011048487205563813,0.0,0.0,0.0,1.0,4.0
emblematica:E001709,2803,8,0.3333333333333333,0.004761904761904762,0.013654461467731497,0.0,0.0,0.0,1.0,3.5
emblematica:E001710,2803,3,0.40956968264424565,0.0009671179883945841,0.0012174794318792904,0.0,0.0,0.0,1.0,4.0
emblematica:E001711,2803,2,0.5257357542330399,0.004524886877828055,0.0027277761518037435,0.0,0.0,0.0,1.0,4.0
emblematica:E001712,2803,4,0.45911969569962896,0.25,0.06503999960883752,0.0,0.25,0.25,1.0,5.5
emblematica:E001714,2803,8,0.3333333333333333,0.0031746031746031746,0.0031707559137330436,0.0,0.0,0.0,1.0,5.0
emblematica:E001715,2803,0,0.6666666666666666,,,,,,1.0,4.5
emblematica:E003038,2803,0,1.0,,,,,,1.0,3.5
emblematica:E003039,2803,156,0.4454348576459405,0.25,0.06892237748982576,0.0,0.00641025641025641,0.01282051282051282,10.0,5.0
emblematica:E003040,2803,16,0.6537876011269714,0.5,0.19281557868034221,0.0,0.1875,0.3125,2.0,5.0
emblematica:E003041,2803,80,0.7355433604077823,1.0,0.09916174938476557,0.0125,0.0375,0.0625,11.0,4.0
emblematica:E003042,2803,319,0.42465647353220776,0.14285714285714285,0.10959349893565559,0.0,0.0,0.006269592476489028,4.0,5.0
emblematica:E003043,2803,251,0.6982655748662334,1.0,0.09846095776016661,0.00398406374501992,0.01195219123505976,0.01593625498007968,11.0,4.0
emblematica:E003044,2803,105,0.6389413809589836,0.5,0.0674786347213071,0.0,0.02857142857142857,0.047619047619047616,7.0,4.0
emblematica:E003045,2803,174,0.40669725543269336,0.3333333333333333,0.06860539446630426,0.0,0.005747126436781609,0.005747126436781609,1.0,5.0
emblematica:E003046,2803,768,0.5957072129704393,0.5,0.23373742725850002,0.0,0.0026041666666666665,0.005208333333333333,3.0,4.0
emblematica:E003047,2803,50,0.6249016527668733,1.0,0.09280794173607157,0.02,0.04,0.06,9.0,5.0
emblematica:E003048,2803,83,0.5955189330975375,1.0,0.05197120383123165,0.012048192771084338,0.024096385542168676,0.03614457831325301,2.0,3.0
emblematica:E003049,2803,142,0.5692537154456775,0.5,0.06959229765888614,0.0,0.014084507042253521,0.028169014084507043,9.0,4.0
emblematica:E003050,2803,40,0.6068813290064461,1.0,0.07330186107891275,0.025,0.05,0.075,2.5,4.0
emblematica:E003051,2803,21,0.3443757039090648,0.037037037037037035,0.012835554668359324,0.0,0.0,0.0,2.0,3.0
emblematica:E003052,2803,19,0.7659543835545644,1.0,0.32533684364913434,0.05263157894736842,0.2631578947368421,0.2631578947368421,2.0,4.0
emblematica:E003062,2803,331,0.8630152897016882,1.0,0.18271440942273035,0.0030211480362537764,0.00906344410876133,0.021148036253776436,4.0,6.0
emblematica:E003063,2803,313,0.7666888146990526,0.5,0.180588275373092,0.0,0.012779552715654952,0.022364217252396165,11.0,4.0
emblematica:E003064,2803,341,0.8611375561264454,1.0,0.19490244413664684,0.002932551319648094,0.011730205278592375,0.026392961876832845,10.0,3.0
emblematica:E003065,2803,349,0.9477344873475497,1.0,0.19769164156549374,0.0028653295128939827,0.014326647564469915,0.025787965616045846,12.0,4.0
emblematica:E003066,2803,209,0.6082998090952606,0.5,0.10219726059140011,0.0,0.014354066985645933,0.019138755980861243,7.0,4.0
emblematica:E003067,2803,322,0.790079912888246,1.0,0.17965078668718354,0.003105590062111801,0.009316770186335404,0.021739130434782608,13.0,4.0
emblematica:E003068,2803,428,0.8777267965010666,1.0,0.2200983339615685,0.002336448598130841,0.009345794392523364,0.016355140186915886,9.0,4.0
emblematica:E003069,2803,368,0.8943286401726791,1.0,0.19519297268044958,0.002717391304347826,0.010869565217391304,0.021739130434782608,7.0,5.0
emblematica:E003070,2803,305,0.8010066431488296,0.5,0.18005870588799375,0.0,0.013114754098360656,0.02622950819672131,7.0,4.0
emblematica:E003071,2803,327,0.8585157560180569,1.0,0.18088260121988453,0.0030581039755351682,0.012232415902140673,0.024464831804281346,4.0,4.0
emblematica:E003072,2803,389,1.0,1.0,0.21185279832226875,0.002570694087403599,0.012853470437017995,0.02570694087403599,9.0,4.0
emblematica:E003073,2803,144,0.5105505980949798,1.0,0.08233453517288453,0.006944444444444444,0.006944444444444444,0.013888888888888888,6.0,4.0
emblematica:E003074,2803,474,0.7744963612854758,1.0,0.18036907543008346,0.002109704641350211,0.006329113924050633,0.012658227848101266,20.0,4.0
emblematica:E003075,2803,457,1.0,1.0,0.2299165697115919,0.002188183807439825,0.010940919037199124,0.02188183807439825,17.0,4.0
emblematica:E003076,2803,399,0.9048032373092417,1.0,0.2058473737676205,0.002506265664160401,0.012531328320802004,0.020050125313283207,21.0,4.0
emblematica:E003077,2803,193,0.32110601298343994,0.07142857142857142,0.07955476758390272,0.0,0.0,0.0,10.0,4.0
emblematica:E003078,2803,502,1.0,1.0,0.2557138066654184,0.00199203187250996,0.0099601593625498,0.0199203187250996,18.0,4.0
emblematica:E003079,2803,429,0.8328461683054847,1.0,0.2163488490437438,0.002331002331002331,0.009324009324009324,0.016317016317016316,9.0,4.0
emblematica:E003080,2803,334,0.9537125187088151,1.0,0.20964811515449405,0.0029940119760479044,0.014970059880239521,0.02694610778443114,4.5,4.0
emblematica:E003081,2803,383,1.0,1.0,0.21915912695482812,0.0026109660574412533,0.013054830287206266,0.02610966057441253,12.0,4.0
emblematica:E003082,2803,70,0.6756856998333552,1.0,0.08330173315968933,0.014285714285714285,0.04285714285714286,0.05714285714285714,4.0,4.0
emblematica:E003083,2803,128,0.7087401720027959,1.0,0.10754461971163203,0.0078125,0.0234375,0.03125,5.0,4.5
emblematica:E003084,2803,460,0.7621282498580286,1.0,0.2303509844689559,0.002173913043478261,0.006521739130434782,0.013043478260869565,18.0,4.0
emblematica:E003085,2803,446,0.726133231157489,0.5,0.2248213496689233,0.0,0.008968609865470852,0.01569506726457399,9.0,5.0
emblematica:E003086,2803,5,0.13080126388870011,0.002967359050445104,0.002475361631097293,0.0,0.0,0.0,3.5,3.5
emblematica:E003768,2803,260,1.0,1.0,0.5174538660653206,0.0038461538461538464,0.019230769230769232,0.038461538461538464,11.0,4.0
emblematica:E003769,2803,335,1.0,1.0,0.48304756737214216,0.0029850746268656717,0.014925373134328358,0.029850746268656716,4.0,5.0
emblematica:E003770,2803,235,1.0,1.0,0.5344089458083937,0.00425531914893617,0.02127659574468085,0.0425531914893617,21.0,4.0
emblematica:E003771,2803,191,1.0,1.0,0.6364320516784363,0.005235602094240838,0.02617801047120419,0.05235602094240838,28.5,4.0
emblematica:E003772,2803,277,0.5838451683954738,0.5,0.2713021756068191,0.0,0.007220216606498195,0.01444043321299639,4.0,5.0
emblematica:E003773,2803,433,0.9074250374176303,1.0,0.42057622586680277,0.0023094688221709007,0.009237875288683603,0.020785219399538105,21.0,4.0
emblematica:E003774,2803,274,0.8987583839637467,1.0,0.32140143943183547,0.0036496350364963502,0.014598540145985401,0.029197080291970802,11.0,5.0
emblematica:E003775,2803,270,0.5485347995650348,0.25,0.29645348621194495,0.0,0.003703703703703704,0.014814814814814815,17.0,4.0
emblematica:E003776,2803,438,1.0,1.0,0.4199111173987266,0.00228310502283105,0.01141552511415525,0.0228310502283105,23.0,4.0
emblematica:E003777,2803,312,1.0,1.0,0.47363832125350086,0.003205128205128205,0.016025641025641024,0.03205128205128205,23.5,4.0
emblematica:E003778,2803,427,0.8532721558012798,0.5,0.36056491253313505,0.0,0.00936768149882904,0.02107728337236534,20.5,4.0
emblematica:E003779,2803,260,0.9368077570869661,1.0,0.4816633611209542,0.0038461538461538464,0.015384615384615385,0.03461538461538462,5.0,5.0
emblematica:E003780,2803,209,0.7789890119762,1.0,0.3123247217355726,0.004784688995215311,0.014354066985645933,0.023923444976076555,14.5,4.0
emblematica:E003781,2803,579,1.0,1.0,0.4116038460321978,0.0017271157167530224,0.008635578583765112,0.017271157167530225,7.5,4.0
emblematica:E003782,2803,379,1.0,1.0,0.4361183310905642,0.002638522427440633,0.013192612137203167,0.026385224274406333,12.0,4.5
emblematica:E003783,2803,482,1.0,1.0,0.4117940801428461,0.002074688796680498,0.01037344398340249,0.02074688796680498,6.0,4.0
emblematica:E003784,2803,521,1.0,1.0,0.41748861129605935,0.0019193857965451055,0.009596928982725527,0.019193857965451054,13.5,4.0
emblematica:E003785,2803,463,1.0,1.0,0.40195998974997443,0.0021598272138228943,0.01079913606911447,0.02159827213822894,21.0,4.0
emblematica:E003786,2803,234,1.0,1.0,0.5082868050651854,0.004273504273504274,0.021367521367521368,0.042735042735042736,3.0,4.0
emblematica:E003787,2803,460,0.9608008655106622,1.0,0.38544708129898453,0.002173913043478261,0.010869565217391304,0.01956521739130435,11.0,5.0
emblematica:E003788,2803,214,1.0,1.0,0.5836388795879687,0.004672897196261682,0.02336448598130841,0.04672897196261682,10.0,4.0
emblematica:E003789,2803,218,1.0,1.0,0.5766367782978337,0.0045871559633027525,0.022935779816513763,0.045871559633027525,9.0,4.0
emblematica:E003790,2803,202,0.9537125187088151,1.0,0.5954676427144275,0.0049504950495049506,0.024752475247524754,0.04455445544554455,38.0,4.0
emblematica:E003791,2803,216,1.0,1.0,0.5751845079918146,0.004629629629629629,0.023148148148148147,0.046296296296296294,38.0,4.0
emblematica:E003792,2803,311,0.9526058178152246,1.0,0.42990673729849194,0.003215434083601286,0.012861736334405145,0.028938906752411574,3.0,4.0
emblematica:E003793,2803,300,1.0,1.0,0.489598331295136,0.0033333333333333335,0.016666666666666666,0.03333333333333333,30.5,4.0
emblematica:E003794,2803,233,1.0,1.0,0.552699526661192,0.004291845493562232,0.02145922746781116,0.04291845493562232,14.0,4.0
emblematica:E003795,2803,189,1.0,1.0,0.6353794356361347,0.005291005291005291,0.026455026455026454,0.05291005291005291,21.0,4.0
emblematica:E003796,2803,538,0.8938868170135427,1.0,0.37535379939972463,0.0018587360594795538,0.007434944237918215,0.01486988847583643,6.0,5.0
emblematica:E003797,2803,258,1.0,1.0,0.517731727460609,0.003875968992248062,0.01937984496124031,0.03875968992248062,16.0,4.0
emblematica:E003798,2803,189,0.8738066996354753,1.0,0.5394153836588703,0.005291005291005291,0.015873015873015872,0.042328042328042326,8.0,4.0
emblematica:E003799,2803,298,1.0,1.0,0.45939439180316033,0.003355704697986577,0.016778523489932886,0.03355704697986577,16.0,4.0
emblematica:E003800,2803,332,1.0,1.0,0.46496069746375385,0.0030120481927710845,0.015060240963855422,0.030120481927710843,7.0,4.0
emblematica:E003801,2803,227,0.8090198314208381,1.0,0.331385457041316,0.004405286343612335,0.013215859030837005,0.02643171806167401,6.0,5.0
emblematica:E003802,2803,553,1.0,1.0,0.37230916560832716,0.0018083182640144665,0.009041591320072333,0.018083182640144666,11.0,5.0
emblematica:E003803,2803,301,1.0,1.0,0.42129458511422413,0.0033222591362126247,0.016611295681063124,0.03322259136212625,3.0,4.0
emblematica:E003804,2803,302,1.0,1.0,0.39932079568338413,0.0033112582781456954,0.016556291390728478,0.033112582781456956,2.0,6.0
emblematica:E003805,2803,212,1.0,1.0,0.5754562800043987,0.0047169811320754715,0.02358490566037736,0.04716981132075472,36.0,4.0
emblematica:E003806,2803,213,0.9537125187088151,1.0,0.4980141784217563,0.004694835680751174,0.023474178403755867,0.04225352112676056,10.0,4.0
emblematica:E003807,2803,419,1.0,1.0,0.4282411998693534,0.002386634844868735,0.011933174224343675,0.02386634844868735,8.0,4.5
emblematica:E003808,2803,248,0.8340611153182702,1.0,0.2792010707591192,0.004032258064516129,0.012096774193548387,0.03225806451612903,4.0,4.0
emblematica:E003809,2803,287,0.9608008655106622,1.0,0.4323659225009,0.003484320557491289,0.017421602787456445,0.0313588850174216,19.5,5.0
emblematica:E003810,2803,141,0.9074250374176303,1.0,0.5241333106785443,0.0070921985815602835,0.028368794326241134,0.06382978723404255,5.0,5.0
emblematica:E003811,2803,370,0.9558305176970738,1.0,0.3508518673189229,0.002702702702702703,0.013513513513513514,0.024324324324324326,9.0,4.0
emblematica:E003813,2803,366,1.0,1.0,0.4454908082309381,0.00273224043715847,0.01366120218579235,0.0273224043715847,10.0,4.0
emblematica:E003814,2803,335,0.8899541168509599,0.5,0.44586529705600886,0.0,0.011940298507462687,0.026865671641791045,10.5,4.0
emblematica:E003815,2803,352,0.9432379215722525,1.0,0.3961054405098654,0.002840909090909091,0.008522727272727272,0.022727272727272728,23.0,4.0
emblematica:E003816,2803,327,1.0,1.0,0.4654797315034208,0.0030581039755351682,0.01529051987767584,0.03058103975535168,15.5,4.0
emblematica:E003817,2803,324,1.0,1.0,0.42302079025352,0.0030864197530864196,0.015432098765432098,0.030864197530864196,18.0,4.0
emblematica:E003818,2803,340,1.0,1.0,0.45137658315037754,0.0029411764705882353,0.014705882352941176,0.029411764705882353,16.0,4.0
emblematica:E003819,2803,365,1.0,1.0,0.4459251349890289,0.0027397260273972603,0.0136986301369863,0.0273972602739726,18.0,4.0
emblematica:E003820,2803,342,1.0,1.0,0.4490166624439874,0.0029239766081871343,0.014619883040935672,0.029239766081871343,28.0,4.0
emblematica:E003821,2803,343,0.9652843890316114,1.0,0.3978420195055168,0.0029154518950437317,0.014577259475218658,0.026239067055393587,14.5,4.0
emblematica:E003822,2803,334,0.9575861412006987,1.0,0.39423961364801,0.0029940119760479044,0.014970059880239521,0.02694610778443114,25.0,4.0
emblematica:E003823,2803,423,1.0,1.0,0.39546933644475674,0.002364066193853428,0.01182033096926714,0.02364066193853428,15.5,4.0
emblematica:E003824,2803,358,1.0,1.0,0.4486177999578246,0.002793296089385475,0.013966480446927373,0.027932960893854747,9.5,5.0
emblematica:E003825,2803,105,0.9118499466982855,1.0,0.6553906196947386,0.009523809523809525,0.0380952380952381,0.0761904761904762,5.5,4.0
emblematica:E003826,2803,359,1.0,1.0,0.44828515946689323,0.002785515320334262,0.013927576601671309,0.027855153203342618,15.0,4.0
emblematica:E003827,2803,234,1.0,1.0,0.5613661910850923,0.004273504273504274,0.021367521367521368,0.042735042735042736,40.0,4.0
emblematica:E003828,2803,239,1.0,1.0,0.5446784071050935,0.0041841004184100415,0.02092050209205021,0.04184100418410042,16.0,4.0
emblematica:E003829,2803,463,1.0,1.0,0.4312504454975224,0.0021598272138228943,0.01079913606911447,0.02159827213822894,8.0,5.0
emblematica:E003830,2803,155,0.44265737966962965,0.037037037037037035,0.08643025799285535,0.0,0.0,0.0,6.0,5.0
emblematica:E003831,2803,329,1.0,1.0,0.45925055943570303,0.00303951367781155,0.015197568389057751,0.030395136778115502,6.0,4.0
emblematica:E003832,2803,357,1.0,1.0,0.45158450786753807,0.0028011204481792717,0.014005602240896359,0.028011204481792718,12.0,4.0
emblematica:E003833,2803,327,1.0,1.0,0.45324261745294914,0.0030581039755351682,0.01529051987767584,0.03058103975535168,15.0,4.0
emblematica:E003834,2803,465,1.0,1.0,0.4147155489860817,0.002150537634408602,0.010752688172043012,0.021505376344086023,36.0,4.0
emblematica:E003835,2803,272,1.0,1.0,0.5070762167038232,0.003676470588235294,0.01838235294117647,0.03676470588235294,11.0,5.0
emblematica:E003836,2803,215,1.0,1.0,0.5811771214273291,0.004651162790697674,0.023255813953488372,0.046511627906976744,17.0,4.0
emblematica:E003837,2803,222,1.0,1.0,0.5203578805306861,0.0045045045045045045,0.02252252252252252,0.04504504504504504,13.5,4.0
emblematica:E003838,2803,280,1.0,1.0,0.5019364905821043,0.0035714285714285713,0.017857142857142856,0.03571428571428571,11.0,5.0
emblematica:E003839,2803,142,1.0,1.0,0.734202724886061,0.007042253521126761,0.035211267605633804,0.07042253521126761,7.0,4.0
emblematica:E003840,2803,409,0.9211149067286852,1.0,0.40861252036111834,0.0024449877750611247,0.012224938875305624,0.019559902200488997,27.0,4.0
emblematica:E003841,2803,257,1.0,1.0,0.49930703544197963,0.0038910505836575876,0.019455252918287938,0.038910505836575876,19.0,4.0
emblematica:E003843,2803,266,0.8899541168509599,0.5,0.4809187439202042,0.0,0.015037593984962405,0.03383458646616541,11.0,4.0
emblematica:E003844,2803,231,1.0,1.0,0.5214910993597713,0.004329004329004329,0.021645021645021644,0.04329004329004329,25.0,4.0
emblematica:E003846,2803,239,0.9574284411791895,1.0,0.5177083241129565,0.0041841004184100415,0.016736401673640166,0.03765690376569038,4.5,4.5
emblematica:E003847,2803,365,1.0,1.0,0.4439238107174293,0.0027397260273972603,0.0136986301369863,0.0273972602739726,37.0,4.0
emblematica:E003848,2803,476,1.0,1.0,0.40644620498272377,0.0021008403361344537,0.01050420168067227,0.02100840336134454,45.0,4.0
emblematica:E003849,2803,149,0.5783409190724998,0.5,0.27153281802252166,0.0,0.006711409395973154,0.020134228187919462,4.0,5.0
emblematica:E003850,2803,424,1.0,1.0,0.3728652588886076,0.0023584905660377358,0.009433962264150943,0.02122641509433962,7.0,5.0
emblematica:E003851,2803,444,1.0,1.0,0.40829840431388903,0.0022522522522522522,0.01126126126126126,0.02252252252252252,34.0,4.0
emblematica:E003852,2803,328,1.0,1.0,0.4524671896005018,0.003048780487804878,0.01524390243902439,0.03048780487804878,23.5,4.0
emblematica:E003853,2803,265,0.9334739949321355,1.0,0.39450526165932787,0.0037735849056603774,0.018867924528301886,0.03018867924528302,9.5,5.0
emblematica:E003854,2803,285,0.8899541168509599,0.5,0.4632415871099872,0.0,0.014035087719298246,0.031578947368421054,25.0,4.0
emblematica:E003855,2803,328,0.968189605900524,1.0,0.4175101862743824,0.003048780487804878,0.01524390243902439,0.027439024390243903,25.0,5.0
emblematica:E003856,2803,218,0.9477344873475497,1.0,0.402697582703425,0.0045871559633027525,0.022935779816513763,0.04128440366972477,13.0,4.0
emblematica:E003857,2803,652,1.0,1.0,0.45552705335903365,0.0015337423312883436,0.007668711656441718,0.015337423312883436,26.5,4.0
emblematica:E003858,2803,610,1.0,1.0,0.4245942640955441,0.001639344262295082,0.00819672131147541,0.01639344262295082,12.0,5.0
emblematica:E003859,2803,252,1.0,1.0,0.5172799608384783,0.003968253968253968,0.01984126984126984,0.03968253968253968,40.0,4.0
emblematica:E003860,2803,456,0.9574284411791895,1.0,0.4414505299362771,0.0021929824561403508,0.008771929824561403,0.019736842105263157,14.0,4.0
emblematica:E003861,2803,369,1.0,1.0,0.43967239876631664,0.0027100271002710027,0.013550135501355014,0.02710027100271003,13.0,4.0
emblematica:E003862,2803,548,0.968189605900524,1.0,0.4144719631966486,0.0018248175182481751,0.009124087591240875,0.016423357664233577,42.5,4.0
emblematica:E003863,2803,268,1.0,1.0,0.5096461518614287,0.0037313432835820895,0.018656716417910446,0.03731343283582089,12.5,4.0
emblematica:E003864,2803,302,1.0,1.0,0.4729575717429843,0.0033112582781456954,0.016556291390728478,0.033112582781456956,28.5,4.0
emblematica:E003865,2803,196,0.9633180389503199,1.0,0.5775034319625991,0.00510204081632653,0.025510204081632654,0.04591836734693878,7.0,4.0
emblematica:E003866,2803,285,1.0,1.0,0.48548164989477016,0.0035087719298245615,0.017543859649122806,0.03508771929824561,45.0,4.0
emblematica:E003867,2803,264,0.9305687780632227,1.0,0.48350529533095754,0.003787878787878788,0.015151515151515152,0.03409090909090909,10.0,4.0
emblematica:E003868,2803,264,1.0,1.0,0.49977863887554674,0.003787878787878788,0.01893939393939394,0.03787878787878788,17.0,4.0
emblematica:E003869,2803,383,0.8075508334549164,1.0,0.40036602636593105,0.0026109660574412533,0.007832898172323759,0.018276762402088774,11.0,5.0
emblematica:E003870,2803,361,0.9537125187088151,1.0,0.4487995061860286,0.002770083102493075,0.013850415512465374,0.024930747922437674,40.0,4.0
emblematica:E003871,2803,331,0.9633180389503199,1.0,0.4515980905149153,0.0030211480362537764,0.015105740181268883,0.027190332326283987,11.0,5.0
emblematica:E003872,2803,235,0.8905202757957813,1.0,0.39945227764886776,0.00425531914893617,0.01702127659574468,0.03404255319148936,11.0,4.5
emblematica:E003873,2803,205,0.8556265493118264,1.0,0.4277427195142726,0.004878048780487805,0.01951219512195122,0.03414634146341464,9.5,4.0
emblematica:E003874,2803,313,1.0,1.0,0.4771674633007346,0.003194888178913738,0.01597444089456869,0.03194888178913738,17.0,4.0
emblematica:E003875,2803,252,0.9558305176970738,1.0,0.5116266097719062,0.003968253968253968,0.01984126984126984,0.03571428571428571,40.0,4.0
emblematica:E003876,2803,231,1.0,1.0,0.5515758447688552,0.004329004329004329,0.021645021645021644,0.04329004329004329,6.5,4.0
emblematica:E003877,2803,271,0.9608008655106622,1.0,0.4979358322817933,0.0036900369003690036,0.01845018450184502,0.033210332103321034,36.0,4.0
emblematica:E003878,2803,201,0.8864189125903759,1.0,0.39770229345815167,0.004975124378109453,0.01990049751243781,0.03482587064676617,5.5,4.0
emblematica:E003879,2803,327,0.6244598296077367,0.3333333333333333,0.21701604311640477,0.0,0.0061162079510703364,0.012232415902140673,18.0,4.5
emblematica:E003880,2803,353,1.0,1.0,0.46593187381980367,0.0028328611898017,0.014164305949008499,0.028328611898016998,21.0,4.0
emblematica:E003881,2803,230,1.0,1.0,0.5313864862499209,0.004347826086956522,0.021739130434782608,0.043478260869565216,9.0,4.0
emblematica:E003882,2803,239,1.0,1.0,0.5414960456033511,0.0041841004184100415,0.02092050209205021,0.03765690376569038,40.0,4.0
emblematica:E003883,2803,219,1.0,1.0,0.5663462084932224,0.0045662100456621,0.0228310502283105,0.045662100456621,8.0,4.0
emblematica:E003884,2803,256,1.0,1.0,0.5222956662928511,0.00390625,0.01953125,0.0390625,13.0,4.0
emblematica:E003885,2803,436,1.0,1.0,0.40048107332341526,0.0022935779816513763,0.011467889908256881,0.020642201834862386,11.0,4.0
emblematica:E004091,2803,297,1.0,1.0,0.48213038006565356,0.003367003367003367,0.016835016835016835,0.03367003367003367,22.0,5.0
emblematica:E004092,2803,154,0.9510907186004266,1.0,0.764459649694648,0.006493506493506494,0.032467532467532464,0.05844155844155844,18.0,3.0
emblematica:E004093,2803,366,1.0,1.0,0.4187250710972759,0.00273224043715847,0.01366120218579235,0.0273224043715847,59.0,3.0
emblematica:E004094,2803,141,1.0,1.0,0.8368512265947115,0.0070921985815602835,0.03546099290780142,0.07092198581560284,17.5,3.5
emblematica:E004095,2803,183,1.0,1.0,0.6758761699477867,0.00546448087431694,0.0273224043715847,0.0546448087431694,10.5,6.0
emblematica:E004096,2803,246,1.0,1.0,0.515351118292575,0.0040650406504065045,0.02032520325203252,0.04065040650406504,16.0,3.0
emblematica:E004097,2803,145,1.0,1.0,0.8066623678118736,0.006896551724137931,0.034482758620689655,0.06896551724137931,10.0,3.0
emblematica:E004098,2803,145,1.0,1.0,0.8008996964840139,0.006896551724137931,0.034482758620689655,0.06896551724137931,10.0,3.0
emblematica:E004099,2803,141,0.9368077570869661,1.0,0.8045356441073515,0.0070921985815602835,0.028368794326241134,0.06382978723404255,2.0,3.0
emblematica:E004100,2803,121,0.9575861412006987,1.0,0.9204495993804617,0.008264462809917356,0.04132231404958678,0.0743801652892562,3.0,5.0
emblematica:E004101,2803,277,1.0,1.0,0.5129084257727857,0.0036101083032490976,0.018050541516245487,0.036101083032490974,2.0,5.0
emblematica:E004102,2803,142,0.9014470060563649,1.0,0.7672934604345143,0.007042253521126761,0.035211267605633804,0.056338028169014086,11.0,4.0
emblematica:E004103,2803,441,0.9558305176970738,1.0,0.3919800434776069,0.0022675736961451248,0.011337868480725623,0.02040816326530612,13.0,3.5
emblematica:E004104,2803,219,1.0,1.0,0.5950978296343464,0.0045662100456621,0.0228310502283105,0.045662100456621,12.5,4.5
emblematica:E004105,2803,118,1.0,1.0,0.9475179362489069,0.00847457627118644,0.0423728813559322,0.0847457627118644,1.0,5.0
emblematica:E004106,2803,142,1.0,1.0,0.8231940541050122,0.007042253521126761,0.035211267605633804,0.07042253521126761,4.0,4.0
emblematica:E004107,2803,268,1.0,1.0,0.4966244864965444,0.0037313432835820895,0.018656716417910446,0.03731343283582089,2.0,5.0
emblematica:E004108,2803,287,0.9575861412006987,1.0,0.4976834227108563,0.003484320557491289,0.017421602787456445,0.0313588850174216,5.0,4.0
emblematica:E004109,2803,138,1.0,1.0,0.8232564801699261,0.007246376811594203,0.036231884057971016,0.07246376811594203,1.0,5.0
emblematica:E004110,2803,153,1.0,1.0,0.7606390435928457,0.006535947712418301,0.032679738562091505,0.06535947712418301,3.0,5.0
emblematica:E004111,2803,43,0.38559884598578353,0.16666666666666666,0.02314335798067598,0.0,0.0,0.023255813953488372,2.0,3.5
emblematica:E004112,2803,353,1.0,1.0,0.4573328442748719,0.0028328611898017,0.014164305949008499,0.028328611898016998,44.5,5.0
emblematica:E004113,2803,23,0.3333333333333333,0.022727272727272728,0.007875764316811544,0.0,0.0,0.0,5.0,3.0
emblematica:E004114,2803,66,0.3333333333333333,0.014925373134328358,0.023117666717564822,0.0,0.0,0.0,2.0,4.0
emblematica:E004115,2803,42,0.38559884598578353,0.16666666666666666,0.027861723709037337,0.0,0.0,0.023809523809523808,3.0,3.0
emblematica:E004116,2803,136,1.0,1.0,0.8454340161481179,0.007352941176470588,0.03676470588235294,0.07352941176470588,3.5,4.5
emblematica:E004117,2803,376,1.0,1.0,0.4282284956910196,0.0026595744680851063,0.013297872340425532,0.026595744680851064,17.0,2.0
emblematica:E004118,2803,181,1.0,1.0,0.6597718671753752,0.0055248618784530384,0.027624309392265192,0.055248618784530384,3.0,5.0
emblematica:E004119,2803,129,0.9537125187088151,1.0,0.8730488442721219,0.007751937984496124,0.03875968992248062,0.06976744186046512,8.0,5.0
emblematica:E004120,2803,377,0.9266360779006398,1.0,0.40965193786847814,0.002652519893899204,0.010610079575596816,0.023872679045092837,23.0,4.0
emblematica:E004121,2803,126,1.0,1.0,0.893388260858343,0.007936507936507936,0.03968253968253968,0.07936507936507936,6.0,5.0
emblematica:E004122,2803,169,1.0,1.0,0.7309237606048804,0.005917159763313609,0.029585798816568046,0.05917159763313609,15.5,3.5
emblematica:E004123,2803,118,0.9368077570869661,1.0,0.9260200756003845,0.00847457627118644,0.03389830508474576,0.07627118644067797,2.0,6.0
emblematica:E004124,2803,76,0.3333333333333333,0.07142857142857142,0.030526896564669413,0.0,0.0,0.0,22.5,3.0
emblematica:E004125,2803,179,0.3900954117610806,0.2,0.052999380568140096,0.0,0.00558659217877095,0.00558659217877095,6.0,4.0
emblematica:E004126,2803,290,0.9266360779006398,1.0,0.45777494007255937,0.0034482758620689655,0.013793103448275862,0.03103448275862069,14.0,4.5
emblematica:E004127,2803,182,0.3775028156362593,0.1111111111111111,0.06792162154827829,0.0,0.0,0.005494505494505495,4.0,4.5
emblematica:E004128,2803,283,0.9575861412006987,1.0,0.48004687085333486,0.0035335689045936395,0.0176678445229682,0.03180212014134275,23.0,4.0
emblematica:E004129,2803,137,0.9432379215722525,1.0,0.8247460499490482,0.0072992700729927005,0.029197080291970802,0.06569343065693431,3.0,4.0
emblematica:E004130,2803,116,1.0,1.0,0.9689624863435021,0.008620689655172414,0.04310344827586207,0.08620689655172414,59.0,4.5
emblematica:E004131,2803,116,0.9477344873475497,1.0,0.9528855873197293,0.008620689655172414,0.04310344827586207,0.07758620689655173,100.5,4.5
emblematica:E004132,2803,116,1.0,1.0,0.9618637627133593,0.008620689655172414,0.04310344827586207,0.08620689655172414,100.5,4.5
emblematica:E004133,2803,116,1.0,1.0,0.9535323290626337,0.008620689655172414,0.04310344827586207,0.08620689655172414,100.5,4.5
emblematica:E004134,2803,116,1.0,1.0,0.9798166955051282,0.008620689655172414,0.04310344827586207,0.08620689655172414,100.5,4.5
emblematica:E004135,2803,116,0.9432379215722525,1.0,0.9565540437561945,0.008620689655172414,0.034482758620689655,0.07758620689655173,100.5,4.5
emblematica:E004136,2803,116,1.0,1.0,0.9557303062726166,0.008620689655172414,0.04310344827586207,0.08620689655172414,100.5,4.5
emblematica:E004137,2803,116,1.0,1.0,0.9539114589705605,0.008620689655172414,0.04310344827586207,0.08620689655172414,100.5,4.5
emblematica:E004138,2803,116,1.0,1.0,0.9826690703416664,0.008620689655172414,0.04310344827586207,0.08620689655172414,100.5,4.5
emblematica:E004139,2803,116,1.0,1.0,0.9696263496219637,0.008620689655172414,0.04310344827586207,0.08620689655172414,100.5,4.5
emblematica:E004140,2803,116,1.0,1.0,0.9746616637119637,0.008620689655172414,0.04310344827586207,0.08620689655172414,100.5,4.5
emblematica:E004141,2803,116,1.0,1.0,0.9606030369928201,0.008620689655172414,0.04310344827586207,0.08620689655172414,100.5,4.5
emblematica:E004142,2803,116,1.0,1.0,0.9773430361503868,0.008620689655172414,0.04310344827586207,0.08620689655172414,100.5,4.5
emblematica:E004143,2803,116,1.0,1.0,0.9676545096215511,0.008620689655172414,0.04310344827586207,0.08620689655172414,100.5,4.5
emblematica:E004144,2803,116,1.0,1.0,0.9691800837954605,0.008620689655172414,0.04310344827586207,0.08620689655172414,100.5,4.5
emblematica:E004145,2803,116,1.0,1.0,0.9664815115644989,0.008620689655172414,0.04310344827586207,0.08620689655172414,100.5,4.5
emblematica:E004146,2803,116,0.8532721558012798,0.5,0.9414010501418465,0.0,0.034482758620689655,0.07758620689655173,100.5,4.5
emblematica:E004147,2803,116,0.9510907186004266,1.0,0.9488673028406741,0.008620689655172414,0.04310344827586207,0.07758620689655173,100.5,4.5
emblematica:E004148,2803,116,1.0,1.0,0.9585142650336649,0.008620689655172414,0.04310344827586207,0.08620689655172414,100.5,4.5
emblematica:E004149,2803,116,1.0,1.0,0.9700643846706679,0.008620689655172414,0.04310344827586207,0.08620689655172414,100.5,4.5
emblematica:E004150,2803,116,0.9368077570869661,1.0,0.9359703036877915,0.008620689655172414,0.034482758620689655,0.07758620689655173,100.5,4.5
emblematica:E004151,2803,116,0.9537125187088151,1.0,0.963094891933485,0.008620689655172414,0.04310344827586207,0.07758620689655173,100.5,4.5
emblematica:E004152,2803,116,1.0,1.0,0.980999817247551,0.008620689655172414,0.04310344827586207,0.08620689655172414,100.5,4.5
emblematica:E004153,2803,116,0.9074250374176303,1.0,0.9401181138229752,0.008620689655172414,0.034482758620689655,0.07758620689655173,100.5,4.5
emblematica:E004154,2803,116,1.0,1.0,0.9703671889908347,0.008620689655172414,0.04310344827586207,0.08620689655172414,100.5,4.5
emblematica:E004155,2803,116,1.0,1.0,0.9689306006052627,0.008620689655172414,0.04310344827586207,0.08620689655172414,100.5,4.5
emblematica:E004156,2803,116,1.0,1.0,0.9604357174871782,0.008620689655172414,0.04310344827586207,0.08620689655172414,100.5,4.5
emblematica:E004157,2803,116,0.8943938982876649,1.0,0.9069176979526447,0.008620689655172414,0.034482758620689655,0.06896551724137931,100.5,4.5
emblematica:E004158,2803,116,1.0,1.0,0.9599041390315151,0.008620689655172414,0.04310344827586207,0.08620689655172414,100.5,4.5
emblematica:E004159,2803,116,1.0,1.0,0.9457176422498063,0.008620689655172414,0.04310344827586207,0.08620689655172414,100.5,4.5
emblematica:E004160,2803,116,0.9558305176970738,1.0,0.9366419289663025,0.008620689655172414,0.04310344827586207,0.07758620689655173,100.5,4.5
emblematica:E004161,2803,116,1.0,1.0,0.9662827027996879,0.008620689655172414,0.04310344827586207,0.08620689655172414,100.5,4.5
emblematica:E004162,2803,116,1.0,1.0,0.9625722336930487,0.008620689655172414,0.04310344827586207,0.08620689655172414,100.5,4.5
emblematica:E004163,2803,116,1.0,1.0,0.9731864660621026,0.008620689655172414,0.04310344827586207,0.08620689655172414,100.5,4.5
emblematica:E004164,2803,116,1.0,1.0,0.9459035084806381,0.008620689655172414,0.04310344827586207,0.08620689655172414,100.5,4.5
emblematica:E004165,2803,116,0.8532721558012798,0.5,0.9281613987942983,0.0,0.034482758620689655,0.07758620689655173,100.5,4.5
emblematica:E004166,2803,116,1.0,1.0,0.9592423948876786,0.008620689655172414,0.04310344827586207,0.08620689655172414,100.5,4.5
emblematica:E004167,2803,116,1.0,1.0,0.9599194979067899,0.008620689655172414,0.04310344827586207,0.08620689655172414,100.5,4.5
emblematica:E004168,2803,116,0.9537125187088151,1.0,0.9415816648390771,0.008620689655172414,0.04310344827586207,0.07758620689655173,100.5,4.5
emblematica:E004169,2803,116,0.9069212362975004,1.0,0.9265323410590215,0.008620689655172414,0.04310344827586207,0.06896551724137931,100.5,4.5
emblematica:E004170,2803,116,1.0,1.0,0.9743982583471638,0.008620689655172414,0.04310344827586207,0.08620689655172414,100.5,4.5
emblematica:E004171,2803,116,1.0,1.0,0.9726501015322591,0.008620689655172414,0.04310344827586207,0.08620689655172414,100.5,4.5
emblematica:E004172,2803,116,0.9510907186004266,1.0,0.9518942853323712,0.008620689655172414,0.04310344827586207,0.07758620689655173,100.5,4.5
emblematica:E004173,2803,116,1.0,1.0,0.9691229754303406,0.008620689655172414,0.04310344827586207,0.08620689655172414,100.5,4.5
emblematica:E004174,2803,116,1.0,1.0,0.981249397493168,0.008620689655172414,0.04310344827586207,0.08620689655172414,100.5,4.5
emblematica:E004175,2803,116,0.8743705652481896,1.0,0.9373699994041197,0.008620689655172414,0.034482758620689655,0.06896551724137931,100.5,4.5
emblematica:E004176,2803,116,1.0,1.0,0.9396976471059193,0.008620689655172414,0.04310344827586207,0.08620689655172414,100.5,4.5
emblematica:E004177,2803,116,1.0,1.0,0.9444126077392604,0.008620689655172414,0.04310344827586207,0.08620689655172414,100.5,4.5
emblematica:E004178,2803,116,1.0,1.0,0.9806419266866461,0.008620689655172414,0.04310344827586207,0.08620689655172414,100.5,4.5
emblematica:E004179,2803,116,0.8532721558012798,0.5,0.9275174220936617,0.0,0.034482758620689655,0.07758620689655173,100.5,4.5
emblematica:E004180,2803,116,1.0,1.0,0.9778731098763849,0.008620689655172414,0.04310344827586207,0.08620689655172414,100.5,4.5
emblematica:E004181,2803,116,1.0,1.0,0.9805060234068805,0.008620689655172414,0.04310344827586207,0.08620689655172414,100.5,4.5
emblematica:E004182,2803,116,1.0,1.0,0.9684823633077805,0.008620689655172414,0.04310344827586207,0.08620689655172414,100.5,4.5
emblematica:E004183,2803,116,1.0,1.0,0.9551960551804948,0.008620689655172414,0.04310344827586207,0.08620689655172414,100.5,4.5
emblematica:E004184,2803,116,0.8532721558012798,0.5,0.9334023691954026,0.0,0.034482758620689655,0.07758620689655173,100.5,4.5
emblematica:E004185,2803,116,1.0,1.0,0.9570422216621443,0.008620689655172414,0.04310344827586207,0.08620689655172414,100.5,4.5
emblematica:E004186,2803,116,0.9432379215722525,1.0,0.9422048917166583,0.008620689655172414,0.034482758620689655,0.07758620689655173,100.5,4.5
emblematica:E004187,2803,116,0.9510907186004266,1.0,0.9496613568938626,0.008620689655172414,0.04310344827586207,0.07758620689655173,100.5,4.5
emblematica:E004188,2803,116,0.8532721558012798,0.5,0.9477512471908229,0.0,0.034482758620689655,0.07758620689655173,100.5,4.5
emblematica:E004189,2803,116,1.0,1.0,0.9675829422760586,0.008620689655172414,0.04310344827586207,0.08620689655172414,100.5,4.5
emblematica:E004190,2803,116,1.0,1.0,0.9532793551611433,0.008620689655172414,0.04310344827586207,0.08620689655172414,100.5,4.5
emblematica:E004191,2803,116,1.0,1.0,0.954070936444361,0.008620689655172414,0.04310344827586207,0.08620689655172414,100.5,4.5
emblematica:E004192,2803,116,0.9575861412006987,1.0,0.9355818198885674,0.008620689655172414,0.04310344827586207,0.07758620689655173,100.5,4.5
emblematica:E004193,2803,116,1.0,1.0,0.9673544041457042,0.008620689655172414,0.04310344827586207,0.08620689655172414,100.5,4.5
emblematica:E004194,2803,116,1.0,1.0,0.9670167905946294,0.008620689655172414,0.04310344827586207,0.08620689655172414,100.5,4.5
emblematica:E004195,2803,116,1.0,1.0,0.9707141440741478,0.008620689655172414,0.04310344827586207,0.08620689655172414,100.5,4.5
emblematica:E004196,2803,116,0.9266360779006398,1.0,0.945192740115239,0.008620689655172414,0.034482758620689655,0.07758620689655173,100.5,4.5
emblematica:E004197,2803,116,0.8091026734983537,0.5,0.9242665718180458,0.0,0.034482758620689655,0.06896551724137931,100.5,4.5
emblematica:E004198,2803,116,0.9510907186004266,1.0,0.9528583816398402,0.008620689655172414,0.04310344827586207,0.07758620689655173,100.5,4.5
emblematica:E004199,2803,116,1.0,1.0,0.9469965338024481,0.008620689655172414,0.04310344827586207,0.08620689655172414,100.5,4.5
emblematica:E004200,2803,116,1.0,1.0,0.9571014556698885,0.008620689655172414,0.04310344827586207,0.08620689655172414,100.5,4.5
emblematica:E004201,2803,116,0.9432379215722525,1.0,0.9564678158216313,0.008620689655172414,0.034482758620689655,0.07758620689655173,100.5,4.5
emblematica:E004202,2803,116,0.9558305176970738,1.0,0.9490367783566142,0.008620689655172414,0.04310344827586207,0.07758620689655173,100.5,4.5
emblematica:E004203,2803,116,1.0,1.0,0.9558427667439585,0.008620689655172414,0.04310344827586207,0.08620689655172414,100.5,4.5
emblematica:E004204,2803,116,1.0,1.0,0.9512285002612609,0.008620689655172414,0.04310344827586207,0.08620689655172414,100.5,4.5
emblematica:E004205,2803,116,1.0,1.0,0.974811010234633,0.008620689655172414,0.04310344827586207,0.08620689655172414,100.5,4.5
emblematica:E004206,2803,116,0.9558305176970738,1.0,0.9400378680699963,0.008620689655172414,0.04310344827586207,0.07758620689655173,100.5,4.5
emblematica:E004207,2803,116,1.0,1.0,0.9809249891411609,0.008620689655172414,0.04310344827586207,0.08620689655172414,100.5,4.5
emblematica:E004208,2803,116,0.9074250374176303,1.0,0.9389448176194708,0.008620689655172414,0.034482758620689655,0.07758620689655173,100.5,4.5
emblematica:E004209,2803,116,1.0,1.0,0.9602025672888538,0.008620689655172414,0.04310344827586207,0.08620689655172414,100.5,4.5
emblematica:E004210,2803,116,1.0,1.0,0.9696915323791747,0.008620689655172414,0.04310344827586207,0.08620689655172414,100.5,4.5
emblematica:E004211,2803,116,1.0,1.0,0.960806973214033,0.008620689655172414,0.04310344827586207,0.08620689655172414,100.5,4.5
emblematica:E004212,2803,116,1.0,1.0,0.9810698802244889,0.008620689655172414,0.04310344827586207,0.08620689655172414,100.5,4.5
emblematica:E004213,2803,116,0.8824665955977139,1.0,0.9285439591472489,0.008620689655172414,0.034482758620689655,0.06896551724137931,100.5,4.5
emblematica:E004214,2803,116,0.9537125187088151,1.0,0.9641396417781989,0.008620689655172414,0.04310344827586207,0.07758620689655173,100.5,4.5
emblematica:E005119,2803,22,0.3333333333333333,0.02702702702702703,0.011176754901749606,0.0,0.0,0.0,1.0,6.0
emblematica:E005120,2803,188,0.44780021417780025,0.14285714285714285,0.09855988056472739,0.0,0.0,0.010638297872340425,2.0,4.0
emblematica:E005121,2803,18,0.3333333333333333,0.08333333333333333,0.14829962667136287,0.0,0.0,0.0,1.5,3.0
emblematica:E005122,2803,47,0.4491111142319945,0.1,0.06311183922550109,0.0,0.0,0.02127659574468085,6.5,4.0
emblematica:E005123,2803,57,0.3333333333333333,0.027777777777777776,0.024002547075714968,0.0,0.0,0.0,4.5,4.0
emblematica:E005124,2803,59,0.6786766553113042,0.5,0.13206530681664205,0.0,0.03389830508474576,0.0847457627118644,7.5,4.0
emblematica:E005125,2803,48,0.38224261473290666,0.14285714285714285,0.024102636381885617,0.0,0.0,0.020833333333333332,6.5,5.0
emblematica:E005126,2803,81,0.3860769692306881,0.08333333333333333,0.06012934999476553,0.0,0.0,0.0,8.0,4.0
emblematica:E005127,2803,58,0.37962081462451813,0.125,0.06994058606421373,0.0,0.0,0.017241379310344827,9.0,5.0
emblematica:E005128,2803,79,0.3881062803360846,0.1111111111111111,0.041577632115598305,0.0,0.0,0.012658227848101266,5.0,3.0
emblematica:E005129,2803,186,0.6476429388070742,1.0,0.14769487581429636,0.005376344086021506,0.010752688172043012,0.021505376344086023,18.0,4.0
emblematica:E005130,2803,279,0.5055531673265646,0.25,0.13713469262496608,0.0,0.007168458781362007,0.010752688172043012,25.0,3.0
emblematica:E005131,2803,67,0.37574719213263447,0.1,0.024341220548160174,0.0,0.0,0.014925373134328358,8.0,4.0
emblematica:E005132,2803,87,0.47218218708801074,0.16666666666666666,0.10046171239787323,0.0,0.0,0.034482758620689655,11.0,3.5
emblematica:E005133,2803,235,0.5018940181234516,0.3333333333333333,0.11006806275258348,0.0,0.00425531914893617,0.01276595744680851,1.0,5.0
emblematica:E005134,2803,62,0.6088110198899809,1.0,0.16881684385370554,0.016129032258064516,0.03225806451612903,0.04838709677419355,4.0,3.0
emblematica:E005135,2803,33,0.37962081462451813,0.125,0.013575630777163769,0.0,0.0,0.030303030303030304,2.0,5.0
emblematica:E005136,2803,90,0.5420242337977478,0.5,0.07830255158793194,0.0,0.022222222222222223,0.03333333333333333,10.0,3.5
emblematica:E005137,2803,708,0.3333333333333333,0.007462686567164179,0.2145404345297592,0.0,0.0,0.0,1.0,3.0
emblematica:E005138,2803,69,0.5809927382627267,1.0,0.11436284068478121,0.014492753623188406,0.028985507246376812,0.043478260869565216,1.5,5.0
emblematica:E005139,2803,182,0.5483951262825969,1.0,0.09398080507740052,0.005494505494505495,0.01098901098901099,0.01098901098901099,2.0,3.0
emblematica:E005140,2803,105,0.39652557624636714,0.25,0.051077495298505776,0.0,0.009523809523809525,0.009523809523809525,1.0,5.0
emblematica:E005141,2803,23,0.3333333333333333,0.00625,0.006808544661432094,0.0,0.0,0.0,1.0,3.0
emblematica:E005142,2803,60,0.5585908384362132,0.3333333333333333,0.10863118613777852,0.0,0.03333333333333333,0.06666666666666667,3.0,5.0
emblematica:E005143,2803,181,0.45504037788744534,0.25,0.09898343656590393,0.0,0.0055248618784530384,0.011049723756906077,5.5,4.0
emblematica:E005144,2803,85,0.47219577720688777,0.5,0.05813861903923097,0.0,0.011764705882352941,0.023529411764705882,6.0,4.0
emblematica:E005145,2803,245,0.7074136497455336,1.0,0.17160509485584818,0.004081632653061225,0.00816326530612245,0.02040816326530612,12.0,3.0
emblematica:E005146,2803,109,0.3333333333333333,0.07692307692307693,0.0413199613456393,0.0,0.0,0.0,6.0,4.0
emblematica:E005147,2803,114,0.657647633499978,0.3333333333333333,0.1531083634464643,0.0,0.017543859649122806,0.05263157894736842,10.5,3.0
emblematica:E005148,2803,21,0.3491313940615917,0.01694915254237288,0.007362442229677892,0.0,0.0,0.0,1.0,4.5
emblematica:E005149,2803,9,0.3333333333333333,0.022222222222222223,0.0067889487361885645,0.0,0.0,0.0,1.5,3.0
emblematica:E005150,2803,46,0.40669725543269336,0.0625,0.03077851980301618,0.0,0.0,0.0,1.0,4.0
emblematica:E005151,2803,82,0.41200037141386725,0.16666666666666666,0.044884129692362176,0.0,0.0,0.012195121951219513,6.0,3.0
emblematica:E005152,2803,47,0.35167431385817327,0.03571428571428571,0.029209904313902392,0.0,0.0,0.0,3.0,3.5
emblematica:E005153,2803,34,0.3333333333333333,0.007407407407407408,0.011787401255130869,0.0,0.0,0.0,1.0,4.0
emblematica:E005154,2803,18,0.3333333333333333,0.0033222591362126247,0.007438809838140389,0.0,0.0,0.0,1.0,5.0
emblematica:E005155,2803,205,0.4698894983457272,0.3333333333333333,0.12067314578384407,0.0,0.00975609756097561,0.00975609756097561,3.0,4.0
emblematica:E005156,2803,37,0.3443757039090648,0.045454545454545456,0.016994483514820264,0.0,0.0,0.0,1.0,4.0
emblematica:E005157,2803,249,0.683604770117571,0.5,0.17601750565820526,0.0,0.008032128514056224,0.024096385542168676,6.0,5.0
emblematica:E005158,2803,187,0.5023284674447154,0.2,0.10743167400784161,0.0,0.0053475935828877,0.016042780748663103,1.0,5.0
emblematica:E005159,2803,11,0.3333333333333333,0.02127659574468085,0.013364834177015684,0.0,0.0,0.0,3.0,2.0
emblematica:E005160,2803,110,0.5500426749626679,0.3333333333333333,0.08474933357217203,0.0,0.01818181818181818,0.03636363636363636,11.0,4.0
emblematica:E005161,2803,37,0.3333333333333333,0.023255813953488372,0.019976870405668107,0.0,0.0,0.0,2.0,5.0
emblematica:E005162,2803,8,0.3333333333333333,0.0012285012285012285,0.002146814320903841,0.0,0.0,0.0,2.0,4.5
emblematica:E005163,2803,231,0.5221550109981774,0.3333333333333333,0.1566160675077161,0.0,0.008658008658008658,0.012987012987012988,18.0,4.0
emblematica:E005164,2803,46,0.3333333333333333,0.06666666666666667,0.031684317677689526,0.0,0.0,0.0,2.5,3.0
emblematica:E005165,2803,156,0.5932200586126201,0.3333333333333333,0.12837086134215178,0.0,0.00641025641025641,0.019230769230769232,5.0,4.0
emblematica:E005166,2803,56,0.5242306598349794,1.0,0.10321627025071413,0.017857142857142856,0.017857142857142856,0.03571428571428571,3.0,5.0
emblematica:E005167,2803,81,0.4995751359652993,0.25,0.06146512527320382,0.0,0.024691358024691357,0.037037037037037035,6.0,3.0
emblematica:E005168,2803,26,0.3900954117610806,0.2,0.09322054547952087,0.0,0.038461538461538464,0.038461538461538464,1.0,4.0
emblematica:E005169,2803,18,0.3700152943830133,0.05555555555555555,0.014640043377059014,0.0,0.0,0.0,1.0,4.0
emblematica:E005170,2803,202,0.4709468551136866,0.2,0.12337759159679983,0.0,0.0049504950495049506,0.009900990099009901,6.0,3.0
emblematica:E005171,2803,230,0.5652745409093872,0.5,0.12160962708097196,0.0,0.004347826086956522,0.017391304347826087,5.0,4.0
emblematica:E005172,2803,63,0.37962081462451813,0.125,0.03931586780307302,0.0,0.0,0.015873015873015872,2.0,5.0
emblematica:E005173,2803,50,0.37962081462451813,0.125,0.06648206574782745,0.0,0.0,0.02,1.0,6.0
emblematica:E005174,2803,175,0.5447685196598852,1.0,0.11197905224511008,0.005714285714285714,0.005714285714285714,0.011428571428571429,1.5,4.5
emblematica:E005175,2803,21,0.42041593279865513,0.03125,0.01677712462793892,0.0,0.0,0.0,1.0,2.5
emblematica:E005176,2803,227,0.5507339477241591,0.5,0.12161429810899917,0.0,0.004405286343612335,0.00881057268722467,5.0,3.0
emblematica:E005177,2803,90,0.3333333333333333,0.05263157894736842,0.0453661992415136,0.0,0.0,0.0,6.5,4.5
emblematica:E005178,2803,175,0.5138083828774711,1.0,0.09268538339146946,0.005714285714285714,0.005714285714285714,0.005714285714285714,11.0,3.0
emblematica:E005179,2803,26,0.499272218015063,0.02040816326530612,0.012509062050875375,0.0,0.0,0.0,3.0,4.5
emblematica:E005180,2803,25,0.5921500985476691,0.02040816326530612,0.014782127370554772,0.0,0.0,0.0,1.0,3.0
emblematica:E005181,2803,22,0.37574719213263447,0.0051813471502590676,0.008275402163505379,0.0,0.0,0.0,2.0,4.0
emblematica:E005182,2803,71,0.42976832828870953,0.16666666666666666,0.08892013147202799,0.0,0.0,0.014084507042253521,1.0,7.0
emblematica:E005183,2803,50,0.35647707397892575,0.02631578947368421,0.021809359934616728,0.0,0.0,0.0,3.0,4.0
emblematica:E005184,2803,11,0.45086673773561936,0.3333333333333333,0.0831855248276539,0.0,0.09090909090909091,0.18181818181818182,2.0,5.0
emblematica:E005185,2803,36,0.3333333333333333,0.07692307692307693,0.021336229002285552,0.0,0.0,0.0,4.0,3.5
emblematica:E005186,2803,3,0.40669725543269336,0.0015625,0.0013877384873770715,0.0,0.0,0.0,1.0,4.0
emblematica:E005187,2803,101,0.5882764760557854,0.5,0.12704713749393912,0.0,0.0297029702970297,0.039603960396039604,2.0,4.0
emblematica:E005188,2803,10,0.3333333333333333,0.005780346820809248,0.0036874432463855403,0.0,0.0,0.0,1.0,6.0
emblematica:E005189,2803,95,0.4335376867366833,0.3333333333333333,0.05597781534257236,0.0,0.010526315789473684,0.010526315789473684,1.0,3.0
emblematica:E005190,2803,11,0.3333333333333333,0.04,0.011778718546067275,0.0,0.0,0.0,2.0,4.0
emblematica:E005191,2803,50,0.3455606536832266,0.08333333333333333,0.028612460745622,0.0,0.0,0.0,7.5,4.5
emblematica:E005192,2803,25,0.430493295281135,0.045454545454545456,0.029334388951711334,0.0,0.0,0.0,1.5,5.5
emblematica:E005193,2803,29,0.38559884598578353,0.017543859649122806,0.015503170383122055,0.0,0.0,0.0,1.0,5.0
emblematica:E005194,2803,49,0.6023343810309868,1.0,0.07680837330166258,0.02040816326530612,0.02040816326530612,0.04081632653061224,10.0,4.0
emblematica:E005195,2803,51,0.6155411967368624,0.2,0.12696156815629314,0.0,0.0196078431372549,0.058823529411764705,9.0,5.0
emblematica:E005196,2803,34,0.5070682665413627,0.08333333333333333,0.027798775251115265,0.0,0.0,0.0,1.0,6.0
emblematica:E005197,2803,26,0.3333333333333333,0.008403361344537815,0.013936915200977333,0.0,0.0,0.0,2.5,4.0
emblematica:E005198,2803,81,0.5434417003179891,0.5,0.11744096603358982,0.0,0.024691358024691357,0.037037037037037035,4.0,4.0
emblematica:E005199,2803,19,0.38559884598578353,0.16666666666666666,0.04978385080165335,0.0,0.0,0.05263157894736842,4.0,4.0
emblematica:E005200,2803,67,0.4237902969274442,0.125,0.10204452093413421,0.0,0.0,0.029850746268656716,3.0,5.0
emblematica:E005201,2803,10,0.3333333333333333,0.0033112582781456954,0.004944046257675821,0.0,0.0,0.0,2.0,4.0
emblematica:E005202,2803,101,0.40669725543269336,0.3333333333333333,0.09320376366577737,0.0,0.009900990099009901,0.009900990099009901,3.0,5.0
emblematica:E005203,2803,61,0.3333333333333333,0.034482758620689655,0.024502726016424694,0.0,0.0,0.0,3.0,4.0
emblematica:E005204,2803,74,0.34490520365612953,0.07692307692307693,0.11884155835086792,0.0,0.0,0.0,22.0,4.0
emblematica:E005205,2803,36,0.42641209703583266,0.008771929824561403,0.01613843954812841,0.0,0.0,0.0,2.0,4.0
emblematica:E005206,2803,215,0.7904594064545132,0.5,0.19099392391683484,0.0,0.004651162790697674,0.013953488372093023,12.0,4.0
emblematica:E005207,2803,51,0.44159647418720405,0.14285714285714285,0.14169335223912918,0.0,0.0,0.0392156862745098,11.5,4.5
emblematica:E005208,2803,69,0.5646341279124643,0.3333333333333333,0.17936961796997458,0.0,0.028985507246376812,0.043478260869565216,12.0,4.5
emblematica:E005209,2803,31,0.45565301120597423,0.2,0.0526425151501644,0.0,0.03225806451612903,0.06451612903225806,4.0,4.0
emblematica:E005210,2803,114,0.4487910888988174,0.25,0.08886039775906367,0.0,0.008771929824561403,0.017543859649122806,6.0,4.0
emblematica:E005211,2803,116,0.45388141823416694,0.2,0.07463720491666528,0.0,0.008620689655172414,0.008620689655172414,10.0,3.0
emblematica:E005212,2803,43,0.5221550109981774,0.3333333333333333,0.1471221822783265,0.0,0.046511627906976744,0.06976744186046512,4.5,3.5
emblematica:E005213,2803,83,0.3333333333333333,0.07142857142857142,0.10208376071899454,0.0,0.0,0.0,7.0,4.0
emblematica:E005214,2803,58,0.42214942420000917,0.14285714285714285,0.03638835346054598,0.0,0.0,0.017241379310344827,8.5,4.0
emblematica:E005215,2803,75,0.4389394350456683,0.25,0.10510580324215435,0.0,0.013333333333333334,0.02666666666666667,5.0,3.5
emblematica:E005216,2803,46,0.616294076983689,1.0,0.16712596595083729,0.021739130434782608,0.043478260869565216,0.06521739130434782,3.0,5.0
emblematica:E005217,2803,58,0.44024002513497795,0.16666666666666666,0.14696311139724844,0.0,0.0,0.034482758620689655,4.0,4.5
emblematica:E005218,2803,317,0.6037345721674569,1.0,0.15904669120593037,0.0031545741324921135,0.006309148264984227,0.00946372239747634,11.5,4.5
emblematica:E005219,2803,22,0.3333333333333333,0.04,0.018210081167214634,0.0,0.0,0.0,2.0,4.5
emblematica:E005220,2803,142,0.5657282502744501,0.3333333333333333,0.1018595730292413,0.0,0.007042253521126761,0.007042253521126761,11.5,3.5
emblematica:E005221,2803,51,0.5682616167927037,0.5,0.17520348956473106,0.0,0.058823529411764705,0.058823529411764705,11.5,4.5
emblematica:E005222,2803,13,0.3333333333333333,0.037037037037037035,0.03640655905214951,0.0,0.0,0.0,2.0,4.0
emblematica:E005223,2803,88,0.40276455527011057,0.125,0.10298401459894703,0.0,0.0,0.011363636363636364,4.0,4.0
emblematica:E005224,2803,383,0.5408160168561945,1.0,0.19631580710732138,0.0026109660574412533,0.0026109660574412533,0.005221932114882507,39.5,4.5
emblematica:E005225,2803,37,0.3333333333333333,0.07142857142857142,0.033425875046627564,0.0,0.0,0.0,6.0,3.0
emblematica:E005226,2803,56,0.355947574231861,0.02127659574468085,0.03932171389769678,0.0,0.0,0.0,8.0,4.0
emblematica:E005227,2803,16,0.5172314361145774,0.14285714285714285,0.056306945160871195,0.0,0.0,0.0625,4.0,3.5
emblematica:E005228,2803,33,0.3954188753527766,0.125,0.0604625764924049,0.0,0.0,0.030303030303030304,2.0,4.0
emblematica:E005229,2803,53,0.5539133971642576,0.5,0.1181942399738654,0.0,0.018867924528301886,0.05660377358490566,6.5,5.0
emblematica:E005230,2803,26,0.48006117753205335,1.0,0.07003326208016779,0.038461538461538464,0.038461538461538464,0.038461538461538464,5.5,5.0
emblematica:E005231,2803,110,0.5786141714756885,1.0,0.16622222655305513,0.00909090909090909,0.00909090909090909,0.01818181818181818,3.0,6.0
emblematica:E005232,2803,90,0.4890080969222132,0.5,0.11228778483943952,0.0,0.011111111111111112,0.022222222222222223,1.0,3.0
emblematica:E005233,2803,115,0.8351583885045039,1.0,0.17703629429191958,0.008695652173913044,0.02608695652173913,0.06086956521739131,11.0,3.0
emblematica:E005234,2803,70,0.3863899248265619,0.045454545454545456,0.048435834615081906,0.0,0.0,0.0,15.0,4.0
emblematica:E005235,2803,45,0.5348341245348047,1.0,0.07398825474006145,0.022222222222222223,0.022222222222222223,0.044444444444444446,4.5,4.0
emblematica:E005236,2803,61,0.44069505854929314,0.013513513513513514,0.037825877615359466,0.0,0.0,0.0,4.5,6.0
emblematica:E005237,2803,11,0.40669725543269336,0.07142857142857142,0.015906554819796075,0.0,0.0,0.0,2.0,6.0
emblematica:E005238,2803,46,0.44555049796108837,0.16666666666666666,0.14510389163573623,0.0,0.0,0.043478260869565216,1.0,3.0
emblematica:E005239,2803,342,0.47218218708801074,0.16666666666666666,0.18428145095821818,0.0,0.0,0.005847953216374269,3.0,4.0
emblematica:E005240,2803,98,0.45328765467411447,0.25,0.16895517928072776,0.0,0.01020408163265306,0.01020408163265306,17.0,4.0
emblematica:E005241,2803,85,0.42641209703583266,0.14285714285714285,0.1151060073707238,0.0,0.0,0.023529411764705882,3.0,3.0
emblematica:E005242,2803,34,0.48006117753205335,0.025,0.02535137867544805,0.0,0.0,0.0,4.5,4.0
emblematica:E005243,2803,16,0.3333333333333333,0.03225806451612903,0.019666457001038064,0.0,0.0,0.0,2.0,4.0
emblematica:E005244,2803,63,0.4852269163368531,0.25,0.13658173277597863,0.0,0.015873015873015872,0.047619047619047616,7.0,4.5
emblematica:E005245,2803,59,0.5812233682870853,0.5,0.1754434909141817,0.0,0.03389830508474576,0.06779661016949153,15.0,4.0
emblematica:E005246,2803,45,0.4781738085681532,0.5,0.044949916594788794,0.0,0.022222222222222223,0.044444444444444446,8.0,5.0
emblematica:E005247,2803,112,0.3700152943830133,0.09090909090909091,0.09526809753094868,0.0,0.0,0.0,4.0,5.0
emblematica:E005248,2803,28,0.43250927056038174,0.2,0.07066319487681264,0.0,0.03571428571428571,0.07142857142857142,2.0,4.0
emblematica:E005249,2803,43,0.5586260774693604,0.5,0.09276957239041966,0.0,0.046511627906976744,0.06976744186046512,5.0,4.0
emblematica:E005250,2803,62,0.5263486588232382,0.06666666666666667,0.033072309686378774,0.0,0.0,0.0,13.0,4.0
emblematica:E005251,2803,119,0.5434370282312093,0.3333333333333333,0.11476994583736366,0.0,0.01680672268907563,0.025210084033613446,6.0,3.0
emblematica:E005252,2803,22,0.37962081462451813,0.125,0.039587183127835136,0.0,0.0,0.045454545454545456,5.0,5.0
emblematica:E005253,2803,24,0.38559884598578353,0.16666666666666666,0.022048697680256222,0.0,0.0,0.041666666666666664,3.0,3.0
emblematica:E005254,2803,190,0.5263486588232382,1.0,0.16897912859555583,0.005263157894736842,0.005263157894736842,0.005263157894736842,12.5,3.5
emblematica:E005255,2803,74,0.393811334231455,0.125,0.09528995550450517,0.0,0.0,0.013513513513513514,3.0,4.0
emblematica:E005256,2803,38,0.3333333333333333,0.07692307692307693,0.04220424954013765,0.0,0.0,0.0,7.0,4.5
emblematica:E005257,2803,115,0.5690654355727757,0.3333333333333333,0.21739073282815993,0.0,0.017391304347826087,0.017391304347826087,10.0,4.5
emblematica:E005258,2803,33,0.4266196727892513,0.047619047619047616,0.020130312407668088,0.0,0.0,0.0,2.5,5.5
emblematica:E005259,2803,118,0.48579307528167454,0.3333333333333333,0.08597710164619064,0.0,0.00847457627118644,0.01694915254237288,8.0,3.0
emblematica:E005260,2803,58,0.3333333333333333,0.047619047619047616,0.09678853880468351,0.0,0.0,0.0,5.5,4.5
emblematica:E005261,2803,71,0.46686230073494117,0.14285714285714285,0.04742661948824911,0.0,0.0,0.014084507042253521,5.5,4.5
emblematica:E005262,2803,99,0.3921906294056348,0.02564102564102564,0.04047804164384642,0.0,0.0,0.0,11.0,4.0
emblematica:E005263,2803,106,0.5368232559598007,1.0,0.09807456609289153,0.009433962264150943,0.009433962264150943,0.009433962264150943,6.5,5.0
emblematica:E005264,2803,93,0.7289071467299564,0.5,0.14898527727499078,0.0,0.021505376344086023,0.03225806451612903,19.0,5.0
emblematica:E005265,2803,40,0.5300046613229241,0.5,0.03884359248389825,0.0,0.025,0.025,1.5,6.0
emblematica:E005266,2803,25,0.3333333333333333,0.05555555555555555,0.04122527128748769,0.0,0.0,0.0,3.5,4.5
emblematica:E005267,2803,38,0.6893498705174753,1.0,0.141525145967019,0.02631578947368421,0.07894736842105263,0.10526315789473684,4.0,4.0
emblematica:E005268,2803,73,0.3333333333333333,0.09090909090909091,0.0398679463020545,0.0,0.0,0.0,3.5,3.0
emblematica:E005269,2803,183,0.6103160456224236,1.0,0.17440007415544964,0.00546448087431694,0.01092896174863388,0.01639344262295082,8.5,5.0
emblematica:E005270,2803,314,0.3333333333333333,0.05263157894736842,0.13997779086251566,0.0,0.0,0.0,12.5,4.5
emblematica:E005271,2803,55,0.5323266901845036,1.0,0.17161031309573613,0.01818181818181818,0.01818181818181818,0.03636363636363636,1.0,5.0
emblematica:E005272,2803,52,0.39889093277822685,0.1,0.08419539389148668,0.0,0.0,0.019230769230769232,4.5,4.5
emblematica:E005273,2803,112,0.6219713612221489,0.5,0.1217033601022296,0.0,0.017857142857142856,0.03571428571428571,18.0,3.5
emblematica:E005274,2803,92,0.547426720659626,1.0,0.14468105288533276,0.010869565217391304,0.021739130434782608,0.021739130434782608,10.0,3.0
emblematica:E005275,2803,175,0.5979244730685712,0.2,0.15054956880277212,0.0,0.005714285714285714,0.011428571428571429,5.5,3.0
emblematica:E005276,2803,71,0.44281305753755196,0.043478260869565216,0.03449370009727734,0.0,0.0,0.0,1.5,5.0
emblematica:E005340,2803,29,0.7542632030676539,1.0,0.19465338798374549,0.034482758620689655,0.10344827586206896,0.1724137931034483,7.0,3.0
emblematica:E005341,2803,172,0.9575861412006987,1.0,0.13596172615372284,0.005813953488372093,0.029069767441860465,0.05232558139534884,9.0,4.0
emblematica:E005342,2803,114,1.0,1.0,0.1953395038296122,0.008771929824561403,0.043859649122807015,0.08771929824561403,9.5,3.0
emblematica:E005343,2803,88,1.0,1.0,0.22365233629088002,0.011363636363636364,0.056818181818181816,0.11363636363636363,7.0,4.0
emblematica:E005344,2803,164,1.0,1.0,0.12546129515460053,0.006097560975609756,0.03048780487804878,0.06097560975609756,9.0,4.0
emblematica:E005345,2803,223,1.0,1.0,0.17929713430767702,0.004484304932735426,0.02242152466367713,0.04484304932735426,12.0,3.5
emblematica:E005346,2803,197,0.9368077570869661,1.0,0.1504237629289326,0.005076142131979695,0.02030456852791878,0.04568527918781726,9.0,4.0
emblematica:E005347,2803,96,0.9575861412006987,1.0,0.1934851981014971,0.010416666666666666,0.052083333333333336,0.09375,2.5,4.0
emblematica:E005348,2803,108,1.0,1.0,0.1991286703821632,0.009259259259259259,0.046296296296296294,0.09259259259259259,8.5,4.0
emblematica:E005349,2803,106,0.9477344873475497,1.0,0.21135283725767887,0.009433962264150943,0.04716981132075472,0.08490566037735849,9.0,4.0
emblematica:E005350,2803,166,0.9526058178152246,1.0,0.17572286260129716,0.006024096385542169,0.024096385542168676,0.05421686746987952,9.0,4.0
emblematica:E005351,2803,115,0.8442327945045964,1.0,0.11595672644796076,0.008695652173913044,0.02608695652173913,0.06956521739130435,11.0,4.0
emblematica:E009268,2803,130,0.3475238529402701,0.07692307692307693,0.03763812131758414,0.0,0.0,0.0,11.0,3.0
emblematica:E009269,2803,304,0.3333333333333333,0.07142857142857142,0.1093358548996133,0.0,0.0,0.0,14.0,4.0
emblematica:E009270,2803,436,0.45086673773561936,0.3333333333333333,0.1538288051335136,0.0,0.0022935779816513763,0.0045871559633027525,11.0,4.0
emblematica:E009271,2803,305,0.46259025696538303,0.5,0.11065197444185036,0.0,0.003278688524590164,0.003278688524590164,7.0,5.0
emblematica:E009272,2803,39,0.3333333333333333,0.003663003663003663,0.010029932263188783,0.0,0.0,0.0,4.5,4.0
emblematica:E009273,2803,306,0.3775028156362593,0.1111111111111111,0.11886327837755113,0.0,0.0,0.0032679738562091504,11.0,4.0
emblematica:E009274,2803,293,0.3333333333333333,0.017857142857142856,0.09786174753167438,0.0,0.0,0.0,7.5,5.0
emblematica:E009275,2803,66,0.3333333333333333,0.0136986301369863,0.02046129064853817,0.0,0.0,0.0,8.0,4.0
emblematica:E009276,2803,40,0.3333333333333333,0.043478260869565216,0.02104428135174859,0.0,0.0,0.0,7.0,5.0
emblematica:E009277,2803,130,0.3333333333333333,0.09090909090909091,0.043499836871469,0.0,0.0,0.0,13.5,3.0
emblematica:E009278,2803,367,0.3491313940615917,0.03125,0.13203782191611735,0.0,0.0,0.0,4.5,4.0
emblematica:E009279,2803,75,0.3333333333333333,0.009900990099009901,0.019199014802797815,0.0,0.0,0.0,2.0,4.0
emblematica:E009280,2803,315,0.3900954117610806,0.2,0.11898264573240559,0.0,0.0031746031746031746,0.0031746031746031746,6.5,4.5
emblematica:E009281,2803,142,0.3333333333333333,0.038461538461538464,0.04680359352567679,0.0,0.0,0.0,13.5,3.5
emblematica:E009282,2803,41,0.3333333333333333,0.01639344262295082,0.013245016440233227,0.0,0.0,0.0,2.0,4.5
emblematica:E009283,2803,53,0.34490520365612953,0.058823529411764705,0.017841338071757487,0.0,0.0,0.0,4.0,5.0
emblematica:E009284,2803,137,0.3333333333333333,0.018867924528301886,0.03676973432906833,0.0,0.0,0.0,2.0,3.0
emblematica:E009285,2803,290,0.5726361401144231,1.0,0.12556842614575145,0.0034482758620689655,0.006896551724137931,0.006896551724137931,25.0,4.5
emblematica:E009286,2803,209,0.4075679468220986,0.07142857142857142,0.07189274542187726,0.0,0.0,0.0,12.0,4.0
emblematica:E009287,2803,113,0.42203467342381923,0.018867924528301886,0.02871545897126003,0.0,0.0,0.0,3.0,3.0
emblematica:E009288,2803,71,0.41976363359580593,0.3333333333333333,0.03401719397003771,0.0,0.014084507042253521,0.014084507042253521,11.0,4.0
emblematica:E009289,2803,309,0.3333333333333333,0.06666666666666667,0.12111562765346119,0.0,0.0,0.0,13.0,3.0
emblematica:E009290,2803,248,0.5323266901845036,1.0,0.07843748833572377,0.004032258064516129,0.004032258064516129,0.008064516129032258,5.0,5.0
emblematica:E009291,2803,22,0.40232273211097397,0.2,0.015602991756193736,0.0,0.045454545454545456,0.045454545454545456,4.5,5.0
emblematica:E009292,2803,257,0.6629048238356321,1.0,0.11804240058077463,0.0038910505836575876,0.011673151750972763,0.01556420233463035,2.0,5.0
emblematica:E009293,2803,145,0.665514020647029,0.25,0.0648791430891994,0.0,0.006896551724137931,0.013793103448275862,9.5,4.5
emblematica:E009294,2803,6,0.3333333333333333,0.013157894736842105,0.004161026890978747,0.0,0.0,0.0,1.0,6.0
emblematica:E009295,2803,71,0.3333333333333333,0.058823529411764705,0.027766732054447893,0.0,0.0,0.0,6.0,3.0
emblematica:E009296,2803,55,0.3333333333333333,0.03125,0.022824367643380392,0.0,0.0,0.0,11.0,3.0
emblematica:E009297,2803,11,0.3491313940615917,0.0030864197530864196,0.004206749088431013,0.0,0.0,0.0,2.5,3.0
emblematica:E009298,2803,188,0.3333333333333333,0.0625,0.06255187851908879,0.0,0.0,0.0,6.0,3.5
emblematica:E009299,2803,69,0.3333333333333333,0.017857142857142856,0.024250246647267264,0.0,0.0,0.0,18.0,3.0
emblematica:E009300,2803,499,0.5905953582139375,0.5,0.19958614589752485,0.0,0.004008016032064128,0.008016032064128256,2.0,4.0
emblematica:E009301,2803,98,0.3333333333333333,0.009523809523809525,0.06363615239076252,0.0,0.0,0.0,1.5,4.0
emblematica:E009302,2803,37,0.3333333333333333,0.006711409395973154,0.011606716561830491,0.0,0.0,0.0,1.0,5.0
emblematica:E009303,2803,90,0.3333333333333333,0.0625,0.04483275707822099,0.0,0.0,0.0,2.0,6.0
emblematica:E009304,2803,223,0.5151134371263186,0.023255813953488372,0.06705586377830497,0.0,0.0,0.0,17.0,5.0
emblematica:E009305,2803,428,0.6629048238356321,1.0,0.1358191758470499,0.002336448598130841,0.007009345794392523,0.009345794392523364,15.0,3.0
emblematica:E009306,2803,15,0.3333333333333333,0.003703703703703704,0.006621043702647804,0.0,0.0,0.0,1.0,4.0
emblematica:E009307,2803,324,0.37962081462451813,0.125,0.12470435547862972,0.0,0.0,0.0030864197530864196,23.0,3.0
emblematica:E009308,2803,315,0.46345933386044064,0.3333333333333333,0.11817353706671771,0.0,0.006349206349206349,0.006349206349206349,3.0,4.0
emblematica:E009309,2803,468,0.6152337747006769,0.3333333333333333,0.1613926196798191,0.0,0.004273504273504274,0.010683760683760684,13.0,5.0
emblematica:E009310,2803,18,0.3333333333333333,0.007518796992481203,0.008145087584767395,0.0,0.0,0.0,6.5,4.0
emblematica:E009311,2803,64,0.3333333333333333,0.012048192771084338,0.022595217468421667,0.0,0.0,0.0,7.0,4.0
emblematica:E009312,2803,46,0.3333333333333333,0.009615384615384616,0.013781411599425837,0.0,0.0,0.0,3.5,5.0
emblematica:E009313,2803,321,0.37962081462451813,0.034482758620689655,0.11941295035984453,0.0,0.0,0.0,1.0,5.0
emblematica:E009314,2803,168,0.3333333333333333,0.06666666666666667,0.06015018875958353,0.0,0.0,0.0,2.5,3.5
emblematica:E009315,2803,315,0.4237902969274442,0.125,0.12554285943431046,0.0,0.0,0.006349206349206349,13.5,4.0
emblematica:E009316,2803,305,0.3333333333333333,0.058823529411764705,0.10818387675124772,0.0,0.0,0.0,6.0,4.5
emblematica:E009317,2803,942,0.4487910888988174,0.25,0.41060236612029716,0.0,0.0010615711252653928,0.0021231422505307855,8.0,4.0
emblematica:E009318,2803,32,0.3333333333333333,0.0053475935828877,0.008578275085292584,0.0,0.0,0.0,2.0,4.0
emblematica:E009319,2803,171,0.38559884598578353,0.16666666666666666,0.06085298853382374,0.0,0.0,0.005847953216374269,1.0,4.0
emblematica:E009320,2803,136,0.39652557624636714,0.25,0.05905535543433459,0.0,0.007352941176470588,0.007352941176470588,12.5,4.5
emblematica:E009321,2803,29,0.3333333333333333,0.007575757575757576,0.010930987893152036,0.0,0.0,0.0,1.0,3.0
emblematica:E009322,2803,37,0.34639971149644583,0.041666666666666664,0.01213327781468206,0.0,0.0,0.0,4.0,4.0
emblematica:E009323,2803,14,0.3333333333333333,0.008849557522123894,0.013644757562919985,0.0,0.0,0.0,5.0,3.0
emblematica:E009324,2803,289,0.531514397628038,0.5,0.11706653584163937,0.0,0.006920415224913495,0.010380622837370242,37.0,3.5
emblematica:E009325,2803,3,0.35648241204244513,0.005376344086021506,0.0033720785523149673,0.0,0.0,0.0,1.5,3.0
emblematica:E009326,2803,128,0.3333333333333333,0.07142857142857142,0.051082843009787465,0.0,0.0,0.0,19.5,4.5
emblematica:E009327,2803,119,0.4529847367238781,0.3333333333333333,0.05371030705539118,0.0,0.008403361344537815,0.01680672268907563,4.5,5.0
emblematica:E009328,2803,271,0.42203467342381923,0.125,0.10768176478576595,0.0,0.0,0.007380073800738007,2.0,3.0
emblematica:E009329,2803,57,0.3333333333333333,0.05555555555555555,0.021766399087895204,0.0,0.0,0.0,4.5,3.5
emblematica:E009330,2803,258,0.3333333333333333,0.0625,0.09840985219252602,0.0,0.0,0.0,18.0,5.0
emblematica:E009331,2803,96,0.3997893655927203,0.16666666666666666,0.033837375164395125,0.0,0.0,0.010416666666666666,7.0,3.0
emblematica:E009332,2803,20,0.38559884598578353,0.16666666666666666,0.022328006161880336,0.0,0.0,0.05,4.0,4.0
emblematica:E009333,2803,90,0.3333333333333333,0.030303030303030304,0.0404160758538387,0.0,0.0,0.0,3.0,4.5
emblematica:E009334,2803,45,0.3072005770071082,0.00980392156862745,0.013935628523688428,0.0,0.0,0.0,1.0,3.0
emblematica:E009335,2803,21,0.3333333333333333,0.004310344827586207,0.007049063788458538,0.0,0.0,0.0,6.0,3.0
emblematica:E009336,2803,106,0.38559884598578353,0.010416666666666666,0.02937900178521982,0.0,0.0,0.0,9.0,5.0
emblematica:E009337,2803,139,0.4600473371688015,0.5,0.04839535752967611,0.0,0.007194244604316547,0.007194244604316547,21.5,5.0
emblematica:E009338,2803,0,0.3333333333333333,,,,,,1.0,4.0
emblematica:E009339,2803,54,0.3333333333333333,0.02040816326530612,0.018097062423474967,0.0,0.0,0.0,8.5,6.0
emblematica:E009340,2803,11,0.3333333333333333,0.007874015748031496,0.006110658719063456,0.0,0.0,0.0,1.0,5.0
emblematica:E009341,2803,30,0.3333333333333333,0.05263157894736842,0.015831587015192498,0.0,0.0,0.0,7.0,4.5
emblematica:E009342,2803,218,0.48006117753205335,1.0,0.07711114059841453,0.0045871559633027525,0.0045871559633027525,0.0045871559633027525,3.0,3.0
emblematica:E009343,2803,31,0.3333333333333333,0.007194244604316547,0.012829452524793531,0.0,0.0,0.0,1.0,4.0
emblematica:E009344,2803,10,0.3333333333333333,0.0033333333333333335,0.002967270722449133,0.0,0.0,0.0,3.5,5.0
emblematica:E009345,2803,301,0.37962081462451813,0.125,0.10810387184162214,0.0,0.0,0.0033222591362126247,7.5,5.5
emblematica:E009346,2803,2,0.3333333333333333,0.0005561735261401557,0.0006469543396101,0.0,0.0,0.0,1.0,5.0
emblematica:E009347,2803,287,0.42465647353220776,0.14285714285714285,0.10696955572125935,0.0,0.0,0.006968641114982578,5.0,4.0
emblematica:E009348,2803,8,0.3589419374287067,0.011235955056179775,0.003987030260586973,0.0,0.0,0.0,2.5,3.0
emblematica:E009349,2803,53,0.3333333333333333,0.043478260869565216,0.02052797321359152,0.0,0.0,0.0,17.0,2.0
emblematica:E009350,2803,59,0.3333333333333333,0.008695652173913044,0.022747981601144673,0.0,0.0,0.0,10.0,5.0
emblematica:E009351,2803,1,0.3333333333333333,0.0004816955684007707,0.0004816955684007707,0.0,0.0,0.0,1.0,6.0
emblematica:E009352,2803,31,0.3333333333333333,0.013333333333333334,0.010368609525683522,0.0,0.0,0.0,6.0,5.0
emblematica:E009353,2803,295,0.5656524199813068,1.0,0.11735965118316243,0.003389830508474576,0.006779661016949152,0.006779661016949152,6.0,3.0
emblematica:E009354,2803,13,0.3333333333333333,0.007142857142857143,0.009868484715870117,0.0,0.0,0.0,1.0,4.0
emblematica:E009355,2803,49,0.3333333333333333,0.005376344086021506,0.012522254711807405,0.0,0.0,0.0,3.0,3.5
emblematica:E009356,2803,19,0.3333333333333333,0.009345794392523364,0.007016083433738236,0.0,0.0,0.0,4.0,4.0
emblematica:E009357,2803,353,0.5242306598349794,1.0,0.14117465401030355,0.0028328611898017,0.0028328611898017,0.0056657223796034,15.0,4.0
emblematica:E009358,2803,148,0.3333333333333333,0.01639344262295082,0.04490030916795576,0.0,0.0,0.0,12.0,4.0
emblematica:E009359,2803,79,0.3333333333333333,0.01282051282051282,0.02026313804214306,0.0,0.0,0.0,6.0,4.0
emblematica:E009360,2803,69,0.3333333333333333,0.025,0.01841125969937188,0.0,0.0,0.0,1.5,3.0
emblematica:E009361,2803,146,0.5465172097914405,1.0,0.06097257477122518,0.00684931506849315,0.00684931506849315,0.0136986301369863,8.5,4.0
emblematica:E009362,2803,167,0.3333333333333333,0.022727272727272728,0.045396957776160596,0.0,0.0,0.0,3.0,3.0
emblematica:E009363,2803,300,0.5786141714756885,1.0,0.12382503983102242,0.0033333333333333335,0.0033333333333333335,0.01,6.0,3.0
emblematica:E009364,2803,273,0.3775028156362593,0.1111111111111111,0.12443128570865837,0.0,0.0,0.003663003663003663,13.5,3.5
emblematica:E009365,2803,432,0.4934642043210426,0.14285714285714285,0.15448870551649718,0.0,0.0,0.006944444444444444,13.0,5.0
emblematica:E009366,2803,26,0.3333333333333333,0.018867924528301886,0.012150921173671623,0.0,0.0,0.0,8.0,4.0
emblematica:E009367,2803,287,0.3333333333333333,0.03225806451612903,0.10502586769904797,0.0,0.0,0.0,7.0,4.0
emblematica:E009368,2803,109,0.3333333333333333,0.010638297872340425,0.04662324460077513,0.0,0.0,0.0,7.5,3.5
emblematica:E009369,2803,85,0.3333333333333333,0.0625,0.03465726233580281,0.0,0.0,0.0,14.5,4.5
emblematica:E009370,2803,61,0.3333333333333333,0.022222222222222223,0.0219618887283522,0.0,0.0,0.0,1.0,3.0
emblematica:E009371,2803,298,0.42203467342381923,0.125,0.11331443018453669,0.0,0.0,0.003355704697986577,6.5,5.0
emblematica:E009372,2803,13,0.37574719213263447,0.025,0.009525599521257417,0.0,0.0,0.0,2.0,4.5
emblematica:E009373,2803,30,0.39652557624636714,0.037037037037037035,0.015190570692160631,0.0,0.0,0.0,5.0,3.0
emblematica:E009374,2803,67,0.3333333333333333,0.03571428571428571,0.021435368855761076,0.0,0.0,0.0,16.0,3.0
emblematica:E009375,2803,18,0.3333333333333333,0.010101010101010102,0.007914339713457298,0.0,0.0,0.0,6.5,4.0
emblematica:E009376,2803,290,0.5747405489838048,1.0,0.11229792855946027,0.0034482758620689655,0.0034482758620689655,0.010344827586206896,6.5,4.5
emblematica:E009377,2803,71,0.3775028156362593,0.1111111111111111,0.027876432609599936,0.0,0.0,0.014084507042253521,7.0,3.5
emblematica:E009378,2803,407,0.44069505854929314,0.1111111111111111,0.14819490725105983,0.0,0.0,0.002457002457002457,33.0,5.0
emblematica:E009379,2803,7,0.34428518061118435,0.0028011204481792717,0.002725446148032066,0.0,0.0,0.0,1.0,5.5
emblematica:E009380,2803,350,0.38559884598578353,0.16666666666666666,0.12352067358740618,0.0,0.0,0.002857142857142857,25.0,5.0
emblematica:E009381,2803,167,0.3443757039090648,0.05555555555555555,0.06221952977831179,0.0,0.0,0.0,4.0,4.0
emblematica:E009382,2803,13,0.3333333333333333,0.05263157894736842,0.013695784856017416,0.0,0.0,0.0,2.0,4.5
emblematica:E009383,2803,55,0.3333333333333333,0.034482758620689655,0.029164266288447472,0.0,0.0,0.0,10.5,4.0
emblematica:E009384,2803,258,0.38559884598578353,0.16666666666666666,0.0852575208676093,0.0,0.0,0.003875968992248062,11.0,4.0
emblematica:E009385,2803,24,0.3333333333333333,0.0044444444444444444,0.00709462323032497,0.0,0.0,0.0,1.0,4.0
emblematica:E009386,2803,40,0.40669725543269336,0.3333333333333333,0.022970487201144592,0.0,0.025,0.025,7.0,6.0
emblematica:E009387,2803,2,0.3333333333333333,0.0043859649122807015,0.0042296423339407575,0.0,0.0,0.0,2.0,4.0
emblematica:E009388,2803,96,0.37574719213263447,0.1,0.028603498268112537,0.0,0.0,0.010416666666666666,4.0,4.0
emblematica:E009389,2803,186,0.3333333333333333,0.0625,0.04940659449838299,0.0,0.0,0.0,18.5,5.0
emblematica:E009390,2803,308,0.48317417546358,0.2,0.12744748771446263,0.0,0.003246753246753247,0.00974025974025974,6.0,2.0
emblematica:E009391,2803,33,0.48006117753205335,1.0,0.042402120619152384,0.030303030303030304,0.030303030303030304,0.030303030303030304,3.0,3.0
emblematica:E009392,2803,181,0.38224261473290666,0.14285714285714285,0.06870448249150524,0.0,0.0,0.0055248618784530384,12.0,4.0
emblematica:E009393,2803,73,0.3333333333333333,0.009900990099009901,0.06564128306776769,0.0,0.0,0.0,2.0,6.0
emblematica:E009394,2803,17,0.3333333333333333,0.0070921985815602835,0.007320470571985214,0.0,0.0,0.0,6.0,5.0
emblematica:E009395,2803,2,0.4905733112099982,0.0014684287812041115,0.0012879242466374932,0.0,0.0,0.0,1.0,2.5
emblematica:E009396,2803,36,0.38559884598578353,0.16666666666666666,0.023865928492206676,0.0,0.0,0.027777777777777776,9.0,3.0
emblematica:E009397,2803,16,0.48006117753205335,1.0,0.07023315584920467,0.0625,0.0625,0.0625,1.0,3.0
emblematica:E009398,2803,77,0.3333333333333333,0.008264462809917356,0.06910836028541444,0.0,0.0,0.0,1.0,7.0
emblematica:E009399,2803,17,0.40669725543269336,0.3333333333333333,0.02617243151029853,0.0,0.058823529411764705,0.058823529411764705,1.0,4.0
emblematica:E009400,2803,20,0.3333333333333333,0.010869565217391304,0.00979022745980093,0.0,0.0,0.0,1.0,3.0
emblematica:E009401,2803,229,0.3333333333333333,0.0625,0.08656933171644429,0.0,0.0,0.0,7.0,5.5
emblematica:E009402,2803,443,0.4237902969274442,0.125,0.15539241796012349,0.0,0.0,0.004514672686230248,33.5,5.0
emblematica:E009403,2803,23,0.38559884598578353,0.004651162790697674,0.009295737769501562,0.0,0.0,0.0,5.0,3.0
emblematica:E009404,2803,452,0.45962537725287733,0.25,0.16129819794541475,0.0,0.0022123893805309734,0.004424778761061947,5.0,5.0
emblematica:E009405,2803,358,0.3900954117610806,0.05555555555555555,0.1351332935511445,0.0,0.0,0.0,12.0,5.0
emblematica:E009406,2803,107,0.3333333333333333,0.009174311926605505,0.029683334661077733,0.0,0.0,0.0,7.0,4.0
emblematica:E009407,2803,39,0.3333333333333333,0.02564102564102564,0.018759706377043946,0.0,0.0,0.0,3.0,5.0
emblematica:E009408,2803,67,0.4781738085681532,0.16666666666666666,0.025707868817711987,0.0,0.0,0.014925373134328358,11.0,4.5
emblematica:E009409,2803,39,0.34639971149644583,0.06666666666666667,0.020995988966827164,0.0,0.0,0.0,3.0,5.0
emblematica:E009410,2803,0,1.0,,,,,,1.0,2.0
emblematica:E009411,2803,402,0.4865304067164568,0.2,0.1410377542084664,0.0,0.0024875621890547263,0.007462686567164179,32.0,5.0
emblematica:E009412,2803,462,0.4389394350456683,0.25,0.16209261458277563,0.0,0.0021645021645021645,0.004329004329004329,45.0,2.0
emblematica:E009413,2803,54,0.3333333333333333,0.015873015873015872,0.016459735444477482,0.0,0.0,0.0,7.5,5.0
emblematica:E009414,2803,46,0.3333333333333333,0.0125,0.01425066417281457,0.0,0.0,0.0,8.0,4.0
emblematica:E009415,2803,16,0.3333333333333333,0.0058823529411764705,0.004715924879392333,0.0,0.0,0.0,1.0,4.0
emblematica:E009416,2803,65,0.48006117753205335,1.0,0.03679757329521248,0.015384615384615385,0.015384615384615385,0.015384615384615385,8.0,4.0
emblematica:E009417,2803,730,0.3333333333333333,0.005,0.3317910376720381,0.0,0.0,0.0,2.0,3.0
emblematica:E009418,2803,112,0.38559884598578353,0.16666666666666666,0.03792433910721942,0.0,0.0,0.008928571428571428,4.0,4.0
emblematica:E009419,2803,258,0.41991667443556047,0.1111111111111111,0.10260309029501322,0.0,0.0,0.007751937984496124,6.0,2.0
emblematica:E009420,2803,255,0.24078470115006748,0.2,0.1011705633336478,0.0,0.00392156862745098,0.00392156862745098,5.0,2.0
emblematica:E009421,2803,41,0.4529847367238781,0.043478260869565216,0.01597579202005547,0.0,0.0,0.0,2.0,4.0
emblematica:E009422,2803,79,0.3333333333333333,0.038461538461538464,0.02559252913519049,0.0,0.0,0.0,5.5,4.5
emblematica:E009423,2803,70,0.3333333333333333,0.037037037037037035,0.024426933883691902,0.0,0.0,0.0,11.0,4.0
emblematica:E009424,2803,89,0.3333333333333333,0.0625,0.034505291463392346,0.0,0.0,0.0,14.0,3.0
emblematica:E009425,2803,163,0.3333333333333333,0.06666666666666667,0.07517337284829162,0.0,0.0,0.0,12.0,4.0
emblematica:E009426,2803,282,0.38559884598578353,0.16666666666666666,0.10441410925572374,0.0,0.0,0.0035460992907801418,3.0,5.0
emblematica:E009427,2803,13,0.3333333333333333,0.047619047619047616,0.008594559751287438,0.0,0.0,0.0,1.0,4.0
emblematica:E009428,2803,47,0.3333333333333333,0.02631578947368421,0.01939316595771472,0.0,0.0,0.0,6.0,4.0
emblematica:E009429,2803,15,0.3475238529402701,0.010101010101010102,0.009323495088911058,0.0,0.0,0.0,2.0,4.5
emblematica:E009430,2803,258,0.6293982185421705,1.0,0.1116967686110505,0.003875968992248062,0.011627906976744186,0.011627906976744186,8.0,2.0
emblematica:E009431,2803,47,0.3333333333333333,0.02702702702702703,0.015877644492486798,0.0,0.0,0.0,3.0,3.0
emblematica:E009432,2803,183,0.3333333333333333,0.07142857142857142,0.07506094486087579,0.0,0.0,0.0,11.0,5.0
emblematica:E009433,2803,0,0.9008636626471189,,,,,,1.0,3.5
emblematica:E009434,2803,28,0.3439367980331586,0.08333333333333333,0.02052165922775272,0.0,0.0,0.0,4.5,3.5
emblematica:E009435,2803,174,0.42465647353220776,0.14285714285714285,0.06467705827355388,0.0,0.0,0.011494252873563218,5.5,4.5
emblematica:E009436,2803,389,0.39652557624636714,0.25,0.1524674699459668,0.0,0.002570694087403599,0.002570694087403599,23.0,3.0
emblematica:E009437,2803,433,0.39652557624636714,0.25,0.16638889904118204,0.0,0.0023094688221709007,0.0023094688221709007,10.0,3.0
emblematica:E009438,2803,9,0.3333333333333333,0.0027247956403269754,0.0038635167028477704,0.0,0.0,0.0,3.0,5.0
emblematica:E009439,2803,18,0.3333333333333333,0.024390243902439025,0.006423789669506751,0.0,0.0,0.0,3.5,4.5
emblematica:E009440,2803,299,0.40669725543269336,0.3333333333333333,0.11020238850223653,0.0,0.0033444816053511705,0.0033444816053511705,8.0,4.0
emblematica:E009441,2803,131,0.3475238529402701,0.047619047619047616,0.0488390804506361,0.0,0.0,0.0,2.0,4.0
emblematica:E009442,2803,9,0.3333333333333333,0.007142857142857143,0.0049216489848600735,0.0,0.0,0.0,3.5,4.0
emblematica:E009443,2803,33,0.3333333333333333,0.0053475935828877,0.011479237056711493,0.0,0.0,0.0,1.0,3.5
emblematica:E009444,2803,43,0.3333333333333333,0.011627906976744186,0.0193325408715233,0.0,0.0,0.0,3.0,4.0
emblematica:E009445,2803,203,0.3815871647058095,0.06666666666666667,0.07233689814193933,0.0,0.0,0.0,9.0,5.0
emblematica:E009446,2803,15,0.3333333333333333,0.0024509803921568627,0.004578522815623027,0.0,0.0,0.0,2.0,4.0
emblematica:E009447,2803,309,0.34490520365612953,0.05555555555555555,0.09748687742746619,0.0,0.0,0.0,1.0,6.0
emblematica:E009448,2803,38,0.3333333333333333,0.030303030303030304,0.01712565625802864,0.0,0.0,0.0,5.5,4.5
emblematica:E009449,2803,114,0.4984021580568934,1.0,0.043438817527072106,0.008771929824561403,0.008771929824561403,0.008771929824561403,7.0,3.0
emblematica:E009450,2803,50,0.3333333333333333,0.014285714285714285,0.018094337031906313,0.0,0.0,0.0,10.5,4.5
emblematica:E009451,2803,46,0.3333333333333333,0.038461538461538464,0.022282732270638882,0.0,0.0,0.0,7.5,3.0
emblematica:E009452,2803,74,0.3333333333333333,0.016666666666666666,0.027113339741301503,0.0,0.0,0.0,19.0,3.5
emblematica:E009453,2803,32,0.3333333333333333,0.004784688995215311,0.012734075726578817,0.0,0.0,0.0,8.0,3.0
emblematica:E009454,2803,59,0.35647707397892575,0.05263157894736842,0.015209727279870711,0.0,0.0,0.0,11.5,3.5
emblematica:E009455,2803,10,0.3333333333333333,0.0035587188612099642,0.003526760942527976,0.0,0.0,0.0,1.0,4.5
emblematica:E009456,2803,36,0.3333333333333333,0.005649717514124294,0.010424197904699598,0.0,0.0,0.0,3.5,3.0
emblematica:E009457,2803,314,0.48910053882873683,0.5,0.12833620978702928,0.0,0.006369426751592357,0.006369426751592357,21.5,2.5
emblematica:E009458,2803,14,0.3333333333333333,0.004048582995951417,0.005235551778419149,0.0,0.0,0.0,3.0,5.0
emblematica:E009459,2803,15,0.3333333333333333,0.01694915254237288,0.01096407329408606,0.0,0.0,0.0,6.0,3.0
emblematica:E009460,2803,19,0.35167431385817327,0.02631578947368421,0.010289564499716228,0.0,0.0,0.0,3.0,5.0
emblematica:E009461,2803,34,0.3333333333333333,0.05555555555555555,0.017699456539232092,0.0,0.0,0.0,9.5,3.5
emblematica:E009462,2803,64,0.3333333333333333,0.0136986301369863,0.023190145621741473,0.0,0.0,0.0,12.0,5.0
emblematica:E009463,2803,120,0.5726361401144231,1.0,0.06875565632365505,0.008333333333333333,0.016666666666666666,0.016666666666666666,15.0,5.0
emblematica:E009464,2803,153,0.3272196731583866,0.027777777777777776,0.05104446957277604,0.0,0.0,0.0,21.5,3.0
emblematica:E009465,2803,51,0.3333333333333333,0.024390243902439025,0.016031435521521996,0.0,0.0,0.0,5.0,5.0
emblematica:E009466,2803,28,0.3333333333333333,0.007575757575757576,0.00964913128352564,0.0,0.0,0.0,11.0,3.0
emblematica:E009467,2803,95,0.3333333333333333,0.041666666666666664,0.03699147358217351,0.0,0.0,0.0,12.5,3.0
emblematica:E009468,2803,9,0.42590829591570295,0.5,0.07132636376427907,0.0,0.1111111111111111,0.1111111111111111,1.0,5.0
emblematica:E009469,2803,55,0.3333333333333333,0.019230769230769232,0.016725053863882084,0.0,0.0,0.0,7.0,3.5
emblematica:E009470,2803,15,0.3333333333333333,0.0038461538461538464,0.004142418321091876,0.0,0.0,0.0,4.0,6.0
emblematica:E009471,2803,34,0.38224261473290666,0.04,0.01684560431268946,0.0,0.0,0.0,4.0,5.0
emblematica:E009472,2803,65,0.3333333333333333,0.05,0.033936473046010836,0.0,0.0,0.0,16.5,5.0
emblematica:E009473,2803,32,0.3900954117610806,0.2,0.020287793837708772,0.0,0.03125,0.03125,4.0,3.0
emblematica:E009474,2803,294,0.38559884598578353,0.16666666666666666,0.11850725671375845,0.0,0.0,0.003401360544217687,6.0,4.5
emblematica:E009475,2803,83,0.3333333333333333,0.004975124378109453,0.0219035701274396,0.0,0.0,0.0,10.0,3.0
emblematica:E009476,2803,509,0.48006117753205335,1.0,0.1936240276837642,0.0019646365422396855,0.0019646365422396855,0.0019646365422396855,9.0,4.0
emblematica:E009477,2803,33,0.3333333333333333,0.05,0.01883968515300809,0.0,0.0,0.0,2.5,2.5
emblematica:E009478,2803,70,0.3333333333333333,0.02631578947368421,0.0398381058129021,0.0,0.0,0.0,2.5,5.0
emblematica:E009479,2803,42,0.38559884598578353,0.16666666666666666,0.02667826704814181,0.0,0.0,0.023809523809523808,6.0,4.0
emblematica:E009480,2803,217,0.45328765467411447,0.25,0.07942685168980428,0.0,0.009216589861751152,0.009216589861751152,1.5,4.5
emblematica:E009481,2803,263,0.48138853287811667,0.5,0.10832473050802391,0.0,0.0038022813688212928,0.0076045627376425855,1.0,5.0
emblematica:E009482,2803,372,0.37962081462451813,0.125,0.13756964555417223,0.0,0.0,0.002688172043010753,73.0,3.0
emblematica:E009483,2803,8,0.35648241204244513,0.006493506493506494,0.006987093925634283,0.0,0.0,0.0,3.0,3.0
emblematica:E009484,2803,277,0.38559884598578353,0.07142857142857142,0.10834815816776135,0.0,0.0,0.0,6.0,5.0
emblematica:E009485,2803,41,0.3333333333333333,0.018518518518518517,0.019912349306743963,0.0,0.0,0.0,6.0,3.5
emblematica:E009486,2803,95,0.3333333333333333,0.010416666666666666,0.02508266027861051,0.0,0.0,0.0,1.0,4.0
emblematica:E009487,2803,90,0.3333333333333333,0.07142857142857142,0.04401280091783319,0.0,0.0,0.0,12.0,4.0
emblematica:E009488,2803,212,0.3916933352431961,0.1111111111111111,0.07131745062991336,0.0,0.0,0.0047169811320754715,9.0,5.0
emblematica:E009489,2803,12,0.3333333333333333,0.07692307692307693,0.01615796736257945,0.0,0.0,0.0,3.0,3.5
emblematica:E009490,2803,112,0.3333333333333333,0.05263157894736842,0.03315232301926782,0.0,0.0,0.0,8.0,4.0
emblematica:E009491,2803,298,0.3333333333333333,0.06666666666666667,0.09324051349901441,0.0,0.0,0.0,45.5,4.0
emblematica:E009492,2803,225,0.41638165598600513,0.14285714285714285,0.08188649295893645,0.0,0.0,0.0044444444444444444,6.0,3.5
emblematica:E009493,2803,54,0.3333333333333333,0.014492753623188406,0.016595577765835787,0.0,0.0,0.0,12.0,4.0
emblematica:E009494,2803,182,0.35647707397892575,0.041666666666666664,0.05974584835781638,0.0,0.0,0.0,3.0,4.0
emblematica:E009495,2803,245,0.39652557624636714,0.25,0.09047620132182162,0.0,0.004081632653061225,0.004081632653061225,12.0,4.0
emblematica:E009496,2803,191,0.3443757039090648,0.022222222222222223,0.048583261116792766,0.0,0.0,0.0,6.0,5.0
emblematica:E009497,2803,61,0.35797158181924205,0.005263157894736842,0.022899357551554124,0.0,0.0,0.0,9.0,4.0
emblematica:E009498,2803,282,0.37962081462451813,0.125,0.10698507160202268,0.0,0.0,0.0035460992907801418,7.5,4.0
emblematica:E009499,2803,536,0.47219577720688777,0.5,0.20839932440411366,0.0,0.0018656716417910447,0.0037313432835820895,23.0,3.0
emblematica:E009500,2803,229,0.34639971149644583,0.02702702702702703,0.063773605618737,0.0,0.0,0.0,13.0,5.0
emblematica:E009501,2803,63,0.3333333333333333,0.04,0.026048641169700685,0.0,0.0,0.0,14.5,3.0
emblematica:E009502,2803,34,0.3333333333333333,0.005128205128205128,0.011987488786358247,0.0,0.0,0.0,3.0,3.0
emblematica:E009503,2803,292,0.6742368738745991,0.25,0.11569854784791812,0.0,0.003424657534246575,0.0136986301369863,4.0,4.0
emblematica:E009504,2803,305,0.37962081462451813,0.125,0.1108415775656516,0.0,0.0,0.003278688524590164,2.0,3.0
emblematica:E009505,2803,63,0.38559884598578353,0.16666666666666666,0.030363861666562707,0.0,0.0,0.015873015873015872,4.0,3.0
emblematica:E009506,2803,29,0.3333333333333333,0.002145922746781116,0.00809723642002366,0.0,0.0,0.0,2.5,4.5
emblematica:E009507,2803,1018,0.38224261473290666,0.14285714285714285,0.41019648899376704,0.0,0.0,0.0009823182711198428,32.0,4.0
emblematica:E009508,2803,163,0.3333333333333333,0.047619047619047616,0.04135561282965118,0.0,0.0,0.0,2.5,4.0
emblematica:E009509,2803,336,0.43188632727696835,0.16666666666666666,0.12427846485222035,0.0,0.0,0.005952380952380952,61.0,4.0
emblematica:E009510,2803,47,0.3333333333333333,0.014705882352941176,0.016974592126076396,0.0,0.0,0.0,11.5,3.5
emblematica:E009511,2803,397,0.48006117753205335,1.0,0.1251786568698968,0.0025188916876574307,0.0025188916876574307,0.0025188916876574307,19.0,4.0
emblematica:E009512,2803,46,0.3333333333333333,0.05263157894736842,0.030928239022043235,0.0,0.0,0.0,10.0,4.0
emblematica:E009513,2803,302,0.3775028156362593,0.1111111111111111,0.11667151757960716,0.0,0.0,0.0033112582781456954,13.0,4.0
emblematica:E009514,2803,335,0.6192265393558443,0.5,0.13813475342053236,0.0,0.011940298507462687,0.011940298507462687,26.0,4.5
emblematica:E009515,2803,31,0.3333333333333333,0.019230769230769232,0.018472926632094995,0.0,0.0,0.0,3.0,4.5
emblematica:E009516,2803,259,0.5713843177309279,1.0,0.10723222449455047,0.003861003861003861,0.003861003861003861,0.011583011583011582,2.0,2.5
emblematica:E009517,2803,255,0.3938144850557029,0.14285714285714285,0.10709603538665959,0.0,0.0,0.00392156862745098,1.0,4.0
emblematica:E009518,2803,76,0.3333333333333333,0.014084507042253521,0.022756673025015623,0.0,0.0,0.0,8.0,4.0
emblematica:E009519,2803,56,0.3333333333333333,0.0072992700729927005,0.021527140924448292,0.0,0.0,0.0,5.5,4.0
emblematica:E009520,2803,108,0.3333333333333333,0.009708737864077669,0.05397383349749013,0.0,0.0,0.0,1.0,3.0
emblematica:E009521,2803,419,0.46666479846387776,0.3333333333333333,0.18298808563425487,0.0,0.002386634844868735,0.00477326968973747,49.5,3.5
emblematica:E009522,2803,314,0.48006117753205335,1.0,0.12181807243532816,0.0031847133757961785,0.0031847133757961785,0.0031847133757961785,6.0,2.5
emblematica:E009523,2803,115,0.3333333333333333,0.022222222222222223,0.05350845322128841,0.0,0.0,0.0,7.0,4.5
emblematica:E009524,2803,290,0.37962081462451813,0.125,0.11118106134224191,0.0,0.0,0.0034482758620689655,2.0,5.0
emblematica:E009525,2803,63,0.3333333333333333,0.014084507042253521,0.020393927681604668,0.0,0.0,0.0,14.0,3.0
emblematica:E009526,2803,197,0.3775028156362593,0.1111111111111111,0.056955438552099315,0.0,0.0,0.005076142131979695,2.0,4.5
emblematica:E009527,2803,141,0.4237902969274442,0.125,0.05936542673141714,0.0,0.0,0.014184397163120567,16.5,6.0
emblematica:E009528,2803,266,0.499272218015063,0.5,0.1123400915227951,0.0,0.007518796992481203,0.007518796992481203,9.0,3.0
emblematica:E009529,2803,52,0.3333333333333333,0.008264462809917356,0.014061382914717289,0.0,0.0,0.0,1.0,5.0
emblematica:E009530,2803,67,0.3333333333333333,0.022222222222222223,0.019588291164146808,0.0,0.0,0.0,2.0,3.0
emblematica:E009531,2803,106,0.42677737281076067,0.2,0.0507666564089855,0.0,0.009433962264150943,0.009433962264150943,25.5,4.0
emblematica:E009532,2803,292,0.4826703743434503,0.5,0.1196757388597728,0.0,0.00684931506849315,0.00684931506849315,34.0,4.0
emblematica:E009533,2803,67,0.3900954117610806,0.2,0.05285123473344184,0.0,0.014925373134328358,0.014925373134328358,17.5,4.5
emblematica:E009534,2803,375,0.5526213166880591,1.0,0.16374019033373968,0.0026666666666666666,0.005333333333333333,0.005333333333333333,26.0,3.0
emblematica:E009535,2803,230,0.37574719213263447,0.1,0.08172198810568353,0.0,0.0,0.004347826086956522,8.0,4.5
emblematica:E009536,2803,428,0.3900954117610806,0.2,0.1771050505997753,0.0,0.002336448598130841,0.002336448598130841,9.0,4.0
emblematica:E009537,2803,225,0.37574719213263447,0.1,0.0713753630642861,0.0,0.0,0.0044444444444444444,10.5,3.0
emblematica:E009538,2803,119,0.39652557624636714,0.25,0.04454484105426561,0.0,0.008403361344537815,0.008403361344537815,6.0,3.0
emblematica:E009539,2803,307,0.5726361401144231,0.08333333333333333,0.11555899699982583,0.0,0.0,0.0,34.0,2.0
emblematica:E009540,2803,406,0.46804594772022035,0.125,0.1396214800076113,0.0,0.0,0.0024630541871921183,8.0,4.0
emblematica:E009541,2803,10,0.31840032971834753,0.008264462809917356,0.00561062145843295,0.0,0.0,0.0,3.0,4.0
emblematica:E009542,2803,426,0.5534250996314135,0.08333333333333333,0.1587298684521206,0.0,0.0,0.0,5.5,4.0
emblematica:E009543,2803,252,0.3900954117610806,0.2,0.09688264400567456,0.0,0.003968253968253968,0.003968253968253968,12.0,5.0
emblematica:E009544,2803,383,0.3333333333333333,0.058823529411764705,0.1432895106160614,0.0,0.0,0.0,31.0,4.0
emblematica:E009545,2803,61,0.3333333333333333,0.034482758620689655,0.02387354260003736,0.0,0.0,0.0,13.0,5.0
emblematica:E009546,2803,143,0.3333333333333333,0.04,0.049572047038818005,0.0,0.0,0.0,16.0,3.0
emblematica:E009547,2803,68,0.3439367980331586,0.018867924528301886,0.03429551842587025,0.0,0.0,0.0,10.5,4.0
emblematica:E009548,2803,105,0.42590829591570295,0.5,0.04341986947590668,0.0,0.009523809523809525,0.009523809523809525,16.0,4.0
emblematica:E009549,2803,306,0.5223432908710792,0.5,0.14061095270591037,0.0,0.0032679738562091504,0.00980392156862745,21.0,2.0
emblematica:E009550,2803,44,0.3900954117610806,0.2,0.014396811009913647,0.0,0.022727272727272728,0.022727272727272728,1.0,2.5
emblematica:E009551,2803,22,0.3333333333333333,0.014084507042253521,0.009128955339297147,0.0,0.0,0.0,2.0,3.0
emblematica:E009552,2803,208,0.3333333333333333,0.09090909090909091,0.07631851832865087,0.0,0.0,0.0,6.0,4.0
emblematica:E009553,2803,316,0.5786141714756885,1.0,0.13489198101479283,0.0031645569620253164,0.0031645569620253164,0.00949367088607595,26.0,3.5
emblematica:E009554,2803,48,0.37574719213263447,0.1,0.025159727374687597,0.0,0.0,0.020833333333333332,8.0,4.0
emblematica:E009555,2803,51,0.35700317619627114,0.023809523809523808,0.04484494979593342,0.0,0.0,0.0,3.0,5.0
emblematica:E009556,2803,254,0.3775028156362593,0.1111111111111111,0.08772181983034162,0.0,0.0,0.003937007874015748,14.0,5.5
emblematica:E009557,2803,26,0.3333333333333333,0.03333333333333333,0.011364152748364647,0.0,0.0,0.0,2.0,4.0
emblematica:E009558,2803,80,0.37574719213263447,0.045454545454545456,0.03848793516351251,0.0,0.0,0.0,5.5,3.5
emblematica:E009559,2803,112,0.3333333333333333,0.02857142857142857,0.03213102661918591,0.0,0.0,0.0,2.0,4.0
emblematica:E009560,2803,67,0.38559884598578353,0.16666666666666666,0.05162698970979692,0.0,0.0,0.014925373134328358,17.0,4.0
emblematica:E009561,2803,14,0.3333333333333333,0.006622516556291391,0.01009002999008077,0.0,0.0,0.0,5.0,4.0
emblematica:E009562,2803,12,0.3333333333333333,0.08333333333333333,0.012064253867679585,0.0,0.0,0.0,3.0,3.5
emblematica:E009563,2803,32,0.3333333333333333,0.01639344262295082,0.03900649577382728,0.0,0.0,0.0,3.0,3.0
emblematica:E009564,2803,45,0.3333333333333333,0.043478260869565216,0.035998234992639946,0.0,0.0,0.0,4.5,4.5
emblematica:E009565,2803,94,0.3333333333333333,0.043478260869565216,0.07094835421087728,0.0,0.0,0.0,7.0,4.0
emblematica:E009566,2803,310,0.40669725543269336,0.058823529411764705,0.10742098198729225,0.0,0.0,0.0,6.0,5.0
emblematica:E009567,2803,162,0.42590829591570295,0.5,0.05000884049508698,0.0,0.006172839506172839,0.006172839506172839,1.0,4.0
emblematica:E009568,2803,851,0.37574719213263447,0.1,0.35368400864873967,0.0,0.0,0.0011750881316098707,3.0,4.5
emblematica:E009569,2803,193,0.3900954117610806,0.2,0.07986123154787904,0.0,0.0051813471502590676,0.0051813471502590676,11.0,6.0
emblematica:E009570,2803,79,0.48006117753205335,1.0,0.041572688089813174,0.012658227848101266,0.012658227848101266,0.012658227848101266,3.0,4.5
emblematica:E009571,2803,95,0.37574719213263447,0.1,0.06791438637108742,0.0,0.0,0.010526315789473684,3.0,6.0
emblematica:E009572,2803,17,0.3333333333333333,0.010101010101010102,0.004425674356948623,0.0,0.0,0.0,1.0,3.0
emblematica:E009573,2803,53,0.3439367980331586,0.008333333333333333,0.021724828862426382,0.0,0.0,0.0,6.5,3.0
emblematica:E009574,2803,155,0.3443757039090648,0.030303030303030304,0.07235462799158739,0.0,0.0,0.0,2.0,4.0
emblematica:E009575,2803,0,0.694355946562825,,,,,,1.0,4.0
emblematica:E009576,2803,74,0.3333333333333333,0.07692307692307693,0.03780528813805701,0.0,0.0,0.0,4.0,4.0
emblematica:E009577,2803,253,0.3775028156362593,0.1111111111111111,0.09953269392055637,0.0,0.0,0.003952569169960474,1.0,3.5
emblematica:E009578,2803,75,0.3333333333333333,0.010101010101010102,0.019430560512660643,0.0,0.0,0.0,5.0,3.0
emblematica:E009579,2803,190,0.3333333333333333,0.09090909090909091,0.06952670043480999,0.0,0.0,0.0,7.0,4.0
emblematica:E009580,2803,267,0.42590829591570295,0.5,0.10305557004538743,0.0,0.003745318352059925,0.003745318352059925,1.0,3.0
emblematica:E009581,2803,216,0.396641216561515,0.16666666666666666,0.06659673365294212,0.0,0.0,0.004629629629629629,2.0,4.0
emblematica:E009582,2803,22,0.3333333333333333,0.01818181818181818,0.009287473169017962,0.0,0.0,0.0,1.0,4.5
emblematica:E009583,2803,201,0.3333333333333333,0.03333333333333333,0.07469991014164283,0.0,0.0,0.0,11.0,4.0
emblematica:E009584,2803,78,0.3333333333333333,0.043478260869565216,0.02939462504314549,0.0,0.0,0.0,19.0,4.0
emblematica:E009585,2803,177,0.42641209703583266,0.14285714285714285,0.06875216435513841,0.0,0.0,0.005649717514124294,5.0,4.0
emblematica:E009586,2803,209,0.37962081462451813,0.125,0.06726660588907525,0.0,0.0,0.004784688995215311,9.0,3.0
emblematica:E009587,2803,168,0.37574719213263447,0.1,0.06235005421364699,0.0,0.0,0.005952380952380952,4.0,4.0
emblematica:E009588,2803,271,0.3455606536832266,0.09090909090909091,0.10337419523423987,0.0,0.0,0.0,5.0,3.5
emblematica:E009589,2803,189,0.3900954117610806,0.2,0.06437145785341465,0.0,0.005291005291005291,0.005291005291005291,2.5,4.5
emblematica:E009590,2803,245,0.47219577720688777,0.5,0.09959069812716462,0.0,0.004081632653061225,0.00816326530612245,9.5,5.0
emblematica:E009591,2803,288,0.5446896393480782,1.0,0.10454320298308352,0.003472222222222222,0.003472222222222222,0.003472222222222222,4.5,4.5
emblematica:E009592,2803,318,0.38559884598578353,0.16666666666666666,0.12539467882096764,0.0,0.0,0.0031446540880503146,14.0,5.5
emblematica:E009593,2803,316,0.46832215471500416,0.5,0.1246363557151329,0.0,0.0031645569620253164,0.006329113924050633,28.0,4.0
emblematica:E009594,2803,87,0.48006117753205335,1.0,0.04286830903183129,0.011494252873563218,0.011494252873563218,0.011494252873563218,14.0,4.0
emblematica:E009595,2803,104,0.3333333333333333,0.01639344262295082,0.059302792880484026,0.0,0.0,0.0,9.0,5.0
emblematica:E009596,2803,32,0.3333333333333333,0.02631578947368421,0.010216795047932182,0.0,0.0,0.0,3.0,4.0
emblematica:E009597,2803,332,0.5731399412345528,1.0,0.1083555914814122,0.0030120481927710845,0.0030120481927710845,0.009036144578313253,1.0,5.0
emblematica:E009598,2803,16,0.3333333333333333,0.003937007874015748,0.008568339560103735,0.0,0.0,0.0,2.5,3.5
emblematica:E009599,2803,183,0.3443757039090648,0.05555555555555555,0.06517724274635558,0.0,0.0,0.0,2.0,6.0
emblematica:E009600,2803,38,0.3333333333333333,0.01694915254237288,0.013095956805746841,0.0,0.0,0.0,5.0,3.0
emblematica:E009601,2803,30,0.3491313940615917,0.07142857142857142,0.04991586602657285,0.0,0.0,0.0,3.0,5.0
emblematica:E009602,2803,23,0.3333333333333333,0.004629629629629629,0.007685105200226691,0.0,0.0,0.0,5.0,4.0
emblematica:E009603,2803,312,0.3333333333333333,0.09090909090909091,0.11753435999624912,0.0,0.0,0.0,4.0,4.5
emblematica:E009604,2803,15,0.3333333333333333,0.018867924528301886,0.006732203937986449,0.0,0.0,0.0,1.0,4.0
emblematica:E009605,2803,180,0.3333333333333333,0.022222222222222223,0.046080025071283295,0.0,0.0,0.0,7.0,3.0
emblematica:E009606,2803,0,1.0,,,,,,1.0,2.0
emblematica:E009607,2803,64,0.3333333333333333,0.025,0.025257632889107828,0.0,0.0,0.0,17.0,4.0
emblematica:E009608,2803,31,0.4075679468220986,0.25,0.06765839521723466,0.0,0.03225806451612903,0.03225806451612903,4.0,5.0
emblematica:E009609,2803,82,0.3775028156362593,0.1111111111111111,0.027848822011106156,0.0,0.0,0.012195121951219513,6.0,5.0
emblematica:E009610,2803,11,0.3333333333333333,0.0033444816053511705,0.0048406234306934024,0.0,0.0,0.0,3.5,5.0
emblematica:E009611,2803,743,0.3333333333333333,0.038461538461538464,0.34756796872008533,0.0,0.0,0.0,11.5,3.0
emblematica:E009612,2803,253,0.38559884598578353,0.16666666666666666,0.1015739340681688,0.0,0.0,0.003952569169960474,1.0,2.5
emblematica:E009613,2803,10,0.3333333333333333,0.0007668711656441718,0.0028464652660381844,0.0,0.0,0.0,1.5,5.0
emblematica:E009614,2803,54,0.3333333333333333,0.013157894736842105,0.017544784342775302,0.0,0.0,0.0,3.0,5.0
emblematica:E009615,2803,70,0.35167431385817327,0.09090909090909091,0.054768938963300484,0.0,0.0,0.0,7.0,6.0
emblematica:E009616,2803,282,0.5013766268844447,0.3333333333333333,0.12255394504714985,0.0,0.0035460992907801418,0.010638297872340425,4.5,3.5
emblematica:E009617,2803,85,0.4039398265106235,0.16666666666666666,0.05374803123714391,0.0,0.0,0.011764705882352941,9.0,5.0
emblematica:E009618,2803,331,0.37574719213263447,0.1,0.12266375081970701,0.0,0.0,0.0030211480362537764,16.0,4.0
emblematica:E009619,2803,111,0.3333333333333333,0.041666666666666664,0.030666476172519764,0.0,0.0,0.0,4.0,3.0
emblematica:E009620,2803,227,0.40475971340630873,0.1111111111111111,0.08582402637997093,0.0,0.0,0.004405286343612335,23.0,5.0
emblematica:E009621,2803,72,0.3333333333333333,0.05555555555555555,0.05115655993491876,0.0,0.0,0.0,14.0,6.0
emblematica:E009622,2803,475,0.3775028156362593,0.1111111111111111,0.1621616504606431,0.0,0.0,0.002105263157894737,29.0,3.0
emblematica:E009623,2803,58,0.3997893655927203,0.16666666666666666,0.020955643106495305,0.0,0.0,0.017241379310344827,9.0,3.5
emblematica:E009624,2803,14,0.3333333333333333,0.006711409395973154,0.007638040833191917,0.0,0.0,0.0,4.5,3.5
emblematica:E009625,2803,187,0.38559884598578353,0.16666666666666666,0.06928674036100792,0.0,0.0,0.0053475935828877,2.0,5.0
emblematica:E009626,2803,29,0.3333333333333333,0.006756756756756757,0.01037310343015374,0.0,0.0,0.0,4.0,3.5
emblematica:E009627,2803,85,0.3333333333333333,0.011764705882352941,0.025296201378273656,0.0,0.0,0.0,5.0,3.5
emblematica:E009628,2803,189,0.5856672792443884,1.0,0.0771140446206408,0.005291005291005291,0.010582010582010581,0.015873015873015872,4.0,5.5
emblematica:E009629,2803,51,0.3333333333333333,0.027777777777777776,0.014467354396907462,0.0,0.0,0.0,1.0,4.0
emblematica:E009630,2803,66,0.3333333333333333,0.08333333333333333,0.022004054147333457,0.0,0.0,0.0,7.0,3.0
emblematica:E009631,2803,70,0.34490520365612953,0.05555555555555555,0.05304323418623062,0.0,0.0,0.0,14.5,4.0
emblematica:E009632,2803,40,0.3333333333333333,0.047619047619047616,0.0170794201830377,0.0,0.0,0.0,4.5,3.0
emblematica:E009633,2803,51,0.3333333333333333,0.04,0.019445785145664904,0.0,0.0,0.0,4.5,3.0
emblematica:E009634,2803,197,0.3333333333333333,0.09090909090909091,0.057739961328323035,0.0,0.0,0.0,8.5,5.0
emblematica:E009635,2803,3,0.40430220188639443,0.0009643201542912247,0.0012303202453964014,0.0,0.0,0.0,1.0,4.0
emblematica:E009636,2803,41,0.3333333333333333,0.023255813953488372,0.012111780427844734,0.0,0.0,0.0,5.0,4.5
emblematica:E009637,2803,290,0.42801270478508463,0.1,0.11131792055036124,0.0,0.0,0.0034482758620689655,3.0,5.0
emblematica:E009638,2803,228,0.3333333333333333,0.09090909090909091,0.08102785878190653,0.0,0.0,0.0,17.0,4.0
emblematica:E009639,2803,257,0.4589627680851436,0.3333333333333333,0.08791679613550672,0.0,0.0038910505836575876,0.007782101167315175,26.0,3.0
emblematica:E009640,2803,7,0.3333333333333333,0.0035971223021582736,0.0031977869906294316,0.0,0.0,0.0,1.0,5.0
emblematica:E009641,2803,192,0.39796179514935814,0.125,0.07146096202261638,0.0,0.0,0.005208333333333333,5.5,3.0
emblematica:E009642,2803,25,0.3333333333333333,0.09090909090909091,0.015223882720553803,0.0,0.0,0.0,1.0,5.0
emblematica:E009643,2803,184,0.48910053882873683,0.5,0.07415520865343737,0.0,0.010869565217391304,0.010869565217391304,2.0,5.0
emblematica:E009644,2803,186,0.3333333333333333,0.09090909090909091,0.059832189825096395,0.0,0.0,0.0,3.0,5.5
emblematica:E009645,2803,16,0.3333333333333333,0.011363636363636364,0.007309721474414718,0.0,0.0,0.0,2.0,3.0
emblematica:E009646,2803,247,0.5223432908710792,0.5,0.08876884406525563,0.0,0.004048582995951417,0.012145748987854251,2.0,4.0
emblematica:E009647,2803,262,0.3333333333333333,0.09090909090909091,0.08962892322501184,0.0,0.0,0.0,21.0,3.0
emblematica:E009648,2803,15,0.3333333333333333,0.005376344086021506,0.005207223735513898,0.0,0.0,0.0,3.0,4.0
emblematica:E009649,2803,25,0.3775028156362593,0.1111111111111111,0.032493343987949536,0.0,0.0,0.04,4.0,3.0
emblematica:E009650,2803,164,0.38559884598578353,0.16666666666666666,0.04908156502759845,0.0,0.0,0.006097560975609756,5.0,4.5
emblematica:E009651,2803,0,1.0,,,,,,1.0,2.0
emblematica:E009652,2803,24,0.3333333333333333,0.03125,0.01606211912739101,0.0,0.0,0.0,3.0,5.0
emblematica:E009653,2803,31,0.3333333333333333,0.017857142857142856,0.010107715371272785,0.0,0.0,0.0,4.0,3.0
emblematica:E009654,2803,197,0.3333333333333333,0.058823529411764705,0.07182537954075278,0.0,0.0,0.0,6.5,4.0
emblematica:E009655,2803,65,0.3333333333333333,0.02,0.018754358482235483,0.0,0.0,0.0,14.0,5.0
emblematica:E009656,2803,295,0.4182691257554896,0.3333333333333333,0.10738241652436402,0.0,0.003389830508474576,0.003389830508474576,27.0,6.0
emblematica:E009657,2803,112,0.3333333333333333,0.06666666666666667,0.051659484639081744,0.0,0.0,0.0,16.0,3.0
emblematica:E009658,2803,24,0.3333333333333333,0.023809523809523808,0.008871407914431284,0.0,0.0,0.0,3.0,5.0
emblematica:E009659,2803,208,0.40669725543269336,0.3333333333333333,0.07624717746654618,0.0,0.004807692307692308,0.004807692307692308,4.0,4.0
emblematica:E009660,2803,101,0.45086673773561936,0.3333333333333333,0.05107125631068508,0.0,0.009900990099009901,0.019801980198019802,23.0,3.5
emblematica:E009661,2803,202,0.635828383027457,1.0,0.08925010299764422,0.0049504950495049506,0.01485148514851485,0.01485148514851485,10.5,3.5
emblematica:E009662,2803,22,0.3333333333333333,0.008064516129032258,0.005374122354029336,0.0,0.0,0.0,1.5,5.0
emblematica:E009663,2803,201,0.3900954117610806,0.2,0.07477379722347022,0.0,0.004975124378109453,0.004975124378109453,11.5,5.0
emblematica:E010543,2803,799,0.9537125187088151,1.0,0.7543819612214036,0.0012515644555694619,0.006257822277847309,0.011264080100125156,14.0,3.0
emblematica:E010544,2803,791,1.0,1.0,0.7760415730941623,0.0012642225031605564,0.006321112515802781,0.012642225031605562,11.0,4.0
emblematica:E010545,2803,773,0.9256180470797136,1.0,0.764492733783384,0.00129366106080207,0.00517464424320828,0.01034928848641656,12.0,3.0
emblematica:E010546,2803,739,0.9510907186004266,1.0,0.7984208134068654,0.0013531799729364006,0.006765899864682003,0.012178619756427604,12.0,3.0
emblematica:E010547,2803,866,0.9477344873475497,1.0,0.7399701430955077,0.0011547344110854503,0.005773672055427252,0.009237875288683603,24.0,4.5
emblematica:E010548,2803,740,0.9134166588977728,1.0,0.769256729640107,0.0013513513513513514,0.006756756756756757,0.010810810810810811,5.0,4.0
emblematica:E010549,2803,747,0.9086768598011253,1.0,0.7726664921253973,0.0013386880856760374,0.006693440428380187,0.0107095046854083,10.0,3.0
emblematica:E010550,2803,1026,0.8743705652481896,1.0,0.7105376004650206,0.0009746588693957114,0.003898635477582846,0.007797270955165692,17.5,4.5
emblematica:E010551,2803,736,0.8437289933844666,1.0,0.8173014570592719,0.001358695652173913,0.005434782608695652,0.009510869565217392,4.0,3.0
emblematica:E010552,2803,827,0.9266360779006398,1.0,0.7514099536590927,0.0012091898428053204,0.0048367593712212815,0.010882708585247884,14.0,3.0
emblematica:E010553,2803,740,0.7817956026658199,1.0,0.7639917146197378,0.0013513513513513514,0.004054054054054054,0.00945945945945946,3.5,4.0
emblematica:E010554,2803,761,0.8606337550063157,1.0,0.771247044517645,0.001314060446780552,0.006570302233902759,0.009198423127463863,5.0,4.0
emblematica:E010555,2803,590,0.524461289859338,0.5,0.24690057275819946,0.0,0.001694915254237288,0.005084745762711864,15.0,4.0
emblematica:E010556,2803,725,0.8400527367984127,1.0,0.7878646187257554,0.001379310344827586,0.005517241379310344,0.009655172413793104,2.0,4.0
emblematica:E010557,2803,830,0.836179114306529,1.0,0.7357989132872399,0.0012048192771084338,0.004819277108433735,0.008433734939759036,15.0,5.0
emblematica:E010558,2803,950,0.8990684392693266,1.0,0.7286397691766263,0.0010526315789473684,0.004210526315789474,0.008421052631578947,17.0,3.5
emblematica:E010559,2803,762,0.9575861412006987,1.0,0.7986036958075925,0.0013123359580052493,0.006561679790026247,0.011811023622047244,8.0,3.0
emblematica:E010560,2803,99,0.49066464223187867,1.0,0.06490200666127126,0.010101010101010102,0.010101010101010102,0.010101010101010102,7.5,3.0
emblematica:E010561,2803,55,0.3333333333333333,0.043478260869565216,0.03031401757117055,0.0,0.0,0.0,1.0,4.0
emblematica:E010562,2803,499,0.7370031770794805,1.0,0.22685771449667502,0.002004008016032064,0.006012024048096192,0.008016032064128256,47.0,4.0
emblematica:E010563,2803,814,0.9368077570869661,1.0,0.7670029046795279,0.0012285012285012285,0.004914004914004914,0.009828009828009828,31.0,3.0
emblematica:E010564,2803,1033,0.8442327945045964,1.0,0.7276586046905174,0.000968054211035818,0.002904162633107454,0.007744433688286544,32.0,3.0
emblematica:E010565,2803,1043,0.7018307059217811,0.5,0.70095281392621,0.0,0.0028763183125599234,0.005752636625119847,3.0,4.0
emblematica:E010566,2803,855,0.909543036405889,1.0,0.7326488928024999,0.0011695906432748538,0.005847953216374269,0.00935672514619883,31.0,4.0
emblematica:E010567,2803,723,0.7898916330153442,1.0,0.7766230446374532,0.0013831258644536654,0.004149377593360996,0.009681881051175657,4.0,3.5
emblematica:E010568,2803,13,0.3333333333333333,0.01,0.006546837506417441,0.0,0.0,0.0,1.5,3.0
emblematica:E010569,2803,397,0.49573675250656285,0.5,0.18118908667052205,0.0,0.005037783375314861,0.005037783375314861,12.0,3.5
emblematica:E010570,2803,272,0.648924780272408,1.0,0.20777404589154472,0.003676470588235294,0.011029411764705883,0.014705882352941176,5.0,4.0
emblematica:E010571,2803,722,0.9537125187088151,1.0,0.7755046972301106,0.0013850415512465374,0.006925207756232687,0.012465373961218837,9.0,3.0
emblematica:E010572,2803,156,0.4589627680851436,0.3333333333333333,0.04143356088658197,0.0,0.00641025641025641,0.01282051282051282,4.5,4.0
emblematica:E010573,2803,754,0.7559835875381316,1.0,0.7627210297739128,0.001326259946949602,0.003978779840848806,0.007957559681697613,7.0,4.0
emblematica:E010574,2803,167,0.3333333333333333,0.09090909090909091,0.15022483238071507,0.0,0.0,0.0,2.5,3.5
emblematica:E010575,2803,168,0.37962081462451813,0.125,0.18433531744036494,0.0,0.0,0.005952380952380952,1.0,4.0
emblematica:E010576,2803,872,1.0,1.0,0.893566953822122,0.0011467889908256881,0.005733944954128441,0.011467889908256881,6.0,3.5
emblematica:E010577,2803,169,0.5224750363313545,1.0,0.17078925594798913,0.005917159763313609,0.005917159763313609,0.011834319526627219,3.0,4.0
emblematica:E010578,2803,731,0.7965100773735325,0.5,0.7707709213891425,0.0,0.004103967168262654,0.01094391244870041,2.0,3.0
emblematica:E010579,2803,471,0.49977601913519276,0.14285714285714285,0.21650915391741007,0.0,0.0,0.0021231422505307855,3.5,3.5
emblematica:E010580,2803,734,1.0,1.0,0.7737345838815977,0.0013623978201634877,0.006811989100817439,0.013623978201634877,1.0,3.0
emblematica:E010581,2803,39,0.5076288161633667,0.2,0.018296331443693272,0.0,0.02564102564102564,0.02564102564102564,3.0,3.5
emblematica:E010582,2803,180,0.3333333333333333,0.09090909090909091,0.16985441762474915,0.0,0.0,0.0,5.5,3.0
emblematica:E010583,2803,749,0.8111783223351559,1.0,0.7786754473774933,0.0013351134846461949,0.004005340453938585,0.009345794392523364,2.5,4.0
emblematica:E010584,2803,831,0.7117879118193368,0.3333333333333333,0.7488738391417106,0.0,0.0036101083032490976,0.00842358604091456,7.0,4.0
emblematica:E010585,2803,960,0.9014470060563649,1.0,0.7338866109556936,0.0010416666666666667,0.005208333333333333,0.008333333333333333,35.0,3.5
emblematica:E010586,2803,971,0.8803485966094551,1.0,0.7293833075075722,0.0010298661174047373,0.004119464469618949,0.008238928939237899,16.0,4.0
emblematica:E010587,2803,762,1.0,1.0,0.7811444030125922,0.0013123359580052493,0.006561679790026247,0.013123359580052493,5.0,3.5
emblematica:E010588,2803,230,0.6590312013437484,1.0,0.20797025036941202,0.004347826086956522,0.013043478260869565,0.017391304347826087,5.0,4.0
emblematica:E010589,2803,141,0.5032049181776458,1.0,0.053842620433125106,0.0070921985815602835,0.0070921985815602835,0.0070921985815602835,3.5,4.5
emblematica:E010590,2803,157,0.644748239830288,1.0,0.1875866318809287,0.006369426751592357,0.012738853503184714,0.025477707006369428,2.0,3.5
emblematica:E010591,2803,875,0.8532721558012798,0.5,0.9055291829079491,0.0,0.004571428571428572,0.010285714285714285,3.0,4.0
emblematica:E010592,2803,732,0.7932191042356413,1.0,0.7743131070301769,0.001366120218579235,0.00546448087431694,0.00819672131147541,5.5,3.5
emblematica:E010593,2803,180,0.4826703743434503,0.5,0.1700615081122249,0.0,0.011111111111111112,0.011111111111111112,3.0,3.5
emblematica:E010594,2803,949,0.7799082337019198,0.5,0.7468652087392847,0.0,0.003161222339304531,0.008429926238145416,6.0,4.0
emblematica:E010595,2803,1106,0.9477344873475497,1.0,0.707378865874925,0.0009041591320072332,0.0045207956600361665,0.0081374321880651,12.0,4.0
emblematica:E010596,2803,69,0.48006117753205335,1.0,0.0697894690255725,0.014492753623188406,0.014492753623188406,0.014492753623188406,5.5,4.0
emblematica:E010597,2803,734,0.9558305176970738,1.0,0.7828300970347077,0.0013623978201634877,0.006811989100817439,0.01226158038147139,6.0,3.0
emblematica:E010598,2803,756,1.0,1.0,0.8020126046491018,0.0013227513227513227,0.006613756613756613,0.013227513227513227,19.0,3.0
emblematica:E010599,2803,888,1.0,1.0,0.8928411422445768,0.0011261261261261261,0.00563063063063063,0.01126126126126126,1.5,3.5
emblematica:E010600,2803,1108,0.9266360779006398,1.0,0.8326265850511012,0.0009025270758122744,0.0036101083032490976,0.008122743682310469,21.5,3.5
emblematica:E010601,2803,786,0.7965100773735325,0.5,0.7509433729442117,0.0,0.003816793893129771,0.010178117048346057,15.0,3.0
emblematica:E010602,2803,874,0.9025631996261787,1.0,0.8889163537603572,0.0011441647597254005,0.004576659038901602,0.009153318077803204,3.5,3.5
emblematica:E010603,2803,302,0.3858133551112718,0.05555555555555555,0.18797748687357677,0.0,0.0,0.0,8.0,3.5
emblematica:E010604,2803,224,0.3333333333333333,0.09090909090909091,0.17087689701471168,0.0,0.0,0.0,1.5,3.5
emblematica:E010605,2803,735,1.0,1.0,0.7907332203560045,0.0013605442176870747,0.005442176870748299,0.012244897959183673,2.0,3.0
emblematica:E010606,2803,213,0.5224750363313545,1.0,0.1632414764118682,0.004694835680751174,0.004694835680751174,0.009389671361502348,2.0,4.0
emblematica:E010607,2803,725,0.9558305176970738,1.0,0.777167752516207,0.001379310344827586,0.006896551724137931,0.012413793103448275,2.5,4.0
emblematica:E010608,2803,229,0.48006117753205335,1.0,0.18440110144847538,0.004366812227074236,0.004366812227074236,0.004366812227074236,6.0,3.0
emblematica:E010609,2803,200,0.5668751486586392,0.5,0.18839152684872995,0.0,0.005,0.02,1.0,5.0
emblematica:E010610,2803,216,0.4345081273853569,0.16666666666666666,0.18875292565217144,0.0,0.0,0.004629629629629629,2.0,4.0
emblematica:E010611,2803,221,0.5437446182682254,0.25,0.18555294811807357,0.0,0.00904977375565611,0.01809954751131222,10.5,3.5
emblematica:E010612,2803,740,0.9266360779006398,1.0,0.7822660186389002,0.0013513513513513514,0.005405405405405406,0.012162162162162163,6.0,4.0
emblematica:E010613,2803,1224,0.9477344873475497,1.0,0.7309440979920919,0.0008169934640522876,0.004084967320261438,0.007352941176470588,23.5,3.5
emblematica:E010614,2803,734,0.8905202757957813,1.0,0.7904613687371018,0.0013623978201634877,0.005449591280653951,0.010899182561307902,6.0,4.0
emblematica:E010615,2803,784,0.9575861412006987,1.0,0.7592761921910683,0.0012755102040816326,0.006377551020408163,0.011479591836734694,3.0,3.0
emblematica:E010616,2803,756,0.8698739994728926,1.0,0.7682580427502415,0.0013227513227513227,0.003968253968253968,0.010582010582010581,13.0,3.0
emblematica:E010617,2803,782,0.9266360779006398,1.0,0.7593805352134401,0.0012787723785166241,0.005115089514066497,0.011508951406649617,19.0,4.0
emblematica:E010618,2803,757,0.8501591578697532,1.0,0.7568565577775523,0.001321003963011889,0.005284015852047556,0.009247027741083224,1.0,3.0
emblematica:E010619,2803,881,1.0,1.0,0.9015552103937519,0.0011350737797956867,0.0056753688989784334,0.011350737797956867,6.0,3.0
emblematica:E010620,2803,743,0.8091026734983537,0.5,0.7639006130612025,0.0,0.005383580080753701,0.010767160161507403,10.0,3.0
emblematica:E010621,2803,793,0.9368077570869661,1.0,0.7704086998681812,0.0012610340479192938,0.005044136191677175,0.011349306431273645,16.5,4.0
emblematica:E010622,2803,856,0.9510907186004266,1.0,0.7395484319242647,0.0011682242990654205,0.005841121495327103,0.010514018691588784,17.0,4.0
emblematica:E010623,2803,794,1.0,1.0,0.7834497542999531,0.0012594458438287153,0.006297229219143577,0.012594458438287154,3.0,3.0
emblematica:E010624,2803,810,0.9266360779006398,1.0,0.7528075535555127,0.0012345679012345679,0.0049382716049382715,0.011111111111111112,15.0,4.0
emblematica:E010625,2803,716,0.8454846168880916,1.0,0.7938033099271503,0.0013966480446927375,0.00558659217877095,0.009776536312849162,1.0,4.0
emblematica:E010626,2803,754,0.8161018972187557,1.0,0.7648191844115302,0.001326259946949602,0.005305039787798408,0.009283819628647215,11.0,3.0
emblematica:E010627,2803,354,0.602638282044335,0.5,0.20676145236032006,0.0,0.005649717514124294,0.011299435028248588,18.0,4.0
emblematica:E010628,2803,796,0.8803485966094551,1.0,0.7709671764826289,0.001256281407035176,0.005025125628140704,0.010050251256281407,1.0,3.0
emblematica:E010629,2803,764,0.7799082337019198,0.5,0.7547167615760626,0.0,0.003926701570680628,0.010471204188481676,11.0,5.0
emblematica:E010630,2803,726,1.0,1.0,0.7799382858011767,0.0013774104683195593,0.006887052341597796,0.013774104683195593,4.0,3.0
emblematica:E010631,2803,712,0.7974415120932818,1.0,0.7784668050866019,0.0014044943820224719,0.0056179775280898875,0.008426966292134831,1.5,4.0
emblematica:E010632,2803,768,0.7974415120932818,1.0,0.7676504616227481,0.0013020833333333333,0.005208333333333333,0.0078125,2.0,3.0
emblematica:E010633,2803,158,0.4491111142319945,0.3333333333333333,0.1753951941284796,0.0,0.006329113924050633,0.012658227848101266,3.0,4.0
emblematica:E010634,2803,90,0.39652557624636714,0.25,0.032154437051022354,0.0,0.011111111111111112,0.011111111111111112,3.5,4.0
emblematica:E010635,2803,230,0.43188632727696835,0.16666666666666666,0.18824698892262504,0.0,0.0,0.008695652173913044,3.0,4.0
emblematica:E010636,2803,234,0.5866032287487793,0.3333333333333333,0.20415126799530647,0.0,0.01282051282051282,0.017094017094017096,4.0,4.0
emblematica:E010637,2803,793,0.7877736340270853,1.0,0.7757606242599296,0.0012610340479192938,0.0037831021437578815,0.008827238335435058,8.0,3.0
emblematica:E010638,2803,831,0.5926538996677987,0.25,0.7518831992153882,0.0,0.0024067388688327317,0.006016847172081829,21.5,3.5
emblematica:E010639,2803,114,0.49066464223187867,1.0,0.06708871318188218,0.008771929824561403,0.008771929824561403,0.008771929824561403,3.0,3.0
emblematica:E010640,2803,122,0.3333333333333333,0.08333333333333333,0.08407613051197217,0.0,0.0,0.0,2.0,3.0
emblematica:E010641,2803,206,0.5211050586064612,0.5,0.20413844907734455,0.0,0.0048543689320388345,0.014563106796116505,4.0,3.0
emblematica:E010642,2803,755,0.9368077570869661,1.0,0.7958235548239936,0.0013245033112582781,0.005298013245033113,0.011920529801324504,8.5,3.0
emblematica:E010643,2803,755,0.9053206285482487,1.0,0.7901079296986414,0.0013245033112582781,0.006622516556291391,0.010596026490066225,5.0,4.0
emblematica:E010644,2803,830,0.9575861412006987,1.0,0.766165835786136,0.0012048192771084338,0.006024096385542169,0.010843373493975903,15.0,3.0
emblematica:E010645,2803,947,0.7374943749026186,0.5,0.7267415747576419,0.0,0.0031678986272439284,0.007391763463569166,9.0,3.0
emblematica:E010646,2803,730,0.9477344873475497,1.0,0.7826739490379765,0.0013698630136986301,0.00684931506849315,0.012328767123287671,1.0,4.5
emblematica:E010647,2803,722,0.9112986599095139,1.0,0.770299491927879,0.0013850415512465374,0.006925207756232687,0.0110803324099723,1.0,4.0
emblematica:E010648,2803,343,0.3333333333333333,0.07692307692307693,0.17861692660919218,0.0,0.0,0.0,3.0,4.0
emblematica:E010649,2803,1112,0.9558305176970738,1.0,0.7230153960540684,0.0008992805755395684,0.0044964028776978415,0.008093525179856115,21.0,4.0
emblematica:E010650,2803,791,0.7913443385687328,1.0,0.7581543380871658,0.0012642225031605564,0.0037926675094816687,0.007585335018963337,31.0,3.0
emblematica:E010651,2803,734,0.9537125187088151,1.0,0.798541879121781,0.0013623978201634877,0.006811989100817439,0.01226158038147139,4.5,4.5
emblematica:E010652,2803,788,0.8990684392693266,1.0,0.7640225488710165,0.0012690355329949238,0.005076142131979695,0.01015228426395939,7.5,4.0
emblematica:E010653,2803,789,0.8356329630349425,1.0,0.7579112194264643,0.0012674271229404308,0.005069708491761723,0.008871989860583017,6.0,3.0
emblematica:E010654,2803,816,0.9035650050446237,1.0,0.7733349531544828,0.0012254901960784314,0.006127450980392157,0.00980392156862745,12.0,3.0
emblematica:E010655,2803,886,0.8743705652481896,1.0,0.7299496170246427,0.001128668171557562,0.004514672686230248,0.009029345372460496,6.0,4.0
emblematica:E010656,2803,552,0.6821158643186418,1.0,0.2683241045224858,0.0018115942028985507,0.005434782608695652,0.007246376811594203,17.0,3.0
emblematica:E010657,2803,748,0.7355081213746352,1.0,0.7872530600149991,0.001336898395721925,0.004010695187165776,0.008021390374331552,9.0,3.0
emblematica:E010658,2803,725,0.8340611153182702,1.0,0.7678548294365682,0.001379310344827586,0.004137931034482759,0.011034482758620689,5.0,4.0
emblematica:E010659,2803,802,0.7662910321804409,0.5,0.7547341449466313,0.0,0.004987531172069825,0.008728179551122194,4.0,3.0
emblematica:E010660,2803,732,0.8800456786592188,1.0,0.7778510890083292,0.001366120218579235,0.004098360655737705,0.01092896174863388,4.0,3.0
emblematica:E010661,2803,728,0.9537125187088151,1.0,0.7901537294917256,0.0013736263736263737,0.006868131868131868,0.012362637362637362,3.0,3.0
emblematica:E010662,2803,791,1.0,1.0,0.7562356643512373,0.0012642225031605564,0.006321112515802781,0.012642225031605562,13.0,3.0
emblematica:E010663,2803,731,0.9266360779006398,1.0,0.7693344645836855,0.0013679890560875513,0.005471956224350205,0.012311901504787962,4.0,4.0
emblematica:E010664,2803,726,0.9558305176970738,1.0,0.7976761907264975,0.0013774104683195593,0.006887052341597796,0.012396694214876033,2.0,4.0
emblematica:E010665,2803,743,1.0,1.0,0.7921231107597018,0.0013458950201884253,0.006729475100942127,0.013458950201884253,11.0,4.0
emblematica:E010666,2803,966,0.9150145823798883,1.0,0.7242336771459988,0.0010351966873706005,0.004140786749482402,0.008281573498964804,6.0,3.0
emblematica:E010667,2803,821,0.76069719321891,0.3333333333333333,0.7468840188829866,0.0,0.0036540803897685747,0.0097442143727162,16.0,3.0
emblematica:E010668,2803,779,0.9537125187088151,1.0,0.7736238437322642,0.0012836970474967907,0.006418485237483954,0.011553273427471117,16.5,3.0
emblematica:E010669,2803,771,1.0,1.0,0.7913356736165162,0.0012970168612191958,0.00648508430609598,0.01297016861219196,6.0,5.0
emblematica:E010670,2803,939,0.8532721558012798,0.5,0.7346920679647678,0.0,0.004259850905218318,0.009584664536741214,18.0,3.5
emblematica:E010671,2803,954,0.7144097119277253,0.3333333333333333,0.7257043913345893,0.0,0.0031446540880503146,0.007337526205450734,9.0,4.0
emblematica:E010672,2803,922,1.0,1.0,0.7339958321543343,0.0010845986984815619,0.005422993492407809,0.010845986984815618,4.0,3.0
emblematica:E010673,2803,771,0.9575861412006987,1.0,0.7663771071583252,0.0012970168612191958,0.00648508430609598,0.011673151750972763,8.0,3.0
emblematica:E010674,2803,732,0.9074250374176303,1.0,0.7950694339718785,0.001366120218579235,0.00546448087431694,0.012295081967213115,1.0,3.0
emblematica:E010675,2803,728,0.8803485966094551,1.0,0.7828323025984683,0.0013736263736263737,0.005494505494505495,0.01098901098901099,5.0,3.0
emblematica:E010676,2803,278,0.3333333333333333,0.07692307692307693,0.08475697433923396,0.0,0.0,0.0,3.0,4.0
emblematica:E010677,2803,726,0.8777267965010666,1.0,0.7772347133949576,0.0013774104683195593,0.005509641873278237,0.011019283746556474,10.5,3.0
emblematica:E010678,2803,300,0.3333333333333333,0.038461538461538464,0.09931862011170986,0.0,0.0,0.0,7.0,4.0
emblematica:E010679,2803,847,0.8091026734983537,0.5,0.749008324813234,0.0,0.004722550177095631,0.009445100354191263,17.0,4.0
emblematica:E010680,2803,829,0.9477344873475497,1.0,0.752763162654796,0.0012062726176115801,0.006031363088057901,0.010856453558504222,16.0,3.5
emblematica:E010681,2803,725,1.0,1.0,0.7933565283990808,0.001379310344827586,0.006896551724137931,0.012413793103448275,8.0,4.0
emblematica:E010682,2803,1031,0.9266360779006398,1.0,0.7260631141406195,0.0009699321047526673,0.0038797284190106693,0.008729388942774006,19.5,4.0
emblematica:E010683,2803,734,0.7916472565189691,1.0,0.780391488119622,0.0013623978201634877,0.004087193460490463,0.009536784741144414,1.0,3.5
emblematica:E010684,2803,790,1.0,1.0,0.7714066896189843,0.0012658227848101266,0.006329113924050633,0.012658227848101266,17.0,4.0
emblematica:E010685,2803,1047,0.9266360779006398,1.0,0.7363381719467879,0.0009551098376313276,0.0038204393505253103,0.008595988538681949,2.0,4.0
emblematica:E010686,2803,786,0.8611511462453225,1.0,0.7479380722908001,0.001272264631043257,0.006361323155216285,0.008905852417302799,13.5,3.0
emblematica:E010687,2803,963,0.8069846745100949,0.5,0.7183341213549675,0.0,0.004153686396677051,0.008307372793354102,13.0,4.0
emblematica:E010688,2803,740,1.0,1.0,0.7856400825569325,0.0013513513513513514,0.006756756756756757,0.013513513513513514,6.0,3.0
emblematica:E010689,2803,739,1.0,1.0,0.7705141866014918,0.0013531799729364006,0.006765899864682003,0.013531799729364006,8.0,3.0
emblematica:E010690,2803,912,0.8532721558012798,0.5,0.7179128355521424,0.0,0.0043859649122807015,0.009868421052631578,5.0,4.0
emblematica:E010691,2803,710,0.9432379215722525,1.0,0.7933285313189447,0.0014084507042253522,0.005633802816901409,0.01267605633802817,1.0,3.0
emblematica:E010692,2803,749,0.9432379215722525,1.0,0.7762762534226737,0.0013351134846461949,0.0053404539385847796,0.012016021361815754,7.0,3.0
emblematica:E010693,2803,915,1.0,1.0,0.8923519447344859,0.001092896174863388,0.00546448087431694,0.01092896174863388,5.0,4.0
emblematica:E010694,2803,730,0.8926382747840401,1.0,0.7899016709009298,0.0013698630136986301,0.005479452054794521,0.010958904109589041,2.5,3.5
emblematica:E010695,2803,791,1.0,1.0,0.7811126398625353,0.0012642225031605564,0.006321112515802781,0.012642225031605562,11.0,4.0
emblematica:E010696,2803,791,0.8803485966094551,1.0,0.7524152680836296,0.0012642225031605564,0.0050568900126422255,0.010113780025284451,12.5,3.5
emblematica:E010697,2803,743,0.9368077570869661,1.0,0.7740001420298405,0.0013458950201884253,0.005383580080753701,0.012113055181695828,1.0,4.0
emblematica:E010698,2803,758,0.9074250374176303,1.0,0.7621368844483489,0.0013192612137203166,0.005277044854881266,0.011873350923482849,11.0,3.0
emblematica:E010699,2803,720,0.7117879118193368,0.3333333333333333,0.7683632600862714,0.0,0.004166666666666667,0.009722222222222222,2.0,3.0
emblematica:E010700,2803,793,0.9266360779006398,1.0,0.7871407953478936,0.0012610340479192938,0.005044136191677175,0.011349306431273645,9.5,4.0
emblematica:E010701,2803,770,0.9432379215722525,1.0,0.7818343135768712,0.0012987012987012987,0.005194805194805195,0.011688311688311689,7.0,4.0
emblematica:E010702,2803,1041,0.8943286401726791,1.0,0.7088732302790207,0.0009606147934678194,0.0038424591738712775,0.007684918347742555,39.0,5.0
emblematica:E010703,2803,978,0.7547191618576448,0.5,0.709867623093017,0.0,0.00408997955010225,0.007157464212678937,14.0,3.0
emblematica:E010704,2803,771,0.8909724089198024,1.0,0.7783849300239178,0.0012970168612191958,0.005188067444876783,0.010376134889753566,2.5,4.0
emblematica:E010705,2803,771,0.9432379215722525,1.0,0.7468118958639816,0.0012970168612191958,0.005188067444876783,0.011673151750972763,6.0,3.0
emblematica:E010706,2803,751,0.9575861412006987,1.0,0.7676492132611551,0.0013315579227696406,0.006657789613848202,0.011984021304926764,5.0,3.0
emblematica:E010707,2803,754,1.0,1.0,0.7900733552160412,0.001326259946949602,0.006631299734748011,0.013262599469496022,3.5,3.0
emblematica:E010708,2803,735,0.9266360779006398,1.0,0.7723532808106911,0.0013605442176870747,0.005442176870748299,0.012244897959183673,3.5,3.0
emblematica:E010709,2803,756,0.9575861412006987,1.0,0.7801447921041456,0.0013227513227513227,0.006613756613756613,0.011904761904761904,10.0,4.0
emblematica:E010710,2803,766,0.7196974821147719,1.0,0.7449791051733082,0.0013054830287206266,0.0026109660574412533,0.006527415143603133,17.0,4.0
emblematica:E010711,2803,722,0.6305711926918027,0.25,0.754836480560821,0.0,0.0013850415512465374,0.008310249307479225,2.0,4.0
emblematica:E010712,2803,723,1.0,1.0,0.7946788471122853,0.0013831258644536654,0.006915629322268326,0.013831258644536652,3.0,3.0
emblematica:E010713,2803,717,0.9575861412006987,1.0,0.7917976666170334,0.001394700139470014,0.00697350069735007,0.012552301255230125,2.0,3.0
emblematica:E010714,2803,999,0.7625122742569327,1.0,0.7234218748515846,0.001001001001001001,0.002002002002002002,0.006006006006006006,7.5,4.0
emblematica:E010715,2803,761,0.9575861412006987,1.0,0.7727228506918862,0.001314060446780552,0.006570302233902759,0.011826544021024968,5.0,3.0
emblematica:E010716,2803,774,0.9053206285482487,1.0,0.769285116384062,0.0012919896640826874,0.006459948320413436,0.0103359173126615,3.0,3.0
emblematica:E010717,2803,952,0.8990684392693266,1.0,0.7338321597812267,0.0010504201680672268,0.004201680672268907,0.008403361344537815,5.0,3.5
emblematica:E010718,2803,717,0.9074250374176303,1.0,0.8016548035799606,0.001394700139470014,0.005578800557880056,0.012552301255230125,5.0,3.0
emblematica:E010719,2803,728,1.0,1.0,0.7883920755802435,0.0013736263736263737,0.006868131868131868,0.013736263736263736,5.5,3.0
emblematica:E010720,2803,895,1.0,1.0,0.8877621637747486,0.0011173184357541898,0.00558659217877095,0.0111731843575419,8.0,3.0
emblematica:E010721,2803,742,0.8302010829452636,1.0,0.7947547404396078,0.0013477088948787063,0.005390835579514825,0.009433962264150943,8.0,3.0
emblematica:E010722,2803,738,0.9368077570869661,1.0,0.7810693223873386,0.0013550135501355014,0.005420054200542005,0.012195121951219513,6.0,3.0
emblematica:E010723,2803,761,0.9558305176970738,1.0,0.7823992065370096,0.001314060446780552,0.006570302233902759,0.011826544021024968,7.0,4.0
emblematica:E010724,2803,711,0.7520973617492562,0.5,0.7772194535670232,0.0,0.005625879043600563,0.009845288326300985,1.0,3.5
emblematica:E010725,2803,982,0.9266360779006398,1.0,0.7390482928432767,0.0010183299389002036,0.004073319755600814,0.008146639511201629,21.0,3.0
emblematica:E010726,2803,1020,0.8107005969804694,0.5,0.7063652423941783,0.0,0.0029411764705882353,0.00784313725490196,12.5,3.0
emblematica:E010727,2803,720,0.9074250374176303,1.0,0.790236521611599,0.001388888888888889,0.005555555555555556,0.0125,4.0,3.0
emblematica:E010728,2803,719,0.8611375561264454,1.0,0.785170085317953,0.0013908205841446453,0.005563282336578581,0.011126564673157162,5.0,3.0
emblematica:E010729,2803,779,0.9575861412006987,1.0,0.7867027333728986,0.0012836970474967907,0.006418485237483954,0.011553273427471117,10.5,3.0
emblematica:E010730,2803,746,1.0,1.0,0.7963935284921212,0.0013404825737265416,0.006702412868632708,0.013404825737265416,7.0,3.0
emblematica:E010731,2803,879,0.9633180389503199,1.0,0.7381143041064143,0.0011376564277588168,0.005688282138794084,0.010238907849829351,6.0,3.0
emblematica:E010732,2803,778,0.6847114710111616,0.5,0.7619682234200261,0.0,0.0038560411311053984,0.007712082262210797,9.0,3.5
emblematica:E010733,2803,1289,0.674113852116683,0.3333333333333333,0.727262433540259,0.0,0.0023273855702094647,0.004654771140418929,37.0,3.0
emblematica:E010734,2803,840,0.9510907186004266,1.0,0.750776814156796,0.0011904761904761906,0.005952380952380952,0.010714285714285714,7.0,4.0
emblematica:E010735,2803,751,0.909543036405889,1.0,0.7693222812832755,0.0013315579227696406,0.006657789613848202,0.010652463382157125,5.5,3.5
emblematica:E010736,2803,762,0.9014470060563649,1.0,0.7518140563637377,0.0013123359580052493,0.006561679790026247,0.010498687664041995,2.0,3.0
emblematica:E010737,2803,718,1.0,1.0,0.80254397836824,0.001392757660167131,0.006963788300835654,0.013927576601671309,1.0,3.0
emblematica:E010738,2803,741,0.9558305176970738,1.0,0.7617791684816285,0.001349527665317139,0.006747638326585695,0.012145748987854251,6.0,4.0
emblematica:E010739,2803,157,0.43188632727696835,0.16666666666666666,0.15696582055874178,0.0,0.0,0.012738853503184714,2.0,3.5
emblematica:E010740,2803,71,0.3997893655927203,0.16666666666666666,0.0383417063408582,0.0,0.0,0.014084507042253521,3.0,5.0
emblematica:E010741,2803,505,0.3455606536832266,0.08333333333333333,0.22811052130679116,0.0,0.0,0.0,16.0,4.0
emblematica:E010742,2803,272,0.5692537154456775,0.5,0.1624992569341563,0.0,0.007352941176470588,0.014705882352941176,2.0,3.5
emblematica:E010743,2803,857,0.7877736340270853,1.0,0.7504831598890097,0.0011668611435239206,0.003500583430571762,0.008168028004667444,10.0,4.0
emblematica:E010744,2803,721,0.8969504402810676,1.0,0.7945278702499663,0.0013869625520110957,0.005547850208044383,0.011095700416088766,4.0,3.0
emblematica:E010745,2803,847,0.9477344873475497,1.0,0.7653130281434009,0.0011806375442739079,0.0059031877213695395,0.010625737898465172,16.0,3.0
emblematica:E010746,2803,79,0.3954188753527766,0.125,0.03036762757144434,0.0,0.0,0.012658227848101266,3.0,4.0
emblematica:E010747,2803,793,1.0,1.0,0.7790913227533224,0.0012610340479192938,0.006305170239596469,0.012610340479192938,4.5,3.5
emblematica:E010748,2803,725,0.9477344873475497,1.0,0.7869726365546295,0.001379310344827586,0.006896551724137931,0.012413793103448275,1.0,3.0
emblematica:E010749,2803,730,0.85515952476518,1.0,0.7914086382017954,0.0013698630136986301,0.005479452054794521,0.010958904109589041,6.0,3.0
emblematica:E010750,2803,1025,0.9510907186004266,1.0,0.7158834585197589,0.000975609756097561,0.004878048780487805,0.00878048780487805,18.0,4.0
emblematica:E010751,2803,765,0.9558305176970738,1.0,0.7509769470704255,0.00130718954248366,0.006535947712418301,0.011764705882352941,13.5,3.5
emblematica:E010752,2803,805,0.9432379215722525,1.0,0.7482493698584418,0.0012422360248447205,0.004968944099378882,0.011180124223602485,3.0,3.0
emblematica:E010753,2803,800,0.9074250374176303,1.0,0.7604899828562663,0.00125,0.005,0.01125,11.0,3.0
emblematica:E010754,2803,831,0.8969504402810676,1.0,0.7429886903538938,0.0012033694344163659,0.0048134777376654635,0.009626955475330927,16.5,4.0
emblematica:E010755,2803,741,0.8969504402810676,1.0,0.7968138614277035,0.001349527665317139,0.005398110661268556,0.010796221322537112,2.5,3.0
emblematica:E010756,2803,710,0.7983974463374327,1.0,0.7725544916760063,0.0014084507042253522,0.004225352112676056,0.009859154929577466,1.5,3.5
emblematica:E010757,2803,1059,0.68733327111955,0.25,0.6947595230604577,0.0,0.0018885741265344666,0.0066100094428706326,24.5,4.0
emblematica:E010758,2803,751,0.8481064169964802,1.0,0.776872587209498,0.0013315579227696406,0.005326231691078562,0.009320905459387484,6.0,3.0
emblematica:E010759,2803,803,0.9432379215722525,1.0,0.7837745404716282,0.0012453300124533001,0.0049813200498132005,0.0112079701120797,6.0,4.0
emblematica:E010760,2803,800,0.8340611153182702,1.0,0.7639060908745919,0.00125,0.00375,0.01,13.0,3.5
emblematica:E010761,2803,296,0.39022427932434345,0.125,0.19602997327485397,0.0,0.0,0.0033783783783783786,1.0,3.5
emblematica:E010762,2803,374,0.4454348576459405,0.25,0.17373882230104667,0.0,0.00267379679144385,0.0053475935828877,7.0,3.0
emblematica:E010763,2803,734,0.8988252059479763,1.0,0.7966575383225278,0.0013623978201634877,0.006811989100817439,0.010899182561307902,1.0,4.0
emblematica:E010764,2803,773,1.0,1.0,0.7853825761794124,0.00129366106080207,0.00646830530401035,0.0129366106080207,2.0,4.0
emblematica:E010765,2803,726,0.9575861412006987,1.0,0.7827267818325201,0.0013774104683195593,0.006887052341597796,0.012396694214876033,6.5,3.0
emblematica:E010766,2803,805,1.0,1.0,0.7707056875914672,0.0012422360248447205,0.006211180124223602,0.012422360248447204,24.5,4.0
emblematica:E010767,2803,793,0.9558305176970738,1.0,0.7737726344760029,0.0012610340479192938,0.006305170239596469,0.011349306431273645,10.0,4.0
emblematica:E010768,2803,740,0.9074250374176303,1.0,0.7768848732295617,0.0013513513513513514,0.005405405405405406,0.010810810810810811,4.0,4.5
emblematica:E010769,2803,793,0.9074250374176303,1.0,0.7698387995517679,0.0012610340479192938,0.005044136191677175,0.011349306431273645,17.0,4.0
emblematica:E010770,2803,744,0.909543036405889,1.0,0.7855142076794797,0.0013440860215053765,0.006720430107526882,0.010752688172043012,2.0,4.0
emblematica:E010771,2803,846,1.0,1.0,0.7445766466804788,0.001182033096926714,0.00591016548463357,0.01182033096926714,4.0,3.0
emblematica:E010772,2803,789,0.8043754776986981,1.0,0.7658178889575362,0.0012674271229404308,0.0038022813688212928,0.008871989860583017,5.0,3.0
emblematica:E010773,2803,793,0.8017536775903096,1.0,0.753746004812484,0.0012610340479192938,0.0037831021437578815,0.008827238335435058,10.5,4.0
emblematica:E010774,2803,802,0.8824665955977139,1.0,0.7561771194435813,0.0012468827930174563,0.004987531172069825,0.00997506234413965,17.5,3.5
emblematica:E010775,2803,858,0.9510907186004266,1.0,0.7388716967447577,0.0011655011655011655,0.005827505827505828,0.01048951048951049,15.0,4.0
emblematica:E010776,2803,1043,0.8010066431488296,0.5,0.729399950091987,0.0,0.003835091083413231,0.007670182166826462,5.5,4.0
emblematica:E010777,2803,945,0.7577724751602853,1.0,0.720432859802622,0.0010582010582010583,0.0021164021164021165,0.006349206349206349,20.0,3.0
emblematica:E010778,2803,1008,0.9432379215722525,1.0,0.8438184320939586,0.000992063492063492,0.003968253968253968,0.008928571428571428,30.0,3.0
emblematica:E010779,2803,227,0.5486132849281355,0.5,0.20168682506657548,0.0,0.00881057268722467,0.013215859030837005,3.0,3.0
emblematica:E010780,2803,708,0.8463507934928551,1.0,0.768837640774246,0.0014124293785310734,0.005649717514124294,0.009887005649717515,1.0,3.0
emblematica:E010781,2803,796,0.7473200741945336,1.0,0.7604622593018922,0.001256281407035176,0.002512562814070352,0.007537688442211055,14.0,4.0
emblematica:E010782,2803,834,1.0,1.0,0.9243267986012197,0.001199040767386091,0.005995203836930456,0.011990407673860911,1.5,3.0
emblematica:E010783,2803,185,0.37962081462451813,0.125,0.050547394082412295,0.0,0.0,0.005405405405405406,6.0,5.0
emblematica:E010784,2803,178,0.4589627680851436,0.3333333333333333,0.1713756211723858,0.0,0.0056179775280898875,0.011235955056179775,3.0,3.0
emblematica:E010785,2803,737,1.0,1.0,0.7929165674550789,0.0013568521031207597,0.0067842605156037995,0.013568521031207599,15.0,3.0
emblematica:E010786,2803,433,0.5666445186342806,1.0,0.20134101635683968,0.0023094688221709007,0.0023094688221709007,0.006928406466512702,11.0,4.0
emblematica:E010787,2803,739,1.0,1.0,0.800226490293009,0.0013531799729364006,0.006765899864682003,0.013531799729364006,5.5,3.0
emblematica:E010788,2803,728,0.7357387513989938,0.5,0.7899505135925302,0.0,0.004120879120879121,0.009615384615384616,3.5,3.0
emblematica:E010789,2803,187,0.4977003702983907,0.25,0.16037570072879967,0.0,0.0053475935828877,0.0106951871657754,6.0,3.0
emblematica:E010790,2803,414,0.44281305753755196,0.25,0.1847412844836101,0.0,0.0024154589371980675,0.004830917874396135,5.0,3.0
emblematica:E010791,2803,987,1.0,1.0,0.7201835959849628,0.0010131712259371835,0.005065856129685917,0.010131712259371834,27.5,4.0
emblematica:E010792,2803,736,0.8082491001905818,1.0,0.778980835344512,0.001358695652173913,0.004076086956521739,0.009510869565217392,3.0,3.0
emblematica:E010793,2803,947,1.0,1.0,0.8641707599260628,0.0010559662090813093,0.005279831045406547,0.010559662090813094,18.0,3.0
emblematica:E010794,2803,393,0.7390788259162825,1.0,0.19222798046060324,0.002544529262086514,0.007633587786259542,0.01272264631043257,3.0,3.5
emblematica:E010795,2803,177,0.4285300960240915,0.14285714285714285,0.18759683251011394,0.0,0.0,0.011299435028248588,3.0,3.0
emblematica:E010796,2803,731,0.7347014023042692,1.0,0.7665483003523088,0.0013679890560875513,0.004103967168262654,0.006839945280437756,7.0,3.0
emblematica:E010797,2803,875,0.9368077570869661,1.0,0.8886635229295373,0.001142857142857143,0.004571428571428572,0.010285714285714285,3.0,3.0
emblematica:E010798,2803,199,0.5713717144339363,0.5,0.19166446162026193,0.0,0.010050251256281407,0.010050251256281407,2.0,4.0
emblematica:E010799,2803,244,0.5564660819563095,0.5,0.22425576082477888,0.0,0.012295081967213115,0.012295081967213115,17.0,4.0
emblematica:E010800,2803,893,1.0,1.0,0.8852534874865559,0.0011198208286674132,0.005599104143337066,0.011198208286674132,5.5,3.5
emblematica:E010801,2803,162,0.38559884598578353,0.16666666666666666,0.18517437974242984,0.0,0.0,0.006172839506172839,2.0,3.0
emblematica:E010802,2803,419,0.618923621405608,1.0,0.20385767257496287,0.002386634844868735,0.00477326968973747,0.007159904534606206,10.0,4.0
emblematica:E010803,2803,227,0.628832059597349,0.5,0.19872254535268058,0.0,0.013215859030837005,0.01762114537444934,4.0,4.0
emblematica:E010804,2803,229,0.5250842331427514,0.5,0.19401096904832663,0.0,0.008733624454148471,0.013100436681222707,11.0,3.0
emblematica:E010805,2803,282,0.5965733895752029,0.3333333333333333,0.19435439897690338,0.0,0.0035460992907801418,0.01773049645390071,7.0,4.0
emblematica:E010806,2803,991,1.0,1.0,0.7518390885807019,0.0010090817356205853,0.005045408678102927,0.010090817356205853,9.0,3.0
emblematica:E010807,2803,725,0.6885850935030452,0.5,0.7888105376609582,0.0,0.004137931034482759,0.008275862068965517,9.0,3.0
emblematica:E010808,2803,763,0.8842222191013388,1.0,0.7773489036201362,0.001310615989515072,0.005242463958060288,0.010484927916120577,10.0,4.0
emblematica:E010809,2803,817,0.8525377246567915,1.0,0.7579034918774794,0.0012239902080783353,0.006119951040391677,0.008567931456548347,8.0,4.0
emblematica:E010810,2803,1063,1.0,1.0,0.7410529168879091,0.0009407337723424271,0.004703668861712135,0.00940733772342427,45.5,3.5
emblematica:E010811,2803,856,0.9510907186004266,1.0,0.7611714677915508,0.0011682242990654205,0.005841121495327103,0.010514018691588784,5.0,4.0
emblematica:E010812,2803,1035,0.9575861412006987,1.0,0.7158725439692512,0.000966183574879227,0.004830917874396135,0.008695652173913044,24.5,4.0
emblematica:E010813,2803,785,0.8878984756873928,1.0,0.7550196885291768,0.0012738853503184713,0.005095541401273885,0.01019108280254777,15.0,3.0
emblematica:E010814,2803,761,0.7830474250493151,1.0,0.7712285884713387,0.001314060446780552,0.005256241787122208,0.00788436268068331,4.0,4.0
emblematica:E010815,2803,949,0.9575861412006987,1.0,0.7380533876493902,0.001053740779768177,0.005268703898840885,0.009483667017913594,17.0,5.0
emblematica:E010816,2803,757,0.9368077570869661,1.0,0.777218231158552,0.001321003963011889,0.005284015852047556,0.010568031704095112,12.0,4.0
emblematica:E010817,2803,751,0.8043628744017064,0.5,0.7680598044580228,0.0,0.005326231691078562,0.010652463382157125,4.0,3.0
emblematica:E010818,2803,723,0.7799082337019198,0.5,0.7775059785730387,0.0,0.004149377593360996,0.011065006915629323,4.5,3.5
emblematica:E010819,2803,176,0.5323266901845036,1.0,0.171654684706668,0.005681818181818182,0.005681818181818182,0.011363636363636364,3.5,4.0
emblematica:E010820,2803,900,0.8108582970019786,0.5,0.7438399632305452,0.0,0.0044444444444444444,0.008888888888888889,32.0,4.0
emblematica:E010821,2803,727,0.8623893785099406,1.0,0.7697570169393907,0.001375515818431912,0.0068775790921595595,0.009628610729023384,4.0,4.0
emblematica:E010822,2803,865,0.9575861412006987,1.0,0.7407905490635978,0.0011560693641618498,0.004624277456647399,0.009248554913294798,23.5,4.0
emblematica:E010823,2803,925,0.8145345535880326,1.0,0.7282591697476964,0.001081081081081081,0.003243243243243243,0.0075675675675675675,13.0,3.0
emblematica:E010824,2803,750,0.9510907186004266,1.0,0.7838755614367516,0.0013333333333333333,0.006666666666666667,0.012,15.0,3.0
emblematica:E010825,2803,760,1.0,1.0,0.7923948781932827,0.0013157894736842105,0.006578947368421052,0.013157894736842105,8.0,3.0
emblematica:E010826,2803,772,0.8532721558012798,0.5,0.7545196777278176,0.0,0.0051813471502590676,0.011658031088082901,12.0,3.0
emblematica:E010827,2803,946,0.7117879118193368,0.3333333333333333,0.7133927341710647,0.0,0.003171247357293869,0.007399577167019027,6.0,3.0
emblematica:E010828,2803,781,0.7502225960823476,0.5,0.7556238584901375,0.0,0.0038412291933418692,0.008962868117797696,11.0,3.0
emblematica:E010829,2803,271,0.46345933386044064,0.3333333333333333,0.17695330926381717,0.0,0.007380073800738007,0.007380073800738007,12.5,3.5
emblematica:E010830,2803,958,0.8319567064488884,1.0,0.7210694060772921,0.0010438413361169101,0.0041753653444676405,0.007306889352818371,9.0,3.0
emblematica:E010831,2803,731,0.6389413809589836,0.5,0.7648697676672734,0.0,0.004103967168262654,0.006839945280437756,2.5,3.0
emblematica:E010832,2803,816,1.0,1.0,0.7711369975321816,0.0012254901960784314,0.006127450980392157,0.012254901960784314,17.0,4.5
emblematica:E010833,2803,739,0.8010066431488296,0.5,0.7747611859895003,0.0,0.005412719891745603,0.010825439783491205,2.0,3.0
emblematica:E010834,2803,737,1.0,1.0,0.8033377524231886,0.0013568521031207597,0.0067842605156037995,0.013568521031207599,3.0,3.0
emblematica:E010835,2803,724,0.9432379215722525,1.0,0.7890624869509303,0.0013812154696132596,0.0055248618784530384,0.012430939226519336,2.5,3.0
emblematica:E010836,2803,858,0.909543036405889,0.5,0.7480137959918238,0.0,0.004662004662004662,0.008158508158508158,22.0,4.0
emblematica:E010837,2803,837,0.9008240627729515,1.0,0.7607967468033661,0.0011947431302270011,0.0047789725209080045,0.009557945041816009,20.0,4.0
emblematica:E010838,2803,842,0.9432379215722525,1.0,0.7747935830023864,0.0011876484560570072,0.004750593824228029,0.010688836104513063,12.0,3.0
emblematica:E010839,2803,797,0.9112986599095139,1.0,0.7444230442180243,0.0012547051442910915,0.006273525721455458,0.010037641154328732,13.5,3.0
emblematica:E010840,2803,743,0.7745542150242182,1.0,0.774622257160885,0.0013458950201884253,0.005383580080753701,0.008075370121130552,4.5,4.5
emblematica:E010841,2803,723,0.8340611153182702,1.0,0.7905379241678124,0.0013831258644536654,0.004149377593360996,0.011065006915629323,2.0,4.0
emblematica:E010842,2803,936,0.8376318198599176,1.0,0.7256903608910872,0.0010683760683760685,0.003205128205128205,0.007478632478632479,5.5,4.0
emblematica:E010843,2803,759,1.0,1.0,0.7953158029628691,0.0013175230566534915,0.006587615283267457,0.013175230566534914,5.0,4.0
emblematica:E010844,2803,850,0.9432379215722525,1.0,0.9131669345456702,0.001176470588235294,0.004705882352941176,0.010588235294117647,2.0,4.0
emblematica:E010845,2803,756,0.7788708846071951,1.0,0.7764465555020245,0.0013227513227513227,0.003968253968253968,0.007936507936507936,11.0,4.0
emblematica:E010846,2803,167,0.3333333333333333,0.047619047619047616,0.16125811959603395,0.0,0.0,0.0,2.5,4.0
emblematica:E010847,2803,191,0.3900954117610806,0.2,0.17102093688636924,0.0,0.005235602094240838,0.005235602094240838,1.5,4.0
emblematica:E010848,2803,241,0.5018940181234516,0.3333333333333333,0.2047201886829448,0.0,0.004149377593360996,0.012448132780082987,4.0,3.0
emblematica:E010849,2803,720,0.8532721558012798,0.5,0.770342454171096,0.0,0.004166666666666667,0.011111111111111112,2.5,3.0
emblematica:E010850,2803,980,0.8532721558012798,0.5,0.7332089832447337,0.0,0.004081632653061225,0.009183673469387756,18.0,4.0
emblematica:E010851,2803,117,0.48006117753205335,1.0,0.050768274479969865,0.008547008547008548,0.008547008547008548,0.008547008547008548,2.0,3.5
emblematica:E010852,2803,194,0.4781738085681532,0.5,0.19099687856647968,0.0,0.005154639175257732,0.010309278350515464,2.0,4.0
emblematica:E010853,2803,231,0.4589627680851436,0.3333333333333333,0.160483394045157,0.0,0.004329004329004329,0.008658008658008658,2.0,4.0
emblematica:E010854,2803,165,0.40669725543269336,0.3333333333333333,0.16844085420998028,0.0,0.006060606060606061,0.006060606060606061,1.0,3.0
emblematica:E010855,2803,540,0.3333333333333333,0.07692307692307693,0.22996526902420159,0.0,0.0,0.0,3.0,3.0
emblematica:E010856,2803,206,0.6922875435049679,1.0,0.21146668176590805,0.0048543689320388345,0.009708737864077669,0.009708737864077669,2.0,4.0
emblematica:E010857,2803,261,0.3900954117610806,0.2,0.18010521694676726,0.0,0.0038314176245210726,0.0038314176245210726,12.5,3.0
emblematica:E010858,2803,230,0.48006117753205335,1.0,0.18225021144608408,0.004347826086956522,0.004347826086956522,0.004347826086956522,4.5,4.0
emblematica:E010859,2803,1022,0.9558305176970738,1.0,0.7010717424393369,0.0009784735812133072,0.004892367906066536,0.008806262230919765,16.0,3.0
emblematica:E010860,2803,729,1.0,1.0,0.8139969855262253,0.0013717421124828531,0.006858710562414266,0.013717421124828532,2.0,4.0
emblematica:E010861,2803,781,0.9537125187088151,1.0,0.7711968710470731,0.0012804097311139564,0.006402048655569782,0.011523687580025609,14.0,3.0
emblematica:E010862,2803,747,1.0,1.0,0.7814146992640756,0.0013386880856760374,0.006693440428380187,0.013386880856760375,11.0,3.0
emblematica:E010863,2803,27,0.3333333333333333,0.004830917874396135,0.010513229202982036,0.0,0.0,0.0,4.5,3.0
emblematica:E010864,2803,194,0.5783056800393526,0.25,0.22998164162597556,0.0,0.005154639175257732,0.02577319587628866,5.0,3.0
emblematica:E010865,2803,832,1.0,1.0,0.9114318371918516,0.001201923076923077,0.006009615384615385,0.01201923076923077,3.0,3.0
emblematica:E010866,2803,934,0.9432379215722525,1.0,0.7417878280555177,0.0010706638115631692,0.0032119914346895075,0.008565310492505354,3.0,3.0
emblematica:E010867,2803,1119,1.0,1.0,0.8314145644368193,0.0008936550491510277,0.004468275245755138,0.008936550491510277,22.0,3.0
emblematica:E010868,2803,752,1.0,1.0,0.7847225154374868,0.0013297872340425532,0.005319148936170213,0.011968085106382979,11.0,3.0
emblematica:E010869,2803,1039,1.0,1.0,0.8405398965944302,0.0009624639076034649,0.004812319538017324,0.009624639076034648,9.0,3.0
emblematica:E010870,2803,1085,0.7018307059217811,0.5,0.7139689759742509,0.0,0.0027649769585253456,0.005529953917050691,20.5,4.0
emblematica:E010871,2803,749,0.8878984756873928,1.0,0.7906197048788515,0.0013351134846461949,0.0053404539385847796,0.010680907877169559,9.5,3.0
emblematica:E010872,2803,739,0.9266360779006398,1.0,0.7701601168169534,0.0013531799729364006,0.005412719891745603,0.012178619756427604,8.0,3.0
emblematica:E010873,2803,794,0.9510907186004266,1.0,0.7792994186436012,0.0012594458438287153,0.006297229219143577,0.011335012594458438,12.0,3.5
emblematica:E010874,2803,891,0.9266360779006398,1.0,0.7425901967675835,0.001122334455667789,0.004489337822671156,0.010101010101010102,15.0,4.0
emblematica:E010875,2803,781,0.8564113471486752,1.0,0.7735510794732844,0.0012804097311139564,0.006402048655569782,0.008962868117797696,13.0,3.0
emblematica:E010876,2803,1046,0.9510907186004266,1.0,0.8419382196640872,0.0009560229445506692,0.004780114722753346,0.008604206500956023,3.0,3.0
emblematica:E010877,2803,929,0.8501591578697532,1.0,0.7363979525733455,0.001076426264800861,0.004305705059203444,0.007534983853606028,5.0,3.0
emblematica:E010878,2803,944,0.5910298075352013,0.2,0.7208124308143793,0.0,0.001059322033898305,0.005296610169491525,6.0,4.0
emblematica:E010879,2803,221,0.37574719213263447,0.1,0.18726624384633497,0.0,0.0,0.004524886877828055,9.5,3.5
emblematica:E010880,2803,253,0.38993771173957126,0.1,0.08827729685863972,0.0,0.0,0.003952569169960474,17.0,4.0
emblematica:E010881,2803,849,0.76069719321891,0.3333333333333333,0.9063890351987832,0.0,0.0035335689045936395,0.009422850412249705,12.5,3.5
emblematica:E010882,2803,910,0.9510907186004266,1.0,0.7395229915723399,0.001098901098901099,0.005494505494505495,0.00989010989010989,10.5,3.0
emblematica:E010883,2803,948,0.8532721558012798,0.5,0.7364833233749819,0.0,0.004219409282700422,0.00949367088607595,7.0,5.0
emblematica:E010884,2803,284,0.5747405489838048,1.0,0.22128675099721148,0.0035211267605633804,0.0035211267605633804,0.01056338028169014,11.0,3.0
emblematica:E010885,2803,730,0.8566545804700254,1.0,0.7839391660349139,0.0013698630136986301,0.005479452054794521,0.009589041095890411,5.0,3.0
emblematica:E010886,2803,767,0.8277801660067685,1.0,0.7560310925341025,0.001303780964797914,0.003911342894393742,0.009126466753585397,5.0,3.5
emblematica:E010887,2803,730,0.863443834987606,1.0,0.7826712458971158,0.0013698630136986301,0.00410958904109589,0.010958904109589041,6.5,3.0
emblematica:E010888,2803,872,1.0,1.0,0.9081255183109347,0.0011467889908256881,0.005733944954128441,0.011467889908256881,10.0,3.5
emblematica:E010889,2803,708,0.7979453132134116,1.0,0.7680208174113325,0.0014124293785310734,0.00423728813559322,0.009887005649717515,1.5,2.5
emblematica:E010890,2803,188,0.3900954117610806,0.2,0.088915457253477,0.0,0.005319148936170213,0.005319148936170213,7.0,4.0
emblematica:E010891,2803,764,0.8585157560180569,1.0,0.759664325947982,0.0013089005235602095,0.005235602094240838,0.010471204188481676,11.0,5.0
emblematica:E010892,2803,235,0.4551560182025932,0.16666666666666666,0.1527953951396276,0.0,0.0,0.00851063829787234,12.0,3.5
emblematica:E010893,2803,836,1.0,1.0,0.7543845911452005,0.0011961722488038277,0.005980861244019139,0.011961722488038277,15.0,3.5
emblematica:E010894,2803,858,1.0,1.0,0.73954569671087,0.0011655011655011655,0.005827505827505828,0.011655011655011656,34.0,4.0
emblematica:E010895,2803,188,0.4581589851417893,0.2,0.2198825233521233,0.0,0.005319148936170213,0.010638297872340425,3.5,4.0
emblematica:E010896,2803,734,1.0,1.0,0.7881443506232637,0.0013623978201634877,0.006811989100817439,0.013623978201634877,11.0,4.0
emblematica:E010897,2803,724,0.8743705652481896,1.0,0.7900962213657458,0.0013812154696132596,0.0055248618784530384,0.011049723756906077,3.5,3.5
emblematica:E010898,2803,158,0.4831089173485943,0.25,0.17030462930525603,0.0,0.006329113924050633,0.0189873417721519,2.5,3.0
emblematica:E010899,2803,727,0.8108582970019786,0.5,0.7760128093205436,0.0,0.005502063273727648,0.011004126547455296,4.0,3.5
emblematica:E010900,2803,717,0.8082491001905818,1.0,0.782718514963628,0.001394700139470014,0.0041841004184100415,0.009762900976290097,3.0,3.0
emblematica:E010901,2803,24,0.3333333333333333,0.004672897196261682,0.007568897653199819,0.0,0.0,0.0,2.0,4.0
emblematica:E010902,2803,66,0.40669725543269336,0.3333333333333333,0.039797574543443535,0.0,0.015151515151515152,0.015151515151515152,10.0,4.0
emblematica:E010903,2803,763,0.9074250374176303,1.0,0.7564239676131527,0.001310615989515072,0.005242463958060288,0.011795543905635648,17.5,3.0
emblematica:E010904,2803,1002,0.9510907186004266,1.0,0.732256873959902,0.000998003992015968,0.00499001996007984,0.008982035928143712,12.0,3.0
emblematica:E010905,2803,930,0.9432379215722525,1.0,0.7314092521155757,0.001075268817204301,0.004301075268817204,0.00967741935483871,7.5,3.5
emblematica:E010906,2803,713,0.9510907186004266,1.0,0.7868410922710319,0.001402524544179523,0.0070126227208976155,0.012622720897615708,1.0,5.0
emblematica:E010907,2803,837,0.9510907186004266,1.0,0.7704628454764422,0.0011947431302270011,0.005973715651135006,0.010752688172043012,18.5,4.0
emblematica:E010908,2803,740,0.9510907186004266,1.0,0.7948558406475703,0.0013513513513513514,0.006756756756756757,0.012162162162162163,12.0,3.0
emblematica:E010909,2803,804,0.9575861412006987,1.0,0.7311602149316111,0.0012437810945273632,0.006218905472636816,0.011194029850746268,6.5,3.0
emblematica:E010910,2803,831,0.9558305176970738,1.0,0.7578808453730345,0.0012033694344163659,0.006016847172081829,0.010830324909747292,14.0,4.0
emblematica:E010911,2803,1053,0.8532721558012798,0.5,0.7261505922403525,0.0,0.003798670465337132,0.008547008547008548,21.5,4.0
emblematica:E010912,2803,765,0.909543036405889,1.0,0.7823866368768719,0.00130718954248366,0.006535947712418301,0.01045751633986928,7.5,4.0
emblematica:E010913,2803,796,0.7167159907888859,0.5,0.7646971899273687,0.0,0.002512562814070352,0.008793969849246231,7.0,3.5
emblematica:E010914,2803,745,0.8990684392693266,1.0,0.7693122360727364,0.0013422818791946308,0.005369127516778523,0.010738255033557046,14.0,3.5
emblematica:E010915,2803,769,0.8532721558012798,0.5,0.7764862375215523,0.0,0.005201560468140442,0.011703511053315995,17.0,4.0
emblematica:E010916,2803,964,0.8506629589898829,1.0,0.7370863425231816,0.001037344398340249,0.0031120331950207467,0.008298755186721992,9.0,4.0
emblematica:E010917,2803,741,0.7469316229444565,1.0,0.751770073942659,0.001349527665317139,0.005398110661268556,0.006747638326585695,4.5,3.5
emblematica:E010918,2803,770,0.8905202757957813,1.0,0.7532094801959333,0.0012987012987012987,0.005194805194805195,0.01038961038961039,3.0,3.0
emblematica:E010919,2803,747,0.8525377246567915,1.0,0.773324716437087,0.0013386880856760374,0.006693440428380187,0.009370816599732263,11.0,3.0
emblematica:E010920,2803,753,0.9477344873475497,1.0,0.7777650125839756,0.0013280212483399733,0.006640106241699867,0.01195219123505976,5.0,3.0
emblematica:E010921,2803,729,0.8777267965010666,1.0,0.7653191510741277,0.0013717421124828531,0.0054869684499314125,0.010973936899862825,8.5,3.0
emblematica:E010922,2803,216,0.4852921744518388,0.2,0.17594302047011467,0.0,0.004629629629629629,0.013888888888888888,3.0,3.0
emblematica:E010923,2803,752,0.9432379215722525,1.0,0.780985431783535,0.0013297872340425532,0.005319148936170213,0.011968085106382979,7.0,3.0
emblematica:E010924,2803,191,0.5124916370179301,0.5,0.17730476905265663,0.0,0.005235602094240838,0.015706806282722512,3.0,3.0
emblematica:E010925,2803,228,0.46345933386044064,0.3333333333333333,0.20012041850689627,0.0,0.008771929824561403,0.008771929824561403,17.0,4.0
emblematica:E010926,2803,218,0.42590829591570295,0.5,0.17232206585456655,0.0,0.0045871559633027525,0.0045871559633027525,12.0,4.0
emblematica:E010927,2803,1014,0.9008240627729515,1.0,0.7271588355303791,0.0009861932938856016,0.0039447731755424065,0.007889546351084813,12.0,3.0
emblematica:E010928,2803,780,0.6787334396498962,0.5,0.7646577590233965,0.0,0.0038461538461538464,0.007692307692307693,22.0,3.5
emblematica:E010929,2803,60,0.3455606536832266,0.045454545454545456,0.029460287973113952,0.0,0.0,0.0,6.0,3.0
emblematica:E010930,2803,901,1.0,1.0,0.8906101381699871,0.0011098779134295228,0.005549389567147614,0.011098779134295227,18.0,3.0
emblematica:E010931,2803,773,0.9558305176970738,1.0,0.7559240974092936,0.00129366106080207,0.00646830530401035,0.01164294954721863,14.0,3.0
emblematica:E010932,2803,798,1.0,1.0,0.7609249253186616,0.0012531328320802004,0.006265664160401002,0.012531328320802004,3.5,4.5
emblematica:E010933,2803,790,0.8043890678175752,1.0,0.743077527605076,0.0012658227848101266,0.005063291139240506,0.007594936708860759,17.0,3.0
emblematica:E010934,2803,754,0.7708688724052363,1.0,0.7761951136519466,0.001326259946949602,0.002652519893899204,0.009283819628647215,9.5,3.0
emblematica:E010935,2803,722,0.7430580004525728,1.0,0.7744434278158787,0.0013850415512465374,0.004155124653739612,0.008310249307479225,13.0,3.0
emblematica:E010936,2803,935,0.8506629589898829,1.0,0.7268493162911035,0.0010695187165775401,0.0032085561497326204,0.008556149732620321,18.5,3.5
emblematica:E010937,2803,754,0.9112986599095139,1.0,0.7771973000651675,0.001326259946949602,0.006631299734748011,0.010610079575596816,17.0,4.0
emblematica:E010938,2803,190,0.537557687104289,0.2,0.18415953110629552,0.0,0.005263157894736842,0.015789473684210527,1.0,3.5
emblematica:E010939,2803,769,0.9074250374176303,1.0,0.7743068776228902,0.0013003901170351106,0.005201560468140442,0.011703511053315995,15.5,3.5
emblematica:E010940,2803,740,0.7856692251577037,1.0,0.757632395497161,0.0013513513513513514,0.005405405405405406,0.008108108108108109,6.0,4.0
emblematica:E010941,2803,746,0.863443834987606,1.0,0.7743434757799788,0.0013404825737265416,0.004021447721179625,0.010723860589812333,8.0,3.5
emblematica:E010942,2803,162,0.42203467342381923,0.125,0.17046750228501514,0.0,0.0,0.012345679012345678,1.0,4.0
emblematica:E010943,2803,760,0.9575861412006987,1.0,0.7833726615621199,0.0013157894736842105,0.006578947368421052,0.011842105263157895,2.0,4.0
emblematica:E010944,2803,791,0.9432379215722525,1.0,0.7617739481576753,0.0012642225031605564,0.0050568900126422255,0.011378002528445006,13.0,4.5
emblematica:E010945,2803,816,0.8943938982876649,1.0,0.7683242581415685,0.0012254901960784314,0.004901960784313725,0.00980392156862745,21.0,3.0
emblematica:E010946,2803,717,0.7601933920987805,0.5,0.7786060787526671,0.0,0.005578800557880056,0.009762900976290097,5.5,3.0
emblematica:E010947,2803,749,0.9134166588977728,1.0,0.7678987577916264,0.0013351134846461949,0.006675567423230975,0.010680907877169559,7.0,3.0
emblematica:E010948,2803,732,1.0,1.0,0.797188436932196,0.001366120218579235,0.006830601092896175,0.01366120218579235,5.0,3.5
emblematica:E010949,2803,746,1.0,1.0,0.766403490792325,0.0013404825737265416,0.006702412868632708,0.013404825737265416,9.5,2.5
emblematica:E010950,2803,748,0.5918335904785555,0.3333333333333333,0.7480283236328694,0.0,0.001336898395721925,0.0066844919786096255,7.0,3.0
emblematica:E010951,2803,715,0.8532721558012798,0.5,0.7852745742301328,0.0,0.005594405594405594,0.012587412587412588,2.0,4.0
emblematica:E010952,2803,761,0.8091026734983537,0.5,0.7909785206691775,0.0,0.005256241787122208,0.010512483574244415,19.0,4.0
emblematica:E010953,2803,845,0.8532721558012798,0.5,0.7530568056936257,0.0,0.004733727810650888,0.010650887573964497,31.0,3.0
emblematica:E010954,2803,710,0.8532721558012798,0.5,0.8008307274157173,0.0,0.005633802816901409,0.01267605633802817,1.0,5.0
emblematica:E010955,2803,722,0.9432379215722525,1.0,0.7873005540930784,0.0013850415512465374,0.00554016620498615,0.012465373961218837,3.0,3.0
emblematica:E010956,2803,158,0.38224261473290666,0.14285714285714285,0.1850396501860228,0.0,0.0,0.006329113924050633,2.0,4.0
emblematica:E010957,2803,711,0.8632555551147042,1.0,0.7998172861329883,0.0014064697609001407,0.005625879043600563,0.011251758087201125,4.0,3.0
emblematica:E010958,2803,721,0.9537125187088151,1.0,0.7895356580928808,0.0013869625520110957,0.006934812760055479,0.012482662968099861,4.0,3.0
emblematica:E010959,2803,720,0.9510907186004266,1.0,0.8124228434340834,0.001388888888888889,0.006944444444444444,0.0125,6.0,3.0
emblematica:E010960,2803,230,0.46832215471500416,0.5,0.19797377268468674,0.0,0.004347826086956522,0.008695652173913044,7.0,4.0
emblematica:E010961,2803,237,0.44306041508115285,0.1111111111111111,0.1868629001877603,0.0,0.0,0.008438818565400843,5.0,3.5
emblematica:E010962,2803,192,0.3333333333333333,0.09090909090909091,0.18771707206701782,0.0,0.0,0.0,3.5,3.5
emblematica:E010963,2803,776,0.8842222191013388,1.0,0.7638651265727189,0.001288659793814433,0.005154639175257732,0.010309278350515464,10.0,3.0
emblematica:E010964,2803,718,0.8590331472570637,1.0,0.7787422001697013,0.001392757660167131,0.006963788300835654,0.009749303621169917,1.5,3.5
emblematica:E010965,2803,709,0.9510907186004266,1.0,0.7974767891034285,0.0014104372355430183,0.007052186177715092,0.012693935119887164,1.0,3.0
emblematica:E010966,2803,716,0.8743705652481896,1.0,0.7957702516093196,0.0013966480446927375,0.00558659217877095,0.0111731843575419,7.5,3.0
emblematica:E010967,2803,714,0.7370031770794805,1.0,0.7851820030000175,0.0014005602240896359,0.004201680672268907,0.0070028011204481795,1.0,4.0
emblematica:E010968,2803,921,0.9537125187088151,1.0,0.7306528421450843,0.0010857763300760044,0.0054288816503800215,0.009771986970684038,12.5,4.5
emblematica:E010969,2803,936,0.7436041517241593,1.0,0.6982020733121289,0.0010683760683760685,0.003205128205128205,0.00641025641025641,29.0,4.0
emblematica:E010970,2803,850,1.0,1.0,0.7476068419940964,0.001176470588235294,0.0058823529411764705,0.011764705882352941,21.5,3.5
emblematica:E010971,2803,751,0.9074250374176303,1.0,0.7652925551335668,0.0013315579227696406,0.005326231691078562,0.011984021304926764,11.5,3.5
emblematica:E010972,2803,746,0.904038787082915,1.0,0.7968206397213605,0.0013404825737265416,0.005361930294906166,0.010723860589812333,2.0,4.0
emblematica:E010973,2803,757,0.9510907186004266,1.0,0.7770118247764313,0.001321003963011889,0.0066050198150594455,0.011889035667107,11.0,4.0
emblematica:E010974,2803,739,0.8010066431488296,0.5,0.7790650695920098,0.0,0.005412719891745603,0.010825439783491205,5.5,3.5
emblematica:E010975,2803,786,0.9368077570869661,1.0,0.7482416760050322,0.001272264631043257,0.005089058524173028,0.011450381679389313,6.0,4.0
emblematica:E010976,2803,794,0.9537125187088151,1.0,0.7635497207104155,0.0012594458438287153,0.006297229219143577,0.011335012594458438,17.0,4.0
emblematica:E010977,2803,754,1.0,1.0,0.7829755533600739,0.001326259946949602,0.006631299734748011,0.013262599469496022,11.5,4.0
emblematica:E010978,2803,943,1.0,1.0,0.7453953016814492,0.0010604453870625664,0.005302226935312832,0.010604453870625663,7.0,3.0
emblematica:E010979,2803,728,1.0,1.0,0.7979094834181402,0.0013736263736263737,0.006868131868131868,0.013736263736263736,2.0,4.0
emblematica:E010980,2803,728,1.0,1.0,0.790313667613743,0.0013736263736263737,0.006868131868131868,0.013736263736263736,1.0,4.0
emblematica:E010981,2803,1040,0.909543036405889,1.0,0.7194517819308537,0.0009615384615384616,0.004807692307692308,0.007692307692307693,46.5,3.5
emblematica:E010982,2803,725,0.8845422444345158,1.0,0.7728218310606807,0.001379310344827586,0.005517241379310344,0.011034482758620689,2.0,3.0
emblematica:E010983,2803,854,1.0,1.0,0.754174382678041,0.00117096018735363,0.00585480093676815,0.0117096018735363,2.0,4.0
emblematica:E010984,2803,719,0.7619490156024052,0.5,0.784552945801491,0.0,0.005563282336578581,0.009735744089012517,2.0,3.0
emblematica:E010985,2803,735,0.9575861412006987,1.0,0.7980574569237343,0.0013605442176870747,0.006802721088435374,0.012244897959183673,2.0,3.0
emblematica:E010986,2803,803,0.8824665955977139,1.0,0.7556755171644334,0.0012453300124533001,0.0049813200498132005,0.009962640099626401,14.0,3.5
emblematica:E010987,2803,784,0.9432379215722525,1.0,0.7615702084155005,0.0012755102040816326,0.00510204081632653,0.011479591836734694,5.0,5.0
emblematica:E010988,2803,708,0.9558305176970738,1.0,0.7971656484135115,0.0014124293785310734,0.007062146892655367,0.012711864406779662,1.0,5.0
emblematica:E010989,2803,970,0.9368077570869661,1.0,0.7222515749506322,0.0010309278350515464,0.004123711340206186,0.009278350515463918,15.0,4.0
emblematica:E010990,2803,217,0.3333333333333333,0.02127659574468085,0.161328072020666,0.0,0.0,0.0,1.0,3.0
emblematica:E010991,2803,753,0.8257045171699665,1.0,0.7659394585243844,0.0013280212483399733,0.00398406374501992,0.009296148738379814,11.0,3.0
emblematica:E010992,2803,837,0.9368077570869661,1.0,0.7531914643063085,0.0011947431302270011,0.0047789725209080045,0.010752688172043012,14.0,4.0
emblematica:E010993,2803,1010,0.9014470060563649,1.0,0.7146177134229401,0.0009900990099009901,0.0049504950495049506,0.007920792079207921,14.0,4.0
emblematica:E010994,2803,153,0.47667875286330774,0.2,0.1706420542371477,0.0,0.006535947712418301,0.0196078431372549,4.0,4.0
emblematica:E010995,2803,448,0.5837799102804881,0.5,0.21213699081680065,0.0,0.004464285714285714,0.008928571428571428,13.0,3.5
emblematica:E010996,2803,773,0.9510907186004266,1.0,0.7604719989254795,0.00129366106080207,0.00646830530401035,0.01164294954721863,10.0,3.0
emblematica:E010997,2803,793,0.9477344873475497,1.0,0.7889265508978177,0.0012610340479192938,0.006305170239596469,0.011349306431273645,8.0,3.5
emblematica:E010998,2803,933,0.8564113471486752,1.0,0.7204497015489413,0.0010718113612004287,0.0053590568060021436,0.007502679528403001,8.5,3.5
emblematica:E010999,2803,231,0.45086673773561936,0.3333333333333333,0.20956569804165662,0.0,0.004329004329004329,0.008658008658008658,8.0,3.0
emblematica:E011000,2803,732,0.836179114306529,1.0,0.7888170923103339,0.001366120218579235,0.00546448087431694,0.009562841530054645,3.0,3.0
emblematica:E011001,2803,312,0.5055531673265646,0.25,0.19468116059931073,0.0,0.00641025641025641,0.009615384615384616,12.5,3.0
emblematica:E011002,2803,767,0.9608008655106622,1.0,0.777916987575485,0.001303780964797914,0.00651890482398957,0.011734028683181226,12.5,3.0
emblematica:E011003,2803,717,0.9368077570869661,1.0,0.7848528916066325,0.001394700139470014,0.005578800557880056,0.012552301255230125,2.0,3.0
emblematica:E011004,2803,212,0.3333333333333333,0.03571428571428571,0.1693372687194274,0.0,0.0,0.0,6.5,3.5
emblematica:E011005,2803,731,0.9537125187088151,1.0,0.7962301684114188,0.0013679890560875513,0.006839945280437756,0.012311901504787962,2.5,3.0
emblematica:E011006,2803,713,0.8069846745100949,0.5,0.7992770830959781,0.0,0.005610098176718092,0.011220196353436185,2.5,3.5
emblematica:E011007,2803,714,1.0,1.0,0.7737835240673675,0.0014005602240896359,0.0070028011204481795,0.014005602240896359,2.0,4.0
emblematica:E011008,2803,726,0.8043628744017064,0.5,0.7789788550774137,0.0,0.005509641873278237,0.011019283746556474,4.0,3.0
emblematica:E011009,2803,735,1.0,1.0,0.7990701514525129,0.0013605442176870747,0.006802721088435374,0.013605442176870748,5.0,3.0
emblematica:E011010,2803,189,0.37574719213263447,0.1,0.15796764707700928,0.0,0.0,0.005291005291005291,6.5,3.0
emblematica:E011011,2803,724,0.9074250374176303,1.0,0.782897189056069,0.0013812154696132596,0.0055248618784530384,0.012430939226519336,5.0,3.0
emblematica:E011012,2803,203,0.4389394350456683,0.25,0.16654700968977437,0.0,0.0049261083743842365,0.009852216748768473,5.5,3.5
emblematica:E011013,2803,321,0.37962081462451813,0.125,0.1416777595384866,0.0,0.0,0.003115264797507788,12.0,4.0
emblematica:E011014,2803,275,0.46832215471500416,0.5,0.17562984919572197,0.0,0.0036363636363636364,0.007272727272727273,1.5,3.0
emblematica:E011015,2803,876,0.9266360779006398,1.0,0.9024881288125279,0.001141552511415525,0.0045662100456621,0.010273972602739725,19.0,3.0
emblematica:E011016,2803,810,1.0,1.0,0.7871794042473608,0.0012345679012345679,0.006172839506172839,0.012345679012345678,31.0,4.0
emblematica:E011017,2803,728,0.9008240627729515,1.0,0.7840033981901275,0.0013736263736263737,0.005494505494505495,0.01098901098901099,3.5,3.5
emblematica:E011018,2803,777,0.9575861412006987,1.0,0.7632850903610671,0.001287001287001287,0.006435006435006435,0.011583011583011582,11.5,3.5
emblematica:E011019,2803,715,0.7585927843495285,0.5,0.7878211659973534,0.0,0.005594405594405594,0.009790209790209791,1.0,4.0
emblematica:E011020,2803,744,0.7580753931105215,0.5,0.786064947754504,0.0,0.005376344086021506,0.009408602150537635,9.0,3.0
emblematica:E011021,2803,962,0.8532721558012798,0.5,0.7261262502799213,0.0,0.004158004158004158,0.009355509355509356,12.0,4.0
emblematica:E011022,2803,906,0.9053206285482487,1.0,0.7192993416790016,0.0011037527593818985,0.005518763796909493,0.008830022075055188,26.5,3.5
emblematica:E011023,2803,803,0.9432379215722525,1.0,0.7707220335037842,0.0012453300124533001,0.0049813200498132005,0.0112079701120797,10.0,3.5
emblematica:E011024,2803,714,0.9069212362975004,1.0,0.7810311201689971,0.0014005602240896359,0.0070028011204481795,0.011204481792717087,2.5,3.0
emblematica:E011025,2803,745,0.9069212362975004,1.0,0.7725868839113524,0.0013422818791946308,0.006711409395973154,0.010738255033557046,11.0,4.0
emblematica:E011026,2803,742,1.0,1.0,0.7843570032406687,0.0013477088948787063,0.006738544474393531,0.013477088948787063,6.0,3.0
emblematica:E011027,2803,716,0.9086768598011253,1.0,0.7956289850876458,0.0013966480446927375,0.006983240223463687,0.0111731843575419,3.0,3.0
emblematica:E011028,2803,298,0.39652557624636714,0.25,0.09439433378692622,0.0,0.003355704697986577,0.003355704697986577,7.0,4.0
emblematica:E011029,2803,396,0.5058731926597417,0.3333333333333333,0.2035046491151989,0.0,0.005050505050505051,0.007575757575757576,1.0,3.5
emblematica:E011030,2803,219,0.644748239830288,1.0,0.21511345404723553,0.0045662100456621,0.0091324200913242,0.0182648401826484,8.5,3.0
emblematica:E011031,2803,156,0.6901695445167092,1.0,0.20274878803859292,0.00641025641025641,0.019230769230769232,0.02564102564102564,2.0,3.5
emblematica:E011032,2803,266,0.4589627680851436,0.3333333333333333,0.18959833364415254,0.0,0.0037593984962406013,0.007518796992481203,5.0,3.0
emblematica:E011033,2803,744,0.7691962490493538,0.5,0.7591335777346935,0.0,0.005376344086021506,0.009408602150537635,9.0,3.0
emblematica:E011034,2803,742,1.0,1.0,0.8049725506386837,0.0013477088948787063,0.006738544474393531,0.013477088948787063,7.0,3.0
emblematica:E011035,2803,760,0.6891483521575726,0.5,0.7721346153042595,0.0,0.002631578947368421,0.007894736842105263,6.0,4.0
emblematica:E011036,2803,751,0.8043754776986981,1.0,0.7725481674937512,0.0013315579227696406,0.0039946737683089215,0.009320905459387484,13.5,3.5
emblematica:E011037,2803,724,0.8274601406735914,1.0,0.7691012709980498,0.0013812154696132596,0.004143646408839779,0.009668508287292817,3.5,3.5
emblematica:E011038,2803,957,0.6533354680029503,0.3333333333333333,0.7114853050729778,0.0,0.0020898641588296763,0.006269592476489028,41.5,4.0
emblematica:E011039,2803,756,0.8069846745100949,0.5,0.7670428170427759,0.0,0.005291005291005291,0.010582010582010581,4.0,3.0
emblematica:E011040,2803,716,0.9575861412006987,1.0,0.8030008261494823,0.0013966480446927375,0.006983240223463687,0.012569832402234637,7.0,3.0
emblematica:E011041,2803,153,0.42590829591570295,0.5,0.16260052368914107,0.0,0.006535947712418301,0.006535947712418301,2.5,4.0
emblematica:E011042,2803,762,0.8069846745100949,0.5,0.7733416103302649,0.0,0.005249343832020997,0.010498687664041995,12.0,3.0
emblematica:E011043,2803,325,0.5123033571450283,0.3333333333333333,0.1515514899116424,0.0,0.003076923076923077,0.006153846153846154,10.0,4.0
emblematica:E011044,2803,735,0.9510907186004266,1.0,0.7998759654818742,0.0013605442176870747,0.006802721088435374,0.012244897959183673,1.5,3.0
emblematica:E011045,2803,834,0.8777267965010666,1.0,0.7716585481397588,0.001199040767386091,0.004796163069544364,0.009592326139088728,17.0,4.0
emblematica:E011046,2803,804,0.9266360779006398,1.0,0.7781903389977691,0.0012437810945273632,0.004975124378109453,0.011194029850746268,16.0,3.0
emblematica:E011047,2803,744,0.8990684392693266,1.0,0.7851254764462258,0.0013440860215053765,0.005376344086021506,0.010752688172043012,8.0,3.0
emblematica:E011048,2803,977,0.9053206285482487,1.0,0.7242495639900428,0.0010235414534288639,0.00511770726714432,0.008188331627430911,11.0,4.0
emblematica:E011049,2803,827,0.6278569506768906,0.5,0.7509210487329887,0.0,0.0012091898428053204,0.006045949214026602,20.0,4.0
emblematica:E011050,2803,735,0.9432379215722525,1.0,0.7766226210102667,0.0013605442176870747,0.005442176870748299,0.012244897959183673,10.5,3.0
emblematica:E011051,2803,926,1.0,1.0,0.7519350779603747,0.0010799136069114472,0.005399568034557235,0.01079913606911447,10.0,3.0
emblematica:E011052,2803,735,0.9112986599095139,1.0,0.7878877957771954,0.0013605442176870747,0.006802721088435374,0.010884353741496598,1.0,4.0
emblematica:E011053,2803,727,0.8532721558012798,0.5,0.7754521810427136,0.0,0.005502063273727648,0.012379642365887207,7.0,3.0
emblematica:E011054,2803,787,0.7914011229073248,1.0,0.7523831172933558,0.0012706480304955528,0.005082592121982211,0.007623888182973317,10.5,3.5
emblematica:E011055,2803,770,1.0,1.0,0.787858117810071,0.0012987012987012987,0.006493506493506494,0.012987012987012988,12.5,3.0
emblematica:E011056,2803,1010,0.9575861412006987,1.0,0.7415033104098437,0.0009900990099009901,0.0049504950495049506,0.00891089108910891,27.5,4.0
emblematica:E011057,2803,737,0.68733327111955,0.25,0.7813501373157753,0.0,0.0027137042062415195,0.009497964721845319,7.0,4.0
emblematica:E011058,2803,760,0.8532721558012798,0.5,0.783689254072709,0.0,0.005263157894736842,0.011842105263157895,15.0,3.0
emblematica:E011059,2803,752,0.836179114306529,1.0,0.7769152955629863,0.0013297872340425532,0.005319148936170213,0.009308510638297872,10.5,3.5
emblematica:E011060,2803,870,1.0,1.0,0.8882733516128745,0.0011494252873563218,0.005747126436781609,0.011494252873563218,11.0,3.0
emblematica:E011061,2803,755,0.8446849276286176,1.0,0.768212030235081,0.0013245033112582781,0.005298013245033113,0.009271523178807948,4.0,4.0
emblematica:E011062,2803,765,1.0,1.0,0.788638545804943,0.00130718954248366,0.006535947712418301,0.013071895424836602,13.0,3.5
emblematica:E011063,2803,50,0.3333333333333333,0.05263157894736842,0.02810415525318693,0.0,0.0,0.0,3.0,3.5
emblematica:E011064,2803,801,1.0,1.0,0.758963023106267,0.0012484394506866417,0.006242197253433208,0.012484394506866416,15.0,3.5
emblematica:E011065,2803,866,0.8800456786592188,1.0,0.7482553188434696,0.0011547344110854503,0.003464203233256351,0.009237875288683603,25.5,3.5
emblematica:E011066,2803,759,0.8506629589898829,1.0,0.775580009031613,0.0013175230566534915,0.003952569169960474,0.010540184453227932,4.0,3.0
emblematica:E011067,2803,815,0.6467344933582715,0.5,0.7529629385066751,0.0,0.00245398773006135,0.006134969325153374,2.0,3.0
emblematica:E011068,2803,725,1.0,1.0,0.7874386028607123,0.001379310344827586,0.006896551724137931,0.013793103448275862,7.0,3.0
emblematica:E011069,2803,723,0.9432379215722525,1.0,0.7977130805907323,0.0013831258644536654,0.005532503457814661,0.012448132780082987,1.0,3.0
emblematica:E011070,2803,216,0.3439367980331586,0.07142857142857142,0.15679373271101488,0.0,0.0,0.0,9.0,3.0
emblematica:E011071,2803,722,0.8532721558012798,0.5,0.7835378165506598,0.0,0.00554016620498615,0.012465373961218837,10.0,3.0
emblematica:E011072,2803,912,1.0,1.0,0.8768390322653679,0.0010964912280701754,0.005482456140350877,0.010964912280701754,18.0,4.0
emblematica:E011073,2803,744,0.7601933920987805,0.5,0.7668066261824349,0.0,0.005376344086021506,0.009408602150537635,7.0,3.0
emblematica:E011074,2803,713,0.8842222191013388,1.0,0.7831636589369548,0.001402524544179523,0.005610098176718092,0.011220196353436185,3.0,4.0
emblematica:E011075,2803,764,0.8909724089198024,1.0,0.7793303811339761,0.0013089005235602095,0.005235602094240838,0.010471204188481676,1.0,3.0
emblematica:E011076,2803,714,0.9368077570869661,1.0,0.8091135953214462,0.0014005602240896359,0.0056022408963585435,0.012605042016806723,2.0,3.0
emblematica:E011077,2803,711,0.7540962185742314,0.5,0.7797821998624507,0.0,0.004219409282700422,0.009845288326300985,3.0,3.5
emblematica:E011078,2803,760,0.8878984756873928,1.0,0.7821948558571162,0.0013157894736842105,0.005263157894736842,0.010526315789473684,15.5,3.0
emblematica:E011079,2803,172,0.5921627018446607,1.0,0.17145799912481452,0.005813953488372093,0.011627906976744186,0.01744186046511628,1.0,4.5
emblematica:E011080,2803,747,0.8038716765785683,1.0,0.766714105047949,0.0013386880856760374,0.00535475234270415,0.008032128514056224,28.0,3.0
emblematica:E011081,2803,733,0.9074250374176303,1.0,0.7964584928078132,0.001364256480218281,0.005457025920873124,0.01227830832196453,10.0,3.0
emblematica:E011082,2803,755,0.795323513105023,1.0,0.7603055808215308,0.0013245033112582781,0.003973509933774834,0.009271523178807948,10.0,4.0
emblematica:E011083,2803,764,0.9266360779006398,1.0,0.778690760625695,0.0013089005235602095,0.005235602094240838,0.011780104712041885,25.0,3.0
emblematica:E011084,2803,868,0.9048032373092417,1.0,0.740428755893144,0.001152073732718894,0.00576036866359447,0.009216589861751152,20.5,4.5
emblematica:E011085,2803,927,0.8842222191013388,1.0,0.7203939009605187,0.0010787486515641855,0.004314994606256742,0.008629989212513484,9.0,3.0
emblematica:E011086,2803,196,0.40669725543269336,0.3333333333333333,0.18858745715792863,0.0,0.00510204081632653,0.00510204081632653,11.0,4.0
emblematica:E011087,2803,758,0.9074250374176303,1.0,0.7807906123661404,0.0013192612137203166,0.005277044854881266,0.011873350923482849,11.0,3.0
emblematica:E011088,2803,764,1.0,1.0,0.7750587904647293,0.0013089005235602095,0.006544502617801047,0.013089005235602094,14.0,3.0
emblematica:E011089,2803,768,0.865011178618329,1.0,0.7615650398576846,0.0013020833333333333,0.005208333333333333,0.010416666666666666,25.0,3.0
emblematica:E011090,2803,814,0.81927435268468,1.0,0.7393262624305419,0.0012285012285012285,0.0036855036855036856,0.0085995085995086,17.5,4.0
emblematica:E011091,2803,836,1.0,1.0,0.7640121746132499,0.0011961722488038277,0.005980861244019139,0.011961722488038277,12.5,3.5
emblematica:E011092,2803,743,1.0,1.0,0.7834352119148708,0.0013458950201884253,0.006729475100942127,0.013458950201884253,1.0,4.0
emblematica:E011093,2803,880,1.0,1.0,0.8934864641351876,0.0011363636363636363,0.005681818181818182,0.011363636363636364,3.0,3.0
emblematica:E011094,2803,739,0.85515952476518,1.0,0.7735355752952864,0.0013531799729364006,0.005412719891745603,0.010825439783491205,9.5,4.5
emblematica:E011095,2803,724,0.8017536775903096,1.0,0.786833075090352,0.0013812154696132596,0.004143646408839779,0.009668508287292817,3.5,3.0
emblematica:E011096,2803,751,0.8108582970019786,0.5,0.7734234534161477,0.0,0.005326231691078562,0.010652463382157125,10.0,3.5
emblematica:E011097,2803,742,0.9368077570869661,1.0,0.7746029993187534,0.0013477088948787063,0.005390835579514825,0.012129380053908356,17.0,4.0
emblematica:E011098,2803,820,0.8400527367984127,1.0,0.7568367762945806,0.0012195121951219512,0.004878048780487805,0.00853658536585366,20.0,3.0
emblematica:E011099,2803,724,0.9537125187088151,1.0,0.7824119466806325,0.0013812154696132596,0.006906077348066298,0.012430939226519336,5.0,3.0
emblematica:E011100,2803,213,0.648924780272408,1.0,0.1919516620175855,0.004694835680751174,0.014084507042253521,0.018779342723004695,7.0,4.0
emblematica:E011101,2803,715,0.7231461552741724,0.5,0.7798626058732944,0.0,0.002797202797202797,0.009790209790209791,4.0,4.0
emblematica:E011102,2803,712,0.8532721558012798,0.5,0.8041291666970245,0.0,0.0056179775280898875,0.012640449438202247,2.5,3.5
emblematica:E011103,2803,759,0.8108582970019786,0.5,0.7694356135964607,0.0,0.005270092226613966,0.010540184453227932,13.0,3.0
emblematica:E011104,2803,951,0.7721206947887315,1.0,0.7135084390602111,0.0010515247108307045,0.0031545741324921135,0.006309148264984227,27.0,4.0
emblematica:E011105,2803,743,0.8611375561264454,1.0,0.7762053935512234,0.0013458950201884253,0.005383580080753701,0.010767160161507403,13.0,3.5
emblematica:E011106,2803,736,0.8277801660067685,1.0,0.7685976480635799,0.001358695652173913,0.004076086956521739,0.009510869565217392,6.0,4.0
emblematica:E011107,2803,773,0.9266360779006398,1.0,0.7786866682012824,0.00129366106080207,0.00517464424320828,0.01164294954721863,14.0,3.0
emblematica:E011108,2803,714,0.9558305176970738,1.0,0.792871442894741,0.0014005602240896359,0.0070028011204481795,0.012605042016806723,2.0,3.0
emblematica:E011109,2803,233,0.39652557624636714,0.25,0.1920638597155914,0.0,0.004291845493562232,0.004291845493562232,6.0,4.0
emblematica:E011110,2803,180,0.5349358869959004,0.5,0.17569719652885013,0.0,0.011111111111111112,0.016666666666666666,5.5,3.5
emblematica:E011111,2803,965,0.8043628744017064,0.5,0.7236007610394911,0.0,0.004145077720207254,0.008290155440414507,16.0,4.0
emblematica:E011112,2803,725,0.9477344873475497,1.0,0.7902356105663253,0.001379310344827586,0.006896551724137931,0.012413793103448275,13.0,3.0
emblematica:E011113,2803,733,0.9537125187088151,1.0,0.8024460027452321,0.001364256480218281,0.0068212824010914054,0.01227830832196453,6.0,4.0
emblematica:E011114,2803,784,0.9053206285482487,1.0,0.7701319713827747,0.0012755102040816326,0.006377551020408163,0.01020408163265306,13.5,3.5
emblematica:E011115,2803,180,0.42590829591570295,0.5,0.16665016607220545,0.0,0.005555555555555556,0.005555555555555556,4.0,4.0
emblematica:E011116,2803,719,0.9558305176970738,1.0,0.792305693192521,0.0013908205841446453,0.006954102920723227,0.012517385257301807,4.5,3.0
emblematica:E011117,2803,732,0.9053206285482487,1.0,0.8012079689379019,0.001366120218579235,0.006830601092896175,0.01092896174863388,3.0,5.0
emblematica:E011118,2803,735,0.9537125187088151,1.0,0.7936353892448449,0.0013605442176870747,0.006802721088435374,0.012244897959183673,7.0,3.5
emblematica:E011119,2803,840,1.0,1.0,0.9077963623404669,0.0011904761904761906,0.005952380952380952,0.011904761904761904,4.5,3.0
emblematica:E011120,2803,844,1.0,1.0,0.7535902623956028,0.001184834123222749,0.005924170616113744,0.011848341232227487,17.0,3.0
emblematica:E011121,2803,723,0.9558305176970738,1.0,0.8076501109845636,0.0013831258644536654,0.006915629322268326,0.012448132780082987,5.0,4.0
emblematica:E011122,2803,730,0.8546557236450504,1.0,0.7606800459497913,0.0013698630136986301,0.00684931506849315,0.009589041095890411,2.0,3.0
emblematica:E011123,2803,713,0.6912068936114337,0.5,0.7741878377813618,0.0,0.004207573632538569,0.008415147265077139,1.0,4.0
emblematica:E011124,2803,736,0.9086768598011253,1.0,0.7658406342924202,0.001358695652173913,0.006793478260869565,0.010869565217391304,6.0,3.0
emblematica:E011125,2803,808,0.9266360779006398,1.0,0.7491562891674649,0.0012376237623762376,0.0049504950495049506,0.011138613861386138,17.5,5.0
emblematica:E011126,2803,778,0.8842222191013388,1.0,0.7653265913627957,0.0012853470437017994,0.005141388174807198,0.010282776349614395,10.5,3.5
emblematica:E011127,2803,922,1.0,1.0,0.7485844060571105,0.0010845986984815619,0.005422993492407809,0.010845986984815618,8.0,3.0
emblematica:E011128,2803,745,1.0,1.0,0.7918979654171765,0.0013422818791946308,0.006711409395973154,0.013422818791946308,3.0,3.0
emblematica:E011129,2803,156,0.7839136016540788,1.0,0.19850469753368186,0.00641025641025641,0.02564102564102564,0.038461538461538464,2.5,4.0
emblematica:E011130,2803,161,0.3775028156362593,0.1111111111111111,0.15649218017583003,0.0,0.0,0.006211180124223602,4.5,4.0
emblematica:E011131,2803,757,0.9432379215722525,1.0,0.7663422122225717,0.001321003963011889,0.003963011889035667,0.009247027741083224,16.5,3.0
emblematica:E011132,2803,743,1.0,1.0,0.7989635575153948,0.0013458950201884253,0.006729475100942127,0.013458950201884253,2.0,3.0
emblematica:E011133,2803,191,0.40669725543269336,0.3333333333333333,0.17420098370536796,0.0,0.005235602094240838,0.005235602094240838,6.0,4.0
emblematica:E011134,2803,737,1.0,1.0,0.7995418212785027,0.0013568521031207597,0.0067842605156037995,0.013568521031207599,7.5,3.5
emblematica:E011135,2803,714,0.8882149799977325,1.0,0.802547242369961,0.0014005602240896359,0.004201680672268907,0.011204481792717087,2.0,3.0
emblematica:E011136,2803,728,0.9537125187088151,1.0,0.7753049422526389,0.0013736263736263737,0.006868131868131868,0.012362637362637362,3.0,3.0
emblematica:E011137,2803,741,0.8356329630349425,1.0,0.7758659324194759,0.001349527665317139,0.005398110661268556,0.009446693657219974,11.0,4.0
emblematica:E011138,2803,60,0.4454348576459405,0.25,0.06541851955092887,0.0,0.016666666666666666,0.03333333333333333,6.5,3.5
emblematica:E011139,2803,813,0.8909724089198024,1.0,0.7577173284600819,0.0012300123001230013,0.004920049200492005,0.00984009840098401,18.0,3.0
emblematica:E011140,2803,728,0.9432379215722525,1.0,0.7960732524854104,0.0013736263736263737,0.005494505494505495,0.012362637362637362,6.0,3.0
emblematica:E011141,2803,722,0.8353129377017654,1.0,0.7789436360965227,0.0013850415512465374,0.00554016620498615,0.009695290858725761,1.0,3.0
emblematica:E011142,2803,43,0.48910053882873683,0.5,0.06135933326684466,0.0,0.046511627906976744,0.046511627906976744,2.0,4.0
emblematica:E011143,2803,784,1.0,1.0,0.7953936687718317,0.0012755102040816326,0.006377551020408163,0.012755102040816327,9.0,3.0
emblematica:E011144,2803,790,0.9510907186004266,1.0,0.7820740942768167,0.0012658227848101266,0.006329113924050633,0.01139240506329114,14.5,3.0
emblematica:E011145,2803,756,0.8400527367984127,1.0,0.759342167475162,0.0013227513227513227,0.005291005291005291,0.009259259259259259,3.0,3.0
emblematica:E011146,2803,161,0.6249016527668733,1.0,0.21128087446188734,0.006211180124223602,0.012422360248447204,0.018633540372670808,3.5,4.5
emblematica:E011147,2803,64,0.3333333333333333,0.09090909090909091,0.03548418671222627,0.0,0.0,0.0,2.5,4.0
emblematica:E011148,2803,721,0.718283334419609,0.3333333333333333,0.7875377108553889,0.0,0.004160887656033287,0.009708737864077669,1.5,3.0
emblematica:E011149,2803,782,0.9053206285482487,1.0,0.7701035103202505,0.0012787723785166241,0.00639386189258312,0.010230179028132993,2.0,3.0
emblematica:E011150,2803,718,0.9575861412006987,1.0,0.7986738843941042,0.001392757660167131,0.006963788300835654,0.012534818941504178,1.0,3.0
emblematica:E011151,2803,722,1.0,1.0,0.787043659482309,0.0013850415512465374,0.00554016620498615,0.012465373961218837,5.0,3.0
emblematica:E011152,2803,754,1.0,1.0,0.7854571499603494,0.001326259946949602,0.006631299734748011,0.013262599469496022,3.0,3.5
emblematica:E011153,2803,732,0.8611375561264454,1.0,0.7749856749855689,0.001366120218579235,0.00546448087431694,0.01092896174863388,6.0,3.0
emblematica:E011154,2803,762,0.9558305176970738,1.0,0.7853879917414988,0.0013123359580052493,0.006561679790026247,0.011811023622047244,8.0,3.0
emblematica:E011155,2803,741,0.8532721558012798,0.5,0.7937196604796685,0.0,0.005398110661268556,0.012145748987854251,6.0,3.0
emblematica:E011156,2803,820,0.8235865181817077,1.0,0.7667852579841868,0.0012195121951219512,0.003658536585365854,0.00853658536585366,37.5,3.5
emblematica:E011157,2803,797,0.9432379215722525,1.0,0.768037498124218,0.0012547051442910915,0.005018820577164366,0.011292346298619825,18.0,3.0
emblematica:E011158,2803,798,0.6708806426217222,0.5,0.7504712636473737,0.0,0.002506265664160401,0.007518796992481203,7.0,3.5
emblematica:E011159,2803,856,0.9074250374176303,1.0,0.7795967154961847,0.0011682242990654205,0.004672897196261682,0.010514018691588784,5.5,3.0
emblematica:E011160,2803,761,0.7965100773735325,0.5,0.7723308367713246,0.0,0.003942181340341655,0.010512483574244415,12.0,3.0
emblematica:E011161,2803,716,0.9510907186004266,1.0,0.7844091767140655,0.0013966480446927375,0.006983240223463687,0.012569832402234637,2.5,3.5
emblematica:E011162,2803,771,0.6915269189446108,0.5,0.7636039253858321,0.0,0.0038910505836575876,0.007782101167315175,14.0,3.0
emblematica:E011163,2803,922,0.6004470120670866,0.5,0.7121551004981876,0.0,0.0021691973969631237,0.004338394793926247,5.0,3.0
emblematica:E011164,2803,722,0.8506629589898829,1.0,0.783298713083416,0.0013850415512465374,0.004155124653739612,0.0110803324099723,6.0,4.0
emblematica:E011165,2803,35,0.42590829591570295,0.5,0.05515902078063111,0.0,0.02857142857142857,0.02857142857142857,2.0,4.0
emblematica:E011166,2803,728,1.0,1.0,0.8073549239818033,0.0013736263736263737,0.006868131868131868,0.013736263736263736,2.0,3.0
emblematica:E011167,2803,756,0.9368077570869661,1.0,0.805528430252764,0.0013227513227513227,0.005291005291005291,0.011904761904761904,15.0,3.0
emblematica:E011168,2803,799,0.7165277109159841,0.3333333333333333,0.7525300770065705,0.0,0.0037546933667083854,0.008760951188986232,23.0,4.0
emblematica:E011169,2803,788,0.8632555551147042,1.0,0.7484934767600246,0.0012690355329949238,0.005076142131979695,0.01015228426395939,12.0,3.0
emblematica:E011170,2803,746,0.9537125187088151,1.0,0.7752671362324814,0.0013404825737265416,0.006702412868632708,0.012064343163538873,12.0,3.0
emblematica:E011171,2803,66,0.3333333333333333,0.06666666666666667,0.04768628699004579,0.0,0.0,0.0,3.5,4.0
emblematica:E011172,2803,728,0.9575861412006987,1.0,0.7851318961415029,0.0013736263736263737,0.006868131868131868,0.012362637362637362,2.0,3.5
emblematica:E011173,2803,802,0.9432379215722525,1.0,0.7549539931716571,0.0012468827930174563,0.004987531172069825,0.011221945137157107,6.0,3.0
emblematica:E011174,2803,769,1.0,1.0,0.783142946870294,0.0013003901170351106,0.005201560468140442,0.011703511053315995,17.0,3.5
emblematica:E011175,2803,719,0.8103670991788405,1.0,0.7731819869063522,0.0013908205841446453,0.005563282336578581,0.008344923504867872,2.5,4.0
emblematica:E011176,2803,844,0.8516742570845512,1.0,0.7535600123212437,0.001184834123222749,0.0035545023696682463,0.008293838862559242,23.5,3.5
emblematica:E011177,2803,730,0.8645073774981994,1.0,0.7598765365718436,0.0013698630136986301,0.00684931506849315,0.009589041095890411,6.0,4.0
emblematica:E011178,2803,743,0.8777267965010666,1.0,0.7698249821395643,0.0013458950201884253,0.005383580080753701,0.010767160161507403,9.5,3.0
emblematica:E011179,2803,720,0.8043628744017064,0.5,0.7836974076398117,0.0,0.005555555555555556,0.011111111111111112,3.0,5.0
emblematica:E011180,2803,753,1.0,1.0,0.8002159911308786,0.0013280212483399733,0.006640106241699867,0.013280212483399735,14.0,3.5
emblematica:E011181,2803,736,0.9477344873475497,1.0,0.7787426504380828,0.001358695652173913,0.005434782608695652,0.010869565217391304,4.0,3.0
emblematica:E011182,2803,742,0.838254763143331,1.0,0.7805402623738361,0.0013477088948787063,0.005390835579514825,0.009433962264150943,4.0,4.0
emblematica:E011183,2803,173,0.3333333333333333,0.017857142857142856,0.06674850582705448,0.0,0.0,0.0,8.0,3.0
emblematica:E011184,2803,717,0.7336207524107349,0.5,0.7785646089715605,0.0,0.0041841004184100415,0.009762900976290097,2.5,3.5
emblematica:E011185,2803,726,0.7877736340270853,1.0,0.7740814742727223,0.0013774104683195593,0.004132231404958678,0.009641873278236915,4.0,4.0
emblematica:E011186,2803,227,0.4781738085681532,0.5,0.17741157702755508,0.0,0.004405286343612335,0.004405286343612335,15.0,4.0
emblematica:E011187,2803,751,0.8648534785968198,1.0,0.7917452948355925,0.0013315579227696406,0.0039946737683089215,0.010652463382157125,7.0,4.0
emblematica:E011188,2803,805,0.9112986599095139,1.0,0.7830413375516123,0.0012422360248447205,0.006211180124223602,0.009937888198757764,3.0,3.0
emblematica:E011189,2803,937,1.0,1.0,0.738919704834124,0.0010672358591248667,0.005336179295624333,0.010672358591248666,7.5,3.0
emblematica:E011190,2803,711,1.0,1.0,0.8095692168969041,0.0014064697609001407,0.007032348804500703,0.014064697609001406,1.0,4.0
emblematica:E011191,2803,713,0.9266360779006398,1.0,0.8034733731541831,0.001402524544179523,0.005610098176718092,0.012622720897615708,2.5,4.0
emblematica:E011192,2803,733,0.9432379215722525,1.0,0.8059110025463174,0.001364256480218281,0.005457025920873124,0.01227830832196453,4.0,4.0
emblematica:E011193,2803,972,0.9558305176970738,1.0,0.7386935566648771,0.00102880658436214,0.0051440329218107,0.009259259259259259,53.5,3.0
emblematica:E011194,2803,739,0.7357387513989938,0.5,0.7737085716580171,0.0,0.0040595399188092015,0.009472259810554804,10.0,3.0
emblematica:E011195,2803,184,0.5534250996314135,1.0,0.17636150072366627,0.005434782608695652,0.010869565217391304,0.010869565217391304,2.0,3.0
emblematica:E011196,2803,722,0.7276427210494695,0.5,0.7844171849611534,0.0,0.004155124653739612,0.009695290858725761,3.5,3.5
emblematica:E011197,2803,756,0.8463507934928551,1.0,0.7733341374494064,0.0013227513227513227,0.005291005291005291,0.009259259259259259,26.5,3.5
emblematica:E011198,2803,788,0.7851518339186968,1.0,0.7439016403796207,0.0012690355329949238,0.0038071065989847717,0.008883248730964468,19.5,3.5
emblematica:E011199,2803,1124,0.9558305176970738,1.0,0.717732269440745,0.0008896797153024911,0.004448398576512456,0.00800711743772242,8.0,4.0
emblematica:E011200,2803,728,0.8909724089198024,1.0,0.7755398266270968,0.0013736263736263737,0.005494505494505495,0.01098901098901099,7.5,3.0
emblematica:E011201,2803,732,1.0,1.0,0.7999814213380264,0.001366120218579235,0.006830601092896175,0.01366120218579235,9.0,3.0
emblematica:E011202,2803,737,0.8353129377017654,1.0,0.7874499272464319,0.0013568521031207597,0.005427408412483039,0.009497964721845319,3.0,3.0
emblematica:E011203,2803,753,0.76069719321891,0.3333333333333333,0.7754665403493572,0.0,0.00398406374501992,0.010624169986719787,15.0,3.0
emblematica:E011204,2803,720,0.9432379215722525,1.0,0.7924539234694027,0.001388888888888889,0.005555555555555556,0.0125,4.0,3.0
emblematica:E011205,2803,754,0.8572775237534389,1.0,0.7617156516109754,0.001326259946949602,0.006631299734748011,0.009283819628647215,6.0,3.0
emblematica:E011206,2803,880,0.8446849276286176,1.0,0.7150280232528782,0.0011363636363636363,0.004545454545454545,0.007954545454545454,17.0,4.0
emblematica:E011207,2803,773,0.7625122742569327,1.0,0.7702148481366543,0.00129366106080207,0.00258732212160414,0.007761966364812419,12.0,3.0
emblematica:E011208,2803,765,0.8532721558012798,0.5,0.7775337459730289,0.0,0.00522875816993464,0.011764705882352941,13.5,3.5
emblematica:E011209,2803,757,0.9510907186004266,1.0,0.7650057100561269,0.001321003963011889,0.0066050198150594455,0.011889035667107,12.5,3.0
emblematica:E011210,2803,722,0.9537125187088151,1.0,0.7882248758195851,0.0013850415512465374,0.006925207756232687,0.012465373961218837,5.0,3.0
emblematica:E011211,2803,822,0.8009340035910757,1.0,0.754007535128972,0.0012165450121654502,0.0036496350364963502,0.00851581508515815,7.0,3.0
emblematica:E011212,2803,750,0.76069719321891,0.3333333333333333,0.78026661259338,0.0,0.004,0.010666666666666666,3.5,3.0
emblematica:E011213,2803,785,0.8532721558012798,0.5,0.7801920340393951,0.0,0.005095541401273885,0.011464968152866241,12.5,3.5
emblematica:E011214,2803,727,0.7231461552741724,0.5,0.7790323549588415,0.0,0.002751031636863824,0.009628610729023384,5.0,5.0
emblematica:E011215,2803,714,0.9510907186004266,1.0,0.7799871125552441,0.0014005602240896359,0.0070028011204481795,0.012605042016806723,2.0,4.0
emblematica:E011216,2803,209,0.5565080784811016,0.5,0.17782838118573907,0.0,0.009569377990430622,0.014354066985645933,1.5,3.0
emblematica:E011217,2803,709,0.9048032373092417,1.0,0.8081411620161221,0.0014104372355430183,0.007052186177715092,0.011283497884344146,1.0,3.0
emblematica:E011218,2803,712,1.0,1.0,0.7975676686344885,0.0014044943820224719,0.007022471910112359,0.014044943820224719,1.0,3.5
emblematica:E011219,2803,747,0.8506629589898829,1.0,0.7649674207500925,0.0013386880856760374,0.004016064257028112,0.0107095046854083,12.5,4.0
emblematica:E011220,2803,751,0.8340611153182702,1.0,0.7762096059721143,0.0013315579227696406,0.0039946737683089215,0.010652463382157125,11.0,4.0
emblematica:E011221,2803,709,0.8546557236450504,1.0,0.7878689704397243,0.0014104372355430183,0.007052186177715092,0.009873060648801129,1.0,3.0
emblematica:E011222,2803,722,0.8845422444345158,1.0,0.785965868021574,0.0013850415512465374,0.00554016620498615,0.0110803324099723,4.0,4.0
emblematica:E011223,2803,722,1.0,1.0,0.8052059227988803,0.0013850415512465374,0.006925207756232687,0.013850415512465374,4.0,3.0
emblematica:E011224,2803,735,0.9368077570869661,1.0,0.7933066869066033,0.0013605442176870747,0.005442176870748299,0.012244897959183673,1.0,4.0
emblematica:E011225,2803,718,0.9008240627729515,1.0,0.7693516096893187,0.001392757660167131,0.005571030640668524,0.011142061281337047,2.5,3.5
emblematica:E011226,2803,740,0.9266360779006398,1.0,0.8066486632758244,0.0013513513513513514,0.005405405405405406,0.012162162162162163,8.5,4.0
emblematica:E011227,2803,776,0.9575861412006987,1.0,0.7634976958553386,0.001288659793814433,0.006443298969072165,0.011597938144329897,15.0,3.0
emblematica:E011228,2803,772,1.0,1.0,0.8009222907636767,0.0012953367875647669,0.006476683937823834,0.012953367875647668,11.0,3.0
emblematica:E011229,2803,726,0.8632555551147042,1.0,0.7969384512765004,0.0013774104683195593,0.005509641873278237,0.011019283746556474,6.5,3.0
emblematica:E011230,2803,724,0.7508807783989083,0.5,0.7690006596244389,0.0,0.004143646408839779,0.009668508287292817,1.5,3.5
emblematica:E011231,2803,864,0.9510907186004266,1.0,0.731571352935315,0.0011574074074074073,0.005787037037037037,0.010416666666666666,23.0,3.0
emblematica:E011232,2803,717,0.7284550136059351,1.0,0.7887741838963565,0.001394700139470014,0.002789400278940028,0.008368200836820083,4.0,3.0
emblematica:E011233,2803,724,0.9575861412006987,1.0,0.7756351549583386,0.0013812154696132596,0.006906077348066298,0.012430939226519336,6.5,3.0
emblematica:E011234,2803,872,1.0,1.0,0.7642056572980322,0.0011467889908256881,0.005733944954128441,0.011467889908256881,4.0,4.0
emblematica:E011235,2803,769,0.7965100773735325,0.5,0.7734132607507834,0.0,0.0039011703511053317,0.010403120936280884,15.0,3.0
emblematica:E011236,2803,886,0.9477344873475497,1.0,0.7445896348638826,0.001128668171557562,0.0056433408577878106,0.010158013544018058,15.0,3.0
emblematica:E011237,2803,170,0.516176979636912,0.3333333333333333,0.1778607355084056,0.0,0.0058823529411764705,0.0058823529411764705,1.0,4.0
emblematica:E011238,2803,770,0.787470716076849,1.0,0.7648700446994405,0.0012987012987012987,0.0025974025974025974,0.00909090909090909,13.0,3.0
emblematica:E011239,2803,781,0.6248392949421816,0.25,0.7580510205227817,0.0,0.0012804097311139564,0.006402048655569782,11.0,3.5
emblematica:E011240,2803,937,0.8698739994728926,1.0,0.7306078457766465,0.0010672358591248667,0.0032017075773745998,0.008537886872998933,4.0,3.0
emblematica:E011241,2803,737,0.9574284411791895,1.0,0.777970567679506,0.0013568521031207597,0.005427408412483039,0.012211668928086838,7.0,3.0
emblematica:E011242,2803,719,0.7640796178876557,1.0,0.7741585378901396,0.0013908205841446453,0.004172461752433936,0.008344923504867872,1.5,3.0
emblematica:E011243,2803,854,0.8069846745100949,0.5,0.7536389279370536,0.0,0.00468384074941452,0.00936768149882904,22.5,3.0
emblematica:E011244,2803,728,0.9633180389503199,1.0,0.778685081387172,0.0013736263736263737,0.006868131868131868,0.012362637362637362,4.5,3.0
emblematica:E011245,2803,807,0.9432379215722525,1.0,0.7480787019683122,0.0012391573729863693,0.004956629491945477,0.011152416356877323,30.5,3.5
emblematica:E011246,2803,759,0.795323513105023,1.0,0.7709702018452123,0.0013175230566534915,0.003952569169960474,0.007905138339920948,12.0,4.0
emblematica:E011247,2803,750,1.0,1.0,0.792154616618806,0.0013333333333333333,0.006666666666666667,0.013333333333333334,8.0,3.0
emblematica:E011248,2803,715,1.0,1.0,0.798117559171629,0.0013986013986013986,0.006993006993006993,0.013986013986013986,3.0,3.5
emblematica:E011249,2803,821,0.7437924315970611,0.5,0.7476264479211017,0.0,0.0036540803897685747,0.008526187576126675,11.0,4.0
emblematica:E011250,2803,710,0.8803485966094551,1.0,0.7807740729916206,0.0014084507042253522,0.005633802816901409,0.011267605633802818,1.5,3.5
emblematica:E011251,2803,805,0.9510907186004266,1.0,0.7554685482320672,0.0012422360248447205,0.006211180124223602,0.011180124223602485,6.5,3.5
emblematica:E011252,2803,721,0.7568371608459036,0.5,0.7731013054163758,0.0,0.005547850208044383,0.009708737864077669,4.0,3.0
emblematica:E011253,2803,750,1.0,1.0,0.7756452629883845,0.0013333333333333333,0.006666666666666667,0.013333333333333334,6.0,3.0
emblematica:E011254,2803,730,1.0,1.0,0.8177289558700805,0.0013698630136986301,0.00684931506849315,0.0136986301369863,4.5,3.5
emblematica:E011255,2803,746,1.0,1.0,0.7851193818577408,0.0013404825737265416,0.006702412868632708,0.013404825737265416,6.5,4.0
emblematica:E011256,2803,10,0.3333333333333333,0.0036900369003690036,0.005393318388822869,0.0,0.0,0.0,1.0,4.0
emblematica:E011257,2803,940,1.0,1.0,0.7320664602156269,0.0010638297872340426,0.005319148936170213,0.010638297872340425,10.5,3.5
emblematica:E011258,2803,179,0.4589627680851436,0.3333333333333333,0.16754524750162925,0.0,0.00558659217877095,0.0111731843575419,4.0,3.5
emblematica:E011259,2803,72,0.3491313940615917,0.09090909090909091,0.03048903493320135,0.0,0.0,0.0,3.0,3.0
emblematica:E011260,2803,133,0.48138853287811667,0.5,0.09163581256518971,0.0,0.007518796992481203,0.015037593984962405,2.0,3.0
emblematica:E011261,2803,789,0.9558305176970738,1.0,0.7810355194710894,0.0012674271229404308,0.0063371356147021544,0.011406844106463879,1.0,3.0
emblematica:E011262,2803,732,0.9432379215722525,1.0,0.7797091339829553,0.001366120218579235,0.00546448087431694,0.012295081967213115,7.0,5.0
emblematica:E011263,2803,709,0.7165277109159841,0.3333333333333333,0.7742867704159665,0.0,0.004231311706629055,0.009873060648801129,1.0,3.0
emblematica:E011264,2803,200,0.4529847367238781,0.3333333333333333,0.20827953077595382,0.0,0.005,0.01,11.0,4.0
emblematica:E011265,2803,867,0.9074250374176303,1.0,0.7304330710187114,0.0011534025374855825,0.00461361014994233,0.010380622837370242,10.5,3.5
emblematica:E011266,2803,718,0.8943938982876649,1.0,0.7912610330097275,0.001392757660167131,0.005571030640668524,0.011142061281337047,1.5,3.5
emblematica:E011267,2803,739,0.8083682423538655,1.0,0.7629519761888317,0.0013531799729364006,0.006765899864682003,0.008119079837618403,5.0,3.0
emblematica:E011268,2803,717,0.8010066431488296,0.5,0.7807705231559648,0.0,0.005578800557880056,0.011157601115760111,6.0,3.0
emblematica:E011269,2803,725,0.8845422444345158,1.0,0.7732246762000211,0.001379310344827586,0.005517241379310344,0.011034482758620689,5.0,3.0
emblematica:E011270,2803,736,0.9432379215722525,1.0,0.789097747548784,0.001358695652173913,0.005434782608695652,0.012228260869565218,3.0,3.0
emblematica:E011271,2803,728,0.9112986599095139,1.0,0.7668239652214834,0.0013736263736263737,0.006868131868131868,0.01098901098901099,8.0,3.0
emblematica:E011272,2803,935,1.0,1.0,0.7492598686130878,0.0010695187165775401,0.0053475935828877,0.0106951871657754,9.5,3.5
emblematica:E011273,2803,719,1.0,1.0,0.8082307474786505,0.0013908205841446453,0.006954102920723227,0.013908205841446454,2.5,3.0
emblematica:E011274,2803,885,0.8632555551147042,1.0,0.7449606355150462,0.0011299435028248588,0.004519774011299435,0.00903954802259887,32.0,4.0
emblematica:E011275,2803,745,0.820841696315403,1.0,0.7868435114179513,0.0013422818791946308,0.005369127516778523,0.009395973154362415,8.5,3.0
emblematica:E011276,2803,734,0.8590331472570637,1.0,0.7729604083266328,0.0013623978201634877,0.006811989100817439,0.009536784741144414,5.0,3.0
emblematica:E011277,2803,732,0.9575861412006987,1.0,0.7785193076639448,0.001366120218579235,0.006830601092896175,0.012295081967213115,3.0,4.0
emblematica:E011278,2803,713,0.9368077570869661,1.0,0.7962132481931005,0.001402524544179523,0.005610098176718092,0.012622720897615708,2.5,3.0
emblematica:E011279,2803,947,0.9368077570869661,1.0,0.7243692063634118,0.0010559662090813093,0.004223864836325237,0.009503695881731784,28.5,3.0
emblematica:E011280,2803,724,0.7437924315970611,0.5,0.7766375637904163,0.0,0.004143646408839779,0.009668508287292817,2.5,3.5
emblematica:E011281,2803,743,0.8698739994728926,1.0,0.7968887923226088,0.0013458950201884253,0.004037685060565276,0.010767160161507403,7.0,4.0
emblematica:E011282,2803,754,0.736457025807894,1.0,0.7678847886361383,0.001326259946949602,0.003978779840848806,0.006631299734748011,15.0,3.0
emblematica:E011283,2803,727,0.8319567064488884,1.0,0.7665188142146564,0.001375515818431912,0.005502063273727648,0.009628610729023384,7.5,3.5
emblematica:E011284,2803,733,0.8379347378101539,1.0,0.7793073439407358,0.001364256480218281,0.005457025920873124,0.009549795361527967,4.0,3.5
emblematica:E011285,2803,815,0.7523405950706065,0.5,0.745987941477557,0.0,0.0036809815950920245,0.008588957055214725,11.0,4.0
emblematica:E011286,2803,834,0.8905202757957813,1.0,0.7356344976968107,0.001199040767386091,0.004796163069544364,0.009592326139088728,25.5,4.0
emblematica:E011287,2803,776,0.9266360779006398,1.0,0.7715407796841528,0.001288659793814433,0.005154639175257732,0.011597938144329897,15.0,3.5
emblematica:E011288,2803,984,0.7084316805664599,0.3333333333333333,0.707404143081392,0.0,0.003048780487804878,0.007113821138211382,12.0,4.0
emblematica:E011289,2803,726,0.8842222191013388,1.0,0.779029394865697,0.0013774104683195593,0.005509641873278237,0.011019283746556474,3.0,3.0
emblematica:E011290,2803,784,0.9048032373092417,1.0,0.7673781277330919,0.0012755102040816326,0.006377551020408163,0.01020408163265306,8.0,4.0
emblematica:E011291,2803,759,0.8506629589898829,1.0,0.7464351974159327,0.0013175230566534915,0.003952569169960474,0.010540184453227932,4.0,3.5
emblematica:E011292,2803,724,0.9074250374176303,1.0,0.7941908182278417,0.0013812154696132596,0.0055248618784530384,0.012430939226519336,7.0,4.0
emblematica:E011293,2803,782,0.9432379215722525,1.0,0.7742568835563577,0.0012787723785166241,0.005115089514066497,0.011508951406649617,16.0,3.0
emblematica:E011294,2803,782,0.8969504402810676,1.0,0.7694051641483477,0.0012787723785166241,0.005115089514066497,0.010230179028132993,6.0,3.0
emblematica:E011295,2803,766,0.8698739994728926,1.0,0.7668690360698713,0.0013054830287206266,0.0039164490861618795,0.010443864229765013,7.5,3.0
emblematica:E011296,2803,746,0.9537125187088151,1.0,0.7960862444808405,0.0013404825737265416,0.006702412868632708,0.012064343163538873,10.0,3.0
emblematica:E011297,2803,760,1.0,1.0,0.7837098439744873,0.0013157894736842105,0.006578947368421052,0.013157894736842105,10.0,4.5
emblematica:E011298,2803,761,1.0,1.0,0.8003179927422619,0.001314060446780552,0.006570302233902759,0.013140604467805518,12.0,4.0
emblematica:E011299,2803,869,0.8943938982876649,1.0,0.7405818192912227,0.0011507479861910242,0.004602991944764097,0.009205983889528193,3.0,3.0
emblematica:E011300,2803,776,0.9477344873475497,1.0,0.783370367495468,0.001288659793814433,0.006443298969072165,0.011597938144329897,11.5,3.5
emblematica:E011301,2803,438,0.5527284473900957,0.5,0.21248717413616963,0.0,0.0045662100456621,0.00684931506849315,4.0,4.0
emblematica:E011302,2803,768,0.76069719321891,0.3333333333333333,0.7656079714641187,0.0,0.00390625,0.009114583333333334,16.0,3.0
emblematica:E011303,2803,764,0.8943286401726791,1.0,0.7564988202535007,0.0013089005235602095,0.005235602094240838,0.010471204188481676,2.0,3.0
emblematica:E011304,2803,777,1.0,1.0,0.776521427273983,0.001287001287001287,0.006435006435006435,0.01287001287001287,15.0,3.0
emblematica:E011305,2803,726,0.8590331472570637,1.0,0.7905786484257741,0.0013774104683195593,0.006887052341597796,0.009641873278236915,1.0,4.0
emblematica:E011306,2803,766,0.9558305176970738,1.0,0.7790237326767303,0.0013054830287206266,0.006527415143603133,0.01174934725848564,8.0,3.0
emblematica:E011307,2803,850,0.8103670991788405,1.0,0.7234341638551052,0.001176470588235294,0.004705882352941176,0.007058823529411765,24.0,3.5
emblematica:E011308,2803,167,0.5726361401144231,1.0,0.1777289462145322,0.005988023952095809,0.011976047904191617,0.011976047904191617,2.0,4.0
emblematica:E011309,2803,179,0.5585908384362132,0.3333333333333333,0.19979321858588364,0.0,0.0111731843575419,0.0223463687150838,2.5,3.5
emblematica:E011310,2803,210,0.37574719213263447,0.1,0.16261332315082205,0.0,0.0,0.004761904761904762,4.5,3.0
emblematica:E011311,2803,742,0.9305687780632227,1.0,0.7944719942558566,0.0013477088948787063,0.005390835579514825,0.012129380053908356,13.0,3.0
emblematica:E011312,2803,816,0.8905202757957813,1.0,0.7519912758390012,0.0012254901960784314,0.004901960784313725,0.00980392156862745,3.0,3.0
emblematica:E011313,2803,711,0.6219713612221489,0.5,0.7655798525990444,0.0,0.0028129395218002813,0.007032348804500703,2.5,3.0
emblematica:E011314,2803,711,0.9558305176970738,1.0,0.8061827219789699,0.0014064697609001407,0.007032348804500703,0.012658227848101266,2.5,3.0
emblematica:E011315,2803,726,0.7893454817437576,1.0,0.7721420904114374,0.0013774104683195593,0.005509641873278237,0.008264462809917356,6.0,3.0
emblematica:E011316,2803,713,0.8043628744017064,0.5,0.7988290106529404,0.0,0.005610098176718092,0.011220196353436185,2.0,5.0
emblematica:E011317,2803,802,0.9069212362975004,1.0,0.7442256624162561,0.0012468827930174563,0.006234413965087282,0.00997506234413965,17.0,3.0
emblematica:E011318,2803,785,0.8824665955977139,1.0,0.7502816030691032,0.0012738853503184713,0.005095541401273885,0.01019108280254777,6.0,4.0
emblematica:E011319,2803,714,0.9477344873475497,1.0,0.807395966152575,0.0014005602240896359,0.0070028011204481795,0.012605042016806723,3.0,3.0
emblematica:E011320,2803,955,1.0,1.0,0.738842446785,0.0010471204188481676,0.005235602094240838,0.010471204188481676,5.0,3.0
emblematica:E011321,2803,758,0.9537125187088151,1.0,0.7839104502349987,0.0013192612137203166,0.006596306068601583,0.011873350923482849,20.0,3.0
emblematica:E011322,2803,727,0.7708688724052363,1.0,0.7696032528686719,0.001375515818431912,0.002751031636863824,0.009628610729023384,3.0,3.0
emblematica:E011323,2803,715,0.8632555551147042,1.0,0.8008546820104098,0.0013986013986013986,0.005594405594405594,0.011188811188811189,3.0,3.0
emblematica:E011324,2803,740,0.9477344873475497,1.0,0.7847864278133784,0.0013513513513513514,0.006756756756756757,0.012162162162162163,4.5,3.5
emblematica:E011325,2803,711,0.9477344873475497,1.0,0.7993247726170827,0.0014064697609001407,0.007032348804500703,0.012658227848101266,1.0,3.0
emblematica:E011326,2803,940,1.0,1.0,0.7424706421648856,0.0010638297872340426,0.005319148936170213,0.010638297872340425,18.0,3.5
emblematica:E011327,2803,733,1.0,1.0,0.788667700032001,0.001364256480218281,0.0068212824010914054,0.013642564802182811,6.0,3.0
emblematica:E011328,2803,742,0.9432379215722525,1.0,0.7893184112385385,0.0013477088948787063,0.005390835579514825,0.012129380053908356,6.0,4.0
emblematica:E011329,2803,936,0.9537125187088151,1.0,0.7396625753453354,0.0010683760683760685,0.005341880341880342,0.009615384615384616,4.0,3.0
emblematica:E011330,2803,760,0.9368077570869661,1.0,0.7817662456916225,0.0013157894736842105,0.005263157894736842,0.011842105263157895,11.0,3.0
emblematica:E011331,2803,775,0.9432379215722525,1.0,0.7599373366943516,0.0012903225806451613,0.005161290322580645,0.011612903225806452,15.0,3.0
emblematica:E011332,2803,713,0.9266360779006398,1.0,0.7786161306732335,0.001402524544179523,0.005610098176718092,0.012622720897615708,2.5,3.0
emblematica:E011333,2803,938,1.0,1.0,0.7476317729922805,0.0010660980810234541,0.005330490405117271,0.010660980810234541,4.0,3.5
emblematica:E011334,2803,748,0.7430580004525728,1.0,0.776518029941906,0.001336898395721925,0.004010695187165776,0.008021390374331552,12.0,3.0
emblematica:E011335,2803,719,0.9368077570869661,1.0,0.7848365767433299,0.0013908205841446453,0.005563282336578581,0.012517385257301807,3.0,3.5
emblematica:E011336,2803,738,0.9074250374176303,1.0,0.7899152818235718,0.0013550135501355014,0.005420054200542005,0.012195121951219513,3.0,3.0
emblematica:E011337,2803,737,0.8231902440206029,1.0,0.7788662972557633,0.0013568521031207597,0.0067842605156037995,0.008141112618724558,3.5,3.5
emblematica:E011338,2803,730,0.6885850935030452,0.5,0.7643440755508506,0.0,0.00410958904109589,0.00821917808219178,12.0,4.0
emblematica:E011339,2803,918,0.8532721558012798,0.5,0.7410394857828448,0.0,0.004357298474945534,0.00980392156862745,22.0,3.0
emblematica:E011340,2803,746,0.8800456786592188,1.0,0.779566263797694,0.0013404825737265416,0.004021447721179625,0.010723860589812333,8.0,3.0
emblematica:E011341,2803,723,0.7437924315970611,0.5,0.7792619809405275,0.0,0.004149377593360996,0.009681881051175657,1.0,3.0
emblematica:E011342,2803,759,0.790079912888246,0.5,0.7663404225225743,0.0,0.003952569169960474,0.010540184453227932,18.0,3.0
emblematica:E011351,2803,274,1.0,1.0,0.1659761545582866,0.0036496350364963502,0.01824817518248175,0.0364963503649635,28.0,4.0
emblematica:E011353,2803,248,1.0,1.0,0.1879570831371628,0.004032258064516129,0.020161290322580645,0.04032258064516129,13.0,4.0
emblematica:E011354,2803,303,1.0,1.0,0.18427639019889733,0.0033003300330033004,0.0165016501650165,0.033003300330033,13.0,4.0
emblematica:E011355,2803,425,1.0,1.0,0.1985480520579015,0.002352941176470588,0.011764705882352941,0.023529411764705882,11.0,4.0
emblematica:E011357,2803,322,1.0,1.0,0.18295536775535243,0.003105590062111801,0.015527950310559006,0.031055900621118012,25.5,3.5
emblematica:E011358,2803,84,0.5791053692988266,0.5,0.050034325960370926,0.0,0.023809523809523808,0.047619047619047616,1.0,5.0
emblematica:E011360,2803,157,0.9537125187088151,1.0,0.19661785416998295,0.006369426751592357,0.03184713375796178,0.05732484076433121,12.0,4.0
emblematica:E011361,2803,351,1.0,1.0,0.18103295058895544,0.002849002849002849,0.014245014245014245,0.02849002849002849,13.0,4.0
emblematica:E011362,2803,345,1.0,1.0,0.18163696250899272,0.002898550724637681,0.014492753623188406,0.028985507246376812,7.5,4.0
emblematica:E011364,2803,361,1.0,1.0,0.19409163483083317,0.002770083102493075,0.013850415512465374,0.027700831024930747,9.0,4.0
emblematica:E011365,2803,228,1.0,1.0,0.17375898429990758,0.0043859649122807015,0.021929824561403508,0.043859649122807015,11.5,3.5
emblematica:E011367,2803,199,0.9266360779006398,1.0,0.18387439210482892,0.005025125628140704,0.020100502512562814,0.04522613065326633,7.0,4.0
emblematica:E011368,2803,441,1.0,1.0,0.20505041433918222,0.0022675736961451248,0.011337868480725623,0.022675736961451247,15.0,3.5
emblematica:E011369,2803,158,0.9558305176970738,1.0,0.19464356990884377,0.006329113924050633,0.03164556962025317,0.056962025316455694,13.0,3.0
emblematica:E011370,2803,284,1.0,1.0,0.17342448262383203,0.0035211267605633804,0.017605633802816902,0.035211267605633804,11.5,4.0
emblematica:E011373,2803,212,1.0,1.0,0.1803901006165659,0.0047169811320754715,0.02358490566037736,0.04716981132075472,5.5,4.0
emblematica:E011376,2803,298,1.0,1.0,0.18599288083091664,0.003355704697986577,0.016778523489932886,0.03355704697986577,8.5,4.0
emblematica:E011377,2803,556,1.0,1.0,0.21353989577280919,0.0017985611510791368,0.008992805755395683,0.017985611510791366,13.0,4.0
emblematica:E011378,2803,426,1.0,1.0,0.19771661396022616,0.002347417840375587,0.011737089201877934,0.023474178403755867,9.0,4.0
emblematica:E011380,2803,571,1.0,1.0,0.21668239657923827,0.0017513134851138354,0.008756567425569177,0.017513134851138354,17.0,4.0
emblematica:E011382,2803,137,0.9537125187088151,1.0,0.20665253698353359,0.0072992700729927005,0.0364963503649635,0.06569343065693431,7.0,4.0
emblematica:E011383,2803,325,1.0,1.0,0.17749458169743684,0.003076923076923077,0.015384615384615385,0.03076923076923077,11.0,4.0
emblematica:E011385,2803,159,1.0,1.0,0.21650964539466613,0.006289308176100629,0.031446540880503145,0.06289308176100629,4.0,4.0
emblematica:E011386,2803,394,1.0,1.0,0.19312517665781073,0.0025380710659898475,0.012690355329949238,0.025380710659898477,7.0,4.0
emblematica:E011617,2803,459,0.8040434196205921,1.0,0.1696796496917454,0.002178649237472767,0.008714596949891068,0.010893246187363835,16.0,4.0
emblematica:E011618,2803,337,0.771402915168765,1.0,0.12313912033526074,0.002967359050445104,0.011869436201780416,0.01483679525222552,47.0,4.0
emblematica:E011619,2803,71,0.5411482907258667,0.25,0.044020521907198885,0.0,0.014084507042253521,0.028169014084507043,8.0,5.0
emblematica:E011620,2803,243,0.8182198962070145,1.0,0.11085432283027945,0.00411522633744856,0.0205761316872428,0.024691358024691357,12.0,4.0
emblematica:E011621,2803,243,0.8304472165569079,1.0,0.10364197008154935,0.00411522633744856,0.0205761316872428,0.024691358024691357,19.0,5.5
emblematica:E011622,2803,268,0.7831913296427521,1.0,0.09678883119501301,0.0037313432835820895,0.014925373134328358,0.018656716417910446,18.0,5.0
emblematica:E011623,2803,227,0.7544614943491593,0.5,0.13524025220835953,0.0,0.01762114537444934,0.02643171806167401,8.0,2.5
emblematica:E012158,2803,375,0.3333333333333333,0.07142857142857142,0.14047671629526753,0.0,0.0,0.0,9.0,5.0
emblematica:E012159,2803,318,0.37574719213263447,0.1,0.1235036710187643,0.0,0.0,0.0031446540880503146,4.0,5.0
emblematica:E012160,2803,77,0.3775028156362593,0.1111111111111111,0.03333983756742126,0.0,0.0,0.012987012987012988,4.0,5.5
emblematica:E012161,2803,0,1.0,,,,,,1.0,2.0
emblematica:E012162,2803,0,1.0,,,,,,1.0,2.0
emblematica:E012163,2803,0,1.0,,,,,,1.0,2.0
emblematica:E012164,2803,0,1.0,,,,,,1.0,2.0
emblematica:E012165,2803,0,1.0,,,,,,1.0,2.0
emblematica:E012166,2803,0,1.0,,,,,,1.0,2.0
emblematica:E012167,2803,0,1.0,,,,,,1.0,2.0
emblematica:E012168,2803,0,1.0,,,,,,1.0,2.0
emblematica:E012169,2803,0,1.0,,,,,,1.0,2.0
emblematica:E012170,2803,0,1.0,,,,,,1.0,2.0
emblematica:E012171,2803,0,1.0,,,,,,1.0,2.0
emblematica:E012172,2803,0,1.0,,,,,,1.0,2.0
emblematica:E012173,2803,0,1.0,,,,,,1.0,2.0
emblematica:E012174,2803,0,1.0,,,,,,1.0,2.0
emblematica:E012175,2803,0,1.0,,,,,,1.0,2.0
emblematica:E012176,2803,0,1.0,,,,,,1.0,2.0
emblematica:E012177,2803,0,1.0,,,,,,1.0,2.0
emblematica:E012178,2803,0,1.0,,,,,,1.0,2.0
emblematica:E012179,2803,0,1.0,,,,,,1.0,2.0
emblematica:E012180,2803,0,1.0,,,,,,1.0,2.0
emblematica:E012181,2803,0,1.0,,,,,,1.0,2.0
emblematica:E012182,2803,0,1.0,,,,,,1.0,2.0
emblematica:E012183,2803,0,1.0,,,,,,1.0,2.0
emblematica:E012184,2803,0,1.0,,,,,,1.0,2.0
emblematica:E012185,2803,0,1.0,,,,,,1.0,2.0
emblematica:E012186,2803,0,1.0,,,,,,1.0,2.0
emblematica:E012187,2803,0,1.0,,,,,,1.0,2.0
emblematica:E012188,2803,0,1.0,,,,,,1.0,2.0
emblematica:E012189,2803,0,1.0,,,,,,1.0,2.0
emblematica:E012190,2803,0,1.0,,,,,,1.0,2.0
emblematica:E012191,2803,0,1.0,,,,,,1.0,2.0
emblematica:E012192,2803,0,1.0,,,,,,1.0,2.0
emblematica:E016791,2803,448,0.5624644609280969,0.5,0.13170146334419855,0.0,0.006696428571428571,0.006696428571428571,12.0,4.0
emblematica:E016792,2803,153,0.3333333333333333,0.015384615384615385,0.05973729684581098,0.0,0.0,0.0,10.0,3.0
emblematica:E016793,2803,427,0.558138705312192,0.3333333333333333,0.12186145202838068,0.0,0.00468384074941452,0.00936768149882904,10.0,4.0
emblematica:E016795,2803,329,0.7949559722298103,1.0,0.14596384933058307,0.00303951367781155,0.0121580547112462,0.0182370820668693,12.5,4.0
emblematica:E016796,2803,522,0.6101871780591608,1.0,0.15545481126500973,0.0019157088122605363,0.005747126436781609,0.005747126436781609,21.0,4.0
emblematica:E016797,2803,249,0.3333333333333333,0.022222222222222223,0.0740980267272773,0.0,0.0,0.0,20.0,4.0
emblematica:E016802,2803,394,0.4953985955231793,0.3333333333333333,0.12092010856113639,0.0,0.0025380710659898475,0.005076142131979695,14.0,4.0
emblematica:E017330,2803,184,0.6783074999417438,1.0,0.09465329660463818,0.005434782608695652,0.016304347826086956,0.021739130434782608,10.0,3.5
emblematica:E017331,2803,36,0.39652557624636714,0.25,0.026480380389395194,0.0,0.027777777777777776,0.027777777777777776,8.0,4.0
emblematica:E017332,2803,32,0.3900954117610806,0.2,0.024856328835590892,0.0,0.03125,0.03125,3.0,3.5
emblematica:E017333,2803,73,0.5368232559598007,1.0,0.05000968615482661,0.0136986301369863,0.0273972602739726,0.0273972602739726,21.0,4.0
emblematica:E017334,2803,174,0.4698894983457272,0.3333333333333333,0.0863176989773808,0.0,0.011494252873563218,0.011494252873563218,6.5,3.0
emblematica:E017335,2803,204,0.4345081273853569,0.16666666666666666,0.0944263766802548,0.0,0.0,0.00980392156862745,10.0,4.0
emblematica:E017336,2803,193,0.3900954117610806,0.2,0.07966768818231884,0.0,0.0051813471502590676,0.0051813471502590676,7.0,3.0
emblematica:E017337,2803,231,0.4389394350456683,0.25,0.10157557707290314,0.0,0.004329004329004329,0.008658008658008658,39.0,4.0
emblematica:E017338,2803,245,0.4491111142319945,0.3333333333333333,0.10533590729282434,0.0,0.004081632653061225,0.00816326530612245,14.0,5.0
emblematica:E017339,2803,166,0.5289704589316268,1.0,0.07210094440430527,0.006024096385542169,0.006024096385542169,0.012048192771084338,26.0,4.0
emblematica:E017340,2803,170,0.6153529168639605,0.3333333333333333,0.09833863297929027,0.0,0.01764705882352941,0.029411764705882353,7.0,4.0
emblematica:E017341,2803,303,0.6826196654387715,1.0,0.1423559292597916,0.0033003300330033004,0.006600660066006601,0.0165016501650165,35.5,5.0
emblematica:E017342,2803,147,0.5205876673674543,0.5,0.08571457951712978,0.0,0.006802721088435374,0.02040816326530612,3.0,4.0
emblematica:E017343,2803,166,0.5705181411261643,1.0,0.0854786062165921,0.006024096385542169,0.006024096385542169,0.018072289156626505,6.0,4.5
emblematica:E017344,2803,185,0.5432534204450873,1.0,0.08550816089976704,0.005405405405405406,0.010810810810810811,0.010810810810810811,7.5,3.5
emblematica:E017345,2803,113,0.39643313433984345,0.14285714285714285,0.063290183486997,0.0,0.0,0.008849557522123894,3.0,3.0
emblematica:E017346,2803,114,0.3997893655927203,0.16666666666666666,0.06358238756691885,0.0,0.0,0.008771929824561403,3.0,3.0
emblematica:E017347,2803,113,0.3940881726574744,0.1,0.06412524711525472,0.0,0.0,0.008849557522123894,3.0,3.0
emblematica:E017348,2803,21,0.42465647353220776,0.14285714285714285,0.023551391785757915,0.0,0.0,0.09523809523809523,7.0,5.5
emblematica:E017349,2803,18,0.3900954117610806,0.2,0.028380068020531113,0.0,0.05555555555555555,0.05555555555555555,5.0,3.5
emblematica:E017350,2803,64,0.4570067279687367,0.25,0.05135829771113302,0.0,0.015625,0.03125,7.0,4.5
emblematica:E017351,2803,3,0.6031796858785372,0.0016778523489932886,0.0032157759022346465,0.0,0.0,0.0,1.0,3.0
emblematica:E017352,2803,11,0.48006117753205335,0.07692307692307693,0.0143635596709637,0.0,0.0,0.0,1.5,3.5
emblematica:E017353,2803,27,0.38224261473290666,0.037037037037037035,0.009319371530804917,0.0,0.0,0.0,3.0,5.0
emblematica:E017354,2803,189,0.39652557624636714,0.25,0.07097735920219372,0.0,0.005291005291005291,0.005291005291005291,29.0,5.0
emblematica:E017355,2803,28,0.3333333333333333,0.043478260869565216,0.02548351270801703,0.0,0.0,0.0,3.0,4.0
emblematica:E017356,2803,218,0.5224750363313545,1.0,0.28897704806558255,0.0045871559633027525,0.0045871559633027525,0.009174311926605505,4.0,6.0
emblematica:E017357,2803,37,0.5263486588232382,1.0,0.04350997121618967,0.02702702702702703,0.02702702702702703,0.05405405405405406,4.5,4.0
emblematica:E017358,2803,58,0.44069505854929314,0.25,0.02244337451171683,0.0,0.017241379310344827,0.017241379310344827,4.0,5.0
emblematica:E017359,2803,191,0.6718120773414716,1.0,0.09478099300050523,0.005235602094240838,0.015706806282722512,0.020942408376963352,3.0,4.0
emblematica:E017360,2803,23,0.3333333333333333,0.07692307692307693,0.029984733952699377,0.0,0.0,0.0,5.5,2.0
emblematica:E017361,2803,161,0.5224750363313545,1.0,0.08016012068985548,0.006211180124223602,0.006211180124223602,0.012422360248447204,4.0,4.0
emblematica:E017362,2803,187,0.667776154303307,1.0,0.1152572552698977,0.0053475935828877,0.0106951871657754,0.0213903743315508,7.0,4.0
emblematica:E017363,2803,284,0.42590829591570295,0.5,0.2701617611150115,0.0,0.0035211267605633804,0.0035211267605633804,14.5,4.0
emblematica:E017364,2803,234,0.598908797979244,1.0,0.2924771147718133,0.004273504273504274,0.008547008547008548,0.01282051282051282,14.0,5.0
emblematica:E017365,2803,306,0.43813561626559633,0.5,0.3171903201067819,0.0,0.0032679738562091504,0.0032679738562091504,21.0,4.0
emblematica:E017498,2803,97,0.8909917927337877,1.0,0.42443750087809323,0.010309278350515464,0.05154639175257732,0.07216494845360824,2.0,2.0
emblematica:E017499,2803,139,0.8410448354513865,0.5,0.30738002465401193,0.0,0.02877697841726619,0.05755395683453238,2.0,3.0
emblematica:E017500,2803,198,0.910034258994414,1.0,0.2490556068945522,0.005050505050505051,0.015151515151515152,0.04040404040404041,7.0,3.0
emblematica:E017501,2803,127,0.9652843890316114,1.0,0.3836199203886549,0.007874015748031496,0.03937007874015748,0.07086614173228346,8.5,2.5
emblematica:E017502,2803,130,0.9118499466982855,1.0,0.37978116752955193,0.007692307692307693,0.03076923076923077,0.06153846153846154,7.0,3.0
emblematica:E017503,2803,147,1.0,1.0,0.34072215344246787,0.006802721088435374,0.034013605442176874,0.06802721088435375,9.0,3.0
emblematica:E017504,2803,344,0.9668728882728055,1.0,0.33525141811164383,0.0029069767441860465,0.014534883720930232,0.02616279069767442,3.5,3.0
emblematica:E017505,2803,161,0.9432379215722525,1.0,0.3025418914718294,0.006211180124223602,0.024844720496894408,0.055900621118012424,12.0,3.0
emblematica:E017506,2803,92,0.8507549823616222,0.5,0.47333693977266006,0.0,0.043478260869565216,0.08695652173913043,2.0,3.0
emblematica:E017507,2803,233,1.0,1.0,0.2892508596457427,0.004291845493562232,0.02145922746781116,0.04291845493562232,9.5,3.5
emblematica:E017508,2803,155,1.0,1.0,0.3701556546529144,0.0064516129032258064,0.03225806451612903,0.06451612903225806,1.0,2.5
emblematica:E017509,2803,162,0.9526058178152246,1.0,0.3049722146378839,0.006172839506172839,0.024691358024691357,0.05555555555555555,7.0,3.0
emblematica:E017510,2803,191,1.0,1.0,0.3345304339766628,0.005235602094240838,0.02617801047120419,0.05235602094240838,8.5,3.0
emblematica:E017511,2803,96,1.0,1.0,0.4504639851879298,0.010416666666666666,0.052083333333333336,0.10416666666666667,4.5,3.5
emblematica:E017512,2803,403,0.917030557659135,1.0,0.26062757484792315,0.0024813895781637717,0.01240694789081886,0.019851116625310174,4.0,3.0
emblematica:E017513,2803,172,1.0,1.0,0.3488021421327101,0.005813953488372093,0.029069767441860465,0.05813953488372093,7.5,3.0
emblematica:E017514,2803,158,1.0,1.0,0.3571003494324847,0.006329113924050633,0.03164556962025317,0.06329113924050633,2.5,3.0
emblematica:E017515,2803,153,0.8609011516735539,1.0,0.23779758703029294,0.006535947712418301,0.026143790849673203,0.0457516339869281,5.0,3.0
emblematica:E017516,2803,184,1.0,1.0,0.3217228561719952,0.005434782608695652,0.02717391304347826,0.05434782608695652,7.5,2.5
emblematica:E017517,2803,232,0.8905202757957813,1.0,0.3002044053346652,0.004310344827586207,0.017241379310344827,0.034482758620689655,1.0,3.0
emblematica:E017518,2803,299,1.0,1.0,0.3053693237911742,0.0033444816053511705,0.016722408026755852,0.033444816053511704,6.0,3.0
emblematica:E017519,2803,119,0.9266360779006398,1.0,0.3709519781453042,0.008403361344537815,0.03361344537815126,0.07563025210084033,2.0,3.0
emblematica:E017520,2803,177,1.0,1.0,0.34008342522640905,0.005649717514124294,0.02824858757062147,0.05649717514124294,1.0,3.0
emblematica:E017521,2803,461,0.8899541168509599,0.5,0.2935622487654777,0.0,0.008676789587852495,0.019522776572668113,13.0,3.0
emblematica:E017522,2803,210,1.0,1.0,0.30870064379807205,0.004761904761904762,0.023809523809523808,0.047619047619047616,5.0,3.0
emblematica:E017523,2803,188,1.0,1.0,0.324495489303856,0.005319148936170213,0.026595744680851064,0.05319148936170213,4.0,3.0
emblematica:E017524,2803,229,1.0,1.0,0.2903748302540714,0.004366812227074236,0.021834061135371178,0.043668122270742356,4.0,2.0
emblematica:E017525,2803,207,0.94497705842548,1.0,0.31504760408330124,0.004830917874396135,0.01932367149758454,0.043478260869565216,11.0,3.0
emblematica:E017526,2803,107,0.835566141050713,1.0,0.3374578287445662,0.009345794392523364,0.028037383177570093,0.06542056074766354,1.0,3.0
emblematica:E017527,2803,318,1.0,1.0,0.3033141496043893,0.0031446540880503146,0.015723270440251572,0.031446540880503145,7.0,3.0
emblematica:E017528,2803,180,0.9305687780632227,1.0,0.31509574301264703,0.005555555555555556,0.022222222222222223,0.05,5.0,3.0
emblematica:E017529,2803,279,0.9668728882728055,1.0,0.30571742103856325,0.0035842293906810036,0.017921146953405017,0.03225806451612903,2.5,3.0
emblematica:E017530,2803,69,0.5534596269047519,0.125,0.04640609747838761,0.0,0.0,0.028985507246376812,1.0,3.0
emblematica:E017531,2803,138,1.0,1.0,0.39930829369888154,0.007246376811594203,0.036231884057971016,0.07246376811594203,2.0,3.0
emblematica:E017532,2803,289,1.0,1.0,0.2766342212539671,0.0034602076124567475,0.01730103806228374,0.03460207612456748,13.0,3.0
emblematica:E017533,2803,201,1.0,1.0,0.3201679273461855,0.004975124378109453,0.024875621890547265,0.04975124378109453,7.0,3.0
emblematica:E017534,2803,139,1.0,1.0,0.4022676873394112,0.007194244604316547,0.03597122302158273,0.07194244604316546,1.5,2.5
emblematica:E017535,2803,248,0.9608008655106622,1.0,0.27615335204255814,0.004032258064516129,0.020161290322580645,0.036290322580645164,9.0,3.0
emblematica:E017536,2803,212,1.0,1.0,0.30116106847781776,0.0047169811320754715,0.02358490566037736,0.04716981132075472,4.0,3.0
emblematica:E017537,2803,448,0.8899541168509599,0.5,0.2906099905886207,0.0,0.008928571428571428,0.020089285714285716,11.5,3.0
emblematica:E017538,2803,166,0.9305687780632227,1.0,0.35378296142602,0.006024096385542169,0.024096385542168676,0.05421686746987952,6.5,3.0
emblematica:E017539,2803,166,1.0,1.0,0.3463369668390197,0.006024096385542169,0.030120481927710843,0.060240963855421686,2.0,3.0
emblematica:E017540,2803,162,0.9668728882728055,1.0,0.34790165614976404,0.006172839506172839,0.030864197530864196,0.05555555555555555,7.5,3.0
emblematica:E017541,2803,149,0.9633180389503199,1.0,0.3764031612808852,0.006711409395973154,0.03355704697986577,0.06040268456375839,1.0,3.0
emblematica:E017542,2803,188,0.8425599346661845,0.5,0.2107435252017695,0.0,0.015957446808510637,0.0425531914893617,1.5,3.5
emblematica:E017543,2803,150,1.0,1.0,0.3914143717201878,0.006666666666666667,0.03333333333333333,0.06666666666666667,2.5,2.5
emblematica:E017544,2803,161,0.9305687780632227,1.0,0.3492661071811757,0.006211180124223602,0.024844720496894408,0.055900621118012424,3.0,3.0
emblematica:E017545,2803,169,1.0,1.0,0.35012657201895503,0.005917159763313609,0.029585798816568046,0.05917159763313609,9.0,3.0
emblematica:E017546,2803,151,0.7731287127294072,0.3333333333333333,0.2197137015038977,0.0,0.013245033112582781,0.046357615894039736,12.5,3.0
emblematica:E017547,2803,175,1.0,1.0,0.33657092379787845,0.005714285714285714,0.02857142857142857,0.05714285714285714,2.0,3.0
emblematica:E018847,2803,285,0.3775028156362593,0.1111111111111111,0.08483604784088664,0.0,0.0,0.0035087719298245615,6.0,4.0
emblematica:E018848,2803,289,0.42590829591570295,0.5,0.08916482276608362,0.0,0.0034602076124567475,0.0034602076124567475,6.5,5.0
emblematica:E018849,2803,0,1.0,,,,,,1.0,3.5
emblematica:E018850,2803,141,0.3333333333333333,0.029411764705882353,0.05774361297298991,0.0,0.0,0.0,6.0,3.0
emblematica:E018851,2803,231,0.3775028156362593,0.1111111111111111,0.24543565556557786,0.0,0.0,0.004329004329004329,21.0,4.0
emblematica:E018852,2803,15,0.3333333333333333,0.0038314176245210726,0.005182288351953366,0.0,0.0,0.0,2.5,3.5
emblematica:E018853,2803,305,0.45328765467411447,0.25,0.10698412119667151,0.0,0.006557377049180328,0.006557377049180328,15.0,2.0
emblematica:E018854,2803,157,0.3900954117610806,0.2,0.03401117083583013,0.0,0.006369426751592357,0.006369426751592357,5.0,4.0
emblematica:E018855,2803,211,0.3333333333333333,0.05263157894736842,0.2638235794856317,0.0,0.0,0.0,7.5,3.5
emblematica:E018856,2803,51,0.3333333333333333,0.05,0.015219126286418418,0.0,0.0,0.0,7.5,3.5
emblematica:E018857,2803,149,0.42641209703583266,0.14285714285714285,0.05864062676506011,0.0,0.0,0.013422818791946308,10.0,3.5
emblematica:E018858,2803,11,0.6272802195539116,1.0,0.27235352743495084,0.09090909090909091,0.18181818181818182,0.36363636363636365,1.0,3.0
emblematica:E018859,2803,111,0.43250927056038174,0.2,0.04728202446977876,0.0,0.009009009009009009,0.018018018018018018,12.5,3.5
emblematica:E018860,2803,13,0.5341361977364265,0.25,0.1802657528732588,0.0,0.07692307692307693,0.3076923076923077,2.0,3.0
emblematica:E018861,2803,42,0.4285300960240915,0.14285714285714285,0.07416852720514908,0.0,0.0,0.047619047619047616,6.0,4.0
emblematica:E018862,2803,214,0.40245159967423677,0.125,0.051340031234621296,0.0,0.0,0.004672897196261682,3.5,3.5
emblematica:E018863,2803,283,0.4748175773152763,0.5,0.08866142852470595,0.0,0.0035335689045936395,0.007067137809187279,2.5,3.5
emblematica:E018864,2803,15,0.5242306598349794,1.0,0.17374827653928213,0.06666666666666667,0.06666666666666667,0.13333333333333333,3.0,3.0
emblematica:E018865,2803,44,0.5455461091873707,0.3333333333333333,0.07134067569543631,0.0,0.022727272727272728,0.09090909090909091,7.5,3.5
emblematica:E018866,2803,69,0.42465647353220776,0.14285714285714285,0.038789870382323836,0.0,0.0,0.028985507246376812,12.0,3.5
emblematica:E018867,2803,132,0.5835845192892768,1.0,0.07036178511225809,0.007575757575757576,0.007575757575757576,0.022727272727272728,11.5,4.0
emblematica:E018868,2803,271,0.3775028156362593,0.1111111111111111,0.0917247570407742,0.0,0.0,0.0036900369003690036,1.0,3.5
emblematica:E018869,2803,23,0.3333333333333333,0.007692307692307693,0.01162609563075711,0.0,0.0,0.0,5.0,4.0
emblematica:E018870,2803,93,0.581235971584077,1.0,0.0690191703568807,0.010752688172043012,0.010752688172043012,0.03225806451612903,13.0,4.0
emblematica:E018871,2803,262,1.0,1.0,0.47736919704377245,0.003816793893129771,0.019083969465648856,0.03816793893129771,15.0,5.0
emblematica:E018872,2803,245,1.0,1.0,0.49451362955156974,0.004081632653061225,0.02040816326530612,0.04081632653061224,16.0,3.0
emblematica:E018873,2803,191,1.0,1.0,0.5655206045134213,0.005235602094240838,0.02617801047120419,0.05235602094240838,3.5,4.5
emblematica:E018874,2803,323,1.0,1.0,0.43541474835840505,0.0030959752321981426,0.015479876160990712,0.030959752321981424,32.0,4.0
emblematica:E018875,2803,256,1.0,1.0,0.49753749864577423,0.00390625,0.01953125,0.0390625,5.0,4.5
emblematica:E018876,2803,249,1.0,1.0,0.4813818609651283,0.004016064257028112,0.020080321285140562,0.040160642570281124,2.5,5.0
emblematica:E018877,2803,216,1.0,1.0,0.5264552794563266,0.004629629629629629,0.023148148148148147,0.046296296296296294,10.5,4.0
emblematica:E018878,2803,184,1.0,1.0,0.5918422265747738,0.005434782608695652,0.02717391304347826,0.05434782608695652,2.5,6.0
emblematica:E018879,2803,205,1.0,1.0,0.5546160609240004,0.004878048780487805,0.024390243902439025,0.04878048780487805,8.0,5.0
emblematica:E018880,2803,203,1.0,1.0,0.5436289856326011,0.0049261083743842365,0.019704433497536946,0.04433497536945813,3.0,3.0
emblematica:E018881,2803,219,1.0,1.0,0.5326656708803159,0.0045662100456621,0.0228310502283105,0.045662100456621,16.0,4.0
emblematica:E018882,2803,227,1.0,1.0,0.5272964665307897,0.004405286343612335,0.022026431718061675,0.04405286343612335,12.5,5.0
emblematica:E018883,2803,283,1.0,1.0,0.4551497037474046,0.0035335689045936395,0.0176678445229682,0.0353356890459364,17.0,4.0
emblematica:E018884,2803,217,1.0,1.0,0.5236530586586801,0.004608294930875576,0.02304147465437788,0.04608294930875576,4.5,4.5
emblematica:E018885,2803,201,1.0,1.0,0.5487060759029853,0.004975124378109453,0.024875621890547265,0.04975124378109453,10.0,3.0
emblematica:E018886,2803,298,1.0,1.0,0.4637419281203793,0.003355704697986577,0.016778523489932886,0.03355704697986577,27.5,3.5
emblematica:E018887,2803,243,1.0,1.0,0.4967817944183424,0.00411522633744856,0.0205761316872428,0.0411522633744856,13.0,4.0
emblematica:E018888,2803,240,1.0,1.0,0.49424600042572925,0.004166666666666667,0.020833333333333332,0.041666666666666664,18.0,4.5
emblematica:E018889,2803,302,1.0,1.0,0.4525784134391689,0.0033112582781456954,0.016556291390728478,0.033112582781456956,24.5,3.5
emblematica:E018890,2803,193,1.0,1.0,0.5705837174721168,0.0051813471502590676,0.025906735751295335,0.05181347150259067,3.0,5.0
emblematica:E018891,2803,293,1.0,1.0,0.4702152909424042,0.0034129692832764505,0.017064846416382253,0.034129692832764506,17.0,3.0
emblematica:E018892,2803,235,1.0,1.0,0.504622930224021,0.00425531914893617,0.02127659574468085,0.0425531914893617,11.0,4.0
emblematica:E018893,2803,217,1.0,1.0,0.5344572862007212,0.004608294930875576,0.02304147465437788,0.04608294930875576,6.0,4.0
emblematica:E018894,2803,211,1.0,1.0,0.5369204076206582,0.004739336492890996,0.023696682464454975,0.04739336492890995,13.0,4.0
emblematica:E018895,2803,200,1.0,1.0,0.5596408635583892,0.005,0.025,0.05,10.5,4.0
emblematica:E018896,2803,302,1.0,1.0,0.44441080245110337,0.0033112582781456954,0.016556291390728478,0.033112582781456956,18.5,4.5
emblematica:E018897,2803,209,1.0,1.0,0.5317749891157887,0.004784688995215311,0.023923444976076555,0.04784688995215311,4.0,4.0
emblematica:E018898,2803,269,1.0,1.0,0.4738618848779176,0.0037174721189591076,0.01858736059479554,0.03717472118959108,6.0,3.0
emblematica:E018899,2803,208,1.0,1.0,0.5429779599328542,0.004807692307692308,0.02403846153846154,0.04807692307692308,6.5,3.5
emblematica:E018900,2803,216,1.0,1.0,0.5274151065479442,0.004629629629629629,0.023148148148148147,0.046296296296296294,16.0,3.0
emblematica:E018901,2803,230,1.0,1.0,0.5377873696627581,0.004347826086956522,0.017391304347826087,0.0391304347826087,8.0,4.0
emblematica:E018902,2803,203,1.0,1.0,0.5363203914749318,0.0049261083743842365,0.019704433497536946,0.04433497536945813,3.0,4.0
emblematica:E018903,2803,231,1.0,1.0,0.4991211465929716,0.004329004329004329,0.021645021645021644,0.04329004329004329,13.5,5.0
emblematica:E018904,2803,216,1.0,1.0,0.5218944262349325,0.004629629629629629,0.023148148148148147,0.046296296296296294,3.0,4.0
emblematica:E018905,2803,195,1.0,1.0,0.56677542419794,0.005128205128205128,0.02564102564102564,0.05128205128205128,3.0,4.0
emblematica:E018906,2803,200,1.0,1.0,0.5532314864370457,0.005,0.025,0.05,5.5,3.5
emblematica:E018907,2803,361,1.0,1.0,0.443747100051965,0.002770083102493075,0.013850415512465374,0.027700831024930747,23.0,4.0
emblematica:E018908,2803,192,1.0,1.0,0.5612185267764078,0.005208333333333333,0.020833333333333332,0.046875,3.5,3.5
emblematica:E018909,2803,319,1.0,1.0,0.4308543695541469,0.003134796238244514,0.01567398119122257,0.03134796238244514,12.0,4.0
emblematica:E018910,2803,188,1.0,1.0,0.5674392483740456,0.005319148936170213,0.026595744680851064,0.05319148936170213,2.0,5.0
emblematica:E018911,2803,190,1.0,1.0,0.576014971274735,0.005263157894736842,0.02631578947368421,0.05263157894736842,3.0,6.0
emblematica:E018912,2803,200,1.0,1.0,0.5558455963165392,0.005,0.025,0.05,2.5,3.0
emblematica:E018913,2803,198,1.0,1.0,0.5612753549035827,0.005050505050505051,0.025252525252525252,0.050505050505050504,8.5,4.0
emblematica:E018914,2803,269,1.0,1.0,0.48277405095173576,0.0037174721189591076,0.01858736059479554,0.03717472118959108,4.5,4.0
emblematica:E018915,2803,226,1.0,1.0,0.523040286173932,0.004424778761061947,0.022123893805309734,0.04424778761061947,21.0,4.0
emblematica:E018916,2803,258,1.0,1.0,0.48325913426101835,0.003875968992248062,0.01937984496124031,0.03875968992248062,23.5,4.5
emblematica:E018917,2803,207,1.0,1.0,0.5407137210368786,0.004830917874396135,0.024154589371980676,0.04830917874396135,5.0,5.0
emblematica:E018918,2803,188,1.0,1.0,0.5650607424643643,0.005319148936170213,0.026595744680851064,0.05319148936170213,1.5,5.0
emblematica:E018919,2803,217,1.0,1.0,0.528857650954907,0.004608294930875576,0.02304147465437788,0.04608294930875576,16.0,3.0
emblematica:E018920,2803,198,1.0,1.0,0.5579996029418204,0.005050505050505051,0.025252525252525252,0.050505050505050504,2.0,5.0
emblematica:E018921,2803,309,1.0,1.0,0.452174651526927,0.003236245954692557,0.016181229773462782,0.032362459546925564,13.0,3.0
emblematica:E018922,2803,313,0.9368077570869661,1.0,0.4264579130225709,0.003194888178913738,0.012779552715654952,0.02875399361022364,8.0,5.0
emblematica:E018923,2803,277,1.0,1.0,0.47155157873085624,0.0036101083032490976,0.018050541516245487,0.036101083032490974,8.0,3.5
emblematica:E018924,2803,272,1.0,1.0,0.4768272375325759,0.003676470588235294,0.01838235294117647,0.03676470588235294,8.0,4.0
emblematica:E018925,2803,192,1.0,1.0,0.5807457839184111,0.005208333333333333,0.026041666666666668,0.052083333333333336,2.0,4.0
emblematica:E018926,2803,327,1.0,1.0,0.4440169920199174,0.0030581039755351682,0.012232415902140673,0.027522935779816515,22.5,4.0
emblematica:E018927,2803,205,1.0,1.0,0.5404079854675484,0.004878048780487805,0.024390243902439025,0.04878048780487805,6.0,3.5
emblematica:E018928,2803,216,1.0,1.0,0.5347406308157217,0.004629629629629629,0.023148148148148147,0.046296296296296294,10.5,4.0
emblematica:E018929,2803,214,1.0,1.0,0.5212172804224581,0.004672897196261682,0.018691588785046728,0.04205607476635514,6.0,4.0
emblematica:E018930,2803,304,1.0,1.0,0.45073519222562386,0.003289473684210526,0.01644736842105263,0.03289473684210526,15.0,4.0
emblematica:E018931,2803,252,1.0,1.0,0.47978414989188994,0.003968253968253968,0.01984126984126984,0.03571428571428571,3.5,4.5
emblematica:E018932,2803,207,1.0,1.0,0.5367416341648935,0.004830917874396135,0.024154589371980676,0.04830917874396135,8.5,5.0
emblematica:E018933,2803,233,1.0,1.0,0.4945918998080529,0.004291845493562232,0.02145922746781116,0.04291845493562232,5.0,4.0
emblematica:E018934,2803,209,1.0,1.0,0.5400439928689084,0.004784688995215311,0.023923444976076555,0.04784688995215311,11.0,4.0
emblematica:E018935,2803,187,1.0,1.0,0.5696386167437208,0.0053475935828877,0.026737967914438502,0.0481283422459893,2.0,4.0
emblematica:E018936,2803,245,0.9477344873475497,1.0,0.4773497513531992,0.004081632653061225,0.02040816326530612,0.036734693877551024,13.0,5.0
emblematica:E018937,2803,185,1.0,1.0,0.5868274248869089,0.005405405405405406,0.02702702702702703,0.05405405405405406,2.0,4.5
emblematica:E018938,2803,198,1.0,1.0,0.5592316098502081,0.005050505050505051,0.025252525252525252,0.050505050505050504,4.0,4.0
emblematica:E018939,2803,203,1.0,1.0,0.5543844810726494,0.0049261083743842365,0.024630541871921183,0.04926108374384237,9.0,5.0
emblematica:E018940,2803,271,1.0,1.0,0.4792866012029491,0.0036900369003690036,0.01845018450184502,0.03690036900369004,10.0,5.0
emblematica:E018941,2803,235,1.0,1.0,0.51450848625698,0.00425531914893617,0.02127659574468085,0.0425531914893617,14.5,3.5
emblematica:E018942,2803,223,1.0,1.0,0.527464101020139,0.004484304932735426,0.02242152466367713,0.04484304932735426,7.0,4.0
emblematica:E018943,2803,206,1.0,1.0,0.5506232798244863,0.0048543689320388345,0.024271844660194174,0.04854368932038835,3.0,4.0
emblematica:E018944,2803,265,1.0,1.0,0.4659784048634298,0.0037735849056603774,0.018867924528301886,0.03773584905660377,8.0,5.0
emblematica:E018945,2803,359,1.0,1.0,0.4294624176441523,0.002785515320334262,0.013927576601671309,0.027855153203342618,26.0,4.0
emblematica:E018946,2803,224,1.0,1.0,0.5246547168752417,0.004464285714285714,0.022321428571428572,0.044642857142857144,10.0,4.0
emblematica:E018947,2803,406,1.0,1.0,0.42337835093743625,0.0024630541871921183,0.012315270935960592,0.024630541871921183,25.0,4.0
emblematica:E018948,2803,197,1.0,1.0,0.5637753255970118,0.005076142131979695,0.025380710659898477,0.050761421319796954,3.5,3.5
emblematica:E018949,2803,207,1.0,1.0,0.5522046365965909,0.004830917874396135,0.024154589371980676,0.04830917874396135,8.0,5.0
emblematica:E018950,2803,203,1.0,1.0,0.5557745240929304,0.0049261083743842365,0.024630541871921183,0.04926108374384237,5.0,4.0
emblematica:E018951,2803,268,0.8532721558012798,0.5,0.4749532182554393,0.0,0.014925373134328358,0.033582089552238806,14.0,4.0
emblematica:E018952,2803,6,0.35648241204244513,0.01639344262295082,0.012763150052195374,0.0,0.0,0.0,2.0,4.0
emblematica:E018953,2803,215,1.0,1.0,0.535652561815175,0.004651162790697674,0.023255813953488372,0.046511627906976744,5.0,4.0
emblematica:E018954,2803,254,1.0,1.0,0.4896132946642408,0.003937007874015748,0.01968503937007874,0.03937007874015748,11.0,4.0
emblematica:E018955,2803,228,1.0,1.0,0.5096018671742722,0.0043859649122807015,0.021929824561403508,0.043859649122807015,13.5,4.5
emblematica:E018956,2803,237,1.0,1.0,0.4907071988806445,0.004219409282700422,0.02109704641350211,0.04219409282700422,23.0,4.0
emblematica:E018957,2803,204,1.0,0.5,0.5293321194443092,0.0,0.0196078431372549,0.04411764705882353,6.5,4.0
emblematica:E018958,2803,58,1.0,0.012195121951219513,0.02639809839581301,0.0,0.0,0.0,8.0,5.0
emblematica:E018959,2803,186,1.0,1.0,0.5894559817746368,0.005376344086021506,0.026881720430107527,0.053763440860215055,2.0,5.0
emblematica:E018960,2803,198,1.0,1.0,0.561990368489612,0.005050505050505051,0.025252525252525252,0.050505050505050504,9.0,6.0
emblematica:E018961,2803,233,1.0,1.0,0.5155732069172948,0.004291845493562232,0.02145922746781116,0.04291845493562232,11.0,4.5
emblematica:E018962,2803,206,1.0,1.0,0.5480941871422434,0.0048543689320388345,0.024271844660194174,0.04854368932038835,13.0,5.0
emblematica:E018963,2803,195,1.0,1.0,0.5713252010883335,0.005128205128205128,0.02564102564102564,0.05128205128205128,3.0,3.0
emblematica:E018964,2803,258,1.0,1.0,0.4704280731545522,0.003875968992248062,0.01937984496124031,0.03875968992248062,14.0,4.0
emblematica:E018965,2803,220,1.0,1.0,0.5258360533557489,0.004545454545454545,0.022727272727272728,0.045454545454545456,10.0,6.0
emblematica:E018966,2803,248,1.0,1.0,0.5051277235240119,0.004032258064516129,0.020161290322580645,0.04032258064516129,18.0,4.0
emblematica:E018967,2803,188,1.0,1.0,0.5717137352505927,0.005319148936170213,0.026595744680851064,0.047872340425531915,2.0,4.0
emblematica:E018968,2803,306,1.0,1.0,0.442624927201339,0.0032679738562091504,0.016339869281045753,0.032679738562091505,12.0,4.0
emblematica:E018969,2803,242,1.0,1.0,0.5018096547800347,0.004132231404958678,0.02066115702479339,0.04132231404958678,15.0,5.0
emblematica:E018970,2803,226,1.0,1.0,0.5189483460889804,0.004424778761061947,0.022123893805309734,0.04424778761061947,13.0,4.0
emblematica:E018971,2803,275,1.0,1.0,0.46202590067237204,0.0036363636363636364,0.01818181818181818,0.03636363636363636,8.0,5.0
emblematica:E018974,2803,99,0.4010408906456403,0.1,0.05865406497247633,0.0,0.0,0.010101010101010102,8.0,4.0
emblematica:E018975,2803,102,0.37574719213263447,0.1,0.04530632162407176,0.0,0.0,0.00980392156862745,5.0,3.0
emblematica:E018976,2803,16,0.37962081462451813,0.125,0.015788107539645956,0.0,0.0,0.0625,1.0,4.0
emblematica:E018977,2803,40,0.3333333333333333,0.03125,0.019364227972816256,0.0,0.0,0.0,1.0,4.0
emblematica:E018978,2803,169,0.5809927382627267,1.0,0.08481374004488028,0.005917159763313609,0.011834319526627219,0.01775147928994083,1.0,4.0
emblematica:E018979,2803,43,0.3561641183830519,0.05,0.014616226304294742,0.0,0.0,0.0,2.0,4.0
emblematica:E018980,2803,73,0.42590829591570295,0.5,0.07781632878932969,0.0,0.0136986301369863,0.0136986301369863,5.0,4.0
emblematica:E018981,2803,8,0.3801413917880222,0.06666666666666667,0.018614300069007387,0.0,0.0,0.0,1.0,4.0
emblematica:E018982,2803,106,0.3561641183830519,0.011904761904761904,0.04917500272382909,0.0,0.0,0.0,1.0,4.0
emblematica:E018983,2803,163,0.3333333333333333,0.04,0.04964760108243535,0.0,0.0,0.0,1.0,4.0
emblematica:E018984,2803,282,0.37574719213263447,0.1,0.12787846435519726,0.0,0.0,0.0035460992907801418,14.0,4.0
emblematica:E018985,2803,121,0.38559884598578353,0.16666666666666666,0.09256621310116407,0.0,0.0,0.008264462809917356,9.0,4.0
emblematica:E018986,2803,225,0.38224261473290666,0.14285714285714285,0.07923442396902634,0.0,0.0,0.0044444444444444444,8.5,4.0
emblematica:E018987,2803,49,0.3333333333333333,0.010309278350515464,0.021440809895276157,0.0,0.0,0.0,1.0,5.0
emblematica:E018988,2803,130,0.49715421902680423,0.3333333333333333,0.08669029553129164,0.0,0.007692307692307693,0.023076923076923078,3.0,4.0
emblematica:E018989,2803,125,0.5589289954195967,0.5,0.11558631868767341,0.0,0.024,0.024,3.0,4.0
emblematica:E018990,2803,32,0.3333333333333333,0.02127659574468085,0.014956916898912076,0.0,0.0,0.0,3.0,4.0
emblematica:E018991,2803,69,0.47306485410194554,0.2,0.11313167847282286,0.0,0.014492753623188406,0.028985507246376812,8.0,4.0
emblematica:E018992,2803,53,0.38224261473290666,0.14285714285714285,0.03440943653426907,0.0,0.0,0.018867924528301886,2.5,4.0
emblematica:E018993,2803,98,0.6592194812166503,1.0,0.09909804540416428,0.01020408163265306,0.02040816326530612,0.04081632653061224,5.0,6.0
emblematica:E018994,2803,107,0.388813570295747,0.1,0.08040793766830347,0.0,0.0,0.009345794392523364,10.0,4.0
emblematica:E018995,2803,203,0.3333333333333333,0.07692307692307693,0.05590295013061287,0.0,0.0,0.0,2.5,4.5
emblematica:E018996,2803,3,0.4931049315805358,0.058823529411764705,0.03730936819172113,0.0,0.0,0.0,1.0,4.0
emblematica:E018997,2803,31,0.4589627680851436,0.16666666666666666,0.03215571291339272,0.0,0.0,0.03225806451612903,1.5,4.5
emblematica:E018998,2803,102,0.35647707397892575,0.07142857142857142,0.0784127894174324,0.0,0.0,0.0,8.0,3.0
emblematica:E018999,2803,52,0.4928681292952197,0.16666666666666666,0.051864657537657385,0.0,0.0,0.038461538461538464,2.0,3.5
emblematica:E019000,2803,224,0.39652557624636714,0.25,0.08087676096134329,0.0,0.004464285714285714,0.004464285714285714,9.0,3.5
emblematica:E019001,2803,76,0.46345933386044064,0.3333333333333333,0.033123321459780496,0.0,0.02631578947368421,0.02631578947368421,5.0,4.0
emblematica:E019002,2803,41,0.3333333333333333,0.06666666666666667,0.04692582336754964,0.0,0.0,0.0,1.0,5.0
emblematica:E019003,2803,99,0.3900954117610806,0.2,0.057973442198175004,0.0,0.010101010101010102,0.010101010101010102,4.5,4.5
emblematica:E019004,2803,80,0.393811334231455,0.043478260869565216,0.03762366136232759,0.0,0.0,0.0,1.0,4.0
emblematica:E019005,2803,65,0.392846079432732,0.03125,0.01775935056186506,0.0,0.0,0.0,2.5,3.5
emblematica:E019006,2803,58,0.3333333333333333,0.06666666666666667,0.05389401315748101,0.0,0.0,0.0,2.0,4.0
emblematica:E019007,2803,165,0.5189870596182024,0.5,0.08919042196584757,0.0,0.006060606060606061,0.01818181818181818,23.5,4.0
emblematica:E019008,2803,85,0.5285195811899646,0.25,0.07532928522679647,0.0,0.023529411764705882,0.03529411764705882,9.0,5.0
emblematica:E019009,2803,74,0.42590829591570295,0.5,0.05087799486675401,0.0,0.013513513513513514,0.013513513513513514,2.0,5.5
emblematica:E019010,2803,97,0.5954264911910139,1.0,0.1118459808567128,0.010309278350515464,0.010309278350515464,0.030927835051546393,13.0,4.5
emblematica:E019011,2803,50,0.3333333333333333,0.09090909090909091,0.05281481478955089,0.0,0.0,0.0,3.0,5.0
emblematica:E019012,2803,37,0.456477228221672,0.25,0.06351425512949385,0.0,0.02702702702702703,0.05405405405405406,3.0,4.0
emblematica:E019013,2803,71,0.3806187590828386,0.045454545454545456,0.04861544765831468,0.0,0.0,0.0,2.5,4.0
emblematica:E019014,2803,32,0.3900954117610806,0.2,0.018336207429632878,0.0,0.03125,0.03125,3.5,4.5
emblematica:E019015,2803,43,0.3333333333333333,0.02,0.02114052766783017,0.0,0.0,0.0,3.0,4.0
emblematica:E019016,2803,85,0.44170635664396146,0.5,0.06954555298257771,0.0,0.011764705882352941,0.011764705882352941,10.0,4.0
emblematica:E019017,2803,128,0.3475238529402701,0.021739130434782608,0.045291614903875135,0.0,0.0,0.0,6.5,4.5
emblematica:E019018,2803,37,0.3900954117610806,0.2,0.02157198287856478,0.0,0.02702702702702703,0.02702702702702703,1.5,6.0
emblematica:E019019,2803,43,0.3333333333333333,0.020833333333333332,0.054528049583051165,0.0,0.0,0.0,4.5,4.0
emblematica:E019020,2803,17,0.3333333333333333,0.014705882352941176,0.012205878585028727,0.0,0.0,0.0,2.0,3.0
emblematica:E019021,2803,60,0.3333333333333333,0.08333333333333333,0.060058068207814536,0.0,0.0,0.0,2.0,4.0
emblematica:E019022,2803,45,0.3333333333333333,0.011904761904761904,0.03349881174688341,0.0,0.0,0.0,1.0,5.0
emblematica:E019023,2803,326,0.5221550109981774,0.3333333333333333,0.1414823171691456,0.0,0.006134969325153374,0.009202453987730062,22.5,4.0
emblematica:E019024,2803,23,0.3333333333333333,0.09090909090909091,0.022249240539281626,0.0,0.0,0.0,1.0,4.0
emblematica:E019025,2803,42,0.3333333333333333,0.03571428571428571,0.019403853350420042,0.0,0.0,0.0,4.5,3.5
emblematica:E019026,2803,157,0.6772239497579156,0.5,0.1320764517189639,0.0,0.01910828025477707,0.03184713375796178,13.5,4.0
emblematica:E019027,2803,17,0.4285300960240915,0.14285714285714285,0.030254727670350222,0.0,0.0,0.11764705882352941,2.0,4.0
emblematica:E019028,2803,35,0.3333333333333333,0.015151515151515152,0.012899194032541177,0.0,0.0,0.0,1.0,5.0
emblematica:E019029,2803,92,0.5534250996314135,1.0,0.07617413871288141,0.010869565217391304,0.021739130434782608,0.021739130434782608,8.0,3.5
emblematica:E019030,2803,259,0.3333333333333333,0.08333333333333333,0.08940043932134732,0.0,0.0,0.0,20.0,3.0
emblematica:E019031,2803,70,0.38224261473290666,0.14285714285714285,0.06742147564673202,0.0,0.0,0.014285714285714285,3.5,3.5
emblematica:E019032,2803,30,0.38224261473290666,0.14285714285714285,0.033500529232771664,0.0,0.0,0.03333333333333333,3.0,5.0
emblematica:E019033,2803,136,0.4980203956315678,0.3333333333333333,0.11199344732942301,0.0,0.007352941176470588,0.022058823529411766,3.5,5.0
emblematica:E019034,2803,149,0.44281305753755196,0.25,0.07913963539502246,0.0,0.006711409395973154,0.013422818791946308,11.5,4.5
emblematica:E019035,2803,17,0.3333333333333333,0.07142857142857142,0.011995765192438876,0.0,0.0,0.0,1.0,4.0
emblematica:E019036,2803,156,0.3333333333333333,0.07692307692307693,0.05002825169562456,0.0,0.0,0.0,2.0,4.0
emblematica:E019037,2803,141,0.4529847367238781,0.3333333333333333,0.08293437892847202,0.0,0.0070921985815602835,0.014184397163120567,9.0,3.5
emblematica:E019038,2803,139,0.4656722527519592,0.2,0.12708070374391747,0.0,0.007194244604316547,0.014388489208633094,3.0,4.0
emblematica:E019039,2803,159,0.4629296005723584,0.5,0.08338602269644953,0.0,0.006289308176100629,0.006289308176100629,13.5,3.5
emblematica:E019040,2803,52,0.3333333333333333,0.02857142857142857,0.03264368449016694,0.0,0.0,0.0,1.0,4.0
emblematica:E019041,2803,28,0.3900954117610806,0.2,0.02542472501708176,0.0,0.03571428571428571,0.03571428571428571,1.0,4.0
emblematica:E019042,2803,25,0.34490520365612953,0.029411764705882353,0.02149078959814486,0.0,0.0,0.0,1.0,4.0
emblematica:E019043,2803,76,0.4433792164823734,0.3333333333333333,0.0698679052658163,0.0,0.013157894736842105,0.013157894736842105,5.0,4.0
emblematica:E019044,2803,122,0.34639971149644583,0.09090909090909091,0.06094335545460312,0.0,0.0,0.0,11.0,3.0
emblematica:E019045,2803,50,0.3728012369245296,0.05,0.036332455431131255,0.0,0.0,0.0,7.0,4.0
emblematica:E019046,2803,188,0.635146602942189,1.0,0.08517279418937442,0.005319148936170213,0.010638297872340425,0.015957446808510637,18.5,4.0
emblematica:E019047,2803,158,0.4071290409461924,0.25,0.08060059992694173,0.0,0.006329113924050633,0.006329113924050633,12.5,4.5
emblematica:E019048,2803,91,0.40669725543269336,0.3333333333333333,0.03505823621997936,0.0,0.01098901098901099,0.01098901098901099,4.0,5.0
emblematica:E019049,2803,67,0.3333333333333333,0.014084507042253521,0.023666519732425707,0.0,0.0,0.0,3.5,4.5
emblematica:E019050,2803,46,0.3333333333333333,0.05263157894736842,0.044168078872555305,0.0,0.0,0.0,2.0,4.0
emblematica:E019051,2803,111,0.40669725543269336,0.3333333333333333,0.0763200011538208,0.0,0.009009009009009009,0.009009009009009009,1.0,4.0
emblematica:E019052,2803,218,0.4053863553784991,0.14285714285714285,0.07886163440028392,0.0,0.0,0.0045871559633027525,2.0,4.0
emblematica:E019053,2803,28,0.3333333333333333,0.041666666666666664,0.010185380920734883,0.0,0.0,0.0,2.0,4.0
emblematica:E019054,2803,126,0.3775028156362593,0.1111111111111111,0.06465094399167896,0.0,0.0,0.007936507936507936,13.0,5.0
emblematica:E019055,2803,257,0.4285300960240915,0.14285714285714285,0.09354861594940149,0.0,0.0,0.007782101167315175,13.0,4.0
emblematica:E019056,2803,279,0.4911035481077849,1.0,0.11231523440155557,0.0035842293906810036,0.0035842293906810036,0.0035842293906810036,4.0,5.0
emblematica:E019093,2803,64,0.330610232887162,0.07142857142857142,0.034900321859366285,0.0,0.0,0.0,11.5,3.0
emblematica:E019094,2803,98,0.27154128155676943,0.01818181818181818,0.02436815450631622,0.0,0.0,0.0,9.5,3.0
emblematica:E019095,2803,18,0.32467675336180507,0.011904761904761904,0.010445408757827745,0.0,0.0,0.0,2.5,2.5
emblematica:E019096,2803,109,0.36170475490800086,0.1111111111111111,0.05283667207587618,0.0,0.0,0.009174311926605505,24.0,3.0
emblematica:E019097,2803,151,0.3403203735332723,0.14285714285714285,0.05873078771427052,0.0,0.0,0.006622516556291391,6.0,3.5
emblematica:E019098,2803,29,0.3449931161109628,0.07142857142857142,0.01935282030825067,0.0,0.0,0.0,2.0,4.0
emblematica:E019099,2803,27,0.33983114567916123,0.09090909090909091,0.019122652182168704,0.0,0.0,0.0,1.0,3.0
emblematica:E019100,2803,80,0.3592155411371778,0.2,0.02324515971194002,0.0,0.0125,0.0125,7.0,4.0
emblematica:E019101,2803,8,0.37920095414979027,0.1111111111111111,0.022785719054745183,0.0,0.0,0.125,1.0,3.0
emblematica:E019102,2803,9,0.3900954117610806,0.01694915254237288,0.005979122627893996,0.0,0.0,0.0,2.5,3.5
emblematica:E019103,2803,29,0.291411092133699,0.09090909090909091,0.014303041088401787,0.0,0.0,0.0,3.0,3.0
emblematica:E019104,2803,1,0.15774967624038555,0.001364256480218281,0.001364256480218281,0.0,0.0,0.0,1.5,3.5
emblematica:E019105,2803,35,0.31040710767728324,0.04,0.013113398986782992,0.0,0.0,0.0,3.5,2.0
emblematica:E019106,2803,42,0.3049522941194596,0.009900990099009901,0.015620307750619466,0.0,0.0,0.0,2.0,4.0
emblematica:E019107,2803,117,0.31591149578251654,0.034482758620689655,0.029622764467354176,0.0,0.0,0.0,8.0,5.0
emblematica:E019108,2803,38,0.3016714016281701,0.0072992700729927005,0.011394571021237669,0.0,0.0,0.0,6.0,4.0
emblematica:E019173,2803,53,0.3333333333333333,0.045454545454545456,0.027085960789595992,0.0,0.0,0.0,8.5,3.0
emblematica:E019174,2803,34,0.3333333333333333,0.017857142857142856,0.020263613873710746,0.0,0.0,0.0,6.5,3.0
emblematica:E019175,2803,189,0.3333333333333333,0.05,0.056234630938028406,0.0,0.0,0.0,25.0,3.0
emblematica:E019176,2803,22,0.3333333333333333,0.05555555555555555,0.022170207728732433,0.0,0.0,0.0,1.0,5.0
emblematica:E019177,2803,8,0.3333333333333333,0.008403361344537815,0.004803932590069071,0.0,0.0,0.0,1.0,3.0
emblematica:E019178,2803,26,0.43651176061552827,0.5,0.033566569875082955,0.0,0.038461538461538464,0.038461538461538464,5.0,4.0
emblematica:E019179,2803,63,0.3475238529402701,0.021739130434782608,0.0166080519248182,0.0,0.0,0.0,2.0,3.0
emblematica:E019180,2803,34,0.3900954117610806,0.2,0.025015111260702844,0.0,0.029411764705882353,0.029411764705882353,4.0,5.0
emblematica:E019181,2803,23,0.3333333333333333,0.03225806451612903,0.009433689825054947,0.0,0.0,0.0,2.0,3.0
emblematica:E019182,2803,23,0.3333333333333333,0.012048192771084338,0.011620667187176996,0.0,0.0,0.0,3.0,4.0
emblematica:E019183,2803,50,0.3333333333333333,0.008333333333333333,0.0188258157580087,0.0,0.0,0.0,6.0,4.0
emblematica:E019184,2803,24,0.42590829591570295,0.5,0.03520849041565045,0.0,0.041666666666666664,0.041666666666666664,4.0,5.0
emblematica:E019185,2803,45,0.3333333333333333,0.00819672131147541,0.012112045821091903,0.0,0.0,0.0,4.0,4.0
emblematica:E019186,2803,729,0.3905691937993718,0.1111111111111111,0.36910455167757067,0.0,0.0,0.0013717421124828531,9.0,3.0
emblematica:E019187,2803,60,0.3333333333333333,0.020833333333333332,0.033424867241197344,0.0,0.0,0.0,13.0,4.0
emblematica:E019188,2803,52,0.3743642842442601,0.05,0.026503429635694995,0.0,0.0,0.0,6.0,4.0
emblematica:E019189,2803,60,0.3333333333333333,0.007407407407407408,0.01882790310236528,0.0,0.0,0.0,2.0,3.0
emblematica:E019190,2803,67,0.38224261473290666,0.14285714285714285,0.03644132521393574,0.0,0.0,0.014925373134328358,6.5,3.5
emblematica:E019191,2803,42,0.40669725543269336,0.3333333333333333,0.030069957749924665,0.0,0.023809523809523808,0.023809523809523808,7.5,4.5
emblematica:E019192,2803,128,0.48974567889094944,0.5,0.10041534603847711,0.0,0.0078125,0.015625,14.0,4.0
emblematica:E019193,2803,29,0.3333333333333333,0.005780346820809248,0.011213692644375012,0.0,0.0,0.0,2.5,4.0
emblematica:E019194,2803,89,0.3775028156362593,0.1111111111111111,0.06916893659375825,0.0,0.0,0.011235955056179775,1.0,4.0
emblematica:E019195,2803,128,0.3775028156362593,0.1111111111111111,0.08248224208001984,0.0,0.0,0.0078125,7.5,4.0
emblematica:E019196,2803,98,0.4589627680851436,0.3333333333333333,0.07018131767883594,0.0,0.01020408163265306,0.02040816326530612,5.0,4.0
emblematica:E019197,2803,103,0.4345081273853569,0.16666666666666666,0.07759934730502135,0.0,0.0,0.019417475728155338,4.0,4.0
emblematica:E019198,2803,103,0.3775028156362593,0.1111111111111111,0.05868976387972794,0.0,0.0,0.009708737864077669,7.0,3.0
emblematica:E019199,2803,121,0.3333333333333333,0.0078125,0.04748572531411007,0.0,0.0,0.0,14.0,4.0
emblematica:E019200,2803,26,0.3333333333333333,0.014492753623188406,0.009526283908792944,0.0,0.0,0.0,4.0,4.0
emblematica:E019201,2803,98,0.470077778218629,0.5,0.0755303950518271,0.0,0.01020408163265306,0.02040816326530612,2.0,4.0
emblematica:E019202,2803,24,0.3333333333333333,0.0196078431372549,0.015879561253321923,0.0,0.0,0.0,5.5,3.5
emblematica:E019203,2803,114,0.3491313940615917,0.03225806451612903,0.04716700149302764,0.0,0.0,0.0,9.0,3.0
emblematica:E019204,2803,26,0.3333333333333333,0.05,0.015377360875898843,0.0,0.0,0.0,5.5,3.0
emblematica:E019205,2803,153,0.4529847367238781,0.3333333333333333,0.10074345933437152,0.0,0.006535947712418301,0.013071895424836602,14.0,3.0
emblematica:E020642,2803,199,0.48006117753205335,1.0,0.07135292030530305,0.005025125628140704,0.005025125628140704,0.005025125628140704,2.0,5.0
emblematica:E020643,2803,165,0.3775028156362593,0.1111111111111111,0.060137463651740684,0.0,0.0,0.006060606060606061,1.0,5.0
emblematica:E020644,2803,1,0.3333333333333333,0.00045955882352941176,0.00045955882352941176,0.0,0.0,0.0,1.0,5.0
emblematica:E020645,2803,284,0.3333333333333333,0.07692307692307693,0.10900593730383519,0.0,0.0,0.0,6.0,4.0
emblematica:E020646,2803,215,0.42976832828870953,0.16666666666666666,0.08904574639335358,0.0,0.0,0.009302325581395349,6.0,4.0
emblematica:E020647,2803,62,0.3333333333333333,0.06666666666666667,0.026217832332245485,0.0,0.0,0.0,4.0,4.0
emblematica:E020648,2803,92,0.3333333333333333,0.0625,0.03848896157298745,0.0,0.0,0.0,1.0,4.0
emblematica:E020649,2803,195,0.5890887686122509,1.0,0.09127869044086878,0.005128205128205128,0.010256410256410256,0.015384615384615385,3.0,4.0
emblematica:E020650,2803,224,0.38678956270836595,0.1,0.0674331665510647,0.0,0.0,0.004464285714285714,14.0,4.0
emblematica:E020651,2803,63,0.499272218015063,0.5,0.0680434307725818,0.0,0.031746031746031744,0.031746031746031744,1.0,4.0
emblematica:E020652,2803,134,0.3333333333333333,0.04,0.058668125205277026,0.0,0.0,0.0,9.0,3.0
emblematica:E020653,2803,96,0.38224261473290666,0.14285714285714285,0.03744758689859562,0.0,0.0,0.010416666666666666,9.5,4.0
emblematica:E020654,2803,109,0.3333333333333333,0.06666666666666667,0.05835957909423049,0.0,0.0,0.0,1.0,5.0
emblematica:E020655,2803,188,0.3333333333333333,0.058823529411764705,0.08152993441147191,0.0,0.0,0.0,6.0,4.5
emblematica:E020656,2803,9,0.3333333333333333,0.009345794392523364,0.006651542241145216,0.0,0.0,0.0,1.5,5.0
emblematica:E020657,2803,24,0.3333333333333333,0.004484304932735426,0.007254640171943129,0.0,0.0,0.0,1.0,5.0
emblematica:E020658,2803,203,0.3333333333333333,0.09090909090909091,0.08726949049573475,0.0,0.0,0.0,2.0,5.0
emblematica:E020659,2803,106,0.38224261473290666,0.14285714285714285,0.05092252081817076,0.0,0.0,0.009433962264150943,3.0,3.0
emblematica:E020660,2803,40,0.37962081462451813,0.125,0.05375573429158603,0.0,0.0,0.025,5.0,5.0
emblematica:E020661,2803,362,0.6460000622137831,1.0,0.14748114475693166,0.0027624309392265192,0.008287292817679558,0.008287292817679558,11.0,5.0
emblematica:E020662,2803,35,0.3333333333333333,0.043478260869565216,0.016740335576262165,0.0,0.0,0.0,1.0,4.5
emblematica:E020663,2803,98,0.3775028156362593,0.1111111111111111,0.04106543242843114,0.0,0.0,0.01020408163265306,4.0,5.0
emblematica:E020664,2803,160,0.45328765467411447,0.25,0.06338866842566124,0.0,0.0125,0.0125,1.0,4.5
emblematica:E020665,2803,25,0.3333333333333333,0.008695652173913044,0.010113522082260745,0.0,0.0,0.0,1.0,3.5
emblematica:E020666,2803,14,0.3333333333333333,0.012658227848101266,0.0063988416760348945,0.0,0.0,0.0,2.0,5.0
emblematica:E020667,2803,248,0.40669725543269336,0.3333333333333333,0.10421378616873561,0.0,0.004032258064516129,0.004032258064516129,13.0,4.0
emblematica:E020668,2803,377,0.37574719213263447,0.1,0.1430696794841467,0.0,0.0,0.002652519893899204,25.0,4.0
emblematica:E020669,2803,208,0.4890080969222132,0.5,0.08227750488497212,0.0,0.004807692307692308,0.009615384615384616,4.0,5.0
emblematica:E020670,2803,12,0.3333333333333333,0.00909090909090909,0.010910199670266291,0.0,0.0,0.0,1.0,5.0
emblematica:E020671,2803,306,0.6460000622137831,1.0,0.14930573694265348,0.0032679738562091504,0.00980392156862745,0.00980392156862745,12.5,4.0
emblematica:E020672,2803,220,0.44424927644054296,0.5,0.09168024271932611,0.0,0.004545454545454545,0.004545454545454545,14.0,3.0
emblematica:E020673,2803,189,0.43638289305226546,0.2,0.059216792310113175,0.0,0.005291005291005291,0.010582010582010581,9.0,4.0
emblematica:E020674,2803,231,0.3475238529402701,0.0625,0.11357454568769224,0.0,0.0,0.0,4.0,5.0
emblematica:E020675,2803,47,0.3475238529402701,0.058823529411764705,0.022655629111704694,0.0,0.0,0.0,5.0,4.0
emblematica:E020676,2803,464,0.3900954117610806,0.2,0.18850708490339002,0.0,0.0021551724137931034,0.0021551724137931034,47.0,4.0
emblematica:E020677,2803,293,0.6168056224173492,1.0,0.12409510217368525,0.0034129692832764505,0.006825938566552901,0.010238907849829351,1.0,3.5
emblematica:E020678,2803,337,0.7516061639261181,1.0,0.16361906480304014,0.002967359050445104,0.011869436201780416,0.01483679525222552,7.5,4.0
emblematica:E020679,2803,6,0.38224261473290666,0.05263157894736842,0.015043972211533405,0.0,0.0,0.0,1.0,4.0
emblematica:E020680,2803,191,0.3775028156362593,0.1111111111111111,0.09318580724727946,0.0,0.0,0.005235602094240838,8.5,4.0
emblematica:E020681,2803,82,0.3775028156362593,0.1111111111111111,0.051430893659281086,0.0,0.0,0.012195121951219513,6.0,4.5
emblematica:E020682,2803,11,0.3333333333333333,0.009345794392523364,0.005454331937046112,0.0,0.0,0.0,1.0,4.0
emblematica:E020683,2803,301,0.37574719213263447,0.1,0.11956801422647971,0.0,0.0,0.0033222591362126247,4.0,5.0
emblematica:E020684,2803,305,0.43426489406400665,0.1111111111111111,0.11510504564019451,0.0,0.0,0.003278688524590164,6.5,4.0
emblematica:E020685,2803,351,0.3333333333333333,0.03333333333333333,0.132892936133738,0.0,0.0,0.0,8.5,5.0
emblematica:E020686,2803,102,0.3333333333333333,0.0625,0.05770255406399489,0.0,0.0,0.0,2.0,5.0
emblematica:E020687,2803,120,0.3775028156362593,0.1111111111111111,0.06655404903771915,0.0,0.0,0.008333333333333333,5.0,6.0
emblematica:E020688,2803,159,0.3443757039090648,0.021739130434782608,0.0609190570040647,0.0,0.0,0.0,11.0,5.0
emblematica:E020689,2803,274,0.42641209703583266,0.1111111111111111,0.11318337319099553,0.0,0.0,0.0036496350364963502,2.0,4.0
emblematica:E020690,2803,99,0.34639971149644583,0.08333333333333333,0.04226826984760232,0.0,0.0,0.0,10.0,4.0
emblematica:E020691,2803,72,0.3900954117610806,0.2,0.04493026898626358,0.0,0.013888888888888888,0.013888888888888888,1.0,4.5
emblematica:E020692,2803,100,0.3333333333333333,0.0625,0.05368475869286483,0.0,0.0,0.0,11.0,6.0
emblematica:E020693,2803,92,0.39652557624636714,0.25,0.035545959790544195,0.0,0.010869565217391304,0.010869565217391304,8.5,4.0
emblematica:E020694,2803,241,0.40669725543269336,0.3333333333333333,0.09821755475078482,0.0,0.004149377593360996,0.004149377593360996,2.0,5.0
emblematica:E020695,2803,112,0.4886484057047156,0.2,0.04737962927479418,0.0,0.008928571428571428,0.017857142857142856,8.0,4.5
emblematica:E020696,2803,178,0.42203467342381923,0.125,0.08337129243324058,0.0,0.0,0.011235955056179775,6.0,5.0
emblematica:E020697,2803,272,0.37962081462451813,0.125,0.10634836652099844,0.0,0.0,0.003676470588235294,1.0,4.5
emblematica:E020698,2803,499,0.3333333333333333,0.07692307692307693,0.19874092118203196,0.0,0.0,0.0,25.5,5.0
emblematica:E020699,2803,351,0.38559884598578353,0.16666666666666666,0.1351914281330331,0.0,0.0,0.002849002849002849,6.5,4.0
emblematica:E020700,2803,160,0.3333333333333333,0.08333333333333333,0.05620299404548231,0.0,0.0,0.0,14.0,4.0
emblematica:E020701,2803,74,0.5189870596182024,0.1111111111111111,0.03073586008113655,0.0,0.0,0.013513513513513514,5.0,4.0
emblematica:E020702,2803,378,0.3900954117610806,0.2,0.158584688663977,0.0,0.0026455026455026454,0.0026455026455026454,13.0,4.5
emblematica:E020704,2803,0,1.0,,,,,,1.0,2.0
emblematica:E020705,2803,0,1.0,,,,,,1.0,2.0
emblematica:E020706,2803,0,1.0,,,,,,1.0,2.0
emblematica:E020707,2803,0,1.0,,,,,,1.0,2.0
emblematica:E020708,2803,0,1.0,,,,,,1.0,2.0
emblematica:E020709,2803,0,1.0,,,,,,1.0,2.0
emblematica:E020710,2803,0,1.0,,,,,,1.0,2.0
emblematica:E020711,2803,0,1.0,,,,,,1.0,2.0
emblematica:E020712,2803,0,1.0,,,,,,1.0,2.0
emblematica:E020713,2803,1,0.694355946562825,0.015625,0.015625,0.0,0.0,0.0,2.0,2.0
emblematica:E020714,2803,0,1.0,,,,,,1.0,2.0
emblematica:E020715,2803,0,1.0,,,,,,1.0,2.0
emblematica:E020716,2803,0,1.0,,,,,,1.0,2.0
emblematica:E020717,2803,0,1.0,,,,,,1.0,2.0
emblematica:E020718,2803,0,1.0,,,,,,1.0,2.0
emblematica:E020719,2803,0,1.0,,,,,,1.0,2.0
emblematica:E020720,2803,0,1.0,,,,,,1.0,2.0
emblematica:E020721,2803,0,1.0,,,,,,1.0,2.0
emblematica:E020722,2803,0,1.0,,,,,,1.0,2.0
emblematica:E020723,2803,0,1.0,,,,,,1.0,2.0
emblematica:E020724,2803,0,1.0,,,,,,1.0,2.0
emblematica:E020725,2803,0,1.0,,,,,,1.0,2.0
emblematica:E020726,2803,0,1.0,,,,,,1.0,2.0
emblematica:E020727,2803,0,1.0,,,,,,1.0,2.0
emblematica:E020728,2803,0,1.0,,,,,,1.0,2.0
emblematica:E020729,2803,0,1.0,,,,,,1.0,2.0
emblematica:E020730,2803,0,1.0,,,,,,1.0,2.0
emblematica:E020731,2803,0,1.0,,,,,,1.0,2.0
emblematica:E020732,2803,0,1.0,,,,,,1.0,2.0
emblematica:E020733,2803,1,0.694355946562825,0.017241379310344827,0.017241379310344827,0.0,0.0,0.0,2.0,2.0
emblematica:E020734,2803,0,1.0,,,,,,1.0,2.0
emblematica:E020735,2803,0,1.0,,,,,,1.0,2.0
emblematica:E020736,2803,0,1.0,,,,,,1.0,2.0
emblematica:E020737,2803,0,1.0,,,,,,1.0,2.0
emblematica:E020738,2803,0,1.0,,,,,,1.0,2.0
emblematica:E020739,2803,0,1.0,,,,,,1.0,2.0
emblematica:E020740,2803,0,1.0,,,,,,1.0,2.0
emblematica:E020741,2803,0,1.0,,,,,,1.0,2.0
emblematica:E020742,2803,0,1.0,,,,,,1.0,2.0
emblematica:E020743,2803,0,1.0,,,,,,1.0,2.0
emblematica:E020744,2803,0,1.0,,,,,,1.0,2.0
emblematica:E020745,2803,0,1.0,,,,,,1.0,2.0
emblematica:E020746,2803,0,1.0,,,,,,1.0,2.0
emblematica:E020747,2803,0,1.0,,,,,,1.0,2.0
emblematica:E020748,2803,0,1.0,,,,,,1.0,2.0
emblematica:E020749,2803,0,1.0,,,,,,1.0,2.0
emblematica:E020750,2803,0,1.0,,,,,,1.0,2.0
emblematica:E020751,2803,0,1.0,,,,,,1.0,2.0
emblematica:E020752,2803,0,1.0,,,,,,1.0,2.0
emblematica:E020753,2803,0,1.0,,,,,,1.0,2.0
emblematica:E020754,2803,0,1.0,,,,,,1.0,2.0
emblematica:E020755,2803,0,1.0,,,,,,1.0,2.0
emblematica:E020756,2803,0,1.0,,,,,,1.0,2.0
emblematica:E020757,2803,0,1.0,,,,,,1.0,2.0
emblematica:E022361,2803,62,0.3333333333333333,0.08333333333333333,0.1571048891915229,0.0,0.0,0.0,1.0,4.0
emblematica:E022362,2803,0,1.0,,,,,,1.0,2.0
emblematica:E022363,2803,0,1.0,,,,,,1.0,2.0
emblematica:E022364,2803,0,1.0,,,,,,1.0,2.0
emblematica:E022506,2803,172,0.9266360779006398,1.0,0.17224984061370324,0.005813953488372093,0.023255813953488372,0.046511627906976744,3.0,6.0
emblematica:E022507,2803,460,0.6110446309615652,0.5,0.22881476425727845,0.0,0.002173913043478261,0.008695652173913044,6.5,4.0
emblematica:E022508,2803,142,0.3333333333333333,0.06666666666666667,0.04686450574480364,0.0,0.0,0.0,3.0,5.0
emblematica:E022509,2803,45,0.6386384630087473,0.5,0.06298325100029231,0.0,0.044444444444444446,0.044444444444444446,2.0,5.0
emblematica:E022510,2803,812,0.6066339432310228,0.25,0.24428021101003602,0.0,0.0012315270935960591,0.0012315270935960591,5.5,5.5
emblematica:E022511,2803,665,1.0,1.0,0.3297268592699866,0.0015037593984962407,0.007518796992481203,0.015037593984962405,10.0,6.0
emblematica:E022512,2803,195,0.9008240627729515,1.0,0.18087983461186255,0.005128205128205128,0.020512820512820513,0.041025641025641026,7.0,5.5
emblematica:E022513,2803,595,0.6070479867117654,0.3333333333333333,0.2257489629978442,0.0,0.0033613445378151263,0.008403361344537815,15.0,5.0
emblematica:E022514,2803,213,0.9510907186004266,0.3333333333333333,0.1451352382387629,0.0,0.014084507042253521,0.03286384976525822,7.5,5.0
emblematica:E022515,2803,99,0.9008240627729515,1.0,0.18068720955779535,0.010101010101010102,0.030303030303030304,0.06060606060606061,5.0,5.0
emblematica:E022516,2803,281,0.7872698329069556,1.0,0.13125756922145426,0.0035587188612099642,0.014234875444839857,0.017793594306049824,2.0,5.0
emblematica:E022517,2803,123,0.7385614346772758,1.0,0.13025365648577308,0.008130081300813009,0.016260162601626018,0.032520325203252036,4.5,5.0
emblematica:E022518,2803,77,0.38559884598578353,0.16666666666666666,0.047166627309070695,0.0,0.0,0.012987012987012988,6.0,5.0
emblematica:E022519,2803,267,0.6089324777786531,0.3333333333333333,0.21877751432742656,0.0,0.003745318352059925,0.0149812734082397,7.0,4.0
emblematica:E022520,2803,306,0.821461761701804,0.5,0.13497683419549183,0.0,0.00980392156862745,0.0196078431372549,2.0,6.0
emblematica:E022521,2803,319,0.9537125187088151,1.0,0.18690543907465895,0.003134796238244514,0.012539184952978056,0.0219435736677116,2.0,4.0
emblematica:E022522,2803,245,0.7965100773735325,0.5,0.2044034813986599,0.0,0.012244897959183673,0.02857142857142857,6.5,4.5
emblematica:E022523,2803,338,0.863443834987606,1.0,0.19952563931211575,0.0029585798816568047,0.008875739644970414,0.023668639053254437,14.0,3.5
emblematica:E022524,2803,47,0.714106793977489,1.0,0.12500858624918476,0.02127659574468085,0.02127659574468085,0.06382978723404255,3.0,6.0
emblematica:E022525,2803,341,0.9008240627729515,1.0,0.19257816855888032,0.002932551319648094,0.011730205278592375,0.020527859237536656,7.5,6.0
emblematica:E022526,2803,331,0.838254763143331,1.0,0.2624747977712545,0.0030211480362537764,0.006042296072507553,0.015105740181268883,7.0,4.0
emblematica:E022527,2803,158,0.6136664310699538,0.5,0.14923002213690162,0.0,0.006329113924050633,0.03164556962025317,4.5,6.0
emblematica:E022528,2803,485,0.541366051481187,0.5,0.26346025903765624,0.0,0.004123711340206186,0.006185567010309278,6.0,4.0
emblematica:E022529,2803,335,0.4389394350456683,0.25,0.22422278553835684,0.0,0.0029850746268656717,0.005970149253731343,2.0,5.0
emblematica:E022530,2803,115,0.6738109341664467,1.0,0.12363799003160678,0.008695652173913044,0.017391304347826087,0.034782608695652174,6.0,6.0
emblematica:E022531,2803,152,0.7780512106079613,1.0,0.1324458816933817,0.006578947368421052,0.019736842105263157,0.03289473684210526,4.5,6.0
emblematica:E022532,2803,345,0.69695412694751,1.0,0.16756417392416456,0.002898550724637681,0.005797101449275362,0.014492753623188406,5.0,3.0
emblematica:E022533,2803,305,0.7917761240822319,1.0,0.16105507801978422,0.003278688524590164,0.009836065573770493,0.019672131147540985,3.0,5.0
emblematica:E022534,2803,293,0.7788708846071951,1.0,0.17170012289819256,0.0034129692832764505,0.010238907849829351,0.020477815699658702,10.0,4.0
emblematica:E022535,2803,205,0.9035650050446237,1.0,0.17902241163838586,0.004878048780487805,0.014634146341463415,0.02926829268292683,6.0,4.0
emblematica:E028278,2803,473,0.8532721558012798,0.5,0.26638492621639404,0.0,0.008456659619450317,0.016913319238900635,14.0,4.0
emblematica:E028279,2803,1226,0.9633180389503199,1.0,0.467071341693368,0.0008156606851549756,0.004078303425774877,0.00734094616639478,16.0,3.0
emblematica:E028280,2803,300,0.9526058178152246,1.0,0.3199148842435838,0.0033333333333333335,0.013333333333333334,0.03,7.0,4.5
emblematica:E028281,2803,800,0.9668728882728055,1.0,0.3853680799958562,0.00125,0.00625,0.01,14.0,4.0
emblematica:E028282,2803,1173,0.7520305397650267,0.3333333333333333,0.48782342873286366,0.0,0.0025575447570332483,0.005115089514066497,29.0,4.0
emblematica:E028283,2803,573,1.0,1.0,0.33918151318097767,0.0017452006980802793,0.006980802792321117,0.015706806282722512,21.0,3.0
emblematica:E028284,2803,960,0.8911645051196696,1.0,0.3753835234316405,0.0010416666666666667,0.004166666666666667,0.008333333333333333,6.0,4.0
emblematica:E028285,2803,534,0.9652843890316114,1.0,0.3575359464904219,0.0018726591760299626,0.009363295880149813,0.016853932584269662,22.0,4.0
emblematica:E028286,2803,156,0.8185565448328912,0.5,0.23024833802981126,0.0,0.02564102564102564,0.05128205128205128,3.0,4.0
emblematica:E028287,2803,577,1.0,1.0,0.31746368351842336,0.0017331022530329288,0.008665511265164644,0.01559792027729636,18.0,4.0
emblematica:E028288,2803,739,1.0,1.0,0.3889998823191449,0.0013531799729364006,0.006765899864682003,0.013531799729364006,14.5,4.0
emblematica:E028289,2803,1252,0.8988252059479763,1.0,0.443741891363423,0.0007987220447284345,0.003993610223642172,0.006389776357827476,5.0,4.0
emblematica:E028290,2803,401,0.9122810102681,1.0,0.28308490373240686,0.0024937655860349127,0.012468827930174564,0.0199501246882793,21.0,4.0
emblematica:E028291,2803,394,0.8899541168509599,0.5,0.26615315263276923,0.0,0.01015228426395939,0.02284263959390863,10.0,4.0
emblematica:E028292,2803,448,0.9526058178152246,1.0,0.33534458808370066,0.002232142857142857,0.008928571428571428,0.017857142857142856,17.0,3.0
emblematica:E028293,2803,993,1.0,1.0,0.38616381190905386,0.0010070493454179255,0.005035246727089627,0.010070493454179255,13.0,4.0
emblematica:E028294,2803,1109,1.0,1.0,0.46483953759443414,0.0009017132551848512,0.004508566275924256,0.009017132551848512,14.0,4.0
emblematica:E028295,2803,765,1.0,1.0,0.3990697245609227,0.00130718954248366,0.006535947712418301,0.013071895424836602,14.0,4.0
emblematica:E028296,2803,597,1.0,1.0,0.3598423683018795,0.0016750418760469012,0.008375209380234505,0.01507537688442211,12.0,4.0
emblematica:E028297,2803,530,1.0,1.0,0.34659496184530814,0.0018867924528301887,0.009433962264150943,0.01509433962264151,7.0,4.0
emblematica:E028298,2803,212,0.8899541168509599,0.5,0.2687150858436045,0.0,0.018867924528301886,0.03773584905660377,8.0,3.0
emblematica:E028299,2803,1178,1.0,1.0,0.43423958555627235,0.0008488964346349745,0.004244482173174873,0.008488964346349746,14.5,4.0
emblematica:E028300,2803,861,0.9412012982659934,1.0,0.3095051179277463,0.0011614401858304297,0.004645760743321719,0.008130081300813009,4.5,3.5
emblematica:E028301,2803,390,0.8899541168509599,0.5,0.3397077645075119,0.0,0.010256410256410256,0.023076923076923078,17.5,4.0
emblematica:E028302,2803,1116,1.0,1.0,0.41765544279491174,0.0008960573476702509,0.004480286738351254,0.008960573476702509,8.0,4.0
emblematica:E028303,2803,1165,0.9305687780632227,1.0,0.4455046446099337,0.0008583690987124463,0.0034334763948497852,0.007725321888412017,15.0,4.0
emblematica:E028304,2803,1305,1.0,1.0,0.5215709455002313,0.0007662835249042146,0.0038314176245210726,0.007662835249042145,16.5,4.0
emblematica:E028305,2803,1210,1.0,1.0,0.47225150415492273,0.0008264462809917355,0.004132231404958678,0.00743801652892562,17.5,4.0
emblematica:E028306,2803,1315,0.94497705842548,0.5,0.5071317062322904,0.0,0.0022813688212927757,0.006083650190114068,15.0,4.0
emblematica:E028307,2803,1262,0.9118915841110888,1.0,0.49496764356205253,0.000792393026941363,0.003961965134706815,0.006339144215530904,13.5,4.0
emblematica:E028308,2803,595,0.9652843890316114,1.0,0.3547672792902179,0.0016806722689075631,0.008403361344537815,0.015126050420168067,16.5,4.0
emblematica:E028309,2803,847,0.9182293066898518,1.0,0.3437327681662839,0.0011806375442739079,0.0035419126328217238,0.008264462809917356,9.0,4.0
emblematica:E028310,2803,357,1.0,1.0,0.3433187999588471,0.0028011204481792717,0.014005602240896359,0.028011204481792718,20.0,4.0
emblematica:E028311,2803,1352,1.0,1.0,0.5203352823696433,0.0007396449704142012,0.0036982248520710057,0.0073964497041420114,16.0,5.0
emblematica:E028312,2803,1190,0.9633180389503199,1.0,0.44804364587010453,0.0008403361344537816,0.004201680672268907,0.007563025210084034,18.5,4.0
emblematica:E028313,2803,648,0.9412012982659934,0.5,0.37679246889631507,0.0,0.006172839506172839,0.012345679012345678,17.0,4.0
emblematica:E028314,2803,618,1.0,1.0,0.3526300496086847,0.0016181229773462784,0.008090614886731391,0.016181229773462782,8.5,5.0
emblematica:E028315,2803,447,0.9228705302323101,1.0,0.2974322563677546,0.0022371364653243847,0.011185682326621925,0.015659955257270694,9.0,5.0
emblematica:E028316,2803,238,0.8558089743028391,1.0,0.19952246674630983,0.004201680672268907,0.01680672268907563,0.02100840336134454,10.5,3.0
emblematica:E028317,2803,573,1.0,1.0,0.3675082838139535,0.0017452006980802793,0.008726003490401396,0.017452006980802792,21.0,4.0
emblematica:E028318,2803,371,0.9608008655106622,1.0,0.35723151669764763,0.0026954177897574125,0.013477088948787063,0.02425876010781671,14.0,3.0
emblematica:E028319,2803,216,0.7523434953609005,0.3333333333333333,0.23753535141792811,0.0,0.013888888888888888,0.023148148148148147,5.0,4.0
emblematica:E028320,2803,392,0.7708387407163223,0.5,0.26776274309088766,0.0,0.00510204081632653,0.012755102040816327,8.0,5.0
emblematica:E028321,2803,515,0.9503093324092082,1.0,0.3211881106167386,0.001941747572815534,0.009708737864077669,0.017475728155339806,8.0,4.0
emblematica:E028322,2803,719,0.8890433496680616,1.0,0.3522647541347982,0.0013908205841446453,0.005563282336578581,0.009735744089012517,27.0,4.0
emblematica:E028323,2803,686,1.0,1.0,0.3690791340356964,0.0014577259475218659,0.007288629737609329,0.014577259475218658,16.0,4.0
emblematica:E028324,2803,387,0.9305687780632227,0.3333333333333333,0.2609017599533469,0.0,0.00516795865633075,0.015503875968992248,6.0,3.5
emblematica:E028325,2803,911,0.968189605900524,0.5,0.34386073654302085,0.0,0.0021953896816684962,0.005488474204171241,6.5,4.0
emblematica:E028326,2803,743,1.0,1.0,0.36075945979779805,0.0013458950201884253,0.006729475100942127,0.013458950201884253,13.0,4.0
emblematica:E028327,2803,437,0.9668728882728055,1.0,0.2702949564656826,0.002288329519450801,0.009153318077803204,0.016018306636155607,10.0,4.0
emblematica:E028328,2803,422,0.9205854069816206,1.0,0.2831429850015718,0.002369668246445498,0.011848341232227487,0.018957345971563982,15.0,4.0
emblematica:E028329,2803,1198,0.8943938982876649,1.0,0.4394761211566147,0.0008347245409015025,0.00333889816360601,0.00667779632721202,31.5,4.0
emblematica:E028330,2803,1209,1.0,1.0,0.4402557535013717,0.0008271298593879239,0.0041356492969396195,0.008271298593879239,18.5,4.0
emblematica:E028331,2803,611,1.0,1.0,0.38147450474320976,0.0016366612111292963,0.008183306055646482,0.016366612111292964,16.0,4.0
emblematica:E028332,2803,731,1.0,0.5,0.38638422890287916,0.0,0.005471956224350205,0.012311901504787962,21.0,3.0
emblematica:E028333,2803,1171,1.0,1.0,0.4594437478449401,0.0008539709649871904,0.004269854824935952,0.008539709649871904,14.0,4.0
emblematica:E028334,2803,650,0.910034258994414,1.0,0.36962018198406216,0.0015384615384615385,0.004615384615384616,0.012307692307692308,12.0,4.0
emblematica:E028335,2803,570,1.0,0.5,0.3391666583898193,0.0,0.007017543859649123,0.015789473684210527,15.5,3.5
emblematica:E028336,2803,579,1.0,1.0,0.38113640276612515,0.0017271157167530224,0.008635578583765112,0.017271157167530225,17.0,4.0
emblematica:E028337,2803,1241,0.8532721558012798,0.5,0.4534973196200283,0.0,0.0032232070910556,0.007252215954875101,34.0,4.0
emblematica:E028338,2803,1164,1.0,1.0,0.4559679551833757,0.000859106529209622,0.00429553264604811,0.007731958762886598,16.0,4.0
emblematica:E028339,2803,464,0.924301329451995,1.0,0.30089971155335205,0.0021551724137931034,0.008620689655172414,0.017241379310344827,6.0,3.5
emblematica:E028340,2803,1264,0.9575861412006987,1.0,0.4874384987526476,0.0007911392405063291,0.003955696202531646,0.007120253164556962,14.0,4.5
emblematica:E028341,2803,1325,0.968189605900524,1.0,0.5100254993533356,0.0007547169811320754,0.0037735849056603774,0.006792452830188679,11.0,4.0
emblematica:E028342,2803,593,1.0,1.0,0.3536048325626703,0.0016863406408094434,0.006745362563237774,0.013490725126475547,18.5,4.0
emblematica:E028343,2803,566,1.0,1.0,0.3603217881816374,0.0017667844522968198,0.0088339222614841,0.0176678445229682,15.0,4.0
emblematica:E028344,2803,580,1.0,1.0,0.3423463727987903,0.0017241379310344827,0.008620689655172414,0.017241379310344827,21.0,4.0
emblematica:E028345,2803,444,0.7411706314886727,0.5,0.3024538957605296,0.0,0.006756756756756757,0.015765765765765764,14.0,4.0
emblematica:E028346,2803,466,1.0,1.0,0.34519758592846067,0.002145922746781116,0.01072961373390558,0.02145922746781116,13.0,4.0
emblematica:E028347,2803,465,0.9668728882728055,1.0,0.28271184262902915,0.002150537634408602,0.010752688172043012,0.017204301075268817,9.0,4.0
emblematica:E028348,2803,472,0.7869045571320277,0.5,0.28420589814205,0.0,0.006355932203389831,0.014830508474576272,13.0,4.0
emblematica:E028349,2803,429,0.6693539703517168,0.5,0.23751485240826922,0.0,0.004662004662004662,0.011655011655011656,11.0,4.0
emblematica:E028350,2803,672,1.0,1.0,0.3469981277793388,0.001488095238095238,0.005952380952380952,0.013392857142857142,16.0,4.0
emblematica:E028351,2803,1192,0.9132589588762633,1.0,0.43511516689625895,0.0008389261744966443,0.003355704697986577,0.006711409395973154,8.0,4.0
emblematica:E028352,2803,774,1.0,1.0,0.3996091913738187,0.0012919896640826874,0.006459948320413436,0.012919896640826873,18.5,4.0
emblematica:E028353,2803,487,1.0,1.0,0.35151695873213495,0.002053388090349076,0.01026694045174538,0.02053388090349076,9.0,4.0
emblematica:E028354,2803,1242,1.0,1.0,0.49191144798889014,0.0008051529790660225,0.004025764895330112,0.008051529790660225,14.0,4.5
emblematica:E028355,2803,492,0.9166313832077363,1.0,0.2946998337668887,0.0020325203252032522,0.01016260162601626,0.016260162601626018,8.0,4.0
emblematica:E028356,2803,736,0.9432379215722525,1.0,0.37450687211534583,0.001358695652173913,0.005434782608695652,0.012228260869565218,21.0,3.0
emblematica:E028357,2803,608,1.0,1.0,0.34256044332263724,0.001644736842105263,0.008223684210526315,0.01644736842105263,12.0,4.0
emblematica:E028358,2803,845,1.0,1.0,0.4312211169834169,0.001183431952662722,0.005917159763313609,0.011834319526627219,9.0,4.0
emblematica:E028359,2803,515,0.9608008655106622,1.0,0.3603904280213691,0.001941747572815534,0.007766990291262136,0.015533980582524271,14.0,4.0
emblematica:E028360,2803,504,0.9134066833258868,1.0,0.3121282850086731,0.001984126984126984,0.007936507936507936,0.015873015873015872,12.0,4.0
emblematica:E028361,2803,1100,1.0,1.0,0.4362794431701363,0.0009090909090909091,0.004545454545454545,0.008181818181818182,8.0,4.0
emblematica:E028362,2803,603,1.0,1.0,0.3535379198805451,0.001658374792703151,0.008291873963515755,0.01658374792703151,16.0,4.0
emblematica:E028363,2803,1128,0.9074250374176303,1.0,0.4206294501817035,0.0008865248226950354,0.0035460992907801418,0.007978723404255319,14.0,3.0
emblematica:E028364,2803,627,0.9510907186004266,1.0,0.35421136118325364,0.001594896331738437,0.007974481658692184,0.014354066985645933,16.0,4.0
emblematica:E028365,2803,519,0.9020921461185775,1.0,0.293875143371909,0.0019267822736030828,0.007707129094412331,0.015414258188824663,21.0,4.0
emblematica:E028366,2803,752,1.0,1.0,0.3831584829224401,0.0013297872340425532,0.006648936170212766,0.013297872340425532,12.0,4.0
emblematica:E028367,2803,1021,0.843666635559775,0.5,0.3974510619198421,0.0,0.0039177277179236044,0.007835455435847209,14.0,4.0
emblematica:E028368,2803,311,1.0,1.0,0.2839353456142701,0.003215434083601286,0.01607717041800643,0.02572347266881029,10.0,4.0
emblematica:E028369,2803,404,0.9608008655106622,1.0,0.31539552038157487,0.0024752475247524753,0.009900990099009901,0.019801980198019802,18.0,4.0
emblematica:E028370,2803,1178,0.9633180389503199,1.0,0.4729924006349325,0.0008488964346349745,0.004244482173174873,0.007640067911714771,13.5,4.0
emblematica:E028371,2803,471,0.94497705842548,0.5,0.2597412509728697,0.0,0.006369426751592357,0.016985138004246284,14.0,4.0
emblematica:E028372,2803,1071,0.8438022643734563,1.0,0.411728749306612,0.0009337068160597573,0.003734827264239029,0.006535947712418301,19.0,4.0
emblematica:E028373,2803,1310,1.0,1.0,0.5121337468667947,0.0007633587786259542,0.003816793893129771,0.007633587786259542,15.0,4.0
emblematica:E028374,2803,313,1.0,1.0,0.3641938329012903,0.003194888178913738,0.01597444089456869,0.03194888178913738,6.0,3.0
emblematica:E028375,2803,484,0.9266360779006398,1.0,0.3255622348632221,0.002066115702479339,0.008264462809917356,0.01652892561983471,10.0,4.0
emblematica:E028376,2803,460,0.8382610113539687,1.0,0.27973434028983596,0.002173913043478261,0.006521739130434782,0.010869565217391304,13.0,4.0
emblematica:E028377,2803,202,0.7779513360933721,0.25,0.1418327761112781,0.0,0.0049504950495049506,0.019801980198019802,6.5,3.0
emblematica:E029857,2803,453,0.7403725512233822,0.125,0.30247234104826365,0.0,0.0,0.006622516556291391,4.0,4.0
emblematica:E029858,2803,44,0.4369723955345191,1.0,0.09299217906169832,0.022727272727272728,0.022727272727272728,0.045454545454545456,5.0,4.0
emblematica:E029859,2803,277,0.3713767514808083,0.5,0.1184682285534747,0.0,0.0036101083032490976,0.0036101083032490976,9.0,5.0
emblematica:E029860,2803,467,0.8019174103317278,0.5,0.3679655086860615,0.0,0.006423982869379015,0.01284796573875803,11.0,5.0
emblematica:E029861,2803,425,0.5216056268788167,0.5,0.2648823672798426,0.0,0.004705882352941176,0.007058823529411765,5.0,4.0
emblematica:E029862,2803,125,0.32235458725191923,0.05263157894736842,0.1280174075192859,0.0,0.0,0.0,9.0,4.0
emblematica:E029863,2803,308,0.6980127183995102,0.3333333333333333,0.40832672092658,0.0,0.00974025974025974,0.01948051948051948,13.5,6.0
emblematica:E029864,2803,158,0.5388440931041836,0.3333333333333333,0.2381050505284503,0.0,0.006329113924050633,0.0189873417721519,4.0,4.0
emblematica:E029865,2803,254,0.5359679493910263,1.0,0.22966203738776395,0.003937007874015748,0.003937007874015748,0.011811023622047244,4.0,4.0
emblematica:E029866,2803,272,0.8323510590976768,1.0,0.24702666515129396,0.003676470588235294,0.014705882352941176,0.025735294117647058,5.0,4.0
emblematica:E029867,2803,275,0.6155373034955044,0.16666666666666666,0.2448314824878396,0.0,0.0,0.007272727272727273,3.0,6.0
emblematica:E029868,2803,67,0.29014858736726573,0.08333333333333333,0.0510993413033092,0.0,0.0,0.0,8.0,5.0
emblematica:E029869,2803,457,0.6096879247657621,0.2,0.30430383761796975,0.0,0.002188183807439825,0.006564551422319475,6.0,4.0
emblematica:E029870,2803,403,0.795323513105023,1.0,0.2867455624253221,0.0024813895781637717,0.007444168734491315,0.017369727047146403,8.0,5.0
emblematica:E029871,2803,226,0.5497653865912118,0.125,0.15385046927184998,0.0,0.0,0.004424778761061947,5.5,5.0
emblematica:E029872,2803,273,0.6442610620028578,0.5,0.24082998662925573,0.0,0.007326007326007326,0.014652014652014652,5.0,5.0
emblematica:E029873,2803,175,0.5200939778031827,0.3333333333333333,0.23560324631066765,0.0,0.005714285714285714,0.011428571428571429,5.0,5.0
emblematica:E029874,2803,59,0.3202042192638952,0.09090909090909091,0.04211331759524457,0.0,0.0,0.0,4.0,4.0
emblematica:E029875,2803,314,0.5149209068781129,0.3333333333333333,0.2330468427491681,0.0,0.006369426751592357,0.009554140127388535,7.5,4.5
emblematica:E029876,2803,272,0.8975828762407045,1.0,0.3098228002708838,0.003676470588235294,0.011029411764705883,0.014705882352941176,5.0,5.0
emblematica:E029877,2803,35,0.1594038785136944,0.05263157894736842,0.02404038198462536,0.0,0.0,0.0,3.0,6.0
emblematica:E029878,2803,236,0.6672457452315643,1.0,0.27012093570885226,0.00423728813559322,0.00423728813559322,0.00847457627118644,12.0,6.0
emblematica:E029879,2803,146,0.6350604867193875,0.09090909090909091,0.09191073608794638,0.0,0.0,0.0,3.5,4.0
emblematica:E029880,2803,316,0.808869193808805,0.3333333333333333,0.1675861438955544,0.0,0.006329113924050633,0.006329113924050633,4.0,4.0
emblematica:E029881,2803,233,0.5072777486644643,0.125,0.17023545823160058,0.0,0.0,0.012875536480686695,4.0,4.5
emblematica:E029882,2803,415,0.5084658173779031,0.5,0.20073034584397065,0.0,0.004819277108433735,0.007228915662650603,3.0,5.0
emblematica:E029883,2803,275,0.45447998284379587,0.3333333333333333,0.2595823908886667,0.0,0.0036363636363636364,0.01090909090909091,11.0,4.0
emblematica:E029884,2803,265,0.7350689413120218,0.2,0.2964986504592325,0.0,0.0037735849056603774,0.01509433962264151,3.5,4.5
emblematica:E029885,2803,1053,0.8290463037416812,1.0,0.41170620078903647,0.000949667616334283,0.001899335232668566,0.003798670465337132,5.0,4.0
emblematica:E029886,2803,342,0.5348076475708161,0.5,0.1773610440603094,0.0,0.0029239766081871343,0.008771929824561403,3.0,5.0
emblematica:E029887,2803,100,0.5099828090505253,0.09090909090909091,0.1456767719971872,0.0,0.0,0.0,2.0,4.0
emblematica:E029888,2803,204,0.4896334465434464,0.09090909090909091,0.17000084962683246,0.0,0.0,0.0,5.0,4.5
emblematica:E029889,2803,283,0.4448932081029301,0.5,0.20461091850188035,0.0,0.007067137809187279,0.01060070671378092,2.0,4.0
emblematica:E029890,2803,327,0.4386574450824949,0.3333333333333333,0.2408038811484126,0.0,0.0030581039755351682,0.009174311926605505,7.0,4.0
emblematica:E029891,2803,177,0.4765147851046904,0.16666666666666666,0.3116523117268268,0.0,0.0,0.011299435028248588,3.0,5.0
emblematica:E029892,2803,137,0.7231543723776072,1.0,0.21351524084838036,0.0072992700729927005,0.029197080291970802,0.029197080291970802,4.0,4.0
emblematica:E029893,2803,383,0.7674822253211206,1.0,0.2515574714403286,0.0026109660574412533,0.005221932114882507,0.010443864229765013,7.0,5.0
emblematica:E029894,2803,284,0.7764061110289523,0.5,0.3386385885254155,0.0,0.01056338028169014,0.02464788732394366,9.0,4.0
emblematica:E029895,2803,101,0.5889794147840755,0.5,0.2279337905886503,0.0,0.0297029702970297,0.039603960396039604,2.0,5.0
emblematica:E029896,2803,1101,0.7905703309432573,1.0,0.41987054263855556,0.0009082652134423251,0.0036330608537693005,0.005449591280653951,18.0,5.0
emblematica:E029897,2803,166,0.4936575842121249,0.3333333333333333,0.16288853016318294,0.0,0.006024096385542169,0.018072289156626505,5.0,4.0
emblematica:E029898,2803,400,0.8282958669462741,1.0,0.27648453467611755,0.0025,0.01,0.015,12.0,5.0
emblematica:E029899,2803,898,0.6877057204490709,0.5,0.31948516063175325,0.0,0.0033407572383073497,0.004454342984409799,14.0,5.0
emblematica:E029900,2803,40,0.5243347779599233,0.029411764705882353,0.029980139953237256,0.0,0.0,0.0,4.0,3.0
emblematica:E029901,2803,96,0.36289164002945234,1.0,0.09102563514233568,0.010416666666666666,0.010416666666666666,0.010416666666666666,6.0,5.0
emblematica:E029902,2803,265,0.8522280838514763,1.0,0.28815722684026557,0.0037735849056603774,0.011320754716981131,0.022641509433962263,4.0,4.0
emblematica:E029903,2803,275,0.812776458614646,0.5,0.21618010641604654,0.0,0.01090909090909091,0.01090909090909091,8.0,5.0
emblematica:E029904,2803,148,0.4451534343017767,1.0,0.0999746551138601,0.006756756756756757,0.006756756756756757,0.006756756756756757,4.0,5.0
emblematica:E029905,2803,312,0.6062739353435985,0.3333333333333333,0.21673597488232085,0.0,0.00641025641025641,0.009615384615384616,9.5,4.0
emblematica:E029906,2803,106,0.2745324644183645,0.058823529411764705,0.09652106146528111,0.0,0.0,0.0,5.0,5.0
emblematica:E029907,2803,71,0.3489648648888082,0.16666666666666666,0.03044887070670719,0.0,0.0,0.014084507042253521,3.0,5.0
emblematica:E029908,2803,121,0.2750930521449262,0.06666666666666667,0.1419787829360705,0.0,0.0,0.0,2.0,4.0
emblematica:E029909,2803,154,0.438024830351945,0.16666666666666666,0.13956216162712248,0.0,0.0,0.012987012987012988,4.5,4.0
emblematica:E029910,2803,343,0.7718993113311965,0.3333333333333333,0.24817077650095767,0.0,0.0058309037900874635,0.011661807580174927,3.0,3.0
emblematica:E029911,2803,452,0.656989586774238,0.1,0.22724243520921378,0.0,0.0,0.0022123893805309734,3.5,4.0
emblematica:E029912,2803,153,0.6071182965145152,0.2,0.15569030299018763,0.0,0.006535947712418301,0.013071895424836602,3.0,4.0
emblematica:E029913,2803,307,0.7993455043498815,1.0,0.23191865619896243,0.003257328990228013,0.006514657980456026,0.016286644951140065,4.0,5.0
emblematica:E029914,2803,173,0.5498667709777378,0.5,0.14727281655268185,0.0,0.011560693641618497,0.017341040462427744,11.0,5.0
emblematica:E029915,2803,455,0.8794220332030787,0.5,0.2655128344324625,0.0,0.008791208791208791,0.01098901098901099,4.0,5.0
emblematica:E029916,2803,1130,0.8903382238289304,1.0,0.4371212094409161,0.0008849557522123894,0.0035398230088495575,0.004424778761061947,11.5,5.0
emblematica:E029917,2803,563,0.8968378567883885,0.3333333333333333,0.39219780775444374,0.0,0.003552397868561279,0.008880994671403197,8.5,5.0
emblematica:E029918,2803,624,0.7893204070410699,1.0,0.33788878942064393,0.0016025641025641025,0.004807692307692308,0.00641025641025641,5.5,5.0
emblematica:E029919,2803,363,0.5568026456213732,0.5,0.30015689959089675,0.0,0.008264462809917356,0.011019283746556474,4.0,3.0
emblematica:E029920,2803,400,0.8842222191013388,1.0,0.2946558632127596,0.0025,0.01,0.015,7.0,4.0
emblematica:E029921,2803,519,0.8024549305751599,1.0,0.36978362746940774,0.0019267822736030828,0.005780346820809248,0.009633911368015413,10.5,5.0
emblematica:E029922,2803,258,0.6440488550106427,0.5,0.3090131589272293,0.0,0.007751937984496124,0.015503875968992248,10.0,5.0
emblematica:E029923,2803,144,0.44806007014186316,0.5,0.14902439483120658,0.0,0.006944444444444444,0.013888888888888888,4.0,5.0
emblematica:E029924,2803,19,0.3975690799256615,0.5,0.06737628592012686,0.0,0.05263157894736842,0.05263157894736842,3.0,4.0
emblematica:E029925,2803,598,0.9074250374176303,1.0,0.4034311367382746,0.0016722408026755853,0.005016722408026756,0.013377926421404682,23.5,5.0
emblematica:E029926,2803,597,1.0,1.0,0.38623166180046603,0.0016750418760469012,0.008375209380234505,0.01675041876046901,25.0,5.0
emblematica:E029927,2803,544,0.6402124195122514,1.0,0.34170817721376984,0.001838235294117647,0.003676470588235294,0.0055147058823529415,8.0,5.0
emblematica:E029928,2803,496,0.9094984682210361,1.0,0.33496164006040535,0.0020161290322580645,0.008064516129032258,0.014112903225806451,18.0,5.0
emblematica:E029929,2803,355,0.5872142838357276,0.25,0.271978240531466,0.0,0.005633802816901409,0.008450704225352112,8.0,6.0
emblematica:E029930,2803,311,0.31418023463572,0.14285714285714285,0.17972063178719686,0.0,0.0,0.003215434083601286,3.0,5.0
emblematica:E029931,2803,188,0.32569426545073704,0.2,0.20125813952306915,0.0,0.005319148936170213,0.010638297872340425,11.0,4.0
emblematica:E029932,2803,372,0.6853451622283743,1.0,0.3061646202902428,0.002688172043010753,0.010752688172043012,0.013440860215053764,6.0,3.0
emblematica:E029933,2803,711,0.8524020958431102,1.0,0.456228174275291,0.0014064697609001407,0.004219409282700422,0.011251758087201125,14.0,5.0
emblematica:E029934,2803,588,0.8677938111778418,1.0,0.3964318140330039,0.0017006802721088435,0.00510204081632653,0.01020408163265306,9.0,5.0
emblematica:E029935,2803,284,0.7685394267046431,1.0,0.3228336565887449,0.0035211267605633804,0.01056338028169014,0.017605633802816902,11.0,5.0
emblematica:E029936,2803,337,0.769599284460877,0.5,0.24343592066912662,0.0,0.008902077151335312,0.011869436201780416,14.0,4.0
emblematica:E029937,2803,171,0.5895087523838538,0.3333333333333333,0.12118399209075592,0.0,0.005847953216374269,0.011695906432748537,5.0,4.0
emblematica:E029938,2803,203,0.6643478136571838,1.0,0.15070850585771303,0.0049261083743842365,0.009852216748768473,0.019704433497536946,10.0,3.0
emblematica:E029939,2803,418,0.913018876379161,1.0,0.37008019203728276,0.0023923444976076554,0.009569377990430622,0.014354066985645933,18.0,5.5
emblematica:E029940,2803,226,0.6464014615993403,1.0,0.25631290469808343,0.004424778761061947,0.01327433628318584,0.01327433628318584,7.0,6.0
emblematica:E029941,2803,409,0.7253124626217989,1.0,0.346529391421338,0.0024449877750611247,0.004889975550122249,0.014669926650366748,4.5,4.0
emblematica:E029942,2803,379,0.6786426695221506,1.0,0.2640756107556017,0.002638522427440633,0.005277044854881266,0.010554089709762533,5.0,4.0
emblematica:E029943,2803,596,0.7246357269068397,0.5,0.3686230338725443,0.0,0.006711409395973154,0.010067114093959731,10.0,4.0
emblematica:E029944,2803,114,0.5849974738193872,1.0,0.11325151959283274,0.008771929824561403,0.008771929824561403,0.008771929824561403,5.0,5.0
emblematica:E029945,2803,419,1.0,1.0,0.29414185628324035,0.002386634844868735,0.007159904534606206,0.011933174224343675,15.0,5.0
emblematica:E029946,2803,314,0.6717157710030065,0.5,0.28857902477660624,0.0,0.0031847133757961785,0.006369426751592357,7.5,5.5
emblematica:E029947,2803,93,0.439527722057957,0.25,0.10968848090594446,0.0,0.010752688172043012,0.010752688172043012,3.0,5.0
emblematica:E029948,2803,378,0.7920414016254115,1.0,0.3087169230596693,0.0026455026455026454,0.010582010582010581,0.015873015873015872,5.5,5.0
emblematica:E029949,2803,326,0.7842069267304959,0.3333333333333333,0.3554593903353909,0.0,0.006134969325153374,0.018404907975460124,14.0,5.0
emblematica:E029950,2803,161,0.5317187801097389,0.125,0.12626436191864535,0.0,0.0,0.006211180124223602,4.0,4.0
emblematica:E029951,2803,545,0.9491033694408385,1.0,0.37615211021304523,0.001834862385321101,0.009174311926605505,0.01651376146788991,9.0,5.0
emblematica:E029952,2803,447,0.6575419396349725,1.0,0.21579865764111353,0.0022371364653243847,0.0022371364653243847,0.006711409395973154,4.0,4.0
emblematica:E029953,2803,553,0.6395007017543873,1.0,0.42757425332105736,0.0018083182640144665,0.0018083182640144665,0.0054249547920434,8.5,5.0
emblematica:E029954,2803,331,0.8899541168509599,0.5,0.2999552158544077,0.0,0.012084592145015106,0.027190332326283987,4.0,4.0
emblematica:E029955,2803,355,0.6206723566801922,1.0,0.2714092183923424,0.0028169014084507044,0.005633802816901409,0.011267605633802818,2.0,4.0
emblematica:E029956,2803,336,0.5351000260565973,0.25,0.2643458184926584,0.0,0.002976190476190476,0.008928571428571428,7.0,4.0
emblematica:E029957,2803,921,0.7834288215542059,1.0,0.3647542434756978,0.0010857763300760044,0.002171552660152009,0.004343105320304018,4.0,4.0
emblematica:E029958,2803,585,0.7027543782919395,1.0,0.3562801677266236,0.0017094017094017094,0.0017094017094017094,0.010256410256410256,5.0,4.0
emblematica:E029959,2803,1072,0.8224057816824845,0.5,0.412256949163354,0.0,0.0018656716417910447,0.0037313432835820895,2.0,3.0
emblematica:E029960,2803,1294,1.0,1.0,0.5694224518090583,0.0007727975270479134,0.0038639876352395673,0.0077279752704791345,16.0,5.0
emblematica:E029961,2803,366,0.826867103300666,1.0,0.28941876399343325,0.00273224043715847,0.01092896174863388,0.01639344262295082,2.0,4.5
emblematica:E029962,2803,442,0.6562699096008848,0.5,0.28409082574603006,0.0,0.006787330316742082,0.011312217194570135,12.0,5.0
emblematica:E029963,2803,177,0.548513076342792,0.3333333333333333,0.14581887232047852,0.0,0.005649717514124294,0.011299435028248588,4.0,5.0
emblematica:E029964,2803,207,0.4889802262621503,0.25,0.1480807198265682,0.0,0.004830917874396135,0.014492753623188406,2.0,5.0
emblematica:E029965,2803,165,0.7308782782423251,0.2,0.3234559486943428,0.0,0.006060606060606061,0.01818181818181818,5.0,5.0
emblematica:E029966,2803,1122,0.8759053479593256,1.0,0.45200082062423097,0.00089126559714795,0.0035650623885918,0.006238859180035651,14.5,4.0
emblematica:E029967,2803,405,0.6477505899687873,1.0,0.24770365139743594,0.0024691358024691358,0.007407407407407408,0.012345679012345678,10.0,5.0
emblematica:E029968,2803,170,0.5768817151436892,0.2,0.18085375871738804,0.0,0.0058823529411764705,0.023529411764705882,2.0,4.0
emblematica:E029969,2803,525,1.0,1.0,0.43478496326859656,0.0019047619047619048,0.007619047619047619,0.015238095238095238,9.0,5.0
emblematica:E031317,2803,275,0.7357387513989938,0.5,0.3634391036611673,0.0,0.01090909090909091,0.025454545454545455,5.0,5.0
emblematica:E031318,2803,438,0.8800456786592188,1.0,0.3485256900989611,0.00228310502283105,0.0045662100456621,0.01598173515981735,2.0,3.0
emblematica:E031319,2803,428,0.9372813848170596,1.0,0.48249147370764106,0.002336448598130841,0.011682242990654205,0.02102803738317757,8.0,4.0
emblematica:E031321,2803,387,0.8946939159476072,1.0,0.311168103424489,0.002583979328165375,0.0103359173126615,0.01808785529715762,6.0,5.0
emblematica:E031322,2803,330,0.8958164834257482,1.0,0.39190030980334256,0.0030303030303030303,0.012121212121212121,0.024242424242424242,6.0,4.0
emblematica:E031323,2803,163,0.7223303926596085,1.0,0.2593870274896215,0.006134969325153374,0.024539877300613498,0.03680981595092025,5.0,5.0
emblematica:E031324,2803,387,0.8116792996486054,1.0,0.40272205084834484,0.002583979328165375,0.0103359173126615,0.01808785529715762,11.5,4.5
emblematica:E031325,2803,364,0.947926583547417,0.5,0.2720604405716593,0.0,0.0027472527472527475,0.008241758241758242,16.5,5.0
emblematica:E031326,2803,228,0.7517302578135657,1.0,0.35623503348538216,0.0043859649122807015,0.0043859649122807015,0.017543859649122806,4.0,5.0
emblematica:E031328,2803,340,0.7535470904495586,1.0,0.40481432523876715,0.0029411764705882353,0.008823529411764706,0.020588235294117647,4.0,4.0
emblematica:E031329,2803,417,0.6821573198235936,1.0,0.4023829204898266,0.002398081534772182,0.004796163069544364,0.009592326139088728,6.5,5.0
emblematica:E031330,2803,329,0.9074250374176303,1.0,0.47147629010760345,0.00303951367781155,0.0121580547112462,0.02735562310030395,10.0,5.0
emblematica:E031332,2803,494,0.9289087267228368,1.0,0.4343195689510224,0.0020242914979757085,0.006072874493927126,0.016194331983805668,6.5,4.0
emblematica:E031333,2803,678,0.9260852545422736,1.0,0.4489464769848994,0.0014749262536873156,0.007374631268436578,0.01032448377581121,11.0,5.0
emblematica:E031334,2803,318,0.8166016707456677,0.5,0.5394911509808676,0.0,0.006289308176100629,0.018867924528301886,15.0,5.0
emblematica:E031336,2803,404,0.6798392224492413,0.5,0.4257010562136692,0.0,0.007425742574257425,0.012376237623762377,6.5,4.0
emblematica:E031337,2803,207,0.7433934251464929,0.3333333333333333,0.2905648670197795,0.0,0.014492753623188406,0.024154589371980676,7.0,5.0
emblematica:E031338,2803,83,0.16765220689048582,0.05555555555555555,0.040629407768654056,0.0,0.0,0.0,2.0,5.0
emblematica:E031339,2803,77,0.26798108270319126,0.3333333333333333,0.06649781272518206,0.0,0.012987012987012988,0.012987012987012988,5.0,5.0
emblematica:E031340,2803,458,0.94497705842548,1.0,0.48524011514309023,0.002183406113537118,0.008733624454148471,0.015283842794759825,10.0,5.0
emblematica:E031341,2803,446,1.0,0.5,0.4119549349398526,0.0,0.008968609865470852,0.020179372197309416,10.0,4.0
emblematica:E031342,2803,500,0.9477344873475497,1.0,0.5259145341371714,0.002,0.01,0.018,23.5,5.0
emblematica:E031343,2803,723,0.8359494673452823,1.0,0.5554178024726172,0.0013831258644536654,0.004149377593360996,0.009681881051175657,34.0,4.0
emblematica:E031344,2803,117,0.43902334013285604,1.0,0.1308085069490249,0.008547008547008548,0.008547008547008548,0.017094017094017096,8.0,5.0
emblematica:E031345,2803,496,0.9368077570869661,1.0,0.441760701280152,0.0020161290322580645,0.008064516129032258,0.018145161290322582,5.0,4.0
emblematica:E031346,2803,506,0.5193752328660031,0.5,0.2839325934676474,0.0,0.001976284584980237,0.007905138339920948,8.0,5.0
emblematica:E031347,2803,389,0.9608008655106622,1.0,0.40509976050511487,0.002570694087403599,0.012853470437017995,0.02313624678663239,6.5,4.0
emblematica:E031348,2803,395,0.8234625151978213,1.0,0.41047312902614924,0.002531645569620253,0.010126582278481013,0.017721518987341773,8.0,4.0
emblematica:E031349,2803,379,0.9420275544774096,1.0,0.49458582259822265,0.002638522427440633,0.010554089709762533,0.021108179419525065,24.0,4.0
emblematica:E031350,2803,488,1.0,1.0,0.43841262405428416,0.0020491803278688526,0.00819672131147541,0.018442622950819672,17.0,4.0
emblematica:E031351,2803,143,0.37212751448164627,0.3333333333333333,0.2688392436321938,0.0,0.006993006993006993,0.013986013986013986,2.0,4.0
emblematica:E031352,2803,419,0.8845422444345158,1.0,0.39683937328072616,0.002386634844868735,0.00954653937947494,0.01909307875894988,6.0,5.0
emblematica:E031353,2803,317,0.5831808406465057,1.0,0.2979690133139239,0.0031545741324921135,0.006309148264984227,0.012618296529968454,5.0,5.0
emblematica:E031354,2803,289,0.6847970767366692,0.5,0.23811078139232783,0.0,0.010380622837370242,0.01384083044982699,10.0,4.0
emblematica:E031355,2803,433,0.8908291569093637,1.0,0.38953738836490603,0.0023094688221709007,0.009237875288683603,0.016166281755196306,7.5,5.0
emblematica:E031356,2803,504,0.947926583547417,1.0,0.4772998278700748,0.001984126984126984,0.00992063492063492,0.015873015873015872,13.0,4.0
emblematica:E031357,2803,767,0.8899541168509599,0.5,0.5806092161013687,0.0,0.005215123859191656,0.011734028683181226,14.0,5.0
emblematica:E031358,2803,481,0.8385611893090805,1.0,0.41265578478212606,0.002079002079002079,0.008316008316008316,0.014553014553014554,9.0,4.0
emblematica:E031359,2803,517,0.798473276630576,0.5,0.38022714690266707,0.0,0.005802707930367505,0.013539651837524178,5.0,5.0
emblematica:E031360,2803,637,1.0,1.0,0.5002732619158307,0.0015698587127158557,0.007849293563579277,0.015698587127158554,11.0,4.5
emblematica:E031361,2803,705,0.94497705842548,1.0,0.5085934578245458,0.0014184397163120568,0.005673758865248227,0.01276595744680851,18.0,4.0
emblematica:E031363,2803,463,0.9491033694408385,1.0,0.5224566261279007,0.0021598272138228943,0.01079913606911447,0.019438444924406047,15.0,5.0
emblematica:E031364,2803,598,0.8517568477435474,1.0,0.42242067802177197,0.0016722408026755853,0.0033444816053511705,0.010033444816053512,11.0,4.5
emblematica:E031365,2803,184,0.6771244296833083,1.0,0.3088175665449227,0.005434782608695652,0.010869565217391304,0.021739130434782608,12.0,4.0
emblematica:E031366,2803,516,0.8866335431660145,1.0,0.4632481931624527,0.001937984496124031,0.007751937984496124,0.015503875968992248,8.0,4.0
emblematica:E031367,2803,752,0.9510907186004266,1.0,0.6267873314090855,0.0013297872340425532,0.006648936170212766,0.011968085106382979,6.0,5.0
emblematica:E031372,2803,414,0.8532721558012798,0.5,0.4410875127581893,0.0,0.00966183574879227,0.021739130434782608,2.0,4.0
emblematica:E031380,2803,605,1.0,1.0,0.49154739159293226,0.001652892561983471,0.008264462809917356,0.01652892561983471,16.0,4.0
emblematica:E031381,2803,203,0.8641421017232714,1.0,0.3951368692567199,0.0049261083743842365,0.014778325123152709,0.029556650246305417,8.0,4.0
emblematica:E031382,2803,352,0.7166955080293751,0.5,0.4166764923886495,0.0,0.011363636363636364,0.019886363636363636,9.0,4.0
emblematica:E031383,2803,592,0.8863992957602965,1.0,0.4633393257084707,0.0016891891891891893,0.006756756756756757,0.013513513513513514,12.0,4.0
emblematica:E031384,2803,319,0.6200754961004671,1.0,0.30355026058266676,0.003134796238244514,0.006269592476489028,0.01567398119122257,8.5,4.0
emblematica:E031385,2803,579,0.9074250374176303,1.0,0.4213378728968638,0.0017271157167530224,0.0051813471502590676,0.010362694300518135,8.0,5.0
emblematica:E031386,2803,350,1.0,1.0,0.5961107122104268,0.002857142857142857,0.014285714285714285,0.02857142857142857,14.0,5.0
emblematica:E031387,2803,585,0.8899541168509599,0.5,0.5053948020979266,0.0,0.006837606837606838,0.015384615384615385,19.0,4.0
emblematica:E031388,2803,294,0.6465475711002517,0.5,0.380362560161671,0.0,0.01020408163265306,0.02040816326530612,2.0,4.0
emblematica:E031389,2803,526,0.8958531670948341,1.0,0.4042400929498169,0.0019011406844106464,0.0076045627376425855,0.017110266159695818,13.0,5.0
emblematica:E031390,2803,191,0.48204228647587216,0.2,0.32388231802255635,0.0,0.005235602094240838,0.020942408376963352,8.0,4.0
emblematica:E031391,2803,430,0.9118499466982855,1.0,0.4756705321170106,0.002325581395348837,0.009302325581395349,0.018604651162790697,9.0,5.0
emblematica:E031394,2803,555,0.8532721558012798,0.5,0.3927778864629006,0.0,0.007207207207207207,0.012612612612612612,6.5,6.0
emblematica:E031396,2803,520,0.8743705652481896,1.0,0.5033446652159003,0.0019230769230769232,0.007692307692307693,0.015384615384615385,9.0,5.0
emblematica:E031397,2803,289,0.872227912999412,1.0,0.3532157338458349,0.0034602076124567475,0.01384083044982699,0.02422145328719723,2.0,5.0
emblematica:E031402,2803,619,1.0,1.0,0.5290049119650289,0.0016155088852988692,0.008077544426494346,0.01615508885298869,9.0,4.0
emblematica:E031403,2803,268,0.6272874433710766,0.5,0.16438695496764802,0.0,0.007462686567164179,0.007462686567164179,4.0,5.0
emblematica:E031405,2803,214,0.5470065245690736,1.0,0.24724287765369526,0.004672897196261682,0.004672897196261682,0.009345794392523364,2.0,4.0
emblematica:E031411,2803,390,0.8877770684238242,1.0,0.38848066407489457,0.002564102564102564,0.010256410256410256,0.01282051282051282,12.0,5.0
emblematica:E031412,2803,636,1.0,1.0,0.47439820587397297,0.0015723270440251573,0.007861635220125786,0.014150943396226415,26.0,4.0
emblematica:E031413,2803,355,0.8933424179539744,1.0,0.38459313929235056,0.0028169014084507044,0.014084507042253521,0.022535211267605635,8.0,5.0
emblematica:E031414,2803,466,0.8727094264492417,1.0,0.46289747235545226,0.002145922746781116,0.008583690987124463,0.015021459227467811,30.0,4.0
emblematica:E031415,2803,265,0.9447881471213424,0.5,0.45733741554622154,0.0,0.01509433962264151,0.026415094339622643,12.0,6.0
emblematica:E031416,2803,638,0.8098068786513112,1.0,0.3943340799687225,0.001567398119122257,0.004702194357366771,0.0109717868338558,14.0,5.0
emblematica:E031417,2803,535,0.7691960125668243,0.5,0.36955602252548825,0.0,0.005607476635514018,0.013084112149532711,16.0,5.0
emblematica:E031418,2803,395,0.8721935168210541,1.0,0.44807593278081925,0.002531645569620253,0.012658227848101266,0.017721518987341773,7.5,5.5
emblematica:E031419,2803,606,0.9368077570869661,1.0,0.5660781148539047,0.0016501650165016502,0.006600660066006601,0.013201320132013201,22.0,4.0
emblematica:E031420,2803,443,0.968189605900524,1.0,0.5213489194216334,0.002257336343115124,0.011286681715575621,0.020316027088036117,37.0,5.0
emblematica:E031421,2803,270,0.8986895771342951,1.0,0.5080619569568124,0.003703703703703704,0.011111111111111112,0.025925925925925925,6.0,5.0
emblematica:E031422,2803,423,0.9443318103259172,1.0,0.5109161960916716,0.002364066193853428,0.01182033096926714,0.02127659574468085,7.0,4.0
emblematica:E031423,2803,401,0.8319567064488884,1.0,0.3995156964627469,0.0024937655860349127,0.00997506234413965,0.017456359102244388,9.0,4.0
emblematica:E031424,2803,522,0.9575861412006987,1.0,0.4691369761066169,0.0019157088122605363,0.009578544061302681,0.017241379310344827,10.0,4.5
emblematica:E031425,2803,513,0.87559904921842,1.0,0.4793523545274192,0.001949317738791423,0.009746588693957114,0.01364522417153996,14.0,4.0
emblematica:E031426,2803,550,0.9432379215722525,1.0,0.5468154717966869,0.0018181818181818182,0.007272727272727273,0.016363636363636365,12.0,5.0
emblematica:E031428,2803,698,1.0,1.0,0.46695035679243385,0.0014326647564469914,0.0071633237822349575,0.014326647564469915,10.0,4.5
emblematica:E031429,2803,675,1.0,1.0,0.47344049330055527,0.0014814814814814814,0.007407407407407408,0.014814814814814815,3.0,5.0
emblematica:E031431,2803,480,0.7418167938083718,1.0,0.42361089060975804,0.0020833333333333333,0.00625,0.0125,4.0,5.0
emblematica:E031432,2803,523,0.8619702927068817,1.0,0.38053480256062766,0.0019120458891013384,0.0076481835564053535,0.015296367112810707,12.5,5.0
emblematica:E031433,2803,347,0.8899541168509599,0.5,0.32388983295530827,0.0,0.011527377521613832,0.025936599423631124,6.5,4.0
emblematica:E031436,2803,711,0.968189605900524,1.0,0.46825167619868296,0.0014064697609001407,0.005625879043600563,0.011251758087201125,5.0,5.0
emblematica:E031437,2803,403,0.9371166382005486,1.0,0.44486541367380555,0.0024813895781637717,0.01240694789081886,0.022332506203473945,13.5,4.0
emblematica:E031438,2803,348,0.7526587769221574,0.5,0.4707409392372503,0.0,0.011494252873563218,0.022988505747126436,7.0,4.0
emblematica:E031439,2803,394,0.9119632934807679,1.0,0.4404372873459919,0.0025380710659898475,0.01015228426395939,0.02284263959390863,7.0,5.0
emblematica:E031440,2803,543,0.8400945790150072,1.0,0.4101516348240854,0.001841620626151013,0.009208103130755065,0.01289134438305709,17.0,5.0
emblematica:E031441,2803,447,0.8023755252421184,0.5,0.4908447752694918,0.0,0.008948545861297539,0.015659955257270694,18.0,4.0
emblematica:E031442,2803,583,0.9575861412006987,1.0,0.5077949994571948,0.0017152658662092624,0.008576329331046312,0.015437392795883362,11.0,4.0
emblematica:E031443,2803,374,0.8784953616106398,1.0,0.49288827222222176,0.00267379679144385,0.0106951871657754,0.0213903743315508,3.0,5.0
emblematica:E031445,2803,458,0.7720249863416648,0.5,0.39961182437251586,0.0,0.006550218340611353,0.017467248908296942,9.0,5.0
emblematica:E031446,2803,445,0.8822756529164361,1.0,0.3825270697072303,0.0022471910112359553,0.008988764044943821,0.015730337078651686,5.0,4.0
emblematica:E031451,2803,284,0.5993046736452801,0.5,0.14234467070381648,0.0,0.0035211267605633804,0.01056338028169014,1.0,5.0
emblematica:E031452,2803,674,1.0,1.0,0.5079058031805281,0.001483679525222552,0.00741839762611276,0.01483679525222552,30.0,4.5
emblematica:E031453,2803,743,0.931885505886703,1.0,0.5211361068094448,0.0013458950201884253,0.005383580080753701,0.012113055181695828,9.0,5.0
emblematica:E031455,2803,415,0.7167417371458098,0.5,0.41161103246663816,0.0,0.007228915662650603,0.016867469879518072,10.0,5.0
emblematica:E031456,2803,838,0.9305687780632227,1.0,0.5039667038293076,0.0011933174224343676,0.00477326968973747,0.010739856801909307,8.0,5.0
emblematica:E031459,2803,382,1.0,1.0,0.4123925563491007,0.002617801047120419,0.013089005235602094,0.02617801047120419,4.0,5.0
emblematica:E031460,2803,526,1.0,1.0,0.5050645480048733,0.0019011406844106464,0.009505703422053232,0.019011406844106463,9.0,5.0
emblematica:E031462,2803,403,0.9134066833258868,1.0,0.5156845222475568,0.0024813895781637717,0.009925558312655087,0.019851116625310174,15.0,4.5
emblematica:E031463,2803,395,0.94497705842548,1.0,0.4099879606103086,0.002531645569620253,0.010126582278481013,0.020253164556962026,4.0,4.0
emblematica:E031466,2803,380,0.8254677220309032,1.0,0.3244419017686745,0.002631578947368421,0.007894736842105263,0.013157894736842105,10.0,5.0
emblematica:E031467,2803,460,0.7825923916349999,0.5,0.4510220272645292,0.0,0.006521739130434782,0.015217391304347827,17.0,4.0
emblematica:E031468,2803,483,0.9361426617687841,1.0,0.5031562456457132,0.002070393374741201,0.008281573498964804,0.018633540372670808,22.0,5.0
emblematica:E031469,2803,245,0.7120076353189361,1.0,0.19955342773344217,0.004081632653061225,0.0163265306122449,0.0163265306122449,6.5,5.0
emblematica:E031470,2803,461,0.8337581973680339,1.0,0.4839782309724801,0.0021691973969631237,0.006507592190889371,0.015184381778741865,17.0,4.0
emblematica:E031472,2803,178,0.5323507793278328,0.5,0.339916551280841,0.0,0.0056179775280898875,0.011235955056179775,5.0,5.0
emblematica:E031474,2803,288,0.8971698949183144,1.0,0.22610267509699775,0.003472222222222222,0.010416666666666666,0.024305555555555556,3.0,5.0
emblematica:E031475,2803,365,0.9289087267228368,1.0,0.42943043886270926,0.0027397260273972603,0.010958904109589041,0.024657534246575342,4.0,6.0
emblematica:E031476,2803,182,0.6424208418371453,0.5,0.2964981815595922,0.0,0.01098901098901099,0.027472527472527472,8.0,5.0
emblematica:E031477,2803,169,0.5378920828868009,0.25,0.25608585209957674,0.0,0.011834319526627219,0.01775147928994083,9.5,5.0
emblematica:E031478,2803,385,0.9608008655106622,1.0,0.4829669157516574,0.0025974025974025974,0.012987012987012988,0.023376623376623377,3.0,4.0
emblematica:E031479,2803,101,0.6334193450129401,1.0,0.4179947411165174,0.009900990099009901,0.009900990099009901,0.04950495049504951,4.0,5.0
emblematica:E031480,2803,593,0.9051629285267392,1.0,0.42917921793349856,0.0016863406408094434,0.00505902192242833,0.011804384485666104,12.0,4.0
emblematica:E031481,2803,599,1.0,1.0,0.5533725249981424,0.001669449081803005,0.008347245409015025,0.01669449081803005,4.5,5.0
emblematica:E031483,2803,375,0.9633180389503199,1.0,0.37765284847217506,0.0026666666666666666,0.010666666666666666,0.021333333333333333,16.5,4.0
emblematica:E031487,2803,257,0.8114638245005453,1.0,0.42507761411219147,0.0038910505836575876,0.011673151750972763,0.027237354085603113,15.0,5.0
emblematica:E031491,2803,177,0.7634641148172033,0.3333333333333333,0.4179054501261756,0.0,0.011299435028248588,0.02824858757062147,2.0,5.0
emblematica:E031497,2803,289,0.9074250374176303,1.0,0.4553553485977119,0.0034602076124567475,0.01384083044982699,0.031141868512110725,9.0,5.0
emblematica:E031500,2803,430,0.9668728882728055,0.5,0.4716879657019175,0.0,0.0069767441860465115,0.013953488372093023,11.0,4.0
emblematica:E031502,2803,385,0.9558305176970738,1.0,0.44107969310762873,0.0025974025974025974,0.012987012987012988,0.023376623376623377,9.0,5.0
emblematica:E031503,2803,327,0.9219021246093392,1.0,0.2849172831596467,0.0030581039755351682,0.009174311926605505,0.01834862385321101,8.0,5.0
emblematica:E031504,2803,547,0.9372813848170596,0.5,0.5146414813064386,0.0,0.007312614259597806,0.014625228519195612,10.0,5.0
emblematica:E031507,2803,481,0.885655193538744,1.0,0.4230015471984904,0.002079002079002079,0.006237006237006237,0.014553014553014554,8.0,4.5
emblematica:E031508,2803,444,1.0,1.0,0.46498147046310384,0.0022522522522522522,0.009009009009009009,0.02027027027027027,5.0,5.0
emblematica:E031509,2803,866,1.0,1.0,0.4758406443740791,0.0011547344110854503,0.005773672055427252,0.010392609699769052,13.0,5.5
emblematica:E031510,2803,544,0.9537125187088151,1.0,0.44332740872434073,0.001838235294117647,0.009191176470588236,0.016544117647058824,10.0,6.0
emblematica:E031511,2803,59,0.6034084225660322,1.0,0.11572441384586887,0.01694915254237288,0.03389830508474576,0.03389830508474576,2.0,5.0
emblematica:E031512,2803,209,0.8113499146016455,0.5,0.6131341694409229,0.0,0.019138755980861243,0.0430622009569378,4.0,5.0
emblematica:E033033,2803,166,0.3700152943830133,0.07692307692307693,0.09100091858173938,0.0,0.0,0.0,8.0,4.0
emblematica:E033035,2803,37,0.3333333333333333,0.07142857142857142,0.021504284264882777,0.0,0.0,0.0,7.5,3.5
emblematica:E033036,2803,37,0.3333333333333333,0.07692307692307693,0.07642398771047108,0.0,0.0,0.0,4.0,4.0
emblematica:E033038,2803,37,0.3443757039090648,0.01,0.02024927082032492,0.0,0.0,0.0,4.0,4.0
emblematica:E033039,2803,507,0.35167431385817327,0.08333333333333333,0.1790397513927748,0.0,0.0,0.0,9.0,4.0
emblematica:E033040,2803,12,0.3333333333333333,0.08333333333333333,0.014359359037619175,0.0,0.0,0.0,1.0,5.0
emblematica:E033041,2803,59,0.5692231603596719,1.0,0.0822473030390674,0.01694915254237288,0.03389830508474576,0.03389830508474576,3.0,4.0
emblematica:E033042,2803,46,0.4520058132087808,0.25,0.07340877452541028,0.0,0.021739130434782608,0.043478260869565216,4.5,4.0
emblematica:E033043,2803,87,0.44170635664396146,0.5,0.03694150125350265,0.0,0.011494252873563218,0.011494252873563218,5.0,3.0
emblematica:E033044,2803,333,0.3811153224648345,0.023255813953488372,0.09443522253684941,0.0,0.0,0.0,18.0,3.0
emblematica:E033045,2803,7,0.3333333333333333,0.05,0.02223842685636162,0.0,0.0,0.0,2.0,6.0
emblematica:E033046,2803,73,0.4748175773152763,0.5,0.038658229182208494,0.0,0.0136986301369863,0.0136986301369863,14.5,4.5
emblematica:E033047,2803,118,0.38559884598578353,0.16666666666666666,0.03825668033508409,0.0,0.0,0.00847457627118644,12.0,4.0
emblematica:E033048,2803,33,0.3333333333333333,0.038461538461538464,0.014313716595724188,0.0,0.0,0.0,2.5,3.0
emblematica:E033049,2803,275,0.44024002513497795,0.16666666666666666,0.07949747478626971,0.0,0.0,0.007272727272727273,10.0,4.0
emblematica:E033050,2803,331,0.3333333333333333,0.0625,0.08644244784950411,0.0,0.0,0.0,4.0,4.0
emblematica:E033051,2803,363,0.40669725543269336,0.3333333333333333,0.11689541559774229,0.0,0.0027548209366391185,0.0027548209366391185,11.5,3.5
emblematica:E033052,2803,62,0.3775028156362593,0.1111111111111111,0.043171998856819466,0.0,0.0,0.016129032258064516,8.0,4.0
emblematica:E033053,2803,27,0.4454348576459405,0.25,0.07986179214478684,0.0,0.037037037037037035,0.07407407407407407,1.0,4.5
emblematica:E033054,2803,56,0.37962081462451813,0.125,0.03680514110583277,0.0,0.0,0.017857142857142856,8.0,3.0
emblematica:E033055,2803,39,0.5028420761359004,0.2,0.12114908903367048,0.0,0.02564102564102564,0.07692307692307693,3.0,4.5
emblematica:E033056,2803,25,0.3333333333333333,0.004651162790697674,0.008121421182160074,0.0,0.0,0.0,3.0,5.0
emblematica:E033057,2803,41,0.3775028156362593,0.1111111111111111,0.031935236892407196,0.0,0.0,0.024390243902439025,4.0,4.0
emblematica:E033058,2803,42,0.3333333333333333,0.09090909090909091,0.017164492305781653,0.0,0.0,0.0,6.0,4.0
emblematica:E033059,2803,16,0.3333333333333333,0.024390243902439025,0.012050628143673811,0.0,0.0,0.0,2.5,4.0
emblematica:E033060,2803,138,0.34490520365612953,0.02127659574468085,0.0648441406773462,0.0,0.0,0.0,9.5,3.5
emblematica:E033061,2803,60,0.3333333333333333,0.09090909090909091,0.050041934428188606,0.0,0.0,0.0,11.0,4.0
emblematica:E033062,2803,30,0.3455606536832266,0.08333333333333333,0.016124337567981394,0.0,0.0,0.0,5.0,3.0
emblematica:E033063,2803,32,0.3333333333333333,0.058823529411764705,0.02440069591795627,0.0,0.0,0.0,3.0,4.0
emblematica:E033064,2803,303,0.38559884598578353,0.16666666666666666,0.09061349080870008,0.0,0.0,0.0033003300330033004,15.0,4.5
emblematica:E033065,2803,46,0.3333333333333333,0.02857142857142857,0.026316054668506134,0.0,0.0,0.0,8.0,3.0
emblematica:E033066,2803,3,0.4676037933279578,0.010638297872340425,0.007970718915458823,0.0,0.0,0.0,1.5,4.5
emblematica:E033067,2803,104,0.3333333333333333,0.07692307692307693,0.04354433468975557,0.0,0.0,0.0,5.0,3.0
emblematica:E033068,2803,113,0.5173954377845826,1.0,0.08625205439812732,0.008849557522123894,0.008849557522123894,0.008849557522123894,10.0,3.0
emblematica:E033069,2803,54,0.48211681869562056,0.25,0.03202061518118126,0.0,0.018518518518518517,0.037037037037037035,5.0,3.0
emblematica:E033070,2803,90,0.3333333333333333,0.034482758620689655,0.02824403626051858,0.0,0.0,0.0,22.0,4.0
emblematica:E033071,2803,43,0.3333333333333333,0.07692307692307693,0.017966534383953545,0.0,0.0,0.0,5.0,4.0
emblematica:E033072,2803,14,0.3700152943830133,0.05,0.018005473572389224,0.0,0.0,0.0,3.5,3.0
emblematica:E033073,2803,62,0.4182691257554896,0.3333333333333333,0.029198372779525035,0.0,0.016129032258064516,0.016129032258064516,4.0,5.0
emblematica:E033074,2803,19,0.3333333333333333,0.058823529411764705,0.007954901758992395,0.0,0.0,0.0,2.0,3.0
emblematica:E033075,2803,4,0.35648241204244513,0.02040816326530612,0.008186354946812207,0.0,0.0,0.0,2.0,3.0
emblematica:E033076,2803,134,0.3333333333333333,0.0625,0.045300202321480784,0.0,0.0,0.0,8.0,4.0
emblematica:E033077,2803,64,0.3333333333333333,0.05,0.02470059930756551,0.0,0.0,0.0,2.0,5.0
emblematica:E033078,2803,54,0.3900954117610806,0.2,0.025097282835696545,0.0,0.018518518518518517,0.018518518518518517,3.5,5.0
emblematica:E033079,2803,28,0.3775028156362593,0.1111111111111111,0.02381598389683276,0.0,0.0,0.03571428571428571,4.0,4.0
emblematica:E033080,2803,199,0.4995751359652993,0.25,0.06748268087017392,0.0,0.010050251256281407,0.01507537688442211,9.0,4.0
emblematica:E033081,2803,119,0.3333333333333333,0.09090909090909091,0.05121615354772004,0.0,0.0,0.0,17.5,3.0
emblematica:E033082,2803,53,0.37574719213263447,0.1,0.022455002102985684,0.0,0.0,0.018867924528301886,5.5,3.5
emblematica:E033083,2803,59,0.34490520365612953,0.024390243902439025,0.017866164546037514,0.0,0.0,0.0,5.0,4.5
emblematica:E033084,2803,45,0.42590829591570295,0.5,0.06345692369700891,0.0,0.022222222222222223,0.022222222222222223,6.5,4.0
emblematica:E033085,2803,53,0.3333333333333333,0.008849557522123894,0.017031518648054567,0.0,0.0,0.0,8.0,5.0
emblematica:E033086,2803,107,0.41991667443556047,0.1111111111111111,0.055266270085651936,0.0,0.0,0.018691588785046728,11.5,4.0
emblematica:E033087,2803,106,0.38308167254612585,0.02857142857142857,0.04815627453444168,0.0,0.0,0.0,5.5,3.5
emblematica:E033088,2803,32,0.3333333333333333,0.024390243902439025,0.017832897674876936,0.0,0.0,0.0,1.0,4.0
emblematica:E033089,2803,44,0.37962081462451813,0.125,0.025508451334835733,0.0,0.0,0.022727272727272728,11.5,3.0
emblematica:E041082,2803,113,0.9537125187088151,1.0,0.14328368041404307,0.008849557522123894,0.04424778761061947,0.07964601769911504,9.0,3.0
emblematica:E041083,2803,27,0.9652843890316114,1.0,0.3768162958111588,0.037037037037037035,0.18518518518518517,0.3333333333333333,4.0,4.0
emblematica:E041084,2803,26,0.9477344873475497,1.0,0.3939023177247575,0.038461538461538464,0.19230769230769232,0.34615384615384615,5.0,4.0
emblematica:E041085,2803,37,0.9074250374176303,1.0,0.2630982544401427,0.02702702702702703,0.10810810810810811,0.24324324324324326,3.5,5.5
emblematica:E041086,2803,73,0.9074250374176303,1.0,0.14258939913118526,0.0136986301369863,0.0547945205479452,0.1232876712328767,1.5,4.0
emblematica:E041087,2803,60,0.9558305176970738,1.0,0.1823784568628623,0.016666666666666666,0.08333333333333333,0.15,8.0,5.0
emblematica:E041088,2803,24,0.9537125187088151,1.0,0.4093069419828721,0.041666666666666664,0.20833333333333334,0.375,2.0,3.5
emblematica:E041089,2803,127,0.9368077570869661,1.0,0.11541732100156601,0.007874015748031496,0.031496062992125984,0.07086614173228346,8.0,4.0
emblematica:E041090,2803,25,0.9074250374176303,1.0,0.3468455702191746,0.04,0.16,0.36,4.0,4.0
emblematica:E041091,2803,63,0.3748937839913248,0.010101010101010102,0.015387262229022222,0.0,0.0,0.0,1.0,4.0
emblematica:E041092,2803,91,0.9608008655106622,1.0,0.14268316595346206,0.01098901098901099,0.054945054945054944,0.0989010989010989,6.5,4.0
emblematica:E041093,2803,454,0.9633180389503199,1.0,0.17590386533517524,0.0022026431718061676,0.011013215859030838,0.019823788546255508,18.0,4.0
