query_id,n_candidates,n_exact_relevant,ndcg_at_10,reciprocal_rank,average_precision,recall_at_1,recall_at_5,recall_at_10,median_query_label_frequency,median_query_hierarchy_depth
emblematica:E000266,2803,22,0.3333333333333333,0.08333333333333333,0.0212510946932977,0.0,0.0,0.0,5.0,5.0
emblematica:E000267,2803,7,0.3333333333333333,0.0012970168612191958,0.0019111288314504972,0.0,0.0,0.0,2.0,4.0
emblematica:E000268,2803,78,0.37574719213263447,0.1,0.030580426191148737,0.0,0.0,0.01282051282051282,5.5,3.5
emblematica:E000269,2803,141,0.3333333333333333,0.03125,0.039375566496360766,0.0,0.0,0.0,12.0,3.0
emblematica:E000270,2803,74,0.3333333333333333,0.013333333333333334,0.06432871632753605,0.0,0.0,0.0,4.0,5.0
emblematica:E000271,2803,60,0.37574719213263447,0.1,0.0347135971246746,0.0,0.0,0.016666666666666666,11.0,4.0
emblematica:E000272,2803,75,0.3333333333333333,0.043478260869565216,0.024488296796410614,0.0,0.0,0.0,11.0,4.0
emblematica:E000273,2803,342,0.3900954117610806,0.2,0.110466551924532,0.0,0.0029239766081871343,0.0029239766081871343,4.0,4.0
emblematica:E000274,2803,34,0.3491313940615917,0.0196078431372549,0.016686441191569586,0.0,0.0,0.0,4.0,5.0
emblematica:E000275,2803,31,0.3333333333333333,0.07692307692307693,0.017367686180416307,0.0,0.0,0.0,1.0,4.0
emblematica:E000276,2803,60,0.3333333333333333,0.043478260869565216,0.018523676686698683,0.0,0.0,0.0,5.5,3.0
emblematica:E000277,2803,91,0.38559884598578353,0.16666666666666666,0.03785234870222357,0.0,0.0,0.01098901098901099,6.0,3.0
emblematica:E000278,2803,310,0.3333333333333333,0.05555555555555555,0.1009874312188824,0.0,0.0,0.0,8.0,4.0
emblematica:E000279,2803,852,0.3775028156362593,0.1111111111111111,0.23935752228383403,0.0,0.0,0.0011737089201877935,4.5,3.5
emblematica:E000280,2803,22,0.3333333333333333,0.004016064257028112,0.007338770458239174,0.0,0.0,0.0,6.5,4.5
emblematica:E000281,2803,417,0.40669725543269336,0.3333333333333333,0.1611500545251373,0.0,0.002398081534772182,0.002398081534772182,3.0,4.0
emblematica:E000282,2803,15,0.3333333333333333,0.02857142857142857,0.005603963613910836,0.0,0.0,0.0,2.0,4.0
emblematica:E000283,2803,153,0.38224261473290666,0.14285714285714285,0.0901668339131254,0.0,0.0,0.006535947712418301,16.0,4.0
emblematica:E000284,2803,12,0.3333333333333333,0.005714285714285714,0.005014337968157136,0.0,0.0,0.0,1.0,4.5
emblematica:E000285,2803,175,0.34639971149644583,0.043478260869565216,0.08873475671672404,0.0,0.0,0.0,2.0,4.0
emblematica:E000286,2803,189,0.3443757039090648,0.03125,0.08130620922139936,0.0,0.0,0.0,15.0,4.0
emblematica:E000287,2803,122,0.4711900884350369,0.16666666666666666,0.05129639202728059,0.0,0.0,0.01639344262295082,9.0,4.0
emblematica:E000288,2803,52,0.3561641183830519,0.021739130434782608,0.01856443371490274,0.0,0.0,0.0,8.0,4.0
emblematica:E000289,2803,181,0.3333333333333333,0.015625,0.04334678896748615,0.0,0.0,0.0,11.0,4.0
emblematica:E000290,2803,66,0.40874258663137597,0.16666666666666666,0.021897331933201303,0.0,0.0,0.015151515151515152,16.0,4.0
emblematica:E000291,2803,36,0.3333333333333333,0.0056179775280898875,0.011361787091884784,0.0,0.0,0.0,1.0,4.0
emblematica:E000292,2803,73,0.3900954117610806,0.2,0.028030463641230154,0.0,0.0136986301369863,0.0136986301369863,4.0,5.0
emblematica:E000293,2803,163,0.3333333333333333,0.09090909090909091,0.05385642611454794,0.0,0.0,0.0,11.0,4.0
emblematica:E000294,2803,37,0.3333333333333333,0.01020408163265306,0.011622965696511141,0.0,0.0,0.0,1.5,3.5
emblematica:E000295,2803,55,0.3333333333333333,0.041666666666666664,0.019725497415948253,0.0,0.0,0.0,13.0,3.0
emblematica:E000296,2803,85,0.38224261473290666,0.14285714285714285,0.03896734325845431,0.0,0.0,0.011764705882352941,6.0,4.0
emblematica:E000297,2803,138,0.3775028156362593,0.1111111111111111,0.05162787991237419,0.0,0.0,0.007246376811594203,20.0,3.0
emblematica:E000298,2803,79,0.39652557624636714,0.25,0.0284801990037572,0.0,0.012658227848101266,0.012658227848101266,2.0,5.0
emblematica:E000299,2803,73,0.43426489406400665,0.2,0.04934366574265584,0.0,0.0136986301369863,0.0273972602739726,6.0,4.0
emblematica:E001026,2803,48,0.8578452971926079,1.0,0.2944540469603185,0.020833333333333332,0.08333333333333333,0.14583333333333334,2.5,2.5
emblematica:E001027,2803,64,1.0,1.0,0.26381750318335534,0.015625,0.078125,0.15625,11.0,3.0
emblematica:E001028,2803,53,1.0,1.0,0.3136100718417302,0.018867924528301886,0.09433962264150944,0.18867924528301888,7.0,4.0
emblematica:E001029,2803,228,1.0,1.0,0.2686215849686119,0.0043859649122807015,0.021929824561403508,0.043859649122807015,18.0,3.0
emblematica:E001030,2803,121,1.0,1.0,0.20429762867355825,0.008264462809917356,0.04132231404958678,0.08264462809917356,5.0,4.0
emblematica:E001031,2803,36,1.0,1.0,0.45724786478755164,0.027777777777777776,0.1388888888888889,0.2777777777777778,5.0,2.0
emblematica:E001032,2803,51,1.0,1.0,0.4565731426196082,0.0196078431372549,0.09803921568627451,0.19607843137254902,18.0,2.0
emblematica:E001033,2803,82,1.0,1.0,0.24849498201451758,0.012195121951219513,0.06097560975609756,0.12195121951219512,3.5,4.0
emblematica:E001034,2803,209,0.38224261473290666,0.14285714285714285,0.09149014657560688,0.0,0.0,0.004784688995215311,5.0,4.0
emblematica:E001035,2803,62,1.0,1.0,0.38886042581270414,0.016129032258064516,0.08064516129032258,0.16129032258064516,12.0,3.0
emblematica:E001036,2803,82,1.0,1.0,0.25867919448471166,0.012195121951219513,0.06097560975609756,0.12195121951219512,4.5,4.5
emblematica:E001037,2803,70,1.0,1.0,0.24970993880790995,0.014285714285714285,0.07142857142857142,0.14285714285714285,3.0,3.0
emblematica:E001039,2803,98,1.0,1.0,0.2006933646978698,0.01020408163265306,0.05102040816326531,0.10204081632653061,5.0,3.5
emblematica:E001040,2803,42,1.0,1.0,0.36495157150891777,0.023809523809523808,0.11904761904761904,0.23809523809523808,4.0,4.0
emblematica:E001041,2803,88,1.0,1.0,0.2323140674071202,0.011363636363636364,0.056818181818181816,0.11363636363636363,22.0,3.0
emblematica:E001042,2803,35,1.0,1.0,0.461076384293283,0.02857142857142857,0.14285714285714285,0.2857142857142857,6.0,4.0
emblematica:E001043,2803,135,1.0,1.0,0.17670037783592826,0.007407407407407408,0.037037037037037035,0.07407407407407407,12.5,3.5
emblematica:E001247,2803,98,1.0,1.0,0.5522593784868629,0.01020408163265306,0.05102040816326531,0.10204081632653061,13.0,3.0
emblematica:E001248,2803,314,1.0,1.0,0.3129096594390466,0.0031847133757961785,0.01592356687898089,0.03184713375796178,2.0,4.0
emblematica:E001249,2803,419,0.7794170358787816,1.0,0.23270492810089055,0.002386634844868735,0.007159904534606206,0.014319809069212411,6.0,5.0
emblematica:E001250,2803,347,1.0,1.0,0.3103236232111821,0.002881844380403458,0.01440922190201729,0.02881844380403458,10.5,5.0
emblematica:E001251,2803,328,1.0,1.0,0.3062600934719202,0.003048780487804878,0.01524390243902439,0.03048780487804878,13.0,4.0
emblematica:E001252,2803,389,1.0,1.0,0.28784673766429203,0.002570694087403599,0.012853470437017995,0.02570694087403599,3.5,4.0
emblematica:E001253,2803,450,1.0,1.0,0.31025976354249957,0.0022222222222222222,0.011111111111111112,0.022222222222222223,11.0,4.0
emblematica:E001254,2803,363,1.0,1.0,0.30223785907550343,0.0027548209366391185,0.013774104683195593,0.027548209366391185,5.0,4.5
emblematica:E001255,2803,388,1.0,1.0,0.29376467185974237,0.002577319587628866,0.01288659793814433,0.02577319587628866,10.5,4.0
emblematica:E001256,2803,315,1.0,1.0,0.31575979630991663,0.0031746031746031746,0.015873015873015872,0.031746031746031744,6.0,3.0
emblematica:E001257,2803,446,0.9510907186004266,1.0,0.2980759154615514,0.002242152466367713,0.011210762331838564,0.020179372197309416,8.0,4.0
emblematica:E001258,2803,331,1.0,1.0,0.3044543423939461,0.0030211480362537764,0.015105740181268883,0.030211480362537766,4.0,4.0
emblematica:E001259,2803,22,0.46832215471500416,0.5,0.08789264257965541,0.0,0.045454545454545456,0.09090909090909091,3.0,5.0
emblematica:E001260,2803,310,0.8185565448328912,0.5,0.1869698098892487,0.0,0.00967741935483871,0.02258064516129032,6.0,4.0
emblematica:E001261,2803,317,1.0,1.0,0.30554311756320995,0.0031545741324921135,0.015772870662460567,0.031545741324921134,4.0,4.0
emblematica:E001262,2803,441,0.9575861412006987,1.0,0.3003163007742174,0.0022675736961451248,0.011337868480725623,0.02040816326530612,11.0,4.0
emblematica:E001263,2803,344,1.0,1.0,0.30997130854404487,0.0029069767441860465,0.014534883720930232,0.029069767441860465,8.0,4.0
emblematica:E001264,2803,410,0.8632555551147042,1.0,0.22373994661951305,0.0024390243902439024,0.00975609756097561,0.01951219512195122,4.0,4.5
emblematica:E001265,2803,376,1.0,1.0,0.2973269664694119,0.0026595744680851063,0.013297872340425532,0.026595744680851064,12.0,4.0
emblematica:E001266,2803,310,0.8720358167995447,1.0,0.1906375172546455,0.0032258064516129032,0.012903225806451613,0.02258064516129032,3.0,4.0
emblematica:E001267,2803,443,0.9537125187088151,1.0,0.3028200879863092,0.002257336343115124,0.011286681715575621,0.020316027088036117,12.0,4.0
emblematica:E001268,2803,82,0.9537125187088151,1.0,0.6545326575105517,0.012195121951219513,0.06097560975609756,0.10975609756097561,2.0,4.0
emblematica:E001269,2803,331,1.0,1.0,0.31208676267604585,0.0030211480362537764,0.015105740181268883,0.030211480362537766,7.0,4.0
emblematica:E001270,2803,329,1.0,1.0,0.30409407095070334,0.00303951367781155,0.015197568389057751,0.030395136778115502,11.0,3.5
emblematica:E001271,2803,376,0.8082491001905818,1.0,0.2020019622421171,0.0026595744680851063,0.007978723404255319,0.018617021276595744,6.5,4.0
emblematica:E001272,2803,311,1.0,1.0,0.31512929991714067,0.003215434083601286,0.01607717041800643,0.03215434083601286,6.5,3.5
emblematica:E001273,2803,292,0.85515952476518,1.0,0.31289998774673883,0.003424657534246575,0.0136986301369863,0.0273972602739726,10.0,4.0
emblematica:E001274,2803,381,1.0,1.0,0.3018852391849079,0.0026246719160104987,0.013123359580052493,0.026246719160104987,7.5,4.5
emblematica:E001275,2803,84,1.0,1.0,0.5987260910192267,0.011904761904761904,0.05952380952380952,0.11904761904761904,4.0,3.0
emblematica:E001276,2803,235,1.0,1.0,0.36697446662815947,0.00425531914893617,0.02127659574468085,0.0425531914893617,7.0,4.0
emblematica:E001277,2803,284,0.9537125187088151,1.0,0.32858286252455615,0.0035211267605633804,0.017605633802816902,0.03169014084507042,4.5,4.0
emblematica:E001278,2803,83,0.9112986599095139,1.0,0.6083363571752831,0.012048192771084338,0.060240963855421686,0.0963855421686747,1.0,4.0
emblematica:E001279,2803,331,1.0,1.0,0.30704699362538845,0.0030211480362537764,0.015105740181268883,0.030211480362537766,6.0,4.0
emblematica:E001280,2803,289,0.5543480829680506,0.25,0.17568265050504878,0.0,0.006920415224913495,0.01384083044982699,5.0,4.0
emblematica:E001281,2803,95,0.9510907186004266,1.0,0.6425692365224096,0.010526315789473684,0.05263157894736842,0.09473684210526316,3.5,4.5
emblematica:E001282,2803,319,0.9510907186004266,1.0,0.3021553401820504,0.003134796238244514,0.01567398119122257,0.02821316614420063,5.0,4.0
emblematica:E001283,2803,79,0.8311363972596454,1.0,0.6282027866050587,0.012658227848101266,0.0379746835443038,0.08860759493670886,1.5,4.5
emblematica:E001284,2803,246,0.9558305176970738,1.0,0.33943328675276013,0.0040650406504065045,0.02032520325203252,0.036585365853658534,2.5,4.5
emblematica:E001285,2803,104,0.9575861412006987,1.0,0.5412623779854164,0.009615384615384616,0.04807692307692308,0.08653846153846154,5.5,4.0
emblematica:E001286,2803,129,0.8532721558012798,0.5,0.44221687746163063,0.0,0.031007751937984496,0.06976744186046512,5.0,4.0
emblematica:E001287,2803,83,0.8842222191013388,1.0,0.6487384639157502,0.012048192771084338,0.04819277108433735,0.0963855421686747,5.0,4.0
emblematica:E001288,2803,152,0.7898916330153442,1.0,0.38683409421330284,0.006578947368421052,0.019736842105263157,0.046052631578947366,8.0,4.0
emblematica:E001289,2803,326,1.0,1.0,0.3065339696662423,0.003067484662576687,0.015337423312883436,0.03067484662576687,7.0,4.0
emblematica:E001290,2803,96,0.9368077570869661,1.0,0.5298087924992209,0.010416666666666666,0.041666666666666664,0.09375,3.0,4.0
emblematica:E001291,2803,335,1.0,1.0,0.3026541519525402,0.0029850746268656717,0.014925373134328358,0.029850746268656716,9.0,5.0
emblematica:E001292,2803,909,1.0,1.0,0.2858351355732394,0.0011001100110011,0.005500550055005501,0.011001100110011002,2.0,3.0
emblematica:E001293,2803,230,1.0,1.0,0.34666502067323496,0.004347826086956522,0.021739130434782608,0.043478260869565216,4.0,4.0
emblematica:E001294,2803,333,1.0,1.0,0.3082256578082492,0.003003003003003003,0.015015015015015015,0.03003003003003003,2.0,4.5
emblematica:E001295,2803,137,0.9477344873475497,1.0,0.42411503101208364,0.0072992700729927005,0.0364963503649635,0.06569343065693431,7.0,4.0
emblematica:E001296,2803,546,1.0,1.0,0.3050801888996127,0.0018315018315018315,0.009157509157509158,0.018315018315018316,11.0,4.5
emblematica:E001297,2803,387,1.0,1.0,0.2935584972426682,0.002583979328165375,0.012919896640826873,0.025839793281653745,14.0,4.0
emblematica:E001298,2803,81,0.9608008655106622,1.0,0.6754038442716341,0.012345679012345678,0.06172839506172839,0.1111111111111111,3.0,4.0
emblematica:E001299,2803,240,1.0,1.0,0.35502921461310505,0.004166666666666667,0.020833333333333332,0.041666666666666664,5.0,3.0
emblematica:E001300,2803,101,1.0,1.0,0.5471028457673353,0.009900990099009901,0.04950495049504951,0.09900990099009901,4.0,4.0
emblematica:E001301,2803,325,0.6511658010185829,0.5,0.17324438340677661,0.0,0.009230769230769232,0.015384615384615385,3.5,4.5
emblematica:E001302,2803,184,1.0,1.0,0.3684589916260808,0.005434782608695652,0.02717391304347826,0.05434782608695652,6.0,5.0
emblematica:E001303,2803,193,0.7580753931105215,0.5,0.31999204055120434,0.0,0.02072538860103627,0.03626943005181347,9.0,5.0
emblematica:E001304,2803,146,0.9074250374176303,1.0,0.3923001607556205,0.00684931506849315,0.0273972602739726,0.06164383561643835,13.0,3.0
emblematica:E001305,2803,347,1.0,1.0,0.3001070215808764,0.002881844380403458,0.01440922190201729,0.02881844380403458,3.5,4.0
emblematica:E001306,2803,94,1.0,1.0,0.5688292787807195,0.010638297872340425,0.05319148936170213,0.09574468085106383,4.0,4.0
emblematica:E001307,2803,73,0.8585157560180569,1.0,0.6944903099965647,0.0136986301369863,0.0547945205479452,0.1095890410958904,2.5,4.5
emblematica:E001308,2803,241,1.0,1.0,0.37011324856290445,0.004149377593360996,0.02074688796680498,0.04149377593360996,3.0,5.0
emblematica:E001309,2803,311,1.0,1.0,0.307030895918084,0.003215434083601286,0.01607717041800643,0.03215434083601286,5.0,4.0
emblematica:E001310,2803,343,1.0,1.0,0.31165623931250114,0.0029154518950437317,0.014577259475218658,0.029154518950437316,8.0,4.0
emblematica:E001311,2803,325,1.0,1.0,0.3104676972096212,0.003076923076923077,0.015384615384615385,0.03076923076923077,6.0,4.0
emblematica:E001323,2803,39,1.0,0.5,0.05414918110681983,0.0,0.05128205128205128,0.07692307692307693,1.0,3.0
emblematica:E001324,2803,78,1.0,1.0,0.17893215547679614,0.01282051282051282,0.0641025641025641,0.11538461538461539,1.0,3.0
emblematica:E001325,2803,80,1.0,1.0,0.1554844843223525,0.0125,0.05,0.1125,3.0,5.0
emblematica:E001326,2803,245,1.0,1.0,0.14785919478384688,0.004081632653061225,0.0163265306122449,0.036734693877551024,18.0,4.0
emblematica:E001327,2803,70,1.0,1.0,0.19966075048593776,0.014285714285714285,0.07142857142857142,0.12857142857142856,3.5,4.0
emblematica:E001328,2803,37,1.0,1.0,0.30709210353594735,0.02702702702702703,0.13513513513513514,0.24324324324324326,3.5,4.0
emblematica:E001329,2803,27,1.0,1.0,0.41785668460519265,0.037037037037037035,0.18518518518518517,0.3333333333333333,2.0,4.0
emblematica:E001330,2803,19,1.0,1.0,0.5570121508644789,0.05263157894736842,0.2631578947368421,0.47368421052631576,1.5,5.0
emblematica:E001331,2803,105,1.0,0.5,0.1421954636837678,0.0,0.0380952380952381,0.08571428571428572,1.0,4.0
emblematica:E001332,2803,56,1.0,1.0,0.25862409327069474,0.017857142857142856,0.08928571428571429,0.17857142857142858,2.5,3.5
emblematica:E001333,2803,106,1.0,1.0,0.1737197042170176,0.009433962264150943,0.04716981132075472,0.09433962264150944,4.0,4.0
emblematica:E001334,2803,348,1.0,1.0,0.1999507436573674,0.0028735632183908046,0.014367816091954023,0.028735632183908046,7.5,5.0
emblematica:E001497,2803,44,0.3443757039090648,0.01639344262295082,0.023676318036896692,0.0,0.0,0.0,1.0,4.5
emblematica:E001498,2803,345,0.3443757039090648,0.09090909090909091,0.14266024581709177,0.0,0.0,0.0,17.5,4.0
emblematica:E001499,2803,36,0.3333333333333333,0.00847457627118644,0.02159009374711205,0.0,0.0,0.0,2.0,5.0
emblematica:E001500,2803,62,0.37574719213263447,0.1,0.02191809193733091,0.0,0.0,0.016129032258064516,2.0,4.0
emblematica:E001501,2803,141,0.37574719213263447,0.1,0.05354860481385426,0.0,0.0,0.0070921985815602835,1.0,5.0
emblematica:E001502,2803,75,0.37574719213263447,0.1,0.04435648286833035,0.0,0.0,0.013333333333333334,5.5,4.0
emblematica:E001503,2803,421,0.5984481552421115,0.5,0.18984623413703114,0.0,0.007125890736342043,0.009501187648456057,7.0,4.0
emblematica:E001504,2803,190,0.3700152943830133,0.08333333333333333,0.08155841951713899,0.0,0.0,0.0,9.5,4.0
emblematica:E001505,2803,42,0.38224261473290666,0.14285714285714285,0.039395790214472995,0.0,0.0,0.023809523809523808,7.0,4.0
emblematica:E001506,2803,91,0.38224261473290666,0.14285714285714285,0.05426779004449023,0.0,0.0,0.01098901098901099,9.0,3.0
emblematica:E001507,2803,1,0.6043744244510955,0.0003835826620636747,0.0003835826620636747,0.0,0.0,0.0,1.0,5.0
emblematica:E001508,2803,218,0.4647507685616406,0.2,0.10241351769080771,0.0,0.0045871559633027525,0.0045871559633027525,6.0,4.0
emblematica:E001668,2803,87,0.6293982185421705,1.0,0.07609582781427938,0.011494252873563218,0.034482758620689655,0.034482758620689655,1.0,4.0
emblematica:E001669,2803,87,0.6816637311946206,1.0,0.07558708594614214,0.011494252873563218,0.034482758620689655,0.04597701149425287,1.5,4.0
emblematica:E001670,2803,37,0.3439367980331586,0.006060606060606061,0.008368250921412428,0.0,0.0,0.0,2.0,5.0
emblematica:E001671,2803,87,0.4285300960240915,0.14285714285714285,0.04685035347567322,0.0,0.0,0.022988505747126436,1.0,5.0
emblematica:E001672,2803,87,0.5585908384362132,0.3333333333333333,0.05952419940774436,0.0,0.022988505747126436,0.04597701149425287,1.0,4.5
emblematica:E001673,2803,88,0.6293982185421705,1.0,0.07543605125857572,0.011363636363636364,0.03409090909090909,0.03409090909090909,1.0,5.0
emblematica:E001675,2803,87,0.42203467342381923,0.125,0.04804805531279965,0.0,0.0,0.022988505747126436,2.0,4.5
emblematica:E001676,2803,87,0.4662041557267453,0.125,0.051076081091989765,0.0,0.0,0.034482758620689655,1.0,3.0
emblematica:E001677,2803,87,0.4748175773152763,0.5,0.05656880542273635,0.0,0.011494252873563218,0.022988505747126436,1.0,4.5
emblematica:E001678,2803,87,0.5353880201199217,0.5,0.05814207504570954,0.0,0.022988505747126436,0.034482758620689655,1.0,4.5
emblematica:E001679,2803,3,0.40430220188639443,0.0078125,0.00561345396729255,0.0,0.0,0.0,1.0,6.0
emblematica:E001680,2803,14,0.3333333333333333,0.009433962264150943,0.013576097530596116,0.0,0.0,0.0,1.0,5.0
emblematica:E001681,2803,6,0.38595214970813646,0.05555555555555555,0.02952823764156831,0.0,0.0,0.0,1.0,6.0
emblematica:E001682,2803,23,0.3333333333333333,0.07142857142857142,0.014442303520772058,0.0,0.0,0.0,1.0,6.0
emblematica:E001683,2803,23,0.3333333333333333,0.041666666666666664,0.01208332097731401,0.0,0.0,0.0,1.0,6.0
emblematica:E001684,2803,87,0.5921627018446607,1.0,0.06914620456489294,0.011494252873563218,0.022988505747126436,0.034482758620689655,2.0,4.5
emblematica:E001685,2803,2,0.5821032065260975,0.0017331022530329288,0.0014412637701946254,0.0,0.0,0.0,1.0,4.5
emblematica:E001687,2803,23,0.3333333333333333,0.038461538461538464,0.01294072862505188,0.0,0.0,0.0,1.0,5.0
emblematica:E001688,2803,1,0.6043744244510955,0.0003920031360250882,0.0003920031360250882,0.0,0.0,0.0,1.0,4.5
emblematica:E001689,2803,6,0.4931406671615841,0.5,0.11507332925806413,0.0,0.16666666666666666,0.16666666666666666,1.0,5.5
emblematica:E001690,2803,3,0.5159958223394444,0.004694835680751174,0.0029952313651090633,0.0,0.0,0.0,1.0,4.0
emblematica:E001691,2803,7,0.34428518061118435,0.07692307692307693,0.0129928368563771,0.0,0.0,0.0,1.0,5.0
emblematica:E001692,2803,23,0.3333333333333333,0.010416666666666666,0.010552230780424793,0.0,0.0,0.0,1.0,3.0
emblematica:E001694,2803,7,0.39480140295183036,0.14285714285714285,0.02252385169255025,0.0,0.0,0.14285714285714285,1.0,5.0
emblematica:E001696,2803,6,0.4931406671615841,0.5,0.11507251947601148,0.0,0.16666666666666666,0.16666666666666666,1.0,5.0
emblematica:E001697,2803,11,0.3333333333333333,0.011111111111111112,0.004415336989286738,0.0,0.0,0.0,1.0,3.0
emblematica:E001698,2803,4,0.4073884476270398,0.002551020408163265,0.0016537573463136289,0.0,0.0,0.0,1.0,3.5
emblematica:E001699,2803,3,0.45382343384312973,0.00392156862745098,0.0019548067227659204,0.0,0.0,0.0,1.0,3.5
emblematica:E001700,2803,34,0.3333333333333333,0.0025380710659898475,0.009269891706775626,0.0,0.0,0.0,1.0,4.0
emblematica:E001701,2803,37,0.3333333333333333,0.045454545454545456,0.013936793976844816,0.0,0.0,0.0,5.0,4.5
emblematica:E001704,2803,5,0.37022767507871573,0.030303030303030304,0.01967274550162583,0.0,0.0,0.0,1.0,5.0
emblematica:E001705,2803,34,0.38559884598578353,0.16666666666666666,0.021300155291618116,0.0,0.0,0.029411764705882353,2.0,5.0
emblematica:E001706,2803,1,0.4263151217085707,0.002631578947368421,0.002631578947368421,0.0,0.0,0.0,1.0,4.5
emblematica:E001707,2803,7,0.37022767507871573,0.004016064257028112,0.003352493248946973,0.0,0.0,0.0,1.0,3.0
emblematica:E001708,2803,19,0.3333333333333333,0.00625,0.005611762301531965,0.0,0.0,0.0,1.0,4.0
emblematica:E001709,2803,8,0.3333333333333333,0.00041893590280687055,0.0017094935497967445,0.0,0.0,0.0,1.0,3.5
emblematica:E001710,2803,3,0.40956968264424565,0.0007604562737642585,0.0010968018845609207,0.0,0.0,0.0,1.0,4.0
emblematica:E001711,2803,2,0.5257357542330399,0.0010330578512396695,0.0008801652892561983,0.0,0.0,0.0,1.0,4.0
emblematica:E001712,2803,4,0.38595214970813646,0.034482758620689655,0.011730069062227746,0.0,0.0,0.0,1.0,5.5
emblematica:E001714,2803,8,0.3333333333333333,0.0034482758620689655,0.003470129749814276,0.0,0.0,0.0,1.0,5.0
emblematica:E001715,2803,0,0.6666666666666666,,,,,,1.0,4.5
emblematica:E003038,2803,0,1.0,,,,,,1.0,3.5
emblematica:E003039,2803,156,0.5368232559598007,1.0,0.08739005363456336,0.00641025641025641,0.01282051282051282,0.01282051282051282,10.0,5.0
emblematica:E003040,2803,16,0.6236372270863865,0.5,0.15511723376497513,0.0,0.125,0.3125,2.0,5.0
emblematica:E003041,2803,80,0.6552199590698379,0.5,0.08588860280385258,0.0,0.025,0.0625,11.0,4.0
emblematica:E003042,2803,319,0.5539162974545516,0.3333333333333333,0.14610012700544653,0.0,0.006269592476489028,0.012539184952978056,4.0,5.0
emblematica:E003043,2803,251,0.6970137524827382,1.0,0.11002571601628869,0.00398406374501992,0.00796812749003984,0.0199203187250996,11.0,4.0
emblematica:E003044,2803,105,0.734381376971092,1.0,0.0861941281902445,0.009523809523809525,0.02857142857142857,0.047619047619047616,7.0,4.0
emblematica:E003045,2803,174,0.40669725543269336,0.3333333333333333,0.10775208710250457,0.0,0.005747126436781609,0.005747126436781609,1.0,5.0
emblematica:E003046,2803,768,0.6922875435049679,1.0,0.17935687600264258,0.0013020833333333333,0.00390625,0.005208333333333333,3.0,4.0
emblematica:E003047,2803,50,0.4237902969274442,0.125,0.055997092673828464,0.0,0.0,0.04,9.0,5.0
emblematica:E003048,2803,83,0.6150499989137242,1.0,0.06828677801500017,0.012048192771084338,0.024096385542168676,0.03614457831325301,2.0,3.0
emblematica:E003049,2803,142,0.6460000622137831,1.0,0.08308726800894838,0.007042253521126761,0.02112676056338028,0.02112676056338028,9.0,4.0
emblematica:E003050,2803,40,0.5656524199813068,1.0,0.06743558929971145,0.025,0.05,0.05,2.5,4.0
emblematica:E003051,2803,21,0.3439367980331586,0.041666666666666664,0.04485259108462125,0.0,0.0,0.0,2.0,3.0
emblematica:E003052,2803,19,0.7602059953957719,1.0,0.2772630710498055,0.05263157894736842,0.15789473684210525,0.3157894736842105,2.0,4.0
emblematica:E003062,2803,331,0.8148636649541378,1.0,0.1611968637344791,0.0030211480362537764,0.015105740181268883,0.01812688821752266,4.0,6.0
emblematica:E003063,2803,313,0.9053206285482487,1.0,0.16107414319837066,0.003194888178913738,0.01597444089456869,0.025559105431309903,11.0,4.0
emblematica:E003064,2803,341,0.9537125187088151,1.0,0.19466206579338505,0.002932551319648094,0.01466275659824047,0.026392961876832845,10.0,3.0
emblematica:E003065,2803,349,0.7378144002357957,0.5,0.17547980181025882,0.0,0.008595988538681949,0.02005730659025788,12.0,4.0
emblematica:E003066,2803,209,0.45292237889918646,0.25,0.10700277693997153,0.0,0.004784688995215311,0.014354066985645933,7.0,4.0
emblematica:E003067,2803,322,0.739872026244585,1.0,0.16551227762642753,0.003105590062111801,0.009316770186335404,0.018633540372670808,13.0,4.0
emblematica:E003068,2803,428,0.8585157560180569,1.0,0.21830992342012628,0.002336448598130841,0.009345794392523364,0.018691588785046728,9.0,4.0
emblematica:E003069,2803,368,0.9049973629874902,1.0,0.16294450774603936,0.002717391304347826,0.010869565217391304,0.021739130434782608,7.0,5.0
emblematica:E003070,2803,305,0.6889051188362223,0.5,0.1468523502315346,0.0,0.009836065573770493,0.019672131147540985,7.0,4.0
emblematica:E003071,2803,327,0.6922739533860909,1.0,0.15932066156851257,0.0030581039755351682,0.0061162079510703364,0.01529051987767584,4.0,4.0
emblematica:E003072,2803,389,0.9266360779006398,1.0,0.2003025557076591,0.002570694087403599,0.010282776349614395,0.02313624678663239,9.0,4.0
emblematica:E003073,2803,144,0.48910053882873683,0.5,0.08164979338368945,0.0,0.013888888888888888,0.013888888888888888,6.0,4.0
emblematica:E003074,2803,474,0.6676184295164107,0.3333333333333333,0.17109363066212438,0.0,0.006329113924050633,0.012658227848101266,20.0,4.0
emblematica:E003075,2803,457,0.9510907186004266,1.0,0.22712043327579082,0.002188183807439825,0.010940919037199124,0.019693654266958426,17.0,4.0
emblematica:E003076,2803,399,0.6682888615951721,0.5,0.1948875865936838,0.0,0.007518796992481203,0.015037593984962405,21.0,4.0
emblematica:E003077,2803,193,0.3633122960293225,0.1111111111111111,0.07523880066014552,0.0,0.0,0.0051813471502590676,10.0,4.0
emblematica:E003078,2803,502,0.8654994761511732,1.0,0.23853948971376404,0.00199203187250996,0.00796812749003984,0.01593625498007968,18.0,4.0
emblematica:E003079,2803,429,0.9368077570869661,1.0,0.21606595894424932,0.002331002331002331,0.009324009324009324,0.02097902097902098,9.0,4.0
emblematica:E003080,2803,334,0.8969504402810676,1.0,0.18379474058437,0.0029940119760479044,0.011976047904191617,0.023952095808383235,4.5,4.0
emblematica:E003081,2803,383,0.6909607599997896,0.5,0.18121521592984913,0.0,0.007832898172323759,0.018276762402088774,12.0,4.0
emblematica:E003082,2803,70,0.4599684568569945,0.5,0.06986367810887825,0.0,0.014285714285714285,0.02857142857142857,4.0,4.0
emblematica:E003083,2803,128,0.6383775153462693,0.3333333333333333,0.11180746569116987,0.0,0.015625,0.046875,5.0,4.5
emblematica:E003084,2803,460,0.5653336185800864,0.3333333333333333,0.2088755591094274,0.0,0.002173913043478261,0.010869565217391304,18.0,4.0
emblematica:E003085,2803,446,0.8525377246567915,1.0,0.2232111753818759,0.002242152466367713,0.011210762331838564,0.01569506726457399,9.0,5.0
emblematica:E003086,2803,5,0.15812658638228605,0.0196078431372549,0.016153071814256622,0.0,0.0,0.0,3.5,3.5
emblematica:E003768,2803,260,1.0,1.0,0.510196786580387,0.0038461538461538464,0.019230769230769232,0.038461538461538464,11.0,4.0
emblematica:E003769,2803,335,1.0,1.0,0.453563766415547,0.0029850746268656717,0.014925373134328358,0.029850746268656716,4.0,5.0
emblematica:E003770,2803,235,1.0,1.0,0.5347554062181783,0.00425531914893617,0.02127659574468085,0.0425531914893617,21.0,4.0
emblematica:E003771,2803,191,1.0,1.0,0.6352290567213118,0.005235602094240838,0.02617801047120419,0.05235602094240838,28.5,4.0
emblematica:E003772,2803,277,0.8990684392693266,1.0,0.3198528654943887,0.0036101083032490976,0.01444043321299639,0.02888086642599278,4.0,5.0
emblematica:E003773,2803,433,1.0,1.0,0.34308025089464933,0.0023094688221709007,0.011547344110854504,0.023094688221709007,21.0,4.0
emblematica:E003774,2803,274,0.8424187247615081,1.0,0.30495032204522554,0.0036496350364963502,0.010948905109489052,0.025547445255474453,11.0,5.0
emblematica:E003775,2803,270,0.5856672792443884,1.0,0.2654131922533301,0.003703703703703704,0.007407407407407408,0.011111111111111112,17.0,4.0
emblematica:E003776,2803,438,1.0,1.0,0.4415526061561017,0.00228310502283105,0.01141552511415525,0.0228310502283105,23.0,4.0
emblematica:E003777,2803,312,1.0,1.0,0.4386467392284828,0.003205128205128205,0.016025641025641024,0.03205128205128205,23.5,4.0
emblematica:E003778,2803,427,0.718283334419609,0.3333333333333333,0.32847348150110733,0.0,0.00702576112412178,0.01639344262295082,20.5,4.0
emblematica:E003779,2803,260,1.0,1.0,0.4795330998309608,0.0038461538461538464,0.019230769230769232,0.038461538461538464,5.0,5.0
emblematica:E003780,2803,209,0.8019478032685581,1.0,0.3461455108108709,0.004784688995215311,0.014354066985645933,0.028708133971291867,14.5,4.0
emblematica:E003781,2803,579,0.9510907186004266,1.0,0.38515581221187767,0.0017271157167530224,0.008635578583765112,0.015544041450777202,7.5,4.0
emblematica:E003782,2803,379,0.9112986599095139,1.0,0.4512153997372492,0.002638522427440633,0.013192612137203167,0.021108179419525065,12.0,4.5
emblematica:E003783,2803,482,0.9240201235975981,1.0,0.36389687711016855,0.002074688796680498,0.01037344398340249,0.016597510373443983,6.0,4.0
emblematica:E003784,2803,521,1.0,1.0,0.3868104763682101,0.0019193857965451055,0.009596928982725527,0.019193857965451054,13.5,4.0
emblematica:E003785,2803,463,1.0,1.0,0.38204869844968,0.0021598272138228943,0.01079913606911447,0.02159827213822894,21.0,4.0
emblematica:E003786,2803,234,0.9558305176970738,1.0,0.49790512490340905,0.004273504273504274,0.021367521367521368,0.038461538461538464,3.0,4.0
emblematica:E003787,2803,460,0.9266360779006398,1.0,0.3663515787307704,0.002173913043478261,0.008695652173913044,0.01956521739130435,11.0,5.0
emblematica:E003788,2803,214,1.0,1.0,0.5702061531232664,0.004672897196261682,0.02336448598130841,0.04672897196261682,10.0,4.0
emblematica:E003789,2803,218,0.9266360779006398,1.0,0.5559758729724686,0.0045871559633027525,0.01834862385321101,0.04128440366972477,9.0,4.0
emblematica:E003790,2803,202,0.9537125187088151,1.0,0.5901307446815811,0.0049504950495049506,0.024752475247524754,0.04455445544554455,38.0,4.0
emblematica:E003791,2803,216,1.0,1.0,0.5656608689406815,0.004629629629629629,0.023148148148148147,0.046296296296296294,38.0,4.0
emblematica:E003792,2803,311,1.0,1.0,0.4456832054370981,0.003215434083601286,0.01607717041800643,0.03215434083601286,3.0,4.0
emblematica:E003793,2803,300,1.0,1.0,0.46249917235110766,0.0033333333333333335,0.016666666666666666,0.03333333333333333,30.5,4.0
emblematica:E003794,2803,233,1.0,1.0,0.5307164536192208,0.004291845493562232,0.02145922746781116,0.04291845493562232,14.0,4.0
emblematica:E003795,2803,189,1.0,1.0,0.6317838496749775,0.005291005291005291,0.026455026455026454,0.05291005291005291,21.0,4.0
emblematica:E003796,2803,538,0.9305687780632227,1.0,0.39109652871749134,0.0018587360594795538,0.007434944237918215,0.016728624535315983,6.0,5.0
emblematica:E003797,2803,258,1.0,1.0,0.502199846246077,0.003875968992248062,0.01937984496124031,0.03875968992248062,16.0,4.0
emblematica:E003798,2803,189,1.0,1.0,0.5565135133370112,0.005291005291005291,0.026455026455026454,0.05291005291005291,8.0,4.0
emblematica:E003799,2803,298,0.9368077570869661,1.0,0.4343060906962036,0.003355704697986577,0.013422818791946308,0.030201342281879196,16.0,4.0
emblematica:E003800,2803,332,1.0,1.0,0.47347410307247473,0.0030120481927710845,0.015060240963855422,0.030120481927710843,7.0,4.0
emblematica:E003801,2803,227,0.638219572378062,0.25,0.2803125103602766,0.0,0.00881057268722467,0.01762114537444934,6.0,5.0
emblematica:E003802,2803,553,1.0,1.0,0.37758083656470354,0.0018083182640144665,0.009041591320072333,0.018083182640144666,11.0,5.0
emblematica:E003803,2803,301,0.8506629589898829,1.0,0.4267021857692363,0.0033222591362126247,0.009966777408637873,0.026578073089700997,3.0,4.0
emblematica:E003804,2803,302,0.9069212362975004,1.0,0.4120044374174566,0.0033112582781456954,0.016556291390728478,0.026490066225165563,2.0,6.0
emblematica:E003805,2803,212,1.0,1.0,0.576384350013926,0.0047169811320754715,0.02358490566037736,0.04716981132075472,36.0,4.0
emblematica:E003806,2803,213,1.0,1.0,0.4941797197928147,0.004694835680751174,0.018779342723004695,0.04225352112676056,10.0,4.0
emblematica:E003807,2803,419,1.0,1.0,0.43818901170555674,0.002386634844868735,0.011933174224343675,0.02386634844868735,8.0,4.5
emblematica:E003808,2803,248,0.6023217777339952,0.5,0.24904018604357775,0.0,0.012096774193548387,0.016129032258064516,4.0,4.0
emblematica:E003809,2803,287,0.9668728882728055,1.0,0.4245270568370766,0.003484320557491289,0.017421602787456445,0.0313588850174216,19.5,5.0
emblematica:E003810,2803,141,0.7532031445486014,1.0,0.46811311195965216,0.0070921985815602835,0.02127659574468085,0.03546099290780142,5.0,5.0
emblematica:E003811,2803,370,0.863443834987606,1.0,0.29183391678055653,0.002702702702702703,0.008108108108108109,0.021621621621621623,9.0,4.0
emblematica:E003813,2803,366,1.0,1.0,0.45360752503745416,0.00273224043715847,0.01366120218579235,0.0273224043715847,10.0,4.0
emblematica:E003814,2803,335,1.0,1.0,0.46898824900519587,0.0029850746268656717,0.014925373134328358,0.029850746268656716,10.5,4.0
emblematica:E003815,2803,352,1.0,1.0,0.4104314775125907,0.002840909090909091,0.014204545454545454,0.028409090909090908,23.0,4.0
emblematica:E003816,2803,327,1.0,1.0,0.47769663522577027,0.0030581039755351682,0.01529051987767584,0.03058103975535168,15.5,4.0
emblematica:E003817,2803,324,0.968189605900524,1.0,0.41940587377888894,0.0030864197530864196,0.015432098765432098,0.027777777777777776,18.0,4.0
emblematica:E003818,2803,340,1.0,1.0,0.4305697187202617,0.0029411764705882353,0.014705882352941176,0.029411764705882353,16.0,4.0
emblematica:E003819,2803,365,0.9266360779006398,1.0,0.4542530278999457,0.0027397260273972603,0.010958904109589041,0.024657534246575342,18.0,4.0
emblematica:E003820,2803,342,1.0,1.0,0.45727106742238727,0.0029239766081871343,0.014619883040935672,0.029239766081871343,28.0,4.0
emblematica:E003821,2803,343,0.7884140752558306,1.0,0.39222088562814506,0.0029154518950437317,0.008746355685131196,0.01749271137026239,14.5,4.0
emblematica:E003822,2803,334,0.691338639071709,1.0,0.38082968529175654,0.0029940119760479044,0.008982035928143712,0.014970059880239521,25.0,4.0
emblematica:E003823,2803,423,0.9608008655106622,1.0,0.38900431708205047,0.002364066193853428,0.01182033096926714,0.02127659574468085,15.5,4.0
emblematica:E003824,2803,358,0.9477344873475497,1.0,0.44347585011613194,0.002793296089385475,0.013966480446927373,0.025139664804469275,9.5,5.0
emblematica:E003825,2803,105,0.7834630830244053,0.5,0.6135331609633542,0.0,0.0380952380952381,0.06666666666666667,5.5,4.0
emblematica:E003826,2803,359,1.0,1.0,0.4536710691844381,0.002785515320334262,0.013927576601671309,0.027855153203342618,15.0,4.0
emblematica:E003827,2803,234,1.0,1.0,0.5717698075123191,0.004273504273504274,0.021367521367521368,0.042735042735042736,40.0,4.0
emblematica:E003828,2803,239,1.0,1.0,0.5283164236089075,0.0041841004184100415,0.02092050209205021,0.04184100418410042,16.0,4.0
emblematica:E003829,2803,463,1.0,1.0,0.4376794294708246,0.0021598272138228943,0.01079913606911447,0.02159827213822894,8.0,5.0
emblematica:E003830,2803,155,0.5079097275823033,0.16666666666666666,0.07320267451658388,0.0,0.0,0.012903225806451613,6.0,5.0
emblematica:E003831,2803,329,1.0,1.0,0.47754063247773404,0.00303951367781155,0.015197568389057751,0.030395136778115502,6.0,4.0
emblematica:E003832,2803,357,1.0,1.0,0.45544030574695377,0.0028011204481792717,0.014005602240896359,0.028011204481792718,12.0,4.0
emblematica:E003833,2803,327,1.0,1.0,0.48033381903617955,0.0030581039755351682,0.01529051987767584,0.03058103975535168,15.0,4.0
emblematica:E003834,2803,465,1.0,1.0,0.39911301897047774,0.002150537634408602,0.010752688172043012,0.01935483870967742,36.0,4.0
emblematica:E003835,2803,272,1.0,1.0,0.5130666043569999,0.003676470588235294,0.01838235294117647,0.03676470588235294,11.0,5.0
emblematica:E003836,2803,215,1.0,1.0,0.5603210897909563,0.004651162790697674,0.023255813953488372,0.046511627906976744,17.0,4.0
emblematica:E003837,2803,222,1.0,1.0,0.5072730700101664,0.0045045045045045045,0.02252252252252252,0.04504504504504504,13.5,4.0
emblematica:E003838,2803,280,0.9074250374176303,1.0,0.47448998493545014,0.0035714285714285713,0.014285714285714285,0.03214285714285714,11.0,5.0
emblematica:E003839,2803,142,0.9537125187088151,1.0,0.7326563999953506,0.007042253521126761,0.035211267605633804,0.06338028169014084,7.0,4.0
emblematica:E003840,2803,409,1.0,1.0,0.37488713171039445,0.0024449877750611247,0.012224938875305624,0.02444987775061125,27.0,4.0
emblematica:E003841,2803,257,1.0,1.0,0.48956765541901315,0.0038910505836575876,0.019455252918287938,0.038910505836575876,19.0,4.0
emblematica:E003843,2803,266,1.0,1.0,0.49633890896194727,0.0037593984962406013,0.018796992481203006,0.03759398496240601,11.0,4.0
emblematica:E003844,2803,231,0.9368077570869661,1.0,0.5254158412633906,0.004329004329004329,0.017316017316017316,0.03896103896103896,25.0,4.0
emblematica:E003846,2803,239,0.8935089661734453,1.0,0.5047861295318932,0.0041841004184100415,0.016736401673640166,0.03347280334728033,4.5,4.5
emblematica:E003847,2803,365,1.0,1.0,0.41228745394216865,0.0027397260273972603,0.0136986301369863,0.0273972602739726,37.0,4.0
emblematica:E003848,2803,476,0.9074250374176303,1.0,0.37038573430084315,0.0021008403361344537,0.008403361344537815,0.018907563025210083,45.0,4.0
emblematica:E003849,2803,149,0.8564113471486752,1.0,0.3106208707862229,0.006711409395973154,0.03355704697986577,0.04697986577181208,4.0,5.0
emblematica:E003850,2803,424,1.0,1.0,0.3395248404321295,0.0023584905660377358,0.009433962264150943,0.02122641509433962,7.0,5.0
emblematica:E003851,2803,444,0.9526058178152246,1.0,0.401480867538595,0.0022522522522522522,0.009009009009009009,0.02027027027027027,34.0,4.0
emblematica:E003852,2803,328,1.0,1.0,0.45166982976199616,0.003048780487804878,0.01524390243902439,0.03048780487804878,23.5,4.0
emblematica:E003853,2803,265,0.9305687780632227,1.0,0.37037300964045106,0.0037735849056603774,0.01509433962264151,0.033962264150943396,9.5,5.0
emblematica:E003854,2803,285,1.0,1.0,0.4846650519168024,0.0035087719298245615,0.017543859649122806,0.03508771929824561,25.0,4.0
emblematica:E003855,2803,328,1.0,1.0,0.41389303559525864,0.003048780487804878,0.01524390243902439,0.03048780487804878,25.0,5.0
emblematica:E003856,2803,218,0.9112986599095139,1.0,0.40037047209433063,0.0045871559633027525,0.022935779816513763,0.03669724770642202,13.0,4.0
emblematica:E003857,2803,652,1.0,1.0,0.4304983706051004,0.0015337423312883436,0.007668711656441718,0.015337423312883436,26.5,4.0
emblematica:E003858,2803,610,0.968189605900524,1.0,0.41152304374581283,0.001639344262295082,0.00819672131147541,0.014754098360655738,12.0,5.0
emblematica:E003859,2803,252,1.0,1.0,0.5166525917003776,0.003968253968253968,0.01984126984126984,0.03968253968253968,40.0,4.0
emblematica:E003860,2803,456,0.9266360779006398,1.0,0.3695253469850733,0.0021929824561403508,0.008771929824561403,0.019736842105263157,14.0,4.0
emblematica:E003861,2803,369,1.0,1.0,0.4591952858052937,0.0027100271002710027,0.013550135501355014,0.02710027100271003,13.0,4.0
emblematica:E003862,2803,548,0.9652843890316114,1.0,0.3676566000185012,0.0018248175182481751,0.009124087591240875,0.016423357664233577,42.5,4.0
emblematica:E003863,2803,268,0.9432379215722525,1.0,0.48924394429112433,0.0037313432835820895,0.014925373134328358,0.033582089552238806,12.5,4.0
emblematica:E003864,2803,302,1.0,1.0,0.4705765781399266,0.0033112582781456954,0.016556291390728478,0.033112582781456956,28.5,4.0
emblematica:E003865,2803,196,1.0,1.0,0.5953033300941503,0.00510204081632653,0.025510204081632654,0.05102040816326531,7.0,4.0
emblematica:E003866,2803,285,1.0,1.0,0.4773659138633958,0.0035087719298245615,0.017543859649122806,0.03508771929824561,45.0,4.0
emblematica:E003867,2803,264,0.9432379215722525,1.0,0.4943864821579844,0.003787878787878788,0.015151515151515152,0.03409090909090909,10.0,4.0
emblematica:E003868,2803,264,1.0,1.0,0.48307590545152984,0.003787878787878788,0.01893939393939394,0.03787878787878788,17.0,4.0
emblematica:E003869,2803,383,1.0,1.0,0.37204533030774245,0.0026109660574412533,0.013054830287206266,0.02610966057441253,11.0,5.0
emblematica:E003870,2803,361,0.9266360779006398,1.0,0.4062323608521543,0.002770083102493075,0.0110803324099723,0.024930747922437674,40.0,4.0
emblematica:E003871,2803,331,0.8532721558012798,0.5,0.4230120220698676,0.0,0.012084592145015106,0.027190332326283987,11.0,5.0
emblematica:E003872,2803,235,0.9266360779006398,1.0,0.37819033482371084,0.00425531914893617,0.01702127659574468,0.03829787234042553,11.0,4.5
emblematica:E003873,2803,205,0.8561180183134846,1.0,0.41434573603080904,0.004878048780487805,0.014634146341463415,0.03414634146341464,9.5,4.0
emblematica:E003874,2803,313,0.9558305176970738,1.0,0.46090211291049454,0.003194888178913738,0.01597444089456869,0.02875399361022364,17.0,4.0
emblematica:E003875,2803,252,0.9368077570869661,1.0,0.5056489479106963,0.003968253968253968,0.015873015873015872,0.03571428571428571,40.0,4.0
emblematica:E003876,2803,231,0.8532721558012798,0.5,0.5334394475159788,0.0,0.017316017316017316,0.03896103896103896,6.5,4.0
emblematica:E003877,2803,271,1.0,1.0,0.49408211371887023,0.0036900369003690036,0.01845018450184502,0.03690036900369004,36.0,4.0
emblematica:E003878,2803,201,0.913166664326004,1.0,0.3857127585915172,0.004975124378109453,0.01990049751243781,0.03980099502487562,5.5,4.0
emblematica:E003879,2803,327,0.9537125187088151,1.0,0.20533384727276466,0.0030581039755351682,0.01529051987767584,0.024464831804281346,18.0,4.5
emblematica:E003880,2803,353,1.0,1.0,0.44697010522793107,0.0028328611898017,0.014164305949008499,0.028328611898016998,21.0,4.0
emblematica:E003881,2803,230,0.8974416663360282,1.0,0.5227652862749504,0.004347826086956522,0.017391304347826087,0.034782608695652174,9.0,4.0
emblematica:E003882,2803,239,1.0,1.0,0.534817857612374,0.0041841004184100415,0.02092050209205021,0.04184100418410042,40.0,4.0
emblematica:E003883,2803,219,1.0,1.0,0.5664903337696862,0.0045662100456621,0.0228310502283105,0.045662100456621,8.0,4.0
emblematica:E003884,2803,256,0.9510907186004266,1.0,0.49673477620476875,0.00390625,0.01953125,0.03515625,13.0,4.0
emblematica:E003885,2803,436,0.8532721558012798,0.5,0.3656587309582162,0.0,0.009174311926605505,0.020642201834862386,11.0,4.0
emblematica:E004091,2803,297,0.9575861412006987,1.0,0.4531899599785872,0.003367003367003367,0.016835016835016835,0.030303030303030304,22.0,5.0
emblematica:E004092,2803,154,1.0,1.0,0.7683698769070285,0.006493506493506494,0.032467532467532464,0.06493506493506493,18.0,3.0
emblematica:E004093,2803,366,1.0,1.0,0.4578015948809847,0.00273224043715847,0.01366120218579235,0.0273224043715847,59.0,3.0
emblematica:E004094,2803,141,1.0,1.0,0.8372402549432776,0.0070921985815602835,0.03546099290780142,0.07092198581560284,17.5,3.5
emblematica:E004095,2803,183,1.0,1.0,0.6719197193628199,0.00546448087431694,0.0273224043715847,0.0546448087431694,10.5,6.0
emblematica:E004096,2803,246,0.9575861412006987,1.0,0.5360801813317447,0.0040650406504065045,0.02032520325203252,0.036585365853658534,16.0,3.0
emblematica:E004097,2803,145,0.9035650050446237,1.0,0.7735046212244654,0.006896551724137931,0.034482758620689655,0.05517241379310345,10.0,3.0
emblematica:E004098,2803,145,1.0,1.0,0.7956991175394275,0.006896551724137931,0.034482758620689655,0.06896551724137931,10.0,3.0
emblematica:E004099,2803,141,1.0,1.0,0.8138681607817588,0.0070921985815602835,0.03546099290780142,0.07092198581560284,2.0,3.0
emblematica:E004100,2803,121,1.0,1.0,0.9282412217652363,0.008264462809917356,0.04132231404958678,0.08264462809917356,3.0,5.0
emblematica:E004101,2803,277,0.9008240627729515,1.0,0.46973660668066625,0.0036101083032490976,0.01444043321299639,0.02888086642599278,2.0,5.0
emblematica:E004102,2803,142,0.9537125187088151,1.0,0.7990531025640495,0.007042253521126761,0.035211267605633804,0.06338028169014084,11.0,4.0
emblematica:E004103,2803,441,1.0,1.0,0.43366886907881075,0.0022675736961451248,0.011337868480725623,0.022675736961451247,13.0,3.5
emblematica:E004104,2803,219,1.0,1.0,0.5888035190926528,0.0045662100456621,0.0228310502283105,0.045662100456621,12.5,4.5
emblematica:E004105,2803,118,0.9510907186004266,1.0,0.9360385662901872,0.00847457627118644,0.0423728813559322,0.07627118644067797,1.0,5.0
emblematica:E004106,2803,142,1.0,1.0,0.8151959564474013,0.007042253521126761,0.035211267605633804,0.07042253521126761,4.0,4.0
emblematica:E004107,2803,268,0.9432379215722525,1.0,0.47815243886151415,0.0037313432835820895,0.014925373134328358,0.033582089552238806,2.0,5.0
emblematica:E004108,2803,287,1.0,1.0,0.4892070892414434,0.003484320557491289,0.017421602787456445,0.03484320557491289,5.0,4.0
emblematica:E004109,2803,138,0.8010066431488296,0.5,0.7710162687000962,0.0,0.028985507246376812,0.057971014492753624,1.0,5.0
emblematica:E004110,2803,153,0.9558305176970738,1.0,0.7478256703663284,0.006535947712418301,0.032679738562091505,0.058823529411764705,3.0,5.0
emblematica:E004111,2803,43,0.3333333333333333,0.023809523809523808,0.021310260076265356,0.0,0.0,0.0,2.0,3.5
emblematica:E004112,2803,353,1.0,1.0,0.4353036900978528,0.0028328611898017,0.014164305949008499,0.028328611898016998,44.5,5.0
emblematica:E004113,2803,23,0.3333333333333333,0.5,0.03039834215889133,0.0,0.043478260869565216,0.043478260869565216,5.0,3.0
emblematica:E004114,2803,66,0.3333333333333333,0.012987012987012988,0.028093685767226078,0.0,0.0,0.0,2.0,4.0
emblematica:E004115,2803,42,0.3333333333333333,0.3333333333333333,0.03429116017210364,0.0,0.023809523809523808,0.023809523809523808,3.0,3.0
emblematica:E004116,2803,136,0.9432379215722525,1.0,0.8279356536790096,0.007352941176470588,0.029411764705882353,0.0661764705882353,3.5,4.5
emblematica:E004117,2803,376,0.9432379215722525,1.0,0.4500677367121907,0.0026595744680851063,0.010638297872340425,0.023936170212765957,17.0,2.0
emblematica:E004118,2803,181,0.9477344873475497,1.0,0.6573797291934698,0.0055248618784530384,0.027624309392265192,0.049723756906077346,3.0,5.0
emblematica:E004119,2803,129,1.0,1.0,0.8754903998751035,0.007751937984496124,0.03875968992248062,0.07751937984496124,8.0,5.0
emblematica:E004120,2803,377,1.0,1.0,0.46423704450652686,0.002652519893899204,0.013262599469496022,0.026525198938992044,23.0,4.0
emblematica:E004121,2803,126,0.9510907186004266,1.0,0.8884739710341701,0.007936507936507936,0.03968253968253968,0.07142857142857142,6.0,5.0
emblematica:E004122,2803,169,0.9575861412006987,1.0,0.7185502807715566,0.005917159763313609,0.029585798816568046,0.05325443786982249,15.5,3.5
emblematica:E004123,2803,118,0.9074250374176303,1.0,0.9232294732031587,0.00847457627118644,0.03389830508474576,0.07627118644067797,2.0,6.0
emblematica:E004124,2803,76,0.3333333333333333,0.05,0.03762201364772926,0.0,0.0,0.0,22.5,3.0
emblematica:E004125,2803,179,0.3333333333333333,0.06666666666666667,0.05041559468219177,0.0,0.0,0.0,6.0,4.0
emblematica:E004126,2803,290,0.9368077570869661,1.0,0.45359745302512544,0.0034482758620689655,0.013793103448275862,0.03103448275862069,14.0,4.5
emblematica:E004127,2803,182,0.5726361401144231,1.0,0.06486309081565021,0.005494505494505495,0.01098901098901099,0.01098901098901099,4.0,4.5
emblematica:E004128,2803,283,1.0,1.0,0.49077595646053984,0.0035335689045936395,0.0176678445229682,0.0353356890459364,23.0,4.0
emblematica:E004129,2803,137,0.9537125187088151,1.0,0.8624287252728696,0.0072992700729927005,0.0364963503649635,0.06569343065693431,3.0,4.0
emblematica:E004130,2803,116,0.8532721558012798,0.5,0.9055608067216966,0.0,0.034482758620689655,0.07758620689655173,59.0,4.5
emblematica:E004131,2803,116,0.7965100773735325,0.5,0.9072834872090527,0.0,0.02586206896551724,0.06896551724137931,100.5,4.5
emblematica:E004132,2803,116,1.0,1.0,0.9641859155764835,0.008620689655172414,0.04310344827586207,0.08620689655172414,100.5,4.5
emblematica:E004133,2803,116,1.0,1.0,0.9225711883211379,0.008620689655172414,0.04310344827586207,0.08620689655172414,100.5,4.5
emblematica:E004134,2803,116,1.0,1.0,0.9647179419233571,0.008620689655172414,0.04310344827586207,0.08620689655172414,100.5,4.5
emblematica:E004135,2803,116,1.0,1.0,0.9662585306311561,0.008620689655172414,0.04310344827586207,0.08620689655172414,100.5,4.5
emblematica:E004136,2803,116,0.9368077570869661,1.0,0.9545801433368157,0.008620689655172414,0.034482758620689655,0.07758620689655173,100.5,4.5
emblematica:E004137,2803,116,0.9575861412006987,1.0,0.9229034195623264,0.008620689655172414,0.04310344827586207,0.07758620689655173,100.5,4.5
emblematica:E004138,2803,116,1.0,1.0,0.967131226300721,0.008620689655172414,0.04310344827586207,0.08620689655172414,100.5,4.5
emblematica:E004139,2803,116,0.8111783223351559,1.0,0.8970250018148305,0.008620689655172414,0.02586206896551724,0.0603448275862069,100.5,4.5
emblematica:E004140,2803,116,1.0,1.0,0.9684448505566712,0.008620689655172414,0.04310344827586207,0.08620689655172414,100.5,4.5
emblematica:E004141,2803,116,1.0,1.0,0.9630679571113623,0.008620689655172414,0.04310344827586207,0.08620689655172414,100.5,4.5
emblematica:E004142,2803,116,0.9510907186004266,1.0,0.9465738827533268,0.008620689655172414,0.04310344827586207,0.07758620689655173,100.5,4.5
emblematica:E004143,2803,116,0.9558305176970738,1.0,0.9584271723557928,0.008620689655172414,0.04310344827586207,0.07758620689655173,100.5,4.5
emblematica:E004144,2803,116,1.0,1.0,0.9640404593142698,0.008620689655172414,0.04310344827586207,0.08620689655172414,100.5,4.5
emblematica:E004145,2803,116,0.8878984756873928,1.0,0.9147894758538138,0.008620689655172414,0.034482758620689655,0.06896551724137931,100.5,4.5
emblematica:E004146,2803,116,0.9074250374176303,1.0,0.9466034036732108,0.008620689655172414,0.034482758620689655,0.07758620689655173,100.5,4.5
emblematica:E004147,2803,116,0.9558305176970738,1.0,0.9590547078138545,0.008620689655172414,0.04310344827586207,0.07758620689655173,100.5,4.5
emblematica:E004148,2803,116,1.0,1.0,0.9481987398275039,0.008620689655172414,0.04310344827586207,0.08620689655172414,100.5,4.5
emblematica:E004149,2803,116,0.8000633122016704,1.0,0.8983164027315439,0.008620689655172414,0.02586206896551724,0.0603448275862069,100.5,4.5
emblematica:E004150,2803,116,0.8969504402810676,1.0,0.925178304869045,0.008620689655172414,0.034482758620689655,0.06896551724137931,100.5,4.5
emblematica:E004151,2803,116,0.8532721558012798,0.5,0.9338926070303637,0.0,0.034482758620689655,0.07758620689655173,100.5,4.5
emblematica:E004152,2803,116,1.0,1.0,0.9640578757478452,0.008620689655172414,0.04310344827586207,0.08620689655172414,100.5,4.5
emblematica:E004153,2803,116,0.790079912888246,0.5,0.9081989969389914,0.0,0.02586206896551724,0.06896551724137931,100.5,4.5
emblematica:E004154,2803,116,1.0,1.0,0.9634715908577661,0.008620689655172414,0.04310344827586207,0.08620689655172414,100.5,4.5
emblematica:E004155,2803,116,0.790079912888246,0.5,0.9039678644717648,0.0,0.02586206896551724,0.06896551724137931,100.5,4.5
emblematica:E004156,2803,116,0.9558305176970738,1.0,0.9576734650195982,0.008620689655172414,0.04310344827586207,0.07758620689655173,100.5,4.5
emblematica:E004157,2803,116,1.0,1.0,0.9671798032847861,0.008620689655172414,0.04310344827586207,0.08620689655172414,100.5,4.5
emblematica:E004158,2803,116,1.0,1.0,0.9661095426418487,0.008620689655172414,0.04310344827586207,0.08620689655172414,100.5,4.5
emblematica:E004159,2803,116,1.0,1.0,0.9662807932989617,0.008620689655172414,0.04310344827586207,0.08620689655172414,100.5,4.5
emblematica:E004160,2803,116,0.9575861412006987,1.0,0.9549350407232198,0.008620689655172414,0.04310344827586207,0.07758620689655173,100.5,4.5
emblematica:E004161,2803,116,0.9266360779006398,1.0,0.9524396984809301,0.008620689655172414,0.034482758620689655,0.07758620689655173,100.5,4.5
emblematica:E004162,2803,116,0.9575861412006987,1.0,0.9278495919435793,0.008620689655172414,0.04310344827586207,0.07758620689655173,100.5,4.5
emblematica:E004163,2803,116,1.0,1.0,0.9634849803105148,0.008620689655172414,0.04310344827586207,0.08620689655172414,100.5,4.5
emblematica:E004164,2803,116,0.9266360779006398,1.0,0.9500763312345747,0.008620689655172414,0.034482758620689655,0.07758620689655173,100.5,4.5
emblematica:E004165,2803,116,1.0,1.0,0.9650639161529238,0.008620689655172414,0.04310344827586207,0.08620689655172414,100.5,4.5
emblematica:E004166,2803,116,0.8926382747840401,1.0,0.9265260853010725,0.008620689655172414,0.034482758620689655,0.06896551724137931,100.5,4.5
emblematica:E004167,2803,116,0.9510907186004266,1.0,0.9586178059804338,0.008620689655172414,0.04310344827586207,0.07758620689655173,100.5,4.5
emblematica:E004168,2803,116,1.0,1.0,0.9661077274332569,0.008620689655172414,0.04310344827586207,0.08620689655172414,100.5,4.5
emblematica:E004169,2803,116,0.9477344873475497,1.0,0.9237504127340317,0.008620689655172414,0.04310344827586207,0.07758620689655173,100.5,4.5
emblematica:E004170,2803,116,0.8990684392693266,1.0,0.9317079917123048,0.008620689655172414,0.034482758620689655,0.06896551724137931,100.5,4.5
emblematica:E004171,2803,116,1.0,1.0,0.9670967773029759,0.008620689655172414,0.04310344827586207,0.08620689655172414,100.5,4.5
emblematica:E004172,2803,116,1.0,1.0,0.9633877841637077,0.008620689655172414,0.04310344827586207,0.08620689655172414,100.5,4.5
emblematica:E004173,2803,116,0.9537125187088151,1.0,0.9599533940972144,0.008620689655172414,0.04310344827586207,0.07758620689655173,100.5,4.5
emblematica:E004174,2803,116,0.9537125187088151,1.0,0.9217422820860051,0.008620689655172414,0.04310344827586207,0.07758620689655173,100.5,4.5
emblematica:E004175,2803,116,0.9537125187088151,1.0,0.948642614855067,0.008620689655172414,0.04310344827586207,0.07758620689655173,100.5,4.5
emblematica:E004176,2803,116,0.9537125187088151,1.0,0.9487933261581031,0.008620689655172414,0.04310344827586207,0.07758620689655173,100.5,4.5
emblematica:E004177,2803,116,0.9477344873475497,1.0,0.9512023345817177,0.008620689655172414,0.04310344827586207,0.07758620689655173,100.5,4.5
emblematica:E004178,2803,116,0.9035650050446237,1.0,0.9206176954528662,0.008620689655172414,0.04310344827586207,0.06896551724137931,100.5,4.5
emblematica:E004179,2803,116,0.9266360779006398,1.0,0.9503205315989242,0.008620689655172414,0.034482758620689655,0.07758620689655173,100.5,4.5
emblematica:E004180,2803,116,0.8532721558012798,0.5,0.9438657648352763,0.0,0.034482758620689655,0.07758620689655173,100.5,4.5
emblematica:E004181,2803,116,0.9558305176970738,1.0,0.9508706748839578,0.008620689655172414,0.04310344827586207,0.07758620689655173,100.5,4.5
emblematica:E004182,2803,116,1.0,1.0,0.9639447782624078,0.008620689655172414,0.04310344827586207,0.08620689655172414,100.5,4.5
emblematica:E004183,2803,116,0.9558305176970738,1.0,0.9601119188239507,0.008620689655172414,0.04310344827586207,0.07758620689655173,100.5,4.5
emblematica:E004184,2803,116,0.9537125187088151,1.0,0.9562391286222471,0.008620689655172414,0.04310344827586207,0.07758620689655173,100.5,4.5
emblematica:E004185,2803,116,0.9537125187088151,1.0,0.9467281911174229,0.008620689655172414,0.04310344827586207,0.07758620689655173,100.5,4.5
emblematica:E004186,2803,116,1.0,1.0,0.9626228289388286,0.008620689655172414,0.04310344827586207,0.08620689655172414,100.5,4.5
emblematica:E004187,2803,116,0.8585157560180569,1.0,0.9183920383693361,0.008620689655172414,0.034482758620689655,0.06896551724137931,100.5,4.5
emblematica:E004188,2803,116,1.0,1.0,0.9636773495520358,0.008620689655172414,0.04310344827586207,0.08620689655172414,100.5,4.5
emblematica:E004189,2803,116,1.0,1.0,0.9643447240792956,0.008620689655172414,0.04310344827586207,0.08620689655172414,100.5,4.5
emblematica:E004190,2803,116,1.0,1.0,0.9628405972615436,0.008620689655172414,0.04310344827586207,0.08620689655172414,100.5,4.5
emblematica:E004191,2803,116,0.9074250374176303,1.0,0.9488946445682978,0.008620689655172414,0.034482758620689655,0.07758620689655173,100.5,4.5
emblematica:E004192,2803,116,1.0,1.0,0.9654333800453202,0.008620689655172414,0.04310344827586207,0.08620689655172414,100.5,4.5
emblematica:E004193,2803,116,0.8111783223351559,1.0,0.8982148353366965,0.008620689655172414,0.02586206896551724,0.0603448275862069,100.5,4.5
emblematica:E004194,2803,116,0.9510907186004266,1.0,0.958893233120641,0.008620689655172414,0.04310344827586207,0.07758620689655173,100.5,4.5
emblematica:E004195,2803,116,0.9537125187088151,1.0,0.9589332818867372,0.008620689655172414,0.04310344827586207,0.07758620689655173,100.5,4.5
emblematica:E004196,2803,116,1.0,1.0,0.9624925345850049,0.008620689655172414,0.04310344827586207,0.08620689655172414,100.5,4.5
emblematica:E004197,2803,116,1.0,1.0,0.9654060400301547,0.008620689655172414,0.04310344827586207,0.08620689655172414,100.5,4.5
emblematica:E004198,2803,116,0.9266360779006398,1.0,0.9502574259520393,0.008620689655172414,0.034482758620689655,0.07758620689655173,100.5,4.5
emblematica:E004199,2803,116,0.9537125187088151,1.0,0.9565581997737375,0.008620689655172414,0.04310344827586207,0.07758620689655173,100.5,4.5
emblematica:E004200,2803,116,0.9575861412006987,1.0,0.9622005522591933,0.008620689655172414,0.04310344827586207,0.07758620689655173,100.5,4.5
emblematica:E004201,2803,116,0.9575861412006987,1.0,0.9225817853550127,0.008620689655172414,0.04310344827586207,0.07758620689655173,100.5,4.5
emblematica:E004202,2803,116,1.0,1.0,0.9405226588617438,0.008620689655172414,0.04310344827586207,0.08620689655172414,100.5,4.5
emblematica:E004203,2803,116,0.9575861412006987,1.0,0.9615681199547551,0.008620689655172414,0.04310344827586207,0.07758620689655173,100.5,4.5
emblematica:E004204,2803,116,1.0,1.0,0.9638175369613933,0.008620689655172414,0.04310344827586207,0.08620689655172414,100.5,4.5
emblematica:E004205,2803,116,0.9575861412006987,1.0,0.9499665105227035,0.008620689655172414,0.04310344827586207,0.07758620689655173,100.5,4.5
emblematica:E004206,2803,116,0.9510907186004266,1.0,0.9211558344060286,0.008620689655172414,0.04310344827586207,0.07758620689655173,100.5,4.5
emblematica:E004207,2803,116,0.9575861412006987,1.0,0.9508735941732605,0.008620689655172414,0.04310344827586207,0.07758620689655173,100.5,4.5
emblematica:E004208,2803,116,1.0,1.0,0.9566479725696513,0.008620689655172414,0.04310344827586207,0.08620689655172414,100.5,4.5
emblematica:E004209,2803,116,0.8442327945045964,1.0,0.9131135755020195,0.008620689655172414,0.02586206896551724,0.06896551724137931,100.5,4.5
emblematica:E004210,2803,116,0.9537125187088151,1.0,0.9494816385790898,0.008620689655172414,0.04310344827586207,0.07758620689655173,100.5,4.5
emblematica:E004211,2803,116,0.9432379215722525,1.0,0.955514379705627,0.008620689655172414,0.034482758620689655,0.07758620689655173,100.5,4.5
emblematica:E004212,2803,116,0.9537125187088151,1.0,0.9214419211050997,0.008620689655172414,0.04310344827586207,0.07758620689655173,100.5,4.5
emblematica:E004213,2803,116,0.9074250374176303,1.0,0.9497598304170092,0.008620689655172414,0.034482758620689655,0.07758620689655173,100.5,4.5
emblematica:E004214,2803,116,1.0,1.0,0.9652406513837095,0.008620689655172414,0.04310344827586207,0.08620689655172414,100.5,4.5
emblematica:E005119,2803,22,0.35167431385817327,0.022222222222222223,0.012418581658294544,0.0,0.0,0.0,1.0,6.0
emblematica:E005120,2803,188,0.3333333333333333,0.09090909090909091,0.08746758678337622,0.0,0.0,0.0,2.0,4.0
emblematica:E005121,2803,18,0.3954188753527766,0.125,0.12465005052536204,0.0,0.0,0.05555555555555555,1.5,3.0
emblematica:E005122,2803,47,0.44199564863860286,0.16666666666666666,0.06527866254253223,0.0,0.0,0.0425531914893617,6.5,4.0
emblematica:E005123,2803,57,0.3333333333333333,0.043478260869565216,0.024137046141500564,0.0,0.0,0.0,4.5,4.0
emblematica:E005124,2803,59,0.5432534204450873,1.0,0.11423307041840776,0.01694915254237288,0.03389830508474576,0.03389830508474576,7.5,4.0
emblematica:E005125,2803,48,0.3700152943830133,0.02127659574468085,0.020816096835443904,0.0,0.0,0.0,6.5,5.0
emblematica:E005126,2803,81,0.5623720190215733,0.5,0.0781820874089935,0.0,0.024691358024691357,0.024691358024691357,8.0,4.0
emblematica:E005127,2803,58,0.5554704308300961,1.0,0.08276422566020632,0.017241379310344827,0.017241379310344827,0.034482758620689655,9.0,5.0
emblematica:E005128,2803,79,0.39652557624636714,0.25,0.040126006262057076,0.0,0.012658227848101266,0.012658227848101266,5.0,3.0
emblematica:E005129,2803,186,0.6925904614552042,1.0,0.16895042707430297,0.005376344086021506,0.021505376344086023,0.021505376344086023,18.0,4.0
emblematica:E005130,2803,279,0.6777901087027369,1.0,0.13983836151750248,0.0035842293906810036,0.007168458781362007,0.014336917562724014,25.0,3.0
emblematica:E005131,2803,67,0.38559884598578353,0.16666666666666666,0.027006709147894725,0.0,0.0,0.014925373134328358,8.0,4.0
emblematica:E005132,2803,87,0.46832215471500416,0.5,0.11199863520769208,0.0,0.011494252873563218,0.022988505747126436,11.0,3.5
emblematica:E005133,2803,235,0.6376201709399048,0.5,0.11070965512403437,0.0,0.00851063829787234,0.02127659574468085,1.0,5.0
emblematica:E005134,2803,62,0.44281305753755196,0.25,0.15284596391598046,0.0,0.016129032258064516,0.03225806451612903,4.0,3.0
emblematica:E005135,2803,33,0.3333333333333333,0.03333333333333333,0.010955148813870235,0.0,0.0,0.0,2.0,5.0
emblematica:E005136,2803,90,0.37574719213263447,0.1,0.06683131981638071,0.0,0.0,0.011111111111111112,10.0,3.5
emblematica:E005137,2803,708,0.3333333333333333,0.011494252873563218,0.16530918865255,0.0,0.0,0.0,1.0,3.0
emblematica:E005138,2803,69,0.5890887686122509,1.0,0.1417841910901796,0.014492753623188406,0.028985507246376812,0.043478260869565216,1.5,5.0
emblematica:E005139,2803,182,0.5229197597807852,0.3333333333333333,0.09377978576624524,0.0,0.005494505494505495,0.016483516483516484,2.0,3.0
emblematica:E005140,2803,105,0.5124916370179301,0.5,0.06696110883513084,0.0,0.009523809523809525,0.02857142857142857,1.0,5.0
emblematica:E005141,2803,23,0.3333333333333333,0.00267379679144385,0.011149741976642414,0.0,0.0,0.0,1.0,3.0
emblematica:E005142,2803,60,0.48006117753205335,1.0,0.08109458089526618,0.016666666666666666,0.016666666666666666,0.016666666666666666,3.0,5.0
emblematica:E005143,2803,181,0.42590829591570295,0.5,0.08787736286625336,0.0,0.0055248618784530384,0.0055248618784530384,5.5,4.0
emblematica:E005144,2803,85,0.39796179514935814,0.125,0.04515452465572056,0.0,0.0,0.011764705882352941,6.0,4.0
emblematica:E005145,2803,245,0.767482622070521,1.0,0.15794055001285556,0.004081632653061225,0.00816326530612245,0.024489795918367346,12.0,3.0
emblematica:E005146,2803,109,0.42801270478508463,0.16666666666666666,0.045321149364188046,0.0,0.0,0.01834862385321101,6.0,4.0
emblematica:E005147,2803,114,0.5076288161633667,0.3333333333333333,0.13889594441300912,0.0,0.017543859649122806,0.02631578947368421,10.5,3.0
emblematica:E005148,2803,21,0.3333333333333333,0.017241379310344827,0.008421523151352603,0.0,0.0,0.0,1.0,4.5
emblematica:E005149,2803,9,0.3333333333333333,0.018518518518518517,0.005969820622726966,0.0,0.0,0.0,1.5,3.0
emblematica:E005150,2803,46,0.3333333333333333,0.08333333333333333,0.041117397092102215,0.0,0.0,0.0,1.0,4.0
emblematica:E005151,2803,82,0.34639971149644583,0.07142857142857142,0.04505034864216654,0.0,0.0,0.0,6.0,3.0
emblematica:E005152,2803,47,0.3333333333333333,0.047619047619047616,0.023555673830864664,0.0,0.0,0.0,3.0,3.5
emblematica:E005153,2803,34,0.3333333333333333,0.0072992700729927005,0.009744618789613793,0.0,0.0,0.0,1.0,4.0
emblematica:E005154,2803,18,0.3333333333333333,0.0019193857965451055,0.006485591909055668,0.0,0.0,0.0,1.0,5.0
emblematica:E005155,2803,205,0.583743405934378,1.0,0.11199307590551821,0.004878048780487805,0.004878048780487805,0.014634146341463415,3.0,4.0
emblematica:E005156,2803,37,0.3333333333333333,0.07142857142857142,0.020591816786195122,0.0,0.0,0.0,1.0,4.0
emblematica:E005157,2803,249,0.8143462737151308,1.0,0.16120101507886458,0.004016064257028112,0.01606425702811245,0.028112449799196786,6.0,5.0
emblematica:E005158,2803,187,0.37574719213263447,0.1,0.09154066302089243,0.0,0.0,0.0053475935828877,1.0,5.0
emblematica:E005159,2803,11,0.3333333333333333,0.02631578947368421,0.011498304214980182,0.0,0.0,0.0,3.0,2.0
emblematica:E005160,2803,110,0.37962081462451813,0.125,0.07915710146319524,0.0,0.0,0.00909090909090909,11.0,4.0
emblematica:E005161,2803,37,0.3333333333333333,0.06666666666666667,0.01599840099677249,0.0,0.0,0.0,2.0,5.0
emblematica:E005162,2803,8,0.3333333333333333,0.002053388090349076,0.0036383231984059377,0.0,0.0,0.0,2.0,4.5
emblematica:E005163,2803,231,0.4745017044361722,0.3333333333333333,0.13981563856519622,0.0,0.008658008658008658,0.008658008658008658,18.0,4.0
emblematica:E005164,2803,46,0.3333333333333333,0.045454545454545456,0.03565329027348933,0.0,0.0,0.0,2.5,3.0
emblematica:E005165,2803,156,0.6634903383626166,1.0,0.11487582419105216,0.00641025641025641,0.01282051282051282,0.019230769230769232,5.0,4.0
emblematica:E005166,2803,56,0.38224261473290666,0.14285714285714285,0.08896601257067502,0.0,0.0,0.017857142857142856,3.0,5.0
emblematica:E005167,2803,81,0.42590829591570295,0.5,0.06301989363983043,0.0,0.012345679012345678,0.012345679012345678,6.0,3.0
emblematica:E005168,2803,26,0.44069505854929314,0.25,0.10887149803446719,0.0,0.038461538461538464,0.07692307692307693,1.0,4.0
emblematica:E005169,2803,18,0.3700152943830133,0.030303030303030304,0.014083333714560624,0.0,0.0,0.0,1.0,4.0
emblematica:E005170,2803,202,0.7775262538773605,1.0,0.1385052989883772,0.0049504950495049506,0.024752475247524754,0.024752475247524754,6.0,3.0
emblematica:E005171,2803,230,0.49127020581310415,0.2,0.1219832985240828,0.0,0.004347826086956522,0.013043478260869565,5.0,4.0
emblematica:E005172,2803,63,0.37574719213263447,0.1,0.03726128766752716,0.0,0.0,0.015873015873015872,2.0,5.0
emblematica:E005173,2803,50,0.3333333333333333,0.07142857142857142,0.062375131252998595,0.0,0.0,0.0,1.0,6.0
emblematica:E005174,2803,175,0.6732447752216253,0.5,0.11027992890479037,0.0,0.011428571428571429,0.02857142857142857,1.5,4.5
emblematica:E005175,2803,21,0.41053160993047483,0.04,0.014074819511136557,0.0,0.0,0.0,1.0,2.5
emblematica:E005176,2803,227,0.6862518813843006,1.0,0.1201619763692642,0.004405286343612335,0.013215859030837005,0.01762114537444934,5.0,3.0
emblematica:E005177,2803,90,0.3333333333333333,0.041666666666666664,0.03847293432294088,0.0,0.0,0.0,6.5,4.5
emblematica:E005178,2803,175,0.4181303461175604,0.16666666666666666,0.057507307558024995,0.0,0.0,0.005714285714285714,11.0,3.0
emblematica:E005179,2803,26,0.35167431385817327,0.047619047619047616,0.01789172904599829,0.0,0.0,0.0,3.0,4.5
emblematica:E005180,2803,25,0.5905953582139375,0.014925373134328358,0.011616838946897873,0.0,0.0,0.0,1.0,3.0
emblematica:E005181,2803,22,0.3900954117610806,0.006622516556291391,0.006984097118876045,0.0,0.0,0.0,2.0,4.0
emblematica:E005182,2803,71,0.470077778218629,0.1111111111111111,0.08191102253276304,0.0,0.0,0.014084507042253521,1.0,7.0
emblematica:E005183,2803,50,0.3333333333333333,0.07692307692307693,0.017749244713798115,0.0,0.0,0.0,3.0,4.0
emblematica:E005184,2803,11,0.3333333333333333,0.01818181818181818,0.017518905263888315,0.0,0.0,0.0,2.0,5.0
emblematica:E005185,2803,36,0.43245964536242637,0.3333333333333333,0.032628299301839095,0.0,0.027777777777777776,0.027777777777777776,4.0,3.5
emblematica:E005186,2803,3,0.3333333333333333,0.0007704160246533128,0.0012602517333470107,0.0,0.0,0.0,1.0,4.0
emblematica:E005187,2803,101,0.5731399412345528,1.0,0.10745091926550665,0.009900990099009901,0.009900990099009901,0.0297029702970297,2.0,4.0
emblematica:E005188,2803,10,0.3333333333333333,0.005813953488372093,0.005405679865508253,0.0,0.0,0.0,1.0,6.0
emblematica:E005189,2803,95,0.40848525351588916,0.125,0.03667078416591116,0.0,0.0,0.010526315789473684,1.0,3.0
emblematica:E005190,2803,11,0.3333333333333333,0.012345679012345678,0.009933409712121742,0.0,0.0,0.0,2.0,4.0
emblematica:E005191,2803,50,0.3333333333333333,0.0196078431372549,0.0201921548710003,0.0,0.0,0.0,7.5,4.5
emblematica:E005192,2803,25,0.39652557624636714,0.024390243902439025,0.02627431760397088,0.0,0.0,0.0,1.5,5.5
emblematica:E005193,2803,29,0.42590829591570295,0.0136986301369863,0.010769561729256798,0.0,0.0,0.0,1.0,5.0
emblematica:E005194,2803,49,0.45086673773561936,0.1111111111111111,0.036716994939949184,0.0,0.0,0.02040816326530612,10.0,4.0
emblematica:E005195,2803,51,0.5997125809225983,0.07142857142857142,0.10090673775018544,0.0,0.0,0.0,9.0,5.0
emblematica:E005196,2803,34,0.5140783644626385,0.02127659574468085,0.01902922498694354,0.0,0.0,0.0,1.0,6.0
emblematica:E005197,2803,26,0.3333333333333333,0.0047169811320754715,0.00874750935499894,0.0,0.0,0.0,2.5,4.0
emblematica:E005198,2803,81,0.4589627680851436,0.3333333333333333,0.11098041703009645,0.0,0.012345679012345678,0.024691358024691357,4.0,4.0
emblematica:E005199,2803,19,0.3775028156362593,0.1111111111111111,0.03002984790197628,0.0,0.0,0.05263157894736842,4.0,4.0
emblematica:E005200,2803,67,0.5114995383649564,0.5,0.09100832598880261,0.0,0.014925373134328358,0.014925373134328358,3.0,5.0
emblematica:E005201,2803,10,0.3333333333333333,0.003861003861003861,0.0035763975914438586,0.0,0.0,0.0,2.0,4.0
emblematica:E005202,2803,101,0.3333333333333333,0.08333333333333333,0.07486995727990167,0.0,0.0,0.0,3.0,5.0
emblematica:E005203,2803,61,0.3333333333333333,0.02857142857142857,0.019456899074496874,0.0,0.0,0.0,3.0,4.0
emblematica:E005204,2803,74,0.5465576437645683,0.5,0.11723902036972406,0.0,0.02702702702702703,0.02702702702702703,22.0,4.0
emblematica:E005205,2803,36,0.3333333333333333,0.0028328611898017,0.011131999660160465,0.0,0.0,0.0,2.0,4.0
emblematica:E005206,2803,215,0.6787334396498962,0.25,0.12817777831660487,0.0,0.004651162790697674,0.013953488372093023,12.0,4.0
emblematica:E005207,2803,51,0.4005835952577466,0.14285714285714285,0.13145601436660084,0.0,0.0,0.0196078431372549,11.5,4.5
emblematica:E005208,2803,69,0.7516714220411038,0.5,0.152455174686192,0.0,0.028985507246376812,0.043478260869565216,12.0,4.5
emblematica:E005209,2803,31,0.3627166844339048,0.043478260869565216,0.032931292914546835,0.0,0.0,0.0,4.0,4.0
emblematica:E005210,2803,114,0.38224261473290666,0.14285714285714285,0.08038727843312356,0.0,0.0,0.008771929824561403,6.0,4.0
emblematica:E005211,2803,116,0.4365088433322979,0.2,0.04571570316536851,0.0,0.008620689655172414,0.008620689655172414,10.0,3.0
emblematica:E005212,2803,43,0.42590829591570295,0.5,0.11328224898523565,0.0,0.023255813953488372,0.023255813953488372,4.5,3.5
emblematica:E005213,2803,83,0.4345081273853569,0.16666666666666666,0.10942645571872578,0.0,0.0,0.024096385542168676,7.0,4.0
emblematica:E005214,2803,58,0.35167431385817327,0.022222222222222223,0.025540222648838325,0.0,0.0,0.0,8.5,4.0
emblematica:E005215,2803,75,0.4433792164823734,0.3333333333333333,0.10266235664398282,0.0,0.013333333333333334,0.013333333333333334,5.0,3.5
emblematica:E005216,2803,46,0.5684424922893623,0.3333333333333333,0.15385394564037655,0.0,0.043478260869565216,0.08695652173913043,3.0,5.0
emblematica:E005217,2803,58,0.4852269163368531,0.25,0.1638578949529552,0.0,0.017241379310344827,0.05172413793103448,4.0,4.5
emblematica:E005218,2803,317,0.37574719213263447,0.1,0.16391308057917814,0.0,0.0,0.0031545741324921135,11.5,4.5
emblematica:E005219,2803,22,0.3333333333333333,0.03571428571428571,0.016536226799541337,0.0,0.0,0.0,2.0,4.5
emblematica:E005220,2803,142,0.6642054139249418,0.3333333333333333,0.11120655686089499,0.0,0.007042253521126761,0.02112676056338028,11.5,3.5
emblematica:E005221,2803,51,0.4189245757825867,0.3333333333333333,0.14798044416353145,0.0,0.0196078431372549,0.0196078431372549,11.5,4.5
emblematica:E005222,2803,13,0.38224261473290666,0.14285714285714285,0.03505267079543793,0.0,0.0,0.07692307692307693,2.0,4.0
emblematica:E005223,2803,88,0.37574719213263447,0.1,0.09560476161329423,0.0,0.0,0.011363636363636364,4.0,4.0
emblematica:E005224,2803,383,0.3900954117610806,0.2,0.19724357308284202,0.0,0.0026109660574412533,0.0026109660574412533,39.5,4.5
emblematica:E005225,2803,37,0.3900954117610806,0.2,0.0320069984021278,0.0,0.02702702702702703,0.02702702702702703,6.0,3.0
emblematica:E005226,2803,56,0.40953026794243513,0.07142857142857142,0.029580833655607423,0.0,0.0,0.0,8.0,4.0
emblematica:E005227,2803,16,0.5078720494847169,0.16666666666666666,0.05737872099029138,0.0,0.0,0.0625,4.0,3.5
emblematica:E005228,2803,33,0.42887259045531484,0.3333333333333333,0.046969762801617576,0.0,0.030303030303030304,0.030303030303030304,2.0,4.0
emblematica:E005229,2803,53,0.6288446628943406,1.0,0.1355231543657352,0.018867924528301886,0.05660377358490566,0.05660377358490566,6.5,5.0
emblematica:E005230,2803,26,0.3775028156362593,0.1111111111111111,0.031205828207516256,0.0,0.0,0.038461538461538464,5.5,5.0
emblematica:E005231,2803,110,0.5635189174057623,0.5,0.13587036826834156,0.0,0.00909090909090909,0.02727272727272727,3.0,6.0
emblematica:E005232,2803,90,0.5662666677941832,0.3333333333333333,0.1027098230614406,0.0,0.011111111111111112,0.03333333333333333,1.0,3.0
emblematica:E005233,2803,115,0.47219577720688777,0.5,0.12392160545729203,0.0,0.008695652173913044,0.017391304347826087,11.0,3.0
emblematica:E005234,2803,70,0.4124392772897735,0.16666666666666666,0.04497100289368663,0.0,0.0,0.014285714285714285,15.0,4.0
emblematica:E005235,2803,45,0.37574719213263447,0.1,0.04446082075332966,0.0,0.0,0.022222222222222223,4.5,4.0
emblematica:E005236,2803,61,0.40669725543269336,0.015625,0.02708438320647796,0.0,0.0,0.0,4.5,6.0
emblematica:E005237,2803,11,0.4977003702983907,0.02702702702702703,0.014179936159828726,0.0,0.0,0.0,2.0,6.0
emblematica:E005238,2803,46,0.37574719213263447,0.1,0.11168631668605004,0.0,0.0,0.021739130434782608,1.0,3.0
emblematica:E005239,2803,342,0.5263486588232382,1.0,0.19300966850865947,0.0029239766081871343,0.0029239766081871343,0.005847953216374269,3.0,4.0
emblematica:E005240,2803,98,0.6636392549801206,0.5,0.16866583086956627,0.0,0.030612244897959183,0.05102040816326531,17.0,4.0
emblematica:E005241,2803,85,0.37962081462451813,0.125,0.09625891241066246,0.0,0.0,0.011764705882352941,3.0,3.0
emblematica:E005242,2803,34,0.46345933386044064,0.07142857142857142,0.020571765655117435,0.0,0.0,0.0,4.5,4.0
emblematica:E005243,2803,16,0.3475238529402701,0.05,0.0165322033356063,0.0,0.0,0.0,2.0,4.0
emblematica:E005244,2803,63,0.5238752274678246,0.3333333333333333,0.1620251742357691,0.0,0.031746031746031744,0.047619047619047616,7.0,4.5
emblematica:E005245,2803,59,0.5914809217593928,1.0,0.15994875263958594,0.01694915254237288,0.01694915254237288,0.03389830508474576,15.0,4.0
emblematica:E005246,2803,45,0.40669725543269336,0.3333333333333333,0.030801931604805283,0.0,0.022222222222222223,0.022222222222222223,8.0,5.0
emblematica:E005247,2803,112,0.589729181609174,0.5,0.1092658386932415,0.0,0.017857142857142856,0.03571428571428571,4.0,5.0
emblematica:E005248,2803,28,0.4748175773152763,0.5,0.07730801626493378,0.0,0.03571428571428571,0.03571428571428571,2.0,4.0
emblematica:E005249,2803,43,0.4389394350456683,0.25,0.051879920430739,0.0,0.023255813953488372,0.046511627906976744,5.0,4.0
emblematica:E005250,2803,62,0.48006117753205335,1.0,0.041099686025789416,0.016129032258064516,0.016129032258064516,0.016129032258064516,13.0,4.0
emblematica:E005251,2803,119,0.5586260774693604,0.5,0.10070625037914141,0.0,0.01680672268907563,0.025210084033613446,6.0,3.0
emblematica:E005252,2803,22,0.41976363359580593,0.3333333333333333,0.0438982073654286,0.0,0.045454545454545456,0.045454545454545456,5.0,5.0
emblematica:E005253,2803,24,0.3333333333333333,0.09090909090909091,0.015887506261705344,0.0,0.0,0.0,3.0,3.0
emblematica:E005254,2803,190,0.6460000622137831,1.0,0.11151430783873444,0.005263157894736842,0.010526315789473684,0.010526315789473684,12.5,3.5
emblematica:E005255,2803,74,0.6017682220861654,1.0,0.1060492755247622,0.013513513513513514,0.02702702702702703,0.04054054054054054,3.0,4.0
emblematica:E005256,2803,38,0.3674723745864318,0.07692307692307693,0.04798066860643696,0.0,0.0,0.0,7.0,4.5
emblematica:E005257,2803,115,0.6092557433394113,0.25,0.20716042445351515,0.0,0.008695652173913044,0.034782608695652174,10.0,4.5
emblematica:E005258,2803,33,0.6949093436133564,0.05263157894736842,0.017645755378707554,0.0,0.0,0.0,2.5,5.5
emblematica:E005259,2803,118,0.46739364851737103,0.25,0.05566001741336679,0.0,0.00847457627118644,0.00847457627118644,8.0,3.0
emblematica:E005260,2803,58,0.4886484057047156,0.2,0.11088236238474106,0.0,0.017241379310344827,0.05172413793103448,5.5,4.5
emblematica:E005261,2803,71,0.439834954697752,0.05263157894736842,0.039717677080104846,0.0,0.0,0.0,5.5,4.5
emblematica:E005262,2803,99,0.5105940937660906,0.5,0.049783635980792065,0.0,0.010101010101010102,0.020202020202020204,11.0,4.0
emblematica:E005263,2803,106,0.3900954117610806,0.2,0.05685353745919034,0.0,0.009433962264150943,0.009433962264150943,6.5,5.0
emblematica:E005264,2803,93,0.7471748562658068,1.0,0.1822548873443388,0.010752688172043012,0.03225806451612903,0.043010752688172046,19.0,5.0
emblematica:E005265,2803,40,0.5349358869959004,0.5,0.03919193261933513,0.0,0.025,0.025,1.5,6.0
emblematica:E005266,2803,25,0.37574719213263447,0.1,0.03853898428770038,0.0,0.0,0.04,3.5,4.5
emblematica:E005267,2803,38,0.3333333333333333,0.043478260869565216,0.05387194430155523,0.0,0.0,0.0,4.0,4.0
emblematica:E005268,2803,73,0.34639971149644583,0.058823529411764705,0.028771550910935036,0.0,0.0,0.0,3.5,3.0
emblematica:E005269,2803,183,0.6379327918968386,1.0,0.1094089532380514,0.00546448087431694,0.01092896174863388,0.02185792349726776,8.5,5.0
emblematica:E005270,2803,314,0.3333333333333333,0.041666666666666664,0.1511749606646242,0.0,0.0,0.0,12.5,4.5
emblematica:E005271,2803,55,0.6545872903864455,0.3333333333333333,0.1633564236494764,0.0,0.03636363636363636,0.05454545454545454,1.0,5.0
emblematica:E005272,2803,52,0.499272218015063,0.5,0.09197663080411374,0.0,0.038461538461538464,0.038461538461538464,4.5,4.5
emblematica:E005273,2803,112,0.6703979544116955,1.0,0.0939781850291068,0.008928571428571428,0.017857142857142856,0.017857142857142856,18.0,3.5
emblematica:E005274,2803,92,0.5255880342628811,0.2,0.13423025776094424,0.0,0.010869565217391304,0.043478260869565216,10.0,3.0
emblematica:E005275,2803,175,0.7388390338642755,1.0,0.11623749067576276,0.005714285714285714,0.011428571428571429,0.017142857142857144,5.5,3.0
emblematica:E005276,2803,71,0.3775028156362593,0.06666666666666667,0.036519485396604635,0.0,0.0,0.0,1.5,5.0
emblematica:E005340,2803,29,0.8164615884362532,1.0,0.24584072368598628,0.034482758620689655,0.13793103448275862,0.20689655172413793,7.0,3.0
emblematica:E005341,2803,172,0.9368077570869661,1.0,0.13777190085435337,0.005813953488372093,0.023255813953488372,0.05232558139534884,9.0,4.0
emblematica:E005342,2803,114,1.0,1.0,0.1705941829758053,0.008771929824561403,0.043859649122807015,0.08771929824561403,9.5,3.0
emblematica:E005343,2803,88,1.0,1.0,0.18281295318573834,0.011363636363636364,0.056818181818181816,0.11363636363636363,7.0,4.0
emblematica:E005344,2803,164,1.0,1.0,0.14910058144159338,0.006097560975609756,0.03048780487804878,0.06097560975609756,9.0,4.0
emblematica:E005345,2803,223,1.0,1.0,0.16020896808352944,0.004484304932735426,0.02242152466367713,0.04484304932735426,12.0,3.5
emblematica:E005346,2803,197,0.9432379215722525,1.0,0.13637735716109575,0.005076142131979695,0.02030456852791878,0.04568527918781726,9.0,4.0
emblematica:E005347,2803,96,1.0,1.0,0.14699777473413772,0.010416666666666666,0.052083333333333336,0.10416666666666667,2.5,4.0
emblematica:E005348,2803,108,1.0,1.0,0.15072535927945085,0.009259259259259259,0.046296296296296294,0.09259259259259259,8.5,4.0
emblematica:E005349,2803,106,1.0,1.0,0.14584732117438168,0.009433962264150943,0.04716981132075472,0.09433962264150944,9.0,4.0
emblematica:E005350,2803,166,0.9633180389503199,1.0,0.13473251255458954,0.006024096385542169,0.030120481927710843,0.05421686746987952,9.0,4.0
emblematica:E005351,2803,115,0.7645708157107938,0.5,0.10300381928807402,0.0,0.034782608695652174,0.06086956521739131,11.0,4.0
emblematica:E009268,2803,130,0.42590829591570295,0.5,0.047301024606656056,0.0,0.007692307692307693,0.007692307692307693,11.0,3.0
emblematica:E009269,2803,304,0.3333333333333333,0.08333333333333333,0.09744380336926706,0.0,0.0,0.0,14.0,4.0
emblematica:E009270,2803,436,0.5013766268844447,0.3333333333333333,0.15505316850805084,0.0,0.0022935779816513763,0.006880733944954129,11.0,4.0
emblematica:E009271,2803,305,0.42976832828870953,0.16666666666666666,0.10343782674986501,0.0,0.0,0.006557377049180328,7.0,5.0
emblematica:E009272,2803,39,0.5263486588232382,1.0,0.03800531091748716,0.02564102564102564,0.02564102564102564,0.02564102564102564,4.5,4.0
emblematica:E009273,2803,306,0.40669725543269336,0.3333333333333333,0.10718704131805344,0.0,0.0032679738562091504,0.0032679738562091504,11.0,4.0
emblematica:E009274,2803,293,0.42590829591570295,0.5,0.09419706939157303,0.0,0.0034129692832764505,0.0034129692832764505,7.5,5.0
emblematica:E009275,2803,66,0.3333333333333333,0.020833333333333332,0.02367316994197106,0.0,0.0,0.0,8.0,4.0
emblematica:E009276,2803,40,0.3333333333333333,0.016666666666666666,0.028582427663291814,0.0,0.0,0.0,7.0,5.0
emblematica:E009277,2803,130,0.40669725543269336,0.3333333333333333,0.04034751559981469,0.0,0.007692307692307693,0.007692307692307693,13.5,3.0
emblematica:E009278,2803,367,0.3333333333333333,0.06666666666666667,0.12143092472192155,0.0,0.0,0.0,4.5,4.0
emblematica:E009279,2803,75,0.38224261473290666,0.06666666666666667,0.019773871046001416,0.0,0.0,0.0,2.0,4.0
emblematica:E009280,2803,315,0.5368232559598007,1.0,0.10979147158010247,0.0031746031746031746,0.006349206349206349,0.006349206349206349,6.5,4.5
emblematica:E009281,2803,142,0.3333333333333333,0.03225806451612903,0.05049550603858748,0.0,0.0,0.0,13.5,3.5
emblematica:E009282,2803,41,0.3333333333333333,0.009345794392523364,0.013683683380091979,0.0,0.0,0.0,2.0,4.5
emblematica:E009283,2803,53,0.3775028156362593,0.1111111111111111,0.02129894623959375,0.0,0.0,0.018867924528301886,4.0,5.0
emblematica:E009284,2803,137,0.40669725543269336,0.3333333333333333,0.042306343511679965,0.0,0.0072992700729927005,0.0072992700729927005,2.0,3.0
emblematica:E009285,2803,290,0.42976832828870953,0.16666666666666666,0.11435462127377265,0.0,0.0,0.006896551724137931,25.0,4.5
emblematica:E009286,2803,209,0.3333333333333333,0.05555555555555555,0.08572450412963563,0.0,0.0,0.0,12.0,4.0
emblematica:E009287,2803,113,0.39652557624636714,0.25,0.03583234848068895,0.0,0.008849557522123894,0.008849557522123894,3.0,3.0
emblematica:E009288,2803,71,0.35167431385817327,0.00847457627118644,0.024081096741485074,0.0,0.0,0.0,11.0,4.0
emblematica:E009289,2803,309,0.37962081462451813,0.125,0.12137857265992678,0.0,0.0,0.003236245954692557,13.0,3.0
emblematica:E009290,2803,248,0.5289704589316268,1.0,0.08554231288981094,0.004032258064516129,0.004032258064516129,0.008064516129032258,5.0,5.0
emblematica:E009291,2803,22,0.3333333333333333,0.012345679012345678,0.008712487744489102,0.0,0.0,0.0,4.5,5.0
emblematica:E009292,2803,257,0.5157248465128909,0.3333333333333333,0.09801044015833518,0.0,0.007782101167315175,0.007782101167315175,2.0,5.0
emblematica:E009293,2803,145,0.5434417003179891,0.5,0.07159477419094509,0.0,0.006896551724137931,0.013793103448275862,9.5,4.5
emblematica:E009294,2803,6,0.37574719213263447,0.0025906735751295338,0.002622595660495959,0.0,0.0,0.0,1.0,6.0
emblematica:E009295,2803,71,0.43426489406400665,0.2,0.033860871215864626,0.0,0.014084507042253521,0.028169014084507043,6.0,3.0
emblematica:E009296,2803,55,0.3333333333333333,0.03125,0.023391628975903207,0.0,0.0,0.0,11.0,3.0
emblematica:E009297,2803,11,0.3333333333333333,0.023809523809523808,0.009105818717505034,0.0,0.0,0.0,2.5,3.0
emblematica:E009298,2803,188,0.37574719213263447,0.1,0.059688386724802006,0.0,0.0,0.005319148936170213,6.0,3.5
emblematica:E009299,2803,69,0.3333333333333333,0.023809523809523808,0.024826973366360288,0.0,0.0,0.0,18.0,3.0
emblematica:E009300,2803,499,0.39652557624636714,0.25,0.17129708089462203,0.0,0.002004008016032064,0.002004008016032064,2.0,4.0
emblematica:E009301,2803,98,0.3333333333333333,0.005847953216374269,0.04317817360090388,0.0,0.0,0.0,1.5,4.0
emblematica:E009302,2803,37,0.3333333333333333,0.017241379310344827,0.009453719370652364,0.0,0.0,0.0,1.0,5.0
emblematica:E009303,2803,90,0.4589627680851436,0.3333333333333333,0.047586990989151215,0.0,0.011111111111111112,0.011111111111111112,2.0,6.0
emblematica:E009304,2803,223,0.3475238529402701,0.05555555555555555,0.06635379065204738,0.0,0.0,0.0,17.0,5.0
emblematica:E009305,2803,428,0.3333333333333333,0.058823529411764705,0.15659252341375357,0.0,0.0,0.0,15.0,3.0
emblematica:E009306,2803,15,0.40669725543269336,0.3333333333333333,0.041187065174397144,0.0,0.06666666666666667,0.06666666666666667,1.0,4.0
emblematica:E009307,2803,324,0.6299020196623001,0.2,0.12000619178458527,0.0,0.0030864197530864196,0.006172839506172839,23.0,3.0
emblematica:E009308,2803,315,0.40669725543269336,0.3333333333333333,0.11483307358094548,0.0,0.0031746031746031746,0.0031746031746031746,3.0,4.0
emblematica:E009309,2803,468,0.4490839954404501,0.125,0.1638095580773622,0.0,0.0,0.004273504273504274,13.0,5.0
emblematica:E009310,2803,18,0.3333333333333333,0.02857142857142857,0.008431548732927705,0.0,0.0,0.0,6.5,4.0
emblematica:E009311,2803,64,0.3333333333333333,0.05263157894736842,0.031128359950413347,0.0,0.0,0.0,7.0,4.0
emblematica:E009312,2803,46,0.3333333333333333,0.008403361344537815,0.012834401009531909,0.0,0.0,0.0,3.5,5.0
emblematica:E009313,2803,321,0.3333333333333333,0.09090909090909091,0.1064733832873928,0.0,0.0,0.0,1.0,5.0
emblematica:E009314,2803,168,0.3333333333333333,0.03571428571428571,0.06839718670414967,0.0,0.0,0.0,2.5,3.5
emblematica:E009315,2803,315,0.3333333333333333,0.09090909090909091,0.11562030585386351,0.0,0.0,0.0,13.5,4.0
emblematica:E009316,2803,305,0.3333333333333333,0.037037037037037035,0.10810125948345009,0.0,0.0,0.0,6.0,4.5
emblematica:E009317,2803,942,0.3775028156362593,0.1111111111111111,0.2796855834770167,0.0,0.0,0.0010615711252653928,8.0,4.0
emblematica:E009318,2803,32,0.3333333333333333,0.004608294930875576,0.008405079797017118,0.0,0.0,0.0,2.0,4.0
emblematica:E009319,2803,171,0.38224261473290666,0.14285714285714285,0.06877305698674281,0.0,0.0,0.005847953216374269,1.0,4.0
emblematica:E009320,2803,136,0.3333333333333333,0.03125,0.05031190659236395,0.0,0.0,0.0,12.5,4.5
emblematica:E009321,2803,29,0.3333333333333333,0.05,0.01439259573907128,0.0,0.0,0.0,1.0,3.0
emblematica:E009322,2803,37,0.48006117753205335,0.0078125,0.009397376925922258,0.0,0.0,0.0,4.0,4.0
emblematica:E009323,2803,14,0.38224261473290666,0.14285714285714285,0.02926672780517462,0.0,0.0,0.07142857142857142,5.0,3.0
emblematica:E009324,2803,289,0.5712525722706526,0.5,0.10860385649782812,0.0,0.0034602076124567475,0.01384083044982699,37.0,3.5
emblematica:E009325,2803,3,0.35648241204244513,0.006369426751592357,0.002988678372362495,0.0,0.0,0.0,1.5,3.0
emblematica:E009326,2803,128,0.3333333333333333,0.04,0.04585573249366188,0.0,0.0,0.0,19.5,4.5
emblematica:E009327,2803,119,0.40669725543269336,0.3333333333333333,0.048673495208817315,0.0,0.008403361344537815,0.008403361344537815,4.5,5.0
emblematica:E009328,2803,271,0.3333333333333333,0.03125,0.0919500434550255,0.0,0.0,0.0,2.0,3.0
emblematica:E009329,2803,57,0.3333333333333333,0.014084507042253521,0.018947877537991063,0.0,0.0,0.0,4.5,3.5
emblematica:E009330,2803,258,0.5432534204450873,1.0,0.11776094105556428,0.003875968992248062,0.007751937984496124,0.007751937984496124,18.0,5.0
emblematica:E009331,2803,96,0.3333333333333333,0.08333333333333333,0.03513534343016133,0.0,0.0,0.0,7.0,3.0
emblematica:E009332,2803,20,0.37962081462451813,0.125,0.016876772107872962,0.0,0.0,0.05,4.0,4.0
emblematica:E009333,2803,90,0.4922884978819468,1.0,0.048655051086006845,0.011111111111111112,0.011111111111111112,0.011111111111111112,3.0,4.5
emblematica:E009334,2803,45,0.3333333333333333,0.004761904761904762,0.010855345567529262,0.0,0.0,0.0,1.0,3.0
emblematica:E009335,2803,21,0.37962081462451813,0.125,0.013925876616050886,0.0,0.0,0.047619047619047616,6.0,3.0
emblematica:E009336,2803,106,0.3900954117610806,0.2,0.04411298005885112,0.0,0.009433962264150943,0.009433962264150943,9.0,5.0
emblematica:E009337,2803,139,0.4016672820838768,0.2,0.04362547682277288,0.0,0.007194244604316547,0.007194244604316547,21.5,5.0
emblematica:E009338,2803,0,0.3333333333333333,,,,,,1.0,4.0
emblematica:E009339,2803,54,0.3333333333333333,0.015873015873015872,0.017081441810317843,0.0,0.0,0.0,8.5,6.0
emblematica:E009340,2803,11,0.3333333333333333,0.0034602076124567475,0.0038105627790426836,0.0,0.0,0.0,1.0,5.0
emblematica:E009341,2803,30,0.3475238529402701,0.08333333333333333,0.0193252966922377,0.0,0.0,0.0,7.0,4.5
emblematica:E009342,2803,218,0.42590829591570295,0.5,0.10099314293314617,0.0,0.0045871559633027525,0.0045871559633027525,3.0,3.0
emblematica:E009343,2803,31,0.3333333333333333,0.0027247956403269754,0.00859092799863274,0.0,0.0,0.0,1.0,4.0
emblematica:E009344,2803,10,0.3333333333333333,0.004424778761061947,0.0030409513470619175,0.0,0.0,0.0,3.5,5.0
emblematica:E009345,2803,301,0.47219577720688777,0.5,0.10596169880982932,0.0,0.0033222591362126247,0.006644518272425249,7.5,5.5
emblematica:E009346,2803,2,0.3475238529402701,0.0012970168612191958,0.0010590174618082843,0.0,0.0,0.0,1.0,5.0
emblematica:E009347,2803,287,0.42590829591570295,0.5,0.09513806057090729,0.0,0.003484320557491289,0.003484320557491289,5.0,4.0
emblematica:E009348,2803,8,0.34428518061118435,0.003076923076923077,0.0030412557344469925,0.0,0.0,0.0,2.5,3.0
emblematica:E009349,2803,53,0.3333333333333333,0.023255813953488372,0.020824847995973964,0.0,0.0,0.0,17.0,2.0
emblematica:E009350,2803,59,0.42590829591570295,0.5,0.027993861211926607,0.0,0.01694915254237288,0.01694915254237288,10.0,5.0
emblematica:E009351,2803,1,0.3333333333333333,0.0004589261128958238,0.0004589261128958238,0.0,0.0,0.0,1.0,6.0
emblematica:E009352,2803,31,0.3491313940615917,0.03571428571428571,0.010560141917489253,0.0,0.0,0.0,6.0,5.0
emblematica:E009353,2803,295,0.42465647353220776,0.14285714285714285,0.1042528783044718,0.0,0.0,0.006779661016949152,6.0,3.0
emblematica:E009354,2803,13,0.3333333333333333,0.013888888888888888,0.00915814072054563,0.0,0.0,0.0,1.0,4.0
emblematica:E009355,2803,49,0.3333333333333333,0.07692307692307693,0.013063807591003417,0.0,0.0,0.0,3.0,3.5
emblematica:E009356,2803,19,0.3333333333333333,0.016666666666666666,0.006954570761642304,0.0,0.0,0.0,4.0,4.0
emblematica:E009357,2803,353,0.4237902969274442,0.125,0.12502034999357806,0.0,0.0,0.0056657223796034,15.0,4.0
emblematica:E009358,2803,148,0.35647707397892575,0.03225806451612903,0.04298342644716084,0.0,0.0,0.0,12.0,4.0
emblematica:E009359,2803,79,0.3333333333333333,0.005714285714285714,0.020122418391796706,0.0,0.0,0.0,6.0,4.0
emblematica:E009360,2803,69,0.3700152943830133,0.0034965034965034965,0.018201091846470497,0.0,0.0,0.0,1.5,3.0
emblematica:E009361,2803,146,0.3333333333333333,0.07142857142857142,0.05143286450508643,0.0,0.0,0.0,8.5,4.0
emblematica:E009362,2803,167,0.3333333333333333,0.020833333333333332,0.047602876615717424,0.0,0.0,0.0,3.0,3.0
emblematica:E009363,2803,300,0.3333333333333333,0.03125,0.10305321587614735,0.0,0.0,0.0,6.0,3.0
emblematica:E009364,2803,273,0.6326891916800615,0.5,0.12160806450229898,0.0,0.007326007326007326,0.018315018315018316,13.5,3.5
emblematica:E009365,2803,432,0.5401142290976918,0.25,0.1481369393530539,0.0,0.0023148148148148147,0.009259259259259259,13.0,5.0
emblematica:E009366,2803,26,0.3333333333333333,0.007936507936507936,0.011022068505488227,0.0,0.0,0.0,8.0,4.0
emblematica:E009367,2803,287,0.3900954117610806,0.2,0.09453124272756726,0.0,0.003484320557491289,0.003484320557491289,7.0,4.0
emblematica:E009368,2803,109,0.3443757039090648,0.01098901098901099,0.038221399431495336,0.0,0.0,0.0,7.5,3.5
emblematica:E009369,2803,85,0.3333333333333333,0.006896551724137931,0.029775785113834996,0.0,0.0,0.0,14.5,4.5
emblematica:E009370,2803,61,0.3333333333333333,0.022222222222222223,0.022737592487235347,0.0,0.0,0.0,1.0,3.0
emblematica:E009371,2803,298,0.5684424922893623,0.3333333333333333,0.11362437626952383,0.0,0.006711409395973154,0.010067114093959731,6.5,5.0
emblematica:E009372,2803,13,0.3333333333333333,0.05555555555555555,0.015883666558336656,0.0,0.0,0.0,2.0,4.5
emblematica:E009373,2803,30,0.3333333333333333,0.006993006993006993,0.011509875879686443,0.0,0.0,0.0,5.0,3.0
emblematica:E009374,2803,67,0.3333333333333333,0.02631578947368421,0.02103844959780325,0.0,0.0,0.0,16.0,3.0
emblematica:E009375,2803,18,0.3333333333333333,0.008403361344537815,0.006788106454513573,0.0,0.0,0.0,6.5,4.0
emblematica:E009376,2803,290,0.37962081462451813,0.125,0.09867257733385508,0.0,0.0,0.0034482758620689655,6.5,4.5
emblematica:E009377,2803,71,0.40669725543269336,0.3333333333333333,0.03845298053924763,0.0,0.014084507042253521,0.014084507042253521,7.0,3.5
emblematica:E009378,2803,407,0.37962081462451813,0.125,0.13949318230262525,0.0,0.0,0.002457002457002457,33.0,5.0
emblematica:E009379,2803,7,0.34428518061118435,0.0028328611898017,0.0029300811863611177,0.0,0.0,0.0,1.0,5.5
emblematica:E009380,2803,350,0.3333333333333333,0.09090909090909091,0.11419550862676948,0.0,0.0,0.0,25.0,5.0
emblematica:E009381,2803,167,0.3333333333333333,0.043478260869565216,0.07033415556366268,0.0,0.0,0.0,4.0,4.0
emblematica:E009382,2803,13,0.3333333333333333,0.012195121951219513,0.009565349522509247,0.0,0.0,0.0,2.0,4.5
emblematica:E009383,2803,55,0.37574719213263447,0.1,0.03403925742337366,0.0,0.0,0.01818181818181818,10.5,4.0
emblematica:E009384,2803,258,0.5831107372509856,1.0,0.11507015615832714,0.003875968992248062,0.007751937984496124,0.011627906976744186,11.0,4.0
emblematica:E009385,2803,24,0.3333333333333333,0.016666666666666666,0.013652309957125248,0.0,0.0,0.0,1.0,4.0
emblematica:E009386,2803,40,0.3333333333333333,0.0196078431372549,0.01823026214362177,0.0,0.0,0.0,7.0,6.0
emblematica:E009387,2803,2,0.3333333333333333,0.003816793893129771,0.0024642613156588265,0.0,0.0,0.0,2.0,4.0
emblematica:E009388,2803,96,0.37574719213263447,0.1,0.02914429695495657,0.0,0.0,0.010416666666666666,4.0,4.0
emblematica:E009389,2803,186,0.3333333333333333,0.030303030303030304,0.05269920452243476,0.0,0.0,0.0,18.5,5.0
emblematica:E009390,2803,308,0.42590829591570295,0.5,0.11287191329503729,0.0,0.003246753246753247,0.003246753246753247,6.0,2.0
emblematica:E009391,2803,33,0.3333333333333333,0.0045662100456621,0.009054850343945741,0.0,0.0,0.0,3.0,3.0
emblematica:E009392,2803,181,0.39652557624636714,0.25,0.07859877259462654,0.0,0.0055248618784530384,0.0055248618784530384,12.0,4.0
emblematica:E009393,2803,73,0.3333333333333333,0.013888888888888888,0.02423966858531738,0.0,0.0,0.0,2.0,6.0
emblematica:E009394,2803,17,0.3333333333333333,0.016666666666666666,0.009490536909833123,0.0,0.0,0.0,6.0,5.0
emblematica:E009395,2803,2,0.4905733112099982,0.0010672358591248667,0.0010066548264403897,0.0,0.0,0.0,1.0,2.5
emblematica:E009396,2803,36,0.42465647353220776,0.14285714285714285,0.02944933792032868,0.0,0.0,0.05555555555555555,9.0,3.0
emblematica:E009397,2803,16,0.3333333333333333,0.02702702702702703,0.008219105841158312,0.0,0.0,0.0,1.0,3.0
emblematica:E009398,2803,77,0.3333333333333333,0.005405405405405406,0.02679781438902602,0.0,0.0,0.0,1.0,7.0
emblematica:E009399,2803,17,0.3333333333333333,0.014705882352941176,0.0072311578623651795,0.0,0.0,0.0,1.0,4.0
emblematica:E009400,2803,20,0.3333333333333333,0.010869565217391304,0.011022464747889956,0.0,0.0,0.0,1.0,3.0
emblematica:E009401,2803,229,0.5255880342628811,0.2,0.1057246755801485,0.0,0.004366812227074236,0.017467248908296942,7.0,5.5
emblematica:E009402,2803,443,0.3333333333333333,0.06666666666666667,0.14812968340778723,0.0,0.0,0.0,33.5,5.0
emblematica:E009403,2803,23,0.3333333333333333,0.02857142857142857,0.01053324169512456,0.0,0.0,0.0,5.0,3.0
emblematica:E009404,2803,452,0.5242306598349794,0.1111111111111111,0.16715068041801762,0.0,0.0,0.0022123893805309734,5.0,5.0
emblematica:E009405,2803,358,0.42203467342381923,0.125,0.12844349216826445,0.0,0.0,0.00558659217877095,12.0,5.0
emblematica:E009406,2803,107,0.3333333333333333,0.018867924528301886,0.027540559899971454,0.0,0.0,0.0,7.0,4.0
emblematica:E009407,2803,39,0.3333333333333333,0.0196078431372549,0.01595427446944386,0.0,0.0,0.0,3.0,5.0
emblematica:E009408,2803,67,0.3333333333333333,0.03225806451612903,0.023736661036296583,0.0,0.0,0.0,11.0,4.5
emblematica:E009409,2803,39,0.3333333333333333,0.029411764705882353,0.01812977330647185,0.0,0.0,0.0,3.0,5.0
emblematica:E009410,2803,0,1.0,,,,,,1.0,2.0
emblematica:E009411,2803,402,0.48317417546358,0.2,0.13884769587222517,0.0,0.0024875621890547263,0.004975124378109453,32.0,5.0
emblematica:E009412,2803,462,0.48006117753205335,1.0,0.1532129748492429,0.0021645021645021645,0.0021645021645021645,0.0021645021645021645,45.0,2.0
emblematica:E009413,2803,54,0.3333333333333333,0.045454545454545456,0.02021601987895067,0.0,0.0,0.0,7.5,5.0
emblematica:E009414,2803,46,0.3333333333333333,0.005,0.01356471776315254,0.0,0.0,0.0,8.0,4.0
emblematica:E009415,2803,16,0.3333333333333333,0.02857142857142857,0.006106176385151638,0.0,0.0,0.0,1.0,4.0
emblematica:E009416,2803,65,0.3333333333333333,0.027777777777777776,0.022503274105081798,0.0,0.0,0.0,8.0,4.0
emblematica:E009417,2803,730,0.38224261473290666,0.14285714285714285,0.2034101165538781,0.0,0.0,0.0013698630136986301,2.0,3.0
emblematica:E009418,2803,112,0.37962081462451813,0.125,0.046097744342015454,0.0,0.0,0.008928571428571428,4.0,4.0
emblematica:E009419,2803,258,0.42590829591570295,0.5,0.09407095629506299,0.0,0.003875968992248062,0.003875968992248062,6.0,2.0
emblematica:E009420,2803,255,0.3373848054274045,0.5,0.09953006807966205,0.0,0.00392156862745098,0.00784313725490196,5.0,2.0
emblematica:E009421,2803,41,0.3775028156362593,0.1111111111111111,0.023040177575889463,0.0,0.0,0.024390243902439025,2.0,4.0
emblematica:E009422,2803,79,0.40669725543269336,0.3333333333333333,0.03886657512239301,0.0,0.012658227848101266,0.012658227848101266,5.5,4.5
emblematica:E009423,2803,70,0.3333333333333333,0.09090909090909091,0.025763919775741956,0.0,0.0,0.0,11.0,4.0
emblematica:E009424,2803,89,0.3333333333333333,0.0625,0.03511269231064721,0.0,0.0,0.0,14.0,3.0
emblematica:E009425,2803,163,0.42590829591570295,0.5,0.06569904797498716,0.0,0.006134969325153374,0.006134969325153374,12.0,4.0
emblematica:E009426,2803,282,0.37962081462451813,0.125,0.09062935190738562,0.0,0.0,0.0035460992907801418,3.0,5.0
emblematica:E009427,2803,13,0.3333333333333333,0.047619047619047616,0.008870807528898933,0.0,0.0,0.0,1.0,4.0
emblematica:E009428,2803,47,0.31481834081685933,0.027777777777777776,0.02276982821791754,0.0,0.0,0.0,6.0,4.0
emblematica:E009429,2803,15,0.3333333333333333,0.012048192771084338,0.011566741841557556,0.0,0.0,0.0,2.0,4.5
emblematica:E009430,2803,258,0.40669725543269336,0.3333333333333333,0.09495051873576171,0.0,0.003875968992248062,0.003875968992248062,8.0,2.0
emblematica:E009431,2803,47,0.3333333333333333,0.008333333333333333,0.012212308991543972,0.0,0.0,0.0,3.0,3.0
emblematica:E009432,2803,183,0.5323266901845036,1.0,0.0723467506006786,0.00546448087431694,0.00546448087431694,0.01092896174863388,11.0,5.0
emblematica:E009433,2803,0,0.9008636626471189,,,,,,1.0,3.5
emblematica:E009434,2803,28,0.3333333333333333,0.005747126436781609,0.012481571962793023,0.0,0.0,0.0,4.5,3.5
emblematica:E009435,2803,174,0.5416860768143642,0.5,0.09543225797934046,0.0,0.011494252873563218,0.017241379310344827,5.5,4.5
emblematica:E009436,2803,389,0.49715421902680423,0.3333333333333333,0.14282722665122802,0.0,0.002570694087403599,0.007712082262210797,23.0,3.0
emblematica:E009437,2803,433,0.6722199155322404,1.0,0.1578223279258927,0.0023094688221709007,0.004618937644341801,0.009237875288683603,10.0,3.0
emblematica:E009438,2803,9,0.3333333333333333,0.02,0.006034745747192163,0.0,0.0,0.0,3.0,5.0
emblematica:E009439,2803,18,0.3333333333333333,0.008771929824561403,0.005422705002305798,0.0,0.0,0.0,3.5,4.5
emblematica:E009440,2803,299,0.5368232559598007,1.0,0.10752670543021674,0.0033444816053511705,0.006688963210702341,0.006688963210702341,8.0,4.0
emblematica:E009441,2803,131,0.48006117753205335,1.0,0.04960248919176741,0.007633587786259542,0.007633587786259542,0.007633587786259542,2.0,4.0
emblematica:E009442,2803,9,0.3333333333333333,0.03125,0.008219398543194957,0.0,0.0,0.0,3.5,4.0
emblematica:E009443,2803,33,0.3333333333333333,0.008130081300813009,0.01019562109277819,0.0,0.0,0.0,1.0,3.5
emblematica:E009444,2803,43,0.39652557624636714,0.25,0.023409645142072645,0.0,0.023255813953488372,0.023255813953488372,3.0,4.0
emblematica:E009445,2803,203,0.42203467342381923,0.125,0.09603580328225386,0.0,0.0,0.009852216748768473,9.0,5.0
emblematica:E009446,2803,15,0.3333333333333333,0.0018248175182481751,0.004125013816905366,0.0,0.0,0.0,2.0,4.0
emblematica:E009447,2803,309,0.3333333333333333,0.043478260869565216,0.10734952039927265,0.0,0.0,0.0,1.0,6.0
emblematica:E009448,2803,38,0.3333333333333333,0.02127659574468085,0.023255723111971965,0.0,0.0,0.0,5.5,4.5
emblematica:E009449,2803,114,0.392846079432732,0.14285714285714285,0.04211137967747729,0.0,0.0,0.008771929824561403,7.0,3.0
emblematica:E009450,2803,50,0.3333333333333333,0.007633587786259542,0.015573199590839241,0.0,0.0,0.0,10.5,4.5
emblematica:E009451,2803,46,0.3333333333333333,0.02702702702702703,0.01928720325371829,0.0,0.0,0.0,7.5,3.0
emblematica:E009452,2803,74,0.35167431385817327,0.019230769230769232,0.022094631291540223,0.0,0.0,0.0,19.0,3.5
emblematica:E009453,2803,32,0.3333333333333333,0.004329004329004329,0.01055468206742068,0.0,0.0,0.0,8.0,3.0
emblematica:E009454,2803,59,0.3333333333333333,0.003424657534246575,0.016861364108382355,0.0,0.0,0.0,11.5,3.5
emblematica:E009455,2803,10,0.3333333333333333,0.012987012987012988,0.005282365148612096,0.0,0.0,0.0,1.0,4.5
emblematica:E009456,2803,36,0.3333333333333333,0.004484304932735426,0.010318593879590662,0.0,0.0,0.0,3.5,3.0
emblematica:E009457,2803,314,0.5010113548682903,0.5,0.1120870624722553,0.0,0.006369426751592357,0.006369426751592357,21.5,2.5
emblematica:E009458,2803,14,0.3333333333333333,0.003278688524590164,0.004328904732073572,0.0,0.0,0.0,3.0,5.0
emblematica:E009459,2803,15,0.3333333333333333,0.043478260869565216,0.01842607039993139,0.0,0.0,0.0,6.0,3.0
emblematica:E009460,2803,19,0.3333333333333333,0.010638297872340425,0.008782184765246606,0.0,0.0,0.0,3.0,5.0
emblematica:E009461,2803,34,0.3333333333333333,0.09090909090909091,0.02069324451801047,0.0,0.0,0.0,9.5,3.5
emblematica:E009462,2803,64,0.48006117753205335,1.0,0.04181885286672504,0.015625,0.015625,0.015625,12.0,5.0
emblematica:E009463,2803,120,0.3806187590828386,0.07142857142857142,0.051360578402331436,0.0,0.0,0.0,15.0,5.0
emblematica:E009464,2803,153,0.34490520365612953,0.018867924528301886,0.05383781795965545,0.0,0.0,0.0,21.5,3.0
emblematica:E009465,2803,51,0.3333333333333333,0.00980392156862745,0.016740472529571986,0.0,0.0,0.0,5.0,5.0
emblematica:E009466,2803,28,0.3333333333333333,0.022222222222222223,0.008830920264526356,0.0,0.0,0.0,11.0,3.0
emblematica:E009467,2803,95,0.5341714367695738,0.5,0.04252605350090558,0.0,0.010526315789473684,0.031578947368421054,12.5,3.0
emblematica:E009468,2803,9,0.38224261473290666,0.14285714285714285,0.033591783925488075,0.0,0.0,0.1111111111111111,1.0,5.0
emblematica:E009469,2803,55,0.40669725543269336,0.3333333333333333,0.03156327471264481,0.0,0.01818181818181818,0.01818181818181818,7.0,3.5
emblematica:E009470,2803,15,0.3333333333333333,0.09090909090909091,0.010528909153297825,0.0,0.0,0.0,4.0,6.0
emblematica:E009471,2803,34,0.3333333333333333,0.014084507042253521,0.011792011654534093,0.0,0.0,0.0,4.0,5.0
emblematica:E009472,2803,65,0.38559884598578353,0.16666666666666666,0.03606496840858405,0.0,0.0,0.015384615384615385,16.5,5.0
emblematica:E009473,2803,32,0.3333333333333333,0.015384615384615385,0.01533346985984533,0.0,0.0,0.0,4.0,3.0
emblematica:E009474,2803,294,0.39652557624636714,0.25,0.10433561045248023,0.0,0.003401360544217687,0.003401360544217687,6.0,4.5
emblematica:E009475,2803,83,0.3443757039090648,0.034482758620689655,0.024238168629367923,0.0,0.0,0.0,10.0,3.0
emblematica:E009476,2803,509,0.3900954117610806,0.2,0.17805914585710308,0.0,0.0019646365422396855,0.0019646365422396855,9.0,4.0
emblematica:E009477,2803,33,0.3333333333333333,0.02702702702702703,0.01358539537065645,0.0,0.0,0.0,2.5,2.5
emblematica:E009478,2803,70,0.42590829591570295,0.5,0.041903822840313625,0.0,0.014285714285714285,0.014285714285714285,2.5,5.0
emblematica:E009479,2803,42,0.3333333333333333,0.020833333333333332,0.027984792213047102,0.0,0.0,0.0,6.0,4.0
emblematica:E009480,2803,217,0.5348341245348047,1.0,0.07982468981411112,0.004608294930875576,0.004608294930875576,0.009216589861751152,1.5,4.5
emblematica:E009481,2803,263,0.3333333333333333,0.05555555555555555,0.09192486969047357,0.0,0.0,0.0,1.0,5.0
emblematica:E009482,2803,372,0.3900954117610806,0.06666666666666667,0.12498546834063567,0.0,0.0,0.0,73.0,3.0
emblematica:E009483,2803,8,0.35648241204244513,0.009174311926605505,0.006480634098988742,0.0,0.0,0.0,3.0,3.0
emblematica:E009484,2803,277,0.5172314361145774,0.14285714285714285,0.0978959851360791,0.0,0.0,0.007220216606498195,6.0,5.0
emblematica:E009485,2803,41,0.37962081462451813,0.125,0.025071644765441624,0.0,0.0,0.024390243902439025,6.0,3.5
emblematica:E009486,2803,95,0.3333333333333333,0.011494252873563218,0.02830957060820149,0.0,0.0,0.0,1.0,4.0
emblematica:E009487,2803,90,0.5268398566463763,0.5,0.06150738285885669,0.0,0.022222222222222223,0.03333333333333333,12.0,4.0
emblematica:E009488,2803,212,0.3333333333333333,0.043478260869565216,0.07756173650292827,0.0,0.0,0.0,9.0,5.0
emblematica:E009489,2803,12,0.3900954117610806,0.043478260869565216,0.01802107484287811,0.0,0.0,0.0,3.0,3.5
emblematica:E009490,2803,112,0.3333333333333333,0.045454545454545456,0.035646636162280095,0.0,0.0,0.0,8.0,4.0
emblematica:E009491,2803,298,0.39652557624636714,0.25,0.10229096616008555,0.0,0.003355704697986577,0.003355704697986577,45.5,4.0
emblematica:E009492,2803,225,0.5900320995594102,0.5,0.08653524833774387,0.0,0.008888888888888889,0.013333333333333334,6.0,3.5
emblematica:E009493,2803,54,0.3333333333333333,0.0196078431372549,0.015529186162880583,0.0,0.0,0.0,12.0,4.0
emblematica:E009494,2803,182,0.48784871644524164,0.25,0.08207245799631738,0.0,0.005494505494505495,0.016483516483516484,3.0,4.0
emblematica:E009495,2803,245,0.3333333333333333,0.07692307692307693,0.10490537973170302,0.0,0.0,0.0,12.0,4.0
emblematica:E009496,2803,191,0.43320753729604716,0.041666666666666664,0.0565301534712099,0.0,0.0,0.0,6.0,5.0
emblematica:E009497,2803,61,0.3333333333333333,0.00819672131147541,0.02178653002354604,0.0,0.0,0.0,9.0,4.0
emblematica:E009498,2803,282,0.5263486588232382,1.0,0.10487562540148976,0.0035460992907801418,0.0035460992907801418,0.0070921985815602835,7.5,4.0
emblematica:E009499,2803,536,0.7224769822446698,1.0,0.2007563399702343,0.0018656716417910447,0.005597014925373134,0.009328358208955223,23.0,3.0
emblematica:E009500,2803,229,0.3333333333333333,0.06666666666666667,0.07817356154468086,0.0,0.0,0.0,13.0,5.0
emblematica:E009501,2803,63,0.3333333333333333,0.03125,0.026634457911009806,0.0,0.0,0.0,14.5,3.0
emblematica:E009502,2803,34,0.3333333333333333,0.010526315789473684,0.01043814071422898,0.0,0.0,0.0,3.0,3.0
emblematica:E009503,2803,292,0.554462448726138,0.25,0.11268966667916926,0.0,0.00684931506849315,0.0136986301369863,4.0,4.0
emblematica:E009504,2803,305,0.5289578556346352,0.5,0.11797440544796789,0.0,0.006557377049180328,0.009836065573770493,2.0,3.0
emblematica:E009505,2803,63,0.3333333333333333,0.029411764705882353,0.02197322216680481,0.0,0.0,0.0,4.0,3.0
emblematica:E009506,2803,29,0.3333333333333333,0.0018315018315018315,0.007017701923987001,0.0,0.0,0.0,2.5,4.5
emblematica:E009507,2803,1018,0.42801270478508463,0.16666666666666666,0.3092650180514544,0.0,0.0,0.0019646365422396855,32.0,4.0
emblematica:E009508,2803,163,0.3333333333333333,0.03225806451612903,0.04788543364547158,0.0,0.0,0.0,2.5,4.0
emblematica:E009509,2803,336,0.3900954117610806,0.2,0.11542885575943755,0.0,0.002976190476190476,0.002976190476190476,61.0,4.0
emblematica:E009510,2803,47,0.3333333333333333,0.00909090909090909,0.014970693979497646,0.0,0.0,0.0,11.5,3.5
emblematica:E009511,2803,397,0.5229662341544926,0.2,0.13158978916490444,0.0,0.0025188916876574307,0.010075566750629723,19.0,4.0
emblematica:E009512,2803,46,0.38559884598578353,0.16666666666666666,0.03436320358604235,0.0,0.0,0.021739130434782608,10.0,4.0
emblematica:E009513,2803,302,0.40669725543269336,0.3333333333333333,0.10607473859129105,0.0,0.0033112582781456954,0.0033112582781456954,13.0,4.0
emblematica:E009514,2803,335,0.575683879930964,0.5,0.12663289522426088,0.0,0.005970149253731343,0.008955223880597015,26.0,4.5
emblematica:E009515,2803,31,0.3333333333333333,0.015151515151515152,0.019350727189794626,0.0,0.0,0.0,3.0,4.5
emblematica:E009516,2803,259,0.3443757039090648,0.08333333333333333,0.09313847404937252,0.0,0.0,0.0,2.0,2.5
emblematica:E009517,2803,255,0.3333333333333333,0.07692307692307693,0.08990708715268132,0.0,0.0,0.0,1.0,4.0
emblematica:E009518,2803,76,0.3333333333333333,0.043478260869565216,0.03347846372416491,0.0,0.0,0.0,8.0,4.0
emblematica:E009519,2803,56,0.3333333333333333,0.005025125628140704,0.017863577750623645,0.0,0.0,0.0,5.5,4.0
emblematica:E009520,2803,108,0.3333333333333333,0.023255813953488372,0.054291289839726246,0.0,0.0,0.0,1.0,3.0
emblematica:E009521,2803,419,0.42590829591570295,0.5,0.16572320360546208,0.0,0.002386634844868735,0.002386634844868735,49.5,3.5
emblematica:E009522,2803,314,0.6000154988728346,1.0,0.1185113227564556,0.0031847133757961785,0.009554140127388535,0.009554140127388535,6.0,2.5
emblematica:E009523,2803,115,0.3333333333333333,0.0625,0.05152539355497723,0.0,0.0,0.0,7.0,4.5
emblematica:E009524,2803,290,0.5895409017362722,1.0,0.10621982316935842,0.0034482758620689655,0.006896551724137931,0.010344827586206896,2.0,5.0
emblematica:E009525,2803,63,0.38224261473290666,0.018867924528301886,0.020860939006491722,0.0,0.0,0.0,14.0,3.0
emblematica:E009526,2803,197,0.5726361401144231,1.0,0.07851827032598667,0.005076142131979695,0.01015228426395939,0.01015228426395939,2.0,4.5
emblematica:E009527,2803,141,0.3333333333333333,0.06666666666666667,0.07146494200572073,0.0,0.0,0.0,16.5,6.0
emblematica:E009528,2803,266,0.486982539840478,0.25,0.10053467034929194,0.0,0.0037593984962406013,0.011278195488721804,9.0,3.0
emblematica:E009529,2803,52,0.43188632727696835,0.16666666666666666,0.026096548180422157,0.0,0.0,0.038461538461538464,1.0,5.0
emblematica:E009530,2803,67,0.3333333333333333,0.02127659574468085,0.022378883760382107,0.0,0.0,0.0,2.0,3.0
emblematica:E009531,2803,106,0.6056906122838637,1.0,0.06690796609673019,0.009433962264150943,0.018867924528301886,0.02830188679245283,25.5,4.0
emblematica:E009532,2803,292,0.45086673773561936,0.3333333333333333,0.12222181849649767,0.0,0.003424657534246575,0.00684931506849315,34.0,4.0
emblematica:E009533,2803,67,0.48006117753205335,1.0,0.06521674162182521,0.014925373134328358,0.014925373134328358,0.014925373134328358,17.5,4.5
emblematica:E009534,2803,375,0.4911035481077849,1.0,0.1536271169892256,0.0026666666666666666,0.0026666666666666666,0.0026666666666666666,26.0,3.0
emblematica:E009535,2803,230,0.5726361401144231,1.0,0.10942295307047915,0.004347826086956522,0.008695652173913044,0.008695652173913044,8.0,4.5
emblematica:E009536,2803,428,0.48006117753205335,1.0,0.17941864230101387,0.002336448598130841,0.002336448598130841,0.002336448598130841,9.0,4.0
emblematica:E009537,2803,225,0.42590829591570295,0.5,0.07441293312287221,0.0,0.0044444444444444444,0.0044444444444444444,10.5,3.0
emblematica:E009538,2803,119,0.3775028156362593,0.1111111111111111,0.04573554779441521,0.0,0.0,0.008403361344537815,6.0,3.0
emblematica:E009539,2803,307,0.40669725543269336,0.3333333333333333,0.1158461005190134,0.0,0.003257328990228013,0.003257328990228013,34.0,2.0
emblematica:E009540,2803,406,0.3443757039090648,0.058823529411764705,0.1567223194239623,0.0,0.0,0.0,8.0,4.0
emblematica:E009541,2803,10,0.3333333333333333,0.01639344262295082,0.006560307632399074,0.0,0.0,0.0,3.0,4.0
emblematica:E009542,2803,426,0.5323266901845036,0.058823529411764705,0.15384956084479967,0.0,0.0,0.0,5.5,4.0
emblematica:E009543,2803,252,0.6168056224173492,0.5,0.11949712471320985,0.0,0.003968253968253968,0.003968253968253968,12.0,5.0
emblematica:E009544,2803,383,0.45086673773561936,0.3333333333333333,0.14105978643909584,0.0,0.0026109660574412533,0.005221932114882507,31.0,4.0
emblematica:E009545,2803,61,0.3333333333333333,0.09090909090909091,0.02608748732407361,0.0,0.0,0.0,13.0,5.0
emblematica:E009546,2803,143,0.40669725543269336,0.3333333333333333,0.05487429109318914,0.0,0.006993006993006993,0.006993006993006993,16.0,3.0
emblematica:E009547,2803,68,0.47219577720688777,0.5,0.04685053112233089,0.0,0.014705882352941176,0.029411764705882353,10.5,4.0
emblematica:E009548,2803,105,0.4826703743434503,0.5,0.051798366318975254,0.0,0.01904761904761905,0.01904761904761905,16.0,4.0
emblematica:E009549,2803,306,0.41773962600842485,0.3333333333333333,0.12782634647980282,0.0,0.0032679738562091504,0.0032679738562091504,21.0,2.0
emblematica:E009550,2803,44,0.38224261473290666,0.0030303030303030303,0.021306397225925224,0.0,0.0,0.0,1.0,2.5
emblematica:E009551,2803,22,0.34490520365612953,0.02857142857142857,0.013419848610974765,0.0,0.0,0.0,2.0,3.0
emblematica:E009552,2803,208,0.6673155115661744,1.0,0.10077686517674675,0.004807692307692308,0.009615384615384616,0.019230769230769232,6.0,4.0
emblematica:E009553,2803,316,0.5009150946083542,0.25,0.1268414584964874,0.0,0.0031645569620253164,0.00949367088607595,26.0,3.5
emblematica:E009554,2803,48,0.3333333333333333,0.03571428571428571,0.029054972349986014,0.0,0.0,0.0,8.0,4.0
emblematica:E009555,2803,51,0.4558794357006645,0.25,0.06815311505903393,0.0,0.0196078431372549,0.0392156862745098,3.0,5.0
emblematica:E009556,2803,254,0.42590829591570295,0.5,0.09208009382051349,0.0,0.003937007874015748,0.003937007874015748,14.0,5.5
emblematica:E009557,2803,26,0.3333333333333333,0.023255813953488372,0.009215724738969786,0.0,0.0,0.0,2.0,4.0
emblematica:E009558,2803,80,0.40669725543269336,0.3333333333333333,0.04052270676861271,0.0,0.0125,0.0125,5.5,3.5
emblematica:E009559,2803,112,0.3333333333333333,0.013157894736842105,0.032729670590550354,0.0,0.0,0.0,2.0,4.0
emblematica:E009560,2803,67,0.42590829591570295,0.5,0.05300354868282468,0.0,0.014925373134328358,0.014925373134328358,17.0,4.0
emblematica:E009561,2803,14,0.3333333333333333,0.0045045045045045045,0.00721654988586602,0.0,0.0,0.0,5.0,4.0
emblematica:E009562,2803,12,0.38224261473290666,0.010638297872340425,0.007660454370129102,0.0,0.0,0.0,3.0,3.5
emblematica:E009563,2803,32,0.3622777785579986,0.038461538461538464,0.04687140001849739,0.0,0.0,0.0,3.0,3.0
emblematica:E009564,2803,45,0.6023343810309868,1.0,0.08183479884416227,0.022222222222222223,0.044444444444444446,0.06666666666666667,4.5,4.5
emblematica:E009565,2803,94,0.4628297915979563,0.1,0.06446456161796324,0.0,0.0,0.010638297872340425,7.0,4.0
emblematica:E009566,2803,310,0.5694969487670277,0.5,0.11486136106539341,0.0,0.0032258064516129032,0.012903225806451613,6.0,5.0
emblematica:E009567,2803,162,0.5534250996314135,1.0,0.0607020845334812,0.006172839506172839,0.012345679012345678,0.012345679012345678,1.0,4.0
emblematica:E009568,2803,851,0.40669725543269336,0.3333333333333333,0.23229368924234275,0.0,0.0011750881316098707,0.0011750881316098707,3.0,4.5
emblematica:E009569,2803,193,0.3817707724919316,0.03225806451612903,0.05767738891789182,0.0,0.0,0.0,11.0,6.0
emblematica:E009570,2803,79,0.3333333333333333,0.010309278350515464,0.031704324735156816,0.0,0.0,0.0,3.0,4.5
emblematica:E009571,2803,95,0.39184813497441146,0.125,0.07110506572026691,0.0,0.0,0.010526315789473684,3.0,6.0
emblematica:E009572,2803,17,0.3333333333333333,0.007936507936507936,0.00884635475276001,0.0,0.0,0.0,1.0,3.0
emblematica:E009573,2803,53,0.3333333333333333,0.007042253521126761,0.018935327355089078,0.0,0.0,0.0,6.5,3.0
emblematica:E009574,2803,155,0.40232273211097397,0.005,0.04887324931261446,0.0,0.0,0.0,2.0,4.0
emblematica:E009575,2803,0,0.694355946562825,,,,,,1.0,4.0
emblematica:E009576,2803,74,0.39652557624636714,0.25,0.0344483114839817,0.0,0.013513513513513514,0.013513513513513514,4.0,4.0
emblematica:E009577,2803,253,0.42465647353220776,0.14285714285714285,0.09649275855230006,0.0,0.0,0.007905138339920948,1.0,3.5
emblematica:E009578,2803,75,0.3333333333333333,0.010869565217391304,0.026246533950758554,0.0,0.0,0.0,5.0,3.0
emblematica:E009579,2803,190,0.4389394350456683,0.25,0.09553385578152275,0.0,0.005263157894736842,0.010526315789473684,7.0,4.0
emblematica:E009580,2803,267,0.3775028156362593,0.1111111111111111,0.0980978512071552,0.0,0.0,0.003745318352059925,1.0,3.0
emblematica:E009581,2803,216,0.43188632727696835,0.16666666666666666,0.07642466188119056,0.0,0.0,0.009259259259259259,2.0,4.0
emblematica:E009582,2803,22,0.49296057120174336,0.01818181818181818,0.010455140937348091,0.0,0.0,0.0,1.0,4.5
emblematica:E009583,2803,201,0.38559884598578353,0.16666666666666666,0.0633114513083022,0.0,0.0,0.004975124378109453,11.0,4.0
emblematica:E009584,2803,78,0.3333333333333333,0.07692307692307693,0.025925514954636804,0.0,0.0,0.0,19.0,4.0
emblematica:E009585,2803,177,0.3900954117610806,0.2,0.07135566888139766,0.0,0.005649717514124294,0.005649717514124294,5.0,4.0
emblematica:E009586,2803,209,0.3475238529402701,0.07142857142857142,0.06913871258004678,0.0,0.0,0.0,9.0,3.0
emblematica:E009587,2803,168,0.38559884598578353,0.16666666666666666,0.06913282392355774,0.0,0.0,0.005952380952380952,4.0,4.0
emblematica:E009588,2803,271,0.478236668786674,0.3333333333333333,0.11017691823939373,0.0,0.0036900369003690036,0.0036900369003690036,5.0,3.5
emblematica:E009589,2803,189,0.401396906714042,0.16666666666666666,0.06108826666949164,0.0,0.0,0.005291005291005291,2.5,4.5
emblematica:E009590,2803,245,0.46832215471500416,0.5,0.10087809234847595,0.0,0.004081632653061225,0.00816326530612245,9.5,5.0
emblematica:E009591,2803,288,0.3775028156362593,0.1111111111111111,0.0951370014637603,0.0,0.0,0.003472222222222222,4.5,4.5
emblematica:E009592,2803,318,0.5242306598349794,1.0,0.12509176790332055,0.0031446540880503146,0.0031446540880503146,0.006289308176100629,14.0,5.5
emblematica:E009593,2803,316,0.4345081273853569,0.14285714285714285,0.11060291570600268,0.0,0.0,0.0031645569620253164,28.0,4.0
emblematica:E009594,2803,87,0.3333333333333333,0.03225806451612903,0.042859975222801265,0.0,0.0,0.0,14.0,4.0
emblematica:E009595,2803,104,0.42976832828870953,0.16666666666666666,0.07009544662594452,0.0,0.0,0.019230769230769232,9.0,5.0
emblematica:E009596,2803,32,0.3333333333333333,0.0034602076124567475,0.00837731004721728,0.0,0.0,0.0,3.0,4.0
emblematica:E009597,2803,332,0.3997893655927203,0.16666666666666666,0.10232119715789645,0.0,0.0,0.0030120481927710845,1.0,5.0
emblematica:E009598,2803,16,0.3333333333333333,0.005128205128205128,0.010202323279386898,0.0,0.0,0.0,2.5,3.5
emblematica:E009599,2803,183,0.3333333333333333,0.04,0.058248207904977756,0.0,0.0,0.0,2.0,6.0
emblematica:E009600,2803,38,0.3333333333333333,0.041666666666666664,0.01268032438658985,0.0,0.0,0.0,5.0,3.0
emblematica:E009601,2803,30,0.42590829591570295,0.5,0.06840303017493499,0.0,0.03333333333333333,0.03333333333333333,3.0,5.0
emblematica:E009602,2803,23,0.3333333333333333,0.017857142857142856,0.00845099994300318,0.0,0.0,0.0,5.0,4.0
emblematica:E009603,2803,312,0.37574719213263447,0.1,0.10844375454356668,0.0,0.0,0.003205128205128205,4.0,4.5
emblematica:E009604,2803,15,0.31499235280849325,0.01818181818181818,0.007483618431130999,0.0,0.0,0.0,1.0,4.0
emblematica:E009605,2803,180,0.42590829591570295,0.5,0.05716326399758142,0.0,0.005555555555555556,0.005555555555555556,7.0,3.0
emblematica:E009606,2803,0,1.0,,,,,,1.0,2.0
emblematica:E009607,2803,64,0.3333333333333333,0.07142857142857142,0.02577272423616478,0.0,0.0,0.0,17.0,4.0
emblematica:E009608,2803,31,0.3333333333333333,0.037037037037037035,0.04678703928793692,0.0,0.0,0.0,4.0,5.0
emblematica:E009609,2803,82,0.3333333333333333,0.014492753623188406,0.029009819965188643,0.0,0.0,0.0,6.0,5.0
emblematica:E009610,2803,11,0.3333333333333333,0.018518518518518517,0.008255525746554295,0.0,0.0,0.0,3.5,5.0
emblematica:E009611,2803,743,0.3333333333333333,0.015625,0.21787212992356764,0.0,0.0,0.0,11.5,3.0
emblematica:E009612,2803,253,0.3775028156362593,0.1111111111111111,0.09106160194795133,0.0,0.0,0.003952569169960474,1.0,2.5
emblematica:E009613,2803,10,0.3333333333333333,0.0015600624024961,0.003627170611714488,0.0,0.0,0.0,1.5,5.0
emblematica:E009614,2803,54,0.35647707397892575,0.020833333333333332,0.015102556163115479,0.0,0.0,0.0,3.0,5.0
emblematica:E009615,2803,70,0.39652557624636714,0.25,0.0634650730680935,0.0,0.014285714285714285,0.014285714285714285,7.0,6.0
emblematica:E009616,2803,282,0.38907468595905553,0.1111111111111111,0.11884925579186997,0.0,0.0,0.0035460992907801418,4.5,3.5
emblematica:E009617,2803,85,0.39889093277822685,0.1,0.06076314283220182,0.0,0.0,0.011764705882352941,9.0,5.0
emblematica:E009618,2803,331,0.3333333333333333,0.06666666666666667,0.12082631535202687,0.0,0.0,0.0,16.0,4.0
emblematica:E009619,2803,111,0.3900954117610806,0.2,0.03453521083821464,0.0,0.009009009009009009,0.009009009009009009,4.0,3.0
emblematica:E009620,2803,227,0.42465647353220776,0.14285714285714285,0.09038472532883095,0.0,0.0,0.00881057268722467,23.0,5.0
emblematica:E009621,2803,72,0.3333333333333333,0.014925373134328358,0.043209683839182056,0.0,0.0,0.0,14.0,6.0
emblematica:E009622,2803,475,0.3775028156362593,0.1111111111111111,0.15122626227988514,0.0,0.0,0.002105263157894737,29.0,3.0
emblematica:E009623,2803,58,0.3333333333333333,0.06666666666666667,0.020526568511685266,0.0,0.0,0.0,9.0,3.5
emblematica:E009624,2803,14,0.38993771173957126,0.009433962264150943,0.009547332273904014,0.0,0.0,0.0,4.5,3.5
emblematica:E009625,2803,187,0.3333333333333333,0.08333333333333333,0.05834646821660381,0.0,0.0,0.0,2.0,5.0
emblematica:E009626,2803,29,0.3333333333333333,0.07142857142857142,0.01225553782280845,0.0,0.0,0.0,4.0,3.5
emblematica:E009627,2803,85,0.3333333333333333,0.03571428571428571,0.0248724558151912,0.0,0.0,0.0,5.0,3.5
emblematica:E009628,2803,189,0.46345933386044064,0.3333333333333333,0.07479834751340689,0.0,0.010582010582010581,0.010582010582010581,4.0,5.5
emblematica:E009629,2803,51,0.3333333333333333,0.009174311926605505,0.017698930661236126,0.0,0.0,0.0,1.0,4.0
emblematica:E009630,2803,66,0.3333333333333333,0.014492753623188406,0.025455576271745682,0.0,0.0,0.0,7.0,3.0
emblematica:E009631,2803,70,0.39530899289601923,0.14285714285714285,0.05166626460647722,0.0,0.0,0.014285714285714285,14.5,4.0
emblematica:E009632,2803,40,0.3333333333333333,0.022727272727272728,0.015306676606463895,0.0,0.0,0.0,4.5,3.0
emblematica:E009633,2803,51,0.37574719213263447,0.023255813953488372,0.01814547620249049,0.0,0.0,0.0,4.5,3.0
emblematica:E009634,2803,197,0.37962081462451813,0.125,0.06114313155474924,0.0,0.0,0.005076142131979695,8.5,5.0
emblematica:E009635,2803,3,0.40430220188639443,0.0016155088852988692,0.0014647387012613662,0.0,0.0,0.0,1.0,4.0
emblematica:E009636,2803,41,0.3333333333333333,0.004347826086956522,0.010556920353468592,0.0,0.0,0.0,5.0,4.5
emblematica:E009637,2803,290,0.6446164943700127,0.5,0.11168903301130988,0.0,0.006896551724137931,0.013793103448275862,3.0,5.0
emblematica:E009638,2803,228,0.4006988764609059,0.2,0.07538031725223897,0.0,0.0043859649122807015,0.0043859649122807015,17.0,4.0
emblematica:E009639,2803,257,0.4464922144139,0.2,0.08303109794743135,0.0,0.0038910505836575876,0.007782101167315175,26.0,3.0
emblematica:E009640,2803,7,0.3333333333333333,0.0029585798816568047,0.0037092024104766514,0.0,0.0,0.0,1.0,5.0
emblematica:E009641,2803,192,0.46605111488699075,0.3333333333333333,0.06988189379113754,0.0,0.005208333333333333,0.005208333333333333,5.5,3.0
emblematica:E009642,2803,25,0.40669725543269336,0.3333333333333333,0.025445864384654782,0.0,0.04,0.04,1.0,5.0
emblematica:E009643,2803,184,0.599476571418413,1.0,0.07306989505892784,0.005434782608695652,0.010869565217391304,0.010869565217391304,2.0,5.0
emblematica:E009644,2803,186,0.3443757039090648,0.05555555555555555,0.061471085485019165,0.0,0.0,0.0,3.0,5.5
emblematica:E009645,2803,16,0.3333333333333333,0.007575757575757576,0.005930114097629562,0.0,0.0,0.0,2.0,3.0
emblematica:E009646,2803,247,0.3333333333333333,0.01639344262295082,0.07233886773833721,0.0,0.0,0.0,2.0,4.0
emblematica:E009647,2803,262,0.3455606536832266,0.058823529411764705,0.08516035671410017,0.0,0.0,0.0,21.0,3.0
emblematica:E009648,2803,15,0.3333333333333333,0.014705882352941176,0.006023769273586027,0.0,0.0,0.0,3.0,4.0
emblematica:E009649,2803,25,0.3333333333333333,0.037037037037037035,0.021218447858625,0.0,0.0,0.0,4.0,3.0
emblematica:E009650,2803,164,0.3170003606294426,0.08333333333333333,0.04820690349797526,0.0,0.0,0.0,5.0,4.5
emblematica:E009651,2803,0,1.0,,,,,,1.0,2.0
emblematica:E009652,2803,24,0.40669725543269336,0.3333333333333333,0.04097004661985818,0.0,0.041666666666666664,0.041666666666666664,3.0,5.0
emblematica:E009653,2803,31,0.3333333333333333,0.006211180124223602,0.010530618180168065,0.0,0.0,0.0,4.0,3.0
emblematica:E009654,2803,197,0.38559884598578353,0.16666666666666666,0.06265564640975584,0.0,0.0,0.005076142131979695,6.5,4.0
emblematica:E009655,2803,65,0.3333333333333333,0.012658227848101266,0.02084158233720607,0.0,0.0,0.0,14.0,5.0
emblematica:E009656,2803,295,0.35167431385817327,0.07142857142857142,0.1058768814802204,0.0,0.0,0.0,27.0,6.0
emblematica:E009657,2803,112,0.3333333333333333,0.02127659574468085,0.04411723138041498,0.0,0.0,0.0,16.0,3.0
emblematica:E009658,2803,24,0.3333333333333333,0.002544529262086514,0.006882927745680356,0.0,0.0,0.0,3.0,5.0
emblematica:E009659,2803,208,0.28748088202123323,0.037037037037037035,0.07004856667840695,0.0,0.0,0.0,4.0,4.0
emblematica:E009660,2803,101,0.42641209703583266,0.14285714285714285,0.052494948279312656,0.0,0.0,0.019801980198019802,23.0,3.5
emblematica:E009661,2803,202,0.3333333333333333,0.05263157894736842,0.0659814284671664,0.0,0.0,0.0,10.5,3.5
emblematica:E009662,2803,22,0.3333333333333333,0.0045871559633027525,0.008068351333152786,0.0,0.0,0.0,1.5,5.0
emblematica:E009663,2803,201,0.39643313433984345,0.14285714285714285,0.07425085242651204,0.0,0.0,0.004975124378109453,11.5,5.0
emblematica:E010543,2803,799,0.9575861412006987,1.0,0.7491470449318622,0.0012515644555694619,0.006257822277847309,0.011264080100125156,14.0,3.0
emblematica:E010544,2803,791,0.9368077570869661,1.0,0.7451343741984239,0.0012642225031605564,0.0050568900126422255,0.011378002528445006,11.0,4.0
emblematica:E010545,2803,773,0.9574284411791895,1.0,0.7491706811817431,0.00129366106080207,0.00517464424320828,0.01164294954721863,12.0,3.0
emblematica:E010546,2803,739,0.9575861412006987,1.0,0.765602030618119,0.0013531799729364006,0.006765899864682003,0.012178619756427604,12.0,3.0
emblematica:E010547,2803,866,0.8926382747840401,1.0,0.7475284205109696,0.0011547344110854503,0.004618937644341801,0.009237875288683603,24.0,4.5
emblematica:E010548,2803,740,0.9510907186004266,1.0,0.7798254349000524,0.0013513513513513514,0.006756756756756757,0.012162162162162163,5.0,4.0
emblematica:E010549,2803,747,0.9074250374176303,1.0,0.7556174969430285,0.0013386880856760374,0.00535475234270415,0.012048192771084338,10.0,3.0
emblematica:E010550,2803,1026,0.8824665955977139,1.0,0.7142860746819528,0.0009746588693957114,0.003898635477582846,0.007797270955165692,17.5,4.5
emblematica:E010551,2803,736,0.9368077570869661,1.0,0.7980743307282402,0.001358695652173913,0.005434782608695652,0.012228260869565218,4.0,3.0
emblematica:E010552,2803,827,0.85515952476518,1.0,0.7378454691364329,0.0012091898428053204,0.0048367593712212815,0.009673518742442563,14.0,3.0
emblematica:E010553,2803,740,0.9014470060563649,1.0,0.7571147982837617,0.0013513513513513514,0.006756756756756757,0.010810810810810811,3.5,4.0
emblematica:E010554,2803,761,0.8585157560180569,1.0,0.7511542097408339,0.001314060446780552,0.005256241787122208,0.010512483574244415,5.0,4.0
emblematica:E010555,2803,590,0.6847376644270303,1.0,0.26482131120704294,0.001694915254237288,0.005084745762711864,0.006779661016949152,15.0,4.0
emblematica:E010556,2803,725,0.8532721558012798,0.5,0.7727380534193719,0.0,0.005517241379310344,0.012413793103448275,2.0,4.0
emblematica:E010557,2803,830,1.0,1.0,0.7510375705183155,0.0012048192771084338,0.006024096385542169,0.012048192771084338,15.0,5.0
emblematica:E010558,2803,950,0.8069846745100949,0.5,0.7279636530153257,0.0,0.004210526315789474,0.008421052631578947,17.0,3.5
emblematica:E010559,2803,762,1.0,1.0,0.8038416132057491,0.0013123359580052493,0.006561679790026247,0.013123359580052493,8.0,3.0
emblematica:E010560,2803,99,0.3333333333333333,0.058823529411764705,0.05564166760913424,0.0,0.0,0.0,7.5,3.0
emblematica:E010561,2803,55,0.3333333333333333,0.045454545454545456,0.029918713550480397,0.0,0.0,0.0,1.0,4.0
emblematica:E010562,2803,499,0.6272802195539116,1.0,0.24125637889744767,0.002004008016032064,0.004008016032064128,0.006012024048096192,47.0,4.0
emblematica:E010563,2803,814,0.8000633122016704,1.0,0.7450082099993564,0.0012285012285012285,0.0036855036855036856,0.0085995085995086,31.0,3.0
emblematica:E010564,2803,1033,0.9053206285482487,1.0,0.7024774170950633,0.000968054211035818,0.00484027105517909,0.007744433688286544,32.0,3.0
emblematica:E010565,2803,1043,0.7708688724052363,1.0,0.7069103671398523,0.0009587727708533077,0.0019175455417066154,0.006711409395973154,3.0,4.0
emblematica:E010566,2803,855,0.8878984756873928,1.0,0.759356658057504,0.0011695906432748538,0.004678362573099415,0.00935672514619883,31.0,4.0
emblematica:E010567,2803,723,0.9558305176970738,1.0,0.7856986119837874,0.0013831258644536654,0.006915629322268326,0.012448132780082987,4.0,3.5
emblematica:E010568,2803,13,0.3333333333333333,0.009615384615384616,0.0070567965704045185,0.0,0.0,0.0,1.5,3.0
emblematica:E010569,2803,397,0.5187987797453005,0.3333333333333333,0.16672807946870052,0.0,0.005037783375314861,0.007556675062972292,12.0,3.5
emblematica:E010570,2803,272,0.6481044710831648,1.0,0.2077320231196339,0.003676470588235294,0.007352941176470588,0.014705882352941176,5.0,4.0
emblematica:E010571,2803,722,0.8905202757957813,1.0,0.7784558295665733,0.0013850415512465374,0.00554016620498615,0.0110803324099723,9.0,3.0
emblematica:E010572,2803,156,0.3333333333333333,0.022727272727272728,0.042655244506351386,0.0,0.0,0.0,4.5,4.0
emblematica:E010573,2803,754,0.5783056800393526,0.25,0.7547179750216244,0.0,0.001326259946949602,0.006631299734748011,7.0,4.0
emblematica:E010574,2803,167,0.5756923895440753,0.3333333333333333,0.1984114582539127,0.0,0.011976047904191617,0.023952095808383235,2.5,3.5
emblematica:E010575,2803,168,0.524461289859338,0.5,0.1802505583999439,0.0,0.005952380952380952,0.017857142857142856,1.0,4.0
emblematica:E010576,2803,872,1.0,1.0,0.9012149398117483,0.0011467889908256881,0.005733944954128441,0.011467889908256881,6.0,3.5
emblematica:E010577,2803,169,0.37574719213263447,0.07142857142857142,0.18298986910865211,0.0,0.0,0.0,3.0,4.0
emblematica:E010578,2803,731,0.76069719321891,0.3333333333333333,0.7643772707681686,0.0,0.004103967168262654,0.01094391244870041,2.0,3.0
emblematica:E010579,2803,471,0.38224261473290666,0.14285714285714285,0.21055769193330207,0.0,0.0,0.0021231422505307855,3.5,3.5
emblematica:E010580,2803,734,0.6678329028051814,1.0,0.7585114682814005,0.0013623978201634877,0.0027247956403269754,0.005449591280653951,1.0,3.0
emblematica:E010581,2803,39,0.42228080703546356,0.0125,0.012866155672102145,0.0,0.0,0.0,3.0,3.5
emblematica:E010582,2803,180,0.4237902969274442,0.125,0.1857241987820524,0.0,0.0,0.011111111111111112,5.5,3.0
emblematica:E010583,2803,749,0.8842222191013388,1.0,0.7717472801887544,0.0013351134846461949,0.0053404539385847796,0.010680907877169559,2.5,4.0
emblematica:E010584,2803,831,0.9510907186004266,1.0,0.7280758190992335,0.0012033694344163659,0.006016847172081829,0.010830324909747292,7.0,4.0
emblematica:E010585,2803,960,0.7772990368905228,1.0,0.7188225135692937,0.0010416666666666667,0.0020833333333333333,0.007291666666666667,35.0,3.5
emblematica:E010586,2803,971,1.0,1.0,0.7284173293349256,0.0010298661174047373,0.005149330587023687,0.010298661174047374,16.0,4.0
emblematica:E010587,2803,762,0.9477344873475497,1.0,0.7756702689258723,0.0013123359580052493,0.006561679790026247,0.011811023622047244,5.0,3.5
emblematica:E010588,2803,230,0.5955189330975375,1.0,0.20842806160565477,0.004347826086956522,0.008695652173913044,0.013043478260869565,5.0,4.0
emblematica:E010589,2803,141,0.3333333333333333,0.012195121951219513,0.04694321175123077,0.0,0.0,0.0,3.5,4.5
emblematica:E010590,2803,157,0.42590829591570295,0.5,0.18477545525309869,0.0,0.006369426751592357,0.006369426751592357,2.0,3.5
emblematica:E010591,2803,875,1.0,1.0,0.8965740237382848,0.001142857142857143,0.005714285714285714,0.011428571428571429,3.0,4.0
emblematica:E010592,2803,732,0.9368077570869661,1.0,0.7713668173651168,0.001366120218579235,0.00546448087431694,0.012295081967213115,5.5,3.5
emblematica:E010593,2803,180,0.44069505854929314,0.25,0.1818674923157366,0.0,0.005555555555555556,0.011111111111111112,3.0,3.5
emblematica:E010594,2803,949,0.8463507934928551,1.0,0.7352156304640345,0.001053740779768177,0.004214963119072708,0.007376185458377239,6.0,4.0
emblematica:E010595,2803,1106,0.9477344873475497,1.0,0.7080448665403446,0.0009041591320072332,0.0045207956600361665,0.0081374321880651,12.0,4.0
emblematica:E010596,2803,69,0.3333333333333333,0.045454545454545456,0.0481171059898598,0.0,0.0,0.0,5.5,4.0
emblematica:E010597,2803,734,0.9074250374176303,1.0,0.7740466538426314,0.0013623978201634877,0.005449591280653951,0.01226158038147139,6.0,3.0
emblematica:E010598,2803,756,0.6550910915065752,0.3333333333333333,0.7497287670022994,0.0,0.0026455026455026454,0.007936507936507936,19.0,3.0
emblematica:E010599,2803,888,1.0,1.0,0.8881855449757101,0.0011261261261261261,0.00563063063063063,0.01126126126126126,1.5,3.5
emblematica:E010600,2803,1108,1.0,1.0,0.8170576025315858,0.0009025270758122744,0.004512635379061372,0.009025270758122744,21.5,3.5
emblematica:E010601,2803,786,0.8803485966094551,1.0,0.7381905366212205,0.001272264631043257,0.005089058524173028,0.010178117048346057,15.0,3.0
emblematica:E010602,2803,874,1.0,1.0,0.8954582641643553,0.0011441647597254005,0.005720823798627002,0.011441647597254004,3.5,3.5
emblematica:E010603,2803,302,0.3900954117610806,0.2,0.19266240861723308,0.0,0.0033112582781456954,0.0033112582781456954,8.0,3.5
emblematica:E010604,2803,224,0.541366051481187,0.5,0.20554257480715768,0.0,0.008928571428571428,0.013392857142857142,1.5,3.5
emblematica:E010605,2803,735,0.8721935168210541,1.0,0.7555456551846792,0.0013605442176870747,0.006802721088435374,0.009523809523809525,2.0,3.0
emblematica:E010606,2803,213,0.5242306598349794,1.0,0.1552594935509106,0.004694835680751174,0.004694835680751174,0.009389671361502348,2.0,4.0
emblematica:E010607,2803,725,0.8743705652481896,1.0,0.7606781457643208,0.001379310344827586,0.005517241379310344,0.011034482758620689,2.5,4.0
emblematica:E010608,2803,229,0.6795457322063617,1.0,0.19618717477061345,0.004366812227074236,0.008733624454148471,0.021834061135371178,6.0,3.0
emblematica:E010609,2803,200,0.5791053692988266,0.5,0.19014374188326216,0.0,0.01,0.015,1.0,5.0
emblematica:E010610,2803,216,0.5731399412345528,1.0,0.21162845097996288,0.004629629629629629,0.004629629629629629,0.009259259259259259,2.0,4.0
emblematica:E010611,2803,221,0.5844506958940405,1.0,0.17667899558041222,0.004524886877828055,0.004524886877828055,0.013574660633484163,10.5,3.5
emblematica:E010612,2803,740,0.7476007959739591,0.5,0.7723585118863558,0.0,0.004054054054054054,0.00945945945945946,6.0,4.0
emblematica:E010613,2803,1224,1.0,1.0,0.7004388314285447,0.0008169934640522876,0.004084967320261438,0.008169934640522876,23.5,3.5
emblematica:E010614,2803,734,0.8108582970019786,0.5,0.7741796698806054,0.0,0.005449591280653951,0.010899182561307902,6.0,4.0
emblematica:E010615,2803,784,0.9633180389503199,1.0,0.7687393231125317,0.0012755102040816326,0.006377551020408163,0.011479591836734694,3.0,3.0
emblematica:E010616,2803,756,1.0,1.0,0.7582047815431845,0.0013227513227513227,0.006613756613756613,0.013227513227513227,13.0,3.0
emblematica:E010617,2803,782,0.8572775237534389,1.0,0.7550273998255097,0.0012787723785166241,0.005115089514066497,0.0076726342710997444,19.0,4.0
emblematica:E010618,2803,757,0.9368077570869661,1.0,0.784785107518542,0.001321003963011889,0.005284015852047556,0.011889035667107,1.0,3.0
emblematica:E010619,2803,881,1.0,1.0,0.8981240576937645,0.0011350737797956867,0.0056753688989784334,0.011350737797956867,6.0,3.0
emblematica:E010620,2803,743,0.8145345535880326,1.0,0.7582289507245722,0.0013458950201884253,0.004037685060565276,0.009421265141318977,10.0,3.0
emblematica:E010621,2803,793,0.8340611153182702,1.0,0.7537510165790078,0.0012610340479192938,0.0037831021437578815,0.01008827238335435,16.5,4.0
emblematica:E010622,2803,856,0.9035650050446237,1.0,0.7230721874403979,0.0011682242990654205,0.005841121495327103,0.009345794392523364,17.0,4.0
emblematica:E010623,2803,794,0.8671291776065879,1.0,0.74865278974508,0.0012594458438287153,0.006297229219143577,0.008816120906801008,3.0,3.0
emblematica:E010624,2803,810,0.9575861412006987,1.0,0.7718238385580765,0.0012345679012345679,0.006172839506172839,0.011111111111111112,15.0,4.0
emblematica:E010625,2803,716,0.9558305176970738,1.0,0.7984871968408985,0.0013966480446927375,0.006983240223463687,0.012569832402234637,1.0,4.0
emblematica:E010626,2803,754,1.0,1.0,0.7631294733568962,0.001326259946949602,0.006631299734748011,0.013262599469496022,11.0,3.0
emblematica:E010627,2803,354,0.4698894983457272,0.3333333333333333,0.2087914932549484,0.0,0.005649717514124294,0.005649717514124294,18.0,4.0
emblematica:E010628,2803,796,0.9477344873475497,1.0,0.7699961041928157,0.001256281407035176,0.00628140703517588,0.011306532663316583,1.0,3.0
emblematica:E010629,2803,764,1.0,1.0,0.7717208851487898,0.0013089005235602095,0.006544502617801047,0.013089005235602094,11.0,5.0
emblematica:E010630,2803,726,0.9368077570869661,1.0,0.7944840033028222,0.0013774104683195593,0.005509641873278237,0.012396694214876033,4.0,3.0
emblematica:E010631,2803,712,0.9558305176970738,1.0,0.7789735951289363,0.0014044943820224719,0.007022471910112359,0.012640449438202247,1.5,4.0
emblematica:E010632,2803,768,0.8193166215287192,1.0,0.7705955488097906,0.0013020833333333333,0.005208333333333333,0.009114583333333334,2.0,3.0
emblematica:E010633,2803,158,0.38224261473290666,0.14285714285714285,0.18972164041885936,0.0,0.0,0.006329113924050633,3.0,4.0
emblematica:E010634,2803,90,0.3333333333333333,0.07692307692307693,0.03141314076389924,0.0,0.0,0.0,3.5,4.0
emblematica:E010635,2803,230,0.581235971584077,1.0,0.20180632117087777,0.004347826086956522,0.004347826086956522,0.013043478260869565,3.0,4.0
emblematica:E010636,2803,234,0.5572696284171343,0.5,0.204259156933454,0.0,0.004273504273504274,0.01282051282051282,4.0,4.0
emblematica:E010637,2803,793,1.0,1.0,0.8015265021178785,0.0012610340479192938,0.006305170239596469,0.012610340479192938,8.0,3.0
emblematica:E010638,2803,831,0.6868294699994204,0.5,0.7367585076416462,0.0,0.0036101083032490976,0.007220216606498195,21.5,3.5
emblematica:E010639,2803,114,0.396641216561515,0.16666666666666666,0.06255621989670904,0.0,0.0,0.008771929824561403,3.0,3.0
emblematica:E010640,2803,122,0.40669725543269336,0.3333333333333333,0.07080255089314812,0.0,0.00819672131147541,0.00819672131147541,2.0,3.0
emblematica:E010641,2803,206,0.5373910293989698,1.0,0.2146702955101923,0.0048543689320388345,0.0048543689320388345,0.009708737864077669,4.0,3.0
emblematica:E010642,2803,755,1.0,1.0,0.7724379748051745,0.0013245033112582781,0.006622516556291391,0.013245033112582781,8.5,3.0
emblematica:E010643,2803,755,0.9575861412006987,1.0,0.7555955198707367,0.0013245033112582781,0.006622516556291391,0.011920529801324504,5.0,4.0
emblematica:E010644,2803,830,0.7036974907926299,1.0,0.7302852754516295,0.0012048192771084338,0.0024096385542168677,0.006024096385542169,15.0,3.0
emblematica:E010645,2803,947,0.9053206285482487,1.0,0.7153527339290512,0.0010559662090813093,0.005279831045406547,0.008447729672650475,9.0,3.0
emblematica:E010646,2803,730,0.7817956026658199,1.0,0.7563969565507518,0.0013698630136986301,0.0027397260273972603,0.00821917808219178,1.0,4.5
emblematica:E010647,2803,722,0.7965100773735325,0.5,0.7710602974954266,0.0,0.004155124653739612,0.0110803324099723,1.0,4.0
emblematica:E010648,2803,343,0.5268398566463763,0.5,0.19242538167419776,0.0,0.0058309037900874635,0.008746355685131196,3.0,4.0
emblematica:E010649,2803,1112,0.9069212362975004,1.0,0.7130199311591757,0.0008992805755395684,0.0044964028776978415,0.007194244604316547,21.0,4.0
emblematica:E010650,2803,791,0.9477344873475497,1.0,0.7434415902670924,0.0012642225031605564,0.006321112515802781,0.011378002528445006,31.0,3.0
emblematica:E010651,2803,734,0.9266360779006398,1.0,0.7597242931501428,0.0013623978201634877,0.005449591280653951,0.01226158038147139,4.5,4.5
emblematica:E010652,2803,788,0.8206839962938938,1.0,0.7497958926595525,0.0012690355329949238,0.0038071065989847717,0.008883248730964468,7.5,4.0
emblematica:E010653,2803,789,0.9575861412006987,1.0,0.7687305623680433,0.0012674271229404308,0.005069708491761723,0.010139416983523447,6.0,3.0
emblematica:E010654,2803,816,0.9510907186004266,1.0,0.7614267318785606,0.0012254901960784314,0.006127450980392157,0.011029411764705883,12.0,3.0
emblematica:E010655,2803,886,1.0,1.0,0.7237463908706152,0.001128668171557562,0.0056433408577878106,0.011286681715575621,6.0,4.0
emblematica:E010656,2803,552,0.6188612635809163,0.5,0.26924717192491826,0.0,0.005434782608695652,0.005434782608695652,17.0,3.0
emblematica:E010657,2803,748,0.865011178618329,1.0,0.7724572996216813,0.001336898395721925,0.0053475935828877,0.0106951871657754,9.0,3.0
emblematica:E010658,2803,725,0.7039351147911628,0.3333333333333333,0.7574289607813074,0.0,0.002758620689655172,0.009655172413793104,5.0,4.0
emblematica:E010659,2803,802,0.853429880588176,1.0,0.7346752828995792,0.0012468827930174563,0.003740648379052369,0.008728179551122194,4.0,3.0
emblematica:E010660,2803,732,0.8485585501205012,1.0,0.7788635461270131,0.001366120218579235,0.00546448087431694,0.009562841530054645,4.0,3.0
emblematica:E010661,2803,728,0.8257045171699665,1.0,0.7867630538913785,0.0013736263736263737,0.004120879120879121,0.009615384615384616,3.0,3.0
emblematica:E010662,2803,791,0.7453597752277842,1.0,0.7529875327701927,0.0012642225031605564,0.0037926675094816687,0.007585335018963337,13.0,3.0
emblematica:E010663,2803,731,1.0,1.0,0.7831636555881012,0.0013679890560875513,0.006839945280437756,0.013679890560875513,4.0,4.0
emblematica:E010664,2803,726,0.8169680738235193,1.0,0.7844343888260915,0.0013774104683195593,0.005509641873278237,0.009641873278236915,2.0,4.0
emblematica:E010665,2803,743,0.9510907186004266,1.0,0.7913994093005773,0.0013458950201884253,0.006729475100942127,0.012113055181695828,11.0,4.0
emblematica:E010666,2803,966,1.0,1.0,0.732177806615445,0.0010351966873706005,0.005175983436853002,0.010351966873706004,6.0,3.0
emblematica:E010667,2803,821,0.9432379215722525,1.0,0.743968047131486,0.001218026796589525,0.0048721071863581,0.010962241169305725,16.0,3.0
emblematica:E010668,2803,779,0.9048032373092417,1.0,0.767211068490714,0.0012836970474967907,0.006418485237483954,0.010269576379974325,16.5,3.0
emblematica:E010669,2803,771,0.9510907186004266,1.0,0.7541709241232004,0.0012970168612191958,0.00648508430609598,0.011673151750972763,6.0,5.0
emblematica:E010670,2803,939,0.9014470060563649,1.0,0.707676252046742,0.0010649627263045794,0.005324813631522897,0.008519701810436636,18.0,3.5
emblematica:E010671,2803,954,0.9086768598011253,1.0,0.7223251974669868,0.0010482180293501049,0.005241090146750524,0.008385744234800839,9.0,4.0
emblematica:E010672,2803,922,0.9368077570869661,1.0,0.7246766249193469,0.0010845986984815619,0.004338394793926247,0.009761388286334056,4.0,3.0
emblematica:E010673,2803,771,0.9510907186004266,1.0,0.7705649442428921,0.0012970168612191958,0.00648508430609598,0.011673151750972763,8.0,3.0
emblematica:E010674,2803,732,0.8403727621315898,1.0,0.7678038676204683,0.001366120218579235,0.00546448087431694,0.009562841530054645,1.0,3.0
emblematica:E010675,2803,728,0.8990684392693266,1.0,0.7757580603851246,0.0013736263736263737,0.005494505494505495,0.01098901098901099,5.0,3.0
emblematica:E010676,2803,278,0.44170635664396146,0.029411764705882353,0.08914008232281567,0.0,0.0,0.0,3.0,4.0
emblematica:E010677,2803,726,0.8311363972596454,1.0,0.7660737684586122,0.0013774104683195593,0.004132231404958678,0.009641873278236915,10.5,3.0
emblematica:E010678,2803,300,0.45086673773561936,0.3333333333333333,0.10597216709617745,0.0,0.0033333333333333335,0.006666666666666667,7.0,4.0
emblematica:E010679,2803,847,0.9575861412006987,1.0,0.7493744533387786,0.0011806375442739079,0.0059031877213695395,0.010625737898465172,17.0,4.0
emblematica:E010680,2803,829,0.8442327945045964,1.0,0.7460868369194341,0.0012062726176115801,0.0036188178528347406,0.009650180940892641,16.0,3.5
emblematica:E010681,2803,725,0.9477344873475497,1.0,0.7882228178145825,0.001379310344827586,0.005517241379310344,0.011034482758620689,8.0,4.0
emblematica:E010682,2803,1031,0.8532721558012798,0.5,0.7221756433620978,0.0,0.0038797284190106693,0.008729388942774006,19.5,4.0
emblematica:E010683,2803,734,0.7916472565189691,1.0,0.7610482705954412,0.0013623978201634877,0.004087193460490463,0.009536784741144414,1.0,3.5
emblematica:E010684,2803,790,0.8091026734983537,0.5,0.7429643361915726,0.0,0.005063291139240506,0.010126582278481013,17.0,4.0
emblematica:E010685,2803,1047,0.9432379215722525,1.0,0.7101838743060773,0.0009551098376313276,0.0038204393505253103,0.007640878701050621,2.0,4.0
emblematica:E010686,2803,786,0.9432379215722525,1.0,0.7629649576785987,0.001272264631043257,0.005089058524173028,0.011450381679389313,13.5,3.0
emblematica:E010687,2803,963,0.9575861412006987,1.0,0.6926181955651046,0.0010384215991692627,0.005192107995846314,0.009345794392523364,13.0,4.0
emblematica:E010688,2803,740,0.6431637888166241,0.25,0.7499293098947349,0.0,0.002702702702702703,0.008108108108108109,6.0,3.0
emblematica:E010689,2803,739,0.7877736340270853,1.0,0.7508452882490506,0.0013531799729364006,0.0040595399188092015,0.009472259810554804,8.0,3.0
emblematica:E010690,2803,912,0.85515952476518,1.0,0.7307586354147515,0.0010964912280701754,0.0043859649122807015,0.008771929824561403,5.0,4.0
emblematica:E010691,2803,710,0.6075001198357866,0.3333333333333333,0.7599199376795309,0.0,0.0028169014084507044,0.007042253521126761,1.0,3.0
emblematica:E010692,2803,749,0.9477344873475497,1.0,0.7554336229032474,0.0013351134846461949,0.006675567423230975,0.012016021361815754,7.0,3.0
emblematica:E010693,2803,915,1.0,1.0,0.8934337046947871,0.001092896174863388,0.00546448087431694,0.01092896174863388,5.0,4.0
emblematica:E010694,2803,730,0.6936449179328698,0.5,0.7633378130355931,0.0,0.00410958904109589,0.00821917808219178,2.5,3.5
emblematica:E010695,2803,791,0.8075508334549164,1.0,0.7550728450503433,0.0012642225031605564,0.0037926675094816687,0.008849557522123894,11.0,4.0
emblematica:E010696,2803,791,0.7430580004525728,1.0,0.7465943755670869,0.0012642225031605564,0.0037926675094816687,0.007585335018963337,12.5,3.5
emblematica:E010697,2803,743,0.9558305176970738,1.0,0.7730328374640701,0.0013458950201884253,0.006729475100942127,0.012113055181695828,1.0,4.0
emblematica:E010698,2803,758,0.9368077570869661,1.0,0.7715177417809863,0.0013192612137203166,0.005277044854881266,0.011873350923482849,11.0,3.0
emblematica:E010699,2803,720,0.8069846745100949,0.5,0.752973615825718,0.0,0.005555555555555556,0.011111111111111112,2.0,3.0
emblematica:E010700,2803,793,0.9575861412006987,1.0,0.7653010897352702,0.0012610340479192938,0.006305170239596469,0.011349306431273645,9.5,4.0
emblematica:E010701,2803,770,0.9368077570869661,1.0,0.7595545156424371,0.0012987012987012987,0.005194805194805195,0.011688311688311689,7.0,4.0
emblematica:E010702,2803,1041,0.8606337550063157,1.0,0.7135171258015874,0.0009606147934678194,0.004803073967339097,0.0067243035542747355,39.0,5.0
emblematica:E010703,2803,978,1.0,1.0,0.7161518308275432,0.0010224948875255625,0.00408997955010225,0.009202453987730062,14.0,3.0
emblematica:E010704,2803,771,0.909543036405889,1.0,0.7478028303518847,0.0012970168612191958,0.00648508430609598,0.010376134889753566,2.5,4.0
emblematica:E010705,2803,771,0.9477344873475497,1.0,0.7736621017217911,0.0012970168612191958,0.00648508430609598,0.011673151750972763,6.0,3.0
emblematica:E010706,2803,751,1.0,1.0,0.7604336317824072,0.0013315579227696406,0.006657789613848202,0.013315579227696404,5.0,3.0
emblematica:E010707,2803,754,0.6975049503058763,0.3333333333333333,0.7706011742426973,0.0,0.002652519893899204,0.009283819628647215,3.5,3.0
emblematica:E010708,2803,735,0.8943938982876649,1.0,0.7641709177408075,0.0013605442176870747,0.005442176870748299,0.010884353741496598,3.5,3.0
emblematica:E010709,2803,756,0.7333178344604987,0.5,0.7507746130601942,0.0,0.0026455026455026454,0.009259259259259259,10.0,4.0
emblematica:E010710,2803,766,0.9074250374176303,1.0,0.7847476744762384,0.0013054830287206266,0.005221932114882507,0.01174934725848564,17.0,4.0
emblematica:E010711,2803,722,0.9432379215722525,1.0,0.7806635342174371,0.0013850415512465374,0.00554016620498615,0.012465373961218837,2.0,4.0
emblematica:E010712,2803,723,0.8532721558012798,0.5,0.7969293152325622,0.0,0.005532503457814661,0.012448132780082987,3.0,3.0
emblematica:E010713,2803,717,0.8108582970019786,0.5,0.7713665649327135,0.0,0.005578800557880056,0.011157601115760111,2.0,3.0
emblematica:E010714,2803,999,0.7799082337019198,0.5,0.7178275913352656,0.0,0.003003003003003003,0.008008008008008008,7.5,4.0
emblematica:E010715,2803,761,0.8532721558012798,0.5,0.7554893687931682,0.0,0.005256241787122208,0.011826544021024968,5.0,3.0
emblematica:E010716,2803,774,1.0,1.0,0.7683987248087254,0.0012919896640826874,0.006459948320413436,0.012919896640826873,3.0,3.0
emblematica:E010717,2803,952,0.9558305176970738,1.0,0.7299517002189717,0.0010504201680672268,0.005252100840336135,0.009453781512605041,5.0,3.5
emblematica:E010718,2803,717,0.7523405950706065,0.5,0.7629606734921848,0.0,0.0041841004184100415,0.009762900976290097,5.0,3.0
emblematica:E010719,2803,728,0.8257045171699665,1.0,0.7663896792240775,0.0013736263736263737,0.004120879120879121,0.009615384615384616,5.5,3.0
emblematica:E010720,2803,895,1.0,1.0,0.8888470552362138,0.0011173184357541898,0.00558659217877095,0.0111731843575419,8.0,3.0
emblematica:E010721,2803,742,0.909543036405889,1.0,0.7648796740767541,0.0013477088948787063,0.006738544474393531,0.01078167115902965,8.0,3.0
emblematica:E010722,2803,738,0.85515952476518,1.0,0.7648951052392774,0.0013550135501355014,0.005420054200542005,0.01084010840108401,6.0,3.0
emblematica:E010723,2803,761,0.6768586739829876,0.5,0.7573549903363639,0.0,0.002628120893561104,0.00788436268068331,7.0,4.0
emblematica:E010724,2803,711,0.8743705652481896,1.0,0.7778981631620001,0.0014064697609001407,0.005625879043600563,0.011251758087201125,1.0,3.5
emblematica:E010725,2803,982,0.8010066431488296,0.5,0.7229451537750663,0.0,0.004073319755600814,0.008146639511201629,21.0,3.0
emblematica:E010726,2803,1020,0.8379347378101539,1.0,0.7102254503749227,0.000980392156862745,0.00392156862745098,0.006862745098039216,12.5,3.0
emblematica:E010727,2803,720,0.8340611153182702,1.0,0.7688637046139224,0.001388888888888889,0.004166666666666667,0.011111111111111112,4.0,3.0
emblematica:E010728,2803,719,0.8845422444345158,1.0,0.7674296595297616,0.0013908205841446453,0.005563282336578581,0.011126564673157162,5.0,3.0
emblematica:E010729,2803,779,1.0,1.0,0.7547467977870909,0.0012836970474967907,0.006418485237483954,0.012836970474967908,10.5,3.0
emblematica:E010730,2803,746,0.9510907186004266,1.0,0.7769747640278742,0.0013404825737265416,0.006702412868632708,0.012064343163538873,7.0,3.0
emblematica:E010731,2803,879,0.8280830839570048,1.0,0.7368674379170013,0.0011376564277588168,0.004550625711035267,0.007963594994311717,6.0,3.0
emblematica:E010732,2803,778,0.8340611153182702,1.0,0.7551146219800251,0.0012853470437017994,0.0038560411311053984,0.010282776349614395,9.0,3.5
emblematica:E010733,2803,1289,0.836179114306529,1.0,0.6996722855974487,0.0007757951900698216,0.0023273855702094647,0.004654771140418929,37.0,3.0
emblematica:E010734,2803,840,0.7272671635414792,1.0,0.7350366812123456,0.0011904761904761906,0.002380952380952381,0.005952380952380952,7.0,4.0
emblematica:E010735,2803,751,0.9537125187088151,1.0,0.7665583937232061,0.0013315579227696406,0.006657789613848202,0.011984021304926764,5.5,3.5
emblematica:E010736,2803,762,0.8532721558012798,0.5,0.7433511925531662,0.0,0.005249343832020997,0.011811023622047244,2.0,3.0
emblematica:E010737,2803,718,0.8532721558012798,0.5,0.763968342476812,0.0,0.005571030640668524,0.012534818941504178,1.0,3.0
emblematica:E010738,2803,741,0.8623893785099406,1.0,0.7652961854176115,0.001349527665317139,0.006747638326585695,0.009446693657219974,6.0,4.0
emblematica:E010739,2803,157,0.37574719213263447,0.1,0.18781965455718666,0.0,0.0,0.006369426751592357,2.0,3.5
emblematica:E010740,2803,71,0.35167431385817327,0.047619047619047616,0.0390528618230549,0.0,0.0,0.0,3.0,5.0
emblematica:E010741,2803,505,0.3900954117610806,0.2,0.25579131841063907,0.0,0.0019801980198019802,0.0019801980198019802,16.0,4.0
emblematica:E010742,2803,272,0.5400287205632378,1.0,0.1647005505375909,0.003676470588235294,0.003676470588235294,0.007352941176470588,2.0,3.5
emblematica:E010743,2803,857,0.8010066431488296,0.5,0.7327737748436317,0.0,0.004667444574095682,0.009334889148191364,10.0,4.0
emblematica:E010744,2803,721,0.8926382747840401,1.0,0.775547273538639,0.0013869625520110957,0.005547850208044383,0.011095700416088766,4.0,3.0
emblematica:E010745,2803,847,0.7516061639261181,1.0,0.7357446238770431,0.0011806375442739079,0.004722550177095631,0.0059031877213695395,16.0,3.0
emblematica:E010746,2803,79,0.3590957232630663,0.013888888888888888,0.028937887796471013,0.0,0.0,0.0,3.0,4.0
emblematica:E010747,2803,793,0.8824665955977139,1.0,0.7413094154872799,0.0012610340479192938,0.005044136191677175,0.008827238335435058,4.5,3.5
emblematica:E010748,2803,725,0.8235865181817077,1.0,0.7633988333664825,0.001379310344827586,0.004137931034482759,0.009655172413793104,1.0,3.0
emblematica:E010749,2803,730,0.8532721558012798,0.5,0.762925881066994,0.0,0.005479452054794521,0.012328767123287671,6.0,3.0
emblematica:E010750,2803,1025,1.0,1.0,0.72966375352946,0.000975609756097561,0.004878048780487805,0.00975609756097561,18.0,4.0
emblematica:E010751,2803,765,0.8506629589898829,1.0,0.7383722437960739,0.00130718954248366,0.00261437908496732,0.009150326797385621,13.5,3.5
emblematica:E010752,2803,805,0.8743705652481896,1.0,0.7394492962025495,0.0012422360248447205,0.004968944099378882,0.009937888198757764,3.0,3.0
emblematica:E010753,2803,800,0.7491158951887571,0.5,0.7503055459489144,0.0,0.0025,0.00875,11.0,3.0
emblematica:E010754,2803,831,0.8501591578697532,1.0,0.7431155394559474,0.0012033694344163659,0.0048134777376654635,0.00842358604091456,16.5,4.0
emblematica:E010755,2803,741,0.8743705652481896,1.0,0.7651076795416044,0.001349527665317139,0.005398110661268556,0.010796221322537112,2.5,3.0
emblematica:E010756,2803,710,0.8572775237534389,1.0,0.7898379515735654,0.0014084507042253522,0.007042253521126761,0.009859154929577466,1.5,3.5
emblematica:E010757,2803,1059,0.8532721558012798,0.5,0.7142599944734848,0.0,0.003777148253068933,0.0084985835694051,24.5,4.0
emblematica:E010758,2803,751,0.9477344873475497,1.0,0.7784554161674391,0.0013315579227696406,0.006657789613848202,0.011984021304926764,6.0,3.0
emblematica:E010759,2803,803,0.7799082337019198,0.5,0.7605455733311541,0.0,0.0037359900373599006,0.009962640099626401,6.0,4.0
emblematica:E010760,2803,800,0.8532721558012798,0.5,0.7399688187143263,0.0,0.005,0.01125,13.0,3.5
emblematica:E010761,2803,296,0.6023343810309868,1.0,0.22269695533829892,0.0033783783783783786,0.006756756756756757,0.010135135135135136,1.0,3.5
emblematica:E010762,2803,374,0.3881062803360846,0.1111111111111111,0.1940534357366858,0.0,0.0,0.00267379679144385,7.0,3.0
emblematica:E010763,2803,734,0.8091026734983537,0.5,0.7685390038904897,0.0,0.005449591280653951,0.010899182561307902,1.0,4.0
emblematica:E010764,2803,773,0.9510907186004266,1.0,0.7648528830321112,0.00129366106080207,0.00646830530401035,0.01164294954721863,2.0,4.0
emblematica:E010765,2803,726,0.9074250374176303,1.0,0.7660334477261482,0.0013774104683195593,0.005509641873278237,0.012396694214876033,6.5,3.0
emblematica:E010766,2803,805,0.9510907186004266,1.0,0.7753902010284978,0.0012422360248447205,0.006211180124223602,0.011180124223602485,24.5,4.0
emblematica:E010767,2803,793,0.8017536775903096,1.0,0.7436654214662849,0.0012610340479192938,0.0037831021437578815,0.007566204287515763,10.0,4.0
emblematica:E010768,2803,740,0.9510907186004266,1.0,0.7938655880054014,0.0013513513513513514,0.006756756756756757,0.012162162162162163,4.0,4.5
emblematica:E010769,2803,793,0.8632555551147042,1.0,0.7602916570398969,0.0012610340479192938,0.005044136191677175,0.01008827238335435,17.0,4.0
emblematica:E010770,2803,744,0.8777267965010666,1.0,0.7746759237425411,0.0013440860215053765,0.005376344086021506,0.010752688172043012,2.0,4.0
emblematica:E010771,2803,846,0.6588994558834732,0.5,0.7301592725461493,0.0,0.0035460992907801418,0.00591016548463357,4.0,3.0
emblematica:E010772,2803,789,0.9558305176970738,1.0,0.755309282543476,0.0012674271229404308,0.0063371356147021544,0.011406844106463879,5.0,3.0
emblematica:E010773,2803,793,0.9266360779006398,1.0,0.7335079585691673,0.0012610340479192938,0.005044136191677175,0.011349306431273645,10.5,4.0
emblematica:E010774,2803,802,0.8878984756873928,1.0,0.7540225682202928,0.0012468827930174563,0.004987531172069825,0.00997506234413965,17.5,3.5
emblematica:E010775,2803,858,1.0,1.0,0.773148988705317,0.0011655011655011655,0.005827505827505828,0.011655011655011656,15.0,4.0
emblematica:E010776,2803,1043,0.9575861412006987,1.0,0.7253935096806516,0.0009587727708533077,0.003835091083413231,0.007670182166826462,5.5,4.0
emblematica:E010777,2803,945,0.7167159907888859,0.5,0.6998034872276375,0.0,0.0021164021164021165,0.007407407407407408,20.0,3.0
emblematica:E010778,2803,1008,0.9575861412006987,1.0,0.8453570817030276,0.000992063492063492,0.00496031746031746,0.008928571428571428,30.0,3.0
emblematica:E010779,2803,227,0.5458626172564842,0.5,0.20889730426247718,0.0,0.013215859030837005,0.013215859030837005,3.0,3.0
emblematica:E010780,2803,708,0.8532721558012798,0.5,0.7703373429403547,0.0,0.005649717514124294,0.012711864406779662,1.0,3.0
emblematica:E010781,2803,796,0.8842222191013388,1.0,0.7608344958115952,0.001256281407035176,0.005025125628140704,0.010050251256281407,14.0,4.0
emblematica:E010782,2803,834,1.0,1.0,0.9154995035775266,0.001199040767386091,0.005995203836930456,0.011990407673860911,1.5,3.0
emblematica:E010783,2803,185,0.3333333333333333,0.03571428571428571,0.0675493997153714,0.0,0.0,0.0,6.0,5.0
emblematica:E010784,2803,178,0.49172233893712536,0.25,0.18987286369458192,0.0,0.0056179775280898875,0.016853932584269662,3.0,3.0
emblematica:E010785,2803,737,1.0,1.0,0.7744493003472263,0.0013568521031207597,0.0067842605156037995,0.013568521031207599,15.0,3.0
emblematica:E010786,2803,433,0.5268398566463763,0.5,0.20863995890796785,0.0,0.004618937644341801,0.006928406466512702,11.0,4.0
emblematica:E010787,2803,739,0.74591043058532,0.5,0.7557793603347663,0.0,0.0040595399188092015,0.009472259810554804,5.5,3.0
emblematica:E010788,2803,728,0.9432379215722525,1.0,0.7843578802342875,0.0013736263736263737,0.005494505494505495,0.012362637362637362,3.5,3.0
emblematica:E010789,2803,187,0.3333333333333333,0.09090909090909091,0.16670604671939665,0.0,0.0,0.0,6.0,3.0
emblematica:E010790,2803,414,0.49120494769811857,0.25,0.19169004249236024,0.0,0.0024154589371980675,0.007246376811594203,5.0,3.0
emblematica:E010791,2803,987,0.8943286401726791,1.0,0.723826649867876,0.0010131712259371835,0.004052684903748734,0.008105369807497468,27.5,4.0
emblematica:E010792,2803,736,0.9510907186004266,1.0,0.7780647418333563,0.001358695652173913,0.006793478260869565,0.012228260869565218,3.0,3.0
emblematica:E010793,2803,947,0.9558305176970738,1.0,0.8687316803045052,0.0010559662090813093,0.005279831045406547,0.009503695881731784,18.0,3.0
emblematica:E010794,2803,393,0.3900954117610806,0.2,0.19386220587874126,0.0,0.002544529262086514,0.002544529262086514,3.0,3.5
emblematica:E010795,2803,177,0.470077778218629,0.5,0.20674088522457829,0.0,0.005649717514124294,0.011299435028248588,3.0,3.0
emblematica:E010796,2803,731,0.8611375561264454,1.0,0.785547761996504,0.0013679890560875513,0.005471956224350205,0.01094391244870041,7.0,3.0
emblematica:E010797,2803,875,0.85515952476518,1.0,0.884890267091329,0.001142857142857143,0.004571428571428572,0.009142857142857144,3.0,3.0
emblematica:E010798,2803,199,0.557632219924926,0.3333333333333333,0.20439799921062457,0.0,0.005025125628140704,0.010050251256281407,2.0,4.0
emblematica:E010799,2803,244,0.5172314361145774,0.5,0.22809945578652158,0.0,0.004098360655737705,0.012295081967213115,17.0,4.0
emblematica:E010800,2803,893,0.9074250374176303,1.0,0.8880314718002686,0.0011198208286674132,0.004479283314669653,0.010078387458006719,5.5,3.5
emblematica:E010801,2803,162,0.43250927056038174,0.2,0.17649608243809212,0.0,0.006172839506172839,0.012345679012345678,2.0,3.0
emblematica:E010802,2803,419,0.5652745409093872,0.5,0.2147814281488357,0.0,0.002386634844868735,0.00954653937947494,10.0,4.0
emblematica:E010803,2803,227,0.5390671769962696,0.5,0.2066651396631763,0.0,0.00881057268722467,0.013215859030837005,4.0,4.0
emblematica:E010804,2803,229,0.37574719213263447,0.05,0.18392498284471737,0.0,0.0,0.0,11.0,3.0
emblematica:E010805,2803,282,0.7120023851081073,1.0,0.20798089689965502,0.0035460992907801418,0.0070921985815602835,0.014184397163120567,7.0,4.0
emblematica:E010806,2803,991,0.8842222191013388,1.0,0.7190519253792164,0.0010090817356205853,0.004036326942482341,0.008072653884964682,9.0,3.0
emblematica:E010807,2803,725,0.7206486909514688,0.3333333333333333,0.7650659768664414,0.0,0.002758620689655172,0.009655172413793104,9.0,3.0
emblematica:E010808,2803,763,1.0,1.0,0.7829325164297709,0.001310615989515072,0.00655307994757536,0.01310615989515072,10.0,4.0
emblematica:E010809,2803,817,0.9558305176970738,1.0,0.755904434495653,0.0012239902080783353,0.006119951040391677,0.011015911872705019,8.0,4.0
emblematica:E010810,2803,1063,0.8108582970019786,0.5,0.7122719503837124,0.0,0.0037629350893697085,0.007525870178739417,45.5,3.5
emblematica:E010811,2803,856,0.8532721558012798,0.5,0.7416793199759485,0.0,0.004672897196261682,0.010514018691588784,5.0,4.0
emblematica:E010812,2803,1035,0.8845422444345158,1.0,0.7102645446308491,0.000966183574879227,0.003864734299516908,0.007729468599033816,24.5,4.0
emblematica:E010813,2803,785,0.8988252059479763,1.0,0.7481501713536372,0.0012738853503184713,0.006369426751592357,0.01019108280254777,15.0,3.0
emblematica:E010814,2803,761,0.8532721558012798,0.5,0.7606642656673995,0.0,0.005256241787122208,0.011826544021024968,4.0,4.0
emblematica:E010815,2803,949,0.8532721558012798,0.5,0.7252545048499376,0.0,0.004214963119072708,0.009483667017913594,17.0,5.0
emblematica:E010816,2803,757,0.9368077570869661,1.0,0.7764569944672033,0.001321003963011889,0.005284015852047556,0.011889035667107,12.0,4.0
emblematica:E010817,2803,751,0.8088720434739951,1.0,0.767415744505654,0.0013315579227696406,0.005326231691078562,0.009320905459387484,4.0,3.0
emblematica:E010818,2803,723,0.9101919590159235,1.0,0.7844164314642436,0.0013831258644536654,0.005532503457814661,0.011065006915629323,4.5,3.5
emblematica:E010819,2803,176,0.3333333333333333,0.08333333333333333,0.17156465951639352,0.0,0.0,0.0,3.5,4.0
emblematica:E010820,2803,900,0.863443834987606,1.0,0.7203095676344028,0.0011111111111111111,0.0033333333333333335,0.008888888888888889,32.0,4.0
emblematica:E010821,2803,727,0.9432379215722525,1.0,0.7688341164287802,0.001375515818431912,0.005502063273727648,0.012379642365887207,4.0,4.0
emblematica:E010822,2803,865,0.7799082337019198,0.5,0.7310473827303596,0.0,0.003468208092485549,0.009248554913294798,23.5,4.0
emblematica:E010823,2803,925,0.8468029266168764,1.0,0.7257994523844307,0.001081081081081081,0.004324324324324324,0.0075675675675675675,13.0,3.0
emblematica:E010824,2803,750,0.8743705652481896,1.0,0.765893553469269,0.0013333333333333333,0.005333333333333333,0.010666666666666666,15.0,3.0
emblematica:E010825,2803,760,0.8437289933844666,1.0,0.7826828457412666,0.0013157894736842105,0.005263157894736842,0.009210526315789473,8.0,3.0
emblematica:E010826,2803,772,0.9432379215722525,1.0,0.7593386209292098,0.0012953367875647669,0.0051813471502590676,0.011658031088082901,12.0,3.0
emblematica:E010827,2803,946,0.6386384630087473,0.5,0.7158233438194043,0.0,0.0021141649048625794,0.005285412262156448,6.0,3.0
emblematica:E010828,2803,781,0.6419946942616241,0.5,0.7377443461698743,0.0,0.002560819462227913,0.006402048655569782,11.0,3.0
emblematica:E010829,2803,271,0.40669725543269336,0.3333333333333333,0.19271529002332957,0.0,0.0036900369003690036,0.0036900369003690036,12.5,3.5
emblematica:E010830,2803,958,0.8572775237534389,1.0,0.7057687978109441,0.0010438413361169101,0.005219206680584551,0.007306889352818371,9.0,3.0
emblematica:E010831,2803,731,0.85515952476518,1.0,0.7791202904353731,0.0013679890560875513,0.005471956224350205,0.01094391244870041,2.5,3.0
emblematica:E010832,2803,816,0.9537125187088151,1.0,0.7753459873829394,0.0012254901960784314,0.006127450980392157,0.011029411764705883,17.0,4.5
emblematica:E010833,2803,739,0.7780300549974902,1.0,0.7521990080909913,0.0013531799729364006,0.005412719891745603,0.008119079837618403,2.0,3.0
emblematica:E010834,2803,737,0.6894512701078089,0.5,0.7569535310993853,0.0,0.004070556309362279,0.008141112618724558,3.0,3.0
emblematica:E010835,2803,724,0.8546557236450504,1.0,0.7669644774631234,0.0013812154696132596,0.0055248618784530384,0.008287292817679558,2.5,3.0
emblematica:E010836,2803,858,0.8969504402810676,0.5,0.7366863573698212,0.0,0.0034965034965034965,0.008158508158508158,22.0,4.0
emblematica:E010837,2803,837,1.0,1.0,0.7471483190971706,0.0011947431302270011,0.005973715651135006,0.011947431302270013,20.0,4.0
emblematica:E010838,2803,842,0.9558305176970738,1.0,0.7626180756568516,0.0011876484560570072,0.0059382422802850355,0.010688836104513063,12.0,3.0
emblematica:E010839,2803,797,0.8091026734983537,0.5,0.741006442184032,0.0,0.005018820577164366,0.010037641154328732,13.5,3.0
emblematica:E010840,2803,743,0.8169680738235193,1.0,0.7707417577497613,0.0013458950201884253,0.005383580080753701,0.009421265141318977,4.5,4.5
emblematica:E010841,2803,723,0.8545365814817666,1.0,0.7955627543771964,0.0013831258644536654,0.005532503457814661,0.009681881051175657,2.0,4.0
emblematica:E010842,2803,936,0.8108582970019786,0.5,0.7347074446619825,0.0,0.004273504273504274,0.008547008547008548,5.5,4.0
emblematica:E010843,2803,759,0.9537125187088151,1.0,0.7787762462998393,0.0013175230566534915,0.006587615283267457,0.011857707509881422,5.0,4.0
emblematica:E010844,2803,850,1.0,1.0,0.917434303815384,0.001176470588235294,0.0058823529411764705,0.011764705882352941,2.0,4.0
emblematica:E010845,2803,756,0.8943286401726791,1.0,0.7586659823361619,0.0013227513227513227,0.005291005291005291,0.010582010582010581,11.0,4.0
emblematica:E010846,2803,167,0.4538554281132835,0.25,0.17102973258298204,0.0,0.005988023952095809,0.011976047904191617,2.5,4.0
emblematica:E010847,2803,191,0.484774783212832,0.2,0.1916501564878854,0.0,0.005235602094240838,0.015706806282722512,1.5,4.0
emblematica:E010848,2803,241,0.49120494769811857,0.25,0.20543820300610743,0.0,0.004149377593360996,0.012448132780082987,4.0,3.0
emblematica:E010849,2803,720,0.7336207524107349,0.5,0.7786309621998012,0.0,0.004166666666666667,0.009722222222222222,2.5,3.0
emblematica:E010850,2803,980,0.9510907186004266,1.0,0.7320221258539307,0.0010204081632653062,0.00510204081632653,0.009183673469387756,18.0,4.0
emblematica:E010851,2803,117,0.3333333333333333,0.010526315789473684,0.04078774423916053,0.0,0.0,0.0,2.0,3.5
emblematica:E010852,2803,194,0.35167431385817327,0.058823529411764705,0.18044205025866472,0.0,0.0,0.0,2.0,4.0
emblematica:E010853,2803,231,0.3333333333333333,0.09090909090909091,0.1871684913722198,0.0,0.0,0.0,2.0,4.0
emblematica:E010854,2803,165,0.4589627680851436,0.3333333333333333,0.17820488782506613,0.0,0.006060606060606061,0.012121212121212121,1.0,3.0
emblematica:E010855,2803,540,0.558138705312192,0.3333333333333333,0.2411208955235652,0.0,0.003703703703703704,0.005555555555555556,3.0,3.0
emblematica:E010856,2803,206,0.6481044710831648,0.1,0.20409034943287319,0.0,0.0,0.0048543689320388345,2.0,4.0
emblematica:E010857,2803,261,0.3333333333333333,0.058823529411764705,0.1745630376616286,0.0,0.0,0.0,12.5,3.0
emblematica:E010858,2803,230,0.37574719213263447,0.1,0.18210654875443558,0.0,0.0,0.004347826086956522,4.5,4.0
emblematica:E010859,2803,1022,1.0,1.0,0.7126490692291017,0.0009784735812133072,0.004892367906066536,0.009784735812133072,16.0,3.0
emblematica:E010860,2803,729,0.863443834987606,1.0,0.7705091338439931,0.0013717421124828531,0.00411522633744856,0.010973936899862825,2.0,4.0
emblematica:E010861,2803,781,0.9537125187088151,1.0,0.7653164933689296,0.0012804097311139564,0.006402048655569782,0.011523687580025609,14.0,3.0
emblematica:E010862,2803,747,1.0,1.0,0.7952167510539545,0.0013386880856760374,0.006693440428380187,0.013386880856760375,11.0,3.0
emblematica:E010863,2803,27,0.3333333333333333,0.014285714285714285,0.013384686141857867,0.0,0.0,0.0,4.5,3.0
emblematica:E010864,2803,194,0.5958389584307145,1.0,0.22188078340784745,0.005154639175257732,0.010309278350515464,0.015463917525773196,5.0,3.0
emblematica:E010865,2803,832,0.9575861412006987,1.0,0.9229023405098796,0.001201923076923077,0.006009615384615385,0.010817307692307692,3.0,3.0
emblematica:E010866,2803,934,0.8905202757957813,1.0,0.7412321461938377,0.0010706638115631692,0.004282655246252677,0.008565310492505354,3.0,3.0
emblematica:E010867,2803,1119,1.0,1.0,0.8279891970515626,0.0008936550491510277,0.004468275245755138,0.008936550491510277,22.0,3.0
emblematica:E010868,2803,752,0.6889051188362223,0.5,0.745438307576379,0.0,0.0026595744680851063,0.006648936170212766,11.0,3.0
emblematica:E010869,2803,1039,1.0,1.0,0.8437714226866265,0.0009624639076034649,0.004812319538017324,0.009624639076034648,9.0,3.0
emblematica:E010870,2803,1085,0.9432379215722525,1.0,0.7201892821679177,0.0009216589861751152,0.003686635944700461,0.008294930875576038,20.5,4.0
emblematica:E010871,2803,749,0.9510907186004266,1.0,0.7768906561323142,0.0013351134846461949,0.006675567423230975,0.012016021361815754,9.5,3.0
emblematica:E010872,2803,739,0.9086768598011253,1.0,0.7687023391046228,0.0013531799729364006,0.006765899864682003,0.010825439783491205,8.0,3.0
emblematica:E010873,2803,794,0.8990684392693266,1.0,0.7766053248860469,0.0012594458438287153,0.005037783375314861,0.010075566750629723,12.0,3.5
emblematica:E010874,2803,891,0.9432379215722525,1.0,0.7356420107104541,0.001122334455667789,0.004489337822671156,0.010101010101010102,15.0,4.0
emblematica:E010875,2803,781,0.9432379215722525,1.0,0.7537723867023488,0.0012804097311139564,0.005121638924455826,0.011523687580025609,13.0,3.0
emblematica:E010876,2803,1046,1.0,1.0,0.8408210954617159,0.0009560229445506692,0.004780114722753346,0.009560229445506692,3.0,3.0
emblematica:E010877,2803,929,0.8845422444345158,1.0,0.7326069295667704,0.001076426264800861,0.004305705059203444,0.008611410118406888,5.0,3.0
emblematica:E010878,2803,944,0.8418674379727367,1.0,0.7261914460713887,0.001059322033898305,0.00423728813559322,0.007415254237288136,6.0,4.0
emblematica:E010879,2803,221,0.5124974828232769,0.3333333333333333,0.19622040732819332,0.0,0.004524886877828055,0.013574660633484163,9.5,3.5
emblematica:E010880,2803,253,0.37962081462451813,0.125,0.09821486848899875,0.0,0.0,0.003952569169960474,17.0,4.0
emblematica:E010881,2803,849,1.0,1.0,0.9032716535778265,0.001177856301531213,0.005889281507656066,0.011778563015312132,12.5,3.5
emblematica:E010882,2803,910,0.7645708157107938,0.5,0.71579715681099,0.0,0.004395604395604396,0.007692307692307693,10.5,3.0
emblematica:E010883,2803,948,0.85515952476518,1.0,0.7207119422090263,0.0010548523206751054,0.004219409282700422,0.008438818565400843,7.0,5.0
emblematica:E010884,2803,284,0.48960433994886654,0.25,0.22174188734070593,0.0,0.0035211267605633804,0.01056338028169014,11.0,3.0
emblematica:E010885,2803,730,1.0,1.0,0.7785587538739118,0.0013698630136986301,0.00684931506849315,0.0136986301369863,5.0,3.0
emblematica:E010886,2803,767,0.8909724089198024,1.0,0.7628107424109064,0.001303780964797914,0.005215123859191656,0.010430247718383311,5.0,3.5
emblematica:E010887,2803,730,0.9266360779006398,1.0,0.7590042844534111,0.0013698630136986301,0.005479452054794521,0.012328767123287671,6.5,3.0
emblematica:E010888,2803,872,1.0,1.0,0.9017786989311878,0.0011467889908256881,0.005733944954128441,0.011467889908256881,10.0,3.5
emblematica:E010889,2803,708,0.7000750824181562,0.5,0.762127772217859,0.0,0.00423728813559322,0.00847457627118644,1.5,2.5
emblematica:E010890,2803,188,0.3333333333333333,0.05555555555555555,0.07825330429932206,0.0,0.0,0.0,7.0,4.0
emblematica:E010891,2803,764,0.9510907186004266,1.0,0.7529945344930599,0.0013089005235602095,0.006544502617801047,0.011780104712041885,11.0,5.0
emblematica:E010892,2803,235,0.388813570295747,0.1,0.17515778622957187,0.0,0.0,0.00425531914893617,12.0,3.5
emblematica:E010893,2803,836,0.8532721558012798,0.5,0.7528052468369681,0.0,0.004784688995215311,0.01076555023923445,15.0,3.5
emblematica:E010894,2803,858,1.0,1.0,0.7453807116100347,0.0011655011655011655,0.005827505827505828,0.011655011655011656,34.0,4.0
emblematica:E010895,2803,188,0.4454348576459405,0.25,0.20309853986459991,0.0,0.005319148936170213,0.010638297872340425,3.5,4.0
emblematica:E010896,2803,734,0.7167159907888859,0.5,0.7487780352846145,0.0,0.0027247956403269754,0.009536784741144414,11.0,4.0
emblematica:E010897,2803,724,1.0,1.0,0.7821974989338663,0.0013812154696132596,0.006906077348066298,0.013812154696132596,3.5,3.5
emblematica:E010898,2803,158,0.6002037787457364,0.5,0.19263915201631648,0.0,0.0189873417721519,0.02531645569620253,2.5,3.0
emblematica:E010899,2803,727,0.9266360779006398,1.0,0.7800787224096731,0.001375515818431912,0.005502063273727648,0.012379642365887207,4.0,3.5
emblematica:E010900,2803,717,0.8698739994728926,1.0,0.774021264068542,0.001394700139470014,0.0041841004184100415,0.011157601115760111,3.0,3.0
emblematica:E010901,2803,24,0.3333333333333333,0.01282051282051282,0.007901939866756894,0.0,0.0,0.0,2.0,4.0
emblematica:E010902,2803,66,0.35167431385817327,0.07692307692307693,0.04231873032197074,0.0,0.0,0.0,10.0,4.0
emblematica:E010903,2803,763,1.0,1.0,0.7702939160232606,0.001310615989515072,0.00655307994757536,0.01310615989515072,17.5,3.0
emblematica:E010904,2803,1002,0.8969504402810676,1.0,0.716370922265717,0.000998003992015968,0.003992015968063872,0.007984031936127744,12.0,3.0
emblematica:E010905,2803,930,0.9074250374176303,1.0,0.7275173452722091,0.001075268817204301,0.004301075268817204,0.00967741935483871,7.5,3.5
emblematica:E010906,2803,713,0.674113852116683,0.3333333333333333,0.7687340606701188,0.0,0.004207573632538569,0.008415147265077139,1.0,5.0
emblematica:E010907,2803,837,0.8331920384232125,0.5,0.7362384692518805,0.0,0.0035842293906810036,0.009557945041816009,18.5,4.0
emblematica:E010908,2803,740,0.8585157560180569,1.0,0.7703232069007218,0.0013513513513513514,0.005405405405405406,0.010810810810810811,12.0,3.0
emblematica:E010909,2803,804,0.865011178618329,1.0,0.7515325481045813,0.0012437810945273632,0.004975124378109453,0.009950248756218905,6.5,3.0
emblematica:E010910,2803,831,0.9575861412006987,1.0,0.7595283679550835,0.0012033694344163659,0.006016847172081829,0.010830324909747292,14.0,4.0
emblematica:E010911,2803,1053,0.9053206285482487,1.0,0.7059801172560906,0.000949667616334283,0.004748338081671415,0.007597340930674264,21.5,4.0
emblematica:E010912,2803,765,0.8803485966094551,1.0,0.7669484700990352,0.00130718954248366,0.00522875816993464,0.01045751633986928,7.5,4.0
emblematica:E010913,2803,796,0.9558305176970738,1.0,0.7843893858445393,0.001256281407035176,0.00628140703517588,0.011306532663316583,7.0,3.5
emblematica:E010914,2803,745,0.9069212362975004,1.0,0.7863877484380056,0.0013422818791946308,0.006711409395973154,0.010738255033557046,14.0,3.5
emblematica:E010915,2803,769,0.790079912888246,0.5,0.7427530656412714,0.0,0.0039011703511053317,0.010403120936280884,17.0,4.0
emblematica:E010916,2803,964,0.9510907186004266,1.0,0.7234599308204137,0.001037344398340249,0.005186721991701245,0.00933609958506224,9.0,4.0
emblematica:E010917,2803,741,1.0,1.0,0.7748849569142765,0.001349527665317139,0.006747638326585695,0.01349527665317139,4.5,3.5
emblematica:E010918,2803,770,0.8532721558012798,0.5,0.7588751395011206,0.0,0.005194805194805195,0.011688311688311689,3.0,3.0
emblematica:E010919,2803,747,0.6644504781364357,0.5,0.7487944788350775,0.0,0.002677376171352075,0.008032128514056224,11.0,3.0
emblematica:E010920,2803,753,0.8824665955977139,1.0,0.7596635809650931,0.0013280212483399733,0.005312084993359893,0.010624169986719787,5.0,3.0
emblematica:E010921,2803,729,0.9266360779006398,1.0,0.757656128125093,0.0013717421124828531,0.0054869684499314125,0.012345679012345678,8.5,3.0
emblematica:E010922,2803,216,0.5983290130788278,0.3333333333333333,0.19490560888290395,0.0,0.004629629629629629,0.023148148148148147,3.0,3.0
emblematica:E010923,2803,752,0.9558305176970738,1.0,0.7613151578779761,0.0013297872340425532,0.006648936170212766,0.011968085106382979,7.0,3.0
emblematica:E010924,2803,191,0.43250927056038174,0.2,0.1819466374533119,0.0,0.005235602094240838,0.010471204188481676,3.0,3.0
emblematica:E010925,2803,228,0.47737701959897316,0.25,0.20406611785320097,0.0,0.0043859649122807015,0.008771929824561403,17.0,4.0
emblematica:E010926,2803,218,0.6967705191613879,1.0,0.2074262945307405,0.0045871559633027525,0.013761467889908258,0.022935779816513763,12.0,4.0
emblematica:E010927,2803,1014,0.9510907186004266,1.0,0.7233741583141501,0.0009861932938856016,0.004930966469428008,0.008875739644970414,12.0,3.0
emblematica:E010928,2803,780,0.8943938982876649,1.0,0.766233991270205,0.001282051282051282,0.005128205128205128,0.010256410256410256,22.0,3.5
emblematica:E010929,2803,60,0.3333333333333333,0.022222222222222223,0.03284400893646353,0.0,0.0,0.0,6.0,3.0
emblematica:E010930,2803,901,0.9477344873475497,1.0,0.8961356174230558,0.0011098779134295228,0.005549389567147614,0.009988901220865706,18.0,3.0
emblematica:E010931,2803,773,0.7523405950706065,0.5,0.7363680982183782,0.0,0.0038809831824062097,0.009055627425614488,14.0,3.0
emblematica:E010932,2803,798,0.9477344873475497,1.0,0.7452482829153398,0.0012531328320802004,0.006265664160401002,0.011278195488721804,3.5,4.5
emblematica:E010933,2803,790,0.8777267965010666,1.0,0.7527208477059762,0.0012658227848101266,0.005063291139240506,0.010126582278481013,17.0,3.0
emblematica:E010934,2803,754,0.7547191618576448,0.5,0.7543488336161392,0.0,0.005305039787798408,0.009283819628647215,9.5,3.0
emblematica:E010935,2803,722,0.9074250374176303,1.0,0.7573324870071606,0.0013850415512465374,0.00554016620498615,0.012465373961218837,13.0,3.0
emblematica:E010936,2803,935,0.9368077570869661,1.0,0.7225502505378691,0.0010695187165775401,0.0042780748663101605,0.009625668449197862,18.5,3.5
emblematica:E010937,2803,754,0.9510907186004266,1.0,0.7670427761127602,0.001326259946949602,0.006631299734748011,0.011936339522546418,17.0,4.0
emblematica:E010938,2803,190,0.48317417546358,0.2,0.18013174542047203,0.0,0.005263157894736842,0.015789473684210527,1.0,3.5
emblematica:E010939,2803,769,0.7916472565189691,1.0,0.755817218144888,0.0013003901170351106,0.0039011703511053317,0.009102730819245773,15.5,3.5
emblematica:E010940,2803,740,0.9086768598011253,1.0,0.7582665739603043,0.0013513513513513514,0.006756756756756757,0.010810810810810811,6.0,4.0
emblematica:E010941,2803,746,0.9048032373092417,1.0,0.7640513369879065,0.0013404825737265416,0.006702412868632708,0.010723860589812333,8.0,3.5
emblematica:E010942,2803,162,0.541366051481187,0.5,0.18714689598943887,0.0,0.012345679012345678,0.018518518518518517,1.0,4.0
emblematica:E010943,2803,760,0.8842222191013388,1.0,0.7694203404634686,0.0013157894736842105,0.005263157894736842,0.010526315789473684,2.0,4.0
emblematica:E010944,2803,791,0.9266360779006398,1.0,0.7469901500809932,0.0012642225031605564,0.0050568900126422255,0.011378002528445006,13.0,4.5
emblematica:E010945,2803,816,0.9074250374176303,1.0,0.7798190332302347,0.0012254901960784314,0.004901960784313725,0.011029411764705883,21.0,3.0
emblematica:E010946,2803,717,0.8376318198599176,1.0,0.7615868105859325,0.001394700139470014,0.0041841004184100415,0.009762900976290097,5.5,3.0
emblematica:E010947,2803,749,0.8018189357052953,1.0,0.7519511077307107,0.0013351134846461949,0.004005340453938585,0.009345794392523364,7.0,3.0
emblematica:E010948,2803,732,0.9558305176970738,1.0,0.7779942943395881,0.001366120218579235,0.006830601092896175,0.012295081967213115,5.0,3.5
emblematica:E010949,2803,746,0.9432379215722525,1.0,0.7667902745381434,0.0013404825737265416,0.005361930294906166,0.012064343163538873,9.5,2.5
emblematica:E010950,2803,748,1.0,1.0,0.7600960931534014,0.001336898395721925,0.0066844919786096255,0.013368983957219251,7.0,3.0
emblematica:E010951,2803,715,0.8878984756873928,1.0,0.7894024089648076,0.0013986013986013986,0.005594405594405594,0.009790209790209791,2.0,4.0
emblematica:E010952,2803,761,0.7772990368905228,1.0,0.766856487449671,0.001314060446780552,0.002628120893561104,0.009198423127463863,19.0,4.0
emblematica:E010953,2803,845,0.8926382747840401,1.0,0.7418772691251849,0.001183431952662722,0.004733727810650888,0.009467455621301775,31.0,3.0
emblematica:E010954,2803,710,1.0,1.0,0.7872433242024531,0.0014084507042253522,0.007042253521126761,0.014084507042253521,1.0,5.0
emblematica:E010955,2803,722,0.7276427210494695,0.5,0.7706944452683744,0.0,0.004155124653739612,0.009695290858725761,3.0,3.0
emblematica:E010956,2803,158,0.4688259558351338,0.14285714285714285,0.19909769673838087,0.0,0.0,0.0189873417721519,2.0,4.0
emblematica:E010957,2803,711,0.9537125187088151,1.0,0.7857853913143973,0.0014064697609001407,0.007032348804500703,0.012658227848101266,4.0,3.0
emblematica:E010958,2803,721,0.9510907186004266,1.0,0.7884859839389954,0.0013869625520110957,0.006934812760055479,0.012482662968099861,4.0,3.0
emblematica:E010959,2803,720,0.795323513105023,1.0,0.7667688990932595,0.001388888888888889,0.004166666666666667,0.009722222222222222,6.0,3.0
emblematica:E010960,2803,230,0.5944689807058212,0.5,0.20990620851393532,0.0,0.008695652173913044,0.017391304347826087,7.0,4.0
emblematica:E010961,2803,237,0.37574719213263447,0.1,0.19832616517897397,0.0,0.0,0.004219409282700422,5.0,3.5
emblematica:E010962,2803,192,0.42465647353220776,0.14285714285714285,0.18609426141932772,0.0,0.0,0.010416666666666666,3.5,3.5
emblematica:E010963,2803,776,0.9074250374176303,1.0,0.7447694475591881,0.001288659793814433,0.005154639175257732,0.011597938144329897,10.0,3.0
emblematica:E010964,2803,718,0.9477344873475497,1.0,0.7779436323703116,0.001392757660167131,0.006963788300835654,0.012534818941504178,1.5,3.5
emblematica:E010965,2803,709,1.0,1.0,0.784724781857091,0.0014104372355430183,0.007052186177715092,0.014104372355430184,1.0,3.0
emblematica:E010966,2803,716,0.9477344873475497,1.0,0.7784952300776948,0.0013966480446927375,0.006983240223463687,0.012569832402234637,7.5,3.0
emblematica:E010967,2803,714,0.8532721558012798,0.5,0.7661744090032334,0.0,0.0056022408963585435,0.012605042016806723,1.0,4.0
emblematica:E010968,2803,921,0.8969504402810676,1.0,0.7291658621367656,0.0010857763300760044,0.004343105320304018,0.008686210640608035,12.5,4.5
emblematica:E010969,2803,936,0.9537125187088151,1.0,0.740323153082432,0.0010683760683760685,0.005341880341880342,0.009615384615384616,29.0,4.0
emblematica:E010970,2803,850,1.0,1.0,0.7637282721426266,0.001176470588235294,0.0058823529411764705,0.011764705882352941,21.5,3.5
emblematica:E010971,2803,751,0.7477977995492201,1.0,0.7479016559743032,0.0013315579227696406,0.0039946737683089215,0.007989347536617843,11.5,3.5
emblematica:E010972,2803,746,0.8088720434739951,1.0,0.7609590199870514,0.0013404825737265416,0.005361930294906166,0.00938337801608579,2.0,4.0
emblematica:E010973,2803,757,0.7039351147911628,0.3333333333333333,0.7595514562727834,0.0,0.002642007926023778,0.009247027741083224,11.0,4.0
emblematica:E010974,2803,739,0.9074250374176303,1.0,0.7814546682765168,0.0013531799729364006,0.005412719891745603,0.012178619756427604,5.5,3.5
emblematica:E010975,2803,786,0.6516696021387125,0.3333333333333333,0.7364035863276931,0.0,0.002544529262086514,0.007633587786259542,6.0,4.0
emblematica:E010976,2803,794,0.6467344933582715,0.5,0.7352420931004203,0.0,0.0025188916876574307,0.006297229219143577,17.0,4.0
emblematica:E010977,2803,754,0.8403727621315898,1.0,0.751324528237059,0.001326259946949602,0.005305039787798408,0.009283819628647215,11.5,4.0
emblematica:E010978,2803,943,0.9558305176970738,1.0,0.7224851031345246,0.0010604453870625664,0.005302226935312832,0.009544008483563097,7.0,3.0
emblematica:E010979,2803,728,0.9510907186004266,1.0,0.767728913535115,0.0013736263736263737,0.006868131868131868,0.01098901098901099,2.0,4.0
emblematica:E010980,2803,728,0.9069212362975004,1.0,0.773957220085033,0.0013736263736263737,0.006868131868131868,0.01098901098901099,1.0,4.0
emblematica:E010981,2803,1040,0.8988252059479763,1.0,0.7231638195562698,0.0009615384615384616,0.004807692307692308,0.007692307692307693,46.5,3.5
emblematica:E010982,2803,725,1.0,1.0,0.7635791660784496,0.001379310344827586,0.006896551724137931,0.013793103448275862,2.0,3.0
emblematica:E010983,2803,854,1.0,1.0,0.7456836298111659,0.00117096018735363,0.00585480093676815,0.0117096018735363,2.0,4.0
emblematica:E010984,2803,719,0.9477344873475497,1.0,0.7945483839532606,0.0013908205841446453,0.006954102920723227,0.012517385257301807,2.0,3.0
emblematica:E010985,2803,735,0.9558305176970738,1.0,0.7828219733484477,0.0013605442176870747,0.006802721088435374,0.012244897959183673,2.0,3.0
emblematica:E010986,2803,803,0.8446849276286176,1.0,0.7608758374489384,0.0012453300124533001,0.0049813200498132005,0.008717310087173101,14.0,3.5
emblematica:E010987,2803,784,0.8671291776065879,1.0,0.7641209562467274,0.0012755102040816326,0.006377551020408163,0.008928571428571428,5.0,5.0
emblematica:E010988,2803,708,0.8532721558012798,0.5,0.7808193669338627,0.0,0.005649717514124294,0.012711864406779662,1.0,5.0
emblematica:E010989,2803,970,0.8698739994728926,1.0,0.7066202833639135,0.0010309278350515464,0.003092783505154639,0.008247422680412371,15.0,4.0
emblematica:E010990,2803,217,0.40669725543269336,0.3333333333333333,0.1853198862112093,0.0,0.004608294930875576,0.004608294930875576,1.0,3.0
emblematica:E010991,2803,753,0.7058098804580714,0.5,0.7555894907764197,0.0,0.005312084993359893,0.00796812749003984,11.0,3.0
emblematica:E010992,2803,837,0.9074250374176303,1.0,0.759829885643781,0.0011947431302270011,0.0047789725209080045,0.010752688172043012,14.0,4.0
emblematica:E010993,2803,1010,0.8926382747840401,1.0,0.7143469834653413,0.0009900990099009901,0.0039603960396039604,0.007920792079207921,14.0,4.0
emblematica:E010994,2803,153,0.5315796557430237,0.5,0.18914494860143016,0.0,0.013071895424836602,0.0196078431372549,4.0,4.0
emblematica:E010995,2803,448,0.6816637311946206,1.0,0.22307117476570357,0.002232142857142857,0.006696428571428571,0.008928571428571428,13.0,3.5
emblematica:E010996,2803,773,0.865011178618329,1.0,0.7531119404423279,0.00129366106080207,0.00517464424320828,0.01034928848641656,10.0,3.0
emblematica:E010997,2803,793,0.9432379215722525,1.0,0.76669448837527,0.0012610340479192938,0.005044136191677175,0.011349306431273645,8.0,3.5
emblematica:E010998,2803,933,0.8069846745100949,0.5,0.7142849417838992,0.0,0.004287245444801715,0.00857449088960343,8.5,3.5
emblematica:E010999,2803,231,0.4487910888988174,0.25,0.21423934359849164,0.0,0.004329004329004329,0.008658008658008658,8.0,3.0
emblematica:E011000,2803,732,1.0,1.0,0.802654047516558,0.001366120218579235,0.006830601092896175,0.01366120218579235,3.0,3.0
emblematica:E011001,2803,312,0.41242915318231443,0.1,0.17046847192380066,0.0,0.0,0.003205128205128205,12.5,3.0
emblematica:E011002,2803,767,0.9477344873475497,1.0,0.7637503307503615,0.001303780964797914,0.00651890482398957,0.011734028683181226,12.5,3.0
emblematica:E011003,2803,717,0.8845422444345158,1.0,0.7588669039801459,0.001394700139470014,0.005578800557880056,0.011157601115760111,2.0,3.0
emblematica:E011004,2803,212,0.48006117753205335,1.0,0.2063505441290549,0.0047169811320754715,0.0047169811320754715,0.0047169811320754715,6.5,3.5
emblematica:E011005,2803,731,0.8988252059479763,1.0,0.7744615601648955,0.0013679890560875513,0.006839945280437756,0.01094391244870041,2.5,3.0
emblematica:E011006,2803,713,0.6885850935030452,0.5,0.7870828709172568,0.0,0.004207573632538569,0.008415147265077139,2.5,3.5
emblematica:E011007,2803,714,0.8926382747840401,1.0,0.7659843277904926,0.0014005602240896359,0.0056022408963585435,0.011204481792717087,2.0,4.0
emblematica:E011008,2803,726,0.6936449179328698,0.5,0.7875281787362368,0.0,0.004132231404958678,0.008264462809917356,4.0,3.0
emblematica:E011009,2803,735,0.863443834987606,1.0,0.7692035453396154,0.0013605442176870747,0.004081632653061225,0.010884353741496598,5.0,3.0
emblematica:E011010,2803,189,0.3333333333333333,0.09090909090909091,0.16230807452801915,0.0,0.0,0.0,6.5,3.0
emblematica:E011011,2803,724,0.8990684392693266,1.0,0.7715976735541461,0.0013812154696132596,0.0055248618784530384,0.011049723756906077,5.0,3.0
emblematica:E011012,2803,203,0.5521606739509266,0.3333333333333333,0.20441931224657564,0.0,0.009852216748768473,0.019704433497536946,5.5,3.5
emblematica:E011013,2803,321,0.4781738085681532,0.5,0.17772084234671376,0.0,0.003115264797507788,0.006230529595015576,12.0,4.0
emblematica:E011014,2803,275,0.3900954117610806,0.2,0.17895603909018948,0.0,0.0036363636363636364,0.0036363636363636364,1.5,3.0
emblematica:E011015,2803,876,1.0,1.0,0.9044528930628831,0.001141552511415525,0.005707762557077625,0.01141552511415525,19.0,3.0
emblematica:E011016,2803,810,0.9432379215722525,1.0,0.76749458944543,0.0012345679012345679,0.0049382716049382715,0.011111111111111112,31.0,4.0
emblematica:E011017,2803,728,0.9575861412006987,1.0,0.7607884513030657,0.0013736263736263737,0.006868131868131868,0.012362637362637362,3.5,3.5
emblematica:E011018,2803,777,0.9146073756203552,1.0,0.7596520123689006,0.001287001287001287,0.006435006435006435,0.010296010296010296,11.5,3.5
emblematica:E011019,2803,715,0.8010066431488296,0.5,0.7672417832210018,0.0,0.005594405594405594,0.011188811188811189,1.0,4.0
emblematica:E011020,2803,744,1.0,1.0,0.7775714055576768,0.0013440860215053765,0.006720430107526882,0.013440860215053764,9.0,3.0
emblematica:E011021,2803,962,0.7919672818521462,1.0,0.7264999084201931,0.0010395010395010396,0.0031185031185031187,0.007276507276507277,12.0,4.0
emblematica:E011022,2803,906,0.8532721558012798,0.5,0.7203396575361541,0.0,0.004415011037527594,0.009933774834437087,26.5,3.5
emblematica:E011023,2803,803,0.863443834987606,1.0,0.7528002362270294,0.0012453300124533001,0.0037359900373599006,0.009962640099626401,10.0,3.5
emblematica:E011024,2803,714,0.8277801660067685,1.0,0.7719928512875857,0.0014005602240896359,0.004201680672268907,0.00980392156862745,2.5,3.0
emblematica:E011025,2803,745,0.9368077570869661,1.0,0.7550631788948864,0.0013422818791946308,0.005369127516778523,0.012080536912751677,11.0,4.0
emblematica:E011026,2803,742,0.7376261203628939,1.0,0.7554822711669451,0.0013477088948787063,0.004043126684636119,0.008086253369272238,6.0,3.0
emblematica:E011027,2803,716,0.8842222191013388,1.0,0.7686674392498577,0.0013966480446927375,0.00558659217877095,0.0111731843575419,3.0,3.0
emblematica:E011028,2803,298,0.5323266901845036,1.0,0.09899225317667697,0.003355704697986577,0.003355704697986577,0.006711409395973154,7.0,4.0
emblematica:E011029,2803,396,0.5957072129704393,0.5,0.21134193705825483,0.0,0.005050505050505051,0.010101010101010102,1.0,3.5
emblematica:E011030,2803,219,0.48317417546358,0.2,0.21141617809758048,0.0,0.0045662100456621,0.0136986301369863,8.5,3.0
emblematica:E011031,2803,156,0.38224261473290666,0.14285714285714285,0.1687961747971504,0.0,0.0,0.00641025641025641,2.0,3.5
emblematica:E011032,2803,266,0.533517406907086,1.0,0.20286702425705597,0.0037593984962406013,0.0037593984962406013,0.007518796992481203,5.0,3.0
emblematica:E011033,2803,744,0.9014470060563649,1.0,0.7603805988569416,0.0013440860215053765,0.006720430107526882,0.010752688172043012,9.0,3.0
emblematica:E011034,2803,742,0.9477344873475497,1.0,0.7786982123798394,0.0013477088948787063,0.006738544474393531,0.012129380053908356,7.0,3.0
emblematica:E011035,2803,760,0.9537125187088151,1.0,0.7878151545152063,0.0013157894736842105,0.006578947368421052,0.011842105263157895,6.0,4.0
emblematica:E011036,2803,751,0.8379347378101539,1.0,0.7594016355008778,0.0013315579227696406,0.005326231691078562,0.009320905459387484,13.5,3.5
emblematica:E011037,2803,724,0.8585157560180569,1.0,0.7738217452889526,0.0013812154696132596,0.0055248618784530384,0.011049723756906077,3.5,3.5
emblematica:E011038,2803,957,0.9266360779006398,1.0,0.7304597182737488,0.0010449320794148381,0.0041797283176593526,0.009404388714733543,41.5,4.0
emblematica:E011039,2803,756,0.863443834987606,1.0,0.7544546079615548,0.0013227513227513227,0.003968253968253968,0.010582010582010581,4.0,3.0
emblematica:E011040,2803,716,0.8501591578697532,1.0,0.7618394572727425,0.0013966480446927375,0.00558659217877095,0.009776536312849162,7.0,3.0
emblematica:E011041,2803,153,0.42641209703583266,0.14285714285714285,0.18991290608029612,0.0,0.0,0.013071895424836602,2.5,4.0
emblematica:E011042,2803,762,0.7898916330153442,1.0,0.7526038025962668,0.0013123359580052493,0.003937007874015748,0.009186351706036745,12.0,3.0
emblematica:E011043,2803,325,0.528944265515758,0.2,0.18804939123140257,0.0,0.003076923076923077,0.012307692307692308,10.0,4.0
emblematica:E011044,2803,735,0.7167159907888859,0.5,0.7652013578360514,0.0,0.0027210884353741495,0.009523809523809525,1.5,3.0
emblematica:E011045,2803,834,1.0,1.0,0.7506184659305289,0.001199040767386091,0.005995203836930456,0.011990407673860911,17.0,4.0
emblematica:E011046,2803,804,0.8127456659658788,1.0,0.7419199270277854,0.0012437810945273632,0.004975124378109453,0.008706467661691543,16.0,3.0
emblematica:E011047,2803,744,0.865011178618329,1.0,0.7779030399530554,0.0013440860215053765,0.005376344086021506,0.010752688172043012,8.0,3.0
emblematica:E011048,2803,977,1.0,1.0,0.7167361728270498,0.0010235414534288639,0.00511770726714432,0.01023541453428864,11.0,4.0
emblematica:E011049,2803,827,0.8698739994728926,1.0,0.7542607866567194,0.0012091898428053204,0.0036275695284159614,0.009673518742442563,20.0,4.0
emblematica:E011050,2803,735,0.9074250374176303,1.0,0.7582805796257912,0.0013605442176870747,0.005442176870748299,0.012244897959183673,10.5,3.0
emblematica:E011051,2803,926,0.9537125187088151,1.0,0.7257792394753045,0.0010799136069114472,0.005399568034557235,0.009719222462203024,10.0,3.0
emblematica:E011052,2803,735,0.9477344873475497,1.0,0.7682768205319096,0.0013605442176870747,0.006802721088435374,0.012244897959183673,1.0,4.0
emblematica:E011053,2803,727,0.865011178618329,1.0,0.7709415689378346,0.001375515818431912,0.005502063273727648,0.011004126547455296,7.0,3.0
emblematica:E011054,2803,787,0.6868294699994204,0.5,0.7359900404090363,0.0,0.0038119440914866584,0.007623888182973317,10.5,3.5
emblematica:E011055,2803,770,0.9086768598011253,1.0,0.7731908370065704,0.0012987012987012987,0.006493506493506494,0.01038961038961039,12.5,3.0
emblematica:E011056,2803,1010,0.9477344873475497,1.0,0.7179859723446358,0.0009900990099009901,0.0049504950495049506,0.00891089108910891,27.5,4.0
emblematica:E011057,2803,737,0.7540962185742314,0.5,0.7858289062179666,0.0,0.004070556309362279,0.009497964721845319,7.0,4.0
emblematica:E011058,2803,760,0.9558305176970738,1.0,0.7841697673736914,0.0013157894736842105,0.006578947368421052,0.011842105263157895,15.0,3.0
emblematica:E011059,2803,752,0.9537125187088151,1.0,0.7578500988619224,0.0013297872340425532,0.006648936170212766,0.011968085106382979,10.5,3.5
emblematica:E011060,2803,870,1.0,1.0,0.9038086744535029,0.0011494252873563218,0.005747126436781609,0.011494252873563218,11.0,3.0
emblematica:E011061,2803,755,0.909543036405889,1.0,0.7904845035001459,0.0013245033112582781,0.006622516556291391,0.010596026490066225,4.0,4.0
emblematica:E011062,2803,765,0.8064934766869568,1.0,0.7659720051849166,0.00130718954248366,0.00392156862745098,0.009150326797385621,13.0,3.5
emblematica:E011063,2803,50,0.43638289305226546,0.2,0.04182516053085318,0.0,0.02,0.04,3.0,3.5
emblematica:E011064,2803,801,0.790079912888246,0.5,0.738672377127893,0.0,0.003745318352059925,0.009987515605493134,15.0,3.5
emblematica:E011065,2803,866,0.9558305176970738,1.0,0.763949228783002,0.0011547344110854503,0.005773672055427252,0.010392609699769052,25.5,3.5
emblematica:E011066,2803,759,0.7979453132134116,1.0,0.7845173364485983,0.0013175230566534915,0.003952569169960474,0.00922266139657444,4.0,3.0
emblematica:E011067,2803,815,0.8107005969804694,0.5,0.7496609425222109,0.0,0.0036809815950920245,0.0098159509202454,2.0,3.0
emblematica:E011068,2803,725,0.6789766729712464,0.5,0.7676589230268447,0.0,0.002758620689655172,0.008275862068965517,7.0,3.0
emblematica:E011069,2803,723,0.6410593799472424,0.5,0.7516268816184658,0.0,0.004149377593360996,0.006915629322268326,1.0,3.0
emblematica:E011070,2803,216,0.47692198618465803,0.16666666666666666,0.18413988537867373,0.0,0.0,0.013888888888888888,9.0,3.0
emblematica:E011071,2803,722,0.8777267965010666,1.0,0.7655280829846107,0.0013850415512465374,0.00554016620498615,0.0110803324099723,10.0,3.0
emblematica:E011072,2803,912,0.9368077570869661,1.0,0.8795797070547485,0.0010964912280701754,0.0043859649122807015,0.009868421052631578,18.0,4.0
emblematica:E011073,2803,744,0.7120023851081073,1.0,0.7529944151113418,0.0013440860215053765,0.002688172043010753,0.006720430107526882,7.0,3.0
emblematica:E011074,2803,713,0.9575861412006987,1.0,0.776027303015234,0.001402524544179523,0.0070126227208976155,0.012622720897615708,3.0,4.0
emblematica:E011075,2803,764,1.0,1.0,0.7847659283106949,0.0013089005235602095,0.006544502617801047,0.013089005235602094,1.0,3.0
emblematica:E011076,2803,714,0.9537125187088151,1.0,0.7971037475715137,0.0014005602240896359,0.0070028011204481795,0.012605042016806723,2.0,3.0
emblematica:E011077,2803,711,0.7167159907888859,0.5,0.7680518406441436,0.0,0.0028129395218002813,0.009845288326300985,3.0,3.5
emblematica:E011078,2803,760,0.9432379215722525,1.0,0.7568075507804978,0.0013157894736842105,0.005263157894736842,0.011842105263157895,15.5,3.0
emblematica:E011079,2803,172,0.43250927056038174,0.2,0.1722556773418127,0.0,0.005813953488372093,0.011627906976744186,1.0,4.5
emblematica:E011080,2803,747,0.8506629589898829,1.0,0.7643765141805672,0.0013386880856760374,0.004016064257028112,0.0107095046854083,28.0,3.0
emblematica:E011081,2803,733,1.0,1.0,0.781490518654192,0.001364256480218281,0.0068212824010914054,0.013642564802182811,10.0,3.0
emblematica:E011082,2803,755,0.8623893785099406,1.0,0.7514452821554019,0.0013245033112582781,0.006622516556291391,0.009271523178807948,10.0,4.0
emblematica:E011083,2803,764,0.7698144159275709,1.0,0.77034058237029,0.0013089005235602095,0.005235602094240838,0.007853403141361256,25.0,3.0
emblematica:E011084,2803,868,0.9510907186004266,1.0,0.7312704898874139,0.001152073732718894,0.00576036866359447,0.010368663594470046,20.5,4.5
emblematica:E011085,2803,927,0.9537125187088151,1.0,0.7354279011668156,0.0010787486515641855,0.005393743257820928,0.009708737864077669,9.0,3.0
emblematica:E011086,2803,196,0.42801270478508463,0.16666666666666666,0.19669012796372334,0.0,0.0,0.01020408163265306,11.0,4.0
emblematica:E011087,2803,758,0.9074250374176303,1.0,0.7627708525132317,0.0013192612137203166,0.005277044854881266,0.011873350923482849,11.0,3.0
emblematica:E011088,2803,764,0.9048032373092417,1.0,0.7610417397750437,0.0013089005235602095,0.006544502617801047,0.010471204188481676,14.0,3.0
emblematica:E011089,2803,768,0.9266360779006398,1.0,0.7585968471926483,0.0013020833333333333,0.005208333333333333,0.01171875,25.0,3.0
emblematica:E011090,2803,814,0.8376318198599176,1.0,0.750195359795752,0.0012285012285012285,0.0036855036855036856,0.0085995085995086,17.5,4.0
emblematica:E011091,2803,836,0.9558305176970738,1.0,0.730503335187283,0.0011961722488038277,0.005980861244019139,0.01076555023923445,12.5,3.5
emblematica:E011092,2803,743,0.7856692251577037,1.0,0.7547735164147584,0.0013458950201884253,0.005383580080753701,0.008075370121130552,1.0,4.0
emblematica:E011093,2803,880,0.9510907186004266,1.0,0.8965902184671617,0.0011363636363636363,0.005681818181818182,0.010227272727272727,3.0,3.0
emblematica:E011094,2803,739,0.9510907186004266,1.0,0.7757359932304384,0.0013531799729364006,0.006765899864682003,0.012178619756427604,9.5,4.5
emblematica:E011095,2803,724,0.9086768598011253,1.0,0.7622716285982634,0.0013812154696132596,0.006906077348066298,0.011049723756906077,3.5,3.0
emblematica:E011096,2803,751,0.8743705652481896,1.0,0.7699762090516166,0.0013315579227696406,0.005326231691078562,0.010652463382157125,10.0,3.5
emblematica:E011097,2803,742,0.8091026734983537,0.5,0.751363969771299,0.0,0.005390835579514825,0.01078167115902965,17.0,4.0
emblematica:E011098,2803,820,0.8824665955977139,1.0,0.761772089218431,0.0012195121951219512,0.004878048780487805,0.00975609756097561,20.0,3.0
emblematica:E011099,2803,724,0.8532721558012798,0.5,0.7651478945220265,0.0,0.0055248618784530384,0.012430939226519336,5.0,3.0
emblematica:E011100,2803,213,0.42801270478508463,0.16666666666666666,0.18721282689417054,0.0,0.0,0.009389671361502348,7.0,4.0
emblematica:E011101,2803,715,0.8017536775903096,1.0,0.7692332714666672,0.0013986013986013986,0.004195804195804196,0.009790209790209791,4.0,4.0
emblematica:E011102,2803,712,0.9008240627729515,1.0,0.7750941685839045,0.0014044943820224719,0.0056179775280898875,0.011235955056179775,2.5,3.5
emblematica:E011103,2803,759,0.8943938982876649,1.0,0.764898337449759,0.0013175230566534915,0.005270092226613966,0.010540184453227932,13.0,3.0
emblematica:E011104,2803,951,0.9477344873475497,1.0,0.7192260870878692,0.0010515247108307045,0.005257623554153523,0.00946372239747634,27.0,4.0
emblematica:E011105,2803,743,0.9477344873475497,1.0,0.7639248357929542,0.0013458950201884253,0.006729475100942127,0.012113055181695828,13.0,3.5
emblematica:E011106,2803,736,0.7144097119277253,0.3333333333333333,0.7663280967615841,0.0,0.004076086956521739,0.009510869565217392,6.0,4.0
emblematica:E011107,2803,773,0.7979453132134116,1.0,0.7571843272818506,0.00129366106080207,0.0038809831824062097,0.009055627425614488,14.0,3.0
emblematica:E011108,2803,714,0.8943938982876649,1.0,0.7837924615088321,0.0014005602240896359,0.0056022408963585435,0.011204481792717087,2.0,3.0
emblematica:E011109,2803,233,0.3900954117610806,0.2,0.2032244451667123,0.0,0.004291845493562232,0.004291845493562232,6.0,4.0
emblematica:E011110,2803,180,0.5710642923977508,0.3333333333333333,0.1975615178423741,0.0,0.011111111111111112,0.022222222222222223,5.5,3.5
emblematica:E011111,2803,965,0.85515952476518,1.0,0.7247760974408125,0.0010362694300518134,0.004145077720207254,0.008290155440414507,16.0,4.0
emblematica:E011112,2803,725,0.731011555599338,1.0,0.7615719149294312,0.001379310344827586,0.002758620689655172,0.008275862068965517,13.0,3.0
emblematica:E011113,2803,733,0.9477344873475497,1.0,0.7866590696676427,0.001364256480218281,0.0068212824010914054,0.01227830832196453,6.0,4.0
emblematica:E011114,2803,784,0.8257045171699665,1.0,0.7602899175385343,0.0012755102040816326,0.003826530612244898,0.008928571428571428,13.5,3.5
emblematica:E011115,2803,180,0.6922739533860909,1.0,0.20697312495574852,0.005555555555555556,0.011111111111111112,0.027777777777777776,4.0,4.0
emblematica:E011116,2803,719,0.8926382747840401,1.0,0.7762038550015627,0.0013908205841446453,0.005563282336578581,0.011126564673157162,4.5,3.0
emblematica:E011117,2803,732,0.7245297231179428,1.0,0.7680784923390538,0.001366120218579235,0.004098360655737705,0.006830601092896175,3.0,5.0
emblematica:E011118,2803,735,0.8043628744017064,0.5,0.7699236545009781,0.0,0.005442176870748299,0.010884353741496598,7.0,3.5
emblematica:E011119,2803,840,0.9368077570869661,1.0,0.9029165524698788,0.0011904761904761906,0.004761904761904762,0.010714285714285714,4.5,3.0
emblematica:E011120,2803,844,0.9477344873475497,1.0,0.7477407230880783,0.001184834123222749,0.005924170616113744,0.01066350710900474,17.0,3.0
emblematica:E011121,2803,723,0.5984481552421115,0.5,0.7588078970401031,0.0,0.004149377593360996,0.005532503457814661,5.0,4.0
emblematica:E011122,2803,730,0.674113852116683,0.3333333333333333,0.7540095574907588,0.0,0.00410958904109589,0.00821917808219178,2.0,3.0
emblematica:E011123,2803,713,0.8319567064488884,1.0,0.7726876811525535,0.001402524544179523,0.005610098176718092,0.009817671809256662,1.0,4.0
emblematica:E011124,2803,736,0.9510907186004266,1.0,0.7706633603566767,0.001358695652173913,0.006793478260869565,0.012228260869565218,6.0,3.0
emblematica:E011125,2803,808,0.9558305176970738,1.0,0.7483146547241197,0.0012376237623762376,0.006188118811881188,0.011138613861386138,17.5,5.0
emblematica:E011126,2803,778,0.8777267965010666,1.0,0.7472897650322222,0.0012853470437017994,0.005141388174807198,0.010282776349614395,10.5,3.5
emblematica:E011127,2803,922,0.9432379215722525,1.0,0.717959193618224,0.0010845986984815619,0.004338394793926247,0.009761388286334056,8.0,3.0
emblematica:E011128,2803,745,0.8585157560180569,1.0,0.7707546252875135,0.0013422818791946308,0.005369127516778523,0.010738255033557046,3.0,3.0
emblematica:E011129,2803,156,0.5687625176225394,1.0,0.18982682194202027,0.00641025641025641,0.00641025641025641,0.019230769230769232,2.5,4.0
emblematica:E011130,2803,161,0.5963301562538527,0.3333333333333333,0.19762341460280794,0.0,0.012422360248447204,0.031055900621118012,4.5,4.0
emblematica:E011131,2803,757,0.8061146145519253,1.0,0.7608788798222273,0.001321003963011889,0.003963011889035667,0.009247027741083224,16.5,3.0
emblematica:E011132,2803,743,0.7542279640345066,1.0,0.760339935899413,0.0013458950201884253,0.004037685060565276,0.008075370121130552,2.0,3.0
emblematica:E011133,2803,191,0.5289704589316268,1.0,0.19899876742244627,0.005235602094240838,0.005235602094240838,0.010471204188481676,6.0,4.0
emblematica:E011134,2803,737,0.7284550136059351,1.0,0.7647612866957713,0.0013568521031207597,0.0027137042062415195,0.008141112618724558,7.5,3.5
emblematica:E011135,2803,714,0.6787460429468878,1.0,0.7722599538439637,0.0014005602240896359,0.0028011204481792717,0.0070028011204481795,2.0,3.0
emblematica:E011136,2803,728,0.8909724089198024,1.0,0.7589507044281978,0.0013736263736263737,0.005494505494505495,0.01098901098901099,3.0,3.0
emblematica:E011137,2803,741,1.0,1.0,0.7751272472294848,0.001349527665317139,0.006747638326585695,0.01349527665317139,11.0,4.0
emblematica:E011138,2803,60,0.3333333333333333,0.022222222222222223,0.03419443825209546,0.0,0.0,0.0,6.5,3.5
emblematica:E011139,2803,813,0.6996229492941352,0.5,0.7398912361875121,0.0,0.0036900369003690036,0.007380073800738007,18.0,3.0
emblematica:E011140,2803,728,0.9558305176970738,1.0,0.7582947230138574,0.0013736263736263737,0.006868131868131868,0.012362637362637362,6.0,3.0
emblematica:E011141,2803,722,0.9432379215722525,1.0,0.76539397743019,0.0013850415512465374,0.00554016620498615,0.012465373961218837,1.0,3.0
emblematica:E011142,2803,43,0.39652557624636714,0.25,0.03434259032886226,0.0,0.023255813953488372,0.023255813953488372,2.0,4.0
emblematica:E011143,2803,784,0.8161018972187557,1.0,0.7662667456987904,0.0012755102040816326,0.00510204081632653,0.008928571428571428,9.0,3.0
emblematica:E011144,2803,790,1.0,1.0,0.7604194349025778,0.0012658227848101266,0.006329113924050633,0.012658227848101266,14.5,3.0
emblematica:E011145,2803,756,0.9069212362975004,1.0,0.7503390943328432,0.0013227513227513227,0.006613756613756613,0.010582010582010581,3.0,3.0
emblematica:E011146,2803,161,0.5419889947646005,0.25,0.20787177926952027,0.0,0.012422360248447204,0.024844720496894408,3.5,4.5
emblematica:E011147,2803,64,0.3333333333333333,0.041666666666666664,0.033390689662778916,0.0,0.0,0.0,2.5,4.0
emblematica:E011148,2803,721,0.8088720434739951,1.0,0.7720103353576179,0.0013869625520110957,0.005547850208044383,0.009708737864077669,1.5,3.0
emblematica:E011149,2803,782,0.9266360779006398,1.0,0.7630827443590262,0.0012787723785166241,0.005115089514066497,0.011508951406649617,2.0,3.0
emblematica:E011150,2803,718,0.8069846745100949,0.5,0.7795813739834309,0.0,0.005571030640668524,0.011142061281337047,1.0,3.0
emblematica:E011151,2803,722,0.8905202757957813,1.0,0.7836241641103561,0.0013850415512465374,0.00554016620498615,0.0110803324099723,5.0,3.0
emblematica:E011152,2803,754,0.9537125187088151,1.0,0.7706154317023935,0.001326259946949602,0.006631299734748011,0.011936339522546418,3.0,3.5
emblematica:E011153,2803,732,1.0,1.0,0.7783198494781447,0.001366120218579235,0.006830601092896175,0.01366120218579235,6.0,3.0
emblematica:E011154,2803,762,1.0,1.0,0.77788366883949,0.0013123359580052493,0.006561679790026247,0.013123359580052493,8.0,3.0
emblematica:E011155,2803,741,0.7974415120932818,1.0,0.7582848129546413,0.001349527665317139,0.005398110661268556,0.008097165991902834,6.0,3.0
emblematica:E011156,2803,820,1.0,1.0,0.7569746257614164,0.0012195121951219512,0.006097560975609756,0.012195121951219513,37.5,3.5
emblematica:E011157,2803,797,0.6599539123611385,0.5,0.7457701812530981,0.0,0.0012547051442910915,0.0075282308657465494,18.0,3.0
emblematica:E011158,2803,798,0.6894512701078089,0.5,0.7360306136754696,0.0,0.0037593984962406013,0.007518796992481203,7.0,3.5
emblematica:E011159,2803,856,1.0,1.0,0.7529963840000108,0.0011682242990654205,0.005841121495327103,0.011682242990654205,5.5,3.0
emblematica:E011160,2803,761,0.7799082337019198,0.5,0.7547660141593675,0.0,0.003942181340341655,0.010512483574244415,12.0,3.0
emblematica:E011161,2803,716,0.8988252059479763,1.0,0.795005075833519,0.0013966480446927375,0.006983240223463687,0.0111731843575419,2.5,3.5
emblematica:E011162,2803,771,0.8043628744017064,0.5,0.746782146030733,0.0,0.005188067444876783,0.010376134889753566,14.0,3.0
emblematica:E011163,2803,922,0.9432379215722525,1.0,0.7241475958199873,0.0010845986984815619,0.004338394793926247,0.009761388286334056,5.0,3.0
emblematica:E011164,2803,722,1.0,1.0,0.783150322721237,0.0013850415512465374,0.006925207756232687,0.013850415512465374,6.0,4.0
emblematica:E011165,2803,35,0.3333333333333333,0.05263157894736842,0.041004039037060985,0.0,0.0,0.0,2.0,4.0
emblematica:E011166,2803,728,0.8803485966094551,1.0,0.7809539245374336,0.0013736263736263737,0.005494505494505495,0.01098901098901099,2.0,3.0
emblematica:E011167,2803,756,0.9537125187088151,1.0,0.7767144973391426,0.0013227513227513227,0.006613756613756613,0.011904761904761904,15.0,3.0
emblematica:E011168,2803,799,0.8943286401726791,1.0,0.7414033818739437,0.0012515644555694619,0.0050062578222778474,0.010012515644555695,23.0,4.0
emblematica:E011169,2803,788,0.8280830839570048,1.0,0.7539160074925637,0.0012690355329949238,0.005076142131979695,0.008883248730964468,12.0,3.0
emblematica:E011170,2803,746,0.8532721558012798,0.5,0.7647144036282788,0.0,0.005361930294906166,0.012064343163538873,12.0,3.0
emblematica:E011171,2803,66,0.3333333333333333,0.09090909090909091,0.05527505952164807,0.0,0.0,0.0,3.5,4.0
emblematica:E011172,2803,728,1.0,1.0,0.7700691617532599,0.0013736263736263737,0.006868131868131868,0.013736263736263736,2.0,3.5
emblematica:E011173,2803,802,0.6597656324882368,0.3333333333333333,0.7530688013373512,0.0,0.0024937655860349127,0.007481296758104738,6.0,3.0
emblematica:E011174,2803,769,0.9368077570869661,1.0,0.7585388238519057,0.0013003901170351106,0.005201560468140442,0.011703511053315995,17.0,3.5
emblematica:E011175,2803,719,1.0,1.0,0.7713142069986729,0.0013908205841446453,0.006954102920723227,0.013908205841446454,2.5,4.0
emblematica:E011176,2803,844,0.8958437393874773,1.0,0.7490724302597427,0.001184834123222749,0.0035545023696682463,0.009478672985781991,23.5,3.5
emblematica:E011177,2803,730,0.9368077570869661,1.0,0.758643108482744,0.0013698630136986301,0.005479452054794521,0.012328767123287671,6.0,4.0
emblematica:E011178,2803,743,0.9368077570869661,1.0,0.7599576389011716,0.0013458950201884253,0.005383580080753701,0.012113055181695828,9.5,3.0
emblematica:E011179,2803,720,0.7357387513989938,0.5,0.7682416006805043,0.0,0.004166666666666667,0.009722222222222222,3.0,5.0
emblematica:E011180,2803,753,0.7914634807320164,1.0,0.765140982304949,0.0013280212483399733,0.005312084993359893,0.00796812749003984,14.0,3.5
emblematica:E011181,2803,736,0.7836106837038425,1.0,0.7648248059962492,0.001358695652173913,0.004076086956521739,0.008152173913043478,4.0,3.0
emblematica:E011182,2803,742,0.9074250374176303,1.0,0.7719972699616885,0.0013477088948787063,0.005390835579514825,0.012129380053908356,4.0,4.0
emblematica:E011183,2803,173,0.499272218015063,0.5,0.06976397203232058,0.0,0.011560693641618497,0.011560693641618497,8.0,3.0
emblematica:E011184,2803,717,0.8899541168509599,0.5,0.7636628663045095,0.0,0.005578800557880056,0.012552301255230125,2.5,3.5
emblematica:E011185,2803,726,1.0,1.0,0.7686549455327124,0.0013774104683195593,0.006887052341597796,0.013774104683195593,4.0,4.0
emblematica:E011186,2803,227,0.3581273176400954,0.06666666666666667,0.18722605711373566,0.0,0.0,0.0,15.0,4.0
emblematica:E011187,2803,751,0.865011178618329,1.0,0.7638331744758261,0.0013315579227696406,0.005326231691078562,0.010652463382157125,7.0,4.0
emblematica:E011188,2803,805,0.9510907186004266,1.0,0.7597409040883091,0.0012422360248447205,0.006211180124223602,0.011180124223602485,3.0,3.0
emblematica:E011189,2803,937,0.8527809579781417,1.0,0.7331076257015089,0.0010672358591248667,0.004268943436499467,0.007470651013874066,7.5,3.0
emblematica:E011190,2803,711,0.909543036405889,1.0,0.798890358910475,0.0014064697609001407,0.007032348804500703,0.011251758087201125,1.0,4.0
emblematica:E011191,2803,713,0.8532721558012798,0.5,0.7668731462328294,0.0,0.005610098176718092,0.012622720897615708,2.5,4.0
emblematica:E011192,2803,733,0.8845422444345158,1.0,0.7735010279352005,0.001364256480218281,0.005457025920873124,0.010914051841746248,4.0,4.0
emblematica:E011193,2803,972,0.6642621982635338,0.3333333333333333,0.7235025634972275,0.0,0.0030864197530864196,0.006172839506172839,53.5,3.0
emblematica:E011194,2803,739,0.8845422444345158,1.0,0.7662840031671243,0.0013531799729364006,0.005412719891745603,0.010825439783491205,10.0,3.0
emblematica:E011195,2803,184,0.5432534204450873,1.0,0.17076089762797855,0.005434782608695652,0.010869565217391304,0.010869565217391304,2.0,3.0
emblematica:E011196,2803,722,0.9558305176970738,1.0,0.7716407970349786,0.0013850415512465374,0.006925207756232687,0.012465373961218837,3.5,3.5
emblematica:E011197,2803,756,0.8943286401726791,1.0,0.7771173452008957,0.0013227513227513227,0.005291005291005291,0.010582010582010581,26.5,3.5
emblematica:E011198,2803,788,0.9477344873475497,1.0,0.7500354825725297,0.0012690355329949238,0.006345177664974619,0.011421319796954314,19.5,3.5
emblematica:E011199,2803,1124,0.9510907186004266,1.0,0.7209470323588801,0.0008896797153024911,0.004448398576512456,0.00800711743772242,8.0,4.0
emblematica:E011200,2803,728,0.8062502433656067,1.0,0.753484324161267,0.0013736263736263737,0.005494505494505495,0.009615384615384616,7.5,3.0
emblematica:E011201,2803,732,0.7817956026658199,1.0,0.761515754677793,0.001366120218579235,0.004098360655737705,0.009562841530054645,9.0,3.0
emblematica:E011202,2803,737,0.9053206285482487,1.0,0.7855228355854526,0.0013568521031207597,0.0067842605156037995,0.010854816824966078,3.0,3.0
emblematica:E011203,2803,753,0.8842222191013388,1.0,0.7863284710450739,0.0013280212483399733,0.005312084993359893,0.010624169986719787,15.0,3.0
emblematica:E011204,2803,720,0.8645073774981994,1.0,0.7678540501957047,0.001388888888888889,0.006944444444444444,0.009722222222222222,4.0,3.0
emblematica:E011205,2803,754,0.8842222191013388,1.0,0.7515534203291905,0.001326259946949602,0.005305039787798408,0.010610079575596816,6.0,3.0
emblematica:E011206,2803,880,0.8108582970019786,0.5,0.7366009847875422,0.0,0.004545454545454545,0.00909090909090909,17.0,4.0
emblematica:E011207,2803,773,0.8585157560180569,1.0,0.7532279475766127,0.00129366106080207,0.00517464424320828,0.01034928848641656,12.0,3.0
emblematica:E011208,2803,765,0.7333178344604987,0.5,0.7447448698624738,0.0,0.00261437908496732,0.009150326797385621,13.5,3.5
emblematica:E011209,2803,757,0.9537125187088151,1.0,0.7480192020642618,0.001321003963011889,0.0066050198150594455,0.011889035667107,12.5,3.0
emblematica:E011210,2803,722,0.9558305176970738,1.0,0.7717868742406488,0.0013850415512465374,0.006925207756232687,0.012465373961218837,5.0,3.0
emblematica:E011211,2803,822,0.8842222191013388,1.0,0.7403548978718514,0.0012165450121654502,0.004866180048661801,0.009732360097323601,7.0,3.0
emblematica:E011212,2803,750,0.8532721558012798,0.5,0.7751330647432297,0.0,0.005333333333333333,0.012,3.5,3.0
emblematica:E011213,2803,785,0.8532721558012798,0.5,0.7674179047266823,0.0,0.005095541401273885,0.011464968152866241,12.5,3.5
emblematica:E011214,2803,727,1.0,1.0,0.7720283412627323,0.001375515818431912,0.0068775790921595595,0.013755158184319119,5.0,5.0
emblematica:E011215,2803,714,0.9266360779006398,1.0,0.7698530781554382,0.0014005602240896359,0.0056022408963585435,0.012605042016806723,2.0,4.0
emblematica:E011216,2803,209,0.3700152943830133,0.08333333333333333,0.1784020819806555,0.0,0.0,0.0,1.5,3.0
emblematica:E011217,2803,709,1.0,1.0,0.7835942745930772,0.0014104372355430183,0.007052186177715092,0.014104372355430184,1.0,3.0
emblematica:E011218,2803,712,0.8353129377017654,1.0,0.7661716772465114,0.0014044943820224719,0.0056179775280898875,0.009831460674157303,1.0,3.5
emblematica:E011219,2803,747,1.0,1.0,0.7698031185143661,0.0013386880856760374,0.006693440428380187,0.013386880856760375,12.5,4.0
emblematica:E011220,2803,751,0.8803485966094551,1.0,0.7577999377557503,0.0013315579227696406,0.005326231691078562,0.010652463382157125,11.0,4.0
emblematica:E011221,2803,709,0.8943286401726791,1.0,0.7695383521566009,0.0014104372355430183,0.005641748942172073,0.011283497884344146,1.0,3.0
emblematica:E011222,2803,722,0.8943938982876649,1.0,0.7676723627880648,0.0013850415512465374,0.00554016620498615,0.0110803324099723,4.0,4.0
emblematica:E011223,2803,722,0.7079278794463302,0.5,0.7667648505250136,0.0,0.00554016620498615,0.008310249307479225,4.0,3.0
emblematica:E011224,2803,735,0.8480411588814943,1.0,0.7787899790522795,0.0013605442176870747,0.005442176870748299,0.009523809523809525,1.0,4.0
emblematica:E011225,2803,718,0.8108582970019786,0.5,0.7558235507495459,0.0,0.005571030640668524,0.011142061281337047,2.5,3.5
emblematica:E011226,2803,740,0.8905202757957813,1.0,0.7712139713301923,0.0013513513513513514,0.005405405405405406,0.010810810810810811,8.5,4.0
emblematica:E011227,2803,776,0.797893645217303,1.0,0.7243373822219473,0.001288659793814433,0.005154639175257732,0.007731958762886598,15.0,3.0
emblematica:E011228,2803,772,0.8176084868204423,1.0,0.7498479925494006,0.0012953367875647669,0.0038860103626943004,0.009067357512953367,11.0,3.0
emblematica:E011229,2803,726,0.8169680738235193,1.0,0.7872405346589252,0.0013774104683195593,0.005509641873278237,0.009641873278236915,6.5,3.0
emblematica:E011230,2803,724,0.7804743926467411,0.5,0.7689108416852096,0.0,0.004143646408839779,0.009668508287292817,1.5,3.5
emblematica:E011231,2803,864,0.9537125187088151,1.0,0.7335504533982683,0.0011574074074074073,0.005787037037037037,0.010416666666666666,23.0,3.0
emblematica:E011232,2803,717,1.0,1.0,0.7728320456240921,0.001394700139470014,0.00697350069735007,0.01394700139470014,4.0,3.0
emblematica:E011233,2803,724,0.8800456786592188,1.0,0.7636409403615453,0.0013812154696132596,0.004143646408839779,0.011049723756906077,6.5,3.0
emblematica:E011234,2803,872,0.9074250374176303,1.0,0.7319085711947372,0.0011467889908256881,0.0045871559633027525,0.010321100917431193,4.0,4.0
emblematica:E011235,2803,769,1.0,1.0,0.757010934821223,0.0013003901170351106,0.006501950585175552,0.013003901170351105,15.0,3.0
emblematica:E011236,2803,886,0.8532721558012798,0.5,0.7304016304176134,0.0,0.004514672686230248,0.010158013544018058,15.0,3.0
emblematica:E011237,2803,170,0.3700152943830133,0.08333333333333333,0.17450536105772826,0.0,0.0,0.0,1.0,4.0
emblematica:E011238,2803,770,0.7687644635358547,1.0,0.7458191602850662,0.0012987012987012987,0.003896103896103896,0.007792207792207792,13.0,3.0
emblematica:E011239,2803,781,0.7573109428841949,0.5,0.7551242747575418,0.0,0.0038412291933418692,0.008962868117797696,11.0,3.5
emblematica:E011240,2803,937,0.9537125187088151,1.0,0.7350206566998784,0.0010672358591248667,0.005336179295624333,0.0096051227321238,4.0,3.0
emblematica:E011241,2803,737,0.7039351147911628,0.3333333333333333,0.7819168517107898,0.0,0.0027137042062415195,0.009497964721845319,7.0,3.0
emblematica:E011242,2803,719,0.8878984756873928,1.0,0.790911740570009,0.0013908205841446453,0.005563282336578581,0.011126564673157162,1.5,3.0
emblematica:E011243,2803,854,0.9510907186004266,1.0,0.7427925842438038,0.00117096018735363,0.00585480093676815,0.01053864168618267,22.5,3.0
emblematica:E011244,2803,728,1.0,1.0,0.7741409106766356,0.0013736263736263737,0.006868131868131868,0.013736263736263736,4.5,3.0
emblematica:E011245,2803,807,0.7619490156024052,0.5,0.736598329379858,0.0,0.004956629491945477,0.008674101610904586,30.5,3.5
emblematica:E011246,2803,759,0.718283334419609,0.3333333333333333,0.7511191302184436,0.0,0.003952569169960474,0.007905138339920948,12.0,4.0
emblematica:E011247,2803,750,1.0,1.0,0.7919683920869263,0.0013333333333333333,0.006666666666666667,0.013333333333333334,8.0,3.0
emblematica:E011248,2803,715,1.0,1.0,0.7868821268927803,0.0013986013986013986,0.006993006993006993,0.013986013986013986,3.0,3.5
emblematica:E011249,2803,821,0.7965100773735325,0.5,0.7324690338766474,0.0,0.0036540803897685747,0.0097442143727162,11.0,4.0
emblematica:E011250,2803,710,0.7620807610626806,1.0,0.7652936082874898,0.0014084507042253522,0.005633802816901409,0.008450704225352112,1.5,3.5
emblematica:E011251,2803,805,0.6660178217671587,0.3333333333333333,0.7372738206005004,0.0,0.0037267080745341614,0.007453416149068323,6.5,3.5
emblematica:E011252,2803,721,1.0,1.0,0.7892504768004875,0.0013869625520110957,0.006934812760055479,0.013869625520110958,4.0,3.0
emblematica:E011253,2803,750,0.8302010829452636,1.0,0.7575240409942977,0.0013333333333333333,0.005333333333333333,0.009333333333333334,6.0,3.0
emblematica:E011254,2803,730,0.865011178618329,1.0,0.7989055333451752,0.0013698630136986301,0.005479452054794521,0.010958904109589041,4.5,3.5
emblematica:E011255,2803,746,0.909543036405889,1.0,0.7569365965033328,0.0013404825737265416,0.006702412868632708,0.010723860589812333,6.5,4.0
emblematica:E011256,2803,10,0.3333333333333333,0.03571428571428571,0.008950560752709674,0.0,0.0,0.0,1.0,4.0
emblematica:E011257,2803,940,0.9035650050446237,1.0,0.7112316567850013,0.0010638297872340426,0.005319148936170213,0.00851063829787234,10.5,3.5
emblematica:E011258,2803,179,0.5564728394479543,0.3333333333333333,0.18271172513619913,0.0,0.0111731843575419,0.0223463687150838,4.0,3.5
emblematica:E011259,2803,72,0.3333333333333333,0.022222222222222223,0.03198940895156898,0.0,0.0,0.0,3.0,3.0
emblematica:E011260,2803,133,0.4698894983457272,0.3333333333333333,0.08982974122418579,0.0,0.015037593984962405,0.015037593984962405,2.0,3.0
emblematica:E011261,2803,789,0.7965100773735325,0.5,0.7511313779443315,0.0,0.0038022813688212928,0.010139416983523447,1.0,3.0
emblematica:E011262,2803,732,0.8878984756873928,1.0,0.7826758991174486,0.001366120218579235,0.00546448087431694,0.01092896174863388,7.0,5.0
emblematica:E011263,2803,709,0.7832906583706654,1.0,0.7675006865090074,0.0014104372355430183,0.004231311706629055,0.00846262341325811,1.0,3.0
emblematica:E011264,2803,200,0.5263486588232382,1.0,0.20586640726291866,0.005,0.005,0.01,11.0,4.0
emblematica:E011265,2803,867,0.9558305176970738,1.0,0.7328147145978198,0.0011534025374855825,0.0057670126874279125,0.010380622837370242,10.5,3.5
emblematica:E011266,2803,718,0.8943938982876649,1.0,0.7803309165470874,0.001392757660167131,0.005571030640668524,0.011142061281337047,1.5,3.5
emblematica:E011267,2803,739,0.9537125187088151,1.0,0.7783097922782849,0.0013531799729364006,0.006765899864682003,0.012178619756427604,5.0,3.0
emblematica:E011268,2803,717,1.0,1.0,0.779316314898485,0.001394700139470014,0.00697350069735007,0.01394700139470014,6.0,3.0
emblematica:E011269,2803,725,0.8943938982876649,1.0,0.769475145356166,0.001379310344827586,0.005517241379310344,0.011034482758620689,5.0,3.0
emblematica:E011270,2803,736,0.8525377246567915,1.0,0.768565435213161,0.001358695652173913,0.006793478260869565,0.009510869565217392,3.0,3.0
emblematica:E011271,2803,728,0.9035650050446237,1.0,0.7717678221830004,0.0013736263736263737,0.006868131868131868,0.01098901098901099,8.0,3.0
emblematica:E011272,2803,935,0.9266360779006398,1.0,0.7311025642438909,0.0010695187165775401,0.0042780748663101605,0.009625668449197862,9.5,3.5
emblematica:E011273,2803,719,0.8988252059479763,1.0,0.7623311588390567,0.0013908205841446453,0.006954102920723227,0.011126564673157162,2.5,3.0
emblematica:E011274,2803,885,0.7476007959739591,0.5,0.7234892022597318,0.0,0.003389830508474576,0.007909604519774011,32.0,4.0
emblematica:E011275,2803,745,0.8632555551147042,1.0,0.7499491356960872,0.0013422818791946308,0.005369127516778523,0.010738255033557046,8.5,3.0
emblematica:E011276,2803,734,0.8777267965010666,1.0,0.7784488530593787,0.0013623978201634877,0.005449591280653951,0.010899182561307902,5.0,3.0
emblematica:E011277,2803,732,0.9368077570869661,1.0,0.7875631626969397,0.001366120218579235,0.00546448087431694,0.012295081967213115,3.0,4.0
emblematica:E011278,2803,713,0.7965100773735325,0.5,0.7925579968964473,0.0,0.004207573632538569,0.011220196353436185,2.5,3.0
emblematica:E011279,2803,947,0.9537125187088151,1.0,0.7310832955619431,0.0010559662090813093,0.005279831045406547,0.009503695881731784,28.5,3.0
emblematica:E011280,2803,724,0.9558305176970738,1.0,0.7770855609619233,0.0013812154696132596,0.006906077348066298,0.012430939226519336,2.5,3.5
emblematica:E011281,2803,743,0.8468029266168764,1.0,0.7809244871141854,0.0013458950201884253,0.005383580080753701,0.009421265141318977,7.0,4.0
emblematica:E011282,2803,754,0.9432379215722525,1.0,0.7604913625415047,0.001326259946949602,0.005305039787798408,0.011936339522546418,15.0,3.0
emblematica:E011283,2803,727,0.7451136416161399,0.3333333333333333,0.7619660861755457,0.0,0.0041265474552957355,0.009628610729023384,7.5,3.5
emblematica:E011284,2803,733,0.9110525262978696,1.0,0.773034549499345,0.001364256480218281,0.0068212824010914054,0.010914051841746248,4.0,3.5
emblematica:E011285,2803,815,1.0,1.0,0.7448077496622779,0.001226993865030675,0.006134969325153374,0.012269938650306749,11.0,4.0
emblematica:E011286,2803,834,0.9510907186004266,1.0,0.7271335572949593,0.001199040767386091,0.005995203836930456,0.01079136690647482,25.5,4.0
emblematica:E011287,2803,776,0.9526058178152246,1.0,0.7574528153179496,0.001288659793814433,0.005154639175257732,0.011597938144329897,15.0,3.5
emblematica:E011288,2803,984,0.8611511462453225,1.0,0.7145914018174856,0.0010162601626016261,0.00508130081300813,0.007113821138211382,12.0,4.0
emblematica:E011289,2803,726,0.9069212362975004,1.0,0.7704327488998085,0.0013774104683195593,0.006887052341597796,0.011019283746556474,3.0,3.0
emblematica:E011290,2803,784,0.8969504402810676,1.0,0.763557413966734,0.0012755102040816326,0.00510204081632653,0.01020408163265306,8.0,4.0
emblematica:E011291,2803,759,0.9537125187088151,1.0,0.7584476744397323,0.0013175230566534915,0.006587615283267457,0.011857707509881422,4.0,3.5
emblematica:E011292,2803,724,1.0,1.0,0.783528986513013,0.0013812154696132596,0.006906077348066298,0.013812154696132596,7.0,4.0
emblematica:E011293,2803,782,0.9368077570869661,1.0,0.7543111584315699,0.0012787723785166241,0.005115089514066497,0.011508951406649617,16.0,3.0
emblematica:E011294,2803,782,0.9575861412006987,1.0,0.7535590580098053,0.0012787723785166241,0.00639386189258312,0.011508951406649617,6.0,3.0
emblematica:E011295,2803,766,0.74591043058532,0.5,0.7530025218434089,0.0,0.0039164490861618795,0.009138381201044387,7.5,3.0
emblematica:E011296,2803,746,0.9477344873475497,1.0,0.7871828639869543,0.0013404825737265416,0.006702412868632708,0.012064343163538873,10.0,3.0
emblematica:E011297,2803,760,0.8442327945045964,1.0,0.7489868215267043,0.0013157894736842105,0.003947368421052632,0.010526315789473684,10.0,4.5
emblematica:E011298,2803,761,0.8127456659658788,1.0,0.7584423978009399,0.001314060446780552,0.005256241787122208,0.009198423127463863,12.0,4.0
emblematica:E011299,2803,869,0.9537125187088151,1.0,0.735628577178215,0.0011507479861910242,0.005753739930955121,0.010356731875719217,3.0,3.0
emblematica:E011300,2803,776,0.8143462737151308,1.0,0.7425222160066507,0.001288659793814433,0.005154639175257732,0.00902061855670103,11.5,3.5
emblematica:E011301,2803,438,0.4781738085681532,0.06666666666666667,0.19393046057334568,0.0,0.0,0.0,4.0,4.0
emblematica:E011302,2803,768,0.8682259029282925,1.0,0.7631313578048763,0.0013020833333333333,0.005208333333333333,0.010416666666666666,16.0,3.0
emblematica:E011303,2803,764,0.7117879118193368,0.3333333333333333,0.763829299430489,0.0,0.003926701570680628,0.009162303664921465,2.0,3.0
emblematica:E011304,2803,777,0.8446849276286176,1.0,0.7555054769286946,0.001287001287001287,0.005148005148005148,0.009009009009009009,15.0,3.0
emblematica:E011305,2803,726,0.9510907186004266,1.0,0.8061799642194308,0.0013774104683195593,0.006887052341597796,0.012396694214876033,1.0,4.0
emblematica:E011306,2803,766,0.9575861412006987,1.0,0.772625961351525,0.0013054830287206266,0.006527415143603133,0.01174934725848564,8.0,3.0
emblematica:E011307,2803,850,0.9558305176970738,1.0,0.7242123338625186,0.001176470588235294,0.0058823529411764705,0.010588235294117647,24.0,3.5
emblematica:E011308,2803,167,0.40669725543269336,0.3333333333333333,0.16984506926267573,0.0,0.005988023952095809,0.005988023952095809,2.0,4.0
emblematica:E011309,2803,179,0.6410457898283652,0.25,0.20794782203911766,0.0,0.00558659217877095,0.0223463687150838,2.5,3.5
emblematica:E011310,2803,210,0.5263486588232382,1.0,0.18987322510680535,0.004761904761904762,0.004761904761904762,0.009523809523809525,4.5,3.0
emblematica:E011311,2803,742,1.0,1.0,0.7774626830900305,0.0013477088948787063,0.006738544474393531,0.013477088948787063,13.0,3.0
emblematica:E011312,2803,816,0.9008240627729515,1.0,0.7454279636352875,0.0012254901960784314,0.004901960784313725,0.00980392156862745,3.0,3.0
emblematica:E011313,2803,711,0.9537125187088151,1.0,0.7789463609821425,0.0014064697609001407,0.007032348804500703,0.012658227848101266,2.5,3.0
emblematica:E011314,2803,711,0.9053206285482487,1.0,0.7765263661794387,0.0014064697609001407,0.007032348804500703,0.011251758087201125,2.5,3.0
emblematica:E011315,2803,726,0.8340611153182702,1.0,0.7689104992698301,0.0013774104683195593,0.004132231404958678,0.011019283746556474,6.0,3.0
emblematica:E011316,2803,713,0.9575861412006987,1.0,0.7806311498020642,0.001402524544179523,0.0070126227208976155,0.012622720897615708,2.0,5.0
emblematica:E011317,2803,802,0.865011178618329,1.0,0.7389372082977453,0.0012468827930174563,0.004987531172069825,0.00997506234413965,17.0,3.0
emblematica:E011318,2803,785,0.9558305176970738,1.0,0.7418519094300826,0.0012738853503184713,0.006369426751592357,0.011464968152866241,6.0,4.0
emblematica:E011319,2803,714,0.9368077570869661,1.0,0.7690578452489218,0.0014005602240896359,0.0056022408963585435,0.012605042016806723,3.0,3.0
emblematica:E011320,2803,955,1.0,1.0,0.7304393945940159,0.0010471204188481676,0.005235602094240838,0.010471204188481676,5.0,3.0
emblematica:E011321,2803,758,0.7013133146827744,0.5,0.7368972680759328,0.0,0.00395778364116095,0.0079155672823219,20.0,3.0
emblematica:E011322,2803,727,0.8088720434739951,1.0,0.7562386316673053,0.001375515818431912,0.005502063273727648,0.009628610729023384,3.0,3.0
emblematica:E011323,2803,715,0.8611511462453225,1.0,0.7651354950108225,0.0013986013986013986,0.006993006993006993,0.009790209790209791,3.0,3.0
emblematica:E011324,2803,740,0.9053206285482487,1.0,0.7870431209440231,0.0013513513513513514,0.006756756756756757,0.010810810810810811,4.5,3.5
emblematica:E011325,2803,711,1.0,1.0,0.7981239143389309,0.0014064697609001407,0.007032348804500703,0.014064697609001406,1.0,3.0
emblematica:E011326,2803,940,0.8803485966094551,1.0,0.7257858686883607,0.0010638297872340426,0.00425531914893617,0.00851063829787234,18.0,3.5
emblematica:E011327,2803,733,0.7352052034243988,1.0,0.7604574368898023,0.001364256480218281,0.002728512960436562,0.0068212824010914054,6.0,3.0
emblematica:E011328,2803,742,0.747477774216043,1.0,0.7661912621873284,0.0013477088948787063,0.004043126684636119,0.008086253369272238,6.0,4.0
emblematica:E011329,2803,936,0.9368077570869661,1.0,0.7260223461646087,0.0010683760683760685,0.004273504273504274,0.009615384615384616,4.0,3.0
emblematica:E011330,2803,760,0.7437924315970611,0.5,0.7449677256892271,0.0,0.003947368421052632,0.009210526315789473,11.0,3.0
emblematica:E011331,2803,775,0.9537125187088151,1.0,0.780877892528981,0.0012903225806451613,0.0064516129032258064,0.011612903225806452,15.0,3.0
emblematica:E011332,2803,713,0.8803485966094551,1.0,0.7702626842570035,0.001402524544179523,0.005610098176718092,0.011220196353436185,2.5,3.0
emblematica:E011333,2803,938,1.0,1.0,0.7315581557183858,0.0010660980810234541,0.005330490405117271,0.010660980810234541,4.0,3.5
emblematica:E011334,2803,748,0.8842222191013388,1.0,0.7667634272064721,0.001336898395721925,0.0053475935828877,0.0106951871657754,12.0,3.0
emblematica:E011335,2803,719,0.9368077570869661,1.0,0.7680418533872354,0.0013908205841446453,0.005563282336578581,0.012517385257301807,3.0,3.5
emblematica:E011336,2803,738,0.7424350571691594,1.0,0.7595669243615855,0.0013550135501355014,0.0040650406504065045,0.006775067750677507,3.0,3.0
emblematica:E011337,2803,737,0.9608008655106622,1.0,0.7701142080810588,0.0013568521031207597,0.0067842605156037995,0.012211668928086838,3.5,3.5
emblematica:E011338,2803,730,0.9368077570869661,1.0,0.7923690369998014,0.0013698630136986301,0.005479452054794521,0.012328767123287671,12.0,4.0
emblematica:E011339,2803,918,0.7799082337019198,0.5,0.6906590498008145,0.0,0.0032679738562091504,0.008714596949891068,22.0,3.0
emblematica:E011340,2803,746,0.9048032373092417,1.0,0.7868040142861078,0.0013404825737265416,0.006702412868632708,0.010723860589812333,8.0,3.0
emblematica:E011341,2803,723,0.7411832347856642,1.0,0.7604151258735737,0.0013831258644536654,0.0027662517289073307,0.008298755186721992,1.0,3.0
emblematica:E011342,2803,759,0.8611375561264454,1.0,0.758843574553857,0.0013175230566534915,0.005270092226613966,0.010540184453227932,18.0,3.0
emblematica:E011351,2803,274,1.0,1.0,0.180847745177812,0.0036496350364963502,0.01824817518248175,0.0364963503649635,28.0,4.0
emblematica:E011353,2803,248,1.0,1.0,0.20061229818811813,0.004032258064516129,0.020161290322580645,0.04032258064516129,13.0,4.0
emblematica:E011354,2803,303,1.0,1.0,0.20121096559679097,0.0033003300330033004,0.0165016501650165,0.033003300330033,13.0,4.0
emblematica:E011355,2803,425,1.0,1.0,0.2339235847149219,0.002352941176470588,0.011764705882352941,0.023529411764705882,11.0,4.0
emblematica:E011357,2803,322,1.0,1.0,0.19999988161346025,0.003105590062111801,0.015527950310559006,0.031055900621118012,25.5,3.5
emblematica:E011358,2803,84,0.6116370191589731,1.0,0.06619981587135026,0.011904761904761904,0.023809523809523808,0.03571428571428571,1.0,5.0
emblematica:E011360,2803,157,0.9266360779006398,1.0,0.18997417136412767,0.006369426751592357,0.025477707006369428,0.05732484076433121,12.0,4.0
emblematica:E011361,2803,351,0.968189605900524,1.0,0.21059638136798925,0.002849002849002849,0.014245014245014245,0.02564102564102564,13.0,4.0
emblematica:E011362,2803,345,1.0,1.0,0.21922976903184727,0.002898550724637681,0.014492753623188406,0.028985507246376812,7.5,4.0
emblematica:E011364,2803,361,1.0,1.0,0.22530163834982025,0.002770083102493075,0.013850415512465374,0.027700831024930747,9.0,4.0
emblematica:E011365,2803,228,1.0,1.0,0.20599060512392742,0.0043859649122807015,0.021929824561403508,0.043859649122807015,11.5,3.5
emblematica:E011367,2803,199,1.0,1.0,0.1997754940789087,0.005025125628140704,0.02512562814070352,0.05025125628140704,7.0,4.0
emblematica:E011368,2803,441,1.0,1.0,0.22691190686448154,0.0022675736961451248,0.011337868480725623,0.022675736961451247,15.0,3.5
emblematica:E011369,2803,158,1.0,1.0,0.20460083823156391,0.006329113924050633,0.03164556962025317,0.06329113924050633,13.0,3.0
emblematica:E011370,2803,284,1.0,1.0,0.20016515802810958,0.0035211267605633804,0.017605633802816902,0.035211267605633804,11.5,4.0
emblematica:E011373,2803,212,1.0,1.0,0.21057468636709512,0.0047169811320754715,0.02358490566037736,0.04716981132075472,5.5,4.0
emblematica:E011376,2803,298,1.0,1.0,0.21941416986902262,0.003355704697986577,0.016778523489932886,0.03355704697986577,8.5,4.0
emblematica:E011377,2803,556,1.0,1.0,0.23974357508247657,0.0017985611510791368,0.008992805755395683,0.017985611510791366,13.0,4.0
emblematica:E011378,2803,426,1.0,1.0,0.23903708188952633,0.002347417840375587,0.011737089201877934,0.023474178403755867,9.0,4.0
emblematica:E011380,2803,571,1.0,1.0,0.24471521809153407,0.0017513134851138354,0.008756567425569177,0.017513134851138354,17.0,4.0
emblematica:E011382,2803,137,1.0,1.0,0.21874170522470826,0.0072992700729927005,0.0364963503649635,0.072992700729927,7.0,4.0
emblematica:E011383,2803,325,1.0,1.0,0.20433296795374958,0.003076923076923077,0.015384615384615385,0.03076923076923077,11.0,4.0
emblematica:E011385,2803,159,1.0,1.0,0.2318911474832767,0.006289308176100629,0.031446540880503145,0.06289308176100629,4.0,4.0
emblematica:E011386,2803,394,1.0,1.0,0.2448647632935973,0.0025380710659898475,0.012690355329949238,0.025380710659898477,7.0,4.0
emblematica:E011617,2803,459,0.7790207617176769,1.0,0.14571223065959815,0.002178649237472767,0.010893246187363835,0.010893246187363835,16.0,4.0
emblematica:E011618,2803,337,0.7631969546324945,1.0,0.10859553911150703,0.002967359050445104,0.011869436201780416,0.01483679525222552,47.0,4.0
emblematica:E011619,2803,71,0.6037999916901313,1.0,0.04576141751833621,0.014084507042253521,0.014084507042253521,0.028169014084507043,8.0,5.0
emblematica:E011620,2803,243,0.8182198962070145,1.0,0.09182189074974013,0.00411522633744856,0.0205761316872428,0.024691358024691357,12.0,4.0
emblematica:E011621,2803,243,0.8182198962070145,1.0,0.09510224009324551,0.00411522633744856,0.0205761316872428,0.024691358024691357,19.0,5.5
emblematica:E011622,2803,268,0.7631969546324945,1.0,0.0982160107747988,0.0037313432835820895,0.014925373134328358,0.018656716417910446,18.0,5.0
emblematica:E011623,2803,227,0.7790207617176769,1.0,0.08941376761757622,0.004405286343612335,0.022026431718061675,0.022026431718061675,8.0,2.5
emblematica:E012158,2803,375,0.3775028156362593,0.1111111111111111,0.10469602970242071,0.0,0.0,0.0026666666666666666,9.0,5.0
emblematica:E012159,2803,318,0.3333333333333333,0.06666666666666667,0.08212534810330634,0.0,0.0,0.0,4.0,5.0
emblematica:E012160,2803,77,0.37574719213263447,0.1,0.03531581525714318,0.0,0.0,0.012987012987012988,4.0,5.5
emblematica:E012161,2803,0,1.0,,,,,,1.0,2.0
emblematica:E012162,2803,0,1.0,,,,,,1.0,2.0
emblematica:E012163,2803,0,1.0,,,,,,1.0,2.0
emblematica:E012164,2803,0,1.0,,,,,,1.0,2.0
emblematica:E012165,2803,0,1.0,,,,,,1.0,2.0
emblematica:E012166,2803,0,1.0,,,,,,1.0,2.0
emblematica:E012167,2803,0,1.0,,,,,,1.0,2.0
emblematica:E012168,2803,0,1.0,,,,,,1.0,2.0
emblematica:E012169,2803,0,1.0,,,,,,1.0,2.0
emblematica:E012170,2803,0,1.0,,,,,,1.0,2.0
emblematica:E012171,2803,0,1.0,,,,,,1.0,2.0
emblematica:E012172,2803,0,1.0,,,,,,1.0,2.0
emblematica:E012173,2803,0,1.0,,,,,,1.0,2.0
emblematica:E012174,2803,0,1.0,,,,,,1.0,2.0
emblematica:E012175,2803,0,1.0,,,,,,1.0,2.0
emblematica:E012176,2803,0,1.0,,,,,,1.0,2.0
emblematica:E012177,2803,0,1.0,,,,,,1.0,2.0
emblematica:E012178,2803,0,1.0,,,,,,1.0,2.0
emblematica:E012179,2803,0,1.0,,,,,,1.0,2.0
emblematica:E012180,2803,0,1.0,,,,,,1.0,2.0
emblematica:E012181,2803,0,1.0,,,,,,1.0,2.0
emblematica:E012182,2803,0,1.0,,,,,,1.0,2.0
emblematica:E012183,2803,0,1.0,,,,,,1.0,2.0
emblematica:E012184,2803,0,1.0,,,,,,1.0,2.0
emblematica:E012185,2803,0,1.0,,,,,,1.0,2.0
emblematica:E012186,2803,0,1.0,,,,,,1.0,2.0
emblematica:E012187,2803,0,1.0,,,,,,1.0,2.0
emblematica:E012188,2803,0,1.0,,,,,,1.0,2.0
emblematica:E012189,2803,0,1.0,,,,,,1.0,2.0
emblematica:E012190,2803,0,1.0,,,,,,1.0,2.0
emblematica:E012191,2803,0,1.0,,,,,,1.0,2.0
emblematica:E012192,2803,0,1.0,,,,,,1.0,2.0
emblematica:E016791,2803,448,0.6545998936834371,1.0,0.16750513835946854,0.002232142857142857,0.004464285714285714,0.008928571428571428,12.0,4.0
emblematica:E016792,2803,153,0.3775028156362593,0.1111111111111111,0.05083891461651755,0.0,0.0,0.006535947712418301,10.0,3.0
emblematica:E016793,2803,427,0.6249016527668733,1.0,0.1609778382730293,0.00234192037470726,0.00468384074941452,0.00702576112412178,10.0,4.0
emblematica:E016795,2803,329,0.6887837115726538,0.5,0.13319549517783322,0.0,0.0121580547112462,0.015197568389057751,12.5,4.0
emblematica:E016796,2803,522,0.6460000622137831,1.0,0.18945064085757465,0.0019157088122605363,0.005747126436781609,0.005747126436781609,21.0,4.0
emblematica:E016797,2803,249,0.3333333333333333,0.024390243902439025,0.07722422788015729,0.0,0.0,0.0,20.0,4.0
emblematica:E016802,2803,394,0.44281305753755196,0.25,0.12101812580873493,0.0,0.0025380710659898475,0.005076142131979695,14.0,4.0
emblematica:E017330,2803,184,0.8311363972596454,1.0,0.11053144204271803,0.005434782608695652,0.016304347826086956,0.03804347826086957,10.0,3.5
emblematica:E017331,2803,36,0.3333333333333333,0.07692307692307693,0.02595487181910323,0.0,0.0,0.0,8.0,4.0
emblematica:E017332,2803,32,0.37574719213263447,0.1,0.026084043003917742,0.0,0.0,0.03125,3.0,3.5
emblematica:E017333,2803,73,0.3443757039090648,0.08333333333333333,0.03239935739541711,0.0,0.0,0.0,21.0,4.0
emblematica:E017334,2803,174,0.42590829591570295,0.5,0.08151301550847044,0.0,0.005747126436781609,0.005747126436781609,6.5,3.0
emblematica:E017335,2803,204,0.5647571496703804,0.5,0.08709001211109717,0.0,0.004901960784313725,0.0196078431372549,10.0,4.0
emblematica:E017336,2803,193,0.6681358207554176,0.5,0.09132595414965267,0.0,0.02072538860103627,0.025906735751295335,7.0,3.0
emblematica:E017337,2803,231,0.5921627018446607,1.0,0.092678928601612,0.004329004329004329,0.008658008658008658,0.012987012987012988,39.0,4.0
emblematica:E017338,2803,245,0.5944553905869441,0.3333333333333333,0.09969938338586413,0.0,0.004081632653061225,0.02040816326530612,14.0,5.0
emblematica:E017339,2803,166,0.3333333333333333,0.09090909090909091,0.07105716318471793,0.0,0.0,0.0,26.0,4.0
emblematica:E017340,2803,170,0.5975945819343395,1.0,0.08810108104402524,0.0058823529411764705,0.011764705882352941,0.01764705882352941,7.0,4.0
emblematica:E017341,2803,303,0.5789170894259248,0.3333333333333333,0.11825233377985017,0.0,0.009900990099009901,0.013201320132013201,35.5,5.0
emblematica:E017342,2803,147,0.5831107372509856,1.0,0.08754833042668014,0.006802721088435374,0.013605442176870748,0.02040816326530612,3.0,4.0
emblematica:E017343,2803,166,0.5921627018446607,1.0,0.08187238460466693,0.006024096385542169,0.012048192771084338,0.018072289156626505,6.0,4.5
emblematica:E017344,2803,185,0.6278263708254982,0.3333333333333333,0.08974926798526565,0.0,0.016216216216216217,0.02702702702702703,7.5,3.5
emblematica:E017345,2803,113,0.38559884598578353,0.16666666666666666,0.04144630543626465,0.0,0.0,0.008849557522123894,3.0,3.0
emblematica:E017346,2803,114,0.3333333333333333,0.06666666666666667,0.0403943536650975,0.0,0.0,0.0,3.0,3.0
emblematica:E017347,2803,113,0.3333333333333333,0.07142857142857142,0.0412075665123718,0.0,0.0,0.0,3.0,3.0
emblematica:E017348,2803,21,0.3333333333333333,0.07142857142857142,0.013866161278050565,0.0,0.0,0.0,7.0,5.5
emblematica:E017349,2803,18,0.3775028156362593,0.1111111111111111,0.016281032068333184,0.0,0.0,0.05555555555555555,5.0,3.5
emblematica:E017350,2803,64,0.38224261473290666,0.14285714285714285,0.04112242373512943,0.0,0.0,0.015625,7.0,4.5
emblematica:E017351,2803,3,0.6729354153271779,0.014084507042253521,0.014096019651607276,0.0,0.0,0.0,1.0,3.0
emblematica:E017352,2803,11,0.3333333333333333,0.05555555555555555,0.016872353669026806,0.0,0.0,0.0,1.5,3.5
emblematica:E017353,2803,27,0.5425716403598194,0.1111111111111111,0.017232814717710234,0.0,0.0,0.037037037037037035,3.0,5.0
emblematica:E017354,2803,189,0.38559884598578353,0.16666666666666666,0.06242103504436603,0.0,0.0,0.005291005291005291,29.0,5.0
emblematica:E017355,2803,28,0.3333333333333333,0.047619047619047616,0.01878708247140976,0.0,0.0,0.0,3.0,4.0
emblematica:E017356,2803,218,0.48006117753205335,1.0,0.12022524282550355,0.0045871559633027525,0.0045871559633027525,0.0045871559633027525,4.0,6.0
emblematica:E017357,2803,37,0.40669725543269336,0.3333333333333333,0.026499089918056922,0.0,0.02702702702702703,0.02702702702702703,4.5,4.0
emblematica:E017358,2803,58,0.39652557624636714,0.25,0.028666429106301693,0.0,0.017241379310344827,0.017241379310344827,4.0,5.0
emblematica:E017359,2803,191,0.6147299735805472,0.5,0.09933141969075673,0.0,0.015706806282722512,0.020942408376963352,3.0,4.0
emblematica:E017360,2803,23,0.3333333333333333,0.05555555555555555,0.0270871165018072,0.0,0.0,0.0,5.5,2.0
emblematica:E017361,2803,161,0.6887168389633205,1.0,0.0879382623476689,0.006211180124223602,0.018633540372670808,0.031055900621118012,4.0,4.0
emblematica:E017362,2803,187,0.7575841952873834,1.0,0.1106556792684143,0.0053475935828877,0.016042780748663103,0.03208556149732621,7.0,4.0
emblematica:E017363,2803,284,0.42590829591570295,0.5,0.15450943022081642,0.0,0.0035211267605633804,0.0035211267605633804,14.5,4.0
emblematica:E017364,2803,234,0.46832215471500416,0.5,0.14219557025331586,0.0,0.004273504273504274,0.008547008547008548,14.0,5.0
emblematica:E017365,2803,306,0.5432534204450873,1.0,0.15448343140102597,0.0032679738562091504,0.006535947712418301,0.006535947712418301,21.0,4.0
emblematica:E017498,2803,97,0.9652843890316114,1.0,0.4645117798322708,0.010309278350515464,0.05154639175257732,0.09278350515463918,2.0,2.0
emblematica:E017499,2803,139,0.9035650050446237,1.0,0.3357676179986184,0.007194244604316547,0.03597122302158273,0.05755395683453238,2.0,3.0
emblematica:E017500,2803,198,1.0,1.0,0.28073593786526757,0.005050505050505051,0.025252525252525252,0.050505050505050504,7.0,3.0
emblematica:E017501,2803,127,0.9182293066898518,1.0,0.36045535552219643,0.007874015748031496,0.031496062992125984,0.06299212598425197,8.5,2.5
emblematica:E017502,2803,130,0.9668728882728055,1.0,0.39861331798285893,0.007692307692307693,0.038461538461538464,0.06923076923076923,7.0,3.0
emblematica:E017503,2803,147,1.0,1.0,0.35643917822147403,0.006802721088435374,0.034013605442176874,0.06802721088435375,9.0,3.0
emblematica:E017504,2803,344,0.9014470060563649,1.0,0.30531443453339474,0.0029069767441860465,0.014534883720930232,0.023255813953488372,3.5,3.0
emblematica:E017505,2803,161,1.0,1.0,0.3295669811246105,0.006211180124223602,0.031055900621118012,0.062111801242236024,12.0,3.0
emblematica:E017506,2803,92,1.0,1.0,0.5209904321243513,0.010869565217391304,0.05434782608695652,0.10869565217391304,2.0,3.0
emblematica:E017507,2803,233,1.0,1.0,0.30467096846444064,0.004291845493562232,0.02145922746781116,0.04291845493562232,9.5,3.5
emblematica:E017508,2803,155,1.0,1.0,0.37900635367158025,0.0064516129032258064,0.03225806451612903,0.06451612903225806,1.0,2.5
emblematica:E017509,2803,162,1.0,1.0,0.3268495010269221,0.006172839506172839,0.030864197530864196,0.06172839506172839,7.0,3.0
emblematica:E017510,2803,191,1.0,1.0,0.3394898296269956,0.005235602094240838,0.02617801047120419,0.05235602094240838,8.5,3.0
emblematica:E017511,2803,96,0.9276737537834677,1.0,0.43811637940443354,0.010416666666666666,0.052083333333333336,0.08333333333333333,4.5,3.5
emblematica:E017512,2803,403,0.9334739949321355,1.0,0.2771516669862184,0.0024813895781637717,0.01240694789081886,0.019851116625310174,4.0,3.0
emblematica:E017513,2803,172,1.0,1.0,0.3544833139268978,0.005813953488372093,0.029069767441860465,0.05813953488372093,7.5,3.0
emblematica:E017514,2803,158,1.0,1.0,0.3623331109350608,0.006329113924050633,0.03164556962025317,0.06329113924050633,2.5,3.0
emblematica:E017515,2803,153,0.9558305176970738,1.0,0.2667855331972647,0.006535947712418301,0.032679738562091505,0.058823529411764705,5.0,3.0
emblematica:E017516,2803,184,1.0,1.0,0.33454581763384733,0.005434782608695652,0.02717391304347826,0.05434782608695652,7.5,2.5
emblematica:E017517,2803,232,1.0,1.0,0.32580303262485083,0.004310344827586207,0.021551724137931036,0.04310344827586207,1.0,3.0
emblematica:E017518,2803,299,1.0,1.0,0.3221081365915823,0.0033444816053511705,0.016722408026755852,0.033444816053511704,6.0,3.0
emblematica:E017519,2803,119,1.0,1.0,0.4073811904002099,0.008403361344537815,0.04201680672268908,0.08403361344537816,2.0,3.0
emblematica:E017520,2803,177,1.0,1.0,0.3509668759097827,0.005649717514124294,0.02824858757062147,0.05649717514124294,1.0,3.0
emblematica:E017521,2803,461,0.968189605900524,1.0,0.38046127369129656,0.0021691973969631237,0.010845986984815618,0.019522776572668113,13.0,3.0
emblematica:E017522,2803,210,1.0,1.0,0.31732466469953713,0.004761904761904762,0.023809523809523808,0.047619047619047616,5.0,3.0
emblematica:E017523,2803,188,1.0,1.0,0.3331348661468792,0.005319148936170213,0.026595744680851064,0.05319148936170213,4.0,3.0
emblematica:E017524,2803,229,1.0,1.0,0.30214121015984363,0.004366812227074236,0.021834061135371178,0.043668122270742356,4.0,2.0
emblematica:E017525,2803,207,0.968189605900524,1.0,0.31488365781810446,0.004830917874396135,0.024154589371980676,0.043478260869565216,11.0,3.0
emblematica:E017526,2803,107,0.9558305176970738,1.0,0.36315640670938426,0.009345794392523364,0.04672897196261682,0.08411214953271028,1.0,3.0
emblematica:E017527,2803,318,1.0,1.0,0.3221843989380948,0.0031446540880503146,0.015723270440251572,0.031446540880503145,7.0,3.0
emblematica:E017528,2803,180,1.0,1.0,0.3386683762177894,0.005555555555555556,0.027777777777777776,0.05555555555555555,5.0,3.0
emblematica:E017529,2803,279,0.9633180389503199,1.0,0.31925649948112145,0.0035842293906810036,0.017921146953405017,0.03225806451612903,2.5,3.0
emblematica:E017530,2803,69,0.6718483456960727,0.5,0.06951680484286446,0.0,0.043478260869565216,0.043478260869565216,1.0,3.0
emblematica:E017531,2803,138,1.0,1.0,0.4001324727532032,0.007246376811594203,0.036231884057971016,0.07246376811594203,2.0,3.0
emblematica:E017532,2803,289,1.0,1.0,0.29478861132138157,0.0034602076124567475,0.01730103806228374,0.03460207612456748,13.0,3.0
emblematica:E017533,2803,201,1.0,1.0,0.3275964493246604,0.004975124378109453,0.024875621890547265,0.04975124378109453,7.0,3.0
emblematica:E017534,2803,139,1.0,1.0,0.40024048266023476,0.007194244604316547,0.03597122302158273,0.07194244604316546,1.5,2.5
emblematica:E017535,2803,248,0.9652843890316114,1.0,0.29892974909803044,0.004032258064516129,0.020161290322580645,0.036290322580645164,9.0,3.0
emblematica:E017536,2803,212,1.0,1.0,0.31861495454729805,0.0047169811320754715,0.02358490566037736,0.04716981132075472,4.0,3.0
emblematica:E017537,2803,448,1.0,1.0,0.3248902950400178,0.002232142857142857,0.011160714285714286,0.022321428571428572,11.5,3.0
emblematica:E017538,2803,166,1.0,1.0,0.3778026893462634,0.006024096385542169,0.030120481927710843,0.060240963855421686,6.5,3.0
emblematica:E017539,2803,166,1.0,1.0,0.3571179273139987,0.006024096385542169,0.030120481927710843,0.060240963855421686,2.0,3.0
emblematica:E017540,2803,162,1.0,1.0,0.3669577445346628,0.006172839506172839,0.030864197530864196,0.06172839506172839,7.5,3.0
emblematica:E017541,2803,149,1.0,1.0,0.3865609127582459,0.006711409395973154,0.03355704697986577,0.06711409395973154,1.0,3.0
emblematica:E017542,2803,188,0.8676898886362807,1.0,0.22786708350079732,0.005319148936170213,0.015957446808510637,0.03723404255319149,1.5,3.5
emblematica:E017543,2803,150,1.0,1.0,0.3914310075075903,0.006666666666666667,0.03333333333333333,0.06666666666666667,2.5,2.5
emblematica:E017544,2803,161,0.9608008655106622,1.0,0.3604444334890138,0.006211180124223602,0.031055900621118012,0.055900621118012424,3.0,3.0
emblematica:E017545,2803,169,1.0,1.0,0.363093115823524,0.005917159763313609,0.029585798816568046,0.05917159763313609,9.0,3.0
emblematica:E017546,2803,151,0.8722056253291119,1.0,0.24713034515564639,0.006622516556291391,0.033112582781456956,0.046357615894039736,12.5,3.0
emblematica:E017547,2803,175,1.0,1.0,0.3509597300376025,0.005714285714285714,0.02857142857142857,0.05714285714285714,2.0,3.0
emblematica:E018847,2803,285,0.4237902969274442,0.125,0.10421458496734422,0.0,0.0,0.007017543859649123,6.0,4.0
emblematica:E018848,2803,289,0.5242306598349794,1.0,0.10976771563052444,0.0034602076124567475,0.0034602076124567475,0.006920415224913495,6.5,5.0
emblematica:E018849,2803,0,1.0,,,,,,1.0,3.5
emblematica:E018850,2803,141,0.3333333333333333,0.0125,0.062065471190034936,0.0,0.0,0.0,6.0,3.0
emblematica:E018851,2803,231,0.3333333333333333,0.058823529411764705,0.06671739526327962,0.0,0.0,0.0,21.0,4.0
emblematica:E018852,2803,15,0.3333333333333333,0.005235602094240838,0.010833684303181006,0.0,0.0,0.0,2.5,3.5
emblematica:E018853,2803,305,0.46832215471500416,0.5,0.1050955004665029,0.0,0.003278688524590164,0.006557377049180328,15.0,2.0
emblematica:E018854,2803,157,0.3333333333333333,0.06666666666666667,0.044678177851596126,0.0,0.0,0.0,5.0,4.0
emblematica:E018855,2803,211,0.37962081462451813,0.125,0.06331277698466653,0.0,0.0,0.004739336492890996,7.5,3.5
emblematica:E018856,2803,51,0.3333333333333333,0.05263157894736842,0.02470458455460908,0.0,0.0,0.0,7.5,3.5
emblematica:E018857,2803,149,0.40669725543269336,0.3333333333333333,0.06855643137803287,0.0,0.006711409395973154,0.006711409395973154,10.0,3.5
emblematica:E018858,2803,11,0.5242306598349794,1.0,0.21807792512530427,0.09090909090909091,0.09090909090909091,0.18181818181818182,1.0,3.0
emblematica:E018859,2803,111,0.3900954117610806,0.2,0.05803854399296189,0.0,0.009009009009009009,0.009009009009009009,12.5,3.5
emblematica:E018860,2803,13,0.41418477668593934,0.1111111111111111,0.14688287972363573,0.0,0.0,0.07692307692307693,2.0,3.0
emblematica:E018861,2803,42,0.4748175773152763,0.5,0.0829427274562056,0.0,0.023809523809523808,0.047619047619047616,6.0,4.0
emblematica:E018862,2803,214,0.3621977722247043,0.0625,0.06260215171124064,0.0,0.0,0.0,3.5,3.5
emblematica:E018863,2803,283,0.48006117753205335,1.0,0.10399069066436854,0.0035335689045936395,0.0035335689045936395,0.0035335689045936395,2.5,3.5
emblematica:E018864,2803,15,0.38224261473290666,0.14285714285714285,0.09278123412506321,0.0,0.0,0.06666666666666667,3.0,3.0
emblematica:E018865,2803,44,0.4400988155226398,0.5,0.09181660555853104,0.0,0.022727272727272728,0.022727272727272728,7.5,3.5
emblematica:E018866,2803,69,0.38224261473290666,0.14285714285714285,0.04052580704554919,0.0,0.0,0.014492753623188406,12.0,3.5
emblematica:E018867,2803,132,0.5874229027480132,1.0,0.08305734600220019,0.007575757575757576,0.015151515151515152,0.022727272727272728,11.5,4.0
emblematica:E018868,2803,271,0.3333333333333333,0.045454545454545456,0.08370565294020445,0.0,0.0,0.0,1.0,3.5
emblematica:E018869,2803,23,0.3333333333333333,0.006993006993006993,0.009828533314901836,0.0,0.0,0.0,5.0,4.0
emblematica:E018870,2803,93,0.46832215471500416,0.5,0.07452355276641123,0.0,0.010752688172043012,0.021505376344086023,13.0,4.0
emblematica:E018871,2803,262,1.0,1.0,0.4587992070186743,0.003816793893129771,0.019083969465648856,0.03816793893129771,15.0,5.0
emblematica:E018872,2803,245,1.0,1.0,0.5053741328615421,0.004081632653061225,0.02040816326530612,0.04081632653061224,16.0,3.0
emblematica:E018873,2803,191,0.9575861412006987,1.0,0.5632765741762275,0.005235602094240838,0.02617801047120419,0.04712041884816754,3.5,4.5
emblematica:E018874,2803,323,0.9266360779006398,1.0,0.4132333884280671,0.0030959752321981426,0.01238390092879257,0.02786377708978328,32.0,4.0
emblematica:E018875,2803,256,1.0,1.0,0.603381733866396,0.00390625,0.01953125,0.0390625,5.0,4.5
emblematica:E018876,2803,249,1.0,1.0,0.48297491489995753,0.004016064257028112,0.020080321285140562,0.040160642570281124,2.5,5.0
emblematica:E018877,2803,216,1.0,1.0,0.5189171927550683,0.004629629629629629,0.023148148148148147,0.046296296296296294,10.5,4.0
emblematica:E018878,2803,184,1.0,1.0,0.5826853351168257,0.005434782608695652,0.02717391304347826,0.05434782608695652,2.5,6.0
emblematica:E018879,2803,205,1.0,1.0,0.5601145107864801,0.004878048780487805,0.024390243902439025,0.04878048780487805,8.0,5.0
emblematica:E018880,2803,203,1.0,1.0,0.5429309873428054,0.0049261083743842365,0.024630541871921183,0.04926108374384237,3.0,3.0
emblematica:E018881,2803,219,1.0,1.0,0.5524211023247949,0.0045662100456621,0.0228310502283105,0.045662100456621,16.0,4.0
emblematica:E018882,2803,227,1.0,1.0,0.5123146079393716,0.004405286343612335,0.022026431718061675,0.04405286343612335,12.5,5.0
emblematica:E018883,2803,283,1.0,1.0,0.45571949486467905,0.0035335689045936395,0.0176678445229682,0.0353356890459364,17.0,4.0
emblematica:E018884,2803,217,1.0,1.0,0.5242504609916546,0.004608294930875576,0.02304147465437788,0.04608294930875576,4.5,4.5
emblematica:E018885,2803,201,1.0,1.0,0.5478446526234297,0.004975124378109453,0.024875621890547265,0.04975124378109453,10.0,3.0
emblematica:E018886,2803,298,0.9537125187088151,1.0,0.5334668893016311,0.003355704697986577,0.016778523489932886,0.030201342281879196,27.5,3.5
emblematica:E018887,2803,243,1.0,1.0,0.4721407892884684,0.00411522633744856,0.0205761316872428,0.0411522633744856,13.0,4.0
emblematica:E018888,2803,240,1.0,1.0,0.48130948476142377,0.004166666666666667,0.020833333333333332,0.041666666666666664,18.0,4.5
emblematica:E018889,2803,302,1.0,1.0,0.4235784846746389,0.0033112582781456954,0.016556291390728478,0.033112582781456956,24.5,3.5
emblematica:E018890,2803,193,1.0,1.0,0.5662999064006016,0.0051813471502590676,0.025906735751295335,0.05181347150259067,3.0,5.0
emblematica:E018891,2803,293,1.0,1.0,0.43918301433079976,0.0034129692832764505,0.017064846416382253,0.034129692832764506,17.0,3.0
emblematica:E018892,2803,235,1.0,1.0,0.4841676662919415,0.00425531914893617,0.02127659574468085,0.03829787234042553,11.0,4.0
emblematica:E018893,2803,217,1.0,1.0,0.5151628941258424,0.004608294930875576,0.02304147465437788,0.04608294930875576,6.0,4.0
emblematica:E018894,2803,211,1.0,1.0,0.5233786794875636,0.004739336492890996,0.023696682464454975,0.04739336492890995,13.0,4.0
emblematica:E018895,2803,200,1.0,1.0,0.5475998416132173,0.005,0.025,0.05,10.5,4.0
emblematica:E018896,2803,302,0.9432379215722525,1.0,0.42797937916408735,0.0033112582781456954,0.013245033112582781,0.029801324503311258,18.5,4.5
emblematica:E018897,2803,209,1.0,1.0,0.5372988905911273,0.004784688995215311,0.023923444976076555,0.04784688995215311,4.0,4.0
emblematica:E018898,2803,269,1.0,1.0,0.5852572357422434,0.0037174721189591076,0.01858736059479554,0.03717472118959108,6.0,3.0
emblematica:E018899,2803,208,1.0,1.0,0.533882464128756,0.004807692307692308,0.02403846153846154,0.04807692307692308,6.5,3.5
emblematica:E018900,2803,216,1.0,1.0,0.5180968511754204,0.004629629629629629,0.023148148148148147,0.046296296296296294,16.0,3.0
emblematica:E018901,2803,230,0.9266360779006398,1.0,0.5594460439985514,0.004347826086956522,0.017391304347826087,0.0391304347826087,8.0,4.0
emblematica:E018902,2803,203,1.0,1.0,0.546517360680865,0.0049261083743842365,0.024630541871921183,0.04926108374384237,3.0,4.0
emblematica:E018903,2803,231,1.0,1.0,0.4893201862814457,0.004329004329004329,0.021645021645021644,0.04329004329004329,13.5,5.0
emblematica:E018904,2803,216,1.0,1.0,0.5226372508934422,0.004629629629629629,0.023148148148148147,0.046296296296296294,3.0,4.0
emblematica:E018905,2803,195,1.0,1.0,0.5558674333042044,0.005128205128205128,0.02564102564102564,0.05128205128205128,3.0,4.0
emblematica:E018906,2803,200,1.0,1.0,0.5491449269621027,0.005,0.025,0.05,5.5,3.5
emblematica:E018907,2803,361,1.0,1.0,0.37822708889484563,0.002770083102493075,0.013850415512465374,0.024930747922437674,23.0,4.0
emblematica:E018908,2803,192,1.0,1.0,0.5650621309064356,0.005208333333333333,0.026041666666666668,0.046875,3.5,3.5
emblematica:E018909,2803,319,1.0,1.0,0.4142781165709991,0.003134796238244514,0.01567398119122257,0.03134796238244514,12.0,4.0
emblematica:E018910,2803,188,1.0,1.0,0.5698240065947456,0.005319148936170213,0.026595744680851064,0.05319148936170213,2.0,5.0
emblematica:E018911,2803,190,1.0,1.0,0.5501211053770912,0.005263157894736842,0.02631578947368421,0.05263157894736842,3.0,6.0
emblematica:E018912,2803,200,1.0,1.0,0.5495681002869012,0.005,0.025,0.05,2.5,3.0
emblematica:E018913,2803,198,1.0,1.0,0.555346148136275,0.005050505050505051,0.025252525252525252,0.050505050505050504,8.5,4.0
emblematica:E018914,2803,269,1.0,1.0,0.45695910934799305,0.0037174721189591076,0.01858736059479554,0.03717472118959108,4.5,4.0
emblematica:E018915,2803,226,1.0,1.0,0.5100538472588012,0.004424778761061947,0.022123893805309734,0.04424778761061947,21.0,4.0
emblematica:E018916,2803,258,1.0,1.0,0.4572846805067521,0.003875968992248062,0.01937984496124031,0.03875968992248062,23.5,4.5
emblematica:E018917,2803,207,1.0,1.0,0.5434733198333375,0.004830917874396135,0.024154589371980676,0.04830917874396135,5.0,5.0
emblematica:E018918,2803,188,1.0,1.0,0.5737552514768911,0.005319148936170213,0.026595744680851064,0.05319148936170213,1.5,5.0
emblematica:E018919,2803,217,1.0,1.0,0.5226917638552274,0.004608294930875576,0.02304147465437788,0.04608294930875576,16.0,3.0
emblematica:E018920,2803,198,0.9074250374176303,1.0,0.5459207677123287,0.005050505050505051,0.020202020202020204,0.045454545454545456,2.0,5.0
emblematica:E018921,2803,309,1.0,1.0,0.42105856433006655,0.003236245954692557,0.016181229773462782,0.032362459546925564,13.0,3.0
emblematica:E018922,2803,313,1.0,1.0,0.4197052787673354,0.003194888178913738,0.01597444089456869,0.03194888178913738,8.0,5.0
emblematica:E018923,2803,277,1.0,1.0,0.44537114006651435,0.0036101083032490976,0.018050541516245487,0.036101083032490974,8.0,3.5
emblematica:E018924,2803,272,1.0,1.0,0.4497180693828063,0.003676470588235294,0.01838235294117647,0.03676470588235294,8.0,4.0
emblematica:E018925,2803,192,1.0,1.0,0.5639713237984173,0.005208333333333333,0.026041666666666668,0.052083333333333336,2.0,4.0
emblematica:E018926,2803,327,1.0,1.0,0.4392685861023021,0.0030581039755351682,0.01529051987767584,0.03058103975535168,22.5,4.0
emblematica:E018927,2803,205,1.0,1.0,0.5232265440915079,0.004878048780487805,0.01951219512195122,0.04390243902439024,6.0,3.5
emblematica:E018928,2803,216,1.0,1.0,0.5246023545869958,0.004629629629629629,0.023148148148148147,0.046296296296296294,10.5,4.0
emblematica:E018929,2803,214,1.0,1.0,0.5079385782770864,0.004672897196261682,0.02336448598130841,0.04672897196261682,6.0,4.0
emblematica:E018930,2803,304,1.0,1.0,0.4391061188095372,0.003289473684210526,0.01644736842105263,0.03289473684210526,15.0,4.0
emblematica:E018931,2803,252,1.0,1.0,0.5969992335551616,0.003968253968253968,0.01984126984126984,0.03968253968253968,3.5,4.5
emblematica:E018932,2803,207,1.0,1.0,0.5313585956281878,0.004830917874396135,0.024154589371980676,0.04830917874396135,8.5,5.0
emblematica:E018933,2803,233,1.0,1.0,0.4767294713992632,0.004291845493562232,0.02145922746781116,0.04291845493562232,5.0,4.0
emblematica:E018934,2803,209,1.0,1.0,0.5330039061364186,0.004784688995215311,0.023923444976076555,0.04784688995215311,11.0,4.0
emblematica:E018935,2803,187,1.0,1.0,0.5744244761339582,0.0053475935828877,0.026737967914438502,0.053475935828877004,2.0,4.0
emblematica:E018936,2803,245,1.0,1.0,0.49242533273560146,0.004081632653061225,0.02040816326530612,0.04081632653061224,13.0,5.0
emblematica:E018937,2803,185,1.0,1.0,0.5829828417749927,0.005405405405405406,0.02702702702702703,0.05405405405405406,2.0,4.5
emblematica:E018938,2803,198,1.0,1.0,0.5503892161588844,0.005050505050505051,0.025252525252525252,0.050505050505050504,4.0,4.0
emblematica:E018939,2803,203,0.9074250374176303,1.0,0.5313500114336386,0.0049261083743842365,0.019704433497536946,0.04433497536945813,9.0,5.0
emblematica:E018940,2803,271,1.0,1.0,0.467674678987229,0.0036900369003690036,0.01845018450184502,0.033210332103321034,10.0,5.0
emblematica:E018941,2803,235,0.9074250374176303,1.0,0.4740450852732493,0.00425531914893617,0.01702127659574468,0.03829787234042553,14.5,3.5
emblematica:E018942,2803,223,1.0,1.0,0.5067196172187276,0.004484304932735426,0.02242152466367713,0.04484304932735426,7.0,4.0
emblematica:E018943,2803,206,1.0,1.0,0.544065777713955,0.0048543689320388345,0.024271844660194174,0.04854368932038835,3.0,4.0
emblematica:E018944,2803,265,1.0,0.5,0.4497016440946461,0.0,0.01509433962264151,0.033962264150943396,8.0,5.0
emblematica:E018945,2803,359,1.0,0.5,0.38412851941288373,0.0,0.011142061281337047,0.025069637883008356,26.0,4.0
emblematica:E018946,2803,224,1.0,1.0,0.4980584017111368,0.004464285714285714,0.017857142857142856,0.04017857142857143,10.0,4.0
emblematica:E018947,2803,406,1.0,1.0,0.3676501507377358,0.0024630541871921183,0.009852216748768473,0.022167487684729065,25.0,4.0
emblematica:E018948,2803,197,1.0,1.0,0.5547654062487356,0.005076142131979695,0.025380710659898477,0.050761421319796954,3.5,3.5
emblematica:E018949,2803,207,1.0,1.0,0.5299343461852805,0.004830917874396135,0.024154589371980676,0.04830917874396135,8.0,5.0
emblematica:E018950,2803,203,1.0,1.0,0.5507205164245703,0.0049261083743842365,0.024630541871921183,0.04926108374384237,5.0,4.0
emblematica:E018951,2803,268,1.0,1.0,0.43571269989661093,0.0037313432835820895,0.018656716417910446,0.03731343283582089,14.0,4.0
emblematica:E018952,2803,6,0.35648241204244513,0.010416666666666666,0.010508829805291777,0.0,0.0,0.0,2.0,4.0
emblematica:E018953,2803,215,1.0,1.0,0.5388187743290866,0.004651162790697674,0.023255813953488372,0.04186046511627907,5.0,4.0
emblematica:E018954,2803,254,1.0,1.0,0.4788303910555396,0.003937007874015748,0.01968503937007874,0.03937007874015748,11.0,4.0
emblematica:E018955,2803,228,1.0,1.0,0.49035823234138376,0.0043859649122807015,0.021929824561403508,0.043859649122807015,13.5,4.5
emblematica:E018956,2803,237,1.0,1.0,0.4908561092279562,0.004219409282700422,0.02109704641350211,0.04219409282700422,23.0,4.0
emblematica:E018957,2803,204,1.0,1.0,0.5394532413049316,0.004901960784313725,0.024509803921568627,0.049019607843137254,6.5,4.0
emblematica:E018958,2803,58,1.0,0.058823529411764705,0.025107716179837865,0.0,0.0,0.0,8.0,5.0
emblematica:E018959,2803,186,1.0,1.0,0.5714549698581015,0.005376344086021506,0.026881720430107527,0.053763440860215055,2.0,5.0
emblematica:E018960,2803,198,1.0,1.0,0.5595810071321909,0.005050505050505051,0.025252525252525252,0.050505050505050504,9.0,6.0
emblematica:E018961,2803,233,1.0,1.0,0.477064792742825,0.004291845493562232,0.017167381974248927,0.03862660944206009,11.0,4.5
emblematica:E018962,2803,206,1.0,1.0,0.53095519184781,0.0048543689320388345,0.024271844660194174,0.04854368932038835,13.0,5.0
emblematica:E018963,2803,195,1.0,1.0,0.5547881918063905,0.005128205128205128,0.02564102564102564,0.05128205128205128,3.0,3.0
emblematica:E018964,2803,258,1.0,1.0,0.47655376738007366,0.003875968992248062,0.01937984496124031,0.03875968992248062,14.0,4.0
emblematica:E018965,2803,220,1.0,1.0,0.5152032448401942,0.004545454545454545,0.022727272727272728,0.045454545454545456,10.0,6.0
emblematica:E018966,2803,248,1.0,1.0,0.4877730082830755,0.004032258064516129,0.020161290322580645,0.04032258064516129,18.0,4.0
emblematica:E018967,2803,188,1.0,1.0,0.5704711891859012,0.005319148936170213,0.026595744680851064,0.05319148936170213,2.0,4.0
emblematica:E018968,2803,306,1.0,1.0,0.433153925859587,0.0032679738562091504,0.016339869281045753,0.032679738562091505,12.0,4.0
emblematica:E018969,2803,242,1.0,1.0,0.5037187267537564,0.004132231404958678,0.02066115702479339,0.04132231404958678,15.0,5.0
emblematica:E018970,2803,226,1.0,1.0,0.49579556683147114,0.004424778761061947,0.017699115044247787,0.03982300884955752,13.0,4.0
emblematica:E018971,2803,275,1.0,1.0,0.558665953378247,0.0036363636363636364,0.01818181818181818,0.03272727272727273,8.0,5.0
emblematica:E018974,2803,99,0.3900954117610806,0.2,0.05388164826744371,0.0,0.010101010101010102,0.010101010101010102,8.0,4.0
emblematica:E018975,2803,102,0.38224261473290666,0.14285714285714285,0.044073614277162915,0.0,0.0,0.00980392156862745,5.0,3.0
emblematica:E018976,2803,16,0.367080538678751,0.016129032258064516,0.00781756335007356,0.0,0.0,0.0,1.0,4.0
emblematica:E018977,2803,40,0.3333333333333333,0.0625,0.01273497880411999,0.0,0.0,0.0,1.0,4.0
emblematica:E018978,2803,169,0.5548252907678835,1.0,0.08929866122717914,0.005917159763313609,0.011834319526627219,0.011834319526627219,1.0,4.0
emblematica:E018979,2803,43,0.36751944455465724,0.015625,0.014150660188807495,0.0,0.0,0.0,2.0,4.0
emblematica:E018980,2803,73,0.4948670904386113,0.25,0.06096000374135473,0.0,0.0136986301369863,0.0273972602739726,5.0,4.0
emblematica:E018981,2803,8,0.36060229518458903,0.07692307692307693,0.027461479948035047,0.0,0.0,0.0,1.0,4.0
emblematica:E018982,2803,106,0.3333333333333333,0.011627906976744186,0.0325154397147098,0.0,0.0,0.0,1.0,4.0
emblematica:E018983,2803,163,0.3333333333333333,0.02857142857142857,0.049471074994602654,0.0,0.0,0.0,1.0,4.0
emblematica:E018984,2803,282,0.5948222808562197,0.5,0.12363418567744786,0.0,0.0070921985815602835,0.014184397163120567,14.0,4.0
emblematica:E018985,2803,121,0.4556065368322667,0.3333333333333333,0.09816456117764277,0.0,0.008264462809917356,0.01652892561983471,9.0,4.0
emblematica:E018986,2803,225,0.5515377306675132,0.5,0.08370342688027768,0.0,0.008888888888888889,0.013333333333333334,8.5,4.0
emblematica:E018987,2803,49,0.3333333333333333,0.008403361344537815,0.01485047817447144,0.0,0.0,0.0,1.0,5.0
emblematica:E018988,2803,130,0.6023343810309868,1.0,0.09208859680914487,0.007692307692307693,0.015384615384615385,0.023076923076923078,3.0,4.0
emblematica:E018989,2803,125,0.4487910888988174,0.25,0.10134136444875709,0.0,0.008,0.016,3.0,4.0
emblematica:E018990,2803,32,0.3333333333333333,0.0196078431372549,0.01646501006055624,0.0,0.0,0.0,3.0,4.0
emblematica:E018991,2803,69,0.38678956270836595,0.1,0.1065805031283261,0.0,0.0,0.014492753623188406,8.0,4.0
emblematica:E018992,2803,53,0.3775028156362593,0.05,0.026930323822516474,0.0,0.0,0.0,2.5,4.0
emblematica:E018993,2803,98,0.4831441563817416,0.5,0.06866883026200679,0.0,0.01020408163265306,0.02040816326530612,5.0,6.0
emblematica:E018994,2803,107,0.5022473182738499,0.25,0.07571509462379185,0.0,0.009345794392523364,0.028037383177570093,10.0,4.0
emblematica:E018995,2803,203,0.37574719213263447,0.1,0.05311034899552575,0.0,0.0,0.0049261083743842365,2.5,4.5
emblematica:E018996,2803,3,0.6016332669423898,0.3333333333333333,0.13462301587301587,0.0,0.3333333333333333,0.3333333333333333,1.0,4.0
emblematica:E018997,2803,31,0.44281305753755196,0.25,0.042425813101921714,0.0,0.03225806451612903,0.06451612903225806,1.5,4.5
emblematica:E018998,2803,102,0.42801270478508463,0.16666666666666666,0.070422844414078,0.0,0.0,0.0196078431372549,8.0,3.0
emblematica:E018999,2803,52,0.3900954117610806,0.2,0.039850823872172945,0.0,0.019230769230769232,0.019230769230769232,2.0,3.5
emblematica:E019000,2803,224,0.3333333333333333,0.08333333333333333,0.06934821811700331,0.0,0.0,0.0,9.0,3.5
emblematica:E019001,2803,76,0.34490520365612953,0.047619047619047616,0.02615429688456647,0.0,0.0,0.0,5.0,4.0
emblematica:E019002,2803,41,0.37574719213263447,0.08333333333333333,0.04887699376845659,0.0,0.0,0.0,1.0,5.0
emblematica:E019003,2803,99,0.499272218015063,0.5,0.07703318066339357,0.0,0.020202020202020204,0.020202020202020204,4.5,4.5
emblematica:E019004,2803,80,0.3333333333333333,0.06666666666666667,0.03180670696554782,0.0,0.0,0.0,1.0,4.0
emblematica:E019005,2803,65,0.3597511732901635,0.037037037037037035,0.015726349419365244,0.0,0.0,0.0,2.5,3.5
emblematica:E019006,2803,58,0.5534250996314135,1.0,0.04767131107465715,0.017241379310344827,0.017241379310344827,0.017241379310344827,2.0,4.0
emblematica:E019007,2803,165,0.3475238529402701,0.07692307692307693,0.058445288797325655,0.0,0.0,0.0,23.5,4.0
emblematica:E019008,2803,85,0.37962081462451813,0.125,0.05566938667501524,0.0,0.0,0.011764705882352941,9.0,5.0
emblematica:E019009,2803,74,0.5690654355727757,0.3333333333333333,0.06303298772703579,0.0,0.04054054054054054,0.05405405405405406,2.0,5.5
emblematica:E019010,2803,97,0.45086673773561936,0.3333333333333333,0.08395877391148801,0.0,0.010309278350515464,0.020618556701030927,13.0,4.5
emblematica:E019011,2803,50,0.40669725543269336,0.3333333333333333,0.05340738959559057,0.0,0.02,0.02,3.0,5.0
emblematica:E019012,2803,37,0.38224261473290666,0.14285714285714285,0.050127115718155944,0.0,0.0,0.02702702702702703,3.0,4.0
emblematica:E019013,2803,71,0.5692231603596719,1.0,0.06128086128369087,0.014084507042253521,0.028169014084507043,0.028169014084507043,2.5,4.0
emblematica:E019014,2803,32,0.3333333333333333,0.02857142857142857,0.013115441895449779,0.0,0.0,0.0,3.5,4.5
emblematica:E019015,2803,43,0.38224261473290666,0.14285714285714285,0.016385466721434018,0.0,0.0,0.023255813953488372,3.0,4.0
emblematica:E019016,2803,85,0.3905691937993718,0.1111111111111111,0.05925643426968259,0.0,0.0,0.011764705882352941,10.0,4.0
emblematica:E019017,2803,128,0.35647707397892575,0.045454545454545456,0.04370680999936558,0.0,0.0,0.0,6.5,4.5
emblematica:E019018,2803,37,0.3333333333333333,0.058823529411764705,0.0174394604904218,0.0,0.0,0.0,1.5,6.0
emblematica:E019019,2803,43,0.5089368159272669,0.3333333333333333,0.07782931544592346,0.0,0.023255813953488372,0.046511627906976744,4.5,4.0
emblematica:E019020,2803,17,0.48006117753205335,1.0,0.07220901075651044,0.058823529411764705,0.058823529411764705,0.058823529411764705,2.0,3.0
emblematica:E019021,2803,60,0.42590829591570295,0.5,0.04468155016540272,0.0,0.016666666666666666,0.016666666666666666,2.0,4.0
emblematica:E019022,2803,45,0.39652557624636714,0.00819672131147541,0.011742874805652979,0.0,0.0,0.0,1.0,5.0
emblematica:E019023,2803,326,0.4524481745673373,0.1111111111111111,0.10394957648291951,0.0,0.0,0.006134969325153374,22.5,4.0
emblematica:E019024,2803,23,0.3333333333333333,0.08333333333333333,0.01876850185801479,0.0,0.0,0.0,1.0,4.0
emblematica:E019025,2803,42,0.3333333333333333,0.06666666666666667,0.01957498108800111,0.0,0.0,0.0,4.5,3.5
emblematica:E019026,2803,157,0.6476429388070742,1.0,0.12685677083268113,0.006369426751592357,0.012738853503184714,0.025477707006369428,13.5,4.0
emblematica:E019027,2803,17,0.3333333333333333,0.017857142857142856,0.008829076562448204,0.0,0.0,0.0,2.0,4.0
emblematica:E019028,2803,35,0.3333333333333333,0.02127659574468085,0.01335850423024102,0.0,0.0,0.0,1.0,5.0
emblematica:E019029,2803,92,0.3333333333333333,0.0625,0.03676924268237022,0.0,0.0,0.0,8.0,3.5
emblematica:E019030,2803,259,0.39652557624636714,0.25,0.0792028829933269,0.0,0.003861003861003861,0.003861003861003861,20.0,3.0
emblematica:E019031,2803,70,0.5242306598349794,1.0,0.058859090947885245,0.014285714285714285,0.014285714285714285,0.02857142857142857,3.5,3.5
emblematica:E019032,2803,30,0.4814185519599551,0.2,0.04443883468200942,0.0,0.03333333333333333,0.1,3.0,5.0
emblematica:E019033,2803,136,0.47218218708801074,0.16666666666666666,0.10634742426419765,0.0,0.0,0.022058823529411766,3.5,5.0
emblematica:E019034,2803,149,0.4538554281132835,0.25,0.07580536936704371,0.0,0.006711409395973154,0.013422818791946308,11.5,4.5
emblematica:E019035,2803,17,0.3333333333333333,0.02127659574468085,0.005725950779718526,0.0,0.0,0.0,1.0,4.0
emblematica:E019036,2803,156,0.3333333333333333,0.07692307692307693,0.05691384047632196,0.0,0.0,0.0,2.0,4.0
emblematica:E019037,2803,141,0.38224261473290666,0.14285714285714285,0.06929869955568087,0.0,0.0,0.0070921985815602835,9.0,3.5
emblematica:E019038,2803,139,0.47879675185156656,0.2,0.11791645291609844,0.0,0.007194244604316547,0.02158273381294964,3.0,4.0
emblematica:E019039,2803,159,0.5053548760450592,1.0,0.07112266543117914,0.006289308176100629,0.006289308176100629,0.006289308176100629,13.5,3.5
emblematica:E019040,2803,52,0.37574719213263447,0.1,0.04409208013463095,0.0,0.0,0.019230769230769232,1.0,4.0
emblematica:E019041,2803,28,0.3333333333333333,0.030303030303030304,0.015725354863557868,0.0,0.0,0.0,1.0,4.0
emblematica:E019042,2803,25,0.35647707397892575,0.03225806451612903,0.017726324666899586,0.0,0.0,0.0,1.0,4.0
emblematica:E019043,2803,76,0.43426489406400665,0.2,0.06818773937908494,0.0,0.013157894736842105,0.02631578947368421,5.0,4.0
emblematica:E019044,2803,122,0.41486655677120715,0.25,0.05103205450091978,0.0,0.00819672131147541,0.00819672131147541,11.0,3.0
emblematica:E019045,2803,50,0.5726361401144231,1.0,0.07880793429222539,0.02,0.04,0.04,7.0,4.0
emblematica:E019046,2803,188,0.37574719213263447,0.1,0.06375160536464765,0.0,0.0,0.005319148936170213,18.5,4.0
emblematica:E019047,2803,158,0.413239152406673,0.2,0.0754298219612239,0.0,0.006329113924050633,0.006329113924050633,12.5,4.5
emblematica:E019048,2803,91,0.4786776096882829,0.16666666666666666,0.048994660893213686,0.0,0.0,0.03296703296703297,4.0,5.0
emblematica:E019049,2803,67,0.3333333333333333,0.047619047619047616,0.01971211137568461,0.0,0.0,0.0,3.5,4.5
emblematica:E019050,2803,46,0.5289704589316268,1.0,0.06668708901228453,0.021739130434782608,0.021739130434782608,0.043478260869565216,2.0,4.0
emblematica:E019051,2803,111,0.486982539840478,0.25,0.07456668665623821,0.0,0.009009009009009009,0.02702702702702703,1.0,4.0
emblematica:E019052,2803,218,0.4974571369770405,0.25,0.0772541832195223,0.0,0.009174311926605505,0.013761467889908258,2.0,4.0
emblematica:E019053,2803,28,0.3333333333333333,0.017543859649122806,0.009432243635551228,0.0,0.0,0.0,2.0,4.0
emblematica:E019054,2803,126,0.3333333333333333,0.0625,0.05192679788036088,0.0,0.0,0.0,13.0,5.0
emblematica:E019055,2803,257,0.43646177336407244,0.2,0.07075872839619307,0.0,0.0038910505836575876,0.0038910505836575876,13.0,4.0
emblematica:E019056,2803,279,0.5011762102716628,0.25,0.09306817786512832,0.0,0.0035842293906810036,0.010752688172043012,4.0,5.0
emblematica:E019093,2803,64,0.39782616633567686,0.16666666666666666,0.035594464004087466,0.0,0.0,0.015625,11.5,3.0
emblematica:E019094,2803,98,0.3443757039090648,0.009900990099009901,0.031705041778512244,0.0,0.0,0.0,9.5,3.0
emblematica:E019095,2803,18,0.3491313940615917,0.015873015873015872,0.00907056109891032,0.0,0.0,0.0,2.5,2.5
emblematica:E019096,2803,109,0.3333333333333333,0.08333333333333333,0.043410958962314776,0.0,0.0,0.0,24.0,3.0
emblematica:E019097,2803,151,0.35216593145784014,0.1,0.08317999734630019,0.0,0.0,0.006622516556291391,6.0,3.5
emblematica:E019098,2803,29,0.38993771173957126,0.1,0.013452802402494121,0.0,0.0,0.034482758620689655,2.0,4.0
emblematica:E019099,2803,27,0.4196693168919596,0.25,0.019167806186138097,0.0,0.037037037037037035,0.037037037037037035,1.0,3.0
emblematica:E019100,2803,80,0.36070326438438793,0.06666666666666667,0.03337695145033609,0.0,0.0,0.0,7.0,4.0
emblematica:E019101,2803,8,0.3982028125726339,0.16666666666666666,0.03635421161159364,0.0,0.0,0.125,1.0,3.0
emblematica:E019102,2803,9,0.3333333333333333,0.011904761904761904,0.004902700576523188,0.0,0.0,0.0,2.5,3.5
emblematica:E019103,2803,29,0.3333333333333333,0.08333333333333333,0.014563967461461012,0.0,0.0,0.0,3.0,3.0
emblematica:E019104,2803,1,0.22143581926328665,0.0006131207847946045,0.0006131207847946045,0.0,0.0,0.0,1.5,3.5
emblematica:E019105,2803,35,0.3333333333333333,0.022222222222222223,0.017144401012574122,0.0,0.0,0.0,3.5,2.0
emblematica:E019106,2803,42,0.31212640393368274,0.009345794392523364,0.01328058117936935,0.0,0.0,0.0,2.0,4.0
emblematica:E019107,2803,117,0.3333333333333333,0.024390243902439025,0.04392177593682267,0.0,0.0,0.0,8.0,5.0
emblematica:E019108,2803,38,0.31886849542983803,0.010101010101010102,0.011638501073447676,0.0,0.0,0.0,6.0,4.0
emblematica:E019173,2803,53,0.3333333333333333,0.06666666666666667,0.02816756883693628,0.0,0.0,0.0,8.5,3.0
emblematica:E019174,2803,34,0.3333333333333333,0.007874015748031496,0.01676597662992734,0.0,0.0,0.0,6.5,3.0
emblematica:E019175,2803,189,0.3333333333333333,0.03225806451612903,0.05545170101929283,0.0,0.0,0.0,25.0,3.0
emblematica:E019176,2803,22,0.3333333333333333,0.04,0.020856368922469084,0.0,0.0,0.0,1.0,5.0
emblematica:E019177,2803,8,0.3333333333333333,0.010869565217391304,0.005706857616455163,0.0,0.0,0.0,1.0,3.0
emblematica:E019178,2803,26,0.3333333333333333,0.07142857142857142,0.014701705440406663,0.0,0.0,0.0,5.0,4.0
emblematica:E019179,2803,63,0.3333333333333333,0.021739130434782608,0.020854359469830584,0.0,0.0,0.0,2.0,3.0
emblematica:E019180,2803,34,0.38224261473290666,0.14285714285714285,0.020836777173796037,0.0,0.0,0.029411764705882353,4.0,5.0
emblematica:E019181,2803,23,0.3333333333333333,0.03333333333333333,0.007935377183645762,0.0,0.0,0.0,2.0,3.0
emblematica:E019182,2803,23,0.3333333333333333,0.002770083102493075,0.009325542231106128,0.0,0.0,0.0,3.0,4.0
emblematica:E019183,2803,50,0.3333333333333333,0.014925373134328358,0.025808257333277625,0.0,0.0,0.0,6.0,4.0
emblematica:E019184,2803,24,0.3333333333333333,0.05263157894736842,0.017230350087628042,0.0,0.0,0.0,4.0,5.0
emblematica:E019185,2803,45,0.3333333333333333,0.009708737864077669,0.013127915027767272,0.0,0.0,0.0,4.0,4.0
emblematica:E019186,2803,729,0.3333333333333333,0.07142857142857142,0.19702374452078436,0.0,0.0,0.0,9.0,3.0
emblematica:E019187,2803,60,0.3333333333333333,0.025,0.02285989825610468,0.0,0.0,0.0,13.0,4.0
emblematica:E019188,2803,52,0.3333333333333333,0.09090909090909091,0.025110479347478475,0.0,0.0,0.0,6.0,4.0
emblematica:E019189,2803,60,0.3333333333333333,0.012195121951219513,0.015644237579364714,0.0,0.0,0.0,2.0,3.0
emblematica:E019190,2803,67,0.3926871927876307,0.125,0.02822931202405225,0.0,0.0,0.014925373134328358,6.5,3.5
emblematica:E019191,2803,42,0.35647707397892575,0.058823529411764705,0.017085337543169387,0.0,0.0,0.0,7.5,4.5
emblematica:E019192,2803,128,0.513603947234338,0.16666666666666666,0.06376410218968914,0.0,0.0,0.0234375,14.0,4.0
emblematica:E019193,2803,29,0.3333333333333333,0.004975124378109453,0.011293797209625705,0.0,0.0,0.0,2.5,4.0
emblematica:E019194,2803,89,0.40669725543269336,0.3333333333333333,0.05307796618077349,0.0,0.011235955056179775,0.011235955056179775,1.0,4.0
emblematica:E019195,2803,128,0.4389394350456683,0.25,0.06432973804850554,0.0,0.0078125,0.015625,7.5,4.0
emblematica:E019196,2803,98,0.48006117753205335,1.0,0.05507542342583882,0.01020408163265306,0.01020408163265306,0.01020408163265306,5.0,4.0
emblematica:E019197,2803,103,0.45086673773561936,0.3333333333333333,0.0524907938408131,0.0,0.009708737864077669,0.019417475728155338,4.0,4.0
emblematica:E019198,2803,103,0.37574719213263447,0.1,0.04241516812159546,0.0,0.0,0.009708737864077669,7.0,3.0
emblematica:E019199,2803,121,0.3333333333333333,0.015625,0.04151176191206612,0.0,0.0,0.0,14.0,4.0
emblematica:E019200,2803,26,0.3333333333333333,0.004424778761061947,0.013300858604768527,0.0,0.0,0.0,4.0,4.0
emblematica:E019201,2803,98,0.499272218015063,0.5,0.05883725426671551,0.0,0.02040816326530612,0.02040816326530612,2.0,4.0
emblematica:E019202,2803,24,0.3491313940615917,0.019230769230769232,0.018167190860446953,0.0,0.0,0.0,5.5,3.5
emblematica:E019203,2803,114,0.34639971149644583,0.058823529411764705,0.07799753146713564,0.0,0.0,0.0,9.0,3.0
emblematica:E019204,2803,26,0.3333333333333333,0.047619047619047616,0.01135326122564395,0.0,0.0,0.0,5.5,3.0
emblematica:E019205,2803,153,0.5975945819343395,1.0,0.07705311074541829,0.006535947712418301,0.013071895424836602,0.0196078431372549,14.0,3.0
emblematica:E020642,2803,199,0.37574719213263447,0.1,0.08005395329027812,0.0,0.0,0.005025125628140704,2.0,5.0
emblematica:E020643,2803,165,0.37574719213263447,0.1,0.06734069384526477,0.0,0.0,0.006060606060606061,1.0,5.0
emblematica:E020644,2803,1,0.3333333333333333,0.0008984725965858042,0.0008984725965858042,0.0,0.0,0.0,1.0,5.0
emblematica:E020645,2803,284,0.499272218015063,0.5,0.1466779056088174,0.0,0.007042253521126761,0.007042253521126761,6.0,4.0
emblematica:E020646,2803,215,0.3333333333333333,0.07142857142857142,0.08076449661982926,0.0,0.0,0.0,6.0,4.0
emblematica:E020647,2803,62,0.3333333333333333,0.01818181818181818,0.019764560419561414,0.0,0.0,0.0,4.0,4.0
emblematica:E020648,2803,92,0.3775028156362593,0.1111111111111111,0.036634220199675126,0.0,0.0,0.010869565217391304,1.0,4.0
emblematica:E020649,2803,195,0.5380098202283102,0.5,0.09829233185244286,0.0,0.010256410256410256,0.015384615384615385,3.0,4.0
emblematica:E020650,2803,224,0.5577870196561413,0.5,0.07783400324118551,0.0,0.004464285714285714,0.013392857142857142,14.0,4.0
emblematica:E020651,2803,63,0.37962081462451813,0.125,0.04660766300443845,0.0,0.0,0.015873015873015872,1.0,4.0
emblematica:E020652,2803,134,0.48006117753205335,1.0,0.06369716901517349,0.007462686567164179,0.007462686567164179,0.007462686567164179,9.0,3.0
emblematica:E020653,2803,96,0.3333333333333333,0.09090909090909091,0.04018506132680262,0.0,0.0,0.0,9.5,4.0
emblematica:E020654,2803,109,0.42203467342381923,0.125,0.06222927745553863,0.0,0.0,0.01834862385321101,1.0,5.0
emblematica:E020655,2803,188,0.37962081462451813,0.125,0.0750856255858984,0.0,0.0,0.005319148936170213,6.0,4.5
emblematica:E020656,2803,9,0.3333333333333333,0.0136986301369863,0.006196342667771724,0.0,0.0,0.0,1.5,5.0
emblematica:E020657,2803,24,0.3333333333333333,0.0021551724137931034,0.009140027321511613,0.0,0.0,0.0,1.0,5.0
emblematica:E020658,2803,203,0.42677737281076067,0.2,0.09233556996637719,0.0,0.0049261083743842365,0.0049261083743842365,2.0,5.0
emblematica:E020659,2803,106,0.5432534204450873,1.0,0.07280131378505326,0.009433962264150943,0.018867924528301886,0.018867924528301886,3.0,3.0
emblematica:E020660,2803,40,0.40669725543269336,0.3333333333333333,0.06270157156637035,0.0,0.025,0.025,5.0,5.0
emblematica:E020661,2803,362,0.39652557624636714,0.25,0.1744827808564885,0.0,0.0027624309392265192,0.0027624309392265192,11.0,5.0
emblematica:E020662,2803,35,0.3333333333333333,0.017241379310344827,0.012076694405328846,0.0,0.0,0.0,1.0,4.5
emblematica:E020663,2803,98,0.3333333333333333,0.08333333333333333,0.04353726582939835,0.0,0.0,0.0,4.0,5.0
emblematica:E020664,2803,160,0.3333333333333333,0.09090909090909091,0.05760354069035549,0.0,0.0,0.0,1.0,4.5
emblematica:E020665,2803,25,0.3333333333333333,0.00819672131147541,0.009033538335167575,0.0,0.0,0.0,1.0,3.5
emblematica:E020666,2803,14,0.3333333333333333,0.08333333333333333,0.010435060664884007,0.0,0.0,0.0,2.0,5.0
emblematica:E020667,2803,248,0.42641209703583266,0.14285714285714285,0.0939289474043571,0.0,0.0,0.008064516129032258,13.0,4.0
emblematica:E020668,2803,377,0.3775028156362593,0.1111111111111111,0.15556319687886924,0.0,0.0,0.002652519893899204,25.0,4.0
emblematica:E020669,2803,208,0.3333333333333333,0.09090909090909091,0.07947234057910009,0.0,0.0,0.0,4.0,5.0
emblematica:E020670,2803,12,0.4491111142319945,0.3333333333333333,0.04793160990458426,0.0,0.08333333333333333,0.16666666666666666,1.0,5.0
emblematica:E020671,2803,306,0.4556065368322667,0.3333333333333333,0.15407632177275957,0.0,0.0032679738562091504,0.006535947712418301,12.5,4.0
emblematica:E020672,2803,220,0.3333333333333333,0.07692307692307693,0.0843547623661777,0.0,0.0,0.0,14.0,3.0
emblematica:E020673,2803,189,0.3775028156362593,0.1111111111111111,0.0721744870374447,0.0,0.0,0.005291005291005291,9.0,4.0
emblematica:E020674,2803,231,0.3333333333333333,0.08333333333333333,0.09373224335570153,0.0,0.0,0.0,4.0,5.0
emblematica:E020675,2803,47,0.38559884598578353,0.16666666666666666,0.022228254966895105,0.0,0.0,0.02127659574468085,5.0,4.0
emblematica:E020676,2803,464,0.42590829591570295,0.5,0.19014120972955623,0.0,0.0021551724137931034,0.0021551724137931034,47.0,4.0
emblematica:E020677,2803,293,0.40669725543269336,0.3333333333333333,0.14615940372664418,0.0,0.0034129692832764505,0.0034129692832764505,1.0,3.5
emblematica:E020678,2803,337,0.5739935145423248,0.5,0.18371328278460694,0.0,0.005934718100890208,0.011869436201780416,7.5,4.0
emblematica:E020679,2803,6,0.3333333333333333,0.02040816326530612,0.008901833548928277,0.0,0.0,0.0,1.0,4.0
emblematica:E020680,2803,191,0.40669725543269336,0.3333333333333333,0.07452735148918743,0.0,0.005235602094240838,0.005235602094240838,8.5,4.0
emblematica:E020681,2803,82,0.41991667443556047,0.1111111111111111,0.05011054681734028,0.0,0.0,0.024390243902439025,6.0,4.5
emblematica:E020682,2803,11,0.3333333333333333,0.015873015873015872,0.007384024038659994,0.0,0.0,0.0,1.0,4.0
emblematica:E020683,2803,301,0.4529847367238781,0.125,0.1511538739828911,0.0,0.0,0.0033222591362126247,4.0,5.0
emblematica:E020684,2803,305,0.5224750363313545,1.0,0.14594083924042045,0.003278688524590164,0.003278688524590164,0.006557377049180328,6.5,4.0
emblematica:E020685,2803,351,0.45086673773561936,0.3333333333333333,0.16377545096961818,0.0,0.002849002849002849,0.005698005698005698,8.5,5.0
emblematica:E020686,2803,102,0.4389394350456683,0.25,0.06081343573532326,0.0,0.00980392156862745,0.0196078431372549,2.0,5.0
emblematica:E020687,2803,120,0.3900954117610806,0.2,0.04662771057047455,0.0,0.008333333333333333,0.008333333333333333,5.0,6.0
emblematica:E020688,2803,159,0.3333333333333333,0.043478260869565216,0.05913589366033267,0.0,0.0,0.0,11.0,5.0
emblematica:E020689,2803,274,0.470077778218629,0.5,0.14153626650543621,0.0,0.0036496350364963502,0.0036496350364963502,2.0,4.0
emblematica:E020690,2803,99,0.3900954117610806,0.2,0.04858080502526097,0.0,0.010101010101010102,0.010101010101010102,10.0,4.0
emblematica:E020691,2803,72,0.38559884598578353,0.16666666666666666,0.0376568945502906,0.0,0.0,0.013888888888888888,1.0,4.5
emblematica:E020692,2803,100,0.3333333333333333,0.0625,0.0525443002483238,0.0,0.0,0.0,11.0,6.0
emblematica:E020693,2803,92,0.3333333333333333,0.021739130434782608,0.03221133680333244,0.0,0.0,0.0,8.5,4.0
emblematica:E020694,2803,241,0.40669725543269336,0.3333333333333333,0.09254547561836812,0.0,0.004149377593360996,0.004149377593360996,2.0,5.0
emblematica:E020695,2803,112,0.6299020196623001,1.0,0.061640042516573776,0.008928571428571428,0.008928571428571428,0.017857142857142856,8.0,4.5
emblematica:E020696,2803,178,0.3333333333333333,0.037037037037037035,0.071999813436387,0.0,0.0,0.0,6.0,5.0
emblematica:E020697,2803,272,0.3900954117610806,0.2,0.13928254189582506,0.0,0.003676470588235294,0.003676470588235294,1.0,4.5
emblematica:E020698,2803,499,0.3333333333333333,0.06666666666666667,0.20872618073715374,0.0,0.0,0.0,25.5,5.0
emblematica:E020699,2803,351,0.3333333333333333,0.03125,0.15511274536022934,0.0,0.0,0.0,6.5,4.0
emblematica:E020700,2803,160,0.3333333333333333,0.0625,0.0643926111866813,0.0,0.0,0.0,14.0,4.0
emblematica:E020701,2803,74,0.46345933386044064,0.3333333333333333,0.030282718074150505,0.0,0.013513513513513514,0.013513513513513514,5.0,4.0
emblematica:E020702,2803,378,0.3333333333333333,0.08333333333333333,0.1870462168119849,0.0,0.0,0.0,13.0,4.5
emblematica:E020704,2803,0,1.0,,,,,,1.0,2.0
emblematica:E020705,2803,0,1.0,,,,,,1.0,2.0
emblematica:E020706,2803,0,1.0,,,,,,1.0,2.0
emblematica:E020707,2803,0,1.0,,,,,,1.0,2.0
emblematica:E020708,2803,0,1.0,,,,,,1.0,2.0
emblematica:E020709,2803,0,1.0,,,,,,1.0,2.0
emblematica:E020710,2803,0,1.0,,,,,,1.0,2.0
emblematica:E020711,2803,0,1.0,,,,,,1.0,2.0
emblematica:E020712,2803,0,1.0,,,,,,1.0,2.0
emblematica:E020713,2803,1,0.694355946562825,0.017241379310344827,0.017241379310344827,0.0,0.0,0.0,2.0,2.0
emblematica:E020714,2803,0,1.0,,,,,,1.0,2.0
emblematica:E020715,2803,0,1.0,,,,,,1.0,2.0
emblematica:E020716,2803,0,1.0,,,,,,1.0,2.0
emblematica:E020717,2803,0,1.0,,,,,,1.0,2.0
emblematica:E020718,2803,0,1.0,,,,,,1.0,2.0
emblematica:E020719,2803,0,1.0,,,,,,1.0,2.0
emblematica:E020720,2803,0,1.0,,,,,,1.0,2.0
emblematica:E020721,2803,0,1.0,,,,,,1.0,2.0
emblematica:E020722,2803,0,1.0,,,,,,1.0,2.0
emblematica:E020723,2803,0,1.0,,,,,,1.0,2.0
emblematica:E020724,2803,0,1.0,,,,,,1.0,2.0
emblematica:E020725,2803,0,1.0,,,,,,1.0,2.0
emblematica:E020726,2803,0,1.0,,,,,,1.0,2.0
emblematica:E020727,2803,0,1.0,,,,,,1.0,2.0
emblematica:E020728,2803,0,1.0,,,,,,1.0,2.0
emblematica:E020729,2803,0,1.0,,,,,,1.0,2.0
emblematica:E020730,2803,0,1.0,,,,,,1.0,2.0
emblematica:E020731,2803,0,1.0,,,,,,1.0,2.0
emblematica:E020732,2803,0,1.0,,,,,,1.0,2.0
emblematica:E020733,2803,1,0.694355946562825,0.014285714285714285,0.014285714285714285,0.0,0.0,0.0,2.0,2.0
emblematica:E020734,2803,0,1.0,,,,,,1.0,2.0
emblematica:E020735,2803,0,1.0,,,,,,1.0,2.0
emblematica:E020736,2803,0,1.0,,,,,,1.0,2.0
emblematica:E020737,2803,0,1.0,,,,,,1.0,2.0
emblematica:E020738,2803,0,1.0,,,,,,1.0,2.0
emblematica:E020739,2803,0,1.0,,,,,,1.0,2.0
emblematica:E020740,2803,0,1.0,,,,,,1.0,2.0
emblematica:E020741,2803,0,1.0,,,,,,1.0,2.0
emblematica:E020742,2803,0,1.0,,,,,,1.0,2.0
emblematica:E020743,2803,0,1.0,,,,,,1.0,2.0
emblematica:E020744,2803,0,1.0,,,,,,1.0,2.0
emblematica:E020745,2803,0,1.0,,,,,,1.0,2.0
emblematica:E020746,2803,0,1.0,,,,,,1.0,2.0
emblematica:E020747,2803,0,1.0,,,,,,1.0,2.0
emblematica:E020748,2803,0,1.0,,,,,,1.0,2.0
emblematica:E020749,2803,0,1.0,,,,,,1.0,2.0
emblematica:E020750,2803,0,1.0,,,,,,1.0,2.0
emblematica:E020751,2803,0,1.0,,,,,,1.0,2.0
emblematica:E020752,2803,0,1.0,,,,,,1.0,2.0
emblematica:E020753,2803,0,1.0,,,,,,1.0,2.0
emblematica:E020754,2803,0,1.0,,,,,,1.0,2.0
emblematica:E020755,2803,0,1.0,,,,,,1.0,2.0
emblematica:E020756,2803,0,1.0,,,,,,1.0,2.0
emblematica:E020757,2803,0,1.0,,,,,,1.0,2.0
emblematica:E022361,2803,62,0.3333333333333333,0.022727272727272728,0.05308614546359984,0.0,0.0,0.0,1.0,4.0
emblematica:E022362,2803,0,1.0,,,,,,1.0,2.0
emblematica:E022363,2803,0,1.0,,,,,,1.0,2.0
emblematica:E022364,2803,0,1.0,,,,,,1.0,2.0
emblematica:E022506,2803,172,0.8905202757957813,1.0,0.18325945922542558,0.005813953488372093,0.023255813953488372,0.046511627906976744,3.0,6.0
emblematica:E022507,2803,460,0.6171085403675853,0.3333333333333333,0.16480480378921952,0.0,0.004347826086956522,0.008695652173913044,6.5,4.0
emblematica:E022508,2803,142,0.5895409017362722,1.0,0.05460558332151933,0.007042253521126761,0.014084507042253521,0.02112676056338028,3.0,5.0
emblematica:E022509,2803,45,0.7113619721111843,1.0,0.06505917851212606,0.022222222222222223,0.022222222222222223,0.044444444444444446,2.0,5.0
emblematica:E022510,2803,812,0.5021969360736879,0.25,0.25004784923850315,0.0,0.0012315270935960591,0.0012315270935960591,5.5,5.5
emblematica:E022511,2803,665,0.9608008655106622,1.0,0.2816429101905175,0.0015037593984962407,0.007518796992481203,0.013533834586466165,10.0,6.0
emblematica:E022512,2803,195,0.826761873937926,0.5,0.15663793224979736,0.0,0.015384615384615385,0.041025641025641026,7.0,5.5
emblematica:E022513,2803,595,0.6970011491857466,0.5,0.21727772077701007,0.0,0.005042016806722689,0.010084033613445379,15.0,5.0
emblematica:E022514,2803,213,0.8909724089198024,1.0,0.19422605328500775,0.004694835680751174,0.014084507042253521,0.03286384976525822,7.5,5.0
emblematica:E022515,2803,99,0.8824665955977139,0.5,0.21283219722956911,0.0,0.010101010101010102,0.04040404040404041,5.0,5.0
emblematica:E022516,2803,281,0.6789766729712464,0.5,0.14783517403514182,0.0,0.0071174377224199285,0.021352313167259787,2.0,5.0
emblematica:E022517,2803,123,0.8340611153182702,1.0,0.16189755106625103,0.008130081300813009,0.024390243902439025,0.056910569105691054,4.5,5.0
emblematica:E022518,2803,77,0.39330087636451777,0.1111111111111111,0.03033647790717772,0.0,0.0,0.012987012987012988,6.0,5.0
emblematica:E022519,2803,267,0.7610789556442357,0.25,0.12539397799122326,0.0,0.00749063670411985,0.018726591760299626,7.0,4.0
emblematica:E022520,2803,306,0.7344804015984359,0.5,0.115460041445276,0.0,0.006535947712418301,0.013071895424836602,2.0,6.0
emblematica:E022521,2803,319,1.0,1.0,0.1657899643400696,0.003134796238244514,0.012539184952978056,0.025078369905956112,2.0,4.0
emblematica:E022522,2803,245,0.9575861412006987,1.0,0.16243195798705684,0.004081632653061225,0.02040816326530612,0.02857142857142857,6.5,4.5
emblematica:E022523,2803,338,1.0,1.0,0.19347248646552784,0.0029585798816568047,0.011834319526627219,0.026627218934911243,14.0,3.5
emblematica:E022524,2803,47,0.5686307721622641,0.5,0.08878622374075337,0.0,0.02127659574468085,0.0425531914893617,3.0,6.0
emblematica:E022525,2803,341,1.0,1.0,0.1663272987917627,0.002932551319648094,0.011730205278592375,0.026392961876832845,7.5,6.0
emblematica:E022526,2803,331,0.6153529168639605,0.3333333333333333,0.15921325708169043,0.0,0.006042296072507553,0.012084592145015106,7.0,4.0
emblematica:E022527,2803,158,0.6954005414364945,0.5,0.13442061002497935,0.0,0.0189873417721519,0.03164556962025317,4.5,6.0
emblematica:E022528,2803,485,0.49977601913519276,0.3333333333333333,0.21231331300629758,0.0,0.002061855670103093,0.006185567010309278,6.0,4.0
emblematica:E022529,2803,335,0.48910053882873683,0.5,0.13780570547752657,0.0,0.005970149253731343,0.005970149253731343,2.0,5.0
emblematica:E022530,2803,115,0.5629682620482266,0.3333333333333333,0.12935692387904407,0.0,0.017391304347826087,0.02608695652173913,6.0,6.0
emblematica:E022531,2803,152,0.8611375561264454,1.0,0.12410282748541812,0.006578947368421052,0.013157894736842105,0.039473684210526314,4.5,6.0
emblematica:E022532,2803,345,0.787470716076849,1.0,0.15406878053736184,0.002898550724637681,0.005797101449275362,0.020289855072463767,5.0,3.0
emblematica:E022533,2803,305,0.7224117241296841,1.0,0.13284509798802133,0.003278688524590164,0.009836065573770493,0.01639344262295082,3.0,5.0
emblematica:E022534,2803,293,0.7130523374998236,1.0,0.13721435097745335,0.0034129692832764505,0.010238907849829351,0.017064846416382253,10.0,4.0
emblematica:E022535,2803,205,0.8442327945045964,1.0,0.1710683408810921,0.004878048780487805,0.014634146341463415,0.03902439024390244,6.0,4.0
emblematica:E028278,2803,473,0.8165901947515999,0.5,0.29841760001327294,0.0,0.008456659619450317,0.016913319238900635,14.0,4.0
emblematica:E028279,2803,1226,1.0,1.0,0.5303812636656814,0.0008156606851549756,0.004078303425774877,0.008156606851549755,16.0,3.0
emblematica:E028280,2803,300,0.9526058178152246,0.5,0.33424663778435076,0.0,0.006666666666666667,0.023333333333333334,7.0,4.5
emblematica:E028281,2803,800,1.0,1.0,0.44568456303069676,0.00125,0.00625,0.0125,14.0,4.0
emblematica:E028282,2803,1173,0.8879972192424123,1.0,0.4730047175487081,0.0008525149190110827,0.0025575447570332483,0.0068201193520886615,29.0,4.0
emblematica:E028283,2803,573,1.0,1.0,0.39433435529200084,0.0017452006980802793,0.006980802792321117,0.015706806282722512,21.0,3.0
emblematica:E028284,2803,960,1.0,1.0,0.43182546156014795,0.0010416666666666667,0.005208333333333333,0.010416666666666666,6.0,4.0
emblematica:E028285,2803,534,0.9574284411791895,1.0,0.33100873211638515,0.0018726591760299626,0.00749063670411985,0.016853932584269662,22.0,4.0
emblematica:E028286,2803,156,0.7785746741771811,1.0,0.230714678889658,0.00641025641025641,0.01282051282051282,0.038461538461538464,3.0,4.0
emblematica:E028287,2803,577,0.9074250374176303,1.0,0.36081587960029987,0.0017331022530329288,0.006932409012131715,0.01559792027729636,18.0,4.0
emblematica:E028288,2803,739,0.9574284411791895,1.0,0.405458569629958,0.0013531799729364006,0.005412719891745603,0.012178619756427604,14.5,4.0
emblematica:E028289,2803,1252,0.9668728882728055,1.0,0.5006615090722871,0.0007987220447284345,0.003993610223642172,0.00718849840255591,5.0,4.0
emblematica:E028290,2803,401,0.770302713460415,0.5,0.30714741462966355,0.0,0.00997506234413965,0.014962593516209476,21.0,4.0
emblematica:E028291,2803,394,0.8165901947515999,0.5,0.3263724776090755,0.0,0.01015228426395939,0.02030456852791878,10.0,4.0
emblematica:E028292,2803,448,1.0,1.0,0.40499476165967563,0.002232142857142857,0.011160714285714286,0.022321428571428572,17.0,3.0
emblematica:E028293,2803,993,1.0,1.0,0.4735480813636049,0.0010070493454179255,0.005035246727089627,0.010070493454179255,13.0,4.0
emblematica:E028294,2803,1109,1.0,1.0,0.4785658983102873,0.0009017132551848512,0.004508566275924256,0.009017132551848512,14.0,4.0
emblematica:E028295,2803,765,1.0,1.0,0.4439981731370849,0.00130718954248366,0.006535947712418301,0.013071895424836602,14.0,4.0
emblematica:E028296,2803,597,1.0,1.0,0.3887417622308305,0.0016750418760469012,0.006700167504187605,0.01507537688442211,12.0,4.0
emblematica:E028297,2803,530,0.947926583547417,1.0,0.3621758318278777,0.0018867924528301887,0.005660377358490566,0.013207547169811321,7.0,4.0
emblematica:E028298,2803,212,1.0,1.0,0.3208499197686469,0.0047169811320754715,0.018867924528301886,0.0330188679245283,8.0,3.0
emblematica:E028299,2803,1178,1.0,1.0,0.5170823741707253,0.0008488964346349745,0.003395585738539898,0.007640067911714771,14.5,4.0
emblematica:E028300,2803,861,0.7923596164556292,0.5,0.36948530506419747,0.0,0.0023228803716608595,0.005807200929152149,4.5,3.5
emblematica:E028301,2803,390,0.8513642017789714,1.0,0.4012111367901569,0.002564102564102564,0.007692307692307693,0.017948717948717947,17.5,4.0
emblematica:E028302,2803,1116,0.9085191597796162,1.0,0.4868027728296477,0.0008960573476702509,0.0035842293906810036,0.007168458781362007,8.0,4.0
emblematica:E028303,2803,1165,0.9240201235975981,1.0,0.4986795073474961,0.0008583690987124463,0.004291845493562232,0.0068669527896995704,15.0,4.0
emblematica:E028304,2803,1305,1.0,1.0,0.5206334026885034,0.0007662835249042146,0.0038314176245210726,0.007662835249042145,16.5,4.0
emblematica:E028305,2803,1210,1.0,1.0,0.5288548536721085,0.0008264462809917355,0.004132231404958678,0.008264462809917356,17.5,4.0
emblematica:E028306,2803,1315,0.9432379215722525,1.0,0.5272050618055082,0.0007604562737642585,0.003041825095057034,0.006844106463878327,15.0,4.0
emblematica:E028307,2803,1262,0.8986895771342951,1.0,0.507125273335696,0.000792393026941363,0.003961965134706815,0.006339144215530904,13.5,4.0
emblematica:E028308,2803,595,1.0,1.0,0.3943146774374046,0.0016806722689075631,0.0067226890756302525,0.013445378151260505,16.5,4.0
emblematica:E028309,2803,847,0.9574284411791895,1.0,0.35158823740004513,0.0011806375442739079,0.0035419126328217238,0.0070838252656434475,9.0,4.0
emblematica:E028310,2803,357,0.9085191597796162,1.0,0.3657952624592209,0.0028011204481792717,0.011204481792717087,0.0196078431372549,20.0,4.0
emblematica:E028311,2803,1352,1.0,1.0,0.5696797133679016,0.0007396449704142012,0.0036982248520710057,0.0073964497041420114,16.0,5.0
emblematica:E028312,2803,1190,1.0,1.0,0.5257436423604569,0.0008403361344537816,0.004201680672268907,0.008403361344537815,18.5,4.0
emblematica:E028313,2803,648,1.0,1.0,0.4209287300854547,0.0015432098765432098,0.007716049382716049,0.015432098765432098,17.0,4.0
emblematica:E028314,2803,618,1.0,1.0,0.37303245703669263,0.0016181229773462784,0.008090614886731391,0.014563106796116505,8.5,5.0
emblematica:E028315,2803,447,0.9574284411791895,1.0,0.3363228682275184,0.0022371364653243847,0.008948545861297539,0.020134228187919462,9.0,5.0
emblematica:E028316,2803,238,0.8832479959048435,1.0,0.17312138930455545,0.004201680672268907,0.01680672268907563,0.02100840336134454,10.5,3.0
emblematica:E028317,2803,573,1.0,1.0,0.40113186193267863,0.0017452006980802793,0.008726003490401396,0.017452006980802792,21.0,4.0
emblematica:E028318,2803,371,1.0,1.0,0.4376767033795734,0.0026954177897574125,0.013477088948787063,0.026954177897574125,14.0,3.0
emblematica:E028319,2803,216,0.7460624509916943,0.5,0.27915752764810486,0.0,0.013888888888888888,0.018518518518518517,5.0,4.0
emblematica:E028320,2803,392,0.8942361982661556,1.0,0.2861636169777064,0.002551020408163265,0.007653061224489796,0.017857142857142856,8.0,5.0
emblematica:E028321,2803,515,0.9368077570869661,1.0,0.369378679681223,0.001941747572815534,0.007766990291262136,0.017475728155339806,8.0,4.0
emblematica:E028322,2803,719,1.0,1.0,0.41571505189624797,0.0013908205841446453,0.006954102920723227,0.012517385257301807,27.0,4.0
emblematica:E028323,2803,686,0.9084363355122985,1.0,0.4047320453461449,0.0014577259475218659,0.0058309037900874635,0.011661807580174927,16.0,4.0
emblematica:E028324,2803,387,0.8707430763679502,1.0,0.2657081469053315,0.002583979328165375,0.0103359173126615,0.020671834625323,6.0,3.5
emblematica:E028325,2803,911,1.0,0.2,0.37657834088329994,0.0,0.0010976948408342481,0.0043907793633369925,6.5,4.0
emblematica:E028326,2803,743,1.0,1.0,0.42996670851462143,0.0013458950201884253,0.006729475100942127,0.013458950201884253,13.0,4.0
emblematica:E028327,2803,437,0.8061146145519253,1.0,0.27181485922124554,0.002288329519450801,0.006864988558352402,0.013729977116704805,10.0,4.0
emblematica:E028328,2803,422,0.8425599346661845,1.0,0.3488848200916101,0.002369668246445498,0.0071090047393364926,0.016587677725118485,15.0,4.0
emblematica:E028329,2803,1198,0.9432379215722525,1.0,0.5249079758650116,0.0008347245409015025,0.00333889816360601,0.007512520868113523,31.5,4.0
emblematica:E028330,2803,1209,0.9305687780632227,1.0,0.5105416022199244,0.0008271298593879239,0.0033085194375516956,0.007444168734491315,18.5,4.0
emblematica:E028331,2803,611,1.0,1.0,0.3998349927233237,0.0016366612111292963,0.008183306055646482,0.016366612111292964,16.0,4.0
emblematica:E028332,2803,731,1.0,1.0,0.4389207294824954,0.0013679890560875513,0.005471956224350205,0.012311901504787962,21.0,3.0
emblematica:E028333,2803,1171,1.0,1.0,0.518537827446779,0.0008539709649871904,0.004269854824935952,0.008539709649871904,14.0,4.0
emblematica:E028334,2803,650,0.9574284411791895,1.0,0.3794758813439267,0.0015384615384615385,0.006153846153846154,0.013846153846153847,12.0,4.0
emblematica:E028335,2803,570,1.0,1.0,0.41172690961974023,0.0017543859649122807,0.008771929824561403,0.017543859649122806,15.5,3.5
emblematica:E028336,2803,579,1.0,1.0,0.4138355739362591,0.0017271157167530224,0.008635578583765112,0.017271157167530225,17.0,4.0
emblematica:E028337,2803,1241,0.9510907186004266,1.0,0.532997600339715,0.0008058017727639,0.0040290088638195,0.007252215954875101,34.0,4.0
emblematica:E028338,2803,1164,1.0,1.0,0.5215182867988699,0.000859106529209622,0.00429553264604811,0.00859106529209622,16.0,4.0
emblematica:E028339,2803,464,0.909543036405889,1.0,0.3354290930182967,0.0021551724137931034,0.010775862068965518,0.017241379310344827,6.0,3.5
emblematica:E028340,2803,1264,1.0,1.0,0.519891314934848,0.0007911392405063291,0.003955696202531646,0.007911392405063292,14.0,4.5
emblematica:E028341,2803,1325,1.0,1.0,0.5300207836475938,0.0007547169811320754,0.0037735849056603774,0.0060377358490566035,11.0,4.0
emblematica:E028342,2803,593,1.0,1.0,0.4027356051333195,0.0016863406408094434,0.008431703204047217,0.016863406408094434,18.5,4.0
emblematica:E028343,2803,566,0.9633180389503199,1.0,0.38345479591917414,0.0017667844522968198,0.0088339222614841,0.015901060070671377,15.0,4.0
emblematica:E028344,2803,580,1.0,1.0,0.37685890667270855,0.0017241379310344827,0.006896551724137931,0.013793103448275862,21.0,4.0
emblematica:E028345,2803,444,0.9432379215722525,1.0,0.3609134086216302,0.0022522522522522522,0.009009009009009009,0.02027027027027027,14.0,4.0
emblematica:E028346,2803,466,1.0,1.0,0.33700876196988594,0.002145922746781116,0.01072961373390558,0.02145922746781116,13.0,4.0
emblematica:E028347,2803,465,0.8708351245050764,1.0,0.3488530333389553,0.002150537634408602,0.0064516129032258064,0.015053763440860216,9.0,4.0
emblematica:E028348,2803,472,0.9608008655106622,1.0,0.35029986511036404,0.00211864406779661,0.01059322033898305,0.019067796610169493,13.0,4.0
emblematica:E028349,2803,429,0.7451926227335312,0.5,0.28928012223629046,0.0,0.006993006993006993,0.013986013986013986,11.0,4.0
emblematica:E028350,2803,672,1.0,1.0,0.429327811026162,0.001488095238095238,0.00744047619047619,0.01488095238095238,16.0,4.0
emblematica:E028351,2803,1192,1.0,1.0,0.4886208348075339,0.0008389261744966443,0.0041946308724832215,0.008389261744966443,8.0,4.0
emblematica:E028352,2803,774,0.9510907186004266,1.0,0.45499253662401673,0.0012919896640826874,0.006459948320413436,0.011627906976744186,18.5,4.0
emblematica:E028353,2803,487,0.9633180389503199,1.0,0.36936053794688467,0.002053388090349076,0.01026694045174538,0.01642710472279261,9.0,4.0
emblematica:E028354,2803,1242,1.0,1.0,0.48999325368650076,0.0008051529790660225,0.004025764895330112,0.008051529790660225,14.0,4.5
emblematica:E028355,2803,492,0.9008075761225538,1.0,0.3350175332880343,0.0020325203252032522,0.008130081300813009,0.014227642276422764,8.0,4.0
emblematica:E028356,2803,736,0.9537125187088151,1.0,0.424303259400518,0.001358695652173913,0.006793478260869565,0.012228260869565218,21.0,3.0
emblematica:E028357,2803,608,1.0,1.0,0.4020975944788023,0.001644736842105263,0.008223684210526315,0.01644736842105263,12.0,4.0
emblematica:E028358,2803,845,0.9633180389503199,1.0,0.42223424891671213,0.001183431952662722,0.005917159763313609,0.010650887573964497,9.0,4.0
emblematica:E028359,2803,515,1.0,1.0,0.3561232781732707,0.001941747572815534,0.009708737864077669,0.019417475728155338,14.0,4.0
emblematica:E028360,2803,504,0.8487980847530745,1.0,0.36886485898784727,0.001984126984126984,0.005952380952380952,0.013888888888888888,12.0,4.0
emblematica:E028361,2803,1100,1.0,0.5,0.47532589372200595,0.0,0.0036363636363636364,0.008181818181818182,8.0,4.0
emblematica:E028362,2803,603,1.0,1.0,0.4212632704316305,0.001658374792703151,0.008291873963515755,0.01658374792703151,16.0,4.0
emblematica:E028363,2803,1128,0.9289087267228368,1.0,0.5225016098598292,0.0008865248226950354,0.0035460992907801418,0.007978723404255319,14.0,3.0
emblematica:E028364,2803,627,0.8069846745100949,0.5,0.38452892855216836,0.0,0.006379585326953748,0.012759170653907496,16.0,4.0
emblematica:E028365,2803,519,0.8401118144691118,1.0,0.3177293585335372,0.0019267822736030828,0.007707129094412331,0.01348747591522158,21.0,4.0
emblematica:E028366,2803,752,0.94497705842548,1.0,0.42255010249283076,0.0013297872340425532,0.005319148936170213,0.011968085106382979,12.0,4.0
emblematica:E028367,2803,1021,1.0,1.0,0.46299196863910114,0.0009794319294809011,0.004897159647404506,0.009794319294809012,14.0,4.0
emblematica:E028368,2803,311,0.9526058178152246,0.3333333333333333,0.33298589601582196,0.0,0.006430868167202572,0.022508038585209004,10.0,4.0
emblematica:E028369,2803,404,1.0,1.0,0.4001578338073086,0.0024752475247524753,0.012376237623762377,0.024752475247524754,18.0,4.0
emblematica:E028370,2803,1178,1.0,1.0,0.5115136570747636,0.0008488964346349745,0.003395585738539898,0.007640067911714771,13.5,4.0
emblematica:E028371,2803,471,0.9132589588762633,1.0,0.3336408271405839,0.0021231422505307855,0.004246284501061571,0.010615711252653927,14.0,4.0
emblematica:E028372,2803,1071,1.0,1.0,0.4789943015629764,0.0009337068160597573,0.004668534080298786,0.009337068160597572,19.0,4.0
emblematica:E028373,2803,1310,0.8507549823616222,0.5,0.5432194051034991,0.0,0.0030534351145038168,0.0061068702290076335,15.0,4.0
emblematica:E028374,2803,313,1.0,1.0,0.42837905324606973,0.003194888178913738,0.01597444089456869,0.02875399361022364,6.0,3.0
emblematica:E028375,2803,484,0.9537125187088151,1.0,0.3598624187936748,0.002066115702479339,0.010330578512396695,0.01859504132231405,10.0,4.0
emblematica:E028376,2803,460,1.0,1.0,0.34925284119882094,0.002173913043478261,0.010869565217391304,0.021739130434782608,13.0,4.0
emblematica:E028377,2803,202,0.7061780884529266,0.2,0.15839249503001915,0.0,0.0049504950495049506,0.009900990099009901,6.5,3.0
emblematica:E029857,2803,453,0.865011178618329,1.0,0.29195538866474874,0.002207505518763797,0.004415011037527594,0.008830022075055188,4.0,4.0
emblematica:E029858,2803,44,0.2565047573815474,0.125,0.04035155190288558,0.0,0.0,0.022727272727272728,5.0,4.0
emblematica:E029859,2803,277,0.18654817351279818,0.058823529411764705,0.117115134689303,0.0,0.0,0.0,9.0,5.0
emblematica:E029860,2803,467,0.7811015614753791,1.0,0.23884342388855953,0.0021413276231263384,0.010706638115631691,0.01284796573875803,11.0,5.0
emblematica:E029861,2803,425,0.601185628908212,1.0,0.20167658284599496,0.002352941176470588,0.004705882352941176,0.004705882352941176,5.0,4.0
emblematica:E029862,2803,125,0.2879519785960829,0.03225806451612903,0.08672411177334889,0.0,0.0,0.0,9.0,4.0
emblematica:E029863,2803,308,0.726701004596658,0.5,0.2487412398023231,0.0,0.006493506493506494,0.012987012987012988,13.5,6.0
emblematica:E029864,2803,158,0.41592901253727216,0.2,0.13105148728996419,0.0,0.006329113924050633,0.012658227848101266,4.0,4.0
emblematica:E029865,2803,254,0.4886305773113,0.5,0.12961414731306148,0.0,0.003937007874015748,0.007874015748031496,4.0,4.0
emblematica:E029866,2803,272,0.7040776447226211,1.0,0.22396531680566184,0.003676470588235294,0.007352941176470588,0.01838235294117647,5.0,4.0
emblematica:E029867,2803,275,0.5516952909104735,0.25,0.17030461312241935,0.0,0.0036363636363636364,0.014545454545454545,3.0,6.0
emblematica:E029868,2803,67,0.4305856221044307,0.058823529411764705,0.04258286706621167,0.0,0.0,0.0,8.0,5.0
emblematica:E029869,2803,457,0.7269123213331954,1.0,0.2193707046902365,0.002188183807439825,0.006564551422319475,0.010940919037199124,6.0,4.0
emblematica:E029870,2803,403,0.7399802773909111,1.0,0.19994415783379638,0.0024813895781637717,0.004962779156327543,0.007444168734491315,8.0,5.0
emblematica:E029871,2803,226,0.8781715481823194,0.5,0.12329581320201101,0.0,0.017699115044247787,0.022123893805309734,5.5,5.0
emblematica:E029872,2803,273,0.6894501960668457,0.3333333333333333,0.16995150922523974,0.0,0.007326007326007326,0.007326007326007326,5.0,5.0
emblematica:E029873,2803,175,0.8118594859258849,1.0,0.1730630853574192,0.005714285714285714,0.017142857142857144,0.03428571428571429,5.0,5.0
emblematica:E029874,2803,59,0.2684415294830816,0.047619047619047616,0.03324193527342414,0.0,0.0,0.0,4.0,4.0
emblematica:E029875,2803,314,0.6213715240189527,0.5,0.17942473544165144,0.0,0.006369426751592357,0.012738853503184714,7.5,4.5
emblematica:E029876,2803,272,0.746821805168135,1.0,0.21478183113854296,0.003676470588235294,0.007352941176470588,0.01838235294117647,5.0,5.0
emblematica:E029877,2803,35,0.19075723414483833,0.07692307692307693,0.013229262755241389,0.0,0.0,0.0,3.0,6.0
emblematica:E029878,2803,236,0.8467234108232065,0.5,0.1446606038891096,0.0,0.012711864406779662,0.012711864406779662,12.0,6.0
emblematica:E029879,2803,146,0.515168793472775,0.09090909090909091,0.05883350839812025,0.0,0.0,0.0,3.5,4.0
emblematica:E029880,2803,316,0.7104332696808985,0.5,0.15359500723544214,0.0,0.006329113924050633,0.00949367088607595,4.0,4.0
emblematica:E029881,2803,233,0.5973044076821703,1.0,0.10023296600847753,0.004291845493562232,0.004291845493562232,0.008583690987124463,4.0,4.5
emblematica:E029882,2803,415,0.5006579455463631,0.3333333333333333,0.21724135507267608,0.0,0.0024096385542168677,0.004819277108433735,3.0,5.0
emblematica:E029883,2803,275,0.7125543906682509,0.14285714285714285,0.1556917780925282,0.0,0.0,0.007272727272727273,11.0,4.0
emblematica:E029884,2803,265,0.6288866589925991,0.2,0.21535710589935497,0.0,0.0037735849056603774,0.011320754716981131,3.5,4.5
emblematica:E029885,2803,1053,0.8616249282836138,1.0,0.3596771295465334,0.000949667616334283,0.003798670465337132,0.005698005698005698,5.0,4.0
emblematica:E029886,2803,342,0.7112775430786645,0.25,0.24401870272335852,0.0,0.0029239766081871343,0.008771929824561403,3.0,5.0
emblematica:E029887,2803,100,0.504466552771916,0.06666666666666667,0.045820020926289506,0.0,0.0,0.0,2.0,4.0
emblematica:E029888,2803,204,0.7211308206140029,0.09090909090909091,0.09552965572471213,0.0,0.0,0.0,5.0,4.5
emblematica:E029889,2803,283,0.26598491304332367,0.08333333333333333,0.14792264977916927,0.0,0.0,0.0,2.0,4.0
emblematica:E029890,2803,327,0.4540233729294886,0.3333333333333333,0.15188758916621628,0.0,0.0030581039755351682,0.012232415902140673,7.0,4.0
emblematica:E029891,2803,177,0.7708622507406662,1.0,0.21248790333226153,0.005649717514124294,0.005649717514124294,0.01694915254237288,3.0,5.0
emblematica:E029892,2803,137,0.8510109829731507,1.0,0.159954304333286,0.0072992700729927005,0.029197080291970802,0.043795620437956206,4.0,4.0
emblematica:E029893,2803,383,0.6247399764100302,0.3333333333333333,0.18763541504927875,0.0,0.0026109660574412533,0.007832898172323759,7.0,5.0
emblematica:E029894,2803,284,0.6327453595241149,0.5,0.23435894811138486,0.0,0.01056338028169014,0.02112676056338028,9.0,4.0
emblematica:E029895,2803,101,0.5972607130472881,0.5,0.13287594617703868,0.0,0.019801980198019802,0.04950495049504951,2.0,5.0
emblematica:E029896,2803,1101,0.7923596164556292,0.5,0.4001627388269525,0.0,0.0018165304268846503,0.004541326067211626,18.0,5.0
emblematica:E029897,2803,166,0.6319571798575576,0.5,0.11123294914867216,0.0,0.018072289156626505,0.030120481927710843,5.0,4.0
emblematica:E029898,2803,400,0.8421283856352147,1.0,0.19430704700724566,0.0025,0.0075,0.01,12.0,5.0
emblematica:E029899,2803,898,0.9305687780632227,1.0,0.3092909825286875,0.0011135857461024498,0.004454342984409799,0.0077951002227171495,14.0,5.0
emblematica:E029900,2803,40,0.7398778664038099,0.07692307692307693,0.03595611625092161,0.0,0.0,0.0,4.0,3.0
emblematica:E029901,2803,96,0.5371227280506151,0.25,0.07027252179416206,0.0,0.010416666666666666,0.041666666666666664,6.0,5.0
emblematica:E029902,2803,265,0.6817341018933163,0.5,0.198446225158643,0.0,0.007547169811320755,0.01509433962264151,4.0,4.0
emblematica:E029903,2803,275,0.6161726134874266,0.3333333333333333,0.14961707024797702,0.0,0.01090909090909091,0.014545454545454545,8.0,5.0
emblematica:E029904,2803,148,0.2823658470568187,0.08333333333333333,0.06731567634128029,0.0,0.0,0.0,4.0,5.0
emblematica:E029905,2803,312,0.7593902047499441,0.5,0.1714029463221087,0.0,0.009615384615384616,0.01282051282051282,9.5,4.0
emblematica:E029906,2803,106,0.33592992644662195,0.1111111111111111,0.03265861495185128,0.0,0.0,0.009433962264150943,5.0,5.0
emblematica:E029907,2803,71,0.47156952576861016,0.14285714285714285,0.03385968187858117,0.0,0.0,0.014084507042253521,3.0,5.0
emblematica:E029908,2803,121,0.41531527483146585,1.0,0.05303480556830523,0.008264462809917356,0.008264462809917356,0.008264462809917356,2.0,4.0
emblematica:E029909,2803,154,0.5110645083858716,0.05555555555555555,0.09212384531135943,0.0,0.0,0.0,4.5,4.0
emblematica:E029910,2803,343,0.6845947234124864,0.3333333333333333,0.15845860904426035,0.0,0.0058309037900874635,0.008746355685131196,3.0,3.0
emblematica:E029911,2803,452,0.7867804080711879,1.0,0.16924310022353733,0.0022123893805309734,0.008849557522123894,0.011061946902654867,3.5,4.0
emblematica:E029912,2803,153,0.7271069550414784,1.0,0.17242807363471635,0.006535947712418301,0.013071895424836602,0.0196078431372549,3.0,4.0
emblematica:E029913,2803,307,0.6280271689251918,0.14285714285714285,0.14628124174859972,0.0,0.0,0.006514657980456026,4.0,5.0
emblematica:E029914,2803,173,0.48419411198506634,0.3333333333333333,0.09739272589059615,0.0,0.005780346820809248,0.005780346820809248,11.0,5.0
emblematica:E029915,2803,455,0.7332199886020263,1.0,0.22303398601986169,0.002197802197802198,0.006593406593406593,0.013186813186813187,4.0,5.0
emblematica:E029916,2803,1130,0.7729598582120314,1.0,0.3805138929513018,0.0008849557522123894,0.0017699115044247787,0.002654867256637168,11.5,5.0
emblematica:E029917,2803,563,0.9361426617687841,1.0,0.3031116809680781,0.0017761989342806395,0.0053285968028419185,0.012433392539964476,8.5,5.0
emblematica:E029918,2803,624,0.7276770570691395,0.25,0.26704734837791155,0.0,0.0016025641025641025,0.00641025641025641,5.5,5.0
emblematica:E029919,2803,363,0.7101821890183048,0.16666666666666666,0.21962831196588378,0.0,0.0,0.005509641873278237,4.0,3.0
emblematica:E029920,2803,400,0.9652843890316114,1.0,0.24484841048776582,0.0025,0.0125,0.02,7.0,4.0
emblematica:E029921,2803,519,0.7443844612536064,0.3333333333333333,0.24693644054821046,0.0,0.005780346820809248,0.007707129094412331,10.5,5.0
emblematica:E029922,2803,258,0.6491155517567289,1.0,0.13597656549988302,0.003875968992248062,0.003875968992248062,0.011627906976744186,10.0,5.0
emblematica:E029923,2803,144,0.47794865005716153,0.3333333333333333,0.11319656561953814,0.0,0.006944444444444444,0.020833333333333332,4.0,5.0
emblematica:E029924,2803,19,0.3895012974824482,0.058823529411764705,0.027650214758255822,0.0,0.0,0.0,3.0,4.0
emblematica:E029925,2803,598,0.8899541168509599,0.3333333333333333,0.2994081530171393,0.0,0.0033444816053511705,0.011705685618729096,23.5,5.0
emblematica:E029926,2803,597,0.617098039553147,0.5,0.3098611697031284,0.0,0.0033500837520938024,0.006700167504187605,25.0,5.0
emblematica:E029927,2803,544,0.631273282108365,1.0,0.23356914405561502,0.001838235294117647,0.001838235294117647,0.009191176470588236,8.0,5.0
emblematica:E029928,2803,496,0.7525401952616413,1.0,0.24892944496561145,0.0020161290322580645,0.004032258064516129,0.008064516129032258,18.0,5.0
emblematica:E029929,2803,355,0.8222688249474617,1.0,0.1717841990949452,0.0028169014084507044,0.005633802816901409,0.008450704225352112,8.0,6.0
emblematica:E029930,2803,311,0.4823814592302911,0.3333333333333333,0.14245212895623424,0.0,0.006430868167202572,0.012861736334405145,3.0,5.0
emblematica:E029931,2803,188,0.35371313133965276,0.16666666666666666,0.10249747152294544,0.0,0.0,0.010638297872340425,11.0,4.0
emblematica:E029932,2803,372,0.6605268202169701,1.0,0.22191541820158098,0.002688172043010753,0.008064516129032258,0.013440860215053764,6.0,3.0
emblematica:E029933,2803,711,0.9510907186004266,1.0,0.34837041906352895,0.0014064697609001407,0.005625879043600563,0.009845288326300985,14.0,5.0
emblematica:E029934,2803,588,0.6407367458177197,0.25,0.261820998680538,0.0,0.003401360544217687,0.00510204081632653,9.0,5.0
emblematica:E029935,2803,284,0.5943393757933136,0.25,0.177135997075739,0.0,0.0035211267605633804,0.01056338028169014,11.0,5.0
emblematica:E029936,2803,337,0.6664867581102497,0.25,0.20700832860536153,0.0,0.005934718100890208,0.011869436201780416,14.0,4.0
emblematica:E029937,2803,171,0.5235090212159577,0.3333333333333333,0.08004370741387787,0.0,0.005847953216374269,0.011695906432748537,5.0,4.0
emblematica:E029938,2803,203,0.7165289249599887,0.5,0.17052247454988054,0.0,0.0049261083743842365,0.024630541871921183,10.0,3.0
emblematica:E029939,2803,418,0.7838409338645025,0.3333333333333333,0.2835946670404563,0.0,0.004784688995215311,0.007177033492822967,18.0,5.5
emblematica:E029940,2803,226,0.6906168396262007,1.0,0.1725582114836364,0.004424778761061947,0.008849557522123894,0.008849557522123894,7.0,6.0
emblematica:E029941,2803,409,0.726965017222996,1.0,0.20030236872899196,0.0024449877750611247,0.004889975550122249,0.009779951100244499,4.5,4.0
emblematica:E029942,2803,379,0.6960842552360287,0.5,0.21182050286822246,0.0,0.0079155672823219,0.0158311345646438,5.0,4.0
emblematica:E029943,2803,596,0.9558305176970738,1.0,0.31379108276190254,0.0016778523489932886,0.006711409395973154,0.01174496644295302,10.0,4.0
emblematica:E029944,2803,114,0.6132308435428214,1.0,0.07653410279066178,0.008771929824561403,0.008771929824561403,0.008771929824561403,5.0,5.0
emblematica:E029945,2803,419,0.8098142250521752,1.0,0.24406514774124421,0.002386634844868735,0.007159904534606206,0.014319809069212411,15.0,5.0
emblematica:E029946,2803,314,0.6046248467661361,0.25,0.15582173603831898,0.0,0.006369426751592357,0.01910828025477707,7.5,5.5
emblematica:E029947,2803,93,0.6750709954801692,0.1,0.053228732198674356,0.0,0.0,0.010752688172043012,3.0,5.0
emblematica:E029948,2803,378,0.8461147839886699,1.0,0.22492149876677928,0.0026455026455026454,0.005291005291005291,0.013227513227513227,5.5,5.0
emblematica:E029949,2803,326,0.7974323555050203,1.0,0.26115452337502026,0.003067484662576687,0.006134969325153374,0.015337423312883436,14.0,5.0
emblematica:E029950,2803,161,0.6801022458600984,1.0,0.09344758439480279,0.006211180124223602,0.006211180124223602,0.024844720496894408,4.0,4.0
emblematica:E029951,2803,545,0.6074384287065069,0.2,0.23600619458712602,0.0,0.001834862385321101,0.001834862385321101,9.0,5.0
emblematica:E029952,2803,447,0.5480823968875745,0.3333333333333333,0.20399516682936156,0.0,0.0044742729306487695,0.006711409395973154,4.0,4.0
emblematica:E029953,2803,553,0.8339776520052806,1.0,0.2758220647267823,0.0018083182640144665,0.0054249547920434,0.0108499095840868,8.5,5.0
emblematica:E029954,2803,331,1.0,0.5,0.19080505408980442,0.0,0.006042296072507553,0.015105740181268883,4.0,4.0
emblematica:E029955,2803,355,0.5090405720084108,0.3333333333333333,0.18417707569889277,0.0,0.0028169014084507044,0.0028169014084507044,2.0,4.0
emblematica:E029956,2803,336,0.576436504124673,0.5,0.2011263886057728,0.0,0.005952380952380952,0.01488095238095238,7.0,4.0
emblematica:E029957,2803,921,0.562455978673023,1.0,0.29436238742068027,0.0010857763300760044,0.0010857763300760044,0.004343105320304018,4.0,4.0
emblematica:E029958,2803,585,0.8023482422015361,1.0,0.26425664360799184,0.0017094017094017094,0.006837606837606838,0.011965811965811967,5.0,4.0
emblematica:E029959,2803,1072,0.7647415254906511,1.0,0.34819127721331106,0.0009328358208955224,0.0009328358208955224,0.002798507462686567,2.0,3.0
emblematica:E029960,2803,1294,0.9537125187088151,1.0,0.4587700093143294,0.0007727975270479134,0.0030911901081916537,0.00463678516228748,16.0,5.0
emblematica:E029961,2803,366,0.7780421218962059,1.0,0.23582380908772385,0.00273224043715847,0.00819672131147541,0.01639344262295082,2.0,4.5
emblematica:E029962,2803,442,0.5877255483790025,0.3333333333333333,0.21007848753093986,0.0,0.0022624434389140274,0.00904977375565611,12.0,5.0
emblematica:E029963,2803,177,0.60814916589094,0.125,0.0913825733942302,0.0,0.0,0.011299435028248588,4.0,5.0
emblematica:E029964,2803,207,0.6280114062328142,0.25,0.15700774974074855,0.0,0.00966183574879227,0.01932367149758454,2.0,5.0
emblematica:E029965,2803,165,0.8542904478701223,1.0,0.20537147290401658,0.006060606060606061,0.01818181818181818,0.03636363636363636,5.0,5.0
emblematica:E029966,2803,1122,0.8987583941595085,1.0,0.39303927297701774,0.00089126559714795,0.00267379679144385,0.006238859180035651,14.5,4.0
emblematica:E029967,2803,405,0.4883158642910518,0.25,0.17945786402236652,0.0,0.0024691358024691358,0.007407407407407408,10.0,5.0
emblematica:E029968,2803,170,0.7335049590314535,0.25,0.17475889983299245,0.0,0.011764705882352941,0.01764705882352941,2.0,4.0
emblematica:E029969,2803,525,0.8005154453256915,0.5,0.27549868852466475,0.0,0.0038095238095238095,0.005714285714285714,9.0,5.0
emblematica:E031317,2803,275,0.8786910723574982,1.0,0.336888569316659,0.0036363636363636364,0.014545454545454545,0.025454545454545455,5.0,5.0
emblematica:E031318,2803,438,0.7940691081322574,1.0,0.3737652140930293,0.00228310502283105,0.00684931506849315,0.0136986301369863,2.0,3.0
emblematica:E031319,2803,428,0.9392476808053197,1.0,0.39052281753093654,0.002336448598130841,0.009345794392523364,0.018691588785046728,8.0,4.0
emblematica:E031321,2803,387,0.7449654342708539,0.5,0.22306642455684444,0.0,0.00516795865633075,0.012919896640826873,6.0,5.0
emblematica:E031322,2803,330,0.7423555953787456,0.5,0.27378963633003184,0.0,0.00909090909090909,0.01818181818181818,6.0,4.0
emblematica:E031323,2803,163,0.4947750531455076,0.5,0.16763942216859656,0.0,0.012269938650306749,0.012269938650306749,5.0,5.0
emblematica:E031324,2803,387,0.9005994237673797,1.0,0.31681175680969176,0.002583979328165375,0.012919896640826873,0.020671834625323,11.5,4.5
emblematica:E031325,2803,364,0.9209041801510187,0.3333333333333333,0.2012015751334324,0.0,0.005494505494505495,0.008241758241758242,16.5,5.0
emblematica:E031326,2803,228,0.6761638881954373,0.5,0.24382811535815582,0.0,0.008771929824561403,0.017543859649122806,4.0,5.0
emblematica:E031328,2803,340,0.9129777530218665,1.0,0.3296828346200333,0.0029411764705882353,0.014705882352941176,0.023529411764705882,4.0,4.0
emblematica:E031329,2803,417,0.7996669668809355,0.5,0.3007454887330446,0.0,0.007194244604316547,0.016786570743405275,6.5,5.0
emblematica:E031330,2803,329,1.0,1.0,0.3453086480037053,0.00303951367781155,0.015197568389057751,0.030395136778115502,10.0,5.0
emblematica:E031332,2803,494,0.9432379215722525,1.0,0.360830347683645,0.0020242914979757085,0.008097165991902834,0.018218623481781375,6.5,4.0
emblematica:E031333,2803,678,0.9119632934807679,1.0,0.4490764893809834,0.0014749262536873156,0.0058997050147492625,0.01327433628318584,11.0,5.0
emblematica:E031334,2803,318,0.7803999509875986,1.0,0.3978110876786255,0.0031446540880503146,0.009433962264150943,0.0220125786163522,15.0,5.0
emblematica:E031336,2803,404,0.9074250374176303,1.0,0.34407135376645565,0.0024752475247524753,0.009900990099009901,0.019801980198019802,6.5,4.0
emblematica:E031337,2803,207,0.4942190168304988,0.5,0.20718818303844566,0.0,0.004830917874396135,0.00966183574879227,7.0,5.0
emblematica:E031338,2803,83,0.29710860479027795,0.125,0.03931614826862923,0.0,0.0,0.024096385542168676,2.0,5.0
emblematica:E031339,2803,77,0.2980253876333799,0.1,0.04263534494819486,0.0,0.0,0.012987012987012988,5.0,5.0
emblematica:E031340,2803,458,0.8532721558012798,0.5,0.3656889447830942,0.0,0.008733624454148471,0.017467248908296942,10.0,5.0
emblematica:E031341,2803,446,0.9082950973757998,1.0,0.33709924563634147,0.002242152466367713,0.008968609865470852,0.020179372197309416,10.0,4.0
emblematica:E031342,2803,500,0.9558305176970738,1.0,0.4036182317356712,0.002,0.01,0.018,23.5,5.0
emblematica:E031343,2803,723,1.0,1.0,0.46757678486700377,0.0013831258644536654,0.005532503457814661,0.012448132780082987,34.0,4.0
emblematica:E031344,2803,117,0.2623568589038924,0.09090909090909091,0.09203972924926206,0.0,0.0,0.0,8.0,5.0
emblematica:E031345,2803,496,1.0,1.0,0.37926871061843626,0.0020161290322580645,0.010080645161290322,0.020161290322580645,5.0,4.0
emblematica:E031346,2803,506,0.681148225161812,1.0,0.3200772467809409,0.001976284584980237,0.003952569169960474,0.009881422924901186,8.0,5.0
emblematica:E031347,2803,389,0.9100725361529538,1.0,0.34806405224226195,0.002570694087403599,0.012853470437017995,0.02056555269922879,6.5,4.0
emblematica:E031348,2803,395,1.0,1.0,0.31766264351925,0.002531645569620253,0.012658227848101266,0.02531645569620253,8.0,4.0
emblematica:E031349,2803,379,0.8976086225976284,1.0,0.3599611461921167,0.002638522427440633,0.0079155672823219,0.0158311345646438,24.0,4.0
emblematica:E031350,2803,488,0.9368077570869661,1.0,0.4524869036157121,0.0020491803278688526,0.00819672131147541,0.01639344262295082,17.0,4.0
emblematica:E031351,2803,143,0.795964102629726,1.0,0.33221594935919035,0.006993006993006993,0.027972027972027972,0.04895104895104895,2.0,4.0
emblematica:E031352,2803,419,0.7336207524107349,0.5,0.3208760745706394,0.0,0.007159904534606206,0.016706443914081145,6.0,5.0
emblematica:E031353,2803,317,0.47590081544556845,0.25,0.26445625922818444,0.0,0.006309148264984227,0.012618296529968454,5.0,5.0
emblematica:E031354,2803,289,0.7430580004525728,1.0,0.2446195473714358,0.0034602076124567475,0.010380622837370242,0.020761245674740483,10.0,4.0
emblematica:E031355,2803,433,0.9526058178152246,1.0,0.29739183091792154,0.0023094688221709007,0.009237875288683603,0.018475750577367205,7.5,5.0
emblematica:E031356,2803,504,1.0,1.0,0.4730728847151661,0.001984126984126984,0.007936507936507936,0.017857142857142856,13.0,4.0
emblematica:E031357,2803,767,1.0,1.0,0.4659956047697174,0.001303780964797914,0.00651890482398957,0.01303780964797914,14.0,5.0
emblematica:E031358,2803,481,0.7432262726522397,0.5,0.36051091289612064,0.0,0.006237006237006237,0.016632016632016633,9.0,4.0
emblematica:E031359,2803,517,0.8864189125903759,1.0,0.40984140843233907,0.0019342359767891683,0.007736943907156673,0.013539651837524178,5.0,5.0
emblematica:E031360,2803,637,0.94497705842548,1.0,0.47125444999662747,0.0015698587127158557,0.006279434850863423,0.0141287284144427,11.0,4.5
emblematica:E031361,2803,705,1.0,1.0,0.49218568501465687,0.0014184397163120568,0.0070921985815602835,0.014184397163120567,18.0,4.0
emblematica:E031363,2803,463,1.0,1.0,0.39565642106388005,0.0021598272138228943,0.01079913606911447,0.02159827213822894,15.0,5.0
emblematica:E031364,2803,598,0.7545878361738982,0.3333333333333333,0.41819545281766973,0.0,0.0033444816053511705,0.011705685618729096,11.0,4.5
emblematica:E031365,2803,184,0.7428266488863469,0.5,0.3723811508918104,0.0,0.021739130434782608,0.03804347826086957,12.0,4.0
emblematica:E031366,2803,516,0.9537125187088151,1.0,0.36942922903997116,0.001937984496124031,0.007751937984496124,0.015503875968992248,8.0,4.0
emblematica:E031367,2803,752,0.9074250374176303,1.0,0.48038374021515584,0.0013297872340425532,0.005319148936170213,0.011968085106382979,6.0,5.0
emblematica:E031372,2803,414,0.8331920384232125,1.0,0.3580667114228808,0.0024154589371980675,0.007246376811594203,0.016908212560386472,2.0,4.0
emblematica:E031380,2803,605,1.0,1.0,0.4316020994803393,0.001652892561983471,0.008264462809917356,0.01652892561983471,16.0,4.0
emblematica:E031381,2803,203,0.8258120441289915,0.3333333333333333,0.3053312560682409,0.0,0.014778325123152709,0.029556650246305417,8.0,4.0
emblematica:E031382,2803,352,0.9503093324092082,1.0,0.3824679485621392,0.002840909090909091,0.014204545454545454,0.02556818181818182,9.0,4.0
emblematica:E031383,2803,592,0.9575861412006987,1.0,0.3917652500110254,0.0016891891891891893,0.008445945945945946,0.015202702702702704,12.0,4.0
emblematica:E031384,2803,319,0.4583370374986425,0.16666666666666666,0.24247731701692563,0.0,0.0,0.009404388714733543,8.5,4.0
emblematica:E031385,2803,579,0.7983906888457878,1.0,0.4160118432860816,0.0017271157167530224,0.0069084628670120895,0.008635578583765112,8.0,5.0
emblematica:E031386,2803,350,1.0,1.0,0.4473140082696176,0.002857142857142857,0.014285714285714285,0.02857142857142857,14.0,5.0
emblematica:E031387,2803,585,0.9074250374176303,1.0,0.41271613793842715,0.0017094017094017094,0.006837606837606838,0.015384615384615385,19.0,4.0
emblematica:E031388,2803,294,0.7685187484589947,1.0,0.305667071734062,0.003401360544217687,0.013605442176870748,0.02040816326530612,2.0,4.0
emblematica:E031389,2803,526,0.5259194451983563,0.5,0.42111832153526435,0.0,0.0019011406844106464,0.0076045627376425855,13.0,5.0
emblematica:E031390,2803,191,0.6161401347446145,0.3333333333333333,0.30520441141648624,0.0,0.015706806282722512,0.02617801047120419,8.0,4.0
emblematica:E031391,2803,430,1.0,1.0,0.4255543426746505,0.002325581395348837,0.011627906976744186,0.023255813953488372,9.0,5.0
emblematica:E031394,2803,555,0.881784815512446,1.0,0.3495471594994423,0.0018018018018018018,0.007207207207207207,0.010810810810810811,6.5,6.0
emblematica:E031396,2803,520,0.6652165304352237,0.3333333333333333,0.4473206785517066,0.0,0.0057692307692307696,0.013461538461538462,9.0,5.0
emblematica:E031397,2803,289,0.8079123259305887,1.0,0.31323777744489983,0.0034602076124567475,0.01384083044982699,0.01730103806228374,2.0,5.0
emblematica:E031402,2803,619,1.0,1.0,0.5248975142106951,0.0016155088852988692,0.008077544426494346,0.01615508885298869,9.0,4.0
emblematica:E031403,2803,268,0.5139842376447046,1.0,0.17249011248456603,0.0037313432835820895,0.0037313432835820895,0.007462686567164179,4.0,5.0
emblematica:E031405,2803,214,0.6555267379801987,0.5,0.2199061733721746,0.0,0.009345794392523364,0.018691588785046728,2.0,4.0
emblematica:E031411,2803,390,0.8489128788730754,0.5,0.3575981870768964,0.0,0.005128205128205128,0.017948717948717947,12.0,5.0
emblematica:E031412,2803,636,0.9668728882728055,1.0,0.39412234016561104,0.0015723270440251573,0.007861635220125786,0.014150943396226415,26.0,4.0
emblematica:E031413,2803,355,0.7918956253575042,1.0,0.3292633209532324,0.0028169014084507044,0.005633802816901409,0.016901408450704224,8.0,5.0
emblematica:E031414,2803,466,0.8473825580301493,0.5,0.362961633776666,0.0,0.006437768240343348,0.015021459227467811,30.0,4.0
emblematica:E031415,2803,265,0.9036965364156512,1.0,0.31551757918371276,0.0037735849056603774,0.01509433962264151,0.026415094339622643,12.0,6.0
emblematica:E031416,2803,638,0.585778087412477,0.3333333333333333,0.3551760806579241,0.0,0.001567398119122257,0.003134796238244514,14.0,5.0
emblematica:E031417,2803,535,0.6907156957882956,1.0,0.362464708985239,0.001869158878504673,0.003738317757009346,0.009345794392523364,16.0,5.0
emblematica:E031418,2803,395,0.9510907186004266,1.0,0.40444681038996205,0.002531645569620253,0.012658227848101266,0.02278481012658228,7.5,5.5
emblematica:E031419,2803,606,1.0,1.0,0.4054629103637787,0.0016501650165016502,0.00825082508250825,0.0165016501650165,22.0,4.0
emblematica:E031420,2803,443,0.863443834987606,1.0,0.4852175562434893,0.002257336343115124,0.006772009029345372,0.01805869074492099,37.0,5.0
emblematica:E031421,2803,270,0.9368077570869661,1.0,0.34867342346007413,0.003703703703703704,0.011111111111111112,0.02962962962962963,6.0,5.0
emblematica:E031422,2803,423,1.0,1.0,0.3825131418073329,0.002364066193853428,0.01182033096926714,0.02364066193853428,7.0,4.0
emblematica:E031423,2803,401,0.7968966845050324,1.0,0.34978453412428034,0.0024937655860349127,0.007481296758104738,0.017456359102244388,9.0,4.0
emblematica:E031424,2803,522,1.0,1.0,0.3744541578401795,0.0019157088122605363,0.009578544061302681,0.017241379310344827,10.0,4.5
emblematica:E031425,2803,513,0.7915547295422457,1.0,0.3591761483082478,0.001949317738791423,0.005847953216374269,0.01364522417153996,14.0,4.0
emblematica:E031426,2803,550,0.8842812967720378,1.0,0.38678846184489574,0.0018181818181818182,0.007272727272727273,0.014545454545454545,12.0,5.0
emblematica:E031428,2803,698,0.8585157560180569,1.0,0.39058204501516974,0.0014326647564469914,0.0057306590257879654,0.011461318051575931,10.0,4.5
emblematica:E031429,2803,675,0.8842222191013388,1.0,0.4396501803700865,0.0014814814814814814,0.005925925925925926,0.01037037037037037,3.0,5.0
emblematica:E031431,2803,480,0.8507549823616222,0.5,0.3361043917853417,0.0,0.00625,0.0125,4.0,5.0
emblematica:E031432,2803,523,0.9510907186004266,1.0,0.3810110717091024,0.0019120458891013384,0.009560229445506692,0.015296367112810707,12.5,5.0
emblematica:E031433,2803,347,0.9025631996261787,1.0,0.311823139043438,0.002881844380403458,0.011527377521613832,0.023054755043227664,6.5,4.0
emblematica:E031436,2803,711,0.8736187544015135,1.0,0.4671783091895905,0.0014064697609001407,0.005625879043600563,0.011251758087201125,5.0,5.0
emblematica:E031437,2803,403,0.7641938621549249,1.0,0.374100134988567,0.0024813895781637717,0.007444168734491315,0.01488833746898263,13.5,4.0
emblematica:E031438,2803,348,1.0,1.0,0.35145023954821636,0.0028735632183908046,0.014367816091954023,0.02586206896551724,7.0,4.0
emblematica:E031439,2803,394,0.8816888223201844,1.0,0.44365106344106203,0.0025380710659898475,0.012690355329949238,0.02030456852791878,7.0,5.0
emblematica:E031440,2803,543,1.0,1.0,0.4184041026383364,0.001841620626151013,0.009208103130755065,0.016574585635359115,17.0,5.0
emblematica:E031441,2803,447,0.8898872026322843,1.0,0.40730133986772055,0.0022371364653243847,0.008948545861297539,0.017897091722595078,18.0,4.0
emblematica:E031442,2803,583,1.0,1.0,0.38399590661848193,0.0017152658662092624,0.008576329331046312,0.017152658662092625,11.0,4.0
emblematica:E031443,2803,374,0.9491033694408385,1.0,0.37295180884295,0.00267379679144385,0.013368983957219251,0.02406417112299465,3.0,5.0
emblematica:E031445,2803,458,0.813099994718453,0.25,0.39402089769703574,0.0,0.004366812227074236,0.015283842794759825,9.0,5.0
emblematica:E031446,2803,445,1.0,1.0,0.3650316933072844,0.0022471910112359553,0.011235955056179775,0.02247191011235955,5.0,4.0
emblematica:E031451,2803,284,0.44737143240935306,0.125,0.16240280522064823,0.0,0.0,0.0035211267605633804,1.0,5.0
emblematica:E031452,2803,674,0.9558305176970738,1.0,0.45531534554857545,0.001483679525222552,0.00741839762611276,0.013353115727002967,30.0,4.5
emblematica:E031453,2803,743,0.8458011211984314,1.0,0.4651598743855906,0.0013458950201884253,0.005383580080753701,0.009421265141318977,9.0,5.0
emblematica:E031455,2803,415,0.9266360779006398,1.0,0.34534379858804237,0.0024096385542168677,0.00963855421686747,0.021686746987951807,10.0,5.0
emblematica:E031456,2803,838,0.9574284411791895,1.0,0.4543973474557466,0.0011933174224343676,0.00477326968973747,0.00954653937947494,8.0,5.0
emblematica:E031459,2803,382,0.6408031644322343,0.3333333333333333,0.30938710861321056,0.0,0.005235602094240838,0.015706806282722512,4.0,5.0
emblematica:E031460,2803,526,0.9372813848170596,1.0,0.38726944190326656,0.0019011406844106464,0.0076045627376425855,0.015209125475285171,9.0,5.0
emblematica:E031462,2803,403,0.9134066833258868,1.0,0.361473408452305,0.0024813895781637717,0.007444168734491315,0.017369727047146403,15.0,4.5
emblematica:E031463,2803,395,0.968189605900524,1.0,0.3444566474528466,0.002531645569620253,0.010126582278481013,0.020253164556962026,4.0,4.0
emblematica:E031466,2803,380,0.7311450575554695,1.0,0.2742522731747749,0.002631578947368421,0.005263157894736842,0.007894736842105263,10.0,5.0
emblematica:E031467,2803,460,0.9346681091844371,1.0,0.350509838378345,0.002173913043478261,0.008695652173913044,0.017391304347826087,17.0,4.0
emblematica:E031468,2803,483,0.9510907186004266,1.0,0.380426686700297,0.002070393374741201,0.010351966873706004,0.018633540372670808,22.0,5.0
emblematica:E031469,2803,245,0.4834037141232077,1.0,0.19056257695695772,0.004081632653061225,0.004081632653061225,0.00816326530612245,6.5,5.0
emblematica:E031470,2803,461,0.9048032373092417,1.0,0.37064713144236355,0.0021691973969631237,0.010845986984815618,0.01735357917570499,17.0,4.0
emblematica:E031472,2803,178,0.7031638713847843,1.0,0.29261482819555573,0.0056179775280898875,0.011235955056179775,0.028089887640449437,5.0,5.0
emblematica:E031474,2803,288,0.7327099852278367,0.5,0.2141510208052153,0.0,0.013888888888888888,0.020833333333333332,3.0,5.0
emblematica:E031475,2803,365,0.8971698949183144,1.0,0.33147288254936597,0.0027397260273972603,0.010958904109589041,0.019178082191780823,4.0,6.0
emblematica:E031476,2803,182,0.7782145523225703,0.16666666666666666,0.20949135760188986,0.0,0.0,0.02197802197802198,8.0,5.0
emblematica:E031477,2803,169,0.7479977805552089,1.0,0.21995955451122118,0.005917159763313609,0.01775147928994083,0.03550295857988166,9.5,5.0
emblematica:E031478,2803,385,0.8658812385764987,1.0,0.3863230259993542,0.0025974025974025974,0.01038961038961039,0.02077922077922078,3.0,4.0
emblematica:E031479,2803,101,0.6032032285939417,0.5,0.4403724601963683,0.0,0.0297029702970297,0.0594059405940594,4.0,5.0
emblematica:E031480,2803,593,0.9346681091844371,1.0,0.42025898810403817,0.0016863406408094434,0.008431703204047217,0.013490725126475547,12.0,4.0
emblematica:E031481,2803,599,0.9270201848786105,1.0,0.4578464236226257,0.001669449081803005,0.00667779632721202,0.015025041736227046,4.5,5.0
emblematica:E031483,2803,375,0.6182684921758873,0.5,0.2856167359409335,0.0,0.010666666666666666,0.013333333333333334,16.5,4.0
emblematica:E031487,2803,257,0.6751488611195628,0.5,0.30051542987895385,0.0,0.007782101167315175,0.023346303501945526,15.0,5.0
emblematica:E031491,2803,177,0.6330407401913489,0.5,0.3421458133328525,0.0,0.011299435028248588,0.02824858757062147,2.0,5.0
emblematica:E031497,2803,289,0.9537125187088151,1.0,0.3317762097608247,0.0034602076124567475,0.01730103806228374,0.031141868512110725,9.0,5.0
emblematica:E031500,2803,430,0.9266360779006398,1.0,0.38244103071242924,0.002325581395348837,0.009302325581395349,0.020930232558139535,11.0,4.0
emblematica:E031502,2803,385,0.8853785699582715,1.0,0.35143744357338,0.0025974025974025974,0.01038961038961039,0.02077922077922078,9.0,5.0
emblematica:E031503,2803,327,0.6947068141590779,0.5,0.23551827456797725,0.0,0.009174311926605505,0.021406727828746176,8.0,5.0
emblematica:E031504,2803,547,0.9266360779006398,1.0,0.4028354141173081,0.0018281535648994515,0.007312614259597806,0.016453382084095063,10.0,5.0
emblematica:E031507,2803,481,0.8509395825703554,1.0,0.4455938923603077,0.002079002079002079,0.008316008316008316,0.014553014553014554,8.0,4.5
emblematica:E031508,2803,444,0.9074250374176303,1.0,0.4468929519122605,0.0022522522522522522,0.009009009009009009,0.02027027027027027,5.0,5.0
emblematica:E031509,2803,866,0.9558305176970738,1.0,0.4708210968032141,0.0011547344110854503,0.005773672055427252,0.010392609699769052,13.0,5.5
emblematica:E031510,2803,544,0.7505626648621757,0.5,0.363585936314863,0.0,0.0055147058823529415,0.014705882352941176,10.0,6.0
emblematica:E031511,2803,59,0.47944754451969107,0.5,0.07286482811198283,0.0,0.03389830508474576,0.03389830508474576,2.0,5.0
emblematica:E031512,2803,209,0.836068160194072,1.0,0.5041730265466531,0.004784688995215311,0.023923444976076555,0.03349282296650718,4.0,5.0
emblematica:E033033,2803,166,0.5347781869743912,0.5,0.09359682372501846,0.0,0.006024096385542169,0.018072289156626505,8.0,4.0
emblematica:E033035,2803,37,0.46345933386044064,0.3333333333333333,0.03599893151511372,0.0,0.05405405405405406,0.05405405405405406,7.5,3.5
emblematica:E033036,2803,37,0.3333333333333333,0.06666666666666667,0.05631651062189498,0.0,0.0,0.0,4.0,4.0
emblematica:E033038,2803,37,0.3333333333333333,0.007142857142857143,0.010545619528473344,0.0,0.0,0.0,4.0,4.0
emblematica:E033039,2803,507,0.35167431385817327,0.09090909090909091,0.20667257477918216,0.0,0.0,0.0,9.0,4.0
emblematica:E033040,2803,12,0.3333333333333333,0.041666666666666664,0.009935908833938188,0.0,0.0,0.0,1.0,5.0
emblematica:E033041,2803,59,0.4441136476268617,0.16666666666666666,0.04637151032772969,0.0,0.0,0.03389830508474576,3.0,4.0
emblematica:E033042,2803,46,0.3775028156362593,0.1111111111111111,0.04524448466902851,0.0,0.0,0.021739130434782608,4.5,4.0
emblematica:E033043,2803,87,0.3333333333333333,0.03225806451612903,0.03046644845653781,0.0,0.0,0.0,5.0,3.0
emblematica:E033044,2803,333,0.3475238529402701,0.07142857142857142,0.10010715931390322,0.0,0.0,0.0,18.0,3.0
emblematica:E033045,2803,7,0.3333333333333333,0.02702702702702703,0.013632450359449835,0.0,0.0,0.0,2.0,6.0
emblematica:E033046,2803,73,0.3775028156362593,0.1111111111111111,0.0451911231414721,0.0,0.0,0.0136986301369863,14.5,4.5
emblematica:E033047,2803,118,0.3333333333333333,0.07142857142857142,0.055417190082351575,0.0,0.0,0.0,12.0,4.0
emblematica:E033048,2803,33,0.40669725543269336,0.3333333333333333,0.02476478350053445,0.0,0.030303030303030304,0.030303030303030304,2.5,3.0
emblematica:E033049,2803,275,0.533517406907086,1.0,0.1707400179000483,0.0036363636363636364,0.0036363636363636364,0.007272727272727273,10.0,4.0
emblematica:E033050,2803,331,0.48006117753205335,1.0,0.1038816204471068,0.0030211480362537764,0.0030211480362537764,0.0030211480362537764,4.0,4.0
emblematica:E033051,2803,363,0.37574719213263447,0.1,0.1384748766542304,0.0,0.0,0.0027548209366391185,11.5,3.5
emblematica:E033052,2803,62,0.3775028156362593,0.1111111111111111,0.03972826398552941,0.0,0.0,0.016129032258064516,8.0,4.0
emblematica:E033053,2803,27,0.4491111142319945,0.3333333333333333,0.05156800104029714,0.0,0.037037037037037035,0.07407407407407407,1.0,4.5
emblematica:E033054,2803,56,0.47879675185156656,0.2,0.04620006456142486,0.0,0.017857142857142856,0.05357142857142857,8.0,3.0
emblematica:E033055,2803,39,0.38559884598578353,0.16666666666666666,0.06427421814891353,0.0,0.0,0.02564102564102564,3.0,4.5
emblematica:E033056,2803,25,0.3333333333333333,0.003105590062111801,0.01310082904643526,0.0,0.0,0.0,3.0,5.0
emblematica:E033057,2803,41,0.38559884598578353,0.16666666666666666,0.022804883652063245,0.0,0.0,0.024390243902439025,4.0,4.0
emblematica:E033058,2803,42,0.3879745124825278,0.058823529411764705,0.016314203750328098,0.0,0.0,0.0,6.0,4.0
emblematica:E033059,2803,16,0.3900954117610806,0.2,0.02260189696288369,0.0,0.0625,0.0625,2.5,4.0
emblematica:E033060,2803,138,0.34639971149644583,0.05,0.04501245521342078,0.0,0.0,0.0,9.5,3.5
emblematica:E033061,2803,60,0.37574719213263447,0.1,0.04755301527006183,0.0,0.0,0.016666666666666666,11.0,4.0
emblematica:E033062,2803,30,0.48006117753205335,1.0,0.04269119797062847,0.03333333333333333,0.03333333333333333,0.03333333333333333,5.0,3.0
emblematica:E033063,2803,32,0.37962081462451813,0.125,0.02171672575349936,0.0,0.0,0.03125,3.0,4.0
emblematica:E033064,2803,303,0.38224261473290666,0.14285714285714285,0.16344034520278705,0.0,0.0,0.0033003300330033004,15.0,4.5
emblematica:E033065,2803,46,0.3333333333333333,0.024390243902439025,0.027318031865649108,0.0,0.0,0.0,8.0,3.0
emblematica:E033066,2803,3,0.4676037933279578,0.010526315789473684,0.006998695838539339,0.0,0.0,0.0,1.5,4.5
emblematica:E033067,2803,104,0.3561641183830519,0.0625,0.029975464538584615,0.0,0.0,0.0,5.0,3.0
emblematica:E033068,2803,113,0.40669725543269336,0.3333333333333333,0.052305972095292995,0.0,0.008849557522123894,0.008849557522123894,10.0,3.0
emblematica:E033069,2803,54,0.3443757039090648,0.06666666666666667,0.04503932458410779,0.0,0.0,0.0,5.0,3.0
emblematica:E033070,2803,90,0.3333333333333333,0.030303030303030304,0.03243261134144211,0.0,0.0,0.0,22.0,4.0
emblematica:E033071,2803,43,0.40669725543269336,0.3333333333333333,0.029038060088782576,0.0,0.023255813953488372,0.023255813953488372,5.0,4.0
emblematica:E033072,2803,14,0.3439367980331586,0.08333333333333333,0.024515299348267707,0.0,0.0,0.0,3.5,3.0
emblematica:E033073,2803,62,0.3333333333333333,0.058823529411764705,0.0400512040437539,0.0,0.0,0.0,4.0,5.0
emblematica:E033074,2803,19,0.3333333333333333,0.037037037037037035,0.008346606690211662,0.0,0.0,0.0,2.0,3.0
emblematica:E033075,2803,4,0.35648241204244513,0.04,0.011683000646336143,0.0,0.0,0.0,2.0,3.0
emblematica:E033076,2803,134,0.3333333333333333,0.06666666666666667,0.053828393196850295,0.0,0.0,0.0,8.0,4.0
emblematica:E033077,2803,64,0.35647707397892575,0.02564102564102564,0.01981810304954173,0.0,0.0,0.0,2.0,5.0
emblematica:E033078,2803,54,0.38224261473290666,0.14285714285714285,0.02456844308686362,0.0,0.0,0.018518518518518517,3.5,5.0
emblematica:E033079,2803,28,0.3333333333333333,0.09090909090909091,0.018432957756068506,0.0,0.0,0.0,4.0,4.0
emblematica:E033080,2803,199,0.37574719213263447,0.1,0.12895345147791756,0.0,0.0,0.005025125628140704,9.0,4.0
emblematica:E033081,2803,119,0.4511667553955616,0.25,0.04207611165244044,0.0,0.008403361344537815,0.01680672268907563,17.5,3.0
emblematica:E033082,2803,53,0.39652557624636714,0.25,0.032063150144204126,0.0,0.018867924528301886,0.018867924528301886,5.5,3.5
emblematica:E033083,2803,59,0.3439367980331586,0.06666666666666667,0.017125550299617372,0.0,0.0,0.0,5.0,4.5
emblematica:E033084,2803,45,0.40669725543269336,0.3333333333333333,0.047145368204023125,0.0,0.022222222222222223,0.022222222222222223,6.5,4.0
emblematica:E033085,2803,53,0.3333333333333333,0.011764705882352941,0.016973854031088285,0.0,0.0,0.0,8.0,5.0
emblematica:E033086,2803,107,0.37962081462451813,0.125,0.07374354279760441,0.0,0.0,0.009345794392523364,11.5,4.0
emblematica:E033087,2803,106,0.3333333333333333,0.03125,0.0387444976917227,0.0,0.0,0.0,5.5,3.5
emblematica:E033088,2803,32,0.3475238529402701,0.030303030303030304,0.014639019422901309,0.0,0.0,0.0,1.0,4.0
emblematica:E033089,2803,44,0.3475238529402701,0.05,0.03859470727449999,0.0,0.0,0.0,11.5,3.0
emblematica:E041082,2803,113,0.9266360779006398,1.0,0.13178490107328156,0.008849557522123894,0.035398230088495575,0.07964601769911504,9.0,3.0
emblematica:E041083,2803,27,0.9652843890316114,1.0,0.3712910670930092,0.037037037037037035,0.18518518518518517,0.3333333333333333,4.0,4.0
emblematica:E041084,2803,26,0.9510907186004266,1.0,0.38127226092414995,0.038461538461538464,0.19230769230769232,0.34615384615384615,5.0,4.0
emblematica:E041085,2803,37,0.9558305176970738,1.0,0.2804924271059094,0.02702702702702703,0.13513513513513514,0.24324324324324326,3.5,5.5
emblematica:E041086,2803,73,0.8532721558012798,0.5,0.18226121150978514,0.0,0.0547945205479452,0.1232876712328767,1.5,4.0
emblematica:E041087,2803,60,0.8532721558012798,0.5,0.16259793522216406,0.0,0.06666666666666667,0.15,8.0,5.0
emblematica:E041088,2803,24,0.9537125187088151,1.0,0.4149865777705237,0.041666666666666664,0.20833333333333334,0.375,2.0,3.5
emblematica:E041089,2803,127,0.8532721558012798,0.5,0.11410097551250464,0.0,0.031496062992125984,0.07086614173228346,8.0,4.0
emblematica:E041090,2803,25,0.9368077570869661,1.0,0.3749589867315615,0.04,0.16,0.36,4.0,4.0
emblematica:E041091,2803,63,0.3701380938387978,0.03125,0.021137021868776806,0.0,0.0,0.0,1.0,4.0
emblematica:E041092,2803,91,0.9652843890316114,1.0,0.14441173394685344,0.01098901098901099,0.054945054945054944,0.0989010989010989,6.5,4.0
emblematica:E041093,2803,454,0.9652843890316114,1.0,0.18604161201243227,0.0022026431718061676,0.011013215859030838,0.019823788546255508,18.0,4.0
