query_id,n_candidates,n_exact_relevant,ndcg_at_10,reciprocal_rank,average_precision,recall_at_1,recall_at_5,recall_at_10,median_query_label_frequency,median_query_hierarchy_depth
iconclass-ai:130e17_019r.jpg,1713,2,0.1430672273074019,0.003246753246753247,0.00453035336756267,0.0,0.0,0.0,1.0,5.0
iconclass-ai:130e17_031v.jpg,1713,0,0.16265356486283086,,,,,,1.0,5.0
iconclass-ai:130e18_066v.jpg,1713,4,0.06229051986839265,0.0017241379310344827,0.0026310092471327016,0.0,0.0,0.0,3.5,3.5
iconclass-ai:131f19_008r.jpg,1713,18,0.06306989871492796,0.011235955056179775,0.010336998865478167,0.0,0.0,0.0,7.0,5.0
iconclass-ai:131f19_015r.jpg,1713,54,0.11026339813858248,0.09090909090909091,0.0420531018634927,0.0,0.0,0.0,55.0,4.0
iconclass-ai:131f19_032r.jpg,1713,28,0.06438520516765257,0.011494252873563218,0.01445186524346215,0.0,0.0,0.0,15.0,7.5
iconclass-ai:133a1_010r_min.jpg,1713,34,0.009799783622334416,0.010416666666666666,0.016728409991659726,0.0,0.0,0.0,8.0,7.0
iconclass-ai:133a1_010v_min.jpg,1713,37,0.14291626631486065,0.005434782608695652,0.02002223258475447,0.0,0.0,0.0,3.0,5.0
iconclass-ai:133a1_011r_min.jpg,1713,30,0.09116955170226677,0.009174311926605505,0.020388676181213553,0.0,0.0,0.0,2.0,5.0
iconclass-ai:133a1_136r_min.jpg,1713,52,0.1581302792118563,0.02631578947368421,0.034233638357091575,0.0,0.0,0.0,3.0,5.5
iconclass-ai:133a1_139v_min.jpg,1713,64,0.051153833895719286,0.02702702702702703,0.03787696324853191,0.0,0.0,0.0,9.5,5.0
iconclass-ai:133a1_149r_min.jpg,1713,52,0.13422471246746254,0.030303030303030304,0.03326479918992963,0.0,0.0,0.0,9.5,5.0
iconclass-ai:133e22_067v_min.jpg,1713,18,0.11589987956381026,0.125,0.022811479097496003,0.0,0.0,0.05555555555555555,10.0,3.0
iconclass-ai:133e22_085v_min.jpg,1713,5,0.029753491076912907,0.001579778830963665,0.0031469289801756006,0.0,0.0,0.0,3.5,3.0
iconclass-ai:133h31_014v.jpg,1713,16,0.09132040854505406,0.015873015873015872,0.014105121724775942,0.0,0.0,0.0,10.0,5.0
iconclass-ai:133h31_078v.jpg,1713,0,0.1524127508198062,,,,,,1.0,6.0
iconclass-ai:133h31_120v.jpg,1713,4,0.05583429362486847,0.011494252873563218,0.005221993032085283,0.0,0.0,0.0,3.5,3.5
iconclass-ai:133h31_141v.jpg,1713,0,0.06918415033816377,,,,,,1.0,4.5
iconclass-ai:133m131_013v_min.jpg,1713,3,0.04434210829643758,0.001226993865030675,0.0017736253149159698,0.0,0.0,0.0,3.0,5.5
iconclass-ai:133m131_078r_init.jpg,1713,32,0.051358536207048715,0.021739130434782608,0.022018013200083134,0.0,0.0,0.0,4.0,6.0
iconclass-ai:133m131_136v_init.jpg,1713,36,0.1843779829146024,0.25,0.028314104314456023,0.0,0.027777777777777776,0.027777777777777776,5.0,5.0
iconclass-ai:134c47_016v.jpg,1713,17,0.12840005211115338,0.14285714285714285,0.017351975179744142,0.0,0.0,0.058823529411764705,7.0,4.0
iconclass-ai:134c47_027r.jpg,1713,0,0.08188754839096732,,,,,,1.0,6.0
iconclass-ai:134c47_045v.jpg,1713,3,0.034543024027433034,0.022727272727272728,0.008757854222325154,0.0,0.0,0.0,4.0,4.0
iconclass-ai:134c47_064v.jpg,1713,3,0.0,0.0008097165991902834,0.0013139328846506254,0.0,0.0,0.0,4.0,5.0
iconclass-ai:134c47_082r.jpg,1713,18,0.10032651935389841,0.003003003003003003,0.0091201068023645,0.0,0.0,0.0,2.0,5.0
iconclass-ai:134c47_091v.jpg,1713,31,0.11146049114489923,0.006369426751592357,0.018726703138265233,0.0,0.0,0.0,6.0,5.0
iconclass-ai:135e40_030r_init.jpg,1713,32,0.05247914601829463,0.003436426116838488,0.015200790993562576,0.0,0.0,0.0,5.0,5.0
iconclass-ai:135e40_053r_init.jpg,1713,33,0.04257169607867455,0.030303030303030304,0.023768588612154126,0.0,0.0,0.0,3.5,5.0
iconclass-ai:135e40_056v_init.jpg,1713,33,0.06967907057702756,0.012048192771084338,0.02053376664296741,0.0,0.0,0.0,5.0,5.0
iconclass-ai:135e40_077r_init.jpg,1713,35,0.052382824321282245,0.021739130434782608,0.019903035533093007,0.0,0.0,0.0,3.0,5.5
iconclass-ai:135e40_086r_init.jpg,1713,34,0.04512303373040688,0.008,0.01791595866317691,0.0,0.0,0.0,3.0,5.0
iconclass-ai:135e40_132r_init.jpg,1713,33,0.11774838109784104,0.0125,0.01857914610368481,0.0,0.0,0.0,5.0,6.0
iconclass-ai:135g22_169r.jpg,1713,32,0.06523355400229823,0.016666666666666666,0.021621062405609823,0.0,0.0,0.0,1.0,5.0
iconclass-ai:135g9_001v.jpg,1713,27,0.12463359571291596,0.02564102564102564,0.01569348514173918,0.0,0.0,0.0,1.0,5.0
iconclass-ai:70-quod-1s_fac055.jpg,1713,15,0.060786253719422936,0.0625,0.01971857068406545,0.0,0.0,0.0,8.5,4.0
iconclass-ai:71a16_009r_min.jpg,1713,0,,,,,,,1.0,
iconclass-ai:71a16_209r_min.jpg,1713,0,0.08629136949957625,,,,,,1.0,4.0
iconclass-ai:74g37_017v_min.jpg,1713,17,0.0960356330758618,0.006802721088435374,0.009093744596969796,0.0,0.0,0.0,1.0,5.0
iconclass-ai:76f20_033r.jpg,1713,38,0.09164367406038124,0.022727272727272728,0.024317236375503086,0.0,0.0,0.0,2.0,5.0
iconclass-ai:76f20_038v.jpg,1713,2,0.03938373938586021,0.03571428571428571,0.018925518925518924,0.0,0.0,0.0,2.0,4.5
iconclass-ai:76f20_071r.jpg,1713,35,0.10062194956842774,0.01694915254237288,0.020921839833867792,0.0,0.0,0.0,4.0,5.0
iconclass-ai:76f20_105r.jpg,1713,34,0.04254335789666897,0.01020408163265306,0.016879423571060773,0.0,0.0,0.0,4.0,5.0
iconclass-ai:76f20_124r.jpg,1713,17,0.051514734144054906,0.01,0.009233774780905276,0.0,0.0,0.0,5.5,5.0
iconclass-ai:76f20_166v.jpg,1713,1,0.053322046332071354,0.00186219739292365,0.00186219739292365,0.0,0.0,0.0,2.0,5.0
iconclass-ai:76f20_168r.jpg,1713,0,0.03461892882446252,,,,,,1.0,4.0
iconclass-ai:76f20_172v.jpg,1713,14,0.14348801125489005,0.0064516129032258064,0.00940123104235822,0.0,0.0,0.0,2.5,6.0
iconclass-ai:76f20_174v.jpg,1713,8,0.06911317505033056,0.008849557522123894,0.005758189167410086,0.0,0.0,0.0,1.0,4.5
iconclass-ai:76f20_176v.jpg,1713,0,0.09194354857042093,,,,,,1.0,5.0
iconclass-ai:76f20_178v.jpg,1713,51,0.18354972901103087,0.2,0.04098175772726069,0.0,0.0196078431372549,0.0392156862745098,13.0,5.0
iconclass-ai:76f7_025v_min.jpg,1713,0,0.12638878455730085,,,,,,1.0,5.0
iconclass-ai:76f7_027v_min.jpg,1713,42,0.13640736281469937,0.008,0.01936263808305322,0.0,0.0,0.0,3.5,4.5
iconclass-ai:76f7_033v_min.jpg,1713,5,0.03420752111656913,0.005128205128205128,0.00364428360703077,0.0,0.0,0.0,2.0,6.0
iconclass-ai:76f7_054v_init.jpg,1713,36,0.1481510448557531,0.029411764705882353,0.022612217717993915,0.0,0.0,0.0,3.5,4.5
iconclass-ai:76f7_055r_init.jpg,1713,37,0.08883144846016584,0.047619047619047616,0.026003546437374247,0.0,0.0,0.0,2.5,5.5
iconclass-ai:76f7_059v_min.jpg,1713,2,0.013448110661048956,0.0012610340479192938,0.001309403649893116,0.0,0.0,0.0,3.0,5.0
iconclass-ai:76f7_069r_min.jpg,1713,3,0.029712264733328646,0.015625,0.006321553156021671,0.0,0.0,0.0,4.0,4.0
iconclass-ai:76f7_076v_min.jpg,1713,0,0.22771499080796323,,,,,,1.0,5.0
iconclass-ai:76f7_086v_init.jpg,1713,72,0.10554720177670103,0.06666666666666667,0.04863264256264397,0.0,0.0,0.0,7.0,5.0
iconclass-ai:76f7_102r_init_onder.jpg,1713,32,0.07362139546841988,0.025,0.02075774483543063,0.0,0.0,0.0,1.5,5.5
iconclass-ai:76f7_103r_init_boven.jpg,1713,32,0.04499387714992039,0.07692307692307693,0.02520239688790772,0.0,0.0,0.0,2.5,5.5
iconclass-ai:76f7_104r_init.jpg,1713,34,0.09638341432179096,0.058823529411764705,0.026352909460243552,0.0,0.0,0.0,3.0,6.0
iconclass-ai:76f7_158v_min.jpg,1713,9,0.06496068400952659,0.009345794392523364,0.005284428696394443,0.0,0.0,0.0,3.5,4.0
iconclass-ai:76g14_005r.jpg,1713,0,0.16768348363110147,,,,,,1.0,5.0
iconclass-ai:76g14_007r.jpg,1713,1,0.07953733999506697,0.0007293946024799417,0.0007293946024799417,0.0,0.0,0.0,1.0,5.0
iconclass-ai:76g14_007v.jpg,1713,3,0.203870599524921,0.007142857142857143,0.00513945181648252,0.0,0.0,0.0,4.0,4.0
iconclass-ai:76g14_008v.jpg,1713,3,0.14863738992438516,0.002188183807439825,0.002189145214659193,0.0,0.0,0.0,4.0,4.0
iconclass-ai:76g14_009v.jpg,1713,4,0.13274930879018498,0.005405405405405406,0.004493445961803429,0.0,0.0,0.0,5.0,4.0
iconclass-ai:76g14_012r.jpg,1713,1,0.22417954546665514,0.000700770847932726,0.000700770847932726,0.0,0.0,0.0,2.0,4.0
iconclass-ai:76g14_013r.jpg,1713,2,0.06878325520453192,0.001081081081081081,0.0011415020790020792,0.0,0.0,0.0,3.0,4.0
iconclass-ai:76g14_014r.jpg,1713,16,0.1301089336749958,0.2,0.025183288732217205,0.0,0.0625,0.0625,3.5,5.0
iconclass-ai:76g14_015v.jpg,1713,20,0.16456884654192094,0.1,0.0327558113696654,0.0,0.0,0.05,6.0,5.0
iconclass-ai:76g14_035r.jpg,1713,4,0.09128277503256745,0.004219409282700422,0.003886867380300485,0.0,0.0,0.0,3.0,4.5
iconclass-ai:76g14_061r.jpg,1713,0,0.051337387311579386,,,,,,1.0,5.0
iconclass-ai:76g14_080r.jpg,1713,0,0.04459833113655995,,,,,,1.0,7.0
iconclass-ai:76g14_088r.jpg,1713,1,0.0780931511301889,0.00205761316872428,0.00205761316872428,0.0,0.0,0.0,2.0,5.0
iconclass-ai:76g14_094r.jpg,1713,3,0.011664335590020761,0.000715307582260372,0.0012683599309821927,0.0,0.0,0.0,4.0,5.0
iconclass-ai:76g18_018v.jpg,1713,37,0.09711537069056204,0.006535947712418301,0.019991175675294515,0.0,0.0,0.0,3.0,5.0
iconclass-ai:76g18_019v.jpg,1713,38,0.054255005999449685,0.012048192771084338,0.0276454147264169,0.0,0.0,0.0,7.0,5.0
iconclass-ai:76g18_043r.jpg,1713,2,0.032913467221448625,0.004,0.0044570024570024565,0.0,0.0,0.0,1.0,5.0
iconclass-ai:76g2_003v_init.jpg,1713,32,0.06248684858264542,0.008130081300813009,0.016677079880487077,0.0,0.0,0.0,3.0,5.0
iconclass-ai:76g2_188v_init.jpg,1713,50,0.10924966304472035,0.009259259259259259,0.02687341017478906,0.0,0.0,0.0,4.0,6.0
iconclass-ai:76g2_310v_init.jpg,1713,33,0.013141559247780175,0.029411764705882353,0.027319127072622594,0.0,0.0,0.0,2.0,5.0
iconclass-ai:76g2_370v_init.jpg,1713,55,0.11236494536860608,0.021739130434782608,0.03712992711168718,0.0,0.0,0.0,5.0,5.0
iconclass-ai:76g2_381v_init.jpg,1713,32,0.0779072796294305,0.05263157894736842,0.023999230017965195,0.0,0.0,0.0,3.0,5.5
iconclass-ai:76g2_383v_init.jpg,1713,55,0.15212624872567687,0.3333333333333333,0.03843829524353709,0.0,0.01818181818181818,0.01818181818181818,5.0,5.0
iconclass-ai:76g2_384v_init.jpg,1713,55,0.11962939143537585,0.018518518518518517,0.03079836976574248,0.0,0.0,0.0,5.0,5.0
iconclass-ai:76g2_392v_init.jpg,1713,36,0.05047539076561851,0.016666666666666666,0.026009094853241706,0.0,0.0,0.0,3.0,5.0
iconclass-ai:77l60_018v_min.jpg,1713,41,0.135994084312575,0.027777777777777776,0.024763818049007135,0.0,0.0,0.0,7.0,4.5
iconclass-ai:77l60_036v_min.jpg,1713,1,0.04331952113741451,0.0015408320493066256,0.0015408320493066256,0.0,0.0,0.0,1.5,4.5
iconclass-ai:CESR_0009_114_img_01.jpg,1713,103,0.8192226946978893,0.03225806451612903,0.059121340157607824,0.0,0.0,0.0,3.0,4.0
iconclass-ai:CESR_0009_172_img_01.jpg,1713,145,0.7787388874171226,0.06666666666666667,0.08334228102788276,0.0,0.0,0.0,3.5,4.0
iconclass-ai:CESR_0009_237_img_01.jpg,1713,131,0.674173858360725,1.0,0.08230126801308034,0.007633587786259542,0.007633587786259542,0.007633587786259542,2.0,3.0
iconclass-ai:CESR_0009_410_img_01.jpg,1713,51,0.6000781995462576,0.06666666666666667,0.032773413677006584,0.0,0.0,0.0,2.5,4.0
iconclass-ai:CESR_0009_444_img_01.jpg,1713,82,0.6011302479046053,0.14285714285714285,0.06086148311712657,0.0,0.0,0.012195121951219513,1.5,4.0
iconclass-ai:alchab_26-8-med-2s_fac026.jpg,1713,5,0.024272351080426684,0.006535947712418301,0.00474093644750165,0.0,0.0,0.0,3.0,8.0
iconclass-ai:alchab_29-2-med-2f_fac009.jpg,1713,15,0.13300561912327136,0.022222222222222223,0.022216452402009753,0.0,0.0,0.0,1.0,4.0
iconclass-ai:alchab_li-51_fac026.jpg,1713,45,0.150504485912634,0.02564102564102564,0.029867447221987482,0.0,0.0,0.0,4.0,3.0
iconclass-ai:alchab_mf-2f-6-2b_fac0057.jpg,1713,5,0.09720380846876132,0.0031446540880503146,0.003259418124122835,0.0,0.0,0.0,1.0,9.0
iconclass-ai:alchab_mf-2f-6-2b_fac0061.jpg,1713,8,0.03861990122542379,0.004016064257028112,0.0049863889986672275,0.0,0.0,0.0,2.0,6.0
iconclass-ai:alchab_na-2f-3-2_fac026.jpg,1713,15,0.049901676354642016,0.058823529411764705,0.014188072422601707,0.0,0.0,0.0,8.5,4.0
iconclass-ai:alchab_na-2f-3-2_fac039.jpg,1713,20,0.1032603347517528,0.0625,0.03593217506707242,0.0,0.0,0.0,8.0,4.0
iconclass-ai:alchab_na-2f-3-2_fac047.jpg,1713,0,0.07771923682738098,,,,,,1.0,4.0
iconclass-ai:alchab_na-2f-3-2_fac048.jpg,1713,0,,,,,,,1.0,
iconclass-ai:alchab_na-2f-3-2_fac058.jpg,1713,0,,,,,,,1.0,
iconclass-ai:alchab_na-2f-3-2_fac061.jpg,1713,0,0.25185850916737923,,,,,,1.0,4.0
iconclass-ai:alchab_na-2f-3-2_fac062.jpg,1713,0,,,,,,,1.0,
iconclass-ai:alchab_na-2f-3-2_fac105.jpg,1713,16,0.11634983519689515,0.023255813953488372,0.011995560123701085,0.0,0.0,0.0,9.5,4.5
iconclass-ai:alchab_na-2f-3-2_fac107.jpg,1713,16,0.1040666431970649,0.1,0.03510077286153665,0.0,0.0,0.0625,9.5,4.5
iconclass-ai:alchab_na-2f-3-2_fac152.jpg,1713,1,0.0831270588965383,0.003003003003003003,0.003003003003003003,0.0,0.0,0.0,1.5,3.0
iconclass-ai:alchab_na-2f-3-2_fac213.jpg,1713,31,0.05314115550147754,0.01818181818181818,0.021459965388738005,0.0,0.0,0.0,9.0,4.5
iconclass-ai:alchab_na-2f-3-2_fac370.jpg,1713,1,0.23348053717769118,0.002857142857142857,0.002857142857142857,0.0,0.0,0.0,1.5,4.5
iconclass-ai:alchab_na-2f-3-2_fac411.jpg,1713,24,0.11502309313563822,0.021739130434782608,0.02199217942784466,0.0,0.0,0.0,7.5,4.0
iconclass-ai:alchab_na-2f-3-2_fac456.jpg,1713,22,0.20511641082176832,0.02702702702702703,0.02100289901454116,0.0,0.0,0.0,6.5,3.5
iconclass-ai:alchab_na-2f-3-2_fac462.jpg,1713,9,0.05776815303141616,0.011627906976744186,0.007399281641408525,0.0,0.0,0.0,2.0,6.0
iconclass-ai:alchab_na-2f-3-2_fac471.jpg,1713,18,0.2744750163491707,1.0,0.06941828285512947,0.05555555555555555,0.05555555555555555,0.05555555555555555,12.0,3.5
iconclass-ai:alchab_na-2f-3-2_fac487.jpg,1713,18,0.1539750477240494,0.022727272727272728,0.014581087997289136,0.0,0.0,0.0,5.0,3.5
iconclass-ai:alchab_nd-283-2s_fac051.jpg,1713,15,0.04389889563917429,0.012987012987012988,0.007693949132484476,0.0,0.0,0.0,9.0,4.5
iconclass-ai:alchab_nd-283-2s_fac175.jpg,1713,15,0.10064065246690755,0.1111111111111111,0.024987765946069506,0.0,0.0,0.06666666666666667,9.0,4.5
iconclass-ai:alchab_oc-77-2_fac0753.jpg,1713,1,0.12996958977574233,0.0009881422924901185,0.0009881422924901185,0.0,0.0,0.0,2.0,9.0
iconclass-ai:alchab_oc-77-2_fac0981.jpg,1713,22,0.02322062445854273,0.009259259259259259,0.012441797580979823,0.0,0.0,0.0,12.5,4.0
iconclass-ai:alchab_oc-77-2_fac1233.jpg,1713,16,0.3240057738930778,0.5,0.0850866568271795,0.0,0.125,0.125,7.0,3.0
iconclass-ai:alchab_oc-77-2_fac1252.jpg,1713,16,0.04158812982235266,0.015151515151515152,0.009792394560387956,0.0,0.0,0.0,7.0,3.0
iconclass-ai:alchab_oc-77-2_fac1265.jpg,1713,5,0.3013489906685377,1.0,0.20436155598472175,0.2,0.2,0.2,6.0,5.0
iconclass-ai:alchab_od-215_fac011.jpg,1713,32,0.11192565683343832,0.02702702702702703,0.020989520641676907,0.0,0.0,0.0,1.0,4.0
iconclass-ai:alchab_wa-2f-98_fac010.jpg,1713,3,0.12548969805165044,0.003875968992248062,0.004765445877328036,0.0,0.0,0.0,2.0,6.0
iconclass-ai:alchab_xb-3628_fac003.jpg,1713,15,0.12374805347214646,0.125,0.019252887741666547,0.0,0.0,0.06666666666666667,1.0,4.0
iconclass-ai:alchab_xb-3832_fac113.jpg,1713,5,0.060948364968651136,0.001440922190201729,0.002579689543353003,0.0,0.0,0.0,6.0,5.0
iconclass-ai:bsb00024923_12.jpg,1713,34,0.05989022282444744,0.016666666666666666,0.020515176883069686,0.0,0.0,0.0,5.0,4.0
iconclass-ai:bsb00024923_33.jpg,1713,40,0.17103823867779774,0.16666666666666666,0.027058120979837508,0.0,0.0,0.025,5.0,4.0
iconclass-ai:bsb00024923_34.jpg,1713,35,0.08161310199717214,0.09090909090909091,0.02600005397137652,0.0,0.0,0.0,4.0,4.0
iconclass-ai:bsb00024923_7.jpg,1713,81,0.09118070217508752,0.029411764705882353,0.05113328395658484,0.0,0.0,0.0,44.0,3.0
iconclass-ai:bsb00024923_8.jpg,1713,81,0.07978669455209268,0.08333333333333333,0.054200484391820715,0.0,0.0,0.0,44.0,3.0
iconclass-ai:bsb00025107_10.jpg,1713,0,0.18784885275161262,,,,,,1.0,4.0
iconclass-ai:bsb00025107_32.jpg,1713,0,0.24960240202265266,,,,,,1.0,5.0
iconclass-ai:bsb00025307_21.jpg,1713,4,0.10202604358676372,0.0029239766081871343,0.0026604076745035798,0.0,0.0,0.0,2.0,7.0
iconclass-ai:bsb00025307_7.jpg,1713,9,0.1493726659385608,0.005988023952095809,0.006559007061227933,0.0,0.0,0.0,2.0,3.0
iconclass-ai:bsb00025457_12.jpg,1713,0,0.2525782545058704,,,,,,1.0,3.0
iconclass-ai:bsb00025460_153.jpg,1713,2,0.020306207558223995,0.0012755102040816326,0.0012623647210289485,0.0,0.0,0.0,3.0,5.0
iconclass-ai:bsb00025460_234.jpg,1713,2,0.07419354101284122,0.017241379310344827,0.009988678711259965,0.0,0.0,0.0,3.0,3.0
iconclass-ai:bsb00025460_42.jpg,1713,3,0.08447756964097106,0.015625,0.006317647653349995,0.0,0.0,0.0,4.0,4.0
iconclass-ai:bsb00025460_7.jpg,1713,3,0.09770521527472271,0.001445086705202312,0.001666355147570404,0.0,0.0,0.0,2.5,4.5
iconclass-ai:bsb00025460_94.jpg,1713,2,0.0,0.0028653295128939827,0.004218180076781253,0.0,0.0,0.0,3.0,5.0
iconclass-ai:bsb00025600_129.jpg,1713,34,0.12759592356830343,0.05263157894736842,0.02537381597688907,0.0,0.0,0.0,4.0,4.0
iconclass-ai:bsb00025600_135.jpg,1713,34,0.12215206811417634,0.018867924528301886,0.021504124345802532,0.0,0.0,0.0,4.0,3.5
iconclass-ai:bsb00025600_154.jpg,1713,84,0.17205749269165563,0.2,0.04452999547900983,0.0,0.011904761904761904,0.011904761904761904,34.0,4.0
iconclass-ai:bsb00025600_238.jpg,1713,81,0.09839692670497381,0.023809523809523808,0.051346794712259225,0.0,0.0,0.0,44.0,3.0
iconclass-ai:bsb00025600_502.jpg,1713,47,0.1083292216072579,0.06666666666666667,0.03816094900129215,0.0,0.0,0.0,9.0,2.0
iconclass-ai:bsb00025600_548.jpg,1713,34,0.0702245506186102,0.047619047619047616,0.02416065973317679,0.0,0.0,0.0,19.5,3.0
iconclass-ai:bsb00025600_549.jpg,1713,33,0.046906685557950765,0.015151515151515152,0.024314194120063352,0.0,0.0,0.0,19.0,3.0
iconclass-ai:bsb00025600_56.jpg,1713,36,0.09599390867469416,0.008403361344537815,0.0187274854539048,0.0,0.0,0.0,5.0,4.0
iconclass-ai:bsb00025600_560.jpg,1713,33,0.07098166178841131,0.05,0.019033770311628617,0.0,0.0,0.0,18.5,3.0
iconclass-ai:bsb00025600_561.jpg,1713,46,0.08502653246727045,0.045454545454545456,0.02844821774981476,0.0,0.0,0.0,9.0,3.5
iconclass-ai:bsb00025600_564.jpg,1713,34,0.10521440762175646,0.015625,0.021315291527360305,0.0,0.0,0.0,4.5,2.0
iconclass-ai:bsb00025600_576.jpg,1713,34,0.05202878740070445,0.0136986301369863,0.021986283792540896,0.0,0.0,0.0,19.5,3.0
iconclass-ai:bsb00025600_578.jpg,1713,35,0.07583294397371039,0.010638297872340425,0.018099659325592033,0.0,0.0,0.0,20.0,3.0
iconclass-ai:bsb00025600_579.jpg,1713,46,0.20076976581519265,0.07692307692307693,0.025916131461189606,0.0,0.0,0.0,6.0,4.0
iconclass-ai:bsb00025600_585.jpg,1713,34,0.11633478884473741,0.011904761904761904,0.024908061108742118,0.0,0.0,0.0,19.5,3.0
iconclass-ai:bsb00025600_588.jpg,1713,33,0.11832283571507127,0.1,0.022569144286445898,0.0,0.0,0.030303030303030304,19.5,3.0
iconclass-ai:bsb00025600_600.jpg,1713,33,0.08400478748306786,0.03333333333333333,0.023669461751337658,0.0,0.0,0.0,19.0,3.0
iconclass-ai:bsb00025600_601.jpg,1713,33,0.09191421635629046,0.037037037037037035,0.020262576751049508,0.0,0.0,0.0,19.5,3.0
iconclass-ai:bsb00025600_602.jpg,1713,35,0.10523745710389867,0.010526315789473684,0.016374008392226892,0.0,0.0,0.0,19.0,3.0
iconclass-ai:bsb00025600_604.jpg,1713,35,0.1571154067395576,0.1111111111111111,0.024417504354701074,0.0,0.0,0.02857142857142857,19.0,3.0
iconclass-ai:bsb00025600_61.jpg,1713,81,0.1081147811256132,0.037037037037037035,0.0433325589661042,0.0,0.0,0.0,44.0,3.0
iconclass-ai:bsb00025600_638.jpg,1713,81,0.06837261133592351,0.07142857142857142,0.04747279171994536,0.0,0.0,0.0,44.0,3.0
iconclass-ai:bsb00025600_68.jpg,1713,36,0.06631730879333868,0.045454545454545456,0.021940122720358182,0.0,0.0,0.0,4.5,4.0
iconclass-ai:bsb00025600_69.jpg,1713,34,0.06158822876022047,0.01639344262295082,0.019906073021216008,0.0,0.0,0.0,5.0,4.0
iconclass-ai:bsb00025600_700.jpg,1713,34,0.12037913988237813,0.04,0.02191634468665821,0.0,0.0,0.0,4.0,4.0
iconclass-ai:bsb00025600_719.jpg,1713,34,0.14228298768194833,0.022727272727272728,0.02661225273836243,0.0,0.0,0.0,4.0,4.0
iconclass-ai:bsb00025600_723.jpg,1713,50,0.12204824754628028,0.09090909090909091,0.03636143287404125,0.0,0.0,0.0,9.0,5.0
iconclass-ai:bsb00025600_725.jpg,1713,75,0.11423910833589498,0.04,0.04596067661147353,0.0,0.0,0.0,12.5,4.5
iconclass-ai:bsb00025600_83.jpg,1713,35,0.06695531754487054,0.043478260869565216,0.024316158685061217,0.0,0.0,0.0,20.0,3.0
iconclass-ai:bsb00025969_257.jpg,1713,0,0.05990608742518959,,,,,,1.0,6.0
iconclass-ai:bsb00025969_261.jpg,1713,1,0.09424759343185889,0.001375515818431912,0.001375515818431912,0.0,0.0,0.0,2.0,6.0
iconclass-ai:bsb00025969_58.jpg,1713,2,0.12768445050590338,0.0009165902841429881,0.0012621536629718157,0.0,0.0,0.0,3.0,1.0
iconclass-ai:bsb00025969_687.jpg,1713,1,0.04035081129742343,0.0006531678641410843,0.0006531678641410843,0.0,0.0,0.0,2.0,5.0
iconclass-ai:bsb00026029_139.jpg,1713,1,0.12715521598125365,0.013888888888888888,0.013888888888888888,0.0,0.0,0.0,2.0,4.0
iconclass-ai:bsb00026029_447.jpg,1713,1,0.052142930060773945,0.0006472491909385113,0.0006472491909385113,0.0,0.0,0.0,2.0,5.0
iconclass-ai:bsb00026029_549.jpg,1713,0,0.04712289565770288,,,,,,1.0,5.0
iconclass-ai:bsb00026029_562.jpg,1713,0,0.13114162026056883,,,,,,1.0,6.0
iconclass-ai:bsb00026029_568.jpg,1713,0,0.09839397044833331,,,,,,1.0,5.0
iconclass-ai:bsb00026029_860.jpg,1713,1,0.1909443834513144,0.002777777777777778,0.002777777777777778,0.0,0.0,0.0,1.0,3.0
iconclass-ai:bsb00026117_13.jpg,1713,0,0.29628537875683203,,,,,,1.0,4.0
iconclass-ai:bsb00026461_190.jpg,1713,0,0.10499686388830662,,,,,,1.0,4.0
iconclass-ai:bsb00026461_197.jpg,1713,1,0.13701378108056697,0.0011627906976744186,0.0011627906976744186,0.0,0.0,0.0,2.0,4.0
iconclass-ai:bsb00026461_203.jpg,1713,1,0.1787553379643921,0.001184834123222749,0.001184834123222749,0.0,0.0,0.0,2.0,4.0
iconclass-ai:bsb00026461_37.jpg,1713,28,0.09010624599103897,0.015384615384615385,0.015143645013307944,0.0,0.0,0.0,15.0,3.0
iconclass-ai:bsb00026461_43.jpg,1713,28,0.07333933054528394,0.004132231404958678,0.018123568616922832,0.0,0.0,0.0,15.0,3.0
iconclass-ai:bsb00026697_116.jpg,1713,3,0.0694032334369028,0.0136986301369863,0.006290276845650808,0.0,0.0,0.0,4.0,3.0
iconclass-ai:bsb00026697_484.jpg,1713,4,0.10236773907907551,0.0025188916876574307,0.003029986951857489,0.0,0.0,0.0,3.0,4.0
iconclass-ai:bsb00026697_528.jpg,1713,0,0.041804979395707986,,,,,,1.0,6.0
iconclass-ai:bsb00026916_4.jpg,1713,2,0.09959323308088487,0.001095290251916758,0.0011372677674678128,0.0,0.0,0.0,2.0,3.5
iconclass-ai:bsb00027184_127.jpg,1713,9,0.27335617266294265,0.0017825311942959,0.004238781580262281,0.0,0.0,0.0,3.0,3.0
iconclass-ai:bsb00027184_133.jpg,1713,17,0.1958895172566397,0.07692307692307693,0.019721805496641293,0.0,0.0,0.0,7.0,5.0
iconclass-ai:bsb00027184_30.jpg,1713,29,0.14373897397229468,0.02127659574468085,0.02640759873553658,0.0,0.0,0.0,7.0,3.0
iconclass-ai:bsb00027184_52.jpg,1713,14,0.16154065008708426,0.004329004329004329,0.009229729418071589,0.0,0.0,0.0,7.0,4.0
iconclass-ai:bsb00027184_61.jpg,1713,6,0.15792093971781682,0.002242152466367713,0.003974328897642462,0.0,0.0,0.0,2.0,3.0
iconclass-ai:bsb00027184_74.jpg,1713,14,0.24468067633103455,0.004310344827586207,0.009076261153726301,0.0,0.0,0.0,7.0,4.0
iconclass-ai:bsb00027184_92.jpg,1713,15,0.2582277196659522,0.043478260869565216,0.011720774099853854,0.0,0.0,0.0,7.0,5.0
iconclass-ai:bsb00027260_115.jpg,1713,0,0.07997861938673655,,,,,,1.0,2.0
iconclass-ai:bsb00027260_122.jpg,1713,0,0.0705379228303678,,,,,,1.0,4.5
iconclass-ai:bsb00027260_128.jpg,1713,1,0.02533698430429616,0.001524390243902439,0.001524390243902439,0.0,0.0,0.0,1.5,5.0
iconclass-ai:bsb00027260_130.jpg,1713,2,0.043855187393017116,0.0018867924528301887,0.001694146977165845,0.0,0.0,0.0,1.0,4.0
iconclass-ai:bsb00027260_136.jpg,1713,6,0.08882620970649083,0.006711409395973154,0.0042603098509665085,0.0,0.0,0.0,3.0,4.0
iconclass-ai:bsb00027260_14.jpg,1713,0,0.1371371964864564,,,,,,1.0,6.5
iconclass-ai:bsb00027260_144.jpg,1713,0,0.223313994867566,,,,,,1.0,4.5
iconclass-ai:bsb00027260_17.jpg,1713,0,0.09256211072164251,,,,,,1.0,4.5
iconclass-ai:bsb00027260_20.jpg,1713,0,0.33933007503432044,,,,,,1.0,4.0
iconclass-ai:bsb00027260_209.jpg,1713,0,0.05096316737255511,,,,,,1.0,5.0
iconclass-ai:bsb00027260_215.jpg,1713,0,0.059512475945809086,,,,,,1.0,5.0
iconclass-ai:bsb00027260_237.jpg,1713,0,0.05502294157452004,,,,,,1.0,2.0
iconclass-ai:bsb00027260_287.jpg,1713,0,0.11732130291363117,,,,,,1.0,2.0
iconclass-ai:bsb00027260_291.jpg,1713,0,0.0889585401964176,,,,,,1.0,2.0
iconclass-ai:bsb00027260_303.jpg,1713,0,0.06388746967805836,,,,,,1.0,4.0
iconclass-ai:bsb00027260_32.jpg,1713,0,0.1941220263834955,,,,,,1.0,5.0
iconclass-ai:bsb00027260_325.jpg,1713,0,0.22125647891302133,,,,,,1.0,7.0
iconclass-ai:bsb00027260_329.jpg,1713,0,0.01923004920300042,,,,,,1.0,2.0
iconclass-ai:bsb00027260_345.jpg,1713,0,0.0739806144484302,,,,,,1.0,2.0
iconclass-ai:bsb00027260_355.jpg,1713,0,0.235966090572731,,,,,,1.0,5.0
iconclass-ai:bsb00027260_375.jpg,1713,0,0.08219917609582411,,,,,,1.0,2.0
iconclass-ai:bsb00027260_379.jpg,1713,1,0.12376534603606205,0.0014792899408284023,0.0014792899408284023,0.0,0.0,0.0,1.5,5.0
iconclass-ai:bsb00027260_380.jpg,1713,0,0.02120692939965057,,,,,,1.0,5.0
iconclass-ai:bsb00027260_388.jpg,1713,0,0.1487639058405727,,,,,,1.0,5.0
iconclass-ai:bsb00027260_399.jpg,1713,0,0.0,,,,,,1.0,5.0
iconclass-ai:bsb00027260_419.jpg,1713,0,0.07547547069807044,,,,,,1.0,4.0
iconclass-ai:bsb00027260_424.jpg,1713,2,0.08292991572014845,0.002066115702479339,0.002382585516556808,0.0,0.0,0.0,1.0,4.0
iconclass-ai:bsb00027260_427.jpg,1713,2,0.07761390769226514,0.0007178750897343862,0.000987078248384781,0.0,0.0,0.0,1.0,2.0
iconclass-ai:bsb00027260_428.jpg,1713,0,0.018635379327332724,,,,,,1.0,2.0
iconclass-ai:bsb00027260_430.jpg,1713,0,0.04737926274445867,,,,,,1.0,2.5
iconclass-ai:bsb00027260_46.jpg,1713,0,0.18797945916704906,,,,,,1.0,5.0
iconclass-ai:bsb00027260_460.jpg,1713,2,0.10493436843708412,0.008264462809917356,0.004758797820998778,0.0,0.0,0.0,1.0,2.0
iconclass-ai:bsb00027260_48.jpg,1713,0,0.07941459301837937,,,,,,1.0,5.0
iconclass-ai:bsb00027260_490.jpg,1713,0,0.14244374433928814,,,,,,1.0,2.0
iconclass-ai:bsb00027260_510.jpg,1713,1,0.05022123580550367,0.0018484288354898336,0.0018484288354898336,0.0,0.0,0.0,1.0,5.0
iconclass-ai:bsb00027260_517.jpg,1713,0,0.35960601784292795,,,,,,1.0,5.0
iconclass-ai:bsb00027260_554.jpg,1713,0,0.34142855706277575,,,,,,1.0,4.0
iconclass-ai:bsb00027260_559.jpg,1713,4,0.14998535973230934,0.011235955056179775,0.0052973610273062376,0.0,0.0,0.0,3.0,3.5
iconclass-ai:bsb00027260_572.jpg,1713,4,0.08743513048969058,0.030303030303030304,0.009030377391023468,0.0,0.0,0.0,3.0,4.0
iconclass-ai:bsb00027260_614.jpg,1713,0,0.12784537211370195,,,,,,1.0,2.0
iconclass-ai:bsb00027260_63.jpg,1713,0,0.24848643349281832,,,,,,1.0,5.0
iconclass-ai:bsb00027260_655.jpg,1713,0,0.07019506080997862,,,,,,1.0,2.0
iconclass-ai:bsb00027260_668.jpg,1713,0,0.03301376494471203,,,,,,1.0,4.5
iconclass-ai:bsb00027260_686.jpg,1713,1,0.035958563830277256,0.0007331378299120235,0.0007331378299120235,0.0,0.0,0.0,1.5,3.0
iconclass-ai:bsb00027260_691.jpg,1713,0,0.10260314278977124,,,,,,1.0,3.5
iconclass-ai:bsb00027260_705.jpg,1713,0,0.22009176629808017,,,,,,1.0,5.0
iconclass-ai:bsb00027260_707.jpg,1713,0,0.03658497698233343,,,,,,1.0,5.5
iconclass-ai:bsb00027260_709.jpg,1713,1,0.06988707566363629,0.00425531914893617,0.00425531914893617,0.0,0.0,0.0,1.5,3.5
iconclass-ai:bsb00027260_718.jpg,1713,0,0.03631547835810447,,,,,,1.0,2.0
iconclass-ai:bsb00027260_727.jpg,1713,2,0.056961846814937746,0.0029239766081871343,0.0023002112714028715,0.0,0.0,0.0,2.0,5.0
iconclass-ai:bsb00027260_736.jpg,1713,1,0.025737642108185042,0.0006807351940095302,0.0006807351940095302,0.0,0.0,0.0,2.0,4.0
iconclass-ai:bsb00027260_74.jpg,1713,0,0.06838336899787623,,,,,,1.0,4.0
iconclass-ai:bsb00027260_744.jpg,1713,1,0.15895624257145893,0.0006501950585175553,0.0006501950585175553,0.0,0.0,0.0,1.0,4.0
iconclass-ai:bsb00027260_763.jpg,1713,2,0.010073213432746987,0.001364256480218281,0.0013492396477142105,0.0,0.0,0.0,2.0,5.5
iconclass-ai:bsb00027260_764.jpg,1713,0,0.11135386030056098,,,,,,1.0,2.0
iconclass-ai:bsb00027260_94.jpg,1713,0,0.07654750400850273,,,,,,1.0,2.0
iconclass-ai:bsb00027260_98.jpg,1713,0,0.13013196369045346,,,,,,1.0,2.0
iconclass-ai:bsb00027261_153.jpg,1713,1,0.055063291893737834,0.0006626905235255136,0.0006626905235255136,0.0,0.0,0.0,2.0,4.0
iconclass-ai:bsb00027261_170.jpg,1713,0,0.06661302307843003,,,,,,1.0,4.0
iconclass-ai:bsb00027261_233.jpg,1713,0,0.03630318624598053,,,,,,1.0,4.5
iconclass-ai:bsb00027261_242.jpg,1713,0,0.09420148273679381,,,,,,1.0,4.0
iconclass-ai:bsb00027261_245.jpg,1713,0,0.03154832509113115,,,,,,1.0,2.0
iconclass-ai:bsb00027261_264.jpg,1713,0,0.09432504269917721,,,,,,1.0,4.0
iconclass-ai:bsb00027261_295.jpg,1713,5,0.2129246942490472,0.0024752475247524753,0.003729452530982788,0.0,0.0,0.0,3.5,4.5
iconclass-ai:bsb00027261_303.jpg,1713,1,0.04902794220908991,0.0008841732979664014,0.0008841732979664014,0.0,0.0,0.0,1.5,4.0
iconclass-ai:bsb00027261_307.jpg,1713,1,0.12739818877762119,0.0019157088122605363,0.0019157088122605363,0.0,0.0,0.0,2.0,4.0
iconclass-ai:bsb00027261_378.jpg,1713,2,0.020581680906825054,0.004329004329004329,0.003268254923884063,0.0,0.0,0.0,2.0,5.5
iconclass-ai:bsb00027261_384.jpg,1713,0,0.13592525595170885,,,,,,1.0,5.0
iconclass-ai:bsb00027261_387.jpg,1713,2,0.11241456673958751,0.007633587786259542,0.004598043893129771,0.0,0.0,0.0,2.5,5.5
iconclass-ai:bsb00027261_400.jpg,1713,4,0.0830478908780089,0.0019193857965451055,0.0024515320885567203,0.0,0.0,0.0,3.5,4.5
iconclass-ai:bsb00027261_416.jpg,1713,0,0.0,,,,,,1.0,4.0
iconclass-ai:bsb00027261_421.jpg,1713,0,0.011199752711239332,,,,,,1.0,2.5
iconclass-ai:bsb00027261_427.jpg,1713,1,0.048913911766605984,0.0006788866259334691,0.0006788866259334691,0.0,0.0,0.0,2.0,4.0
iconclass-ai:bsb00027261_445.jpg,1713,0,0.0510858705849726,,,,,,1.0,4.0
iconclass-ai:bsb00027261_462.jpg,1713,11,0.06017372567854029,0.014705882352941176,0.00553634169261489,0.0,0.0,0.0,6.5,3.5
iconclass-ai:bsb00027261_95.jpg,1713,1,0.120319944333762,0.0019569471624266144,0.0019569471624266144,0.0,0.0,0.0,2.0,4.0
iconclass-ai:bsb00027346_11.jpg,1713,0,0.0,,,,,,1.0,4.0
iconclass-ai:bsb00027346_146.jpg,1713,0,0.0328903847204686,,,,,,1.0,4.0
iconclass-ai:bsb00027346_208.jpg,1713,0,0.10997351442348949,,,,,,1.0,3.0
iconclass-ai:bsb00027346_211.jpg,1713,0,0.07756798421204829,,,,,,1.0,5.5
iconclass-ai:bsb00027346_72.jpg,1713,0,0.04925493724548418,,,,,,1.0,5.5
iconclass-ai:bsb00027346_86.jpg,1713,0,0.02521756702159674,,,,,,1.0,4.0
iconclass-ai:bsb00027477_103.jpg,1713,0,0.09080669066354148,,,,,,1.0,5.0
iconclass-ai:bsb00027477_105.jpg,1713,4,0.05364798484523575,0.0021598272138228943,0.0026441596813687536,0.0,0.0,0.0,3.0,5.0
iconclass-ai:bsb00027477_119.jpg,1713,4,0.0,0.005050505050505051,0.002738625564724749,0.0,0.0,0.0,3.0,5.0
iconclass-ai:bsb00027477_12.jpg,1713,4,0.027582461554315884,0.0064516129032258064,0.005571528257812204,0.0,0.0,0.0,3.0,5.0
iconclass-ai:bsb00027477_121.jpg,1713,0,0.10335263603828578,,,,,,1.0,4.0
iconclass-ai:bsb00027477_129.jpg,1713,2,0.02894268442401785,0.004651162790697674,0.003875968992248062,0.0,0.0,0.0,3.0,5.0
iconclass-ai:bsb00027477_132.jpg,1713,0,0.045460465756404986,,,,,,1.0,5.0
iconclass-ai:bsb00027477_136.jpg,1713,0,0.0378755321926442,,,,,,1.0,7.0
iconclass-ai:bsb00027477_38.jpg,1713,0,0.04762984776442223,,,,,,1.0,5.0
iconclass-ai:bsb00027477_47.jpg,1713,0,0.12156458082590534,,,,,,1.0,4.5
iconclass-ai:bsb00027477_82.jpg,1713,2,0.0719856618824566,0.02,0.010959692898272554,0.0,0.0,0.0,3.0,3.0
iconclass-ai:bsb00027477_9.jpg,1713,1,0.03398965155651434,0.0028653295128939827,0.0028653295128939827,0.0,0.0,0.0,2.0,5.0
iconclass-ai:bsb00027697_23.jpg,1713,21,0.05486252643406569,0.006993006993006993,0.0104180488459357,0.0,0.0,0.0,12.0,5.0
iconclass-ai:bsb00027697_34.jpg,1713,7,0.03938971370492679,0.004405286343612335,0.005802882848053284,0.0,0.0,0.0,4.5,4.5
iconclass-ai:bsb00027697_86.jpg,1713,1,0.1107174130485776,0.0006097560975609756,0.0006097560975609756,0.0,0.0,0.0,1.5,4.0
iconclass-ai:bsb00027852_107.jpg,1713,0,0.22437296234387727,,,,,,1.0,3.0
iconclass-ai:bsb00027852_118.jpg,1713,0,0.10611318298645729,,,,,,1.0,3.0
iconclass-ai:bsb00027852_119.jpg,1713,0,0.26562221319488444,,,,,,1.0,3.0
iconclass-ai:bsb00027852_127.jpg,1713,0,0.10487652780813608,,,,,,1.0,3.0
iconclass-ai:bsb00027852_131.jpg,1713,0,0.178010993620848,,,,,,1.0,3.0
iconclass-ai:bsb00027852_133.jpg,1713,0,0.1859926746508,,,,,,1.0,3.0
iconclass-ai:bsb00027852_134.jpg,1713,0,0.1557974531854406,,,,,,1.0,3.0
iconclass-ai:bsb00027852_136.jpg,1713,0,0.3520388736891371,,,,,,1.0,5.0
iconclass-ai:bsb00027852_144.jpg,1713,0,0.11280317428826771,,,,,,1.0,3.0
iconclass-ai:bsb00027852_155.jpg,1713,0,0.17181837999858635,,,,,,1.0,3.0
iconclass-ai:bsb00027852_157.jpg,1713,0,0.21951185560083045,,,,,,1.0,3.0
iconclass-ai:bsb00027852_159.jpg,1713,1,0.20183847841383645,0.041666666666666664,0.041666666666666664,0.0,0.0,0.0,2.0,5.0
iconclass-ai:bsb00027852_165.jpg,1713,0,0.3383458248196016,,,,,,1.0,4.0
iconclass-ai:bsb00027852_17.jpg,1713,0,0.1960995406301384,,,,,,1.0,3.0
iconclass-ai:bsb00027852_172.jpg,1713,0,0.17226940559264023,,,,,,1.0,5.0
iconclass-ai:bsb00027852_173.jpg,1713,0,0.14336887537035334,,,,,,1.0,3.0
iconclass-ai:bsb00027852_179.jpg,1713,0,0.14428750003268037,,,,,,1.0,3.0
iconclass-ai:bsb00027852_180.jpg,1713,0,0.048945522839256045,,,,,,1.0,3.0
iconclass-ai:bsb00027852_183.jpg,1713,0,0.06755157292593533,,,,,,1.0,3.0
iconclass-ai:bsb00027852_184.jpg,1713,0,0.06205790259165079,,,,,,1.0,3.0
iconclass-ai:bsb00027852_186.jpg,1713,1,0.12465270823147129,0.000657030223390276,0.000657030223390276,0.0,0.0,0.0,2.0,5.0
iconclass-ai:bsb00027852_191.jpg,1713,0,0.1128114881672177,,,,,,1.0,3.0
iconclass-ai:bsb00027852_192.jpg,1713,7,0.22617139797140653,0.0016286644951140066,0.003634349841731349,0.0,0.0,0.0,8.0,3.0
iconclass-ai:bsb00027852_198.jpg,1713,0,0.3221986341353233,,,,,,1.0,3.0
iconclass-ai:bsb00027852_201.jpg,1713,0,0.15523376944757716,,,,,,1.0,3.0
iconclass-ai:bsb00027852_203.jpg,1713,0,0.12056844913450408,,,,,,1.0,3.0
iconclass-ai:bsb00027852_204.jpg,1713,0,0.2874875191810452,,,,,,1.0,3.0
iconclass-ai:bsb00027852_206.jpg,1713,0,0.010603464699825283,,,,,,1.0,3.0
iconclass-ai:bsb00027852_209.jpg,1713,1,0.3263975546290229,0.0006165228113440197,0.0006165228113440197,0.0,0.0,0.0,2.0,5.0
iconclass-ai:bsb00027852_21.jpg,1713,0,0.18793432287272926,,,,,,1.0,3.0
iconclass-ai:bsb00027852_216.jpg,1713,0,0.10632090520695951,,,,,,1.0,3.0
iconclass-ai:bsb00027852_218.jpg,1713,0,0.09429764058551271,,,,,,1.0,6.0
iconclass-ai:bsb00027852_220.jpg,1713,0,0.03223242467401409,,,,,,1.0,3.0
iconclass-ai:bsb00027852_222.jpg,1713,0,0.33452980857053627,,,,,,1.0,5.0
iconclass-ai:bsb00027852_226.jpg,1713,0,0.07367598081229333,,,,,,1.0,3.0
iconclass-ai:bsb00027852_227.jpg,1713,0,0.16806247261920698,,,,,,1.0,4.0
iconclass-ai:bsb00027852_229.jpg,1713,0,0.18218025514165742,,,,,,1.0,2.0
iconclass-ai:bsb00027852_23.jpg,1713,0,0.11731266346691924,,,,,,1.0,3.0
iconclass-ai:bsb00027852_232.jpg,1713,0,0.27853829697989485,,,,,,1.0,3.0
iconclass-ai:bsb00027852_237.jpg,1713,0,0.10907536458442035,,,,,,1.0,3.0
iconclass-ai:bsb00027852_240.jpg,1713,0,0.19250655711265888,,,,,,1.0,4.0
iconclass-ai:bsb00027852_241.jpg,1713,0,0.02018025863033445,,,,,,1.0,4.0
iconclass-ai:bsb00027852_253.jpg,1713,0,0.09140876026598024,,,,,,1.0,3.0
iconclass-ai:bsb00027852_255.jpg,1713,0,0.1730611419512879,,,,,,1.0,3.0
iconclass-ai:bsb00027852_257.jpg,1713,0,0.1633191802680208,,,,,,1.0,2.0
iconclass-ai:bsb00027852_264.jpg,1713,0,0.14419448305902116,,,,,,1.0,3.0
iconclass-ai:bsb00027852_265.jpg,1713,7,0.07046484277223203,0.0051813471502590676,0.004453150580105027,0.0,0.0,0.0,8.0,3.0
iconclass-ai:bsb00027852_277.jpg,1713,1,0.06665421170560273,0.0009285051067780873,0.0009285051067780873,0.0,0.0,0.0,2.0,3.0
iconclass-ai:bsb00027852_278.jpg,1713,1,0.21988583302744114,0.0009191176470588235,0.0009191176470588235,0.0,0.0,0.0,2.0,3.0
iconclass-ai:bsb00027852_281.jpg,1713,0,0.12150585505539317,,,,,,1.0,3.0
iconclass-ai:bsb00027852_284.jpg,1713,0,0.3718360138005506,,,,,,1.0,3.0
iconclass-ai:bsb00027852_286.jpg,1713,7,0.25311217437895733,0.007575757575757576,0.0056607950781084855,0.0,0.0,0.0,8.0,3.0
iconclass-ai:bsb00027852_292.jpg,1713,1,0.13657639438584124,0.0008605851979345956,0.0008605851979345956,0.0,0.0,0.0,2.0,3.0
iconclass-ai:bsb00027852_293.jpg,1713,1,0.0930213196409371,0.0008936550491510277,0.0008936550491510277,0.0,0.0,0.0,2.0,3.0
iconclass-ai:bsb00027852_295.jpg,1713,1,0.027557309540434925,0.004830917874396135,0.004830917874396135,0.0,0.0,0.0,2.0,6.0
iconclass-ai:bsb00027852_299.jpg,1713,0,0.13751560781294445,,,,,,1.0,3.0
iconclass-ai:bsb00027852_301.jpg,1713,0,0.05006861516344658,,,,,,1.0,3.0
iconclass-ai:bsb00027852_302.jpg,1713,0,0.3325976388045916,,,,,,1.0,3.0
iconclass-ai:bsb00027852_306.jpg,1713,8,0.08803796976419224,0.017543859649122806,0.00837086038542147,0.0,0.0,0.0,9.0,6.0
iconclass-ai:bsb00027852_317.jpg,1713,0,0.07625872811402648,,,,,,1.0,3.0
iconclass-ai:bsb00027852_318.jpg,1713,0,0.09553925712198154,,,,,,1.0,3.0
iconclass-ai:bsb00027852_324.jpg,1713,0,0.1510233427447905,,,,,,1.0,3.0
iconclass-ai:bsb00027852_325.jpg,1713,0,0.14541694414452583,,,,,,1.0,3.0
iconclass-ai:bsb00027852_340.jpg,1713,1,0.1069692930585204,0.0008865248226950354,0.0008865248226950354,0.0,0.0,0.0,2.0,5.0
iconclass-ai:bsb00027852_342.jpg,1713,0,0.12395548955183051,,,,,,1.0,3.0
iconclass-ai:bsb00027852_346.jpg,1713,7,0.26473645373454563,0.004807692307692308,0.003716647966115589,0.0,0.0,0.0,8.0,3.0
iconclass-ai:bsb00027852_350.jpg,1713,0,0.2185757641811882,,,,,,1.0,3.0
iconclass-ai:bsb00027852_352.jpg,1713,0,0.12836470417337478,,,,,,1.0,3.0
iconclass-ai:bsb00027852_356.jpg,1713,0,0.03814212459590282,,,,,,1.0,3.0
iconclass-ai:bsb00027852_36.jpg,1713,0,0.08304500686251985,,,,,,1.0,3.0
iconclass-ai:bsb00027852_365.jpg,1713,0,0.05228383509779166,,,,,,1.0,3.0
iconclass-ai:bsb00027852_367.jpg,1713,0,0.2894226896669424,,,,,,1.0,3.0
iconclass-ai:bsb00027852_371.jpg,1713,0,0.13768756088123732,,,,,,1.0,5.0
iconclass-ai:bsb00027852_372.jpg,1713,0,0.290163874542714,,,,,,1.0,5.0
iconclass-ai:bsb00027852_374.jpg,1713,0,0.12497619948619909,,,,,,1.0,5.0
iconclass-ai:bsb00027852_377.jpg,1713,3,0.018341400007903966,0.006711409395973154,0.005659478049454572,0.0,0.0,0.0,4.0,5.0
iconclass-ai:bsb00027852_382.jpg,1713,0,0.0855695348316244,,,,,,1.0,3.0
iconclass-ai:bsb00027852_384.jpg,1713,0,0.033513099760298586,,,,,,1.0,3.0
iconclass-ai:bsb00027852_385.jpg,1713,7,0.16661959615702682,0.005076142131979695,0.005382044813188486,0.0,0.0,0.0,8.0,3.0
iconclass-ai:bsb00027852_387.jpg,1713,1,0.20759272470172602,0.030303030303030304,0.030303030303030304,0.0,0.0,0.0,2.0,6.0
iconclass-ai:bsb00027852_391.jpg,1713,0,0.24589426903625336,,,,,,1.0,5.0
iconclass-ai:bsb00027852_393.jpg,1713,7,0.1955663845487233,0.007874015748031496,0.006072781129203041,0.0,0.0,0.0,8.0,3.0
iconclass-ai:bsb00027852_401.jpg,1713,2,0.027691518115189405,0.002079002079002079,0.0017115440502537278,0.0,0.0,0.0,2.0,5.5
iconclass-ai:bsb00027852_402.jpg,1713,0,0.2582610227404324,,,,,,1.0,3.0
iconclass-ai:bsb00027852_406.jpg,1713,2,0.22746180808669986,0.0016207455429497568,0.0015885828882063959,0.0,0.0,0.0,3.0,5.0
iconclass-ai:bsb00027852_409.jpg,1713,0,0.24569443717288958,,,,,,1.0,6.0
iconclass-ai:bsb00027852_411.jpg,1713,24,0.08739267814484884,0.007042253521126761,0.01392103077550256,0.0,0.0,0.0,25.0,3.0
iconclass-ai:bsb00027852_416.jpg,1713,0,0.03971309906170459,,,,,,1.0,4.0
iconclass-ai:bsb00027852_424.jpg,1713,5,0.03759873614030899,0.002577319587628866,0.0027941774418456244,0.0,0.0,0.0,6.0,7.0
iconclass-ai:bsb00027852_425.jpg,1713,1,0.18510728302727963,0.0018083182640144665,0.0018083182640144665,0.0,0.0,0.0,2.0,6.0
iconclass-ai:bsb00027852_426.jpg,1713,7,0.08839653851754434,0.013157894736842105,0.0075691521839950345,0.0,0.0,0.0,8.0,4.0
iconclass-ai:bsb00027852_430.jpg,1713,2,0.06476467006280699,0.0011695906432748538,0.0016072902091629894,0.0,0.0,0.0,3.0,7.0
iconclass-ai:bsb00027852_432.jpg,1713,1,0.11779463556541132,0.0006353240152477764,0.0006353240152477764,0.0,0.0,0.0,2.0,7.0
iconclass-ai:bsb00027852_441.jpg,1713,1,0.08882598760001768,0.0018975332068311196,0.0018975332068311196,0.0,0.0,0.0,2.0,6.0
iconclass-ai:bsb00027852_445.jpg,1713,0,0.28225214066726345,,,,,,1.0,3.0
iconclass-ai:bsb00027852_446.jpg,1713,0,0.11509837632737839,,,,,,1.0,4.0
iconclass-ai:bsb00027852_447.jpg,1713,0,0.14204112714691486,,,,,,1.0,6.0
iconclass-ai:bsb00027852_456.jpg,1713,0,0.18405356542775525,,,,,,1.0,6.0
iconclass-ai:bsb00027852_458.jpg,1713,0,0.2282830236986943,,,,,,1.0,6.0
iconclass-ai:bsb00027852_459.jpg,1713,7,0.030318052281844938,0.004366812227074236,0.004489289621049777,0.0,0.0,0.0,8.0,4.0
iconclass-ai:bsb00027852_463.jpg,1713,0,0.19428663739515853,,,,,,1.0,4.0
iconclass-ai:bsb00027852_465.jpg,1713,0,0.20319409298523844,,,,,,1.0,6.0
iconclass-ai:bsb00027852_466.jpg,1713,1,0.09457596580302455,0.0010245901639344263,0.0010245901639344263,0.0,0.0,0.0,2.0,4.0
iconclass-ai:bsb00027852_467.jpg,1713,0,0.09625345033567037,,,,,,1.0,6.0
iconclass-ai:bsb00027852_469.jpg,1713,0,0.09747263085957998,,,,,,1.0,6.0
iconclass-ai:bsb00027852_470.jpg,1713,0,0.441634409411886,,,,,,1.0,6.0
iconclass-ai:bsb00027852_474.jpg,1713,7,0.0,0.017241379310344827,0.011300312750801221,0.0,0.0,0.0,8.0,4.0
iconclass-ai:bsb00027852_475.jpg,1713,5,0.035110792435101325,0.004166666666666667,0.0037010942684630953,0.0,0.0,0.0,6.0,7.0
iconclass-ai:bsb00027852_478.jpg,1713,0,0.0,,,,,,1.0,3.0
iconclass-ai:bsb00027852_481.jpg,1713,1,0.06991914267205203,0.0007215007215007215,0.0007215007215007215,0.0,0.0,0.0,2.0,5.0
iconclass-ai:bsb00027852_484.jpg,1713,0,0.1049748966458352,,,,,,1.0,5.0
iconclass-ai:bsb00027852_485.jpg,1713,1,0.13921407131520336,0.0017331022530329288,0.0017331022530329288,0.0,0.0,0.0,2.0,5.0
iconclass-ai:bsb00027852_486.jpg,1713,0,0.11328628290906011,,,,,,1.0,4.0
iconclass-ai:bsb00027852_487.jpg,1713,7,0.09268263944314291,0.01020408163265306,0.0055579770636681675,0.0,0.0,0.0,8.0,4.0
iconclass-ai:bsb00027852_49.jpg,1713,0,0.08618038547498431,,,,,,1.0,3.0
iconclass-ai:bsb00027852_492.jpg,1713,0,0.11978393187109983,,,,,,1.0,4.0
iconclass-ai:bsb00027852_498.jpg,1713,5,0.08461201154064753,0.0049504950495049506,0.004232020186122272,0.0,0.0,0.0,6.0,6.0
iconclass-ai:bsb00027852_50.jpg,1713,0,0.07772916219091057,,,,,,1.0,3.0
iconclass-ai:bsb00027852_500.jpg,1713,0,0.1638844951623492,,,,,,1.0,4.0
iconclass-ai:bsb00027852_502.jpg,1713,4,0.07181561471641781,0.022222222222222223,0.008152850104164442,0.0,0.0,0.0,3.0,3.5
iconclass-ai:bsb00027852_503.jpg,1713,1,0.08832807259619828,0.0006711409395973154,0.0006711409395973154,0.0,0.0,0.0,2.0,4.0
iconclass-ai:bsb00027852_504.jpg,1713,0,0.12045899776139812,,,,,,1.0,4.0
iconclass-ai:bsb00027852_505.jpg,1713,1,0.14310339277346976,0.006944444444444444,0.006944444444444444,0.0,0.0,0.0,2.0,6.0
iconclass-ai:bsb00027852_508.jpg,1713,0,0.19451030793472893,,,,,,1.0,4.0
iconclass-ai:bsb00027852_509.jpg,1713,3,0.0794790998378334,0.022727272727272728,0.010592496372052935,0.0,0.0,0.0,4.0,3.0
iconclass-ai:bsb00027852_51.jpg,1713,0,,,,,,,1.0,
iconclass-ai:bsb00027852_512.jpg,1713,0,0.24749634763232314,,,,,,1.0,5.0
iconclass-ai:bsb00027852_513.jpg,1713,1,0.1832399497644635,0.005813953488372093,0.005813953488372093,0.0,0.0,0.0,2.0,7.0
iconclass-ai:bsb00027852_514.jpg,1713,1,0.08164096716585068,0.0006455777921239509,0.0006455777921239509,0.0,0.0,0.0,2.0,4.0
iconclass-ai:bsb00027852_516.jpg,1713,3,0.11133874732251418,0.007518796992481203,0.006812703686523818,0.0,0.0,0.0,4.0,6.0
iconclass-ai:bsb00027852_522.jpg,1713,0,0.11802778561412468,,,,,,1.0,3.0
iconclass-ai:bsb00027852_526.jpg,1713,0,0.11604572158412373,,,,,,1.0,6.0
iconclass-ai:bsb00027852_528.jpg,1713,0,0.296784989962574,,,,,,1.0,5.0
iconclass-ai:bsb00027852_531.jpg,1713,3,0.1613389402488863,0.022222222222222223,0.00887325504911105,0.0,0.0,0.0,4.0,3.0
iconclass-ai:bsb00027852_534.jpg,1713,0,0.22683019240416213,,,,,,1.0,4.0
iconclass-ai:bsb00027852_539.jpg,1713,0,0.23715552567797002,,,,,,1.0,6.0
iconclass-ai:bsb00027852_542.jpg,1713,0,0.2653749680739096,,,,,,1.0,6.0
iconclass-ai:bsb00027852_544.jpg,1713,0,0.0950026370125097,,,,,,1.0,4.0
iconclass-ai:bsb00027852_545.jpg,1713,1,0.09345621739461181,0.002512562814070352,0.002512562814070352,0.0,0.0,0.0,2.0,6.0
iconclass-ai:bsb00027852_548.jpg,1713,0,0.15856353242089863,,,,,,1.0,7.0
iconclass-ai:bsb00027852_549.jpg,1713,0,0.07072296863290595,,,,,,1.0,4.0
iconclass-ai:bsb00027852_556.jpg,1713,0,0.04204271547092668,,,,,,1.0,3.0
iconclass-ai:bsb00027852_558.jpg,1713,0,0.2054083111451767,,,,,,1.0,4.0
iconclass-ai:bsb00027852_559.jpg,1713,13,0.08250607066152384,0.0072992700729927005,0.008166455134188415,0.0,0.0,0.0,14.0,3.0
iconclass-ai:bsb00027852_56.jpg,1713,0,0.2458624408595395,,,,,,1.0,5.0
iconclass-ai:bsb00027852_561.jpg,1713,0,0.18394462942228573,,,,,,1.0,4.0
iconclass-ai:bsb00027852_562.jpg,1713,13,0.15080506390782253,0.02631578947368421,0.01063828960454075,0.0,0.0,0.0,14.0,3.0
iconclass-ai:bsb00027852_567.jpg,1713,0,0.2357421398850799,,,,,,1.0,6.0
iconclass-ai:bsb00027852_57.jpg,1713,0,0.283446588697752,,,,,,1.0,5.0
iconclass-ai:bsb00027852_577.jpg,1713,13,0.11680013813782643,0.002890173410404624,0.006579456931872303,0.0,0.0,0.0,14.0,3.0
iconclass-ai:bsb00027852_578.jpg,1713,0,0.24404575933296246,,,,,,1.0,6.0
iconclass-ai:bsb00027852_580.jpg,1713,1,0.17291484880566008,0.0009891196834817012,0.0009891196834817012,0.0,0.0,0.0,2.0,4.0
iconclass-ai:bsb00027852_583.jpg,1713,0,0.14599225744904837,,,,,,1.0,4.0
iconclass-ai:bsb00027852_585.jpg,1713,0,0.06828046352541839,,,,,,1.0,4.0
iconclass-ai:bsb00027852_586.jpg,1713,13,0.06554156418125474,0.024390243902439025,0.01311470188528757,0.0,0.0,0.0,14.0,3.0
iconclass-ai:bsb00027852_587.jpg,1713,13,0.11410738333606939,0.03225806451612903,0.01858542593458306,0.0,0.0,0.0,14.0,3.0
iconclass-ai:bsb00027852_589.jpg,1713,13,0.06161078096483368,0.005263157894736842,0.005918759009617901,0.0,0.0,0.0,14.0,3.0
iconclass-ai:bsb00027852_593.jpg,1713,1,0.08415397681927146,0.014492753623188406,0.014492753623188406,0.0,0.0,0.0,2.0,6.0
iconclass-ai:bsb00027852_596.jpg,1713,0,0.14101735590670159,,,,,,1.0,4.0
iconclass-ai:bsb00027852_60.jpg,1713,0,0.129081127900819,,,,,,1.0,3.0
iconclass-ai:bsb00027852_600.jpg,1713,13,0.05079700411218735,0.006802721088435374,0.007384942432268491,0.0,0.0,0.0,14.0,3.0
iconclass-ai:bsb00027852_601.jpg,1713,4,0.10364833001419538,0.005681818181818182,0.007807999603318328,0.0,0.0,0.0,5.0,4.0
iconclass-ai:bsb00027852_603.jpg,1713,14,0.055573881697445905,0.07692307692307693,0.014342318914122562,0.0,0.0,0.0,8.0,3.0
iconclass-ai:bsb00027852_605.jpg,1713,5,0.09885760575515622,0.004651162790697674,0.0032412203415658433,0.0,0.0,0.0,3.5,5.0
iconclass-ai:bsb00027852_606.jpg,1713,5,0.08607414043709923,0.0024630541871921183,0.0034837442764447508,0.0,0.0,0.0,6.0,6.0
iconclass-ai:bsb00027852_609.jpg,1713,0,0.10128479109592349,,,,,,1.0,4.0
iconclass-ai:bsb00027852_611.jpg,1713,3,0.14578847974277304,0.07692307692307693,0.03357853276020215,0.0,0.0,0.0,2.5,4.0
iconclass-ai:bsb00027852_612.jpg,1713,0,0.1340024836572262,,,,,,1.0,4.0
iconclass-ai:bsb00027852_616.jpg,1713,0,0.21589692469135824,,,,,,1.0,6.0
iconclass-ai:bsb00027852_619.jpg,1713,1,0.27513353573849236,0.004405286343612335,0.004405286343612335,0.0,0.0,0.0,2.0,2.0
iconclass-ai:bsb00027852_627.jpg,1713,0,0.2537812590462021,,,,,,1.0,4.0
iconclass-ai:bsb00027852_629.jpg,1713,5,0.023672041137042618,0.0022522522522522522,0.0027171036794375897,0.0,0.0,0.0,6.0,6.0
iconclass-ai:bsb00027852_631.jpg,1713,6,0.060800862621107676,0.011111111111111112,0.006456569005530252,0.0,0.0,0.0,7.0,4.0
iconclass-ai:bsb00027852_634.jpg,1713,0,0.05866522229052972,,,,,,1.0,4.0
iconclass-ai:bsb00027852_636.jpg,1713,0,0.02939935086700325,,,,,,1.0,6.0
iconclass-ai:bsb00027852_639.jpg,1713,6,0.11596440696833646,0.0022172949002217295,0.0036271649970910226,0.0,0.0,0.0,7.0,4.0
iconclass-ai:bsb00027852_64.jpg,1713,0,0.106200375294779,,,,,,1.0,3.0
iconclass-ai:bsb00027852_640.jpg,1713,0,0.09298806391070773,,,,,,1.0,4.0
iconclass-ai:bsb00027852_646.jpg,1713,1,0.2546791931992895,0.005076142131979695,0.005076142131979695,0.0,0.0,0.0,2.0,2.0
iconclass-ai:bsb00027852_648.jpg,1713,1,0.12027505688352672,0.0007507507507507507,0.0007507507507507507,0.0,0.0,0.0,2.0,4.0
iconclass-ai:bsb00027852_649.jpg,1713,0,,,,,,,1.0,
iconclass-ai:bsb00027852_651.jpg,1713,0,0.10624076253516837,,,,,,1.0,4.0
iconclass-ai:bsb00027852_654.jpg,1713,1,0.12140995634960262,0.000725689404934688,0.000725689404934688,0.0,0.0,0.0,2.0,4.0
iconclass-ai:bsb00027852_661.jpg,1713,0,0.05684809418336242,,,,,,1.0,4.0
iconclass-ai:bsb00027852_663.jpg,1713,1,0.17736119256197086,0.0006635700066357001,0.0006635700066357001,0.0,0.0,0.0,2.0,5.0
iconclass-ai:bsb00027852_667.jpg,1713,0,0.11515547432337946,,,,,,1.0,1.0
iconclass-ai:bsb00027852_668.jpg,1713,1,0.10234969710936906,0.000855431993156544,0.000855431993156544,0.0,0.0,0.0,2.0,5.0
iconclass-ai:bsb00027852_670.jpg,1713,6,0.09570201772606038,0.010309278350515464,0.00493859159167479,0.0,0.0,0.0,7.0,4.0
iconclass-ai:bsb00027852_69.jpg,1713,0,0.04749697975227858,,,,,,1.0,3.0
iconclass-ai:bsb00027852_71.jpg,1713,0,0.02366984286293784,,,,,,1.0,3.0
iconclass-ai:bsb00027852_73.jpg,1713,0,0.12110072557757867,,,,,,1.0,3.0
iconclass-ai:bsb00027852_74.jpg,1713,0,0.2613589724789702,,,,,,1.0,5.0
iconclass-ai:bsb00027852_76.jpg,1713,0,0.05845824843751475,,,,,,1.0,3.0
iconclass-ai:bsb00027852_77.jpg,1713,2,0.10454990191271167,0.0016207455429497568,0.0016799379888661828,0.0,0.0,0.0,3.0,5.0
iconclass-ai:bsb00027852_82.jpg,1713,0,0.12254672789808314,,,,,,1.0,3.0
iconclass-ai:bsb00027852_85.jpg,1713,0,0.18456042242891016,,,,,,1.0,3.0
iconclass-ai:bsb00027852_89.jpg,1713,0,0.1906347836157726,,,,,,1.0,3.0
iconclass-ai:bsb00027852_90.jpg,1713,0,0.188934086197611,,,,,,1.0,6.0
iconclass-ai:bsb00027852_92.jpg,1713,0,0.10952953425367488,,,,,,1.0,3.0
iconclass-ai:bsb00027852_94.jpg,1713,0,0.09818214607516523,,,,,,1.0,3.0
iconclass-ai:bsb00027852_98.jpg,1713,0,0.21407244720353055,,,,,,1.0,5.0
iconclass-ai:bsb00027852_99.jpg,1713,0,0.2048467002496981,,,,,,1.0,3.0
iconclass-ai:bsb00027894_17.jpg,1713,3,0.0433130678932482,0.002331002331002331,0.0020206390443282944,0.0,0.0,0.0,4.0,4.0
iconclass-ai:bsb00027894_18.jpg,1713,3,0.15033571469184218,0.0053475935828877,0.0038430535003800216,0.0,0.0,0.0,4.0,4.0
iconclass-ai:bsb00027894_22.jpg,1713,5,0.039257508905529835,0.002881844380403458,0.003282470139883739,0.0,0.0,0.0,6.0,4.0
iconclass-ai:bsb00027894_23.jpg,1713,4,0.06570079985937571,0.0023923444976076554,0.002516790571345469,0.0,0.0,0.0,5.0,4.0
iconclass-ai:bsb00027894_31.jpg,1713,6,0.12677640833262338,0.023255813953488372,0.011004361128487614,0.0,0.0,0.0,7.0,3.0
iconclass-ai:bsb00027894_34.jpg,1713,6,0.135662290782884,0.125,0.02661888249312391,0.0,0.0,0.16666666666666666,4.0,4.0
iconclass-ai:bsb00027894_48.jpg,1713,6,0.0815927689014372,0.0036231884057971015,0.0039989055069534,0.0,0.0,0.0,7.0,3.0
iconclass-ai:bsb00027894_53.jpg,1713,6,0.150549544553617,0.0038461538461538464,0.004119667560072745,0.0,0.0,0.0,4.0,4.5
iconclass-ai:bsb00027894_54.jpg,1713,8,0.0900793514769131,0.002652519893899204,0.004363745373106273,0.0,0.0,0.0,5.0,4.5
iconclass-ai:bsb00027894_57.jpg,1713,0,0.20308487793712734,,,,,,1.0,3.5
iconclass-ai:bsb00027894_58.jpg,1713,0,0.15676528517439237,,,,,,1.0,5.0
iconclass-ai:bsb00027894_59.jpg,1713,6,0.16354982471116622,0.1,0.025548931005219586,0.0,0.0,0.16666666666666666,7.0,3.0
iconclass-ai:bsb00027894_76.jpg,1713,2,0.09353705881358526,0.0009140767824497258,0.0011368480445219397,0.0,0.0,0.0,2.0,4.5
iconclass-ai:bsb00027894_77.jpg,1713,3,0.15362271998209245,0.0036101083032490976,0.003502390303651594,0.0,0.0,0.0,2.5,4.5
iconclass-ai:bsb00027894_84.jpg,1713,0,0.22285716481570517,,,,,,1.0,4.0
iconclass-ai:bsb00027948_100.jpg,1713,8,0.10399935959911491,0.004484304932735426,0.006410533931709405,0.0,0.0,0.0,8.0,5.0
iconclass-ai:bsb00027948_112.jpg,1713,8,0.0,0.0029069767441860465,0.005175953604664863,0.0,0.0,0.0,5.0,4.0
iconclass-ai:bsb00027948_122.jpg,1713,8,0.06411059014931059,0.0034129692832764505,0.0055482684372387524,0.0,0.0,0.0,5.0,3.0
iconclass-ai:bsb00027948_130.jpg,1713,7,0.048264620319422295,0.0017574692442882249,0.003037347326965196,0.0,0.0,0.0,5.5,4.5
iconclass-ai:bsb00027948_32.jpg,1713,8,0.06480929416930449,0.0049261083743842365,0.006027004754501465,0.0,0.0,0.0,8.0,5.0
iconclass-ai:bsb00027948_53.jpg,1713,8,0.11483288526984194,0.0036231884057971015,0.004539038894426563,0.0,0.0,0.0,8.0,5.0
iconclass-ai:bsb00027948_72.jpg,1713,8,0.008281777931798628,0.001937984496124031,0.0036597117356140883,0.0,0.0,0.0,8.0,5.0
iconclass-ai:bsb00029085_113.jpg,1713,8,0.02314374064559242,0.010101010101010102,0.0060091947799454735,0.0,0.0,0.0,8.0,5.0
iconclass-ai:bsb00029085_138.jpg,1713,7,0.06826001941503466,0.0024096385542168677,0.0032221882697894143,0.0,0.0,0.0,4.5,5.5
iconclass-ai:bsb00029085_141.jpg,1713,7,0.1151031681218797,0.0029069767441860465,0.004424663031679528,0.0,0.0,0.0,5.5,4.5
iconclass-ai:bsb00029085_183.jpg,1713,7,0.08517202453353973,0.006535947712418301,0.004823519393384138,0.0,0.0,0.0,5.5,4.5
iconclass-ai:bsb00029085_44.jpg,1713,8,0.03181039409947586,0.003003003003003003,0.004919602016605928,0.0,0.0,0.0,8.0,5.0
iconclass-ai:bsb00029085_81.jpg,1713,8,0.04617064070081558,0.011494252873563218,0.006409346146293288,0.0,0.0,0.0,8.0,5.0
iconclass-ai:bsb00029086_47.jpg,1713,30,0.08275800890727875,0.0048543689320388345,0.013799420358280527,0.0,0.0,0.0,17.0,5.5
iconclass-ai:bsb00029086_89.jpg,1713,1,0.18299539954591917,0.0016155088852988692,0.0016155088852988692,0.0,0.0,0.0,2.0,5.0
iconclass-ai:bsb00029223_114.jpg,1713,0,0.16768044422793577,,,,,,1.0,3.0
iconclass-ai:bsb00029223_136.jpg,1713,1,0.10508241649202259,0.041666666666666664,0.041666666666666664,0.0,0.0,0.0,2.0,5.0
iconclass-ai:bsb00029223_150.jpg,1713,0,0.08319040720077484,,,,,,1.0,6.0
iconclass-ai:bsb00029223_178.jpg,1713,0,0.053515417560426805,,,,,,1.0,3.0
iconclass-ai:bsb00029223_18.jpg,1713,0,0.1522187035610359,,,,,,1.0,3.0
iconclass-ai:bsb00029223_192.jpg,1713,1,0.21640416944920302,0.0006180469715698393,0.0006180469715698393,0.0,0.0,0.0,2.0,5.0
iconclass-ai:bsb00029223_194.jpg,1713,0,0.09011252748618453,,,,,,1.0,3.0
iconclass-ai:bsb00029223_202.jpg,1713,0,0.29229377512878874,,,,,,1.0,3.0
iconclass-ai:bsb00029223_212.jpg,1713,0,0.0309256788034072,,,,,,1.0,3.0
iconclass-ai:bsb00029223_22.jpg,1713,0,0.23860851464193292,,,,,,1.0,3.0
iconclass-ai:bsb00029223_228.jpg,1713,0,0.09487224786342907,,,,,,1.0,3.0
iconclass-ai:bsb00029223_24.jpg,1713,0,0.054334165336367056,,,,,,1.0,3.0
iconclass-ai:bsb00029223_240.jpg,1713,8,0.09305281695098522,0.005917159763313609,0.0072672059296899115,0.0,0.0,0.0,9.0,6.0
iconclass-ai:bsb00029223_258.jpg,1713,0,0.03950502632648213,,,,,,1.0,3.0
iconclass-ai:bsb00029223_262.jpg,1713,1,0.1017878763216247,0.0008976660682226212,0.0008976660682226212,0.0,0.0,0.0,2.0,5.0
iconclass-ai:bsb00029223_264.jpg,1713,0,0.29405320179176964,,,,,,1.0,3.0
iconclass-ai:bsb00029223_278.jpg,1713,0,0.26488701184048974,,,,,,1.0,5.0
iconclass-ai:bsb00029223_280.jpg,1713,2,0.0726644060794303,0.003067484662576687,0.0037076553747666047,0.0,0.0,0.0,3.0,6.0
iconclass-ai:bsb00029223_286.jpg,1713,0,0.13721976734091246,,,,,,1.0,3.0
iconclass-ai:bsb00029223_304.jpg,1713,1,0.08564631216931569,0.02702702702702703,0.02702702702702703,0.0,0.0,0.0,2.0,6.0
iconclass-ai:bsb00029223_308.jpg,1713,1,0.14138666847302334,0.001091703056768559,0.001091703056768559,0.0,0.0,0.0,2.0,5.0
iconclass-ai:bsb00029223_32.jpg,1713,0,0.1329022480814227,,,,,,1.0,3.0
iconclass-ai:bsb00029223_72.jpg,1713,0,0.1898188024171547,,,,,,1.0,3.0
iconclass-ai:bsb00029223_82.jpg,1713,0,0.1933880307297635,,,,,,1.0,3.0
iconclass-ai:bsb00029223_92.jpg,1713,2,0.08452068100541754,0.0023584905660377358,0.003288949924369079,0.0,0.0,0.0,3.0,6.0
iconclass-ai:bsb00029232_112.jpg,1713,1,0.008617124033595524,0.0023584905660377358,0.0023584905660377358,0.0,0.0,0.0,1.5,3.5
iconclass-ai:bsb00029232_230.jpg,1713,0,0.07243397882928333,,,,,,1.0,4.0
iconclass-ai:bsb00029232_320.jpg,1713,0,0.07529664102835183,,,,,,1.0,2.0
iconclass-ai:bsb00029232_359.jpg,1713,1,0.044068313965561726,0.0012610340479192938,0.0012610340479192938,0.0,0.0,0.0,1.0,2.0
iconclass-ai:bsb00029232_404.jpg,1713,0,0.11879174785094526,,,,,,1.0,6.0
iconclass-ai:bsb00029232_414.jpg,1713,0,0.37439260661344004,,,,,,1.0,4.0
iconclass-ai:bsb00029232_434.jpg,1713,1,0.27300662576706725,0.0011947431302270011,0.0011947431302270011,0.0,0.0,0.0,1.5,5.0
iconclass-ai:bsb00029232_439.jpg,1713,2,0.05289738533714265,0.006944444444444444,0.004262736056214317,0.0,0.0,0.0,2.5,5.5
iconclass-ai:bsb00029232_449.jpg,1713,4,0.0562919331264394,0.002066115702479339,0.00283937767509065,0.0,0.0,0.0,3.5,4.5
iconclass-ai:bsb00029232_470.jpg,1713,4,0.04529908508327555,0.0012004801920768306,0.0021497264128541743,0.0,0.0,0.0,3.0,4.5
iconclass-ai:bsb00029232_503.jpg,1713,11,0.06784993592498773,0.005291005291005291,0.007171932512579551,0.0,0.0,0.0,6.5,3.5
iconclass-ai:bsb00029232_51.jpg,1713,0,0.3133853482727692,,,,,,1.0,4.0
iconclass-ai:bsb00029232_68.jpg,1713,4,0.036153221425951884,0.002008032128514056,0.0029767460037256437,0.0,0.0,0.0,3.0,5.5
iconclass-ai:bsb00029471_5.jpg,1713,2,0.1519198812958343,0.0011025358324145535,0.001146506011445372,0.0,0.0,0.0,2.0,4.0
iconclass-ai:bsb00029502_133.jpg,1713,0,0.08187528458284463,,,,,,1.0,4.0
iconclass-ai:bsb00029502_135.jpg,1713,0,0.06041215843550985,,,,,,1.0,6.0
iconclass-ai:bsb00029502_138.jpg,1713,1,0.08391269645167033,0.0014577259475218659,0.0014577259475218659,0.0,0.0,0.0,2.0,5.0
iconclass-ai:bsb00029502_146.jpg,1713,2,0.014923361646911304,0.004291845493562232,0.002858681121692021,0.0,0.0,0.0,3.0,5.0
iconclass-ai:bsb00029502_166.jpg,1713,0,0.11043111796696911,,,,,,1.0,5.0
iconclass-ai:bsb00029502_168.jpg,1713,0,0.20952667951313442,,,,,,1.0,4.0
iconclass-ai:bsb00029502_170.jpg,1713,0,0.1336618023120171,,,,,,1.0,4.0
iconclass-ai:bsb00029502_174.jpg,1713,1,0.060739117545702485,0.001851851851851852,0.001851851851851852,0.0,0.0,0.0,2.0,5.0
iconclass-ai:bsb00029502_180.jpg,1713,0,0.05869113767948804,,,,,,1.0,0.0
iconclass-ai:bsb00029502_191.jpg,1713,0,0.12637597858724786,,,,,,1.0,4.0
iconclass-ai:bsb00029502_4.jpg,1713,1,0.25884113982881174,0.14285714285714285,0.14285714285714285,0.0,0.0,1.0,1.5,4.0
iconclass-ai:bsb00029709_117.jpg,1713,5,0.2143331810980469,0.008130081300813009,0.0040010242194340375,0.0,0.0,0.0,6.0,3.0
iconclass-ai:bsb00029709_135.jpg,1713,5,0.12470992630657778,0.001984126984126984,0.0030921927909217145,0.0,0.0,0.0,6.0,3.0
iconclass-ai:bsb00029709_4.jpg,1713,2,0.20860789460439455,0.0005963029218843172,0.0008902177723690383,0.0,0.0,0.0,2.0,4.0
iconclass-ai:bsb00029709_81.jpg,1713,5,0.096997014186975,0.0026666666666666666,0.0029859163664638644,0.0,0.0,0.0,6.0,3.0
iconclass-ai:bsb00030084_100.jpg,1713,15,0.09988779750279682,0.010101010101010102,0.011010073333378296,0.0,0.0,0.0,8.5,4.0
iconclass-ai:bsb00030084_107.jpg,1713,0,0.03615195146471658,,,,,,1.0,4.0
iconclass-ai:bsb00030084_126.jpg,1713,15,0.11694151727070043,0.021739130434782608,0.013643540294345662,0.0,0.0,0.0,8.5,4.5
iconclass-ai:bsb00030084_53.jpg,1713,15,0.028703306120553832,0.002207505518763797,0.006856797601934183,0.0,0.0,0.0,8.5,5.0
iconclass-ai:bsb00030084_86.jpg,1713,38,0.07928317610192774,0.013513513513513514,0.01857379349415251,0.0,0.0,0.0,14.0,4.0
iconclass-ai:bsb00031043_294.jpg,1713,5,0.048844992663224444,0.002207505518763797,0.002731304180004392,0.0,0.0,0.0,6.0,2.0
iconclass-ai:bsb00031043_406.jpg,1713,5,0.11545620773465765,0.0012970168612191958,0.0026192677681450283,0.0,0.0,0.0,6.0,2.0
iconclass-ai:bsb00031043_630.jpg,1713,5,0.072942817462838,0.003937007874015748,0.00434779801030733,0.0,0.0,0.0,6.0,2.0
iconclass-ai:bsb00031043_742.jpg,1713,5,0.035470284729283715,0.004405286343612335,0.0034769940294046586,0.0,0.0,0.0,6.0,2.0
iconclass-ai:bsb00031043_826.jpg,1713,5,0.0766644461407567,0.001366120218579235,0.002344422336527643,0.0,0.0,0.0,6.0,2.0
iconclass-ai:bsb00031044_21.jpg,1713,53,0.03589051729129878,0.038461538461538464,0.030477933853005477,0.0,0.0,0.0,27.5,4.0
iconclass-ai:bsb00031044_414.jpg,1713,5,0.025598676627206392,0.002570694087403599,0.0025681582016391412,0.0,0.0,0.0,6.0,2.0
iconclass-ai:bsb00031296_100.jpg,1713,53,0.06517107089911249,0.02857142857142857,0.033361594185039416,0.0,0.0,0.0,54.0,4.0
iconclass-ai:bsb00031296_102.jpg,1713,53,0.05346237857531458,0.06666666666666667,0.031371129733253185,0.0,0.0,0.0,54.0,4.0
iconclass-ai:bsb00031296_105.jpg,1713,53,0.17019382168212105,0.3333333333333333,0.038160593938014735,0.0,0.018867924528301886,0.018867924528301886,54.0,4.0
iconclass-ai:bsb00031296_106.jpg,1713,53,0.06153005627685617,0.015873015873015872,0.02733564020241051,0.0,0.0,0.0,54.0,4.0
iconclass-ai:bsb00031296_107.jpg,1713,53,0.04987623062004929,0.0625,0.03122685015637814,0.0,0.0,0.0,54.0,4.0
iconclass-ai:bsb00031296_110.jpg,1713,53,0.13045604657107496,0.1,0.036382980471288365,0.0,0.0,0.018867924528301886,54.0,4.0
iconclass-ai:bsb00031296_111.jpg,1713,53,0.061166630220790004,0.009259259259259259,0.028706617495148832,0.0,0.0,0.0,54.0,4.0
iconclass-ai:bsb00031296_114.jpg,1713,53,0.05251213507898445,0.05555555555555555,0.030258515842808614,0.0,0.0,0.0,54.0,4.0
iconclass-ai:bsb00031296_119.jpg,1713,53,0.180117331553571,0.5,0.04436505549728801,0.0,0.018867924528301886,0.018867924528301886,54.0,4.0
iconclass-ai:bsb00031296_124.jpg,1713,53,0.15316680419722645,0.16666666666666666,0.03347163154697322,0.0,0.0,0.03773584905660377,54.0,4.0
iconclass-ai:bsb00031296_129.jpg,1713,53,0.08693899426641374,0.011494252873563218,0.03210005874754936,0.0,0.0,0.0,54.0,4.0
iconclass-ai:bsb00031296_17.jpg,1713,53,0.06712457067540208,0.05263157894736842,0.031078112755314597,0.0,0.0,0.0,54.0,4.0
iconclass-ai:bsb00031296_37.jpg,1713,53,0.09943741889526155,0.041666666666666664,0.03316578393521525,0.0,0.0,0.0,30.5,3.5
iconclass-ai:bsb00031296_40.jpg,1713,53,0.02326898732826248,0.023809523809523808,0.02898883006916663,0.0,0.0,0.0,54.0,4.0
iconclass-ai:bsb00031296_49.jpg,1713,53,0.1606944085969935,0.16666666666666666,0.03284565834409333,0.0,0.0,0.018867924528301886,54.0,4.0
iconclass-ai:bsb00031296_62.jpg,1713,53,0.13219492150417148,0.2,0.03543185560101126,0.0,0.018867924528301886,0.018867924528301886,54.0,4.0
iconclass-ai:bsb00031296_65.jpg,1713,53,0.24047526315967485,0.5,0.05153333951897013,0.0,0.018867924528301886,0.03773584905660377,54.0,4.0
iconclass-ai:bsb00031296_71.jpg,1713,53,0.038599334236383356,0.05263157894736842,0.028246074748045753,0.0,0.0,0.0,54.0,4.0
iconclass-ai:bsb00031296_73.jpg,1713,53,0.07431501231017203,0.03225806451612903,0.03197106943635686,0.0,0.0,0.0,54.0,4.0
iconclass-ai:bsb00031296_78.jpg,1713,53,0.07540897156092835,0.08333333333333333,0.028465089719692787,0.0,0.0,0.0,54.0,4.0
iconclass-ai:bsb00031296_80.jpg,1713,53,0.1463936293438943,0.1,0.035503688684934115,0.0,0.0,0.018867924528301886,54.0,4.0
iconclass-ai:bsb00031296_87.jpg,1713,53,0.21434177802645166,0.2,0.044267964307437506,0.0,0.018867924528301886,0.03773584905660377,54.0,4.0
iconclass-ai:bsb00031296_88.jpg,1713,53,0.10448575252706988,0.025,0.03044759673539053,0.0,0.0,0.0,54.0,4.0
iconclass-ai:bsb00031296_91.jpg,1713,53,0.06705082860358208,0.058823529411764705,0.04317170559303034,0.0,0.0,0.0,54.0,4.0
iconclass-ai:bsb00031296_98.jpg,1713,53,0.056841212760461245,0.08333333333333333,0.040154365288338455,0.0,0.0,0.0,54.0,4.0
iconclass-ai:bsb00031335_106.jpg,1713,53,0.04169266768680918,0.023255813953488372,0.029270412571609353,0.0,0.0,0.0,54.0,4.0
iconclass-ai:bsb00031335_109.jpg,1713,53,0.10604805439067362,0.2,0.030882104585326746,0.0,0.018867924528301886,0.018867924528301886,54.0,4.0
iconclass-ai:bsb00031335_111.jpg,1713,53,0.20768269787014204,0.125,0.03955030400169754,0.0,0.0,0.018867924528301886,30.5,3.5
iconclass-ai:bsb00031335_113.jpg,1713,53,0.09130699697029794,0.03571428571428571,0.03022461617732859,0.0,0.0,0.0,30.5,3.5
iconclass-ai:bsb00031335_120.jpg,1713,53,0.19831726114365966,0.16666666666666666,0.036820468714580466,0.0,0.0,0.03773584905660377,30.5,3.5
iconclass-ai:bsb00031335_131.jpg,1713,53,0.05400431693929011,0.05,0.030144380670093274,0.0,0.0,0.0,54.0,4.0
iconclass-ai:bsb00031335_139.jpg,1713,53,0.0369903072242151,0.02040816326530612,0.031332801017609595,0.0,0.0,0.0,54.0,4.0
iconclass-ai:bsb00031335_141.jpg,1713,53,0.05696605470433698,0.03571428571428571,0.03442202283174656,0.0,0.0,0.0,54.0,4.0
iconclass-ai:bsb00031335_144.jpg,1713,53,0.07224804158587368,0.06666666666666667,0.033467647961527944,0.0,0.0,0.0,30.5,3.5
iconclass-ai:bsb00031335_146.jpg,1713,53,0.05506742428464454,0.07692307692307693,0.03982990722996178,0.0,0.0,0.0,54.0,4.0
iconclass-ai:bsb00031335_147.jpg,1713,53,0.015429160430394946,0.0625,0.028824521449788542,0.0,0.0,0.0,54.0,4.0
iconclass-ai:bsb00031335_26.jpg,1713,53,0.043660361374427414,0.047619047619047616,0.03407623971487971,0.0,0.0,0.0,27.5,4.0
iconclass-ai:bsb00031335_31.jpg,1713,53,0.0555065277328773,0.02040816326530612,0.03405948061300124,0.0,0.0,0.0,54.0,4.0
iconclass-ai:bsb00031335_55.jpg,1713,53,0.027505355380539886,0.05,0.03149280928939025,0.0,0.0,0.0,54.0,4.0
iconclass-ai:bsb00031335_56.jpg,1713,53,0.06319935662785792,0.02,0.03087116455767615,0.0,0.0,0.0,54.0,4.0
iconclass-ai:bsb00031335_67.jpg,1713,53,0.13946251763795495,0.07692307692307693,0.03544030119557405,0.0,0.0,0.0,30.5,3.5
iconclass-ai:bsb00031335_73.jpg,1713,53,0.059315691004889655,0.007407407407407408,0.030634519720115133,0.0,0.0,0.0,54.0,4.0
iconclass-ai:bsb00031335_74.jpg,1713,53,0.06541295734800388,0.058823529411764705,0.03251923345265067,0.0,0.0,0.0,54.0,4.0
iconclass-ai:bsb00031335_82.jpg,1713,53,0.0957074556237168,0.034482758620689655,0.0352559428484827,0.0,0.0,0.0,30.5,3.5
iconclass-ai:bsb00031335_84.jpg,1713,53,0.04797100377090048,0.03333333333333333,0.04251197158859102,0.0,0.0,0.0,54.0,4.0
iconclass-ai:bsb00031335_90.jpg,1713,53,0.01375573539363001,0.022222222222222223,0.030991116975988803,0.0,0.0,0.0,54.0,4.0
iconclass-ai:bsb00031335_99.jpg,1713,53,0.09919285219275695,0.011235955056179775,0.029141500984563536,0.0,0.0,0.0,54.0,4.0
iconclass-ai:bsb00031698_133.jpg,1713,0,0.041707233424178224,,,,,,1.0,5.0
iconclass-ai:bsb00031698_152.jpg,1713,12,0.05065521143285244,0.016129032258064516,0.0082903423205053,0.0,0.0,0.0,7.0,4.5
iconclass-ai:bsb00031698_167.jpg,1713,0,0.04956218362241585,,,,,,1.0,4.0
iconclass-ai:bsb00031698_187.jpg,1713,0,0.0,,,,,,1.0,4.0
iconclass-ai:bsb00031698_202.jpg,1713,0,0.11112804274550862,,,,,,1.0,5.0
iconclass-ai:bsb00031698_206.jpg,1713,0,0.12875376825718357,,,,,,1.0,5.0
iconclass-ai:bsb00031698_207.jpg,1713,0,0.13846736450556266,,,,,,1.0,7.0
iconclass-ai:bsb00031698_208.jpg,1713,0,0.20301202985833908,,,,,,1.0,6.0
iconclass-ai:bsb00031698_209.jpg,1713,0,0.20188705961877923,,,,,,1.0,3.0
iconclass-ai:bsb00031698_210.jpg,1713,0,0.13503101930258726,,,,,,1.0,6.0
iconclass-ai:bsb00031698_214.jpg,1713,0,0.02215768827676235,,,,,,1.0,5.0
iconclass-ai:bsb00031698_219.jpg,1713,0,0.2597370320420753,,,,,,1.0,8.0
iconclass-ai:bsb00031698_222.jpg,1713,0,0.13819716232668366,,,,,,1.0,6.0
iconclass-ai:bsb00031698_243.jpg,1713,0,0.1747271537060651,,,,,,1.0,4.0
iconclass-ai:bsb00031698_259.jpg,1713,0,0.0,,,,,,1.0,5.0
iconclass-ai:bsb00031698_278.jpg,1713,0,0.05138766422283462,,,,,,1.0,6.0
iconclass-ai:bsb00031698_292.jpg,1713,0,0.019501532269000057,,,,,,1.0,4.0
iconclass-ai:bsb00031698_313.jpg,1713,3,0.08516849076371692,0.0016207455429497568,0.0015938352735728261,0.0,0.0,0.0,1.0,5.0
iconclass-ai:bsb00031698_314.jpg,1713,2,0.09392781334016778,0.0013297872340425532,0.0013827687067556628,0.0,0.0,0.0,2.0,5.5
iconclass-ai:bsb00031698_315.jpg,1713,0,0.16348621070119637,,,,,,1.0,6.0
iconclass-ai:bsb00031698_323.jpg,1713,1,0.24392390455852422,0.16666666666666666,0.16666666666666666,0.0,0.0,1.0,2.0,5.0
iconclass-ai:bsb00031698_326.jpg,1713,4,0.048003571166741185,0.00205761316872428,0.0036364541535463995,0.0,0.0,0.0,3.0,6.0
iconclass-ai:bsb00031698_336.jpg,1713,0,0.05229072753976825,,,,,,1.0,6.0
iconclass-ai:bsb00031698_337.jpg,1713,0,0.08199946510817953,,,,,,1.0,7.0
iconclass-ai:bsb00031698_341.jpg,1713,7,0.08749389032111042,0.003278688524590164,0.003773582363845368,0.0,0.0,0.0,5.0,3.0
iconclass-ai:bsb00031698_342.jpg,1713,7,0.08300780339957733,0.0016778523489932886,0.003949179012100159,0.0,0.0,0.0,5.0,3.0
iconclass-ai:bsb00031698_343.jpg,1713,7,0.112201869678134,0.0017761989342806395,0.004314166877065936,0.0,0.0,0.0,4.5,3.5
iconclass-ai:bsb00031698_345.jpg,1713,3,0.103051487112287,0.003115264797507788,0.002844948197504686,0.0,0.0,0.0,2.5,4.0
iconclass-ai:bsb00031698_346.jpg,1713,16,0.05183664035226208,0.017857142857142856,0.011276075661511164,0.0,0.0,0.0,9.5,4.0
iconclass-ai:bsb00031698_347.jpg,1713,16,0.1829398298364898,0.2,0.02584676110457827,0.0,0.0625,0.0625,9.5,4.0
iconclass-ai:bsb00031698_37.jpg,1713,0,0.07952534618763751,,,,,,1.0,5.0
iconclass-ai:bsb00031698_370.jpg,1713,17,0.04928566008065552,0.04,0.017546445864739663,0.0,0.0,0.0,9.5,6.0
iconclass-ai:bsb00031698_40.jpg,1713,0,0.038686625515804075,,,,,,1.0,6.0
iconclass-ai:bsb00031698_41.jpg,1713,0,0.19251140720828255,,,,,,1.0,7.0
iconclass-ai:bsb00031698_459.jpg,1713,2,0.016667219213540183,0.002881844380403458,0.0031710259964301026,0.0,0.0,0.0,2.0,6.0
iconclass-ai:bsb00031698_46.jpg,1713,5,0.07159236928961153,0.0028169014084507044,0.003443418575193151,0.0,0.0,0.0,3.5,5.5
iconclass-ai:bsb00031698_460.jpg,1713,3,0.01962974832618851,0.007936507936507936,0.006157174589377978,0.0,0.0,0.0,4.0,5.0
iconclass-ai:bsb00031698_462.jpg,1713,0,0.1264622983566714,,,,,,1.0,5.0
iconclass-ai:bsb00031698_472.jpg,1713,0,0.0,,,,,,1.0,4.5
iconclass-ai:bsb00031698_57.jpg,1713,1,0.08908488821534442,0.0010548523206751054,0.0010548523206751054,0.0,0.0,0.0,2.0,3.0
iconclass-ai:bsb00031698_79.jpg,1713,1,0.1319371812278257,0.0009025270758122744,0.0009025270758122744,0.0,0.0,0.0,2.0,5.0
iconclass-ai:bsb00031698_88.jpg,1713,1,0.039414094888252094,0.002277904328018223,0.002277904328018223,0.0,0.0,0.0,2.0,5.0
iconclass-ai:bsb00031698_98.jpg,1713,0,0.08896748106462282,,,,,,1.0,3.0
iconclass-ai:bsb00032021_20.jpg,1713,5,0.07550245932014596,0.0029069767441860465,0.004535226432665822,0.0,0.0,0.0,6.0,3.0
iconclass-ai:bsb00032021_24.jpg,1713,5,0.08102896453541328,0.010101010101010102,0.0055367719829088596,0.0,0.0,0.0,6.0,3.0
iconclass-ai:bsb00032021_25.jpg,1713,5,0.04945481243994005,0.0015408320493066256,0.002559052374581216,0.0,0.0,0.0,6.0,3.0
iconclass-ai:bsb00032367_64.jpg,1713,3,0.057246220014530724,0.0014705882352941176,0.002072411711997863,0.0,0.0,0.0,2.0,4.0
iconclass-ai:bsb00032367_7.jpg,1713,8,0.03619679964935805,0.0019880715705765406,0.0042862366791010425,0.0,0.0,0.0,5.0,4.0
iconclass-ai:bsb00032393_155.jpg,1713,10,0.12710259527756318,0.006329113924050633,0.007267481550937119,0.0,0.0,0.0,2.0,6.0
iconclass-ai:bsb00032393_355.jpg,1713,7,0.17552299857277232,0.00819672131147541,0.009378164774739314,0.0,0.0,0.0,1.0,2.0
iconclass-ai:bsb00032951_6.jpg,1713,1,0.10092003842775794,0.0010152284263959391,0.0010152284263959391,0.0,0.0,0.0,1.0,2.0
iconclass-ai:bsb00033562_26.jpg,1713,0,0.32293487979665575,,,,,,1.0,5.0
iconclass-ai:bsb00035255_101.jpg,1713,31,0.07136729151930182,0.015873015873015872,0.018794876202145504,0.0,0.0,0.0,16.5,6.0
iconclass-ai:bsb00035255_105.jpg,1713,12,0.060937158586332,0.013333333333333334,0.007483789620658952,0.0,0.0,0.0,7.0,4.5
iconclass-ai:bsb00035255_114.jpg,1713,27,0.055385153094282775,0.037037037037037035,0.01803460209439667,0.0,0.0,0.0,15.0,4.5
iconclass-ai:bsb00035255_116.jpg,1713,27,0.018318044915022758,0.009615384615384616,0.019119206265115415,0.0,0.0,0.0,14.5,6.0
iconclass-ai:bsb00035255_126.jpg,1713,43,0.11049683399290507,0.045454545454545456,0.026629531632502364,0.0,0.0,0.0,15.0,5.0
iconclass-ai:bsb00035255_129.jpg,1713,35,0.08238655137184987,0.013157894736842105,0.02039123476999406,0.0,0.0,0.0,18.5,6.0
iconclass-ai:bsb00035255_13.jpg,1713,11,0.050945067575056985,0.004219409282700422,0.007083796951563985,0.0,0.0,0.0,6.5,5.5
iconclass-ai:bsb00035255_139.jpg,1713,28,0.07943610095732145,0.007633587786259542,0.016163761319430647,0.0,0.0,0.0,15.0,5.5
iconclass-ai:bsb00035255_147.jpg,1713,27,0.09282713922933987,0.1,0.016949185429018184,0.0,0.0,0.037037037037037035,28.0,7.0
iconclass-ai:bsb00035255_160.jpg,1713,27,0.04103632353057722,0.01639344262295082,0.017753191252327702,0.0,0.0,0.0,14.5,6.5
iconclass-ai:bsb00035255_167.jpg,1713,27,0.036156291545147566,0.009708737864077669,0.016402451841512258,0.0,0.0,0.0,14.5,5.5
iconclass-ai:bsb00035255_181.jpg,1713,8,0.11253624812592261,0.007633587786259542,0.006913641126686229,0.0,0.0,0.0,2.0,4.0
iconclass-ai:bsb00035255_186.jpg,1713,33,0.040113849565820606,0.013888888888888888,0.01820654341579961,0.0,0.0,0.0,18.0,6.0
iconclass-ai:bsb00035255_19.jpg,1713,12,0.057894829498161486,0.0196078431372549,0.009294048150024482,0.0,0.0,0.0,2.0,5.0
iconclass-ai:bsb00035255_191.jpg,1713,27,0.012858403359613321,0.034482758620689655,0.016900519387004875,0.0,0.0,0.0,28.0,7.0
iconclass-ai:bsb00035255_193.jpg,1713,11,0.08930543441394839,0.017543859649122806,0.007882053646763126,0.0,0.0,0.0,6.5,5.0
iconclass-ai:bsb00035255_23.jpg,1713,0,0.4565089905967709,,,,,,1.0,5.0
iconclass-ai:bsb00035255_27.jpg,1713,29,0.040760713739341044,0.016129032258064516,0.013917658691711122,0.0,0.0,0.0,15.5,5.0
iconclass-ai:bsb00035255_28.jpg,1713,34,0.08615279127174282,0.05263157894736842,0.019617941039816084,0.0,0.0,0.0,8.0,4.0
iconclass-ai:bsb00035255_30.jpg,1713,2,0.06104697678794022,0.045454545454545456,0.023796791443850267,0.0,0.0,0.0,3.0,2.0
iconclass-ai:bsb00035255_50.jpg,1713,33,0.016425076238357674,0.017241379310344827,0.024924565405503623,0.0,0.0,0.0,20.0,6.0
iconclass-ai:bsb00035255_62.jpg,1713,32,0.0677184940184526,0.05,0.018519465644152223,0.0,0.0,0.0,17.0,6.5
iconclass-ai:bsb00035255_67.jpg,1713,30,0.12145586785826284,0.125,0.022209239248705704,0.0,0.0,0.03333333333333333,17.0,5.5
iconclass-ai:bsb00035255_71.jpg,1713,30,0.05057708056451572,0.017857142857142856,0.01931878665290811,0.0,0.0,0.0,17.0,5.5
iconclass-ai:bsb00035255_79.jpg,1713,27,0.008281777931798628,0.037037037037037035,0.02209761626031724,0.0,0.0,0.0,14.5,6.0
iconclass-ai:bsb00035255_94.jpg,1713,28,0.03484201770635419,0.015384615384615385,0.02206160408258582,0.0,0.0,0.0,15.0,6.5
iconclass-ai:bsb00035255_99.jpg,1713,33,0.061289822423735735,0.0070921985815602835,0.018089636016688882,0.0,0.0,0.0,18.0,6.0
iconclass-ai:bsb00041184_238.jpg,1713,2,0.04587306948227458,0.004901960784313725,0.0067613252197430695,0.0,0.0,0.0,3.0,5.0
iconclass-ai:bsb00041184_33.jpg,1713,4,0.014154696681859867,0.0022522522522522522,0.0022523006875448718,0.0,0.0,0.0,5.0,5.0
iconclass-ai:bsb00041184_47.jpg,1713,15,0.06766658348857423,0.010526315789473684,0.007297183703417867,0.0,0.0,0.0,8.5,6.0
iconclass-ai:bsb00041184_57.jpg,1713,4,0.03706923548715048,0.001488095238095238,0.0020204059446203033,0.0,0.0,0.0,5.0,5.0
iconclass-ai:bsb00041184_88.jpg,1713,0,0.03728866652520529,,,,,,1.0,6.0
iconclass-ai:bsb00045025_4.jpg,1713,5,0.0,0.008695652173913044,0.0036242223005188865,0.0,0.0,0.0,3.5,4.0
iconclass-ai:bsb00070432_48.jpg,1713,5,0.012134125327006303,0.002680965147453083,0.004405892791378314,0.0,0.0,0.0,2.0,5.0
iconclass-ai:embepu_c1627_pic006.jpg,1713,128,0.4893735767260957,0.07692307692307693,0.07760256660991222,0.0,0.0,0.0,4.5,3.5
iconclass-ai:embepu_c1627_pic011.jpg,1713,48,0.7483357798821109,0.07142857142857142,0.02465165249250859,0.0,0.0,0.0,4.0,5.0
iconclass-ai:embepu_c1627_pic017.jpg,1713,98,0.4474114648310245,0.05555555555555555,0.059206903990867095,0.0,0.0,0.0,3.0,5.0
iconclass-ai:embepu_c1627_pic018.jpg,1713,19,0.4459428557036924,0.0048543689320388345,0.011995968500790096,0.0,0.0,0.0,3.0,4.0
iconclass-ai:embepu_c1627_pic020.jpg,1713,83,0.7381086509473174,0.16666666666666666,0.07358606800438665,0.0,0.0,0.024096385542168676,4.0,5.0
iconclass-ai:embepu_c1627_pic023.jpg,1713,33,0.8260172945333305,0.07692307692307693,0.01898825050683547,0.0,0.0,0.0,1.0,5.0
iconclass-ai:embepu_c1627_pic028.jpg,1713,81,0.43315733161930575,0.2,0.04777639653129902,0.0,0.012345679012345678,0.012345679012345678,1.5,5.0
iconclass-ai:embepu_c1627_pic030.jpg,1713,15,0.24532433119158695,0.013513513513513514,0.009798255398137492,0.0,0.0,0.0,1.0,5.5
iconclass-ai:embepu_c1627_pic035.jpg,1713,39,0.44745580340289093,0.5,0.035874537561063236,0.0,0.02564102564102564,0.02564102564102564,3.5,5.5
iconclass-ai:embepu_c1627_pic037.jpg,1713,97,0.2609087338647437,0.125,0.05476838332276284,0.0,0.0,0.010309278350515464,3.0,4.0
iconclass-ai:embepu_c1627_pic051.jpg,1713,5,0.7515698515041387,0.0034482758620689655,0.006301607169095722,0.0,0.0,0.0,1.0,4.0
iconclass-ai:embepu_su1724_pic10002.jpg,1713,59,0.4681529433271849,0.1111111111111111,0.04418494895967959,0.0,0.0,0.01694915254237288,3.0,4.0
iconclass-ai:embepu_su1724_pic10005.jpg,1713,63,0.533797263047853,0.034482758620689655,0.03931485743866874,0.0,0.0,0.0,2.5,4.0
iconclass-ai:embepu_su1724_pic10012.jpg,1713,95,0.45719660731424644,0.3333333333333333,0.055164976180151246,0.0,0.010526315789473684,0.010526315789473684,4.0,4.0
iconclass-ai:embepu_su1724_pic10013.jpg,1713,69,0.3614865804181986,0.029411764705882353,0.035895966289036144,0.0,0.0,0.0,3.0,4.0
iconclass-ai:embepu_su1724_pic10032.jpg,1713,78,0.6776506740968782,0.5,0.054920971338814885,0.0,0.01282051282051282,0.01282051282051282,4.5,4.0
iconclass-ai:embepu_su1724_pic10033.jpg,1713,80,0.5670981873910899,0.16666666666666666,0.052400950592892924,0.0,0.0,0.0125,7.0,4.0
iconclass-ai:embepu_su1724_pic10036.jpg,1713,61,0.8170827805046018,0.09090909090909091,0.037654250118434304,0.0,0.0,0.0,3.0,3.0
iconclass-ai:embepu_su1724_pic10039.jpg,1713,91,0.6758947768524453,0.038461538461538464,0.04551617827533186,0.0,0.0,0.0,7.0,4.0
iconclass-ai:embepu_su1724_pic10043.jpg,1713,68,0.7277258275056914,0.02631578947368421,0.038072505566246764,0.0,0.0,0.0,3.5,4.0
iconclass-ai:embepu_su1724_pic20001.jpg,1713,95,0.6296250060659715,1.0,0.07116732921937383,0.010526315789473684,0.010526315789473684,0.021052631578947368,9.5,3.5
iconclass-ai:embepu_su1724_pic20003.jpg,1713,55,0.5713560175008086,0.041666666666666664,0.03534104145987633,0.0,0.0,0.0,7.5,4.0
iconclass-ai:embepu_su1724_pic20006.jpg,1713,92,0.5794490454651947,0.010869565217391304,0.05446404791256394,0.0,0.0,0.0,12.0,4.0
iconclass-ai:embepu_su1724_pic20011.jpg,1713,53,0.5944925285649472,0.013157894736842105,0.03570965001292993,0.0,0.0,0.0,2.5,4.0
iconclass-ai:embepu_su1724_pic20027.jpg,1713,115,0.6303237324894455,0.1111111111111111,0.0642000584671583,0.0,0.0,0.008695652173913044,5.5,4.0
iconclass-ai:embepu_su1724_pic20029.jpg,1713,94,0.4911289024736815,0.045454545454545456,0.0640648080512874,0.0,0.0,0.0,9.0,4.0
iconclass-ai:embepu_su1724_pic20030.jpg,1713,104,0.7097395853656422,0.2,0.06650117610035165,0.0,0.009615384615384616,0.009615384615384616,10.0,4.0
iconclass-ai:embepu_su1724_pic20033.jpg,1713,83,0.5361058993351843,1.0,0.06703893425895617,0.012048192771084338,0.012048192771084338,0.012048192771084338,8.5,4.0
iconclass-ai:embepu_su1724_pic20048.jpg,1713,111,0.8772953262976065,0.08333333333333333,0.0696468472711636,0.0,0.0,0.0,10.5,4.0
iconclass-ai:embepu_su1724_pic20050.jpg,1713,60,0.7833280468605734,0.1111111111111111,0.032417548851979214,0.0,0.0,0.016666666666666666,3.0,4.0
iconclass-ai:embepu_su1724_pic20053.jpg,1713,65,0.4258657666135041,0.011235955056179775,0.037070875747732344,0.0,0.0,0.0,2.0,4.0
iconclass-ai:embepu_su1724_pic20060.jpg,1713,107,0.6738342211067122,0.125,0.0712903891286079,0.0,0.0,0.009345794392523364,9.0,4.0
iconclass-ai:embhab_206-2-poet-3s_pic047.jpg,1713,19,0.6193362983779453,0.014285714285714285,0.013333051875952821,0.0,0.0,0.0,2.0,4.0
iconclass-ai:embhab_21eth_pic089.jpg,1713,30,0.8847343406343832,0.02564102564102564,0.01760799694131028,0.0,0.0,0.0,2.5,3.0
iconclass-ai:embhab_21eth_pic095.jpg,1713,101,0.3305914554675068,0.058823529411764705,0.07100027997897906,0.0,0.0,0.0,3.0,4.0
iconclass-ai:embhab_21eth_pic107.jpg,1713,13,0.716145546569176,0.011904761904761904,0.01101023082941966,0.0,0.0,0.0,1.0,5.0
iconclass-ai:embhab_21eth_pic131.jpg,1713,10,0.28864310457465603,0.01694915254237288,0.007138998480419401,0.0,0.0,0.0,2.0,4.0
iconclass-ai:embhab_21eth_pic155.jpg,1713,19,0.3415172234146883,0.023255813953488372,0.011321274534460461,0.0,0.0,0.0,3.0,4.0
iconclass-ai:embhab_21eth_pic167.jpg,1713,83,0.5190952028569653,0.5,0.05496961145201842,0.0,0.012048192771084338,0.012048192771084338,4.0,5.0
iconclass-ai:embhab_21eth_pic173.jpg,1713,64,0.47613265059011634,0.030303030303030304,0.03902312401935253,0.0,0.0,0.0,2.0,5.0
iconclass-ai:embhab_21eth_pic209.jpg,1713,28,0.6154145583118076,0.010638297872340425,0.018112853345971094,0.0,0.0,0.0,1.0,4.0
iconclass-ai:embhab_21eth_pic239.jpg,1713,62,0.6850933577128148,0.05263157894736842,0.04037623743988069,0.0,0.0,0.0,4.5,4.5
iconclass-ai:embhab_21eth_pic257.jpg,1713,39,0.49757367140537384,0.02127659574468085,0.02405801199429188,0.0,0.0,0.0,3.5,5.5
iconclass-ai:embhab_21eth_pic269.jpg,1713,97,0.6959425163941172,0.1111111111111111,0.06470382440806022,0.0,0.0,0.010309278350515464,3.0,4.0
iconclass-ai:embhab_21eth_pic323.jpg,1713,49,0.48290233797659626,0.041666666666666664,0.029805964854310044,0.0,0.0,0.0,3.0,4.0
iconclass-ai:embhab_21eth_pic411.jpg,1713,77,0.43602110283822193,0.3333333333333333,0.04638872569339977,0.0,0.012987012987012988,0.012987012987012988,3.5,5.0
iconclass-ai:embhab_21eth_pic415.jpg,1713,12,0.5604283340602779,0.005952380952380952,0.007347493736193154,0.0,0.0,0.0,1.0,4.0
iconclass-ai:embhab_21eth_pic427.jpg,1713,22,0.7406175673723988,0.009345794392523364,0.01134710299777001,0.0,0.0,0.0,2.5,4.0
iconclass-ai:embhab_21eth_pic431.jpg,1713,68,0.3225639351557611,0.125,0.04291605037393612,0.0,0.0,0.014705882352941176,1.0,5.0
iconclass-ai:embhab_21eth_pic435.jpg,1713,55,0.518504490385083,0.05,0.04937293446762065,0.0,0.0,0.0,1.0,4.5
iconclass-ai:embhab_21eth_pic451.jpg,1713,68,0.22184386749780297,0.022727272727272728,0.038729558950920465,0.0,0.0,0.0,1.5,3.5
iconclass-ai:embhab_21eth_pic459.jpg,1713,45,0.4603733240177197,0.027777777777777776,0.029912509343583485,0.0,0.0,0.0,2.5,5.0
iconclass-ai:embhab_21eth_pic471.jpg,1713,68,0.32747612278060073,0.09090909090909091,0.04215881526061458,0.0,0.0,0.0,2.0,4.0
iconclass-ai:embhab_21eth_pic475.jpg,1713,76,0.5039939479700326,0.09090909090909091,0.04113744304983377,0.0,0.0,0.0,3.5,4.0
iconclass-ai:embhab_21eth_pic481.jpg,1713,24,0.8220064770146744,0.3333333333333333,0.02631413729990176,0.0,0.041666666666666664,0.041666666666666664,2.0,4.5
iconclass-ai:embhab_21eth_pic538.jpg,1713,46,0.2619694753475057,0.25,0.035792549047289346,0.0,0.021739130434782608,0.021739130434782608,2.0,6.0
iconclass-ai:embhab_21eth_pic592.jpg,1713,56,0.17123256631612363,0.07692307692307693,0.042558531421319254,0.0,0.0,0.0,1.0,6.0
iconclass-ai:embhab_2f-kapsel-1-19s_pic031.jpg,1713,48,0.5987404460783321,0.013888888888888888,0.02690408769232447,0.0,0.0,0.0,1.0,3.0
iconclass-ai:embhab_2f-kapsel-1-19s_pic053.jpg,1713,8,0.26201778050848806,0.001524390243902439,0.0035762890028612766,0.0,0.0,0.0,2.0,4.0
iconclass-ai:embhab_41-2-geom-4s_pic069.jpg,1713,18,0.3855770718088079,0.029411764705882353,0.01807781036098965,0.0,0.0,0.0,2.0,4.0
iconclass-ai:embhab_41-2-geom-4s_pic141.jpg,1713,14,0.6448563404359097,0.018867924528301886,0.010073449079487429,0.0,0.0,0.0,2.0,4.0
iconclass-ai:embhab_41-2-geom-4s_pic151.jpg,1713,20,0.5825018554548131,0.004761904761904762,0.010550881119688315,0.0,0.0,0.0,2.0,4.5
iconclass-ai:embhab_gm-4f-19_pic03504.jpg,1713,8,0.5253642374299949,0.018518518518518517,0.011562298802826793,0.0,0.0,0.0,1.0,3.0
iconclass-ai:embhab_gm-4f-19_pic04302.jpg,1713,23,0.599976751690748,0.014285714285714285,0.018628070167311977,0.0,0.0,0.0,2.5,4.0
iconclass-ai:embhab_gm-4f-19_pic06101.jpg,1713,20,0.6425122919119222,0.2,0.02376628251730449,0.0,0.05,0.05,5.0,4.0
iconclass-ai:embhab_gm-4f-19_pic06102.jpg,1713,9,0.6961974892163761,0.02702702702702703,0.012642928851669134,0.0,0.0,0.0,1.0,5.0
iconclass-ai:embhab_gm-4f-19_pic06109.jpg,1713,26,0.6798656380754617,0.041666666666666664,0.015145783159636442,0.0,0.0,0.0,3.0,5.0
iconclass-ai:embhab_gm-4f-19_pic06703.jpg,1713,12,0.43850769283808966,0.0029154518950437317,0.007065797436827126,0.0,0.0,0.0,1.0,3.0
iconclass-ai:embhab_gm-4f-19_pic06705.jpg,1713,15,0.47669886933454453,0.003861003861003861,0.009369794496241458,0.0,0.0,0.0,2.0,3.0
iconclass-ai:embhab_gm-4f-19_pic07001.jpg,1713,8,0.426811852489647,0.013513513513513514,0.006682277244469272,0.0,0.0,0.0,1.0,3.0
iconclass-ai:embhab_gm-4f-19_pic07003.jpg,1713,21,0.7438234742534654,0.010869565217391304,0.01244756125437691,0.0,0.0,0.0,3.0,3.0
iconclass-ai:embhab_gm-4f-19_pic07701.jpg,1713,25,0.5840696027125463,0.005291005291005291,0.012329901767899212,0.0,0.0,0.0,4.5,3.0
iconclass-ai:embhab_gm-4f-19_pic08702.jpg,1713,17,0.4943588181321368,0.037037037037037035,0.013211198004989901,0.0,0.0,0.0,2.0,5.5
iconclass-ai:embhab_gm-4f-19_pic09001.jpg,1713,6,0.5813867321715971,0.010752688172043012,0.004376354869348127,0.0,0.0,0.0,1.5,4.0
iconclass-ai:embhab_gm-4f-19_pic09002.jpg,1713,8,0.8194847019445692,0.002421307506053269,0.004262118943092525,0.0,0.0,0.0,1.0,2.0
iconclass-ai:embhab_gm-4f-19_pic10503.jpg,1713,55,0.5559026721867443,0.03571428571428571,0.037814370246358496,0.0,0.0,0.0,2.0,3.0
iconclass-ai:embhab_gm-4f-19_pic11302.jpg,1713,72,0.5284329207279095,0.125,0.05140821421976047,0.0,0.0,0.013888888888888888,7.5,3.0
iconclass-ai:embhab_gm-4f-19_pic11304.jpg,1713,25,0.6989476539020343,0.037037037037037035,0.01756902235226643,0.0,0.0,0.0,1.0,3.0
iconclass-ai:embhab_gm-4f-19_pic11601.jpg,1713,12,0.6903223781299039,0.1,0.01684176506886925,0.0,0.0,0.08333333333333333,2.5,5.0
iconclass-ai:embhab_gm-4f-19_pic11602.jpg,1713,11,0.6323469740698529,0.004975124378109453,0.0053957380374426885,0.0,0.0,0.0,2.0,4.0
iconclass-ai:embhab_gm-4f-19_pic11604.jpg,1713,59,0.32931513313969923,0.058823529411764705,0.033161735919297754,0.0,0.0,0.0,4.0,3.5
iconclass-ai:embhab_gm-4f-19_pic12001.jpg,1713,49,0.5080492341163232,0.0625,0.029558487098022987,0.0,0.0,0.0,2.5,3.0
iconclass-ai:embhab_gm-4f-19_pic14101.jpg,1713,21,0.6614876824076703,0.011363636363636364,0.011906551637515608,0.0,0.0,0.0,4.0,4.0
iconclass-ai:embhab_gm-4f-19_pic14502.jpg,1713,27,0.60468241569454,0.14285714285714285,0.023913919336986486,0.0,0.0,0.037037037037037035,1.0,6.0
iconclass-ai:embhab_gm-4f-19_pic14504.jpg,1713,16,0.8782007989961891,0.013888888888888888,0.012629010547322822,0.0,0.0,0.0,2.0,4.0
iconclass-ai:embhab_gm-4f-19_pic14505.jpg,1713,34,0.6033169707974487,0.010309278350515464,0.021577994324226666,0.0,0.0,0.0,2.0,4.0
iconclass-ai:embhab_gm-4f-19_pic14507.jpg,1713,27,0.6149529057105945,0.022727272727272728,0.018941263579552222,0.0,0.0,0.0,2.0,4.5
iconclass-ai:embhab_gm-4f-19_pic15301.jpg,1713,45,0.4786577766742434,0.03225806451612903,0.024606428633256187,0.0,0.0,0.0,5.0,3.0
iconclass-ai:embhab_li6643-2_pic017.jpg,1713,25,0.3621928555013431,0.01282051282051282,0.012835242581199923,0.0,0.0,0.0,3.0,5.0
iconclass-ai:embhab_li6643-2_pic025.jpg,1713,72,0.6084466718449815,0.019230769230769232,0.04033698061728156,0.0,0.0,0.0,9.0,4.0
iconclass-ai:embhab_li6643-2_pic027.jpg,1713,8,0.775048631607344,0.007518796992481203,0.004577729258936972,0.0,0.0,0.0,1.0,5.0
iconclass-ai:embhab_li6643-2_pic051.jpg,1713,21,0.6404780593336293,0.015625,0.011530145358992999,0.0,0.0,0.0,3.0,5.0
iconclass-ai:embhab_li6643-2_pic059.jpg,1713,14,0.7404298059968242,0.006711409395973154,0.008086370772829478,0.0,0.0,0.0,2.0,4.0
iconclass-ai:embhab_li6643-2_pic061.jpg,1713,19,0.32180196182390597,0.020833333333333332,0.015464121566964254,0.0,0.0,0.0,2.0,5.0
iconclass-ai:embhab_li6643-2_pic063.jpg,1713,43,0.3999721883731858,0.058823529411764705,0.026851052127173633,0.0,0.0,0.0,4.5,3.0
iconclass-ai:embhab_li6643-2_pic067.jpg,1713,20,0.3831787792415082,0.023809523809523808,0.013886349497238553,0.0,0.0,0.0,3.0,4.0
iconclass-ai:embhab_li6643-2_pic079.jpg,1713,75,0.635990849621986,0.1111111111111111,0.04382416479445091,0.0,0.0,0.02666666666666667,6.0,3.0
iconclass-ai:embhab_li6643-2_pic089.jpg,1713,26,0.47049775587865894,0.008849557522123894,0.01247610780890652,0.0,0.0,0.0,1.0,3.0
iconclass-ai:embhab_li6643-2_pic095.jpg,1713,37,0.31473807581653057,0.08333333333333333,0.026709175916337025,0.0,0.0,0.0,4.5,4.0
iconclass-ai:embhab_li6643-2_pic103.jpg,1713,12,0.3316579337703615,0.015625,0.01582920250907974,0.0,0.0,0.0,1.0,3.0
iconclass-ai:embhab_li6643-2_pic107.jpg,1713,20,0.8145800107972374,0.08333333333333333,0.019819889291220145,0.0,0.0,0.0,3.0,3.0
iconclass-ai:embhab_li6643-2_pic117.jpg,1713,9,0.37683499805931986,0.002331002331002331,0.003994264346292415,0.0,0.0,0.0,2.0,5.0
iconclass-ai:embhab_li6643-2_pic131.jpg,1713,6,0.20656438238708885,0.0013986013986013986,0.003009629598304992,0.0,0.0,0.0,1.5,3.0
iconclass-ai:embhab_li6643-2_pic153.jpg,1713,2,0.7421246259355072,0.004291845493562232,0.0034634458034346074,0.0,0.0,0.0,1.0,4.0
iconclass-ai:embhab_li6643-2_pic157.jpg,1713,3,0.7144234286242304,0.0022172949002217295,0.003106391298430384,0.0,0.0,0.0,1.0,5.0
iconclass-ai:embhab_li6643-2_pic159.jpg,1713,2,0.39974466236684236,0.012987012987012988,0.007439580287262407,0.0,0.0,0.0,1.0,3.0
iconclass-ai:embhab_li6643-2_pic165.jpg,1713,69,0.22197866647575754,0.2,0.05795534200780609,0.0,0.014492753623188406,0.014492753623188406,1.5,5.0
iconclass-ai:embhab_li6643-2_pic167.jpg,1713,31,0.40278447211643614,0.01020408163265306,0.01666978440974773,0.0,0.0,0.0,2.0,3.0
iconclass-ai:embhab_li6643-2_pic179.jpg,1713,44,0.45876872112892664,0.2,0.041765796948716516,0.0,0.022727272727272728,0.022727272727272728,2.5,4.0
iconclass-ai:embhab_li6643-2_pic181.jpg,1713,23,0.6700512898882811,0.012345679012345678,0.017012998655122263,0.0,0.0,0.0,1.0,4.0
iconclass-ai:embhab_li6643-2_pic187.jpg,1713,97,0.38146527880738945,0.04,0.06416093198041113,0.0,0.0,0.0,9.5,3.0
iconclass-ai:embhab_li6643-2_pic201.jpg,1713,13,0.2914327796841072,0.009900990099009901,0.006732204407830783,0.0,0.0,0.0,2.0,4.0
iconclass-ai:embhab_ma-732_pic026.jpg,1713,7,0.7641784909619868,0.002352941176470588,0.004328898403563062,0.0,0.0,0.0,2.0,3.0
iconclass-ai:embhab_ma-732_pic028.jpg,1713,4,0.6077359947030844,0.0034482758620689655,0.003306617083360384,0.0,0.0,0.0,1.0,3.5
iconclass-ai:embhab_ma-732_pic036.jpg,1713,33,0.49393469242477134,0.07692307692307693,0.026988310767139315,0.0,0.0,0.0,2.5,4.0
iconclass-ai:embhab_ma-732_pic038.jpg,1713,25,0.7314470771099788,1.0,0.051461525140210906,0.04,0.04,0.04,1.0,4.0
iconclass-ai:embhab_ma-732_pic054.jpg,1713,1,0.6092063126842786,0.000791765637371338,0.000791765637371338,0.0,0.0,0.0,1.0,4.0
iconclass-ai:embhab_ma-732_pic066.jpg,1713,7,0.14465249243306436,0.016666666666666666,0.010596486255322389,0.0,0.0,0.0,1.0,3.0
iconclass-ai:embhab_ma-732_pic070.jpg,1713,22,0.7787336527583907,0.020833333333333332,0.013905058904984365,0.0,0.0,0.0,2.0,5.0
iconclass-ai:embhab_ma-732_pic074.jpg,1713,1,0.2554884319939911,0.006756756756756757,0.006756756756756757,0.0,0.0,0.0,1.0,4.0
iconclass-ai:embhab_ma-732_pic080.jpg,1713,13,0.8159401321265753,0.011494252873563218,0.011890469316350174,0.0,0.0,0.0,1.0,4.0
iconclass-ai:embhab_ma-732_pic090.jpg,1713,17,0.5601516992531561,0.0125,0.014498884710413351,0.0,0.0,0.0,2.5,4.5
iconclass-ai:embhab_ma-732_pic104.jpg,1713,10,0.7571747625889078,0.014492753623188406,0.011295903667156864,0.0,0.0,0.0,1.0,3.5
iconclass-ai:embhab_ma-732_pic108.jpg,1713,9,0.8292812437922062,0.0022624434389140274,0.00583795777269709,0.0,0.0,0.0,2.0,4.0
iconclass-ai:embhab_ma-732_pic124.jpg,1713,77,0.4797530929085816,0.058823529411764705,0.045649478795099466,0.0,0.0,0.0,1.0,4.0
iconclass-ai:embhab_ma-732_pic138.jpg,1713,4,0.7323281809423648,0.0013054830287206266,0.002462341935105764,0.0,0.0,0.0,2.0,4.0
iconclass-ai:embhab_ma-732_pic142.jpg,1713,38,0.6895295375624203,0.047619047619047616,0.027868334267639284,0.0,0.0,0.0,2.0,4.0
iconclass-ai:embhab_p-522a-2f-helmst_pic009.jpg,1713,104,0.5132726526753887,0.125,0.06791838968625369,0.0,0.0,0.009615384615384616,2.0,4.0
iconclass-ai:embhab_p-522a-2f-helmst_pic035.jpg,1713,63,0.6170867347306873,0.043478260869565216,0.045490425235757685,0.0,0.0,0.0,1.5,4.5
iconclass-ai:embhab_sf-231-1s_pic006.jpg,1713,46,0.762568442100986,0.008620689655172414,0.02202306199682551,0.0,0.0,0.0,2.0,5.0
iconclass-ai:embhab_sf-231-1s_pic015.jpg,1713,16,0.29249897913873935,0.02,0.013474549118163237,0.0,0.0,0.0,1.5,4.5
iconclass-ai:embhab_th-1402_pic029.jpg,1713,11,0.5190361432563769,0.004629629629629629,0.005702146219383616,0.0,0.0,0.0,3.5,4.0
iconclass-ai:embhab_th-1402_pic040.jpg,1713,58,0.5159136648780417,0.02702702702702703,0.030723637767441286,0.0,0.0,0.0,6.5,4.0
iconclass-ai:embhab_th-1402_pic046.jpg,1713,8,0.38802886148287924,0.003125,0.005085501450519964,0.0,0.0,0.0,2.0,5.0
iconclass-ai:embhab_th-1402_pic052.jpg,1713,28,0.5169006521161974,0.5,0.0348158676624881,0.0,0.03571428571428571,0.03571428571428571,2.0,3.0
iconclass-ai:embhab_th-1402_pic082.jpg,1713,11,0.31719452941740967,0.012987012987012988,0.008900318908881212,0.0,0.0,0.0,4.0,5.0
iconclass-ai:embhab_th-1402_pic154.jpg,1713,29,0.10928237677217857,0.010752688172043012,0.014306547253224082,0.0,0.0,0.0,1.0,4.0
iconclass-ai:embhab_uh-103_pic024.jpg,1713,68,0.3898506724225384,0.008771929824561403,0.035486542252535516,0.0,0.0,0.0,3.5,3.5
iconclass-ai:embhab_uh-103_pic034.jpg,1713,71,0.16647369787741373,0.16666666666666666,0.04749621832888959,0.0,0.0,0.014084507042253521,2.0,3.0
iconclass-ai:embhab_uh-103_pic048.jpg,1713,37,0.6545204139561025,0.018518518518518517,0.021561105919180982,0.0,0.0,0.0,1.0,3.0
iconclass-ai:embhab_uh-103_pic060.jpg,1713,46,0.31418614167672326,0.0625,0.029377675745992468,0.0,0.0,0.0,2.0,3.0
iconclass-ai:embhab_uh-103_pic062.jpg,1713,49,0.7190526411764158,0.3333333333333333,0.040129438044706714,0.0,0.02040816326530612,0.02040816326530612,1.0,3.0
iconclass-ai:embhab_uh-103_pic072.jpg,1713,33,0.4066392799050654,0.023809523809523808,0.02230771532720174,0.0,0.0,0.0,2.0,3.0
iconclass-ai:embhab_uh-103_pic074.jpg,1713,76,0.6313845703798637,0.5,0.05644313923178301,0.0,0.02631578947368421,0.039473684210526314,2.5,3.0
iconclass-ai:embhab_uh-103_pic084.jpg,1713,86,0.7338395478276152,0.125,0.06092249887060556,0.0,0.0,0.011627906976744186,3.0,3.0
iconclass-ai:embhab_uh-103_pic088.jpg,1713,71,0.4386252773943207,0.024390243902439025,0.04156772283681842,0.0,0.0,0.0,1.0,3.0
iconclass-ai:embhab_uh-103_pic096.jpg,1713,40,0.6144991153831486,1.0,0.04740989841453241,0.025,0.025,0.025,1.0,2.0
iconclass-ai:embhab_uk40_pic022.jpg,1713,38,0.4762697657425463,0.01,0.02635441075630044,0.0,0.0,0.0,2.0,5.0
iconclass-ai:embhab_uk40_pic046.jpg,1713,19,0.48714344698685486,0.01818181818181818,0.01175057689862925,0.0,0.0,0.0,3.0,4.0
iconclass-ai:embhab_uk40_pic048.jpg,1713,22,0.48967108564029865,0.05263157894736842,0.02047794686419743,0.0,0.0,0.0,1.0,4.0
iconclass-ai:embhab_uk40_pic050.jpg,1713,15,0.48329225481426763,0.011111111111111112,0.00793581851662329,0.0,0.0,0.0,1.0,4.5
iconclass-ai:embhab_uk40_pic070.jpg,1713,57,0.6622909557464642,0.041666666666666664,0.03641425052285947,0.0,0.0,0.0,3.0,5.0
iconclass-ai:embhab_uk40_pic076.jpg,1713,30,0.7686769518220508,0.14285714285714285,0.02900070734053823,0.0,0.0,0.03333333333333333,2.5,5.5
iconclass-ai:embhab_uk40_pic084.jpg,1713,104,0.7494263590251175,0.5,0.06728365393894825,0.0,0.009615384615384616,0.009615384615384616,10.0,4.0
iconclass-ai:embhab_wa-6382_pic021.jpg,1713,25,0.5109776528671294,0.1111111111111111,0.025126510950687932,0.0,0.0,0.04,5.0,4.0
iconclass-ai:embhab_wa-6382_pic035.jpg,1713,79,0.6116123356929106,0.09090909090909091,0.04950449370910144,0.0,0.0,0.0,4.5,4.0
iconclass-ai:embhab_wa-6382_pic043.jpg,1713,7,0.7352575382094703,0.038461538461538464,0.010624397378414432,0.0,0.0,0.0,2.0,3.0
iconclass-ai:embhab_wa-6382_pic052.jpg,1713,26,0.5440862069280785,0.004694835680751174,0.01537175912722267,0.0,0.0,0.0,3.0,5.0
iconclass-ai:embhab_wa-6382_pic063.jpg,1713,8,0.454502969701479,0.0019801980198019802,0.004147585026572596,0.0,0.0,0.0,1.0,4.0
iconclass-ai:embhab_wa-6382_pic069.jpg,1713,52,0.6619134700590108,0.017241379310344827,0.03551762691594656,0.0,0.0,0.0,5.0,4.0
iconclass-ai:embhab_wa-6382_pic087.jpg,1713,53,0.24354179703072706,0.0625,0.03444268536046358,0.0,0.0,0.0,5.0,4.0
iconclass-ai:embhab_wa-6382_pic121.jpg,1713,68,1.0,0.2,0.04370019336019194,0.0,0.014705882352941176,0.014705882352941176,2.5,4.0
iconclass-ai:embhab_wa-6382_pic197.jpg,1713,3,0.2928414147263082,0.011111111111111112,0.005413384754496629,0.0,0.0,0.0,1.5,2.5
iconclass-ai:embhab_wa-6382_pic234.jpg,1713,62,0.5192046562377126,0.045454545454545456,0.03561163928683319,0.0,0.0,0.0,1.5,4.0
iconclass-ai:embhab_wa-6382_pic243.jpg,1713,71,0.5804573719666726,0.018867924528301886,0.04336167950100621,0.0,0.0,0.0,2.0,4.0
iconclass-ai:embhab_wa-6382_pic250.jpg,1713,78,0.5918473105427416,0.09090909090909091,0.05838044056606506,0.0,0.0,0.0,4.0,3.0
iconclass-ai:embhab_wa-6382_pic266.jpg,1713,72,0.4731339136209245,0.041666666666666664,0.04364663392845893,0.0,0.0,0.0,3.0,4.0
iconclass-ai:embhab_wa-6382_pic273.jpg,1713,1,0.4367098085084188,0.0008319467554076539,0.0008319467554076539,0.0,0.0,0.0,1.0,4.0
iconclass-ai:embhab_wa-6382_pic306.jpg,1713,12,0.6653677584670573,0.022727272727272728,0.009014355506080658,0.0,0.0,0.0,1.0,4.5
iconclass-ai:embhab_wa-6382_pic345.jpg,1713,68,0.2453173478361735,0.0625,0.039756799111974626,0.0,0.0,0.0,3.5,4.0
iconclass-ai:embhab_xb-6512_pic025.jpg,1713,66,0.45956488499676995,0.05555555555555555,0.035609725842342704,0.0,0.0,0.0,3.0,3.0
iconclass-ai:embhab_xb-6512_pic031.jpg,1713,117,0.4802743981601835,0.05555555555555555,0.0697972964264702,0.0,0.0,0.0,4.0,5.0
iconclass-ai:embhab_xb-6512_pic037.jpg,1713,77,0.5208845682910583,0.0196078431372549,0.04916505455536219,0.0,0.0,0.0,4.0,3.5
iconclass-ai:embhab_xb-6512_pic041.jpg,1713,65,0.49603007403937055,0.2,0.045773358001753535,0.0,0.015384615384615385,0.015384615384615385,2.0,3.0
iconclass-ai:embhab_xb-6512_pic047.jpg,1713,8,0.20750711936518498,0.007518796992481203,0.005691129100586952,0.0,0.0,0.0,2.0,5.0
iconclass-ai:embhab_xb-6512_pic049.jpg,1713,7,0.34446025054896345,0.005208333333333333,0.0061637223795945745,0.0,0.0,0.0,1.0,5.0
iconclass-ai:embhab_xb-6512_pic055.jpg,1713,33,0.6966709944839681,0.045454545454545456,0.01785106039589557,0.0,0.0,0.0,3.0,4.0
iconclass-ai:embhab_xb-6512_pic093.jpg,1713,69,0.5825427133274715,0.09090909090909091,0.05499865403390146,0.0,0.0,0.0,6.5,5.0
iconclass-ai:embhab_xb-6512_pic123.jpg,1713,66,0.7631742677668557,1.0,0.053435713554535406,0.015151515151515152,0.015151515151515152,0.015151515151515152,2.0,5.0
iconclass-ai:embhab_xb-6512_pic129.jpg,1713,68,1.0,0.2,0.04851313205574088,0.0,0.014705882352941176,0.014705882352941176,5.0,5.0
iconclass-ai:embhab_xb-6512_pic145.jpg,1713,75,0.44029152224671475,0.0196078431372549,0.05580334434481532,0.0,0.0,0.0,7.0,3.5
iconclass-ai:embhab_xb-6512_pic147.jpg,1713,66,0.643064065335619,0.034482758620689655,0.042675681321325334,0.0,0.0,0.0,2.5,4.5
iconclass-ai:embhab_xb-6512_pic163.jpg,1713,65,0.5307076528541177,0.25,0.04942499238785016,0.0,0.015384615384615385,0.015384615384615385,1.0,5.0
iconclass-ai:embhab_xb-6512_pic173.jpg,1713,63,0.5091343488467408,0.5,0.05527656530848482,0.0,0.031746031746031744,0.031746031746031744,2.0,5.0
iconclass-ai:embhab_xb-6512_pic187.jpg,1713,72,0.6837680829693785,0.043478260869565216,0.049110515589605955,0.0,0.0,0.0,5.0,4.0
iconclass-ai:embhab_xb-6512_pic193.jpg,1713,66,0.4342291280071801,0.1,0.03927116414169756,0.0,0.0,0.015151515151515152,4.0,5.0
iconclass-ai:embhab_xb-6512_pic195.jpg,1713,64,0.5540692076104275,0.025,0.038250141556787506,0.0,0.0,0.0,2.0,4.0
iconclass-ai:embhab_xb-6512_pic221.jpg,1713,63,0.2832264711360454,0.03225806451612903,0.04738026928064576,0.0,0.0,0.0,2.0,6.0
iconclass-ai:embhab_xb-6512_pic225.jpg,1713,63,0.40676420349241027,0.1,0.040542318263878795,0.0,0.0,0.015873015873015872,2.0,7.0
iconclass-ai:embhab_xb-6512_pic233.jpg,1713,8,0.4512044453031599,0.0021231422505307855,0.004417122968765381,0.0,0.0,0.0,3.0,5.0
iconclass-ai:embhab_xb-6512_pic235.jpg,1713,72,0.8226558214467672,0.25,0.04345108771260844,0.0,0.013888888888888888,0.013888888888888888,1.0,6.0
iconclass-ai:embhab_xb-6512_pic255.jpg,1713,63,0.433532687930269,0.012048192771084338,0.04003661589255241,0.0,0.0,0.0,1.0,6.0
iconclass-ai:embhab_xb-6512_pic263.jpg,1713,68,0.479098140550183,0.1111111111111111,0.041169184576138745,0.0,0.0,0.014705882352941176,3.0,4.0
iconclass-ai:embhab_xb-6512_pic271.jpg,1713,63,0.43276995971025023,0.09090909090909091,0.040169035314005494,0.0,0.0,0.0,1.0,4.0
iconclass-ai:embhab_xb-6512_pic279.jpg,1713,36,0.7583521956998235,0.16666666666666666,0.032100017599203695,0.0,0.0,0.027777777777777776,5.0,4.0
iconclass-ai:embhab_xb-6512_pic281.jpg,1713,91,0.6853669210382587,0.05,0.05269058979407134,0.0,0.0,0.0,6.0,4.0
iconclass-ai:embhab_xb-6512_pic285.jpg,1713,67,0.7549965659044304,0.07692307692307693,0.03766653835835345,0.0,0.0,0.0,4.0,3.0
iconclass-ai:embhab_xb-6512_pic301.jpg,1713,68,0.8298658233029627,0.038461538461538464,0.0354218052513605,0.0,0.0,0.0,3.0,3.0
iconclass-ai:embhab_xb-6512_pic303.jpg,1713,67,0.44253360919080037,0.038461538461538464,0.03437575117702791,0.0,0.0,0.0,4.0,4.5
iconclass-ai:embhab_xb-6512_pic307.jpg,1713,66,0.3961481229135981,0.2,0.038898601691767676,0.0,0.015151515151515152,0.015151515151515152,2.0,4.0
iconclass-ai:embhab_xb-6512_pic317.jpg,1713,127,0.2928643168383516,0.07142857142857142,0.0795668527862042,0.0,0.0,0.0,7.0,4.0
iconclass-ai:embhab_xb-6512_pic341.jpg,1713,75,0.7174110942864361,0.14285714285714285,0.04722025479830555,0.0,0.0,0.013333333333333334,7.0,4.0
iconclass-ai:embhab_xb-6512_pic369.jpg,1713,72,0.4146966407415662,0.1,0.052858515064773764,0.0,0.0,0.013888888888888888,5.0,4.0
iconclass-ai:embhab_xb-6512_pic385.jpg,1713,69,0.7413185551124607,0.14285714285714285,0.050197690196205555,0.0,0.0,0.014492753623188406,3.5,4.0
iconclass-ai:embhab_xb-6512_pic405.jpg,1713,79,0.5724022875998388,0.16666666666666666,0.04613763152133541,0.0,0.0,0.012658227848101266,10.5,4.0
iconclass-ai:embhab_xb-6512_pic411.jpg,1713,71,0.6117937577256588,0.08333333333333333,0.041706494999797734,0.0,0.0,0.0,8.5,4.0
iconclass-ai:embhab_xb-6512_pic421.jpg,1713,77,0.6812980663758933,1.0,0.05887440361337671,0.012987012987012988,0.025974025974025976,0.025974025974025976,11.0,3.5
iconclass-ai:embhab_xb-6512_pic431.jpg,1713,70,0.6373279918801454,0.3333333333333333,0.05735607578649946,0.0,0.014285714285714285,0.02857142857142857,5.5,5.0
iconclass-ai:embhab_xb-6512_pic433.jpg,1713,75,0.38387580204568666,0.3333333333333333,0.05918032337511511,0.0,0.013333333333333334,0.013333333333333334,6.0,4.0
iconclass-ai:embhab_xb-6512_pic435.jpg,1713,74,0.14591585641334426,0.017241379310344827,0.035219455606890014,0.0,0.0,0.0,2.5,5.0
iconclass-ai:embhab_xb-6512_pic463.jpg,1713,70,0.6098666756384696,0.5,0.046231450302354225,0.0,0.014285714285714285,0.014285714285714285,4.0,3.0
iconclass-ai:embhab_xb-6512_pic473.jpg,1713,71,0.34033737163741584,0.017857142857142856,0.03532221055753605,0.0,0.0,0.0,9.0,4.0
iconclass-ai:embhab_xb-6512_pic477.jpg,1713,67,0.6163798825136018,0.09090909090909091,0.04072723458343962,0.0,0.0,0.0,2.0,5.0
iconclass-ai:embhab_xb-6512_pic479.jpg,1713,8,0.6582254423804049,0.018518518518518517,0.007053051767510608,0.0,0.0,0.0,2.5,5.5
iconclass-ai:embhab_xb-6512_pic491.jpg,1713,93,0.7385567757549498,1.0,0.0698343689331399,0.010752688172043012,0.010752688172043012,0.021505376344086023,15.0,4.5
iconclass-ai:embhab_xb-6512_pic499.jpg,1713,68,0.42543605427615394,0.0196078431372549,0.03833053675360166,0.0,0.0,0.0,6.0,5.0
iconclass-ai:embhab_xb-6512_pic527.jpg,1713,68,0.7065836017263628,0.125,0.03736361716046563,0.0,0.0,0.014705882352941176,4.0,4.0
iconclass-ai:embhab_xb-6512_pic553.jpg,1713,69,0.5285714464742279,0.018867924528301886,0.04101759207891809,0.0,0.0,0.0,6.0,4.0
iconclass-ai:embhab_xb-6512_pic561.jpg,1713,0,0.3718724973257331,,,,,,1.0,5.5
iconclass-ai:embhab_xb-6512_pic581.jpg,1713,67,0.6313967727380463,0.011764705882352941,0.04023147389001246,0.0,0.0,0.0,3.0,4.0
iconclass-ai:embhab_xb-6512_pic589.jpg,1713,65,0.5041998877993078,0.025,0.040322680829395725,0.0,0.0,0.0,2.0,5.0
iconclass-ai:embhab_xb-6512_pic593.jpg,1713,72,0.7421504716150823,0.14285714285714285,0.05827547463251939,0.0,0.0,0.013888888888888888,12.0,4.0
iconclass-ai:embhab_xb-6512_pic603.jpg,1713,69,0.7362158490297713,0.5,0.04577700163703888,0.0,0.014492753623188406,0.014492753623188406,4.5,4.0
iconclass-ai:embhab_xb-6512_pic609.jpg,1713,72,0.7075554008542937,0.16666666666666666,0.04283456391880334,0.0,0.0,0.013888888888888888,3.0,4.0
iconclass-ai:embhab_xb-6512_pic615.jpg,1713,77,0.5742685964193027,0.16666666666666666,0.0466866012785901,0.0,0.0,0.012987012987012988,7.0,4.0
iconclass-ai:embhab_xb-6512_pic627.jpg,1713,70,0.8735233154072567,0.5,0.04806089593393759,0.0,0.014285714285714285,0.014285714285714285,2.0,5.0
iconclass-ai:embhab_xb-6512_pic629.jpg,1713,74,0.688712283348071,0.25,0.05190857141990998,0.0,0.013513513513513514,0.02702702702702703,4.0,3.5
iconclass-ai:embhab_xb-6512_pic645.jpg,1713,66,0.44306472293967436,0.041666666666666664,0.043795973891435434,0.0,0.0,0.0,1.0,3.0
iconclass-ai:embhab_xb-6512_pic673.jpg,1713,93,0.5739091637167127,0.07142857142857142,0.055542196671918814,0.0,0.0,0.0,9.0,4.0
iconclass-ai:embhab_xb-6512_pic677.jpg,1713,69,0.5477638472576496,0.2,0.041518771249560917,0.0,0.014492753623188406,0.014492753623188406,1.5,5.0
iconclass-ai:embhab_xb-6512_pic691.jpg,1713,65,0.5149959142830888,0.07692307692307693,0.0384477022831254,0.0,0.0,0.0,1.0,6.0
iconclass-ai:embhab_xb-6512_pic701.jpg,1713,75,0.5321624460253548,0.01694915254237288,0.04106847078446461,0.0,0.0,0.0,1.0,5.0
iconclass-ai:embhab_xb-6512_pic711.jpg,1713,65,0.7175678189364466,0.05555555555555555,0.04085356285387123,0.0,0.0,0.0,2.0,4.0
iconclass-ai:embhab_xb-6512_pic713.jpg,1713,5,0.24566581709496602,0.0045045045045045045,0.0037867448984882624,0.0,0.0,0.0,1.0,4.5
iconclass-ai:embhab_xb-6512_pic727.jpg,1713,69,0.39707857621294074,0.07142857142857142,0.034343468045076,0.0,0.0,0.0,4.5,4.0
iconclass-ai:embhab_xb-6512_pic739.jpg,1713,68,0.6240168778890357,1.0,0.05619722101810736,0.014705882352941176,0.014705882352941176,0.014705882352941176,2.5,4.5
iconclass-ai:embhab_xb-6512_pic747.jpg,1713,71,0.6719377023185354,0.013157894736842105,0.03245722883675866,0.0,0.0,0.0,6.0,4.0
iconclass-ai:embhab_xb-6512_pic749.jpg,1713,64,1.0,0.05555555555555555,0.0371717036999244,0.0,0.0,0.0,2.0,4.0
iconclass-ai:embhab_xb-6512_pic757.jpg,1713,64,0.668721079787013,0.06666666666666667,0.049594519384011444,0.0,0.0,0.0,2.0,4.0
iconclass-ai:embhab_xb-6512_pic759.jpg,1713,66,0.772218912422139,0.2,0.04633560684118892,0.0,0.015151515151515152,0.015151515151515152,2.0,4.0
iconclass-ai:embhab_xb-6512_pic763.jpg,1713,74,0.4624805547553804,0.1111111111111111,0.04174770821887427,0.0,0.0,0.013513513513513514,2.5,4.0
iconclass-ai:embhab_xb-6512_pic769.jpg,1713,74,0.13482437919438686,0.04,0.0393427797199285,0.0,0.0,0.0,1.0,5.0
iconclass-ai:embmne_pae1591_pic009.jpg,1713,4,0.4277851247544374,0.0022371364653243847,0.0024835125203084103,0.0,0.0,0.0,1.0,4.5
iconclass-ai:embmne_pae1591_pic011.jpg,1713,3,0.4784260076523426,0.02702702702702703,0.010398696018165047,0.0,0.0,0.0,1.0,5.5
iconclass-ai:embmne_pae1591_pic017.jpg,1713,43,0.5103477931730467,0.14285714285714285,0.026128509125174434,0.0,0.0,0.023255813953488372,1.0,5.0
iconclass-ai:embmne_pae1591_pic029.jpg,1713,67,0.3923180645328436,0.14285714285714285,0.04100830988724364,0.0,0.0,0.014925373134328358,3.0,4.0
iconclass-ai:embmne_pae1591_pic035.jpg,1713,8,0.749972860760109,0.015151515151515152,0.007693888457714875,0.0,0.0,0.0,1.0,4.0
iconclass-ai:embmne_pae1591_pic046.jpg,1713,93,0.3694217193160723,0.1111111111111111,0.058437858135024306,0.0,0.0,0.010752688172043012,3.0,3.0
iconclass-ai:embmne_pae1591_pic055.jpg,1713,4,0.5713913571593533,0.0018115942028985507,0.0027420135012723714,0.0,0.0,0.0,1.5,4.5
iconclass-ai:embmne_pae1591_pic067.jpg,1713,5,0.729169436567959,0.002570694087403599,0.0032762696983568785,0.0,0.0,0.0,1.0,5.0
iconclass-ai:embmne_pae1591_pic081.jpg,1713,28,0.602845556167475,0.02702702702702703,0.02195422275097181,0.0,0.0,0.0,2.0,4.0
iconclass-ai:embmne_pae1591_pic101.jpg,1713,20,0.24434665325577967,0.03225806451612903,0.018691434813253312,0.0,0.0,0.0,1.0,3.5
iconclass-ai:embmne_pae1591_pic125.jpg,1713,60,0.6694299349273694,0.05,0.03378542001664695,0.0,0.0,0.0,1.0,6.0
iconclass-ai:embmne_pae1591_pic143.jpg,1713,28,0.6237013035392913,0.016666666666666666,0.016681352506233663,0.0,0.0,0.0,2.0,3.5
iconclass-ai:embmne_pae1591_pic152.jpg,1713,90,0.6956597288983334,0.07142857142857142,0.05345588861666453,0.0,0.0,0.0,9.5,5.0
iconclass-ai:embmne_pae1591_pic158.jpg,1713,18,0.7007173790338904,0.008771929824561403,0.008633972859337506,0.0,0.0,0.0,3.0,5.5
iconclass-ai:embmne_pae1591_pic160.jpg,1713,26,0.5462574254588144,0.012195121951219513,0.013042644421087072,0.0,0.0,0.0,1.0,4.0
iconclass-ai:embmne_pae1591_pic174.jpg,1713,57,0.6290907451837077,0.03225806451612903,0.03543029699458371,0.0,0.0,0.0,1.5,4.0
iconclass-ai:embmne_pae1591_pic176.jpg,1713,5,0.49352207122423897,0.00411522633744856,0.005868170267061529,0.0,0.0,0.0,1.0,3.0
iconclass-ai:embmne_pae1591_pic188.jpg,1713,0,0.47423377631803804,,,,,,1.0,4.0
iconclass-ai:embmne_pae1591_pic191.jpg,1713,2,0.4440083581072577,0.0015600624024961,0.0014038615194015122,0.0,0.0,0.0,1.0,3.0
iconclass-ai:embmne_pae1591_pic202.jpg,1713,14,0.598985236812659,0.014492753623188406,0.011388574691563739,0.0,0.0,0.0,1.0,4.0
iconclass-ai:embmne_pae1591_pic203.jpg,1713,15,0.6260255067076268,0.007142857142857143,0.008550609147376424,0.0,0.0,0.0,2.0,3.0
iconclass-ai:embmne_pae1591_pic217.jpg,1713,12,0.7603057987625841,0.005649717514124294,0.007362159161749892,0.0,0.0,0.0,2.0,3.0
iconclass-ai:embmne_pae1591_pic233.jpg,1713,12,0.7688545678881252,0.16666666666666666,0.02326866279880785,0.0,0.0,0.08333333333333333,2.0,4.0
iconclass-ai:embmne_pae1591_pic237.jpg,1713,6,0.586831615374078,0.0027624309392265192,0.0032427937566461957,0.0,0.0,0.0,1.0,4.0
iconclass-ai:embmne_pae1591_pic265.jpg,1713,29,0.6096041089286396,0.022727272727272728,0.019356336491254404,0.0,0.0,0.0,1.5,3.0
iconclass-ai:embmne_pae1591_pic268.jpg,1713,10,0.45973002455603074,0.034482758620689655,0.009054917412536372,0.0,0.0,0.0,2.0,4.0
iconclass-ai:embmne_pae1591_pic284.jpg,1713,27,0.512055070392697,0.038461538461538464,0.02853245237065038,0.0,0.0,0.0,2.0,6.0
iconclass-ai:embmne_pae1591_pic286.jpg,1713,9,0.7156719188390824,0.016666666666666666,0.008985371226450803,0.0,0.0,0.0,1.0,4.0
iconclass-ai:embmne_pae1591_pic288.jpg,1713,52,0.5444910720201729,0.06666666666666667,0.03132171991581459,0.0,0.0,0.0,1.5,5.5
iconclass-ai:embmne_pae1591_pic295.jpg,1713,1,0.28727193118116723,0.009523809523809525,0.009523809523809525,0.0,0.0,0.0,1.0,5.0
iconclass-ai:embmne_pae1591_pic331.jpg,1713,21,0.5328899606248908,0.037037037037037035,0.013080152351335875,0.0,0.0,0.0,1.0,4.5
iconclass-ai:embmne_pae1591_pic332.jpg,1713,56,0.6872775948070527,0.0125,0.02970033584707694,0.0,0.0,0.0,1.0,4.5
iconclass-ai:embmne_pae1591_pic336.jpg,1713,51,0.22332814345422886,0.02631578947368421,0.04540569771352435,0.0,0.0,0.0,2.0,4.5
iconclass-ai:embmne_pae1591_pic341.jpg,1713,64,0.4562727282800963,0.02702702702702703,0.04491267950747345,0.0,0.0,0.0,5.5,5.0
iconclass-ai:embmne_pae1591_pic354.jpg,1713,37,0.5096352838736623,0.03225806451612903,0.02248246602583327,0.0,0.0,0.0,1.0,5.0
iconclass-ai:embmne_pae1591_pic360.jpg,1713,120,0.4356132376698966,0.06666666666666667,0.07117891865578864,0.0,0.0,0.0,4.0,5.0
iconclass-ai:embmne_pae1591_pic367.jpg,1713,68,0.8433827354668467,0.024390243902439025,0.041138850675822965,0.0,0.0,0.0,2.5,5.0
iconclass-ai:embstma_1667_pic002.jpg,1713,155,0.7517834705432831,0.16666666666666666,0.09253294429690065,0.0,0.0,0.012903225806451613,5.0,5.0
iconclass-ai:embstma_1667_pic004.jpg,1713,156,0.5325506190858094,0.03571428571428571,0.1015274980002787,0.0,0.0,0.0,4.0,5.0
iconclass-ai:embstma_1667_pic008.jpg,1713,82,0.6104149715399181,0.125,0.04996720311002302,0.0,0.0,0.012195121951219513,2.0,5.0
iconclass-ai:embstma_1667_pic011.jpg,1713,106,0.5662140972700125,0.16666666666666666,0.05491818625823606,0.0,0.0,0.009433962264150943,6.0,4.5
iconclass-ai:embstma_1667_pic014.jpg,1713,199,0.810652870615063,0.5,0.11924479397600043,0.0,0.010050251256281407,0.010050251256281407,4.5,5.0
iconclass-ai:embstma_1667_pic019.jpg,1713,153,0.7874614167157622,0.5,0.10381797678487205,0.0,0.013071895424836602,0.013071895424836602,4.5,4.0
iconclass-ai:embstma_1667_pic020.jpg,1713,157,0.6694291089736059,0.043478260869565216,0.08601522846605668,0.0,0.0,0.0,5.0,4.0
iconclass-ai:embstma_1667_pic024.jpg,1713,1,0.6131002721251324,0.0008741258741258741,0.0008741258741258741,0.0,0.0,0.0,1.0,4.0
iconclass-ai:embstma_1667_pic025.jpg,1713,79,0.5878941864324819,0.1111111111111111,0.051896396491865414,0.0,0.0,0.012658227848101266,3.0,5.0
iconclass-ai:embstma_1667_pic026.jpg,1713,128,0.38322077716377784,0.3333333333333333,0.07470541715333268,0.0,0.0078125,0.0078125,4.0,5.0
iconclass-ai:embstma_1667_pic030.jpg,1713,60,0.5234249827578311,0.03125,0.03256355554445049,0.0,0.0,0.0,2.0,4.5
iconclass-ai:embstma_1667_pic032.jpg,1713,182,0.4567863095995529,0.08333333333333333,0.10278455339401349,0.0,0.0,0.0,4.5,5.0
iconclass-ai:embstma_1667_pic034.jpg,1713,88,0.6411199753811286,0.04,0.046285519824128846,0.0,0.0,0.0,2.0,4.0
iconclass-ai:embstma_1667_pic044.jpg,1713,92,0.7327031410960994,0.1111111111111111,0.055831543741401875,0.0,0.0,0.010869565217391304,1.0,4.0
iconclass-ai:embstma_1667_pic050b.jpg,1713,150,0.4160072210412197,1.0,0.09740443559090085,0.006666666666666667,0.006666666666666667,0.006666666666666667,3.0,5.0
iconclass-ai:embstma_1667_pic052a.jpg,1713,79,0.620926437495429,0.010638297872340425,0.03698835428391011,0.0,0.0,0.0,2.5,5.0
iconclass-ai:embstma_1667_pic056.jpg,1713,163,0.6107161093281471,0.125,0.0964035915296545,0.0,0.0,0.006134969325153374,5.0,4.0
iconclass-ai:embstma_1667_pic060.jpg,1713,105,0.5366592113738408,0.02564102564102564,0.06082547614659137,0.0,0.0,0.0,2.0,5.0
iconclass-ai:embstma_1667_pic063.jpg,1713,91,0.6786886280677081,0.037037037037037035,0.04787978432863267,0.0,0.0,0.0,3.0,6.0
iconclass-ai:embstma_1667_pic066.jpg,1713,71,0.5735290250320381,0.03225806451612903,0.04046172686265444,0.0,0.0,0.0,1.0,3.5
iconclass-ai:embstma_1667_pic069.jpg,1713,121,0.45437659861356616,0.25,0.07820903988330394,0.0,0.008264462809917356,0.01652892561983471,2.0,5.0
iconclass-ai:embstma_1667_pic077b.jpg,1713,143,0.6981836522320901,1.0,0.09273078327711995,0.006993006993006993,0.006993006993006993,0.006993006993006993,8.0,5.0
iconclass-ai:embstma_1667_pic083.jpg,1713,140,0.8078799414633644,0.16666666666666666,0.0843843681016241,0.0,0.0,0.007142857142857143,3.0,5.0
iconclass-ai:embstma_1667_pic094.jpg,1713,115,0.2523993659069699,0.0625,0.07526356354883423,0.0,0.0,0.0,2.0,4.0
iconclass-ai:embstma_1667_pic095.jpg,1713,91,0.6272955391423077,0.16666666666666666,0.05202992115431538,0.0,0.0,0.01098901098901099,6.0,5.0
iconclass-ai:embstma_1667_pic097.jpg,1713,168,0.5326727085783384,0.07142857142857142,0.09411450673988113,0.0,0.0,0.0,7.0,5.0
iconclass-ai:embstma_1667_pic115.jpg,1713,59,0.7033085608598897,0.008264462809917356,0.03215223386279152,0.0,0.0,0.0,1.5,3.0
iconclass-ai:embstma_1667_pic142.jpg,1713,151,0.6900315212912962,0.3333333333333333,0.09036716250464268,0.0,0.006622516556291391,0.013245033112582781,1.5,4.0
iconclass-ai:embstma_1667_pic150.jpg,1713,89,0.4767651468606287,0.07142857142857142,0.05161793860968413,0.0,0.0,0.0,3.0,5.0
iconclass-ai:embstma_1667_pic153b.jpg,1713,39,0.6522529610913017,0.07142857142857142,0.025471887663454273,0.0,0.0,0.0,1.5,4.0
iconclass-ai:embstma_1667_pic156a.jpg,1713,107,0.3191780328626969,0.06666666666666667,0.07567627869345404,0.0,0.0,0.0,3.0,5.0
iconclass-ai:embstma_1667_pic158.jpg,1713,93,0.5995537007048032,0.1,0.04775976867763248,0.0,0.0,0.010752688172043012,3.0,5.0
iconclass-ai:embstma_1667_pic161.jpg,1713,64,0.5921719597155861,0.125,0.03661471643943271,0.0,0.0,0.015625,1.0,5.0
iconclass-ai:embstma_1667_pic166b.jpg,1713,93,0.7537702023662866,0.05,0.06120803313785408,0.0,0.0,0.0,2.0,4.0
iconclass-ai:embstma_1667_pic168b.jpg,1713,23,0.4573106674711764,0.007462686567164179,0.011767455891352334,0.0,0.0,0.0,1.0,4.5
iconclass-ai:embstma_1667_pic171.jpg,1713,48,0.4996702889041723,0.047619047619047616,0.031159347462599175,0.0,0.0,0.0,2.0,4.0
iconclass-ai:embstma_1667_pic179.jpg,1713,114,0.41915237105210834,0.1111111111111111,0.07369030117025852,0.0,0.0,0.008771929824561403,6.0,4.0
iconclass-ai:embstma_1667_pic180.jpg,1713,90,0.4683251315128132,0.16666666666666666,0.07085796513206251,0.0,0.0,0.011111111111111112,4.0,5.0
iconclass-ai:embstma_1667_pic184.jpg,1713,14,0.6802194802503341,0.0043859649122807015,0.010172130780953742,0.0,0.0,0.0,2.0,4.0
iconclass-ai:embstma_1667_pic188a.jpg,1713,2,0.6069880544904374,0.0011441647597254005,0.0013052202097747238,0.0,0.0,0.0,1.0,4.0
iconclass-ai:embstma_1667_pic189b.jpg,1713,175,0.6464957994951699,0.1111111111111111,0.10742589093875066,0.0,0.0,0.005714285714285714,2.5,4.0
iconclass-ai:embstma_1667_pic190b.jpg,1713,89,0.4735010499687723,0.047619047619047616,0.05484527514283486,0.0,0.0,0.0,6.0,5.0
iconclass-ai:embstma_1667_pic198.jpg,1713,139,0.6310479054761872,0.0625,0.07722230399406262,0.0,0.0,0.0,4.5,5.0
iconclass-ai:embstma_1667_pic208.jpg,1713,103,0.7304540114349778,1.0,0.06469292025840234,0.009708737864077669,0.009708737864077669,0.009708737864077669,3.0,5.0
iconclass-ai:embstma_1667_pic220.jpg,1713,107,0.7093051569198073,0.06666666666666667,0.06425339284917367,0.0,0.0,0.0,2.0,4.0
iconclass-ai:embstma_1667_pic223.jpg,1713,170,0.755946885699936,0.125,0.10657496469738688,0.0,0.0,0.0058823529411764705,7.0,4.0
iconclass-ai:embstma_1667_pic224a.jpg,1713,49,0.5136306752435819,0.043478260869565216,0.04041560565637891,0.0,0.0,0.0,3.0,6.0
iconclass-ai:embstma_1667_pic226.jpg,1713,65,0.7370325378564463,0.030303030303030304,0.032944811779678285,0.0,0.0,0.0,4.5,5.0
iconclass-ai:embstma_1667_pic229b.jpg,1713,6,0.5118353047333053,0.005291005291005291,0.005030168458423821,0.0,0.0,0.0,1.0,4.0
iconclass-ai:embstma_204_fac009.jpg,1713,22,0.5995412301801072,0.005208333333333333,0.012906705258473088,0.0,0.0,0.0,4.0,3.0
iconclass-ai:embstma_204_fac017.jpg,1713,78,0.3460053002029415,0.03333333333333333,0.04572920918889613,0.0,0.0,0.0,4.0,5.0
iconclass-ai:embstma_204_fac019.jpg,1713,39,0.832379426274659,0.011235955056179775,0.02118153038748146,0.0,0.0,0.0,3.0,5.0
iconclass-ai:embstma_204_fac041.jpg,1713,40,0.38935674295789635,0.021739130434782608,0.024109055742698494,0.0,0.0,0.0,1.5,4.0
iconclass-ai:embstma_204_fac045.jpg,1713,12,0.47864253025240877,0.0058823529411764705,0.006566758301717311,0.0,0.0,0.0,1.0,4.0
iconclass-ai:embstma_204_fac057.jpg,1713,54,0.8083724851682778,0.013888888888888888,0.0284485621527135,0.0,0.0,0.0,2.5,3.5
iconclass-ai:embstma_204_fac061.jpg,1713,8,0.550743208404229,0.006369426751592357,0.0053794589805353,0.0,0.0,0.0,2.5,3.5
iconclass-ai:embstma_204_fac079.jpg,1713,73,0.6860525125156253,0.0625,0.04579713681514764,0.0,0.0,0.0,2.5,3.0
iconclass-ai:embstma_204_fac083.jpg,1713,13,0.7782456556723454,0.01818181818181818,0.0145324314108133,0.0,0.0,0.0,1.0,4.0
iconclass-ai:embstma_204_fac087.jpg,1713,33,0.4870635109294338,0.016666666666666666,0.017817621642227312,0.0,0.0,0.0,3.0,3.5
iconclass-ai:embstma_204_fac105.jpg,1713,18,0.4952914034291338,0.5,0.03718731439444877,0.0,0.05555555555555555,0.05555555555555555,2.0,3.0
iconclass-ai:embstma_204_fac107.jpg,1713,39,0.7104568299742448,0.015625,0.026402079746858025,0.0,0.0,0.0,2.0,4.5
iconclass-ai:embstma_204_fac117.jpg,1713,64,0.6917966692208126,0.07142857142857142,0.034187259223317196,0.0,0.0,0.0,4.0,4.0
iconclass-ai:embstma_204_fac169.jpg,1713,37,0.3217042615893563,0.07142857142857142,0.030266957048820393,0.0,0.0,0.0,1.5,4.5
iconclass-ai:embstma_204_fac203.jpg,1713,4,0.6088300945396735,0.004464285714285714,0.004177633813470775,0.0,0.0,0.0,1.5,3.0
iconclass-ai:embstma_260_pic047.jpg,1713,38,0.7056209691539339,0.038461538461538464,0.036223722958737194,0.0,0.0,0.0,4.0,5.0
iconclass-ai:embstma_260_pic083.jpg,1713,0,0.1957514124994548,,,,,,1.0,1.0
iconclass-ai:embstma_260_pic095.jpg,1713,0,0.6059848036189865,,,,,,1.0,1.0
iconclass-ai:embstma_260_pic097.jpg,1713,0,0.4361762012437024,,,,,,1.0,1.0
iconclass-ai:embstma_260_pic105.jpg,1713,0,0.5689307898222064,,,,,,1.0,1.0
iconclass-ai:embstma_260_pic107.jpg,1713,0,0.7781090361148814,,,,,,1.0,1.0
iconclass-ai:embstma_260_pic121.jpg,1713,0,0.5918081100152922,,,,,,1.0,1.0
iconclass-ai:embstma_260_pic123.jpg,1713,0,0.8579809428223729,,,,,,1.0,1.0
iconclass-ai:embstma_260_pic133.jpg,1713,0,0.9558305176970738,,,,,,1.0,1.0
iconclass-ai:embstma_260_pic149.jpg,1713,0,0.3125291152215463,,,,,,1.0,1.0
iconclass-ai:embstma_260_pic151.jpg,1713,0,0.7819835854675755,,,,,,1.0,1.0
iconclass-ai:embstma_260_pic157.jpg,1713,0,0.34785336488470786,,,,,,1.0,1.0
iconclass-ai:embstma_260_pic169.jpg,1713,0,0.8572048559638626,,,,,,1.0,1.0
iconclass-ai:embstma_260_pic175.jpg,1713,0,0.5393142374687243,,,,,,1.0,1.0
iconclass-ai:embstma_260_pic201.jpg,1713,0,0.3740813715168611,,,,,,1.0,1.0
iconclass-ai:embstma_260_pic203.jpg,1713,0,0.5779050396291793,,,,,,1.0,1.0
iconclass-ai:embstma_260_pic207.jpg,1713,0,0.2685529228900211,,,,,,1.0,1.0
iconclass-ai:embstma_260_pic221.jpg,1713,0,0.17805516535682314,,,,,,1.0,1.0
iconclass-ai:embstma_260_pic223.jpg,1713,0,0.3118959979796903,,,,,,1.0,1.0
iconclass-ai:embstma_260_pic233.jpg,1713,0,0.48461410185303994,,,,,,1.0,1.0
iconclass-ai:embstma_260_pic241.jpg,1713,0,0.45763598457996507,,,,,,1.0,1.0
iconclass-ai:embstma_260_pic279.jpg,1713,0,0.23690530871965634,,,,,,1.0,1.0
iconclass-ai:embstma_260_pic295.jpg,1713,0,0.16480432066594533,,,,,,1.0,1.0
iconclass-ai:embstma_260_pic307.jpg,1713,0,0.31688395040037487,,,,,,1.0,1.0
iconclass-ai:embstma_260_pic313.jpg,1713,0,0.5160056513536186,,,,,,1.0,1.0
iconclass-ai:embstma_260_pic317.jpg,1713,0,0.6421867266689009,,,,,,1.0,1.0
iconclass-ai:embstma_260_pic327.jpg,1713,0,0.4818998405251556,,,,,,1.0,1.0
iconclass-ai:embstma_260_pic345.jpg,1713,0,0.2757967850290143,,,,,,1.0,1.0
iconclass-ai:embstma_260_pic347.jpg,1713,0,0.5009732673492617,,,,,,1.0,1.0
iconclass-ai:embstma_260_pic377.jpg,1713,0,0.15735058713271358,,,,,,1.0,1.0
iconclass-ai:embstma_260_pic385.jpg,1713,0,0.6235540477207573,,,,,,1.0,1.0
iconclass-ai:embstma_260_pic393.jpg,1713,0,0.6563033086078545,,,,,,1.0,1.0
iconclass-ai:embstma_260_pic395.jpg,1713,0,0.1815528932140949,,,,,,1.0,1.0
iconclass-ai:embstma_260_pic399.jpg,1713,0,0.3316936730892071,,,,,,1.0,1.0
iconclass-ai:embstma_260_pic403.jpg,1713,0,0.47289350335945446,,,,,,1.0,1.0
iconclass-ai:embstma_260_pic405.jpg,1713,0,0.2999050316974944,,,,,,1.0,1.0
iconclass-ai:embstma_260_pic407.jpg,1713,0,0.40346228142267715,,,,,,1.0,1.0
iconclass-ai:embstma_260_pic409.jpg,1713,0,0.42880897068144436,,,,,,1.0,1.0
iconclass-ai:embstma_260_pic411.jpg,1713,0,0.3899240610185895,,,,,,1.0,1.0
iconclass-ai:embstma_260_pic423.jpg,1713,0,0.33159148445530806,,,,,,1.0,1.0
iconclass-ai:embstma_260_pic431.jpg,1713,0,0.6428470255501731,,,,,,1.0,1.0
iconclass-ai:embstma_260_pic433.jpg,1713,0,0.121825078691301,,,,,,1.0,1.0
iconclass-ai:embstma_260_pic445.jpg,1713,0,0.6067284095410667,,,,,,1.0,1.0
iconclass-ai:embstma_260_pic459.jpg,1713,0,0.37436379132621384,,,,,,1.0,1.0
iconclass-ai:embstma_260_pic461.jpg,1713,0,0.6601585067762745,,,,,,1.0,1.0
iconclass-ai:embstma_260_pic465.jpg,1713,0,0.7126819477827157,,,,,,1.0,1.0
iconclass-ai:embstma_260_pic495.jpg,1713,0,,,,,,,0.0,
iconclass-ai:embstma_260_pic531.jpg,1713,0,0.5886451238864684,,,,,,1.0,1.0
iconclass-ai:embstma_260_pic539.jpg,1713,0,0.31309448169356024,,,,,,1.0,1.0
iconclass-ai:embstma_260_pic557.jpg,1713,0,0.5121761803033865,,,,,,1.0,1.0
iconclass-ai:embstma_260_pic577.jpg,1713,0,0.6110191504983018,,,,,,1.0,1.0
iconclass-ai:embstma_260_pic581.jpg,1713,0,0.3642961339235121,,,,,,1.0,1.0
iconclass-ai:embstma_260_pic591.jpg,1713,0,0.4409203293308675,,,,,,1.0,1.0
iconclass-ai:embstma_260_pic593.jpg,1713,0,0.623574432899073,,,,,,1.0,1.0
iconclass-ai:embstma_260_pic607.jpg,1713,0,0.24655055544758614,,,,,,1.0,1.0
iconclass-ai:embstma_260_pic617.jpg,1713,0,0.5167852371698438,,,,,,1.0,1.0
iconclass-ai:embstma_260_pic641.jpg,1713,0,0.2528410271851774,,,,,,1.0,1.0
iconclass-ai:embstma_260_pic659.jpg,1713,0,0.28088150105118154,,,,,,1.0,1.0
iconclass-ai:embstma_260_pic671.jpg,1713,0,0.1673868533393625,,,,,,1.0,1.0
iconclass-ai:embstma_260_pic687.jpg,1713,0,0.175533619751264,,,,,,1.0,1.0
iconclass-ai:embstma_260_pic693.jpg,1713,0,0.5884674004369673,,,,,,1.0,1.0
iconclass-ai:embstma_260_pic733.jpg,1713,0,0.4579019682687332,,,,,,1.0,1.0
iconclass-ai:embstma_260_pic739.jpg,1713,0,0.5905744492820618,,,,,,1.0,1.0
iconclass-ai:embstma_260_pic741.jpg,1713,0,0.8630152897016882,,,,,,1.0,1.0
iconclass-ai:embstma_260_pic751.jpg,1713,6,0.2445761025745108,0.2,0.03757920738469393,0.0,0.16666666666666666,0.16666666666666666,3.0,6.0
iconclass-ai:embstma_260_pic763.jpg,1713,0,0.6378891765242927,,,,,,1.0,1.0
iconclass-ai:embstma_260_pic775.jpg,1713,0,0.456899187845258,,,,,,1.0,1.0
iconclass-ai:embstma_260_pic787.jpg,1713,0,0.25469837558210445,,,,,,1.0,1.0
iconclass-ai:embstma_260_pic823.jpg,1713,0,0.6427060105330679,,,,,,1.0,1.0
iconclass-ai:embstma_260_pic829.jpg,1713,0,0.5535276382503564,,,,,,1.0,1.0
iconclass-ai:embstma_260_pic831.jpg,1713,0,0.5548010254700118,,,,,,1.0,1.0
iconclass-ai:embstma_260_pic835.jpg,1713,0,0.3240249011590301,,,,,,1.0,1.0
iconclass-ai:embstma_260_pic849.jpg,1713,0,0.4982506457922279,,,,,,1.0,1.0
iconclass-ai:embstma_260_pic851.jpg,1713,0,0.6275139422490289,,,,,,1.0,1.0
iconclass-ai:embstma_260_pic853.jpg,1713,0,0.49318405700380397,,,,,,1.0,1.0
iconclass-ai:embstma_260_pic857.jpg,1713,0,0.7729032082425016,,,,,,1.0,1.0
iconclass-ai:embstma_260_pic859.jpg,1713,0,0.3504868001401452,,,,,,1.0,1.0
iconclass-ai:embstma_260_pic863.jpg,1713,0,0.4639329828207724,,,,,,1.0,1.0
iconclass-ai:embstma_260_pic869.jpg,1713,0,0.2584039934661489,,,,,,1.0,1.0
iconclass-ai:embstma_260_pic877.jpg,1713,0,0.818940881480709,,,,,,1.0,1.0
iconclass-ai:embstma_260_pic917.jpg,1713,0,0.27848058942730364,,,,,,1.0,1.0
iconclass-ai:embstma_260_pic923.jpg,1713,0,0.702728403557943,,,,,,1.0,1.0
iconclass-ai:embstma_260_pic925.jpg,1713,0,0.45326220782444443,,,,,,1.0,1.0
iconclass-ai:embstma_260_pic927.jpg,1713,0,0.5152880109744815,,,,,,1.0,1.0
iconclass-ai:embstma_add132_pic007.jpg,1713,117,0.5183680911877139,0.037037037037037035,0.06357624274886169,0.0,0.0,0.0,6.0,6.0
iconclass-ai:embstma_add132_pic009.jpg,1713,98,0.5033195688329184,0.07692307692307693,0.06303919966640648,0.0,0.0,0.0,3.0,5.0
iconclass-ai:embstma_add132_pic069.jpg,1713,6,0.8172405140479202,0.0035842293906810036,0.003632299992753786,0.0,0.0,0.0,1.0,4.0
iconclass-ai:embstma_add132_pic087.jpg,1713,10,0.5481898125795057,1.0,0.10838010633498021,0.1,0.1,0.1,1.0,4.0
iconclass-ai:embstma_add132_pic179.jpg,1713,7,0.07137666915631712,0.0014367816091954023,0.003167906911177993,0.0,0.0,0.0,1.0,5.0
iconclass-ai:gri271934_pic030.jpg,1713,100,0.3446555998143802,1.0,0.0802362791060765,0.01,0.01,0.01,101.0,3.0
iconclass-ai:gri271934_pic042.jpg,1713,100,0.35664117837528225,0.5,0.0814504856517633,0.0,0.02,0.02,101.0,3.0
iconclass-ai:gri271934_pic050.jpg,1713,100,0.15982385483698588,0.05263157894736842,0.06473563206833319,0.0,0.0,0.0,101.0,3.0
iconclass-ai:gri271934_pic072.jpg,1713,100,0.12031441309132761,0.013157894736842105,0.05452975363270371,0.0,0.0,0.0,101.0,3.0
iconclass-ai:gri271934_pic079.jpg,1713,100,0.11002252472544688,0.05263157894736842,0.05500898190660103,0.0,0.0,0.0,101.0,3.0
iconclass-ai:gri271934_pic095.jpg,1713,100,0.13189606141804858,0.05263157894736842,0.05780955885906781,0.0,0.0,0.0,101.0,3.0
iconclass-ai:gri271934_pic098.jpg,1713,100,0.24095636210071933,0.25,0.07638669873913767,0.0,0.01,0.02,101.0,3.0
iconclass-ai:gri271934_pic102.jpg,1713,100,0.07663408315277451,0.023255813953488372,0.061611734507072226,0.0,0.0,0.0,101.0,3.0
iconclass-ai:gri271934_pic108.jpg,1713,100,0.2178675793389285,0.3333333333333333,0.07635589482358317,0.0,0.01,0.02,101.0,3.0
iconclass-ai:gri271934_pic110.jpg,1713,100,0.1152646709825362,0.02,0.05090733773441697,0.0,0.0,0.0,101.0,3.0
iconclass-ai:gri271934_pic115.jpg,1713,100,0.2510066342137598,1.0,0.07284226777472655,0.01,0.01,0.01,101.0,3.0
iconclass-ai:gri271934_pic120.jpg,1713,100,0.08262150563012138,0.047619047619047616,0.05507932276112964,0.0,0.0,0.0,101.0,3.0
iconclass-ai:gri271934_pic126.jpg,1713,100,0.13979866431715463,0.3333333333333333,0.06877064274370236,0.0,0.01,0.01,101.0,3.0
iconclass-ai:gri271934_pic129.jpg,1713,100,0.13366126538215856,0.08333333333333333,0.06096620979943073,0.0,0.0,0.0,101.0,3.0
iconclass-ai:gri271934_pic136.jpg,1713,100,0.12244992285643332,0.022222222222222223,0.06038846558170245,0.0,0.0,0.0,101.0,3.0
iconclass-ai:gri271934_pic140.jpg,1713,100,0.25013279498694097,0.2,0.07107568766948798,0.0,0.01,0.02,101.0,3.0
iconclass-ai:gri271934_pic141.jpg,1713,100,0.13163620843661947,0.05,0.0551916609928709,0.0,0.0,0.0,101.0,3.0
iconclass-ai:gri271934_pic161.jpg,1713,100,0.3062773012036327,0.125,0.0689496470994181,0.0,0.0,0.02,101.0,3.0
iconclass-ai:gri271934_pic162.jpg,1713,100,0.2596328950837066,0.3333333333333333,0.0544611784303203,0.0,0.01,0.01,101.0,3.0
iconclass-ai:gri271934_pic163.jpg,1713,100,0.15390523804785658,0.04,0.05825758372322483,0.0,0.0,0.0,101.0,3.0
iconclass-ai:gri271934_pic172.jpg,1713,100,0.10270163291434344,0.02631578947368421,0.05442179192836312,0.0,0.0,0.0,101.0,3.0
iconclass-ai:gri271934_pic176.jpg,1713,100,0.20158093808979374,0.3333333333333333,0.06826572098299104,0.0,0.01,0.01,101.0,3.0
iconclass-ai:gri271934_pic179.jpg,1713,100,0.09263793191656984,0.018867924528301886,0.06024148756725869,0.0,0.0,0.0,101.0,3.0
iconclass-ai:gri271934_pic181.jpg,1713,100,0.06445444982439094,0.09090909090909091,0.052307965659527535,0.0,0.0,0.0,101.0,3.0
iconclass-ai:gri271934_pic188.jpg,1713,100,0.1725210660407822,0.2,0.06322133449049741,0.0,0.01,0.01,101.0,3.0
iconclass-ai:gri271934_pic189.jpg,1713,100,0.28196955035559207,0.25,0.06486396377472634,0.0,0.01,0.02,101.0,3.0
iconclass-ai:gri271934_pic190.jpg,1713,100,0.1577204997084645,0.2,0.06418326866209094,0.0,0.01,0.01,101.0,3.0
iconclass-ai:gri271934_pic191.jpg,1713,100,0.07755007714356668,0.07142857142857142,0.06251200089512075,0.0,0.0,0.0,101.0,3.0
iconclass-ai:gri271934_pic199.jpg,1713,100,0.17543037677762596,0.2,0.06515546659797508,0.0,0.01,0.01,101.0,3.0
iconclass-ai:gri_9925178790001551_pic031.jpg,1713,2,0.1743784232371423,0.0014858841010401188,0.0016209051760687865,0.0,0.0,0.0,1.0,5.0
iconclass-ai:gri_9925178790001551_pic068.jpg,1713,100,0.18744481995656784,0.14285714285714285,0.05930129942870941,0.0,0.0,0.01,101.0,3.0
iconclass-ai:gri_9925178790001551_pic100.jpg,1713,100,0.12516211835520155,0.2,0.07124194231914502,0.0,0.01,0.01,101.0,3.0
iconclass-ai:gri_9925178790001551_pic110.jpg,1713,100,0.19587410990676138,0.3333333333333333,0.0691486346254157,0.0,0.01,0.01,101.0,3.0
iconclass-ai:gri_9925178790001551_pic140.jpg,1713,100,0.08757066773820264,0.07142857142857142,0.058432973703331996,0.0,0.0,0.0,101.0,3.0
iconclass-ai:gri_9925178790001551_pic155.jpg,1713,100,0.09395115900017387,0.010309278350515464,0.05855001969758437,0.0,0.0,0.0,101.0,3.0
iconclass-ai:gri_9925178790001551_pic186.jpg,1713,100,0.19277170356884338,0.1,0.06395422496273485,0.0,0.0,0.01,101.0,3.0
iconclass-ai:gri_9925178790001551_pic202.jpg,1713,100,0.11917190377825822,0.030303030303030304,0.05412215937609893,0.0,0.0,0.0,101.0,3.0
iconclass-ai:gri_9925178790001551_pic224.jpg,1713,100,0.08761785517700343,0.027777777777777776,0.05125830919090661,0.0,0.0,0.0,101.0,3.0
iconclass-ai:gri_9925178790001551_pic247.jpg,1713,100,0.08530153970663384,0.09090909090909091,0.05983649433274266,0.0,0.0,0.0,101.0,3.0
iconclass-ai:gri_9925178790001551_pic248.jpg,1713,100,0.16729172267594072,0.047619047619047616,0.05884802905437172,0.0,0.0,0.0,101.0,3.0
iconclass-ai:gri_9925178790001551_pic282.jpg,1713,100,0.058311809975342,0.014285714285714285,0.05762591504472261,0.0,0.0,0.0,101.0,3.0
iconclass-ai:gri_9925178790001551_pic294.jpg,1713,100,0.18422568983009655,0.125,0.0653540554682675,0.0,0.0,0.01,101.0,3.0
iconclass-ai:gri_9925178790001551_pic320.jpg,1713,100,0.14773093258548567,0.14285714285714285,0.05995826818500163,0.0,0.0,0.01,101.0,3.0
iconclass-ai:hab_31-geom-3_fac002.jpg,1713,0,0.12112536637975538,,,,,,1.0,4.0
iconclass-ai:hab_31-geom-3_pic015.jpg,1713,108,0.46383948120588464,0.0196078431372549,0.07774836756365955,0.0,0.0,0.0,2.0,4.0
iconclass-ai:hab_31-geom-3_pic027.jpg,1713,139,0.34220698414358797,0.08333333333333333,0.07818960919266042,0.0,0.0,0.0,7.0,4.0
iconclass-ai:hab_31-geom-3_pic029.jpg,1713,106,0.4912318303696652,0.3333333333333333,0.06391737293380233,0.0,0.009433962264150943,0.009433962264150943,4.0,4.0
iconclass-ai:hab_31-geom-3_pic031.jpg,1713,126,0.701647578382148,0.017543859649122806,0.06511754238227273,0.0,0.0,0.0,4.0,4.0
iconclass-ai:hab_31-geom-3_pic035.jpg,1713,164,0.3420876436528759,0.043478260869565216,0.10147618781131615,0.0,0.0,0.0,3.5,5.0
iconclass-ai:hab_31-geom-3_pic041.jpg,1713,148,0.6937790692925067,0.03333333333333333,0.07152349057038423,0.0,0.0,0.0,5.0,4.0
iconclass-ai:hab_31-geom-3_pic043.jpg,1713,132,0.7145568857616156,0.07142857142857142,0.08162746077331122,0.0,0.0,0.0,7.0,4.0
iconclass-ai:hab_31-geom-3_pic045.jpg,1713,193,0.5969215535584297,0.07142857142857142,0.12852539509682145,0.0,0.0,0.0,13.0,4.0
iconclass-ai:hab_31-geom-3_pic053.jpg,1713,138,0.4536991367902835,0.047619047619047616,0.08126566963136193,0.0,0.0,0.0,4.0,4.0
iconclass-ai:hab_31-geom-3_pic063.jpg,1713,91,0.6283314059299715,0.058823529411764705,0.05937304169966417,0.0,0.0,0.0,3.0,4.0
iconclass-ai:hab_31-geom-3_pic065.jpg,1713,174,0.6604457900763206,0.5,0.12830984957348784,0.0,0.005747126436781609,0.011494252873563218,7.5,4.0
iconclass-ai:hab_31-geom-3_pic071.jpg,1713,149,0.6267002903030792,0.5,0.0861399895728791,0.0,0.006711409395973154,0.006711409395973154,2.0,4.0
iconclass-ai:hab_xb6550_pic028.jpg,1713,15,0.3889856200332344,0.006802721088435374,0.007958976645082477,0.0,0.0,0.0,1.5,3.5
iconclass-ai:hab_xb6550_pic030.jpg,1713,35,0.3959485024931068,0.023255813953488372,0.021062997168585007,0.0,0.0,0.0,1.0,6.0
iconclass-ai:hab_xb6550_pic040.jpg,1713,106,0.5615275842750899,0.06666666666666667,0.06703240222750637,0.0,0.0,0.0,1.0,5.0
iconclass-ai:hab_xb6550_pic042.jpg,1713,76,0.3368978358391978,0.04,0.04242709684660753,0.0,0.0,0.0,2.0,5.0
iconclass-ai:hab_xb6550_pic050.jpg,1713,60,0.4838423157191554,0.5,0.04287648012032635,0.0,0.016666666666666666,0.016666666666666666,1.0,4.0
iconclass-ai:hab_xb6550_pic068.jpg,1713,86,0.765662840080633,0.07692307692307693,0.04887943297906425,0.0,0.0,0.0,2.5,4.0
iconclass-ai:hab_xb6550_pic070.jpg,1713,27,0.5933642324163836,0.01,0.01696696454879593,0.0,0.0,0.0,2.0,5.0
iconclass-ai:hab_xb6550_pic080.jpg,1713,39,0.11875680192444844,0.008771929824561403,0.019736556807259772,0.0,0.0,0.0,1.5,6.0
iconclass-ai:hab_xb6550_pic082.jpg,1713,106,0.5638133455822913,0.08333333333333333,0.06733510723884796,0.0,0.0,0.0,2.5,4.5
iconclass-ai:hab_xb6550_pic100.jpg,1713,110,0.6296521311039112,0.037037037037037035,0.06248235637121262,0.0,0.0,0.0,1.0,4.5
iconclass-ai:hab_xb6550_pic102.jpg,1713,25,0.26367798463186165,0.03333333333333333,0.01930765726047735,0.0,0.0,0.0,1.0,5.0
iconclass-ai:hab_xb6550_pic120.jpg,1713,44,0.32938141193178533,0.01,0.025924599415814677,0.0,0.0,0.0,1.0,5.0
iconclass-ai:hab_xb6550_pic138.jpg,1713,76,0.6108300550461874,0.022222222222222223,0.04490708278707452,0.0,0.0,0.0,1.0,5.0
iconclass-ai:hunterian_bn13_pic011.jpg,1713,100,0.15390523804785658,0.06666666666666667,0.05629046887779712,0.0,0.0,0.0,101.0,3.0
iconclass-ai:hunterian_bn13_pic048.jpg,1713,100,0.0933849483110038,0.03125,0.06330412719146387,0.0,0.0,0.0,101.0,3.0
iconclass-ai:hunterian_bn13_pic050.jpg,1713,100,0.034637326669645224,0.02702702702702703,0.05745404461229099,0.0,0.0,0.0,101.0,3.0
iconclass-ai:hunterian_bn13_pic053.jpg,1713,100,0.17055977478608758,0.125,0.06703622364375722,0.0,0.0,0.01,101.0,3.0
iconclass-ai:hunterian_bn13_pic075.jpg,1713,100,0.24656162236487114,0.1111111111111111,0.06674968462760361,0.0,0.0,0.02,101.0,3.0
iconclass-ai:hunterian_bn13_pic086.jpg,1713,100,0.08709116812591597,0.08333333333333333,0.06482912245828752,0.0,0.0,0.0,101.0,3.0
iconclass-ai:hunterian_bn13_pic090.jpg,1713,100,0.1580807274463766,0.25,0.056548583690201576,0.0,0.01,0.01,101.0,3.0
iconclass-ai:hunterian_bn13_pic107.jpg,1713,0,0.20425953912030353,,,,,,1.0,3.0
iconclass-ai:hunterian_bn13_pic113.jpg,1713,100,0.1829713764716758,0.09090909090909091,0.0591310141368064,0.0,0.0,0.0,101.0,3.0
iconclass-ai:hunterian_bn13_pic115.jpg,1713,100,0.18319275957907075,0.25,0.06859351617695413,0.0,0.01,0.01,101.0,3.0
iconclass-ai:hunterian_bn13_pic127.jpg,1713,100,0.05228864484901002,0.015384615384615385,0.04731602908861334,0.0,0.0,0.0,101.0,3.0
iconclass-ai:hunterian_bn13_pic132.jpg,1713,100,0.33782227387954955,0.5,0.07251474075685176,0.0,0.01,0.02,101.0,3.0
iconclass-ai:hunterian_bn13_pic142.jpg,1713,100,0.15662341065848007,0.1111111111111111,0.06721254530443085,0.0,0.0,0.01,101.0,3.0
iconclass-ai:hunterian_bn13_pic180.jpg,1713,100,0.07700962986782306,0.03225806451612903,0.057559661162550714,0.0,0.0,0.0,101.0,3.0
iconclass-ai:hunterian_bn13_pic208.jpg,1713,100,0.19344377298342053,0.1111111111111111,0.05971988778564134,0.0,0.0,0.01,101.0,3.0
iconclass-ai:hunterian_bn13_pic211.jpg,1713,100,0.3343854562939189,1.0,0.10173786262511288,0.01,0.01,0.02,101.0,3.0
iconclass-ai:hunterian_bn13_pic231.jpg,1713,100,0.15667731138782962,0.14285714285714285,0.056367938857635635,0.0,0.0,0.01,101.0,3.0
iconclass-ai:hunterian_bn13_pic278.jpg,1713,100,0.19330537170816012,0.1111111111111111,0.055027399286891675,0.0,0.0,0.01,101.0,3.0
iconclass-ai:kb_171e37_pic004.jpg,1713,3,0.10726270772785429,0.004761904761904762,0.003013940224041453,0.0,0.0,0.0,1.0,5.0
iconclass-ai:kb_171e37_pic010.jpg,1713,5,0.0709564790428435,0.001937984496124031,0.002944462384883049,0.0,0.0,0.0,1.0,3.0
iconclass-ai:kb_171e37_pic025.jpg,1713,16,0.12194548660280281,0.004219409282700422,0.008177183098387157,0.0,0.0,0.0,2.5,4.0
iconclass-ai:kb_171e37_pic027.jpg,1713,18,0.11887234222155438,0.008620689655172414,0.01099780178870366,0.0,0.0,0.0,2.5,5.0
iconclass-ai:kb_171e37_pic034.jpg,1713,0,0.26331763939288116,,,,,,1.0,6.0
iconclass-ai:kb_171e37_pic038.jpg,1713,4,0.1648344836874082,0.0022371364653243847,0.002511294139567071,0.0,0.0,0.0,2.0,4.0
iconclass-ai:kb_171e37_pic041.jpg,1713,14,0.2913818647321587,0.007042253521126761,0.01034969673375812,0.0,0.0,0.0,7.0,4.0
iconclass-ai:kb_171e37_pic045.jpg,1713,7,0.13622787678848144,0.003048780487804878,0.003949222395903734,0.0,0.0,0.0,1.0,6.0
iconclass-ai:kb_171e37_pic048.jpg,1713,11,0.26162172160117914,0.013157894736842105,0.008341588641023197,0.0,0.0,0.0,6.0,6.0
iconclass-ai:kb_171e37_pic072.jpg,1713,7,0.21454307224837976,0.004201680672268907,0.004625540538905502,0.0,0.0,0.0,1.0,3.0
iconclass-ai:kb_171e37_pic080.jpg,1713,11,0.19150588655470932,0.0047169811320754715,0.007598696576568343,0.0,0.0,0.0,4.0,5.0
iconclass-ai:kb_171e37_pic094.jpg,1713,30,0.2423262963918283,0.034482758620689655,0.020630009284442627,0.0,0.0,0.0,2.0,4.0
iconclass-ai:kb_171e37_pic098.jpg,1713,1,0.25530736576818286,0.00205761316872428,0.00205761316872428,0.0,0.0,0.0,1.0,5.0
iconclass-ai:kb_171e37_pic103.jpg,1713,5,0.2173540663679876,0.0049504950495049506,0.004693470740014225,0.0,0.0,0.0,2.0,4.0
iconclass-ai:kb_171e37_pic110b.jpg,1713,1,0.14107454163726965,0.0012453300124533001,0.0012453300124533001,0.0,0.0,0.0,1.0,3.0
iconclass-ai:kb_171e37_pic111.jpg,1713,6,0.2558501898305205,0.010309278350515464,0.005948165015110009,0.0,0.0,0.0,1.0,5.0
iconclass-ai:kb_171e37_pic116a.jpg,1713,7,0.22265949556051645,0.002770083102493075,0.004321044830212871,0.0,0.0,0.0,1.0,6.0
iconclass-ai:kb_171e37_pic118b.jpg,1713,2,0.25622135436655114,0.0055248618784530384,0.007812935989731571,0.0,0.0,0.0,2.0,7.0
iconclass-ai:kb_171e37_pic133.jpg,1713,14,0.26116952813009436,0.004149377593360996,0.009894065875989167,0.0,0.0,0.0,8.0,4.0
iconclass-ai:kb_171e37_pic135.jpg,1713,0,0.18093946411512973,,,,,,1.0,1.0
iconclass-ai:kb_171e37_pic143.jpg,1713,5,0.22699757239863316,0.003389830508474576,0.0025215856474557785,0.0,0.0,0.0,1.5,6.0
iconclass-ai:kb_171e37_pic145b.jpg,1713,5,0.1986122989240455,0.009345794392523364,0.008569039401789772,0.0,0.0,0.0,1.0,4.0
iconclass-ai:kb_171e37_pic149a.jpg,1713,7,0.17053709147308294,0.002421307506053269,0.004056860695433164,0.0,0.0,0.0,1.0,5.0
iconclass-ai:kb_171e37_pic153a.jpg,1713,54,0.2977848389235798,0.125,0.043374395691865825,0.0,0.0,0.018518518518518517,1.0,4.0
iconclass-ai:kb_171e37_pic156.jpg,1713,9,0.2822399770573068,0.013333333333333334,0.01195851540825641,0.0,0.0,0.0,3.0,3.0
iconclass-ai:kb_171e37_pic158.jpg,1713,1,0.16649805140930785,0.000725689404934688,0.000725689404934688,0.0,0.0,0.0,1.5,4.0
iconclass-ai:kb_171e37_pic165.jpg,1713,8,0.19058388065868978,0.0017391304347826088,0.003878098854269112,0.0,0.0,0.0,1.5,5.5
iconclass-ai:kb_171e37_pic169.jpg,1713,2,0.21766519167968673,0.009615384615384616,0.005861433087460485,0.0,0.0,0.0,2.0,4.0
iconclass-ai:kb_171e37_pic177.jpg,1713,0,0.21221554067293302,,,,,,1.0,3.5
iconclass-ai:kb_171e37_pic179.jpg,1713,0,0.20513540919541298,,,,,,1.0,3.5
iconclass-ai:kb_171e37_pic182.jpg,1713,1,0.20426632550318077,0.0007434944237918215,0.0007434944237918215,0.0,0.0,0.0,1.5,2.5
iconclass-ai:kb_171e37_pic183.jpg,1713,56,0.10955455272132664,0.05555555555555555,0.0350280283433733,0.0,0.0,0.0,5.5,2.0
iconclass-ai:kb_171e37_pic190.jpg,1713,2,0.23582810949664637,0.0024449877750611247,0.002086798122621314,0.0,0.0,0.0,1.0,5.0
iconclass-ai:kb_171e37_pic192.jpg,1713,1,0.20347937175964953,0.0006269592476489029,0.0006269592476489029,0.0,0.0,0.0,1.0,4.0
iconclass-ai:kb_171e37_pic196.jpg,1713,0,0.3205873384360777,,,,,,1.0,3.5
iconclass-ai:kb_171e37_pic199.jpg,1713,3,0.28290899531197006,0.016129032258064516,0.007497281779066319,0.0,0.0,0.0,1.0,5.0
iconclass-ai:kb_171e37_pic201.jpg,1713,0,0.25738654183157333,,,,,,1.0,5.0
iconclass-ai:kb_171e37_pic207.jpg,1713,11,0.22620424374495246,0.02702702702702703,0.015544280590251288,0.0,0.0,0.0,2.5,5.0
iconclass-ai:lci001_c011_001.jpg,1713,0,0.023713553493150512,,,,,,1.0,5.0
iconclass-ai:mmw_10a14_005r_min_a.jpg,1713,3,0.16524272081464828,0.0019267822736030828,0.0022153537631857635,0.0,0.0,0.0,2.5,4.5
iconclass-ai:mmw_10a14_006v_min_a.jpg,1713,5,0.12240658169311606,0.005,0.0031207916027439215,0.0,0.0,0.0,2.0,5.0
iconclass-ai:mmw_10a14_006v_min_b.jpg,1713,3,0.08115843924694548,0.0011350737797956867,0.0017360157710230434,0.0,0.0,0.0,4.0,4.0
iconclass-ai:mmw_10a14_139r_init_2.jpg,1713,34,0.05583139093457924,0.030303030303030304,0.025204563469389745,0.0,0.0,0.0,3.0,5.0
iconclass-ai:mmw_10a14_176v_init.jpg,1713,33,0.043044039869575196,0.007042253521126761,0.01933177260492641,0.0,0.0,0.0,1.5,5.5
iconclass-ai:mmw_10a14_192v_init.jpg,1713,46,0.05604940375104021,0.013333333333333334,0.029952770962885688,0.0,0.0,0.0,2.0,5.5
iconclass-ai:mmw_10b22_085v_init.jpg,1713,42,0.0799721874955996,0.02857142857142857,0.027467161571776026,0.0,0.0,0.0,3.0,4.0
iconclass-ai:mmw_10c12_001v.jpg,1713,18,0.7386026488417069,0.017543859649122806,0.010731084992719249,0.0,0.0,0.0,4.0,5.5
iconclass-ai:mmw_10c12_037r_randv.jpg,1713,38,0.15919016791994334,0.009615384615384616,0.017908182245140427,0.0,0.0,0.0,8.0,3.0
iconclass-ai:mmw_10c12_040r_min.jpg,1713,31,0.19813676840727962,0.3333333333333333,0.030372879378668404,0.0,0.03225806451612903,0.03225806451612903,3.0,5.0
iconclass-ai:mmw_10c12_042v_min.jpg,1713,31,0.12140210543414882,0.017857142857142856,0.018585538792510695,0.0,0.0,0.0,3.0,5.0
iconclass-ai:mmw_10c12_052v_min.jpg,1713,34,0.10594483226744195,0.014084507042253521,0.01839927940606515,0.0,0.0,0.0,3.0,5.0
iconclass-ai:mmw_10d26_136r_init.jpg,1713,33,0.05897402768398481,0.017241379310344827,0.01842156047557209,0.0,0.0,0.0,2.0,5.5
iconclass-ai:mmw_10f11_024r_min.jpg,1713,3,0.0,0.004761904761904762,0.0036880304202559617,0.0,0.0,0.0,2.5,5.5
iconclass-ai:norris90200_pic020.jpg,1713,100,0.07779616990033962,0.043478260869565216,0.053125246065304034,0.0,0.0,0.0,101.0,3.0
iconclass-ai:norris90200_pic021.jpg,1713,100,0.33374089564674775,0.5,0.06838571439298806,0.0,0.01,0.02,101.0,3.0
iconclass-ai:norris90200_pic022.jpg,1713,100,0.2321179382262827,0.5,0.07180982412187009,0.0,0.01,0.01,101.0,3.0
iconclass-ai:norris90200_pic027.jpg,1713,100,0.2448048932921326,0.14285714285714285,0.05321871411362565,0.0,0.0,0.01,101.0,3.0
iconclass-ai:norris90200_pic029.jpg,1713,100,0.0971627271484502,0.04,0.06842631865398385,0.0,0.0,0.0,101.0,3.0
iconclass-ai:norris90200_pic031.jpg,1713,100,0.08854003514672633,0.05,0.06520988540091008,0.0,0.0,0.0,101.0,3.0
iconclass-ai:norris90200_pic033.jpg,1713,100,0.10731071633644185,0.03333333333333333,0.05459969271503362,0.0,0.0,0.0,101.0,3.0
iconclass-ai:norris90200_pic036.jpg,1713,100,0.13532522083226256,0.14285714285714285,0.055061661621695145,0.0,0.0,0.01,101.0,3.0
iconclass-ai:norris90200_pic040.jpg,1713,100,0.07266825745191438,0.08333333333333333,0.062026317496735636,0.0,0.0,0.0,101.0,3.0
iconclass-ai:norris90200_pic043.jpg,1713,100,0.0969423978051037,0.017543859649122806,0.05577255715822923,0.0,0.0,0.0,101.0,3.0
iconclass-ai:norris90200_pic049.jpg,1713,100,0.1528983686719935,0.14285714285714285,0.06318160195577718,0.0,0.0,0.01,101.0,3.0
iconclass-ai:norris90200_pic060.jpg,1713,100,0.14512412398111987,0.2,0.06393436074709417,0.0,0.01,0.01,101.0,3.0
iconclass-ai:norris90200_pic068.jpg,1713,100,0.13147032541923082,0.25,0.07087530241303636,0.0,0.01,0.01,101.0,3.0
iconclass-ai:norris90200_pic071.jpg,1713,100,0.12992213324626342,0.1111111111111111,0.05983176005959107,0.0,0.0,0.01,101.0,3.0
iconclass-ai:norris90200_pic082.jpg,1713,100,0.09318993568054622,0.011494252873563218,0.05287809828577293,0.0,0.0,0.0,101.0,3.0
iconclass-ai:norris90200_pic084.jpg,1713,100,0.13710330808449736,0.1111111111111111,0.057496786929371727,0.0,0.0,0.01,101.0,3.0
iconclass-ai:norris90200_pic086.jpg,1713,100,0.20822184389497184,0.14285714285714285,0.06489263811436785,0.0,0.0,0.02,101.0,3.0
iconclass-ai:norris90200_pic090.jpg,1713,100,0.09600064040088509,0.023809523809523808,0.05342625045697453,0.0,0.0,0.0,101.0,3.0
iconclass-ai:norris90200_pic092.jpg,1713,100,0.27766916150272136,0.5,0.06767567255695627,0.0,0.02,0.02,101.0,3.0
iconclass-ai:norris90200_pic094.jpg,1713,100,0.14107579391638697,0.041666666666666664,0.060637552551293085,0.0,0.0,0.0,101.0,3.0
iconclass-ai:norris90200_pic097.jpg,1713,100,0.07021368493363067,0.022727272727272728,0.05190077711177866,0.0,0.0,0.0,101.0,3.0
iconclass-ai:norris90200_pic102.jpg,1713,100,0.10135674021741746,0.07692307692307693,0.053547079510415714,0.0,0.0,0.0,101.0,3.0
iconclass-ai:norris90200_pic118.jpg,1713,100,0.32894610222272236,0.5,0.07065565696581431,0.0,0.01,0.02,101.0,3.0
iconclass-ai:norris90200_pic131.jpg,1713,100,0.08989154150317036,0.013513513513513514,0.06430432912882474,0.0,0.0,0.0,101.0,3.0
iconclass-ai:norris90200_pic135.jpg,1713,100,0.1811524996964354,0.5,0.060240716127841785,0.0,0.01,0.01,101.0,3.0
iconclass-ai:norris90200_pic139.jpg,1713,100,0.1709713443993423,0.2,0.059671887183938066,0.0,0.01,0.01,101.0,3.0
iconclass-ai:norris90200_pic141.jpg,1713,100,0.1250667788247043,0.05,0.049927698078037944,0.0,0.0,0.0,101.0,3.0
iconclass-ai:norris90200_pic148.jpg,1713,100,0.07622687082440399,0.037037037037037035,0.05857957863845056,0.0,0.0,0.0,101.0,3.0
iconclass-ai:norris90200_pic149.jpg,1713,100,0.12056156102731967,0.02631578947368421,0.060035282221263975,0.0,0.0,0.0,101.0,3.0
iconclass-ai:norris90200_pic151.jpg,1713,100,0.05752526994282545,0.043478260869565216,0.057215948783587614,0.0,0.0,0.0,101.0,3.0
iconclass-ai:norris90200_pic155.jpg,1713,100,0.04659452171141472,0.043478260869565216,0.05628545293056306,0.0,0.0,0.0,101.0,3.0
iconclass-ai:norris90200_pic158.jpg,1713,100,0.27290110449330285,0.25,0.06191130754805589,0.0,0.01,0.02,101.0,3.0
iconclass-ai:norris90200_pic159.jpg,1713,100,0.20468161337940982,0.25,0.06611971580598525,0.0,0.01,0.02,101.0,3.0
iconclass-ai:norris90200_pic164.jpg,1713,100,0.12276625979973294,0.05263157894736842,0.07613302475267379,0.0,0.0,0.0,101.0,3.0
iconclass-ai:norris90200_pic169.jpg,1713,100,0.10089155012403427,0.1111111111111111,0.06085307442213202,0.0,0.0,0.01,101.0,3.0
iconclass-ai:norris90200_pic177.jpg,1713,100,0.11501479723666577,0.045454545454545456,0.06994304738172782,0.0,0.0,0.0,101.0,3.0
iconclass-ai:norris90200_pic179.jpg,1713,100,0.5126632222584449,1.0,0.0988293241393864,0.01,0.02,0.03,101.0,3.0
iconclass-ai:norris90200_pic186.jpg,1713,100,0.09342069095998892,0.06666666666666667,0.05871804754636607,0.0,0.0,0.0,101.0,3.0
iconclass-ai:norris90200_pic187.jpg,1713,100,0.08262558266578453,0.043478260869565216,0.059290307191033724,0.0,0.0,0.0,101.0,3.0
iconclass-ai:norris90200_pic188.jpg,1713,100,0.3285567113573265,1.0,0.08713406053227563,0.01,0.01,0.01,101.0,3.0
iconclass-ai:norris90200_pic189.jpg,1713,100,0.18533507360488863,0.3333333333333333,0.06162096550571291,0.0,0.01,0.01,101.0,3.0
iconclass-ai:norris90200_pic191.jpg,1713,100,0.09168241428769508,0.05555555555555555,0.06353485095159149,0.0,0.0,0.0,101.0,3.0
iconclass-ai:sdc_10347_3903_fac003.jpg,1713,0,,,,,,,0.0,
iconclass-ai:sdc_10347_3903_pic025.jpg,1713,0,0.19023702762037384,,,,,,1.0,1.0
iconclass-ai:sdc_10347_3903_pic086.jpg,1713,0,0.3579508869900026,,,,,,1.0,1.0
iconclass-ai:sdc_10347_3903_pic249.jpg,1713,0,0.2677171996566372,,,,,,1.0,1.0
iconclass-ai:sdc_10347_3903_pic285.jpg,1713,0,0.21464099169057124,,,,,,1.0,1.0
iconclass-ai:sdc_10347_3903_pic357.jpg,1713,0,0.7791714369672127,,,,,,1.0,1.0
iconclass-ai:sdc_10347_3903_pic553.jpg,1713,0,0.6628178197192021,,,,,,1.0,1.0
iconclass-ai:sdc_10347_3903_pic625.jpg,1713,0,0.6937210441104952,,,,,,1.0,1.0
iconclass-ai:sdc_10347_3903_pic647.jpg,1713,0,0.3513445788467708,,,,,,1.0,1.0
iconclass-ai:sdc_10347_3903_pic658.jpg,1713,0,0.4341754806679218,,,,,,1.0,1.0
iconclass-ai:sdc_10347_3903_pic674.jpg,1713,0,0.3706355185414171,,,,,,1.0,1.0
iconclass-ai:sdc_10347_3903_pic857.jpg,1713,0,0.3923871632539381,,,,,,1.0,1.0
iconclass-ai:uiuc_0961b237g_pic017.jpg,1713,0,0.2704863556722606,,,,,,1.0,3.0
iconclass-ai:uiuc_0961b237g_pic021.jpg,1713,2,0.5738375739231187,0.001314060446780552,0.001260166532196066,0.0,0.0,0.0,2.0,2.0
iconclass-ai:uiuc_0961b237g_pic061.jpg,1713,17,0.33831716433787573,0.014492753623188406,0.01728139061596786,0.0,0.0,0.0,1.0,5.0
iconclass-ai:uiuc_0961b237g_pic073.jpg,1713,20,0.6873709973209088,0.017857142857142856,0.01580431551014948,0.0,0.0,0.0,2.0,5.0
iconclass-ai:uiuc_0961b237g_pic077.jpg,1713,3,0.402596212412489,0.00909090909090909,0.004121600018264115,0.0,0.0,0.0,2.0,5.0
iconclass-ai:uiuc_0961b237g_pic081.jpg,1713,9,0.6551965382733355,0.03333333333333333,0.015138998542434537,0.0,0.0,0.0,2.0,5.0
iconclass-ai:uiuc_0961b237g_pic093.jpg,1713,5,0.43734987119731294,0.007194244604316547,0.003913337715754648,0.0,0.0,0.0,1.0,6.0
iconclass-ai:uiuc_0961b237g_pic161.jpg,1713,25,0.6021998373326821,0.043478260869565216,0.021023800039285386,0.0,0.0,0.0,1.0,5.0
iconclass-ai:uiuc_0961b237g_pic169.jpg,1713,1,0.8678501628802824,0.0007423904974016332,0.0007423904974016332,0.0,0.0,0.0,1.0,4.0
iconclass-ai:uiuc_0961b237g_pic173.jpg,1713,2,0.6347543325828423,0.0009699321047526673,0.0014015563365193217,0.0,0.0,0.0,1.0,6.0
iconclass-ai:uiuc_27171l979_pic027.jpg,1713,44,0.7898806828721798,0.03571428571428571,0.026373688291796718,0.0,0.0,0.0,1.0,5.0
iconclass-ai:uiuc_27171l979_pic053.jpg,1713,20,0.6548828250320293,0.2,0.020864835358611094,0.0,0.05,0.05,2.5,4.5
iconclass-ai:uiuc_27171l979_pic055.jpg,1713,20,0.5795922552623496,0.03333333333333333,0.014618343391657912,0.0,0.0,0.0,1.5,5.5
iconclass-ai:uiuc_27171l979_pic059.jpg,1713,10,0.4988297998072594,0.007518796992481203,0.007064249183196201,0.0,0.0,0.0,2.5,3.5
iconclass-ai:uiuc_3201sa12iea2_pic022.jpg,1713,61,0.5308590179620131,0.038461538461538464,0.038304136372820034,0.0,0.0,0.0,5.0,3.0
iconclass-ai:uiuc_3201sa12iea2_pic030.jpg,1713,19,0.8268133666517739,0.011235955056179775,0.017642825033880104,0.0,0.0,0.0,1.0,4.0
iconclass-ai:uiuc_3201sa12iea2_pic035.jpg,1713,72,0.22929525463607933,0.03125,0.05283661819752616,0.0,0.0,0.0,6.5,3.5
iconclass-ai:uiuc_3201sa12iea2_pic041.jpg,1713,91,0.399279609118864,0.020833333333333332,0.045829281937133294,0.0,0.0,0.0,5.0,4.0
iconclass-ai:uiuc_3201sa12iea2_pic057.jpg,1713,18,0.4679538128543075,0.01020408163265306,0.01160648140846103,0.0,0.0,0.0,1.0,3.0
iconclass-ai:uiuc_3201sa12iea2_pic106.jpg,1713,71,0.492971319428555,0.02127659574468085,0.04099278788737681,0.0,0.0,0.0,1.5,4.0
iconclass-ai:uiuc_3201sa12iea2_pic124.jpg,1713,19,0.685334950439117,0.022727272727272728,0.015033115024789837,0.0,0.0,0.0,1.0,3.5
iconclass-ai:uiuc_3201sa12iea2_pic184.jpg,1713,103,0.6016525407212409,0.1,0.06491810981935539,0.0,0.0,0.009708737864077669,5.5,4.0
iconclass-ai:uiuc_3201sa12iea2_pic190.jpg,1713,51,0.689837722525052,0.014084507042253521,0.03164173849076041,0.0,0.0,0.0,2.0,5.0
iconclass-ai:uiuc_3201sa12iea2_pic207.jpg,1713,48,0.7578042797312423,0.012987012987012988,0.029600932916717875,0.0,0.0,0.0,6.0,5.0
iconclass-ai:uiuc_3201sa12iea2_pic213.jpg,1713,43,0.7861260714945337,1.0,0.04846829119702993,0.023255813953488372,0.023255813953488372,0.023255813953488372,3.0,3.5
iconclass-ai:uiuc_3201sa12iea2_pic220.jpg,1713,30,0.5824793121336789,0.03333333333333333,0.018665820710171924,0.0,0.0,0.0,2.0,4.0
iconclass-ai:uiuc_3201sa12iea2_pic251.jpg,1713,51,0.4693915479010679,0.2,0.047846600588325905,0.0,0.0196078431372549,0.0392156862745098,2.5,4.5
iconclass-ai:uiuc_3201sa12iea2_pic295.jpg,1713,23,0.5097608517776805,0.003703703703703704,0.012222861203808772,0.0,0.0,0.0,1.0,4.0
iconclass-ai:uiuc_3201sa12iea2_pic317.jpg,1713,3,0.46374000110559477,0.0017730496453900709,0.002152074231798628,0.0,0.0,0.0,1.5,3.5
iconclass-ai:uiuc_3201sa12iea2_pic368.jpg,1713,18,0.6408842132574134,0.02702702702702703,0.011795182149994017,0.0,0.0,0.0,1.0,4.0
iconclass-ai:uiuc_832w91o_pic01101.jpg,1713,33,0.08374781847429139,0.034482758620689655,0.024186751308718633,0.0,0.0,0.0,2.0,5.0
iconclass-ai:uiuc_832w91o_pic01105.jpg,1713,11,0.11724573741456576,0.038461538461538464,0.014246847462575601,0.0,0.0,0.0,2.0,5.0
iconclass-ai:uiuc_832w91o_pic01111.jpg,1713,47,0.7347188940642918,0.5,0.04004782105620593,0.0,0.02127659574468085,0.02127659574468085,3.5,3.0
iconclass-ai:uiuc_832w91o_pic01301.jpg,1713,33,0.4931159923284627,0.037037037037037035,0.030176947101761324,0.0,0.0,0.0,1.0,5.0
iconclass-ai:uiuc_832w91o_pic01309.jpg,1713,7,0.7487800958998341,0.0196078431372549,0.0067351323823341734,0.0,0.0,0.0,1.0,4.5
iconclass-ai:uiuc_832w91o_pic01311.jpg,1713,20,0.48982959843660717,0.014492753623188406,0.01512449154524859,0.0,0.0,0.0,3.0,4.0
iconclass-ai:uiuc_832w91o_pic01508.jpg,1713,15,0.43545584062957987,0.01818181818181818,0.00882157450414482,0.0,0.0,0.0,1.0,5.0
iconclass-ai:uiuc_832w91o_pic01511.jpg,1713,45,0.7531483723706094,0.05,0.025364219804482696,0.0,0.0,0.0,1.5,3.0
iconclass-ai:uiuc_832w91o_pic01701.jpg,1713,2,0.7411902110103872,0.002336448598130841,0.003125171461492035,0.0,0.0,0.0,1.0,5.0
iconclass-ai:uiuc_832w91o_pic01705.jpg,1713,12,0.29195572099045874,0.0037593984962406013,0.006604950518458996,0.0,0.0,0.0,2.0,4.0
iconclass-ai:uiuc_832w91o_pic01909.jpg,1713,29,0.8452302743077037,0.3333333333333333,0.030091583630856965,0.0,0.034482758620689655,0.034482758620689655,2.0,5.5
iconclass-ai:uiuc_832w91o_pic02101.jpg,1713,6,0.7115778406965261,0.06666666666666667,0.016800475762021764,0.0,0.0,0.0,2.0,4.0
iconclass-ai:uiuc_832w91o_pic02106.jpg,1713,7,0.4332274331858756,0.005555555555555556,0.005580605494876327,0.0,0.0,0.0,1.5,4.0
iconclass-ai:uiuc_832w91o_pic02302.jpg,1713,6,0.6574989496360517,0.003236245954692557,0.0032257342555809137,0.0,0.0,0.0,1.0,4.0
iconclass-ai:uiuc_832w91o_pic02303.jpg,1713,2,0.4474915643915811,0.0006807351940095302,0.000967326844653668,0.0,0.0,0.0,1.0,3.0
iconclass-ai:uiuc_832w91o_pic02307.jpg,1713,6,0.7185754747539245,0.0015772870662460567,0.003398826037404932,0.0,0.0,0.0,1.0,5.0
iconclass-ai:uiuc_832w91o_pic02312.jpg,1713,39,0.8322318205090597,0.07142857142857142,0.03470329618511221,0.0,0.0,0.0,2.0,3.0
iconclass-ai:uiuc_832w91o_pic02502.jpg,1713,30,0.46080941199994613,0.02857142857142857,0.017439949767599997,0.0,0.0,0.0,4.5,4.5
iconclass-ai:uiuc_832w91o_pic02701.jpg,1713,8,0.6328644997804354,0.25,0.03826099886192357,0.0,0.125,0.125,2.0,3.5
iconclass-ai:uiuc_832w91o_pic02703.jpg,1713,2,0.4537655299666949,0.003968253968253968,0.003918362960916152,0.0,0.0,0.0,1.0,4.0
iconclass-ai:uiuc_832w91o_pic02707.jpg,1713,37,0.34186567853957733,0.05555555555555555,0.027659112912819892,0.0,0.0,0.0,3.5,3.5
iconclass-ai:uiuc_832w91o_pic02708.jpg,1713,25,0.7847153386344377,0.010869565217391304,0.013487570653704307,0.0,0.0,0.0,1.0,4.0
iconclass-ai:uiuc_832w91o_pic02709.jpg,1713,3,0.839999260431018,0.005319148936170213,0.005903774448797402,0.0,0.0,0.0,1.0,5.0
iconclass-ai:uiuc_832w91o_pic02905.jpg,1713,7,0.7298094202899034,0.01694915254237288,0.007410228758603263,0.0,0.0,0.0,1.0,4.0
iconclass-ai:uiuc_832w91o_pic02907.jpg,1713,72,0.5489825876824014,0.043478260869565216,0.0366632860494036,0.0,0.0,0.0,3.0,3.0
iconclass-ai:uiuc_832w91o_pic02911.jpg,1713,28,0.5340589236443115,0.0036101083032490976,0.015258809084198077,0.0,0.0,0.0,1.5,4.0
iconclass-ai:uiuc_832w91o_pic03303.jpg,1713,49,0.410512561805372,1.0,0.04937257665322853,0.02040816326530612,0.02040816326530612,0.02040816326530612,4.0,4.0
iconclass-ai:uiuc_832w91o_pic03503.jpg,1713,45,0.4448052066108415,0.03125,0.025863097031497733,0.0,0.0,0.0,3.0,3.5
iconclass-ai:uiuc_832w91o_pic03506.jpg,1713,15,0.46707180215071603,0.0125,0.008047432824862501,0.0,0.0,0.0,1.0,4.0
iconclass-ai:uiuc_832w91o_pic03709.jpg,1713,24,0.3545043088341696,0.029411764705882353,0.018038360974137933,0.0,0.0,0.0,1.0,5.0
iconclass-ai:uiuc_832w91o_pic04106.jpg,1713,5,0.289215713019761,0.009900990099009901,0.005321647984118402,0.0,0.0,0.0,1.0,6.0
iconclass-ai:uiuc_832w91o_pic04111.jpg,1713,4,0.6732034181965133,0.0009082652134423251,0.0015712313243416455,0.0,0.0,0.0,1.0,3.0
iconclass-ai:uiuc_832w91o_pic04112.jpg,1713,25,0.5641706294303087,0.09090909090909091,0.020864475093037335,0.0,0.0,0.0,1.5,4.0
iconclass-ai:uiuc_832w91o_pic04307.jpg,1713,40,0.3125952202401499,0.03225806451612903,0.022448810784600433,0.0,0.0,0.0,6.0,3.5
iconclass-ai:uiuc_832w91o_pic04501.jpg,1713,10,0.6359670629632975,0.002325581395348837,0.005267209707209591,0.0,0.0,0.0,3.5,5.0
iconclass-ai:uiuc_832w91o_pic04505.jpg,1713,10,0.3181130064702158,0.010752688172043012,0.009586173299258066,0.0,0.0,0.0,2.0,5.0
iconclass-ai:uiuc_832w91o_pic04510.jpg,1713,43,0.48531401813799424,0.07142857142857142,0.027341098870356614,0.0,0.0,0.0,3.0,5.0
iconclass-ai:uiuc_832w91o_pic04704.jpg,1713,16,0.6152284960565644,0.03333333333333333,0.014899675882075681,0.0,0.0,0.0,2.0,3.5
iconclass-ai:uiuc_832w91o_pic04709.jpg,1713,1,0.5680106327833998,0.0008084074373484236,0.0008084074373484236,0.0,0.0,0.0,1.0,4.5
iconclass-ai:uiuc_832w91o_pic04712.jpg,1713,17,0.4209765968144147,0.015625,0.010199953966186984,0.0,0.0,0.0,1.0,4.0
iconclass-ai:uiuc_832w91o_pic04909.jpg,1713,0,0.4132141568149605,,,,,,1.0,5.5
iconclass-ai:uiuc_832w91o_pic04912.jpg,1713,80,0.4849588604909014,0.07142857142857142,0.048728093960455424,0.0,0.0,0.0,8.5,5.0
iconclass-ai:uiuc_832w91o_pic05105.jpg,1713,30,0.25047479644546317,0.023809523809523808,0.02401150371958693,0.0,0.0,0.0,1.0,3.0
iconclass-ai:uiuc_832w91o_pic05109.jpg,1713,44,0.5945203658618783,0.013157894736842105,0.024234220175083674,0.0,0.0,0.0,1.0,5.0
iconclass-ai:uiuc_832w91o_pic05110.jpg,1713,29,0.4179935024098324,0.008620689655172414,0.016060048225629397,0.0,0.0,0.0,2.0,6.0
iconclass-ai:uiuc_832w91o_pic05302.jpg,1713,50,0.7312625444731046,0.3333333333333333,0.06893795486896032,0.0,0.04,0.08,6.0,3.5
iconclass-ai:uiuc_832w91o_pic05511.jpg,1713,3,0.6115732845964289,0.0044444444444444444,0.00509895636647647,0.0,0.0,0.0,2.0,4.0
iconclass-ai:uiuc_832w91o_pic05711.jpg,1713,10,0.5356378154728176,0.008620689655172414,0.006036449918994688,0.0,0.0,0.0,2.5,2.5
iconclass-ai:uiuc_832w91o_pic05906.jpg,1713,46,0.6308650524219578,0.03125,0.033383965919926734,0.0,0.0,0.0,2.0,3.0
iconclass-ai:uiuc_832w91o_pic06104.jpg,1713,7,0.5597661855162952,0.003952569169960474,0.0030476280507380177,0.0,0.0,0.0,1.0,4.0
iconclass-ai:uiuc_832w91o_pic06106.jpg,1713,9,0.42202056650767944,0.012987012987012988,0.007067150572066618,0.0,0.0,0.0,1.0,4.0
iconclass-ai:uiuc_832w91o_pic06108.jpg,1713,7,0.5523681121389599,0.01818181818181818,0.013801471832768055,0.0,0.0,0.0,1.0,4.0
iconclass-ai:uiuc_832w91o_pic06301.jpg,1713,2,0.5994019430785659,0.0009389671361502347,0.001115478400116461,0.0,0.0,0.0,1.0,4.5
iconclass-ai:uiuc_832w91o_pic06302.jpg,1713,66,0.6502164112031931,0.045454545454545456,0.033874086458465014,0.0,0.0,0.0,3.0,3.0
iconclass-ai:uiuc_832w91o_pic06304.jpg,1713,0,0.523153411299647,,,,,,1.0,1.0
iconclass-ai:uiuc_832w91o_pic06309.jpg,1713,6,0.29019047658578295,0.005263157894736842,0.003956090158673703,0.0,0.0,0.0,1.0,4.0
iconclass-ai:uiuc_832w91o_pic06311.jpg,1713,7,0.5631389400615392,0.011494252873563218,0.006540915659268463,0.0,0.0,0.0,1.0,5.0
iconclass-ai:uiuc_832w91o_pic06503.jpg,1713,47,0.7088908105619953,0.2,0.037545012364173694,0.0,0.02127659574468085,0.02127659574468085,4.0,4.0
iconclass-ai:uiuc_832w91o_pic06504.jpg,1713,17,0.25997901640948295,0.017857142857142856,0.011189990098447964,0.0,0.0,0.0,1.0,4.5
iconclass-ai:uiuc_832w91o_pic06512.jpg,1713,31,0.49953334562370627,0.006329113924050633,0.01443462716988748,0.0,0.0,0.0,2.5,5.0
iconclass-ai:uiuc_832w91o_pic06705.jpg,1713,5,0.6539237524858704,0.005319148936170213,0.003410617643170504,0.0,0.0,0.0,1.0,5.0
iconclass-ai:uiuc_832w91o_pic06707.jpg,1713,11,0.38830832905623086,0.011363636363636364,0.006537130297223811,0.0,0.0,0.0,1.0,4.0
iconclass-ai:uiuc_832w91o_pic06708.jpg,1713,0,0.47820400441738714,,,,,,1.0,1.0
iconclass-ai:uiuc_832w91o_pic06902.jpg,1713,2,0.6928545470349821,0.0016366612111292963,0.0023981094365283133,0.0,0.0,0.0,1.0,5.0
iconclass-ai:uiuc_832w91o_pic06904.jpg,1713,45,0.48964844873235525,0.008695652173913044,0.022693799974936358,0.0,0.0,0.0,9.0,3.0
iconclass-ai:uiuc_832w91o_pic06908.jpg,1713,58,0.6721993264282901,0.013333333333333334,0.03288660299218752,0.0,0.0,0.0,2.0,5.0
iconclass-ai:uiuc_832w91o_pic06911.jpg,1713,52,0.5021893026396893,0.03333333333333333,0.03028887901062225,0.0,0.0,0.0,3.5,4.5
iconclass-ai:uiuc_832w91o_pic07103.jpg,1713,102,0.483073086846749,0.1,0.07476821705344772,0.0,0.0,0.00980392156862745,2.5,4.5
iconclass-ai:uiuc_832w91o_pic07104.jpg,1713,30,0.5212937906684123,0.01639344262295082,0.02248873991287309,0.0,0.0,0.0,1.0,5.0
iconclass-ai:uiuc_832w91o_pic07108.jpg,1713,2,0.4592115289684066,0.0014492753623188406,0.0019715204741768766,0.0,0.0,0.0,1.0,4.0
iconclass-ai:uiuc_832w91o_pic07111.jpg,1713,13,0.544348166434457,0.03125,0.01032539323120998,0.0,0.0,0.0,2.0,4.0
iconclass-ai:uiuc_832w91o_pic07301.jpg,1713,5,0.6938586577693988,0.017543859649122806,0.007226318514525672,0.0,0.0,0.0,2.0,3.5
iconclass-ai:uiuc_832w91o_pic07302.jpg,1713,15,0.8579809428223729,0.003076923076923077,0.006291912361946716,0.0,0.0,0.0,1.0,4.0
iconclass-ai:uiuc_832w91o_pic07312.jpg,1713,35,0.7615296005813291,1.0,0.04680626305741733,0.02857142857142857,0.02857142857142857,0.02857142857142857,2.0,5.0
iconclass-ai:uiuc_832w91o_pic07502.jpg,1713,3,0.3158632709253576,0.00909090909090909,0.00492773101591245,0.0,0.0,0.0,1.0,4.5
iconclass-ai:uiuc_832w91o_pic07505.jpg,1713,10,0.6163908532194886,0.0072992700729927005,0.0076658204322916975,0.0,0.0,0.0,1.0,4.0
iconclass-ai:uiuc_832w91o_pic07512.jpg,1713,5,0.5554099541998028,0.004201680672268907,0.007582661283289774,0.0,0.0,0.0,1.0,4.0
iconclass-ai:uiuc_832w91o_pic07701.jpg,1713,10,0.6088618568901167,0.003676470588235294,0.00551868344820661,0.0,0.0,0.0,2.0,4.0
iconclass-ai:uiuc_832w91o_pic07703.jpg,1713,2,0.6630475167071928,0.010752688172043012,0.006786781321564524,0.0,0.0,0.0,1.0,5.0
iconclass-ai:uiuc_832w91o_pic07704.jpg,1713,8,0.21017027944465486,0.0021413276231263384,0.004351949862196404,0.0,0.0,0.0,2.5,4.0
iconclass-ai:uiuc_832w91o_pic07709.jpg,1713,27,0.34597746427065723,0.013888888888888888,0.017800327572277612,0.0,0.0,0.0,3.0,4.0
iconclass-ai:uiuc_832w91o_pic07712.jpg,1713,23,0.25076940218493227,0.07692307692307693,0.01778288041556677,0.0,0.0,0.0,5.0,3.0
iconclass-ai:uiuc_832w91o_pic07901.jpg,1713,13,0.551580110225348,0.003937007874015748,0.005164366494181668,0.0,0.0,0.0,3.0,4.0
iconclass-ai:uiuc_832w91o_pic07909.jpg,1713,13,0.6054753557257374,0.08333333333333333,0.020381539615533906,0.0,0.0,0.0,1.0,4.0
iconclass-ai:uiuc_832w91o_pic08105.jpg,1713,12,0.39853373695136435,0.008620689655172414,0.007660684782827727,0.0,0.0,0.0,2.5,3.0
iconclass-ai:uiuc_832w91o_pic08107.jpg,1713,18,0.4156449033007006,0.004048582995951417,0.008282111014711609,0.0,0.0,0.0,1.0,5.0
iconclass-ai:uiuc_832w91o_pic08110.jpg,1713,40,0.5983871819844623,0.05,0.029986456255275212,0.0,0.0,0.0,2.0,3.5
iconclass-ai:uiuc_832w91o_pic08111.jpg,1713,27,0.8326954074719033,0.008849557522123894,0.013082387168115115,0.0,0.0,0.0,1.0,5.5
iconclass-ai:uiuc_832w91o_pic08303.jpg,1713,11,0.8098531539369755,0.016666666666666666,0.010508680681526286,0.0,0.0,0.0,2.0,5.5
iconclass-ai:uiuc_832w91o_pic08308.jpg,1713,10,0.42194384538109186,0.0031746031746031746,0.006025970325475914,0.0,0.0,0.0,2.0,4.0
iconclass-ai:uiuc_832w91o_pic08501.jpg,1713,42,0.4995135798378769,0.1111111111111111,0.023991078509447466,0.0,0.0,0.023809523809523808,7.5,4.0
iconclass-ai:uiuc_832w91o_pic08508.jpg,1713,56,0.5034071748109468,0.034482758620689655,0.030426639092208795,0.0,0.0,0.0,15.0,3.0
iconclass-ai:uiuc_832w91o_pic08511.jpg,1713,32,0.6708915078991341,0.16666666666666666,0.02414444999107254,0.0,0.0,0.03125,2.0,4.0
iconclass-ai:uiuc_832w91o_pic08707.jpg,1713,1,0.6684748944522305,0.0006702412868632708,0.0006702412868632708,0.0,0.0,0.0,1.0,3.0
iconclass-ai:uiuc_832w91o_pic08708.jpg,1713,25,0.35284146188354454,0.023809523809523808,0.013746633387759954,0.0,0.0,0.0,4.0,4.0
iconclass-ai:uiuc_832w91o_pic08903.jpg,1713,54,0.8128605539950851,0.010869565217391304,0.030634841103222593,0.0,0.0,0.0,6.5,4.0
iconclass-ai:uiuc_832w91o_pic08906.jpg,1713,5,0.5249201468665424,0.004524886877828055,0.0030728959994466244,0.0,0.0,0.0,1.0,5.0
iconclass-ai:uiuc_832w91o_pic08909.jpg,1713,30,0.5989758429167444,0.009345794392523364,0.01982527373554436,0.0,0.0,0.0,6.5,4.0
iconclass-ai:uiuc_832w91o_pic09101.jpg,1713,37,0.20009192919320717,0.011363636363636364,0.024036350331282454,0.0,0.0,0.0,4.0,5.0
iconclass-ai:uiuc_832w91o_pic09102.jpg,1713,38,0.4121149145909783,0.01639344262295082,0.022755440448078982,0.0,0.0,0.0,2.5,5.0
iconclass-ai:uiuc_832w91o_pic09107.jpg,1713,18,0.5465769937765818,0.015873015873015872,0.012462258347829474,0.0,0.0,0.0,2.0,3.0
iconclass-ai:uiuc_832w91o_pic09109.jpg,1713,4,0.46528571648940087,0.03571428571428571,0.010696208735918186,0.0,0.0,0.0,1.0,5.0
iconclass-ai:uiuc_832w91o_pic09305.jpg,1713,16,0.569571692025877,0.012048192771084338,0.011020535373443776,0.0,0.0,0.0,1.0,5.0
iconclass-ai:uiuc_832w91o_pic09903.jpg,1713,24,0.8412217525014903,0.005988023952095809,0.015341245012664241,0.0,0.0,0.0,2.0,4.0
iconclass-ai:uiuc_832w91o_pic10107.jpg,1713,5,0.47955111153245344,0.005917159763313609,0.005626469796046361,0.0,0.0,0.0,1.0,3.0
iconclass-ai:uiuc_832w91o_pic10110.jpg,1713,78,0.6319304093392586,1.0,0.052992271762797194,0.01282051282051282,0.01282051282051282,0.01282051282051282,3.0,5.0
iconclass-ai:uiuc_832w91o_pic10304.jpg,1713,7,0.5468072551149815,0.001834862385321101,0.0038543517538070717,0.0,0.0,0.0,1.0,5.0
iconclass-ai:uiuc_832w91o_pic10504.jpg,1713,79,0.5829062564490378,0.3333333333333333,0.046492808915543714,0.0,0.012658227848101266,0.012658227848101266,7.0,5.0
iconclass-ai:uiuc_832w91o_pic10507.jpg,1713,50,0.7569021067152308,0.014925373134328358,0.02787115638074284,0.0,0.0,0.0,4.0,4.0
iconclass-ai:uiuc_832w91o_pic10907.jpg,1713,0,0.31528677389131604,,,,,,1.0,5.0
iconclass-ai:uiuc_832w91o_pic11307.jpg,1713,4,0.6795562927052002,0.0018726591760299626,0.0019990804743039063,0.0,0.0,0.0,1.0,3.0
iconclass-ai:uiuc_832w91o_pic11309.jpg,1713,11,0.7308502275924599,0.01694915254237288,0.007156807019081507,0.0,0.0,0.0,1.0,3.0
iconclass-ai:uiuc_832w91o_pic11310.jpg,1713,18,0.5052061533247383,0.5,0.044898430739598365,0.0,0.05555555555555555,0.05555555555555555,1.0,4.0
iconclass-ai:uiuc_832w91o_pic11503.jpg,1713,21,0.5690621887538161,0.013157894736842105,0.0126394926108168,0.0,0.0,0.0,2.0,4.0
iconclass-ai:uiuc_832w91o_pic11511.jpg,1713,55,0.49291419752216814,0.14285714285714285,0.027795552135912196,0.0,0.0,0.01818181818181818,6.0,5.0
iconclass-ai:uiuc_832w91o_pic11512.jpg,1713,33,0.4354004651097239,0.125,0.023880799940724336,0.0,0.0,0.030303030303030304,2.0,4.5
iconclass-ai:uiuc_832w91o_pic11701.jpg,1713,7,0.46659773130867166,0.25,0.04454641491905623,0.0,0.14285714285714285,0.14285714285714285,1.0,5.0
iconclass-ai:uiuc_832w91o_pic11703.jpg,1713,11,0.6071806082825254,0.07142857142857142,0.014821544186260433,0.0,0.0,0.0,2.5,4.0
iconclass-ai:uiuc_832w91o_pic11711.jpg,1713,90,0.42206575638482036,0.041666666666666664,0.05557138053051999,0.0,0.0,0.0,5.0,4.0
iconclass-ai:uiuc_832w91o_pic11902.jpg,1713,21,0.6836395540205805,0.002583979328165375,0.009491237350657397,0.0,0.0,0.0,3.0,5.0
iconclass-ai:uiuc_832w91o_pic11910.jpg,1713,14,0.7681290381596588,0.038461538461538464,0.00969596219867677,0.0,0.0,0.0,2.5,3.5
iconclass-ai:uiuc_832w91o_pic11911.jpg,1713,14,0.5836605138905011,0.005747126436781609,0.008191463049709797,0.0,0.0,0.0,1.0,4.0
iconclass-ai:uiuc_832w91o_pic12102.jpg,1713,21,0.44845216299208424,0.07142857142857142,0.015677384414358776,0.0,0.0,0.0,1.0,4.0
iconclass-ai:uiuc_832w91o_pic12104.jpg,1713,2,0.6078757820548772,0.0036363636363636364,0.004716732542819499,0.0,0.0,0.0,2.0,5.0
iconclass-ai:uiuc_832w91o_pic12110.jpg,1713,8,0.35891162498078294,0.012345679012345678,0.005284124359337547,0.0,0.0,0.0,1.0,4.0
iconclass-ai:uiuc_832w91o_pic12112.jpg,1713,0,0.4521472607752954,,,,,,1.0,1.0
iconclass-ai:uiuc_832w91o_pic12309.jpg,1713,53,0.6989656199270798,0.1,0.04285603894455753,0.0,0.0,0.018867924528301886,3.0,4.0
iconclass-ai:uiuc_832w91o_pic12310.jpg,1713,52,0.5619218654711882,1.0,0.05300181821141354,0.019230769230769232,0.019230769230769232,0.019230769230769232,4.0,4.0
iconclass-ai:uiuc_832w91o_pic12505.jpg,1713,2,0.3906576780156671,0.007462686567164179,0.00433122330757729,0.0,0.0,0.0,1.0,3.0
iconclass-ai:uiuc_832w91o_pic12506.jpg,1713,32,0.4935738881231522,0.023255813953488372,0.017849055768760034,0.0,0.0,0.0,4.5,5.0
iconclass-ai:uiuc_832w91o_pic12510.jpg,1713,20,0.5344259204516919,0.047619047619047616,0.01335312913819973,0.0,0.0,0.0,1.0,6.0
iconclass-ai:uiuc_832w91o_pic12710.jpg,1713,42,0.3140426348032147,0.0136986301369863,0.022579280290061746,0.0,0.0,0.0,2.0,5.0
iconclass-ai:uiuc_832w91o_pic12901.jpg,1713,56,0.2763851094633495,0.2,0.05110015307112809,0.0,0.017857142857142856,0.017857142857142856,2.0,3.0
iconclass-ai:uiuc_832w91o_pic13110.jpg,1713,22,0.7744815322979451,0.02702702702702703,0.015260862817592914,0.0,0.0,0.0,3.5,5.0
iconclass-ai:uiuc_832w91o_pic13302.jpg,1713,48,0.7194829812444127,0.013157894736842105,0.026855959887379734,0.0,0.0,0.0,3.0,5.0
iconclass-ai:uiuc_832w91o_pic13308.jpg,1713,8,0.7315990554038732,0.125,0.022143405922596855,0.0,0.0,0.125,2.0,6.0
iconclass-ai:uiuc_832w91o_pic13310.jpg,1713,15,0.4709261193946461,1.0,0.08252715603466364,0.06666666666666667,0.06666666666666667,0.06666666666666667,1.0,3.5
iconclass-ai:uiuc_832w91o_pic13508.jpg,1713,8,0.3224359467008496,0.006097560975609756,0.005580546401302068,0.0,0.0,0.0,1.0,5.5
iconclass-ai:uiuc_832w91o_pic13509.jpg,1713,21,0.6699821171766939,1.0,0.0581989518475198,0.047619047619047616,0.047619047619047616,0.047619047619047616,1.0,2.5
iconclass-ai:uiuc_832w91o_pic13512.jpg,1713,0,0.6313283097640743,,,,,,1.0,6.0
iconclass-ai:uiuc_832w91o_pic13712.jpg,1713,4,0.3049334683453213,0.0010775862068965517,0.001744097995596013,0.0,0.0,0.0,1.5,4.0
iconclass-ai:uiuc_832w91o_pic13901.jpg,1713,0,0.5527460588826717,,,,,,1.0,1.0
iconclass-ai:uiuc_832w91o_pic13903.jpg,1713,9,0.37233779781687143,0.012195121951219513,0.007328519015213534,0.0,0.0,0.0,1.0,3.0
iconclass-ai:uiuc_832w91o_pic13904.jpg,1713,10,0.33063789614956335,0.0015698587127158557,0.004358110506866843,0.0,0.0,0.0,2.0,3.0
iconclass-ai:uiuc_832w91o_pic13906.jpg,1713,51,0.5467296918742072,0.5,0.04908263127380721,0.0,0.0196078431372549,0.0392156862745098,3.0,5.0
iconclass-ai:uiuc_832w91o_pic14102.jpg,1713,5,0.37158679497628333,0.0012437810945273632,0.002335332131458251,0.0,0.0,0.0,1.0,6.0
iconclass-ai:uiuc_832w91o_pic14103.jpg,1713,34,0.6254097326929163,0.02702702702702703,0.02381108221857848,0.0,0.0,0.0,1.0,4.5
iconclass-ai:uiuc_832w91o_pic14105.jpg,1713,26,0.3290874831170474,0.007692307692307693,0.017707793909435082,0.0,0.0,0.0,3.5,5.0
iconclass-ai:uiuc_832w91o_pic14107.jpg,1713,25,0.5739400975574878,0.1111111111111111,0.03652701964039,0.0,0.0,0.04,2.0,5.5
iconclass-ai:uiuc_832w91o_pic14109.jpg,1713,18,0.6361105726514373,0.07692307692307693,0.020325203006690502,0.0,0.0,0.0,7.0,3.0
iconclass-ai:uiuc_832w91o_pic14302.jpg,1713,13,0.6181389047139192,0.011111111111111112,0.008877527193502151,0.0,0.0,0.0,4.0,3.5
iconclass-ai:uiuc_832w91o_pic14306.jpg,1713,42,0.4517064939386712,0.07142857142857142,0.03553011237188256,0.0,0.0,0.0,5.0,3.0
iconclass-ai:uiuc_832w91o_pic14307.jpg,1713,25,0.7947384315347974,0.007407407407407408,0.01445437963538592,0.0,0.0,0.0,2.0,4.0
iconclass-ai:uiuc_832w91o_pic14506.jpg,1713,30,0.4856774066209736,0.02564102564102564,0.015032147443275693,0.0,0.0,0.0,7.0,3.0
iconclass-ai:uiuc_832w91o_pic14701.jpg,1713,4,0.3743102092904141,0.027777777777777776,0.009964543017666774,0.0,0.0,0.0,1.5,4.0
iconclass-ai:uiuc_832w91o_pic14704.jpg,1713,30,0.5479570350128593,0.006024096385542169,0.018423373290813935,0.0,0.0,0.0,1.5,4.5
iconclass-ai:uiuc_832w91o_pic14711.jpg,1713,36,0.42331179510529354,0.125,0.026917338137815185,0.0,0.0,0.027777777777777776,1.0,5.0
iconclass-ai:uiuc_832w91o_pic14902.jpg,1713,9,0.6285108926059098,0.0020833333333333333,0.0038748440225631156,0.0,0.0,0.0,2.0,6.0
iconclass-ai:uiuc_832w91o_pic14904.jpg,1713,14,0.6657462693658394,0.008,0.00950833660033353,0.0,0.0,0.0,1.0,4.5
iconclass-ai:uiuc_832w91o_pic14908.jpg,1713,40,0.49029249142760695,0.017241379310344827,0.02277989642212039,0.0,0.0,0.0,1.0,4.0
iconclass-ai:uiuc_832w91o_pic15302.jpg,1713,12,0.6143417740304083,0.017543859649122806,0.013301882885769964,0.0,0.0,0.0,1.0,6.0
iconclass-ai:uiuc_832w91o_pic15304.jpg,1713,14,0.5830733443057748,0.0056179775280898875,0.007796878577246554,0.0,0.0,0.0,1.0,5.0
iconclass-ai:uiuc_832w91o_pic15308.jpg,1713,15,0.19902213534301913,0.09090909090909091,0.024748657764301372,0.0,0.0,0.0,4.5,3.0
iconclass-ai:uiuc_832w91o_pic15312.jpg,1713,18,0.4132330766633378,0.011235955056179775,0.010828655464898659,0.0,0.0,0.0,1.0,6.0
iconclass-ai:uiuc_832w91o_pic15501.jpg,1713,107,0.6945190187120879,0.25,0.0691774122686124,0.0,0.009345794392523364,0.009345794392523364,10.5,4.0
iconclass-ai:uiuc_832w91o_pic15902.jpg,1713,38,0.7463199116642731,0.037037037037037035,0.024854786782733684,0.0,0.0,0.0,1.0,5.5
iconclass-ai:uiuc_832w91o_pic15903.jpg,1713,8,0.6428642340029688,0.008849557522123894,0.006229262467855082,0.0,0.0,0.0,2.0,5.0
iconclass-ai:uiuc_832w91o_pic15906.jpg,1713,15,0.5270084946641831,0.14285714285714285,0.021658246111198064,0.0,0.0,0.06666666666666667,1.5,4.5
iconclass-ai:uiuc_832w91o_pic16105.jpg,1713,20,0.5694738098898837,0.05263157894736842,0.015589863852505461,0.0,0.0,0.0,1.0,5.0
iconclass-ai:uiuc_832w91o_pic16301.jpg,1713,58,0.8342859271768771,0.009615384615384616,0.030578308331016445,0.0,0.0,0.0,5.5,4.5
iconclass-ai:uiuc_832w91o_pic16309.jpg,1713,22,0.6007441453720705,0.019230769230769232,0.016439663909787627,0.0,0.0,0.0,1.5,5.0
iconclass-ai:uiuc_832w91o_pic16502.jpg,1713,14,0.411763159178906,0.010416666666666666,0.011737067950815782,0.0,0.0,0.0,2.5,4.0
iconclass-ai:uiuc_832w91o_pic16504.jpg,1713,21,0.6477838351169907,0.006211180124223602,0.011061665103003956,0.0,0.0,0.0,1.0,3.0
iconclass-ai:uiuc_832w91o_pic16511.jpg,1713,10,0.7472658047323203,0.0030959752321981426,0.005467907762784644,0.0,0.0,0.0,1.0,6.0
iconclass-ai:uiuc_832w91o_pic16512.jpg,1713,51,0.8763405283372813,0.08333333333333333,0.03291193204237968,0.0,0.0,0.0,3.0,3.5
iconclass-ai:uiuc_832w91o_pic16703.jpg,1713,25,0.4463581414976038,0.018518518518518517,0.013780622452687246,0.0,0.0,0.0,1.0,5.0
iconclass-ai:uiuc_832w91o_pic17109.jpg,1713,10,0.4895426400722379,0.0026666666666666666,0.005318554362364012,0.0,0.0,0.0,1.0,4.0
iconclass-ai:uiuc_832w91o_pic17306.jpg,1713,80,0.8323110352014627,0.25,0.05118842950556609,0.0,0.0125,0.0125,4.5,4.0
iconclass-ai:uiuc_832w91o_pic17308.jpg,1713,24,0.7097973800244931,0.017543859649122806,0.014895062659572807,0.0,0.0,0.0,3.0,3.0
iconclass-ai:uiuc_832w91o_pic17501.jpg,1713,3,0.4171235184703825,0.00186219739292365,0.002046658390233809,0.0,0.0,0.0,1.0,4.0
iconclass-ai:uiuc_832w91o_pic17503.jpg,1713,33,0.4729592390097778,0.011111111111111112,0.021030261467065686,0.0,0.0,0.0,2.0,5.0
iconclass-ai:uiuc_832w91o_pic17505.jpg,1713,28,0.5482743439969765,0.004098360655737705,0.016885771244083598,0.0,0.0,0.0,3.5,3.5
iconclass-ai:uiuc_832w91o_pic17510.jpg,1713,0,0.6595877235236101,,,,,,1.0,3.5
iconclass-ai:uiuc_832w91o_pic17511.jpg,1713,39,0.6074039887744074,1.0,0.050782140652807436,0.02564102564102564,0.02564102564102564,0.02564102564102564,2.0,4.0
iconclass-ai:uiuc_832w91o_pic17703.jpg,1713,31,0.39025305007088545,0.006622516556291391,0.0162107858144542,0.0,0.0,0.0,2.5,4.5
iconclass-ai:uiuc_832w91o_pic17704.jpg,1713,45,0.5584572887698201,0.013513513513513514,0.026626859929651348,0.0,0.0,0.0,1.0,5.0
iconclass-ai:uiuc_832w91o_pic17706.jpg,1713,46,0.6681445690908607,0.058823529411764705,0.02688037044752452,0.0,0.0,0.0,5.0,5.0
iconclass-ai:uiuc_832w91o_pic17903.jpg,1713,57,0.7286170843577678,0.05263157894736842,0.031147315636506922,0.0,0.0,0.0,4.0,4.0
iconclass-ai:uiuc_832w91o_pic17907.jpg,1713,8,0.4364766090752006,0.05555555555555555,0.013536945417659221,0.0,0.0,0.0,1.5,4.0
iconclass-ai:uiuc_832w91o_pic17908.jpg,1713,51,0.7252771818957068,0.005263157894736842,0.026419750783772306,0.0,0.0,0.0,2.5,5.0
iconclass-ai:uiuc_832w91o_pic17911.jpg,1713,27,0.661663683406978,0.14285714285714285,0.023879526694416092,0.0,0.0,0.037037037037037035,1.0,4.0
iconclass-ai:uiuc_832w91o_pic18706.jpg,1713,27,0.6334720715667279,0.0625,0.021987995774851648,0.0,0.0,0.0,3.0,4.5
iconclass-ai:uiuc_832w91o_pic18906.jpg,1713,21,0.5075794492514518,0.016666666666666666,0.013860698196481074,0.0,0.0,0.0,1.0,5.0
iconclass-ai:uiuc_832w91o_pic19103.jpg,1713,45,0.259801400138464,0.013888888888888888,0.026570179650989588,0.0,0.0,0.0,3.0,4.0
iconclass-ai:uiuc_832w91o_pic19107.jpg,1713,23,0.3818574365024617,0.014925373134328358,0.01388582201921403,0.0,0.0,0.0,1.0,4.0
iconclass-ai:uiuc_832w91o_pic19108.jpg,1713,48,0.8380131193630131,0.041666666666666664,0.024787801504736685,0.0,0.0,0.0,1.0,2.0
iconclass-ai:uiuc_832w91o_pic19111.jpg,1713,61,0.6704470849124969,0.1,0.03355239140970028,0.0,0.0,0.01639344262295082,3.5,4.0
iconclass-ai:uiuc_832w91o_pic19302.jpg,1713,83,0.7484398342028913,0.1111111111111111,0.05776670356646543,0.0,0.0,0.012048192771084338,6.0,4.0
iconclass-ai:uiuc_832w91o_pic19310.jpg,1713,44,0.6952698626364302,0.015625,0.026717124687041384,0.0,0.0,0.0,3.5,5.0
iconclass-ai:uiuc_832w91o_pic19312.jpg,1713,55,0.3790667482807125,0.06666666666666667,0.034208174972178686,0.0,0.0,0.0,1.0,4.0
iconclass-ai:uiuc_832w91o_pic19502.jpg,1713,40,0.6003665419966216,0.010101010101010102,0.022222405833550823,0.0,0.0,0.0,3.5,4.5
iconclass-ai:uiuc_832w91o_pic19509.jpg,1713,16,0.6483182982728636,0.00510204081632653,0.010059261677809017,0.0,0.0,0.0,1.0,4.5
iconclass-ai:uiuc_832w91o_pic19511.jpg,1713,22,0.591172315707715,0.0049261083743842365,0.012986242023521232,0.0,0.0,0.0,3.0,5.5
iconclass-ai:uiuc_832w91o_pic19703.jpg,1713,4,0.7146958585024886,0.004784688995215311,0.0030749540951709735,0.0,0.0,0.0,1.0,4.0
iconclass-ai:uiuc_832w91o_pic19708.jpg,1713,38,0.23280082611353273,0.02857142857142857,0.02600087956916711,0.0,0.0,0.0,7.5,4.5
iconclass-ai:uiuc_832w91o_pic19709.jpg,1713,35,0.6951886618531733,0.3333333333333333,0.03266827193218775,0.0,0.02857142857142857,0.02857142857142857,3.5,4.0
iconclass-ai:uiuc_832w91o_pic19710.jpg,1713,10,0.5436558601735636,0.0021645021645021645,0.004792982218479485,0.0,0.0,0.0,2.5,6.0
iconclass-ai:uiuc_832w91o_pic19908.jpg,1713,4,0.16852953783569727,0.01020408163265306,0.006285148093324231,0.0,0.0,0.0,1.5,6.0
iconclass-ai:uiuc_832w91o_pic19910.jpg,1713,27,0.4828429181644633,0.014705882352941176,0.01706395959951935,0.0,0.0,0.0,2.0,5.0
iconclass-ai:uiuc_832w91o_pic20107.jpg,1713,38,0.3763412163113705,0.007692307692307693,0.019465752005243194,0.0,0.0,0.0,3.0,4.0
iconclass-ai:uiuc_832w91o_pic20111.jpg,1713,13,0.7885497208855956,0.010638297872340425,0.009371475237358647,0.0,0.0,0.0,1.0,4.0
iconclass-ai:uiuc_832w91o_pic20307.jpg,1713,51,0.6348009479794123,0.019230769230769232,0.027291969158426112,0.0,0.0,0.0,1.5,5.0
iconclass-ai:uiuc_832w91o_pic20309.jpg,1713,19,0.6246116216089574,0.009259259259259259,0.012287801311273813,0.0,0.0,0.0,2.0,4.0
iconclass-ai:uiuc_832w91o_pic20506.jpg,1713,76,0.7619448723171707,0.05,0.04538040629022074,0.0,0.0,0.0,2.0,5.0
iconclass-ai:uiuc_832w91o_pic20509.jpg,1713,63,0.7329485686673093,0.04,0.0355213089211617,0.0,0.0,0.0,1.0,3.0
iconclass-ai:uiuc_832w91o_pic20705.jpg,1713,60,0.5975194818172656,0.1111111111111111,0.036218019517479154,0.0,0.0,0.016666666666666666,7.0,3.0
iconclass-ai:uiuc_832w91o_pic20709.jpg,1713,13,0.4770075757548747,0.004329004329004329,0.007661281755270097,0.0,0.0,0.0,2.5,3.0
iconclass-ai:uiuc_832w91o_pic20710.jpg,1713,19,0.40771895877707914,0.005050505050505051,0.011529524796664452,0.0,0.0,0.0,1.0,4.0
iconclass-ai:uiuc_832w91o_pic20906.jpg,1713,8,0.2517150173183646,0.003745318352059925,0.005927098572935949,0.0,0.0,0.0,1.5,4.5
iconclass-ai:uiuc_832w91o_pic21106.jpg,1713,30,0.700422470556034,0.2,0.026527569776667523,0.0,0.03333333333333333,0.03333333333333333,5.0,6.0
iconclass-ai:uiuc_832w91o_pic21108.jpg,1713,2,0.762524488352261,0.001669449081803005,0.0022511551358023523,0.0,0.0,0.0,1.0,6.0
iconclass-ai:uiuc_832w91o_pic21308.jpg,1713,26,0.6428147855423781,0.043478260869565216,0.0224401850738877,0.0,0.0,0.0,3.0,4.0
iconclass-ai:uiuc_832w91o_pic21309.jpg,1713,10,0.45764294845916326,0.008695652173913044,0.007406915546347939,0.0,0.0,0.0,1.5,3.0
iconclass-ai:uiuc_832w91o_pic21502.jpg,1713,31,0.6961051918815209,0.019230769230769232,0.017040786740973285,0.0,0.0,0.0,2.0,4.5
iconclass-ai:uiuc_832w91o_pic21508.jpg,1713,76,0.6601868758290871,0.043478260869565216,0.043724181564015877,0.0,0.0,0.0,3.0,4.0
iconclass-ai:uiuc_832w91o_pic21704.jpg,1713,62,0.610521550072768,0.043478260869565216,0.03717030844535477,0.0,0.0,0.0,5.5,5.0
iconclass-ai:uiuc_832w91o_pic21705.jpg,1713,64,0.6641139834719818,0.022727272727272728,0.03908069291488014,0.0,0.0,0.0,4.5,2.5
iconclass-ai:uiuc_832w91o_pic21901.jpg,1713,3,0.5758601965544909,0.005025125628140704,0.003283968974040796,0.0,0.0,0.0,1.5,5.0
iconclass-ai:uiuc_832w91o_pic21908.jpg,1713,49,0.5835904074613376,0.02857142857142857,0.02734167616923534,0.0,0.0,0.0,5.0,5.0
iconclass-ai:uiuc_832w91o_pic21909.jpg,1713,9,0.45628929318347194,0.00641025641025641,0.005808247658509357,0.0,0.0,0.0,3.0,5.0
iconclass-ai:uiuc_832w91o_pic22105.jpg,1713,4,0.5527460588826717,0.0028735632183908046,0.0029865349245524636,0.0,0.0,0.0,1.0,5.0
iconclass-ai:uiuc_832w91o_pic22110.jpg,1713,38,0.7788065869851872,0.023809523809523808,0.020016108733706763,0.0,0.0,0.0,7.0,4.5
iconclass-ai:uiuc_832w91o_pic22301.jpg,1713,13,0.4932042112933112,0.5,0.052605770894794825,0.0,0.07692307692307693,0.07692307692307693,1.5,3.0
iconclass-ai:uiuc_832w91o_pic22304.jpg,1713,7,0.8543150050712878,0.018518518518518517,0.005435816733123912,0.0,0.0,0.0,1.0,3.0
iconclass-ai:uiuc_832w91o_pic22306.jpg,1713,48,0.41518344578807603,0.08333333333333333,0.038038420552281765,0.0,0.0,0.0,3.0,3.0
iconclass-ai:uiuc_832w91o_pic22307.jpg,1713,50,0.41990263738443206,0.14285714285714285,0.02908732332869151,0.0,0.0,0.02,3.0,4.0
iconclass-ai:uiuc_832w91o_pic22309.jpg,1713,16,0.45193238275963726,0.006622516556291391,0.008147365312410464,0.0,0.0,0.0,2.5,5.0
iconclass-ai:uiuc_832w91o_pic22502.jpg,1713,49,0.27043559009270474,0.018518518518518517,0.03189250304605415,0.0,0.0,0.0,1.0,5.5
iconclass-ai:uiuc_832w91o_pic22708.jpg,1713,39,0.8660567534719028,0.016129032258064516,0.023365595790656564,0.0,0.0,0.0,7.0,4.0
iconclass-ai:uiuc_832w91o_pic22712.jpg,1713,27,0.3021979994115913,0.05555555555555555,0.021666439332033202,0.0,0.0,0.0,2.0,4.0
iconclass-ai:uiuc_832w91o_pic22902.jpg,1713,79,0.6021178890654362,0.09090909090909091,0.051375639748498625,0.0,0.0,0.0,3.5,4.5
iconclass-ai:uiuc_832w91o_pic22903.jpg,1713,51,0.6342062496715715,0.2,0.03831843692786702,0.0,0.0196078431372549,0.0196078431372549,1.5,5.0
iconclass-ai:uiuc_832w91o_pic22909.jpg,1713,79,0.5359011255627855,0.038461538461538464,0.049517835165798864,0.0,0.0,0.0,9.0,5.0
iconclass-ai:uiuc_832w91o_pic22912.jpg,1713,34,0.6581810421830974,0.06666666666666667,0.01928421941090244,0.0,0.0,0.0,2.0,5.0
iconclass-ai:uiuc_832w91o_pic23104.jpg,1713,51,0.8602873968641505,0.25,0.038176111161301145,0.0,0.0196078431372549,0.0196078431372549,1.0,5.0
iconclass-ai:uiuc_832w91o_pic23105.jpg,1713,42,0.44153016757389607,0.02857142857142857,0.03226894932398808,0.0,0.0,0.0,1.0,4.5
iconclass-ai:uiuc_832w91o_pic23106.jpg,1713,15,0.25464700943174634,0.023255813953488372,0.009317892989946765,0.0,0.0,0.0,1.0,4.0
iconclass-ai:uiuc_832w91o_pic23107.jpg,1713,31,0.582871500270179,0.011494252873563218,0.019689780147986783,0.0,0.0,0.0,2.0,4.0
iconclass-ai:uiuc_832w91o_pic23109.jpg,1713,34,0.5435991446491041,0.3333333333333333,0.026968491800025373,0.0,0.029411764705882353,0.029411764705882353,3.5,4.0
iconclass-ai:uiuc_832w91o_pic23110.jpg,1713,52,0.5101703892695592,0.1,0.03259979763004302,0.0,0.0,0.019230769230769232,4.5,4.5
iconclass-ai:uiuc_832w91o_pic23301.jpg,1713,4,0.6677392704235391,0.03125,0.009886672684896732,0.0,0.0,0.0,2.0,3.5
iconclass-ai:uiuc_832w91o_pic23302.jpg,1713,31,0.39516132371671464,0.041666666666666664,0.023220259021440284,0.0,0.0,0.0,4.0,4.0
iconclass-ai:uiuc_832w91o_pic23305.jpg,1713,75,0.5204975900650438,0.25,0.04728899385720366,0.0,0.013333333333333334,0.013333333333333334,6.5,5.0
iconclass-ai:uiuc_832w91o_pic23503.jpg,1713,73,0.7485242838457041,0.1111111111111111,0.043313717031528,0.0,0.0,0.0136986301369863,4.0,4.0
iconclass-ai:uiuc_832w91o_pic23505.jpg,1713,3,0.5077820901936382,0.0011061946902654867,0.0018114517770442052,0.0,0.0,0.0,1.0,4.0
iconclass-ai:uiuc_832w91o_pic23509.jpg,1713,40,0.5703668887933274,0.14285714285714285,0.02806396641388833,0.0,0.0,0.025,1.0,3.0
iconclass-ai:uiuc_832w91o_pic23511.jpg,1713,24,0.7036155167020107,0.058823529411764705,0.021406892391757738,0.0,0.0,0.0,2.0,4.5
iconclass-ai:uiuc_832w91o_pic23710.jpg,1713,59,0.5272584062639807,0.058823529411764705,0.05116681623140887,0.0,0.0,0.0,5.5,6.0
iconclass-ai:uiuc_832w91o_pic23711.jpg,1713,10,0.551682308973805,0.02631578947368421,0.007145565813059175,0.0,0.0,0.0,3.0,4.0
iconclass-ai:uiuc_832w91o_pic23907.jpg,1713,82,0.7411411377740443,0.07692307692307693,0.08155079429565032,0.0,0.0,0.0,6.0,4.0
iconclass-ai:uiuc_832w91o_pic23908.jpg,1713,36,0.40124689223109783,0.010526315789473684,0.016867525135024486,0.0,0.0,0.0,2.0,4.5
iconclass-ai:uiuc_832w91o_pic24105.jpg,1713,37,0.5839775170551625,0.1111111111111111,0.026838912796467173,0.0,0.0,0.02702702702702703,1.5,5.0
iconclass-ai:uiuc_832w91o_pic24109.jpg,1713,18,0.3483020789472097,0.02040816326530612,0.010149130083021983,0.0,0.0,0.0,3.5,4.0
iconclass-ai:uiuc_832w91o_pic24112.jpg,1713,11,0.6762799786324766,0.1,0.01757866645563597,0.0,0.0,0.09090909090909091,1.0,4.0
iconclass-ai:uiuc_832w91o_pic24302.jpg,1713,15,0.20202467554399497,0.007518796992481203,0.009841972279423959,0.0,0.0,0.0,1.5,4.5
iconclass-ai:uiuc_832w91o_pic24306.jpg,1713,40,0.1368072230924349,0.014285714285714285,0.019976236179602275,0.0,0.0,0.0,2.5,3.5
iconclass-ai:uiuc_832w91o_pic24310.jpg,1713,10,0.6178236135680472,0.045454545454545456,0.010942396155625705,0.0,0.0,0.0,1.0,5.0
iconclass-ai:uiuc_832w91o_pic24505.jpg,1713,72,0.5522598281663661,0.02857142857142857,0.04409722488325957,0.0,0.0,0.0,3.5,4.5
iconclass-ai:uiuc_832w91o_pic24508.jpg,1713,75,0.43493067437271193,0.02857142857142857,0.03994209117571521,0.0,0.0,0.0,20.0,5.0
iconclass-ai:uiuc_832w91o_pic24511.jpg,1713,15,0.48416977296133457,0.007692307692307693,0.012187312354537079,0.0,0.0,0.0,4.5,5.0
iconclass-ai:uiuc_832w91o_pic24703.jpg,1713,13,0.5972556752789192,0.02857142857142857,0.013487564334058427,0.0,0.0,0.0,3.5,2.5
iconclass-ai:uiuc_832w91o_pic24706.jpg,1713,21,0.6391884373983207,0.006097560975609756,0.012310707201985743,0.0,0.0,0.0,2.5,5.0
iconclass-ai:uiuc_832w91o_pic24708.jpg,1713,25,0.5318453658763163,0.007518796992481203,0.012995423654482013,0.0,0.0,0.0,2.0,5.0
iconclass-ai:uiuc_832w91o_pic24910.jpg,1713,72,0.6807524318330376,0.05263157894736842,0.04910684699320879,0.0,0.0,0.0,3.0,4.5
iconclass-ai:uiuc_832w91o_pic25104.jpg,1713,74,0.5999719592081633,0.034482758620689655,0.0329678271283792,0.0,0.0,0.0,9.0,4.0
iconclass-ai:uiuc_832w91o_pic25106.jpg,1713,29,0.43545440857496215,0.02857142857142857,0.018117950644656416,0.0,0.0,0.0,2.0,5.0
iconclass-ai:uiuc_832w91o_pic25109.jpg,1713,16,0.48839611403891514,0.0028169014084507044,0.00803344773066592,0.0,0.0,0.0,2.5,4.5
iconclass-ai:uiuc_832w91o_pic25306.jpg,1713,10,0.3301579985254544,0.016129032258064516,0.010325645873894982,0.0,0.0,0.0,2.0,5.0
iconclass-ai:uiuc_832w91o_pic25307.jpg,1713,71,0.7529694065526481,1.0,0.06945773084898026,0.014084507042253521,0.014084507042253521,0.014084507042253521,5.5,4.0
iconclass-ai:uiuc_832w91o_pic25311.jpg,1713,25,0.5162450999367081,0.14285714285714285,0.02180642114039685,0.0,0.0,0.04,3.5,3.5
iconclass-ai:uiuc_832w91o_pic25509.jpg,1713,31,0.693853548613061,0.004310344827586207,0.017999698510353514,0.0,0.0,0.0,1.0,6.0
iconclass-ai:uiuc_832w91o_pic25706.jpg,1713,25,0.6157383806733866,0.041666666666666664,0.016497011026170755,0.0,0.0,0.0,2.0,4.0
iconclass-ai:uiuc_832w91o_pic25709.jpg,1713,4,0.5060316216496792,0.5,0.1272469751413958,0.0,0.25,0.25,1.0,5.0
iconclass-ai:uiuc_832w91o_pic25710.jpg,1713,27,0.46985681679347113,0.007874015748031496,0.013474278717097818,0.0,0.0,0.0,1.0,4.0
iconclass-ai:uiuc_832w91o_pic25901.jpg,1713,28,0.4918337591801601,0.14285714285714285,0.023236890743654825,0.0,0.0,0.03571428571428571,1.0,5.0
iconclass-ai:uiuc_832w91o_pic25903.jpg,1713,19,0.803261227684974,0.0034482758620689655,0.010444301251682745,0.0,0.0,0.0,1.0,6.0
iconclass-ai:uiuc_832w91o_pic25908.jpg,1713,2,0.5622699953125612,0.0017730496453900709,0.0014754529734606419,0.0,0.0,0.0,1.0,4.0
iconclass-ai:uiuc_832w91o_pic25910.jpg,1713,19,0.6137309630685939,0.005235602094240838,0.01153460301101724,0.0,0.0,0.0,1.0,4.0
iconclass-ai:uiuc_832w91o_pic26108.jpg,1713,6,0.43479265406190587,0.003115264797507788,0.0035439912672181016,0.0,0.0,0.0,1.5,3.5
iconclass-ai:uiuc_832w91o_pic26112.jpg,1713,1,0.5021460881644932,0.002421307506053269,0.002421307506053269,0.0,0.0,0.0,1.0,4.0
iconclass-ai:uiuc_832w91o_pic26303.jpg,1713,8,0.6919204504364488,0.01,0.008368601109788992,0.0,0.0,0.0,1.0,6.0
iconclass-ai:uiuc_832w91o_pic26307.jpg,1713,14,0.4709756317585255,0.005555555555555556,0.010066462500389142,0.0,0.0,0.0,1.0,4.0
iconclass-ai:uiuc_832w91o_pic26310.jpg,1713,3,0.5983789264172295,0.0033333333333333335,0.002944784381705147,0.0,0.0,0.0,1.0,5.0
iconclass-ai:uiuc_832w91o_pic26502.jpg,1713,9,0.504249461709056,0.003745318352059925,0.0045980009446760575,0.0,0.0,0.0,2.5,5.5
iconclass-ai:uiuc_832w91o_pic26703.jpg,1713,25,0.5882775400559447,0.05,0.028058429596868682,0.0,0.0,0.0,3.0,4.0
iconclass-ai:uiuc_832w91o_pic26704.jpg,1713,31,0.6809047493604335,0.02702702702702703,0.02299318845545524,0.0,0.0,0.0,2.0,5.0
iconclass-ai:uiuc_832w91o_pic26907.jpg,1713,11,0.6070172018712139,0.003067484662576687,0.005697002395490918,0.0,0.0,0.0,1.0,5.0
iconclass-ai:uiuc_832w91o_pic26908.jpg,1713,15,0.4260193804742412,0.05555555555555555,0.01616905974468814,0.0,0.0,0.0,1.0,3.0
iconclass-ai:uiuc_832w91o_pic26909.jpg,1713,44,0.6079275341514069,0.08333333333333333,0.03426921653710771,0.0,0.0,0.0,1.0,4.0
iconclass-ai:uiuc_emblems0078_pic007.jpg,1713,6,0.5427269757144374,0.0019305019305019305,0.0028171466677209215,0.0,0.0,0.0,1.0,6.0
iconclass-ai:uiuc_emblems0078_pic062.jpg,1713,27,0.6391551883276744,0.003246753246753247,0.012567688452791917,0.0,0.0,0.0,2.0,3.0
iconclass-ai:uiuc_emblems0078_pic074.jpg,1713,30,0.5925449067499993,0.03571428571428571,0.023930582480004056,0.0,0.0,0.0,1.0,5.0
iconclass-ai:uiuc_emblems0078_pic095.jpg,1713,33,0.3393393010613135,0.09090909090909091,0.02455555566783404,0.0,0.0,0.0,3.0,4.0
iconclass-ai:uiuc_emblems0078_pic098.jpg,1713,79,0.48388063932263337,0.125,0.0474017995785826,0.0,0.0,0.012658227848101266,3.0,3.0
iconclass-ai:uiuc_emblems0078_pic101.jpg,1713,41,0.6964033035891438,0.014084507042253521,0.023010532161838244,0.0,0.0,0.0,1.0,4.0
iconclass-ai:uiuc_emblems0078_pic104.jpg,1713,46,0.4618942077943357,0.3333333333333333,0.03180594557677803,0.0,0.021739130434782608,0.021739130434782608,2.0,3.0
iconclass-ai:uiuc_emblems0078_pic127.jpg,1713,64,0.5882072063942556,0.03571428571428571,0.03715291683558794,0.0,0.0,0.0,2.0,4.0
iconclass-ai:uiuc_emblems0078_pic158.jpg,1713,46,0.4296179566504117,0.03225806451612903,0.03253320559983445,0.0,0.0,0.0,3.0,4.0
iconclass-ai:uiuc_emblems0078_pic172.jpg,1713,6,0.5273270958982859,0.014492753623188406,0.010001317119107478,0.0,0.0,0.0,1.0,4.0
iconclass-ai:uiuc_emblems0078_pic179.jpg,1713,79,0.4100091787616541,0.25,0.057188979646604285,0.0,0.012658227848101266,0.012658227848101266,2.0,4.0
iconclass-ai:uiuc_emblems0078_pic182.jpg,1713,25,0.6383487649389481,0.08333333333333333,0.017415744970122656,0.0,0.0,0.0,1.0,5.0
iconclass-ai:uiuc_emblems0078_pic198.jpg,1713,73,0.5991653237661657,0.02702702702702703,0.03704826777739583,0.0,0.0,0.0,6.0,3.0
iconclass-ai:uiuc_q832v59oj1721_pic023.jpg,1713,56,0.4430463602123522,0.034482758620689655,0.036965852082157566,0.0,0.0,0.0,3.5,5.0
iconclass-ai:uiuc_q832v59oj1721_pic053.jpg,1713,10,0.47226880282045225,0.008064516129032258,0.005539997246954429,0.0,0.0,0.0,1.0,5.0
iconclass-ai:uiuc_q832v59oj1721_pic055.jpg,1713,39,0.614769094904391,0.02702702702702703,0.025307781124310397,0.0,0.0,0.0,4.0,5.0
iconclass-ai:uiuc_q832v59oj1721_pic057.jpg,1713,29,0.398901554238738,0.05263157894736842,0.027571183241545675,0.0,0.0,0.0,2.0,5.0
iconclass-ai:uiuc_q832v59oj1721_pic061.jpg,1713,57,0.613795337028556,0.021739130434782608,0.040213521087174374,0.0,0.0,0.0,3.5,4.5
iconclass-ai:uiuc_q832v59oj1721_pic065.jpg,1713,59,0.8491446164615886,0.06666666666666667,0.032642704340634356,0.0,0.0,0.0,6.0,4.0
iconclass-ai:uiuc_q832v59oj1721_pic071.jpg,1713,46,0.4929583156316656,0.07142857142857142,0.029812163116487402,0.0,0.0,0.0,3.0,6.0
iconclass-ai:uiuc_q832v59oj1721_pic093.jpg,1713,74,0.5589501602562698,0.058823529411764705,0.046942517842745696,0.0,0.0,0.0,3.5,4.0
iconclass-ai:uiuc_q832v59oj1721_pic129.jpg,1713,74,0.17946812283481828,0.3333333333333333,0.0544867285189261,0.0,0.013513513513513514,0.013513513513513514,4.5,4.0
iconclass-ai:uiuc_q832v59oj1721_pic137.jpg,1713,84,0.6506443849852466,0.3333333333333333,0.0650401021543168,0.0,0.023809523809523808,0.023809523809523808,4.5,4.5
iconclass-ai:uiuc_q832v59oj1721_pic143.jpg,1713,71,0.3805757032775689,0.08333333333333333,0.04223898687053621,0.0,0.0,0.0,8.0,5.0
iconclass-ai:uiuc_q832v59oj1721_pic147.jpg,1713,32,0.6222084337065813,0.038461538461538464,0.023458213998206436,0.0,0.0,0.0,2.0,5.0
iconclass-ai:uiuc_q832v59oj1721_pic151.jpg,1713,26,0.28858134589141027,0.02040816326530612,0.01951308378117123,0.0,0.0,0.0,3.5,5.0
iconclass-ai:uiuc_q832v59oj1721_pic155.jpg,1713,21,0.6047004096507785,0.07692307692307693,0.02376142007665206,0.0,0.0,0.0,1.0,5.0
iconclass-ai:uiuc_q832v59oj1721_pic163.jpg,1713,61,0.6107902525980602,0.3333333333333333,0.05414892214052081,0.0,0.01639344262295082,0.01639344262295082,7.0,4.0
iconclass-ai:uiuc_q832v59oj1721_pic185.jpg,1713,26,0.8773534017161732,0.0031545741324921135,0.01218883805121251,0.0,0.0,0.0,2.0,4.5
iconclass-ai:uiuc_q832v59oj1721_pic187.jpg,1713,69,0.6341695615566206,0.01639344262295082,0.03782064229440043,0.0,0.0,0.0,3.0,6.0
iconclass-ai:uiuc_q832v59oj1721_pic207.jpg,1713,9,0.4431718897817853,0.006024096385542169,0.007139912013460967,0.0,0.0,0.0,1.0,4.5
iconclass-ai:uiuc_q832v59oj1721_pic209.jpg,1713,66,0.7117455720586243,0.058823529411764705,0.039745384058168166,0.0,0.0,0.0,2.0,5.0
