query_id,n_candidates,n_exact_relevant,ndcg_at_10,reciprocal_rank,average_precision,recall_at_1,recall_at_5,recall_at_10,median_query_label_frequency,median_query_hierarchy_depth
emblematica:E000266,2803,22,0.3333333333333333,0.08333333333333333,0.01616754799724155,0.0,0.0,0.0,5.0,5.0
emblematica:E000267,2803,7,0.3333333333333333,0.006172839506172839,0.0029574709661149908,0.0,0.0,0.0,2.0,4.0
emblematica:E000268,2803,78,0.42465647353220776,0.14285714285714285,0.04082009775878633,0.0,0.0,0.02564102564102564,5.5,3.5
emblematica:E000269,2803,141,0.40669725543269336,0.3333333333333333,0.044631178451160276,0.0,0.0070921985815602835,0.0070921985815602835,12.0,3.0
emblematica:E000270,2803,74,0.3333333333333333,0.009433962264150943,0.0357961154055779,0.0,0.0,0.0,4.0,5.0
emblematica:E000271,2803,60,0.46832215471500416,0.5,0.04144790069428957,0.0,0.016666666666666666,0.03333333333333333,11.0,4.0
emblematica:E000272,2803,75,0.3333333333333333,0.07692307692307693,0.030701512050639135,0.0,0.0,0.0,11.0,4.0
emblematica:E000273,2803,342,0.5894484598297484,1.0,0.16269249231185987,0.0029239766081871343,0.0029239766081871343,0.008771929824561403,4.0,4.0
emblematica:E000274,2803,34,0.3439367980331586,0.02040816326530612,0.01671999428108913,0.0,0.0,0.0,4.0,5.0
emblematica:E000275,2803,31,0.3333333333333333,0.05,0.024569405064992392,0.0,0.0,0.0,1.0,4.0
emblematica:E000276,2803,60,0.3900954117610806,0.2,0.02147058267718838,0.0,0.016666666666666666,0.016666666666666666,5.5,3.0
emblematica:E000277,2803,91,0.42801270478508463,0.16666666666666666,0.05357351664539154,0.0,0.0,0.02197802197802198,6.0,3.0
emblematica:E000278,2803,310,0.37962081462451813,0.125,0.15275786729822105,0.0,0.0,0.0032258064516129032,8.0,4.0
emblematica:E000279,2803,852,0.3333333333333333,0.08333333333333333,0.21761234278169303,0.0,0.0,0.0,4.5,3.5
emblematica:E000280,2803,22,0.3333333333333333,0.009009009009009009,0.006943837365862542,0.0,0.0,0.0,6.5,4.5
emblematica:E000281,2803,417,0.44069505854929314,0.25,0.19526708198794218,0.0,0.002398081534772182,0.004796163069544364,3.0,4.0
emblematica:E000282,2803,15,0.3333333333333333,0.012345679012345678,0.010351125638408672,0.0,0.0,0.0,2.0,4.0
emblematica:E000283,2803,153,0.46345933386044064,0.3333333333333333,0.06036738717397105,0.0,0.006535947712418301,0.006535947712418301,16.0,4.0
emblematica:E000284,2803,12,0.3333333333333333,0.017857142857142856,0.005177346243613901,0.0,0.0,0.0,1.0,4.5
emblematica:E000285,2803,175,0.3775028156362593,0.1111111111111111,0.0813935667009042,0.0,0.0,0.005714285714285714,2.0,4.0
emblematica:E000286,2803,189,0.42590829591570295,0.5,0.06133270304116103,0.0,0.005291005291005291,0.005291005291005291,15.0,4.0
emblematica:E000287,2803,122,0.45030618811361534,0.16666666666666666,0.05803635974862059,0.0,0.0,0.01639344262295082,9.0,4.0
emblematica:E000288,2803,52,0.3439367980331586,0.022222222222222223,0.017417432106053093,0.0,0.0,0.0,8.0,4.0
emblematica:E000289,2803,181,0.35167431385817327,0.006097560975609756,0.04704442089198868,0.0,0.0,0.0,11.0,4.0
emblematica:E000290,2803,66,0.3491313940615917,0.06666666666666667,0.024682399118561314,0.0,0.0,0.0,16.0,4.0
emblematica:E000291,2803,36,0.3333333333333333,0.021739130434782608,0.010567941749174812,0.0,0.0,0.0,1.0,4.0
emblematica:E000292,2803,73,0.47219577720688777,0.5,0.031245945425413976,0.0,0.0136986301369863,0.0273972602739726,4.0,5.0
emblematica:E000293,2803,163,0.5687625176225394,1.0,0.06535856917769625,0.006134969325153374,0.006134969325153374,0.018404907975460124,11.0,4.0
emblematica:E000294,2803,37,0.3333333333333333,0.01639344262295082,0.014519505797951042,0.0,0.0,0.0,1.5,3.5
emblematica:E000295,2803,55,0.37962081462451813,0.125,0.02333568781901469,0.0,0.0,0.01818181818181818,13.0,3.0
emblematica:E000296,2803,85,0.39652557624636714,0.05263157894736842,0.027968199086352473,0.0,0.0,0.0,6.0,4.0
emblematica:E000297,2803,138,0.3333333333333333,0.0625,0.05445618952442312,0.0,0.0,0.0,20.0,3.0
emblematica:E000298,2803,79,0.3333333333333333,0.08333333333333333,0.02363551703579004,0.0,0.0,0.0,2.0,5.0
emblematica:E000299,2803,73,0.4589627680851436,0.3333333333333333,0.04896833237564116,0.0,0.0136986301369863,0.0273972602739726,6.0,4.0
emblematica:E001026,2803,48,1.0,1.0,0.3594765532352428,0.020833333333333332,0.10416666666666667,0.20833333333333334,2.5,2.5
emblematica:E001027,2803,64,1.0,1.0,0.2735561872545145,0.015625,0.078125,0.15625,11.0,3.0
emblematica:E001028,2803,53,1.0,1.0,0.3263547411731951,0.018867924528301886,0.09433962264150944,0.18867924528301888,7.0,4.0
emblematica:E001029,2803,228,1.0,1.0,0.24734595856761926,0.0043859649122807015,0.021929824561403508,0.043859649122807015,18.0,3.0
emblematica:E001030,2803,121,1.0,1.0,0.18871164648262073,0.008264462809917356,0.04132231404958678,0.08264462809917356,5.0,4.0
emblematica:E001031,2803,36,1.0,1.0,0.4566756002687115,0.027777777777777776,0.1388888888888889,0.2777777777777778,5.0,2.0
emblematica:E001032,2803,51,1.0,1.0,0.5343706808050785,0.0196078431372549,0.09803921568627451,0.19607843137254902,18.0,2.0
emblematica:E001033,2803,82,1.0,1.0,0.23667954113718373,0.012195121951219513,0.06097560975609756,0.12195121951219512,3.5,4.0
emblematica:E001034,2803,209,1.0,1.0,0.15117203193947637,0.004784688995215311,0.023923444976076555,0.04784688995215311,5.0,4.0
emblematica:E001035,2803,62,1.0,1.0,0.460755847483712,0.016129032258064516,0.08064516129032258,0.16129032258064516,12.0,3.0
emblematica:E001036,2803,82,1.0,1.0,0.23642375714030883,0.012195121951219513,0.06097560975609756,0.12195121951219512,4.5,4.5
emblematica:E001037,2803,70,1.0,1.0,0.24914153699400785,0.014285714285714285,0.07142857142857142,0.14285714285714285,3.0,3.0
emblematica:E001039,2803,98,1.0,1.0,0.21231535072260888,0.01020408163265306,0.05102040816326531,0.10204081632653061,5.0,3.5
emblematica:E001040,2803,42,1.0,1.0,0.40315073084796554,0.023809523809523808,0.11904761904761904,0.23809523809523808,4.0,4.0
emblematica:E001041,2803,88,1.0,1.0,0.2251862350313443,0.011363636363636364,0.056818181818181816,0.11363636363636363,22.0,3.0
emblematica:E001042,2803,35,1.0,1.0,0.46692415269126397,0.02857142857142857,0.14285714285714285,0.2857142857142857,6.0,4.0
emblematica:E001043,2803,135,1.0,1.0,0.16795851969270048,0.007407407407407408,0.037037037037037035,0.07407407407407407,12.5,3.5
emblematica:E001247,2803,98,1.0,1.0,0.5491668619602749,0.01020408163265306,0.05102040816326531,0.10204081632653061,13.0,3.0
emblematica:E001248,2803,314,1.0,1.0,0.3259116660833756,0.0031847133757961785,0.01592356687898089,0.03184713375796178,2.0,4.0
emblematica:E001249,2803,419,0.8943938982876649,1.0,0.22292246774283694,0.002386634844868735,0.00954653937947494,0.01909307875894988,6.0,5.0
emblematica:E001250,2803,347,0.8532721558012798,0.5,0.3071213376621637,0.0,0.011527377521613832,0.025936599423631124,10.5,5.0
emblematica:E001251,2803,328,1.0,1.0,0.31820015424199705,0.003048780487804878,0.01524390243902439,0.03048780487804878,13.0,4.0
emblematica:E001252,2803,389,1.0,1.0,0.3052800771209149,0.002570694087403599,0.012853470437017995,0.02570694087403599,3.5,4.0
emblematica:E001253,2803,450,0.9432379215722525,1.0,0.28658228887282494,0.0022222222222222222,0.008888888888888889,0.02,11.0,4.0
emblematica:E001254,2803,363,1.0,1.0,0.31565212918281904,0.0027548209366391185,0.013774104683195593,0.027548209366391185,5.0,4.5
emblematica:E001255,2803,388,0.8532721558012798,0.5,0.301888059768086,0.0,0.010309278350515464,0.023195876288659795,10.5,4.0
emblematica:E001256,2803,315,0.8532721558012798,0.5,0.31427687340920507,0.0,0.012698412698412698,0.02857142857142857,6.0,3.0
emblematica:E001257,2803,446,1.0,1.0,0.286583712095947,0.002242152466367713,0.011210762331838564,0.02242152466367713,8.0,4.0
emblematica:E001258,2803,331,1.0,1.0,0.31786647893542624,0.0030211480362537764,0.015105740181268883,0.030211480362537766,4.0,4.0
emblematica:E001259,2803,22,0.3900954117610806,0.2,0.06567868917245773,0.0,0.045454545454545456,0.045454545454545456,3.0,5.0
emblematica:E001260,2803,310,0.7930834754219601,1.0,0.19676824554691827,0.0032258064516129032,0.00967741935483871,0.01935483870967742,6.0,4.0
emblematica:E001261,2803,317,1.0,1.0,0.32497114737980837,0.0031545741324921135,0.015772870662460567,0.031545741324921134,4.0,4.0
emblematica:E001262,2803,441,1.0,1.0,0.2890639236898336,0.0022675736961451248,0.011337868480725623,0.022675736961451247,11.0,4.0
emblematica:E001263,2803,344,1.0,1.0,0.31613847524956723,0.0029069767441860465,0.014534883720930232,0.029069767441860465,8.0,4.0
emblematica:E001264,2803,410,0.7799082337019198,0.5,0.2101658385981531,0.0,0.007317073170731708,0.01951219512195122,4.0,4.5
emblematica:E001265,2803,376,1.0,1.0,0.3073558542464167,0.0026595744680851063,0.013297872340425532,0.026595744680851064,12.0,4.0
emblematica:E001266,2803,310,0.909543036405889,1.0,0.20436534826773753,0.0032258064516129032,0.012903225806451613,0.02258064516129032,3.0,4.0
emblematica:E001267,2803,443,1.0,1.0,0.29053638751569266,0.002257336343115124,0.011286681715575621,0.022573363431151242,12.0,4.0
emblematica:E001268,2803,82,0.9558305176970738,1.0,0.6413014993414569,0.012195121951219513,0.06097560975609756,0.10975609756097561,2.0,4.0
emblematica:E001269,2803,331,1.0,1.0,0.32463950552533816,0.0030211480362537764,0.015105740181268883,0.030211480362537766,7.0,4.0
emblematica:E001270,2803,329,1.0,1.0,0.3194960784834447,0.00303951367781155,0.015197568389057751,0.030395136778115502,11.0,3.5
emblematica:E001271,2803,376,0.8878984756873928,1.0,0.21619526768315642,0.0026595744680851063,0.010638297872340425,0.02127659574468085,6.5,4.0
emblematica:E001272,2803,311,1.0,1.0,0.3294672199389568,0.003215434083601286,0.01607717041800643,0.03215434083601286,6.5,3.5
emblematica:E001273,2803,292,1.0,1.0,0.3007424536177238,0.003424657534246575,0.017123287671232876,0.03424657534246575,10.0,4.0
emblematica:E001274,2803,381,0.9537125187088151,1.0,0.3035244705832529,0.0026246719160104987,0.013123359580052493,0.023622047244094488,7.5,4.5
emblematica:E001275,2803,84,1.0,1.0,0.6492298154179702,0.011904761904761904,0.05952380952380952,0.11904761904761904,4.0,3.0
emblematica:E001276,2803,235,1.0,1.0,0.3273907780644971,0.00425531914893617,0.02127659574468085,0.0425531914893617,7.0,4.0
emblematica:E001277,2803,284,1.0,1.0,0.2990134024727666,0.0035211267605633804,0.017605633802816902,0.035211267605633804,4.5,4.0
emblematica:E001278,2803,83,0.9652843890316114,1.0,0.616217253992719,0.012048192771084338,0.060240963855421686,0.10843373493975904,1.0,4.0
emblematica:E001279,2803,331,1.0,1.0,0.3218962910699999,0.0030211480362537764,0.015105740181268883,0.030211480362537766,6.0,4.0
emblematica:E001280,2803,289,0.7877736340270853,1.0,0.20189211650953062,0.0034602076124567475,0.010380622837370242,0.02422145328719723,5.0,4.0
emblematica:E001281,2803,95,0.9537125187088151,1.0,0.670854568302288,0.010526315789473684,0.05263157894736842,0.09473684210526316,3.5,4.5
emblematica:E001282,2803,319,1.0,1.0,0.323598400586183,0.003134796238244514,0.01567398119122257,0.03134796238244514,5.0,4.0
emblematica:E001283,2803,79,0.7407090992125821,0.5,0.6095303240171428,0.0,0.0379746835443038,0.08860759493670886,1.5,4.5
emblematica:E001284,2803,246,0.9477344873475497,1.0,0.3184915347314502,0.0040650406504065045,0.02032520325203252,0.036585365853658534,2.5,4.5
emblematica:E001285,2803,104,0.9305687780632227,1.0,0.5503113361467344,0.009615384615384616,0.038461538461538464,0.08653846153846154,5.5,4.0
emblematica:E001286,2803,129,0.8043628744017064,0.5,0.46309922350315214,0.0,0.031007751937984496,0.06201550387596899,5.0,4.0
emblematica:E001287,2803,83,1.0,1.0,0.687464861104202,0.012048192771084338,0.060240963855421686,0.12048192771084337,5.0,4.0
emblematica:E001288,2803,152,0.9266360779006398,1.0,0.4249310848658816,0.006578947368421052,0.02631578947368421,0.05921052631578947,8.0,4.0
emblematica:E001289,2803,326,1.0,1.0,0.3200947160299985,0.003067484662576687,0.015337423312883436,0.03067484662576687,7.0,4.0
emblematica:E001290,2803,96,0.863443834987606,1.0,0.5878694221569923,0.010416666666666666,0.03125,0.08333333333333333,3.0,4.0
emblematica:E001291,2803,335,1.0,1.0,0.3207332842797185,0.0029850746268656717,0.014925373134328358,0.029850746268656716,9.0,5.0
emblematica:E001292,2803,909,0.9510907186004266,1.0,0.34049443071960234,0.0011001100110011,0.005500550055005501,0.009900990099009901,2.0,3.0
emblematica:E001293,2803,230,0.9558305176970738,1.0,0.3198657293108511,0.004347826086956522,0.021739130434782608,0.0391304347826087,4.0,4.0
emblematica:E001294,2803,333,1.0,1.0,0.31595464660649325,0.003003003003003003,0.015015015015015015,0.03003003003003003,2.0,4.5
emblematica:E001295,2803,137,0.8943286401726791,1.0,0.43708381385701156,0.0072992700729927005,0.029197080291970802,0.058394160583941604,7.0,4.0
emblematica:E001296,2803,546,1.0,1.0,0.3015628938664813,0.0018315018315018315,0.009157509157509158,0.018315018315018316,11.0,4.5
emblematica:E001297,2803,387,1.0,1.0,0.30685915127439856,0.002583979328165375,0.012919896640826873,0.025839793281653745,14.0,4.0
emblematica:E001298,2803,81,0.9537125187088151,1.0,0.6307682241749013,0.012345679012345678,0.06172839506172839,0.1111111111111111,3.0,4.0
emblematica:E001299,2803,240,0.8632555551147042,1.0,0.3015944563258747,0.004166666666666667,0.016666666666666666,0.03333333333333333,5.0,3.0
emblematica:E001300,2803,101,0.6813552397582847,0.5,0.4683543527566662,0.0,0.0297029702970297,0.0594059405940594,4.0,4.0
emblematica:E001301,2803,325,0.7580753931105215,0.5,0.19502735718200157,0.0,0.012307692307692308,0.021538461538461538,3.5,4.5
emblematica:E001302,2803,184,0.9537125187088151,1.0,0.371246549550516,0.005434782608695652,0.02717391304347826,0.04891304347826087,6.0,5.0
emblematica:E001303,2803,193,0.8988252059479763,1.0,0.33540143278482437,0.0051813471502590676,0.025906735751295335,0.04145077720207254,9.0,5.0
emblematica:E001304,2803,146,1.0,1.0,0.41047817141451426,0.00684931506849315,0.03424657534246575,0.0684931506849315,13.0,3.0
emblematica:E001305,2803,347,0.9558305176970738,1.0,0.30545302139141634,0.002881844380403458,0.01440922190201729,0.025936599423631124,3.5,4.0
emblematica:E001306,2803,94,1.0,0.5,0.5418588973820219,0.0,0.0425531914893617,0.0851063829787234,4.0,4.0
emblematica:E001307,2803,73,0.7877872241459625,1.0,0.6397405174441094,0.0136986301369863,0.0547945205479452,0.0821917808219178,2.5,4.5
emblematica:E001308,2803,241,1.0,1.0,0.3227704051525225,0.004149377593360996,0.02074688796680498,0.04149377593360996,3.0,5.0
emblematica:E001309,2803,311,1.0,1.0,0.32329999245141083,0.003215434083601286,0.01607717041800643,0.03215434083601286,5.0,4.0
emblematica:E001310,2803,343,1.0,1.0,0.31666491961574456,0.0029154518950437317,0.014577259475218658,0.029154518950437316,8.0,4.0
emblematica:E001311,2803,325,1.0,1.0,0.31894086516013953,0.003076923076923077,0.015384615384615385,0.03076923076923077,6.0,4.0
emblematica:E001323,2803,39,0.9510907186004266,0.3333333333333333,0.03032816227074269,0.0,0.02564102564102564,0.05128205128205128,1.0,3.0
emblematica:E001324,2803,78,1.0,1.0,0.16964746741421996,0.01282051282051282,0.0641025641025641,0.1282051282051282,1.0,3.0
emblematica:E001325,2803,80,0.9575861412006987,1.0,0.14387371119093123,0.0125,0.0625,0.1125,3.0,5.0
emblematica:E001326,2803,245,0.9575861412006987,1.0,0.14079723355002044,0.004081632653061225,0.02040816326530612,0.036734693877551024,18.0,4.0
emblematica:E001327,2803,70,0.9575861412006987,1.0,0.18151139690534276,0.014285714285714285,0.07142857142857142,0.12857142857142856,3.5,4.0
emblematica:E001328,2803,37,0.9575861412006987,1.0,0.274011105382367,0.02702702702702703,0.13513513513513514,0.24324324324324326,3.5,4.0
emblematica:E001329,2803,27,1.0,1.0,0.3849632093769619,0.037037037037037035,0.18518518518518517,0.3333333333333333,2.0,4.0
emblematica:E001330,2803,19,1.0,1.0,0.513199623779128,0.05263157894736842,0.21052631578947367,0.47368421052631576,1.5,5.0
emblematica:E001331,2803,105,1.0,1.0,0.1459480534743797,0.009523809523809525,0.047619047619047616,0.08571428571428572,1.0,4.0
emblematica:E001332,2803,56,0.9575861412006987,1.0,0.21580415265298739,0.017857142857142856,0.08928571428571429,0.16071428571428573,2.5,3.5
emblematica:E001333,2803,106,0.9558305176970738,1.0,0.14382683013443273,0.009433962264150943,0.04716981132075472,0.08490566037735849,4.0,4.0
emblematica:E001334,2803,348,1.0,1.0,0.15054918312290377,0.0028735632183908046,0.014367816091954023,0.028735632183908046,7.5,5.0
emblematica:E001497,2803,44,0.3700152943830133,0.0625,0.025220945767367785,0.0,0.0,0.0,1.0,4.5
emblematica:E001498,2803,345,0.42590829591570295,0.5,0.1128585069401871,0.0,0.002898550724637681,0.002898550724637681,17.5,4.0
emblematica:E001499,2803,36,0.3333333333333333,0.014925373134328358,0.025759427254390642,0.0,0.0,0.0,2.0,5.0
emblematica:E001500,2803,62,0.3900954117610806,0.2,0.024621175392533286,0.0,0.016129032258064516,0.016129032258064516,2.0,4.0
emblematica:E001501,2803,141,0.3900954117610806,0.2,0.05286615375844035,0.0,0.0070921985815602835,0.0070921985815602835,1.0,5.0
emblematica:E001502,2803,75,0.46345933386044064,0.3333333333333333,0.045561325096764665,0.0,0.02666666666666667,0.02666666666666667,5.5,4.0
emblematica:E001503,2803,421,0.6249016527668733,1.0,0.14346353261257777,0.0023752969121140144,0.004750593824228029,0.007125890736342043,7.0,4.0
emblematica:E001504,2803,190,0.6049435778423837,0.5,0.09591317107651542,0.0,0.015789473684210527,0.021052631578947368,9.5,4.0
emblematica:E001505,2803,42,0.38559884598578353,0.16666666666666666,0.04825163076847543,0.0,0.0,0.023809523809523808,7.0,4.0
emblematica:E001506,2803,91,0.37962081462451813,0.125,0.04854865289715016,0.0,0.0,0.01098901098901099,9.0,3.0
emblematica:E001507,2803,1,0.6043744244510955,0.0008019246190858059,0.0008019246190858059,0.0,0.0,0.0,1.0,5.0
emblematica:E001508,2803,218,0.44159647418720405,0.125,0.08258485399658873,0.0,0.0,0.0045871559633027525,6.0,4.0
emblematica:E001668,2803,87,0.3700152943830133,0.06666666666666667,0.04513552347768327,0.0,0.0,0.0,1.0,4.0
emblematica:E001669,2803,87,0.5890887686122509,1.0,0.06587844562410018,0.011494252873563218,0.022988505747126436,0.034482758620689655,1.5,4.0
emblematica:E001670,2803,37,0.3700152943830133,0.02127659574468085,0.009767284255405956,0.0,0.0,0.0,2.0,5.0
emblematica:E001671,2803,87,0.5687625176225394,1.0,0.061089636703424995,0.011494252873563218,0.011494252873563218,0.034482758620689655,1.0,5.0
emblematica:E001672,2803,87,0.5189870596182024,0.5,0.061798926311596364,0.0,0.011494252873563218,0.034482758620689655,1.0,4.5
emblematica:E001673,2803,88,0.5687625176225394,1.0,0.06572576166891152,0.011363636363636364,0.011363636363636364,0.03409090909090909,1.0,5.0
emblematica:E001675,2803,87,0.5224750363313545,1.0,0.06404517028816933,0.011494252873563218,0.011494252873563218,0.022988505747126436,2.0,4.5
emblematica:E001676,2803,87,0.5211050586064612,0.5,0.05807356578033864,0.0,0.011494252873563218,0.034482758620689655,1.0,3.0
emblematica:E001677,2803,87,0.44236092441353086,0.2,0.05599856236212878,0.0,0.011494252873563218,0.022988505747126436,1.0,4.5
emblematica:E001678,2803,87,0.4980203956315678,0.3333333333333333,0.053845338540571545,0.0,0.011494252873563218,0.034482758620689655,1.0,4.5
emblematica:E001679,2803,3,0.40430220188639443,0.008928571428571428,0.005533311407869712,0.0,0.0,0.0,1.0,6.0
emblematica:E001680,2803,14,0.3333333333333333,0.007751937984496124,0.008134479281947691,0.0,0.0,0.0,1.0,5.0
emblematica:E001681,2803,6,0.555841930379746,1.0,0.18274505545450284,0.16666666666666666,0.16666666666666666,0.16666666666666666,1.0,6.0
emblematica:E001682,2803,23,0.43900469316065394,0.2,0.029722201498085035,0.0,0.043478260869565216,0.08695652173913043,1.0,6.0
emblematica:E001683,2803,23,0.3775028156362593,0.1111111111111111,0.01779417694876979,0.0,0.0,0.043478260869565216,1.0,6.0
emblematica:E001684,2803,87,0.46832215471500416,0.5,0.058027394094093604,0.0,0.011494252873563218,0.022988505747126436,2.0,4.5
emblematica:E001685,2803,2,0.5821032065260975,0.0072992700729927005,0.004282947259422252,0.0,0.0,0.0,1.0,4.5
emblematica:E001687,2803,23,0.43250927056038174,0.2,0.02599029558319358,0.0,0.043478260869565216,0.08695652173913043,1.0,5.0
emblematica:E001688,2803,1,0.6043744244510955,0.00037835792659856227,0.00037835792659856227,0.0,0.0,0.0,1.0,4.5
emblematica:E001689,2803,6,0.38595214970813646,0.04,0.02334974781982073,0.0,0.0,0.0,1.0,5.5
emblematica:E001690,2803,3,0.5159958223394444,0.023255813953488372,0.008840975794536857,0.0,0.0,0.0,1.0,4.0
emblematica:E001691,2803,7,0.34428518061118435,0.037037037037037035,0.0075563019450418005,0.0,0.0,0.0,1.0,5.0
emblematica:E001692,2803,23,0.3333333333333333,0.0051813471502590676,0.010578271523762195,0.0,0.0,0.0,1.0,3.0
emblematica:E001694,2803,7,0.34428518061118435,0.05,0.009408379728715995,0.0,0.0,0.0,1.0,5.0
emblematica:E001696,2803,6,0.45911969569962896,0.25,0.05865793785167155,0.0,0.16666666666666666,0.16666666666666666,1.0,5.0
emblematica:E001697,2803,11,0.3333333333333333,0.0072992700729927005,0.004691707910006415,0.0,0.0,0.0,1.0,3.0
emblematica:E001698,2803,4,0.4073884476270398,0.000715307582260372,0.001020840485389003,0.0,0.0,0.0,1.0,3.5
emblematica:E001699,2803,3,0.45382343384312973,0.015151515151515152,0.00568032435208686,0.0,0.0,0.0,1.0,3.5
emblematica:E001700,2803,34,0.3333333333333333,0.0010193679918450561,0.008455719882167603,0.0,0.0,0.0,1.0,4.0
emblematica:E001701,2803,37,0.3333333333333333,0.04,0.014550864800470667,0.0,0.0,0.0,5.0,4.5
emblematica:E001704,2803,5,0.4245503837057199,0.14285714285714285,0.06160131926460477,0.0,0.0,0.2,1.0,5.0
emblematica:E001705,2803,34,0.37962081462451813,0.125,0.024645922277529028,0.0,0.0,0.029411764705882353,2.0,5.0
emblematica:E001706,2803,1,0.4263151217085707,0.00036483035388544326,0.00036483035388544326,0.0,0.0,0.0,1.0,4.5
emblematica:E001707,2803,7,0.37022767507871573,0.010869565217391304,0.005728570297377463,0.0,0.0,0.0,1.0,3.0
emblematica:E001708,2803,19,0.3333333333333333,0.017857142857142856,0.007073272361962697,0.0,0.0,0.0,1.0,4.0
emblematica:E001709,2803,8,0.3333333333333333,0.00267379679144385,0.00331504606735656,0.0,0.0,0.0,1.0,3.5
emblematica:E001710,2803,3,0.40956968264424565,0.000778816199376947,0.0010142363471664013,0.0,0.0,0.0,1.0,4.0
emblematica:E001711,2803,2,0.5257357542330399,0.0023923444976076554,0.00241866613633439,0.0,0.0,0.0,1.0,4.0
emblematica:E001712,2803,4,0.38595214970813646,0.07142857142857142,0.03576837540203944,0.0,0.0,0.0,1.0,5.5
emblematica:E001714,2803,8,0.3333333333333333,0.011235955056179775,0.005890355473881672,0.0,0.0,0.0,1.0,5.0
emblematica:E001715,2803,0,0.6666666666666666,,,,,,1.0,4.5
emblematica:E003038,2803,0,1.0,,,,,,1.0,3.5
emblematica:E003039,2803,156,0.45328765467411447,0.25,0.0843205294078088,0.0,0.01282051282051282,0.01282051282051282,10.0,5.0
emblematica:E003040,2803,16,0.5942545074170507,0.25,0.14228758992883508,0.0,0.125,0.3125,2.0,5.0
emblematica:E003041,2803,80,0.7551565208572435,1.0,0.09888989525177548,0.0125,0.0375,0.0625,11.0,4.0
emblematica:E003042,2803,319,0.6688828551968976,1.0,0.1109241400232096,0.003134796238244514,0.009404388714733543,0.012539184952978056,4.0,5.0
emblematica:E003043,2803,251,0.7240775899939218,1.0,0.09796437722635577,0.00398406374501992,0.01195219123505976,0.0199203187250996,11.0,4.0
emblematica:E003044,2803,105,0.7048665495109122,1.0,0.0703914240514426,0.009523809523809525,0.02857142857142857,0.047619047619047616,7.0,4.0
emblematica:E003045,2803,174,0.3775028156362593,0.1111111111111111,0.06441565514351838,0.0,0.0,0.005747126436781609,1.0,5.0
emblematica:E003046,2803,768,0.6884139210130843,1.0,0.4486128199340497,0.0013020833333333333,0.00390625,0.005208333333333333,3.0,4.0
emblematica:E003047,2803,50,0.42641209703583266,0.14285714285714285,0.04827696697706874,0.0,0.0,0.04,9.0,5.0
emblematica:E003048,2803,83,0.6816637311946206,1.0,0.06562291199025892,0.012048192771084338,0.03614457831325301,0.04819277108433735,2.0,3.0
emblematica:E003049,2803,142,0.6293982185421705,1.0,0.08552540581238383,0.007042253521126761,0.02112676056338028,0.02112676056338028,9.0,4.0
emblematica:E003050,2803,40,0.4075679468220986,0.25,0.03429174253630991,0.0,0.025,0.025,2.5,4.0
emblematica:E003051,2803,21,0.3333333333333333,0.037037037037037035,0.0558781101136005,0.0,0.0,0.0,2.0,3.0
emblematica:E003052,2803,19,0.7887225384603442,1.0,0.28672457708601856,0.05263157894736842,0.15789473684210525,0.3157894736842105,2.0,4.0
emblematica:E003062,2803,331,0.9008240627729515,0.5,0.14420361158590847,0.0,0.00906344410876133,0.021148036253776436,4.0,6.0
emblematica:E003063,2803,313,0.9035650050446237,1.0,0.1505290754096347,0.003194888178913738,0.01597444089456869,0.022364217252396165,11.0,4.0
emblematica:E003064,2803,341,0.9575861412006987,1.0,0.18847127651216355,0.002932551319648094,0.01466275659824047,0.026392961876832845,10.0,3.0
emblematica:E003065,2803,349,0.9134166588977728,1.0,0.17460663409097277,0.0028653295128939827,0.014326647564469915,0.022922636103151862,12.0,4.0
emblematica:E003066,2803,209,0.5520415317876429,0.3333333333333333,0.11272775624929379,0.0,0.004784688995215311,0.019138755980861243,7.0,4.0
emblematica:E003067,2803,322,0.9240201235975981,1.0,0.16549733247526985,0.003105590062111801,0.015527950310559006,0.024844720496894408,13.0,4.0
emblematica:E003068,2803,428,0.8611511462453225,1.0,0.18163738874115104,0.002336448598130841,0.011682242990654205,0.016355140186915886,9.0,4.0
emblematica:E003069,2803,368,0.8264125174507,1.0,0.15253340566846474,0.002717391304347826,0.005434782608695652,0.019021739130434784,7.0,5.0
emblematica:E003070,2803,305,0.8632555551147042,1.0,0.14926293841542387,0.003278688524590164,0.013114754098360656,0.02622950819672131,7.0,4.0
emblematica:E003071,2803,327,0.8632555551147042,1.0,0.15581941452416717,0.0030581039755351682,0.012232415902140673,0.024464831804281346,4.0,4.0
emblematica:E003072,2803,389,0.9266360779006398,1.0,0.19463409082582764,0.002570694087403599,0.010282776349614395,0.02313624678663239,9.0,4.0
emblematica:E003073,2803,144,0.5733082134342197,0.5,0.0873421721888243,0.0,0.013888888888888888,0.027777777777777776,6.0,4.0
emblematica:E003074,2803,474,0.5996502230979066,0.3333333333333333,0.1528596081148692,0.0,0.004219409282700422,0.008438818565400843,20.0,4.0
emblematica:E003075,2803,457,0.9134166588977728,1.0,0.20345213491983952,0.002188183807439825,0.010940919037199124,0.0175054704595186,17.0,4.0
emblematica:E003076,2803,399,0.7708688724052363,1.0,0.1821679533893007,0.002506265664160401,0.005012531328320802,0.017543859649122806,21.0,4.0
emblematica:E003077,2803,193,0.39652557624636714,0.25,0.08161573777587311,0.0,0.0051813471502590676,0.0051813471502590676,10.0,4.0
emblematica:E003078,2803,502,0.9575861412006987,1.0,0.22097048700291327,0.00199203187250996,0.0099601593625498,0.017928286852589643,18.0,4.0
emblematica:E003079,2803,429,0.8010066431488296,0.5,0.18557822164951784,0.0,0.009324009324009324,0.018648018648018648,9.0,4.0
emblematica:E003080,2803,334,0.8909724089198024,1.0,0.17150613086900376,0.0029940119760479044,0.011976047904191617,0.023952095808383235,4.5,4.0
emblematica:E003081,2803,383,0.9368077570869661,1.0,0.18074966969932132,0.0026109660574412533,0.010443864229765013,0.02349869451697128,12.0,4.0
emblematica:E003082,2803,70,0.5637650510174066,0.5,0.07943469640259529,0.0,0.02857142857142857,0.04285714285714286,4.0,4.0
emblematica:E003083,2803,128,0.7666888146990526,0.3333333333333333,0.12717153710582374,0.0,0.0234375,0.046875,5.0,4.5
emblematica:E003084,2803,460,0.7204013334078677,0.5,0.1821563581722497,0.0,0.008695652173913044,0.013043478260869565,18.0,4.0
emblematica:E003085,2803,446,0.7921355540518131,0.5,0.1952607842112884,0.0,0.008968609865470852,0.017937219730941704,9.0,5.0
emblematica:E003086,2803,5,0.17939143928158446,0.0045662100456621,0.004926162210200594,0.0,0.0,0.0,3.5,3.5
emblematica:E003768,2803,260,1.0,1.0,0.5227064328652148,0.0038461538461538464,0.019230769230769232,0.038461538461538464,11.0,4.0
emblematica:E003769,2803,335,1.0,1.0,0.46791239894192754,0.0029850746268656717,0.014925373134328358,0.029850746268656716,4.0,5.0
emblematica:E003770,2803,235,1.0,1.0,0.5540443452660158,0.00425531914893617,0.02127659574468085,0.0425531914893617,21.0,4.0
emblematica:E003771,2803,191,1.0,1.0,0.6494394640956601,0.005235602094240838,0.02617801047120419,0.05235602094240838,28.5,4.0
emblematica:E003772,2803,277,0.6241410282065162,0.2,0.27761167191305997,0.0,0.0036101083032490976,0.021660649819494584,4.0,5.0
emblematica:E003773,2803,433,0.9510907186004266,1.0,0.34880758648430216,0.0023094688221709007,0.011547344110854504,0.020785219399538105,21.0,4.0
emblematica:E003774,2803,274,0.7285908038273053,0.5,0.2860025482251862,0.0,0.0072992700729927005,0.01824817518248175,11.0,5.0
emblematica:E003775,2803,270,0.8311363972596454,1.0,0.295875527354572,0.003703703703703704,0.011111111111111112,0.025925925925925925,17.0,4.0
emblematica:E003776,2803,438,1.0,1.0,0.41362526727433785,0.00228310502283105,0.01141552511415525,0.0228310502283105,23.0,4.0
emblematica:E003777,2803,312,1.0,1.0,0.45329181496759946,0.003205128205128205,0.016025641025641024,0.03205128205128205,23.5,4.0
emblematica:E003778,2803,427,1.0,1.0,0.3558818613753763,0.00234192037470726,0.0117096018735363,0.0234192037470726,20.5,4.0
emblematica:E003779,2803,260,0.9526058178152246,1.0,0.4831187003594233,0.0038461538461538464,0.015384615384615385,0.03461538461538462,5.0,5.0
emblematica:E003780,2803,209,0.7900738115932237,1.0,0.3097218891769256,0.004784688995215311,0.009569377990430622,0.023923444976076555,14.5,4.0
emblematica:E003781,2803,579,1.0,1.0,0.3746047990407571,0.0017271157167530224,0.008635578583765112,0.017271157167530225,7.5,4.0
emblematica:E003782,2803,379,1.0,1.0,0.4363973654135553,0.002638522427440633,0.013192612137203167,0.026385224274406333,12.0,4.5
emblematica:E003783,2803,482,1.0,1.0,0.35790807170928823,0.002074688796680498,0.01037344398340249,0.02074688796680498,6.0,4.0
emblematica:E003784,2803,521,1.0,1.0,0.3835254521901678,0.0019193857965451055,0.009596928982725527,0.019193857965451054,13.5,4.0
emblematica:E003785,2803,463,1.0,1.0,0.387754237496776,0.0021598272138228943,0.01079913606911447,0.02159827213822894,21.0,4.0
emblematica:E003786,2803,234,0.9558305176970738,1.0,0.5090619285516764,0.004273504273504274,0.021367521367521368,0.038461538461538464,3.0,4.0
emblematica:E003787,2803,460,1.0,1.0,0.372114002250658,0.002173913043478261,0.010869565217391304,0.021739130434782608,11.0,5.0
emblematica:E003788,2803,214,0.9074250374176303,1.0,0.570743683637731,0.004672897196261682,0.018691588785046728,0.04205607476635514,10.0,4.0
emblematica:E003789,2803,218,1.0,1.0,0.5797967656290939,0.0045871559633027525,0.022935779816513763,0.045871559633027525,9.0,4.0
emblematica:E003790,2803,202,1.0,1.0,0.605997046189047,0.0049504950495049506,0.024752475247524754,0.04950495049504951,38.0,4.0
emblematica:E003791,2803,216,1.0,1.0,0.5918084634839984,0.004629629629629629,0.023148148148148147,0.046296296296296294,38.0,4.0
emblematica:E003792,2803,311,1.0,1.0,0.4246054012304265,0.003215434083601286,0.01607717041800643,0.03215434083601286,3.0,4.0
emblematica:E003793,2803,300,0.9510907186004266,1.0,0.4608781775543948,0.0033333333333333335,0.016666666666666666,0.03,30.5,4.0
emblematica:E003794,2803,233,1.0,1.0,0.5444978138776584,0.004291845493562232,0.02145922746781116,0.04291845493562232,14.0,4.0
emblematica:E003795,2803,189,1.0,1.0,0.6435003349759963,0.005291005291005291,0.026455026455026454,0.05291005291005291,21.0,4.0
emblematica:E003796,2803,538,1.0,1.0,0.3726962459255569,0.0018587360594795538,0.00929368029739777,0.01858736059479554,6.0,5.0
emblematica:E003797,2803,258,1.0,1.0,0.5146091553321125,0.003875968992248062,0.01937984496124031,0.03875968992248062,16.0,4.0
emblematica:E003798,2803,189,1.0,1.0,0.5693381032031405,0.005291005291005291,0.026455026455026454,0.05291005291005291,8.0,4.0
emblematica:E003799,2803,298,0.9477344873475497,1.0,0.44324838160037733,0.003355704697986577,0.016778523489932886,0.030201342281879196,16.0,4.0
emblematica:E003800,2803,332,1.0,1.0,0.46367032571069317,0.0030120481927710845,0.015060240963855422,0.030120481927710843,7.0,4.0
emblematica:E003801,2803,227,0.9510907186004266,1.0,0.3185037800339822,0.004405286343612335,0.022026431718061675,0.039647577092511016,6.0,5.0
emblematica:E003802,2803,553,0.9111409598880047,1.0,0.36369495153911646,0.0018083182640144665,0.007233273056057866,0.014466546112115732,11.0,5.0
emblematica:E003803,2803,301,0.8755458364887027,1.0,0.4125760484130616,0.0033222591362126247,0.009966777408637873,0.026578073089700997,3.0,4.0
emblematica:E003804,2803,302,0.8495562580962924,1.0,0.38388942414692034,0.0033112582781456954,0.009933774834437087,0.023178807947019868,2.0,6.0
emblematica:E003805,2803,212,0.9305687780632227,1.0,0.5741499154727839,0.0047169811320754715,0.018867924528301886,0.04245283018867924,36.0,4.0
emblematica:E003806,2803,213,1.0,1.0,0.5133139045502679,0.004694835680751174,0.023474178403755867,0.046948356807511735,10.0,4.0
emblematica:E003807,2803,419,1.0,1.0,0.4281570619789544,0.002386634844868735,0.011933174224343675,0.02386634844868735,8.0,4.5
emblematica:E003808,2803,248,0.5666445186342806,1.0,0.234937262212862,0.004032258064516129,0.004032258064516129,0.012096774193548387,4.0,4.0
emblematica:E003809,2803,287,0.968189605900524,1.0,0.4512158989368269,0.003484320557491289,0.017421602787456445,0.0313588850174216,19.5,5.0
emblematica:E003810,2803,141,0.8988252059479763,1.0,0.4990657623899267,0.0070921985815602835,0.03546099290780142,0.05673758865248227,5.0,5.0
emblematica:E003811,2803,370,0.8187236973271442,1.0,0.2853627105093067,0.002702702702702703,0.010810810810810811,0.01891891891891892,9.0,4.0
emblematica:E003813,2803,366,1.0,1.0,0.43702258633372426,0.00273224043715847,0.01366120218579235,0.0273224043715847,10.0,4.0
emblematica:E003814,2803,335,1.0,1.0,0.4517656276795866,0.0029850746268656717,0.014925373134328358,0.029850746268656716,10.5,4.0
emblematica:E003815,2803,352,0.9074250374176303,1.0,0.39446472931287957,0.002840909090909091,0.011363636363636364,0.02556818181818182,23.0,4.0
emblematica:E003816,2803,327,1.0,1.0,0.4597493591222017,0.0030581039755351682,0.01529051987767584,0.03058103975535168,15.5,4.0
emblematica:E003817,2803,324,0.9510907186004266,1.0,0.41813142979601886,0.0030864197530864196,0.015432098765432098,0.027777777777777776,18.0,4.0
emblematica:E003818,2803,340,1.0,1.0,0.44376218060299444,0.0029411764705882353,0.014705882352941176,0.029411764705882353,16.0,4.0
emblematica:E003819,2803,365,1.0,1.0,0.44365320033105987,0.0027397260273972603,0.0136986301369863,0.0273972602739726,18.0,4.0
emblematica:E003820,2803,342,0.9368077570869661,1.0,0.44558370871795816,0.0029239766081871343,0.011695906432748537,0.02631578947368421,28.0,4.0
emblematica:E003821,2803,343,1.0,1.0,0.4068658899135606,0.0029154518950437317,0.014577259475218658,0.029154518950437316,14.5,4.0
emblematica:E003822,2803,334,0.8988252059479763,1.0,0.3827278525340777,0.0029940119760479044,0.014970059880239521,0.023952095808383235,25.0,4.0
emblematica:E003823,2803,423,1.0,1.0,0.383576296438679,0.002364066193853428,0.01182033096926714,0.02364066193853428,15.5,4.0
emblematica:E003824,2803,358,1.0,1.0,0.43738018603366796,0.002793296089385475,0.013966480446927373,0.027932960893854747,9.5,5.0
emblematica:E003825,2803,105,0.7938439500080062,1.0,0.5616788305578885,0.009523809523809525,0.02857142857142857,0.05714285714285714,5.5,4.0
emblematica:E003826,2803,359,1.0,1.0,0.4407159817566679,0.002785515320334262,0.013927576601671309,0.027855153203342618,15.0,4.0
emblematica:E003827,2803,234,1.0,1.0,0.5893718565658749,0.004273504273504274,0.021367521367521368,0.042735042735042736,40.0,4.0
emblematica:E003828,2803,239,1.0,1.0,0.5389715195448814,0.0041841004184100415,0.02092050209205021,0.04184100418410042,16.0,4.0
emblematica:E003829,2803,463,1.0,1.0,0.4187816875219293,0.0021598272138228943,0.01079913606911447,0.02159827213822894,8.0,5.0
emblematica:E003830,2803,155,0.5021969360736879,0.25,0.06713189615415334,0.0,0.012903225806451613,0.012903225806451613,6.0,5.0
emblematica:E003831,2803,329,1.0,1.0,0.4602202575028032,0.00303951367781155,0.015197568389057751,0.030395136778115502,6.0,4.0
emblematica:E003832,2803,357,1.0,1.0,0.4472324864543484,0.0028011204481792717,0.014005602240896359,0.028011204481792718,12.0,4.0
emblematica:E003833,2803,327,1.0,1.0,0.4561952139759174,0.0030581039755351682,0.01529051987767584,0.03058103975535168,15.0,4.0
emblematica:E003834,2803,465,0.9432379215722525,1.0,0.3944836690723441,0.002150537634408602,0.008602150537634409,0.01935483870967742,36.0,4.0
emblematica:E003835,2803,272,1.0,1.0,0.5211319373886709,0.003676470588235294,0.01838235294117647,0.03676470588235294,11.0,5.0
emblematica:E003836,2803,215,1.0,1.0,0.5817716446488471,0.004651162790697674,0.023255813953488372,0.046511627906976744,17.0,4.0
emblematica:E003837,2803,222,1.0,1.0,0.5259887549594168,0.0045045045045045045,0.02252252252252252,0.04504504504504504,13.5,4.0
emblematica:E003838,2803,280,0.9240201235975981,1.0,0.4624792550223123,0.0035714285714285713,0.017857142857142856,0.02857142857142857,11.0,5.0
emblematica:E003839,2803,142,1.0,1.0,0.7460748846310165,0.007042253521126761,0.035211267605633804,0.07042253521126761,7.0,4.0
emblematica:E003840,2803,409,0.9537125187088151,1.0,0.3876102186819841,0.0024449877750611247,0.012224938875305624,0.022004889975550123,27.0,4.0
emblematica:E003841,2803,257,0.9510907186004266,1.0,0.5182973708958968,0.0038910505836575876,0.019455252918287938,0.03501945525291829,19.0,4.0
emblematica:E003843,2803,266,0.9432379215722525,1.0,0.5032174498857795,0.0037593984962406013,0.015037593984962405,0.03383458646616541,11.0,4.0
emblematica:E003844,2803,231,0.8874369434113023,1.0,0.5419356261459877,0.004329004329004329,0.017316017316017316,0.03463203463203463,25.0,4.0
emblematica:E003846,2803,239,0.94497705842548,1.0,0.5337710412444956,0.0041841004184100415,0.016736401673640166,0.03765690376569038,4.5,4.5
emblematica:E003847,2803,365,0.968189605900524,1.0,0.43103204293233915,0.0027397260273972603,0.0136986301369863,0.024657534246575342,37.0,4.0
emblematica:E003848,2803,476,0.8572048559638626,1.0,0.3839497578653889,0.0021008403361344537,0.0063025210084033615,0.01680672268907563,45.0,4.0
emblematica:E003849,2803,149,0.5656065174484841,0.25,0.2663941262505452,0.0,0.006711409395973154,0.026845637583892617,4.0,5.0
emblematica:E003850,2803,424,0.9266360779006398,1.0,0.34007687093850525,0.0023584905660377358,0.009433962264150943,0.02122641509433962,7.0,5.0
emblematica:E003851,2803,444,1.0,1.0,0.42018408921756334,0.0022522522522522522,0.01126126126126126,0.02252252252252252,34.0,4.0
emblematica:E003852,2803,328,0.9086768598011253,1.0,0.45205469922840597,0.003048780487804878,0.01524390243902439,0.024390243902439025,23.5,4.0
emblematica:E003853,2803,265,0.9051629285267392,1.0,0.3878005852511172,0.0037735849056603774,0.01509433962264151,0.03018867924528302,9.5,5.0
emblematica:E003854,2803,285,0.9558305176970738,1.0,0.49413497175022913,0.0035087719298245615,0.017543859649122806,0.031578947368421054,25.0,4.0
emblematica:E003855,2803,328,0.8281774006608512,1.0,0.40823059345024443,0.003048780487804878,0.009146341463414634,0.021341463414634148,25.0,5.0
emblematica:E003856,2803,218,0.9477344873475497,1.0,0.41843947107638135,0.0045871559633027525,0.022935779816513763,0.04128440366972477,13.0,4.0
emblematica:E003857,2803,652,1.0,1.0,0.40516377593346686,0.0015337423312883436,0.007668711656441718,0.015337423312883436,26.5,4.0
emblematica:E003858,2803,610,1.0,1.0,0.3960819905282265,0.001639344262295082,0.00819672131147541,0.01639344262295082,12.0,5.0
emblematica:E003859,2803,252,0.826761873937926,0.5,0.5106296445184471,0.0,0.011904761904761904,0.031746031746031744,40.0,4.0
emblematica:E003860,2803,456,0.9368077570869661,1.0,0.38969887676946396,0.0021929824561403508,0.008771929824561403,0.019736842105263157,14.0,4.0
emblematica:E003861,2803,369,1.0,1.0,0.4486407067551526,0.0027100271002710027,0.013550135501355014,0.02710027100271003,13.0,4.0
emblematica:E003862,2803,548,1.0,1.0,0.3756374119676749,0.0018248175182481751,0.009124087591240875,0.01824817518248175,42.5,4.0
emblematica:E003863,2803,268,1.0,1.0,0.5065039263664666,0.0037313432835820895,0.018656716417910446,0.03731343283582089,12.5,4.0
emblematica:E003864,2803,302,0.968189605900524,1.0,0.4745722085351095,0.0033112582781456954,0.016556291390728478,0.029801324503311258,28.5,4.0
emblematica:E003865,2803,196,0.9526058178152246,1.0,0.5812616694948759,0.00510204081632653,0.02040816326530612,0.04591836734693878,7.0,4.0
emblematica:E003866,2803,285,0.8899541168509599,0.5,0.47897671041931844,0.0,0.014035087719298246,0.031578947368421054,45.0,4.0
emblematica:E003867,2803,264,0.9526058178152246,1.0,0.5022431831498135,0.003787878787878788,0.015151515151515152,0.03409090909090909,10.0,4.0
emblematica:E003868,2803,264,1.0,1.0,0.5040337177537251,0.003787878787878788,0.01893939393939394,0.03787878787878788,17.0,4.0
emblematica:E003869,2803,383,0.9368077570869661,1.0,0.37336040281990557,0.0026109660574412533,0.010443864229765013,0.02349869451697128,11.0,5.0
emblematica:E003870,2803,361,1.0,1.0,0.43912907617644553,0.002770083102493075,0.013850415512465374,0.027700831024930747,40.0,4.0
emblematica:E003871,2803,331,1.0,1.0,0.46082920736382466,0.0030211480362537764,0.015105740181268883,0.030211480362537766,11.0,5.0
emblematica:E003872,2803,235,0.8899541168509599,0.5,0.3801975035902106,0.0,0.01702127659574468,0.03829787234042553,11.0,4.5
emblematica:E003873,2803,205,1.0,1.0,0.43684661314907713,0.004878048780487805,0.024390243902439025,0.04878048780487805,9.5,4.0
emblematica:E003874,2803,313,0.9266360779006398,1.0,0.47192769482639185,0.003194888178913738,0.012779552715654952,0.02875399361022364,17.0,4.0
emblematica:E003875,2803,252,0.8532721558012798,0.5,0.5297330566251477,0.0,0.015873015873015872,0.03571428571428571,40.0,4.0
emblematica:E003876,2803,231,1.0,1.0,0.5782825987411834,0.004329004329004329,0.021645021645021644,0.04329004329004329,6.5,4.0
emblematica:E003877,2803,271,1.0,1.0,0.5307842823045185,0.0036900369003690036,0.01845018450184502,0.03690036900369004,36.0,4.0
emblematica:E003878,2803,201,0.8658812385764987,1.0,0.3609673954870978,0.004975124378109453,0.01990049751243781,0.03482587064676617,5.5,4.0
emblematica:E003879,2803,327,0.6744563465479063,1.0,0.1916778021996508,0.0030581039755351682,0.009174311926605505,0.012232415902140673,18.0,4.5
emblematica:E003880,2803,353,1.0,1.0,0.4691990957790437,0.0028328611898017,0.014164305949008499,0.028328611898016998,21.0,4.0
emblematica:E003881,2803,230,0.8899541168509599,0.5,0.5452875227262716,0.0,0.017391304347826087,0.0391304347826087,9.0,4.0
emblematica:E003882,2803,239,1.0,1.0,0.5595726792037796,0.0041841004184100415,0.02092050209205021,0.04184100418410042,40.0,4.0
emblematica:E003883,2803,219,0.8899541168509599,0.5,0.5656300568498236,0.0,0.0182648401826484,0.0410958904109589,8.0,4.0
emblematica:E003884,2803,256,0.9266360779006398,1.0,0.5166575088925517,0.00390625,0.015625,0.03515625,13.0,4.0
emblematica:E003885,2803,436,0.8532721558012798,0.5,0.38251123764461026,0.0,0.009174311926605505,0.020642201834862386,11.0,4.0
emblematica:E004091,2803,297,1.0,1.0,0.45893693596838503,0.003367003367003367,0.016835016835016835,0.03367003367003367,22.0,5.0
emblematica:E004092,2803,154,1.0,1.0,0.7873290961212294,0.006493506493506494,0.032467532467532464,0.06493506493506493,18.0,3.0
emblematica:E004093,2803,366,1.0,1.0,0.4241203755090305,0.00273224043715847,0.01366120218579235,0.0273224043715847,59.0,3.0
emblematica:E004094,2803,141,0.9558305176970738,1.0,0.8306923716748661,0.0070921985815602835,0.03546099290780142,0.06382978723404255,17.5,3.5
emblematica:E004095,2803,183,1.0,1.0,0.6546216937653596,0.00546448087431694,0.0273224043715847,0.0546448087431694,10.5,6.0
emblematica:E004096,2803,246,0.9575861412006987,1.0,0.5266766938242288,0.0040650406504065045,0.02032520325203252,0.036585365853658534,16.0,3.0
emblematica:E004097,2803,145,0.9537125187088151,1.0,0.7681239540631862,0.006896551724137931,0.034482758620689655,0.06206896551724138,10.0,3.0
emblematica:E004098,2803,145,0.9368077570869661,1.0,0.7616128131020216,0.006896551724137931,0.027586206896551724,0.06206896551724138,10.0,3.0
emblematica:E004099,2803,141,1.0,1.0,0.8054248437977279,0.0070921985815602835,0.03546099290780142,0.07092198581560284,2.0,3.0
emblematica:E004100,2803,121,0.8842222191013388,1.0,0.8680293985731783,0.008264462809917356,0.03305785123966942,0.06611570247933884,3.0,5.0
emblematica:E004101,2803,277,1.0,1.0,0.47351832309773323,0.0036101083032490976,0.018050541516245487,0.036101083032490974,2.0,5.0
emblematica:E004102,2803,142,0.9368077570869661,1.0,0.7776727824397656,0.007042253521126761,0.028169014084507043,0.06338028169014084,11.0,4.0
emblematica:E004103,2803,441,1.0,1.0,0.40850269766520403,0.0022675736961451248,0.011337868480725623,0.022675736961451247,13.0,3.5
emblematica:E004104,2803,219,0.8988252059479763,1.0,0.5786106669069924,0.0045662100456621,0.0228310502283105,0.0365296803652968,12.5,4.5
emblematica:E004105,2803,118,1.0,1.0,0.9417855662098971,0.00847457627118644,0.0423728813559322,0.0847457627118644,1.0,5.0
emblematica:E004106,2803,142,1.0,1.0,0.8065014905155014,0.007042253521126761,0.035211267605633804,0.07042253521126761,4.0,4.0
emblematica:E004107,2803,268,0.9266360779006398,1.0,0.47851794280560395,0.0037313432835820895,0.014925373134328358,0.033582089552238806,2.0,5.0
emblematica:E004108,2803,287,1.0,1.0,0.48099275546096565,0.003484320557491289,0.017421602787456445,0.03484320557491289,5.0,4.0
emblematica:E004109,2803,138,1.0,1.0,0.8063594371983336,0.007246376811594203,0.036231884057971016,0.07246376811594203,1.0,5.0
emblematica:E004110,2803,153,0.9477344873475497,1.0,0.720336281010082,0.006535947712418301,0.032679738562091505,0.058823529411764705,3.0,5.0
emblematica:E004111,2803,43,0.3333333333333333,0.0625,0.019482524511695815,0.0,0.0,0.0,2.0,3.5
emblematica:E004112,2803,353,0.9266360779006398,1.0,0.4057538734188102,0.0028328611898017,0.0113314447592068,0.025495750708215296,44.5,5.0
emblematica:E004113,2803,23,0.3333333333333333,0.018518518518518517,0.00864047451837354,0.0,0.0,0.0,5.0,3.0
emblematica:E004114,2803,66,0.3333333333333333,0.022727272727272728,0.024168199347922296,0.0,0.0,0.0,2.0,4.0
emblematica:E004115,2803,42,0.3333333333333333,0.043478260869565216,0.031651247554077014,0.0,0.0,0.0,3.0,3.0
emblematica:E004116,2803,136,1.0,1.0,0.8202863823492759,0.007352941176470588,0.03676470588235294,0.07352941176470588,3.5,4.5
emblematica:E004117,2803,376,0.9266360779006398,1.0,0.4117175868646698,0.0026595744680851063,0.010638297872340425,0.023936170212765957,17.0,2.0
emblematica:E004118,2803,181,1.0,1.0,0.6540147601084852,0.0055248618784530384,0.027624309392265192,0.055248618784530384,3.0,5.0
emblematica:E004119,2803,129,0.9477344873475497,1.0,0.8445877766677244,0.007751937984496124,0.03875968992248062,0.06976744186046512,8.0,5.0
emblematica:E004120,2803,377,1.0,1.0,0.4328655436405855,0.002652519893899204,0.013262599469496022,0.026525198938992044,23.0,4.0
emblematica:E004121,2803,126,0.7502225960823476,0.5,0.8344491227026181,0.0,0.023809523809523808,0.05555555555555555,6.0,5.0
emblematica:E004122,2803,169,0.9510907186004266,1.0,0.7310465537617169,0.005917159763313609,0.029585798816568046,0.05325443786982249,15.5,3.5
emblematica:E004123,2803,118,0.9368077570869661,1.0,0.920862640111027,0.00847457627118644,0.03389830508474576,0.07627118644067797,2.0,6.0
emblematica:E004124,2803,76,0.3333333333333333,0.07692307692307693,0.03935524894196824,0.0,0.0,0.0,22.5,3.0
emblematica:E004125,2803,179,0.38224261473290666,0.14285714285714285,0.048866009244386895,0.0,0.0,0.00558659217877095,6.0,4.0
emblematica:E004126,2803,290,1.0,1.0,0.4667276914677944,0.0034482758620689655,0.017241379310344827,0.034482758620689655,14.0,4.5
emblematica:E004127,2803,182,0.4826703743434503,0.5,0.05408198223670531,0.0,0.01098901098901099,0.01098901098901099,4.0,4.5
emblematica:E004128,2803,283,0.9510907186004266,1.0,0.4721288802847146,0.0035335689045936395,0.0176678445229682,0.03180212014134275,23.0,4.0
emblematica:E004129,2803,137,1.0,1.0,0.8432635707902768,0.0072992700729927005,0.0364963503649635,0.072992700729927,3.0,4.0
emblematica:E004130,2803,116,1.0,1.0,0.9512285403616513,0.008620689655172414,0.04310344827586207,0.08620689655172414,59.0,4.5
emblematica:E004131,2803,116,0.9266360779006398,1.0,0.9284247150793926,0.008620689655172414,0.034482758620689655,0.07758620689655173,100.5,4.5
emblematica:E004132,2803,116,0.9432379215722525,1.0,0.9112560003980976,0.008620689655172414,0.034482758620689655,0.07758620689655173,100.5,4.5
emblematica:E004133,2803,116,0.8943286401726791,1.0,0.9255463402028422,0.008620689655172414,0.034482758620689655,0.06896551724137931,100.5,4.5
emblematica:E004134,2803,116,0.8532721558012798,0.5,0.9223751775857523,0.0,0.034482758620689655,0.07758620689655173,100.5,4.5
emblematica:E004135,2803,116,0.9537125187088151,1.0,0.9315855319004499,0.008620689655172414,0.04310344827586207,0.07758620689655173,100.5,4.5
emblematica:E004136,2803,116,0.8532721558012798,0.5,0.9216071933559816,0.0,0.034482758620689655,0.07758620689655173,100.5,4.5
emblematica:E004137,2803,116,0.8532721558012798,0.5,0.9278048817096178,0.0,0.034482758620689655,0.07758620689655173,100.5,4.5
emblematica:E004138,2803,116,1.0,1.0,0.9372398030131848,0.008620689655172414,0.04310344827586207,0.08620689655172414,100.5,4.5
emblematica:E004139,2803,116,1.0,1.0,0.9407960267020207,0.008620689655172414,0.04310344827586207,0.08620689655172414,100.5,4.5
emblematica:E004140,2803,116,1.0,1.0,0.9505692926611202,0.008620689655172414,0.04310344827586207,0.08620689655172414,100.5,4.5
emblematica:E004141,2803,116,0.909543036405889,1.0,0.9231589877355014,0.008620689655172414,0.04310344827586207,0.06896551724137931,100.5,4.5
emblematica:E004142,2803,116,0.9432379215722525,1.0,0.9341566423541,0.008620689655172414,0.034482758620689655,0.07758620689655173,100.5,4.5
emblematica:E004143,2803,116,1.0,1.0,0.9567771973001685,0.008620689655172414,0.04310344827586207,0.08620689655172414,100.5,4.5
emblematica:E004144,2803,116,1.0,1.0,0.9460823105358431,0.008620689655172414,0.04310344827586207,0.08620689655172414,100.5,4.5
emblematica:E004145,2803,116,0.9432379215722525,1.0,0.9439093940505321,0.008620689655172414,0.034482758620689655,0.07758620689655173,100.5,4.5
emblematica:E004146,2803,116,1.0,1.0,0.9559889204247105,0.008620689655172414,0.04310344827586207,0.08620689655172414,100.5,4.5
emblematica:E004147,2803,116,1.0,1.0,0.9547905524532492,0.008620689655172414,0.04310344827586207,0.08620689655172414,100.5,4.5
emblematica:E004148,2803,116,1.0,1.0,0.9565640856341866,0.008620689655172414,0.04310344827586207,0.08620689655172414,100.5,4.5
emblematica:E004149,2803,116,0.9510907186004266,1.0,0.932713858847632,0.008620689655172414,0.04310344827586207,0.07758620689655173,100.5,4.5
emblematica:E004150,2803,116,1.0,1.0,0.9538433129535393,0.008620689655172414,0.04310344827586207,0.08620689655172414,100.5,4.5
emblematica:E004151,2803,116,0.9558305176970738,1.0,0.9299966525565807,0.008620689655172414,0.04310344827586207,0.07758620689655173,100.5,4.5
emblematica:E004152,2803,116,0.8069846745100949,0.5,0.9101463627805052,0.0,0.034482758620689655,0.06896551724137931,100.5,4.5
emblematica:E004153,2803,116,1.0,1.0,0.936059729512193,0.008620689655172414,0.04310344827586207,0.08620689655172414,100.5,4.5
emblematica:E004154,2803,116,1.0,1.0,0.9496001580457599,0.008620689655172414,0.04310344827586207,0.08620689655172414,100.5,4.5
emblematica:E004155,2803,116,0.9266360779006398,1.0,0.9146875805834185,0.008620689655172414,0.034482758620689655,0.07758620689655173,100.5,4.5
emblematica:E004156,2803,116,0.9537125187088151,1.0,0.9314373187687454,0.008620689655172414,0.04310344827586207,0.07758620689655173,100.5,4.5
emblematica:E004157,2803,116,1.0,1.0,0.9484086407474525,0.008620689655172414,0.04310344827586207,0.08620689655172414,100.5,4.5
emblematica:E004158,2803,116,0.9477344873475497,1.0,0.9315931637345103,0.008620689655172414,0.04310344827586207,0.07758620689655173,100.5,4.5
emblematica:E004159,2803,116,0.9575861412006987,1.0,0.9321777303216338,0.008620689655172414,0.04310344827586207,0.07758620689655173,100.5,4.5
emblematica:E004160,2803,116,1.0,1.0,0.9553029096538084,0.008620689655172414,0.04310344827586207,0.08620689655172414,100.5,4.5
emblematica:E004161,2803,116,0.8532721558012798,0.5,0.9234228425382379,0.0,0.034482758620689655,0.07758620689655173,100.5,4.5
emblematica:E004162,2803,116,0.9368077570869661,1.0,0.9174372936385853,0.008620689655172414,0.034482758620689655,0.07758620689655173,100.5,4.5
emblematica:E004163,2803,116,0.9074250374176303,1.0,0.9249039471470846,0.008620689655172414,0.034482758620689655,0.07758620689655173,100.5,4.5
emblematica:E004164,2803,116,1.0,1.0,0.9478133865696491,0.008620689655172414,0.04310344827586207,0.08620689655172414,100.5,4.5
emblematica:E004165,2803,116,0.9134166588977728,1.0,0.9338241842948815,0.008620689655172414,0.04310344827586207,0.06896551724137931,100.5,4.5
emblematica:E004166,2803,116,1.0,1.0,0.9447267987383013,0.008620689655172414,0.04310344827586207,0.08620689655172414,100.5,4.5
emblematica:E004167,2803,116,1.0,1.0,0.9436269963366247,0.008620689655172414,0.04310344827586207,0.08620689655172414,100.5,4.5
emblematica:E004168,2803,116,1.0,1.0,0.9279534394210147,0.008620689655172414,0.04310344827586207,0.08620689655172414,100.5,4.5
emblematica:E004169,2803,116,0.9266360779006398,1.0,0.9055704567888416,0.008620689655172414,0.034482758620689655,0.07758620689655173,100.5,4.5
emblematica:E004170,2803,116,0.9477344873475497,1.0,0.943170879117428,0.008620689655172414,0.04310344827586207,0.07758620689655173,100.5,4.5
emblematica:E004171,2803,116,0.8926382747840401,1.0,0.9213051286533889,0.008620689655172414,0.034482758620689655,0.06896551724137931,100.5,4.5
emblematica:E004172,2803,116,1.0,1.0,0.9586942638765092,0.008620689655172414,0.04310344827586207,0.08620689655172414,100.5,4.5
emblematica:E004173,2803,116,0.9368077570869661,1.0,0.9151695734159584,0.008620689655172414,0.034482758620689655,0.07758620689655173,100.5,4.5
emblematica:E004174,2803,116,0.9537125187088151,1.0,0.9314079950227556,0.008620689655172414,0.04310344827586207,0.07758620689655173,100.5,4.5
emblematica:E004175,2803,116,0.8442327945045964,1.0,0.9069535014924772,0.008620689655172414,0.02586206896551724,0.06896551724137931,100.5,4.5
emblematica:E004176,2803,116,0.9477344873475497,1.0,0.9201689662131105,0.008620689655172414,0.04310344827586207,0.07758620689655173,100.5,4.5
emblematica:E004177,2803,116,0.9368077570869661,1.0,0.9277015563122027,0.008620689655172414,0.034482758620689655,0.07758620689655173,100.5,4.5
emblematica:E004178,2803,116,0.8878984756873928,1.0,0.9079486194166818,0.008620689655172414,0.034482758620689655,0.06896551724137931,100.5,4.5
emblematica:E004179,2803,116,1.0,1.0,0.9554934337993367,0.008620689655172414,0.04310344827586207,0.08620689655172414,100.5,4.5
emblematica:E004180,2803,116,1.0,1.0,0.9445445816076055,0.008620689655172414,0.04310344827586207,0.08620689655172414,100.5,4.5
emblematica:E004181,2803,116,1.0,1.0,0.9516451944822231,0.008620689655172414,0.04310344827586207,0.08620689655172414,100.5,4.5
emblematica:E004182,2803,116,0.9575861412006987,1.0,0.9204236607930695,0.008620689655172414,0.04310344827586207,0.07758620689655173,100.5,4.5
emblematica:E004183,2803,116,0.9074250374176303,1.0,0.9318494643429565,0.008620689655172414,0.034482758620689655,0.07758620689655173,100.5,4.5
emblematica:E004184,2803,116,1.0,1.0,0.9548635001653707,0.008620689655172414,0.04310344827586207,0.08620689655172414,100.5,4.5
emblematica:E004185,2803,116,0.9074250374176303,1.0,0.9328509923471796,0.008620689655172414,0.034482758620689655,0.07758620689655173,100.5,4.5
emblematica:E004186,2803,116,1.0,1.0,0.9391688255289073,0.008620689655172414,0.04310344827586207,0.08620689655172414,100.5,4.5
emblematica:E004187,2803,116,1.0,1.0,0.954052487673006,0.008620689655172414,0.04310344827586207,0.08620689655172414,100.5,4.5
emblematica:E004188,2803,116,1.0,1.0,0.9512486728357553,0.008620689655172414,0.04310344827586207,0.08620689655172414,100.5,4.5
emblematica:E004189,2803,116,0.7877736340270853,1.0,0.889192878919782,0.008620689655172414,0.02586206896551724,0.0603448275862069,100.5,4.5
emblematica:E004190,2803,116,0.8400527367984127,1.0,0.899617658665171,0.008620689655172414,0.034482758620689655,0.0603448275862069,100.5,4.5
emblematica:E004191,2803,116,0.81927435268468,1.0,0.9121527709276351,0.008620689655172414,0.02586206896551724,0.0603448275862069,100.5,4.5
emblematica:E004192,2803,116,1.0,1.0,0.9567504143573121,0.008620689655172414,0.04310344827586207,0.08620689655172414,100.5,4.5
emblematica:E004193,2803,116,0.8043628744017064,0.5,0.916620796664187,0.0,0.034482758620689655,0.06896551724137931,100.5,4.5
emblematica:E004194,2803,116,0.8590331472570637,1.0,0.9169751453031408,0.008620689655172414,0.04310344827586207,0.0603448275862069,100.5,4.5
emblematica:E004195,2803,116,0.9048032373092417,1.0,0.919152419384183,0.008620689655172414,0.04310344827586207,0.06896551724137931,100.5,4.5
emblematica:E004196,2803,116,0.9074250374176303,1.0,0.9143758170657069,0.008620689655172414,0.034482758620689655,0.07758620689655173,100.5,4.5
emblematica:E004197,2803,116,1.0,1.0,0.9515995390683047,0.008620689655172414,0.04310344827586207,0.08620689655172414,100.5,4.5
emblematica:E004198,2803,116,0.9537125187088151,1.0,0.9341111107153862,0.008620689655172414,0.04310344827586207,0.07758620689655173,100.5,4.5
emblematica:E004199,2803,116,1.0,1.0,0.9442959780745365,0.008620689655172414,0.04310344827586207,0.08620689655172414,100.5,4.5
emblematica:E004200,2803,116,0.9510907186004266,1.0,0.9347875764136009,0.008620689655172414,0.04310344827586207,0.07758620689655173,100.5,4.5
emblematica:E004201,2803,116,0.9432379215722525,1.0,0.9435997315720736,0.008620689655172414,0.034482758620689655,0.07758620689655173,100.5,4.5
emblematica:E004202,2803,116,0.9477344873475497,1.0,0.9382858516411642,0.008620689655172414,0.04310344827586207,0.07758620689655173,100.5,4.5
emblematica:E004203,2803,116,1.0,1.0,0.959807498183635,0.008620689655172414,0.04310344827586207,0.08620689655172414,100.5,4.5
emblematica:E004204,2803,116,0.9575861412006987,1.0,0.9322505168635918,0.008620689655172414,0.04310344827586207,0.07758620689655173,100.5,4.5
emblematica:E004205,2803,116,1.0,1.0,0.9592066553005987,0.008620689655172414,0.04310344827586207,0.08620689655172414,100.5,4.5
emblematica:E004206,2803,116,1.0,1.0,0.9579218654111878,0.008620689655172414,0.04310344827586207,0.08620689655172414,100.5,4.5
emblematica:E004207,2803,116,0.8532721558012798,0.5,0.9256074829841816,0.0,0.034482758620689655,0.07758620689655173,100.5,4.5
emblematica:E004208,2803,116,1.0,1.0,0.9543697700358451,0.008620689655172414,0.04310344827586207,0.08620689655172414,100.5,4.5
emblematica:E004209,2803,116,1.0,1.0,0.9517783027432535,0.008620689655172414,0.04310344827586207,0.08620689655172414,100.5,4.5
emblematica:E004210,2803,116,0.9558305176970738,1.0,0.9440197837867931,0.008620689655172414,0.04310344827586207,0.07758620689655173,100.5,4.5
emblematica:E004211,2803,116,1.0,1.0,0.9524517846078489,0.008620689655172414,0.04310344827586207,0.08620689655172414,100.5,4.5
emblematica:E004212,2803,116,0.8800456786592188,1.0,0.9059762360363478,0.008620689655172414,0.02586206896551724,0.06896551724137931,100.5,4.5
emblematica:E004213,2803,116,1.0,1.0,0.9484238645450461,0.008620689655172414,0.04310344827586207,0.08620689655172414,100.5,4.5
emblematica:E004214,2803,116,1.0,1.0,0.9594853239934421,0.008620689655172414,0.04310344827586207,0.08620689655172414,100.5,4.5
emblematica:E005119,2803,22,0.3455606536832266,0.041666666666666664,0.010382279801031376,0.0,0.0,0.0,1.0,6.0
emblematica:E005120,2803,188,0.43250927056038174,0.2,0.09578304054207419,0.0,0.005319148936170213,0.010638297872340425,2.0,4.0
emblematica:E005121,2803,18,0.48006117753205335,1.0,0.20984207698933488,0.05555555555555555,0.05555555555555555,0.05555555555555555,1.5,3.0
emblematica:E005122,2803,47,0.6616403981551454,0.5,0.11770061821291591,0.0,0.06382978723404255,0.0851063829787234,6.5,4.0
emblematica:E005123,2803,57,0.3333333333333333,0.029411764705882353,0.02185076655980548,0.0,0.0,0.0,4.5,4.0
emblematica:E005124,2803,59,0.5692537154456775,0.5,0.12099553623240912,0.0,0.03389830508474576,0.06779661016949153,7.5,4.0
emblematica:E005125,2803,48,0.4433792164823734,0.3333333333333333,0.024536348309501767,0.0,0.020833333333333332,0.020833333333333332,6.5,5.0
emblematica:E005126,2803,81,0.37638829183164113,0.07692307692307693,0.06597442671218791,0.0,0.0,0.0,8.0,4.0
emblematica:E005127,2803,58,0.40064655628185175,0.1111111111111111,0.0722679235786739,0.0,0.0,0.017241379310344827,9.0,5.0
emblematica:E005128,2803,79,0.35497916860889006,0.09090909090909091,0.03512395801966645,0.0,0.0,0.0,5.0,3.0
emblematica:E005129,2803,186,0.7151703364880824,1.0,0.1474121606539897,0.005376344086021506,0.016129032258064516,0.026881720430107527,18.0,4.0
emblematica:E005130,2803,279,0.47219577720688777,0.5,0.14442161868373518,0.0,0.0035842293906810036,0.0035842293906810036,25.0,3.0
emblematica:E005131,2803,67,0.3333333333333333,0.058823529411764705,0.0229299206007945,0.0,0.0,0.0,8.0,4.0
emblematica:E005132,2803,87,0.554462448726138,0.25,0.12168894980519318,0.0,0.022988505747126436,0.04597701149425287,11.0,3.5
emblematica:E005133,2803,235,0.43638289305226546,0.2,0.11178282868074209,0.0,0.00425531914893617,0.00851063829787234,1.0,5.0
emblematica:E005134,2803,62,0.6023081876151181,0.3333333333333333,0.17469611751413922,0.0,0.03225806451612903,0.08064516129032258,4.0,3.0
emblematica:E005135,2803,33,0.3333333333333333,0.022727272727272728,0.01590750300286189,0.0,0.0,0.0,2.0,5.0
emblematica:E005136,2803,90,0.43188632727696835,0.16666666666666666,0.06703119393278095,0.0,0.0,0.022222222222222223,10.0,3.5
emblematica:E005137,2803,708,0.3333333333333333,0.006711409395973154,0.29276886814966624,0.0,0.0,0.0,1.0,3.0
emblematica:E005138,2803,69,0.736457025807894,1.0,0.13320159642420887,0.014492753623188406,0.043478260869565216,0.057971014492753624,1.5,5.0
emblematica:E005139,2803,182,0.38224261473290666,0.14285714285714285,0.09191549918856746,0.0,0.0,0.005494505494505495,2.0,3.0
emblematica:E005140,2803,105,0.3775028156362593,0.1111111111111111,0.0625665977978468,0.0,0.0,0.009523809523809525,1.0,5.0
emblematica:E005141,2803,23,0.3333333333333333,0.002004008016032064,0.006900163256369455,0.0,0.0,0.0,1.0,3.0
emblematica:E005142,2803,60,0.44236092441353086,0.2,0.08252880633263161,0.0,0.016666666666666666,0.03333333333333333,3.0,5.0
emblematica:E005143,2803,181,0.45850123580905305,0.25,0.092697526536513,0.0,0.0055248618784530384,0.011049723756906077,5.5,4.0
emblematica:E005144,2803,85,0.42976832828870953,0.1111111111111111,0.03993312728198665,0.0,0.0,0.011764705882352941,6.0,4.0
emblematica:E005145,2803,245,0.7035698427750084,0.5,0.15868172312204884,0.0,0.012244897959183673,0.02040816326530612,12.0,3.0
emblematica:E005146,2803,109,0.48006117753205335,1.0,0.050661816217788314,0.009174311926605505,0.009174311926605505,0.009174311926605505,6.0,4.0
emblematica:E005147,2803,114,0.6961475758779745,1.0,0.17725928249806444,0.008771929824561403,0.017543859649122806,0.043859649122807015,10.5,3.0
emblematica:E005148,2803,21,0.43320753729604716,0.009009009009009009,0.010087149171924466,0.0,0.0,0.0,1.0,4.5
emblematica:E005149,2803,9,0.38224261473290666,0.14285714285714285,0.018205809423713328,0.0,0.0,0.1111111111111111,1.5,3.0
emblematica:E005150,2803,46,0.37574719213263447,0.1,0.03616603614962449,0.0,0.0,0.021739130434782608,1.0,4.0
emblematica:E005151,2803,82,0.4389394350456683,0.25,0.04290636692842162,0.0,0.012195121951219513,0.024390243902439025,6.0,3.0
emblematica:E005152,2803,47,0.3333333333333333,0.03225806451612903,0.021875986310613976,0.0,0.0,0.0,3.0,3.5
emblematica:E005153,2803,34,0.3333333333333333,0.002967359050445104,0.01429625061724407,0.0,0.0,0.0,1.0,4.0
emblematica:E005154,2803,18,0.3333333333333333,0.007633587786259542,0.006438112759784407,0.0,0.0,0.0,1.0,5.0
emblematica:E005155,2803,205,0.5432534204450873,1.0,0.10789368650452914,0.004878048780487805,0.00975609756097561,0.00975609756097561,3.0,4.0
emblematica:E005156,2803,37,0.3455606536832266,0.09090909090909091,0.027235952837363478,0.0,0.0,0.0,1.0,4.0
emblematica:E005157,2803,249,0.700887374974622,1.0,0.16351715531619973,0.004016064257028112,0.008032128514056224,0.020080321285140562,6.0,5.0
emblematica:E005158,2803,187,0.3775028156362593,0.1111111111111111,0.09547106092432614,0.0,0.0,0.0053475935828877,1.0,5.0
emblematica:E005159,2803,11,0.3333333333333333,0.03333333333333333,0.013095103484022506,0.0,0.0,0.0,3.0,2.0
emblematica:E005160,2803,110,0.5418698526013167,0.25,0.08640233208050926,0.0,0.00909090909090909,0.03636363636363636,11.0,4.0
emblematica:E005161,2803,37,0.3333333333333333,0.025,0.021814496065240052,0.0,0.0,0.0,2.0,5.0
emblematica:E005162,2803,8,0.3333333333333333,0.0014970059880239522,0.002288789609568272,0.0,0.0,0.0,2.0,4.5
emblematica:E005163,2803,231,0.5250842331427514,0.5,0.14774550696366387,0.0,0.008658008658008658,0.012987012987012988,18.0,4.0
emblematica:E005164,2803,46,0.3333333333333333,0.0625,0.033335427558025016,0.0,0.0,0.0,2.5,3.0
emblematica:E005165,2803,156,0.44693403757303657,0.125,0.13469186505805342,0.0,0.0,0.01282051282051282,5.0,4.0
emblematica:E005166,2803,56,0.388813570295747,0.1,0.07720694531570027,0.0,0.0,0.017857142857142856,3.0,5.0
emblematica:E005167,2803,81,0.43900469316065394,0.2,0.05748823816441703,0.0,0.012345679012345678,0.024691358024691357,6.0,3.0
emblematica:E005168,2803,26,0.5981281299089344,0.5,0.1703460846826451,0.0,0.11538461538461539,0.15384615384615385,1.0,4.0
emblematica:E005169,2803,18,0.396641216561515,0.16666666666666666,0.02265358406094557,0.0,0.0,0.05555555555555555,1.0,4.0
emblematica:E005170,2803,202,0.5315796557430237,0.5,0.13511398050032805,0.0,0.009900990099009901,0.01485148514851485,6.0,3.0
emblematica:E005171,2803,230,0.581235971584077,1.0,0.1291241345827502,0.004347826086956522,0.004347826086956522,0.013043478260869565,5.0,4.0
emblematica:E005172,2803,63,0.40669725543269336,0.3333333333333333,0.046541539765947146,0.0,0.015873015873015872,0.015873015873015872,2.0,5.0
emblematica:E005173,2803,50,0.5315796557430237,0.5,0.08506986468182477,0.0,0.04,0.06,1.0,6.0
emblematica:E005174,2803,175,0.48910053882873683,0.5,0.10173612002841119,0.0,0.011428571428571429,0.011428571428571429,1.5,4.5
emblematica:E005175,2803,21,0.35700317619627114,0.030303030303030304,0.007998216356086671,0.0,0.0,0.0,1.0,2.5
emblematica:E005176,2803,227,0.4589627680851436,0.3333333333333333,0.10827032525697125,0.0,0.004405286343612335,0.00881057268722467,5.0,3.0
emblematica:E005177,2803,90,0.4487910888988174,0.25,0.037438058163202594,0.0,0.011111111111111112,0.022222222222222223,6.5,4.5
emblematica:E005178,2803,175,0.40669725543269336,0.3333333333333333,0.05654127308081113,0.0,0.005714285714285714,0.005714285714285714,11.0,3.0
emblematica:E005179,2803,26,0.38224261473290666,0.024390243902439025,0.011125790792011044,0.0,0.0,0.0,3.0,4.5
emblematica:E005180,2803,25,0.581235971584077,0.021739130434782608,0.011221938286039115,0.0,0.0,0.0,1.0,3.0
emblematica:E005181,2803,22,0.3775028156362593,0.0045045045045045045,0.007390397213951013,0.0,0.0,0.0,2.0,4.0
emblematica:E005182,2803,71,0.4345081273853569,0.16666666666666666,0.11469150833394177,0.0,0.0,0.028169014084507043,1.0,7.0
emblematica:E005183,2803,50,0.3333333333333333,0.02631578947368421,0.017997503173747813,0.0,0.0,0.0,3.0,4.0
emblematica:E005184,2803,11,0.3333333333333333,0.018518518518518517,0.016523845229854818,0.0,0.0,0.0,2.0,5.0
emblematica:E005185,2803,36,0.3333333333333333,0.07692307692307693,0.0180302573889073,0.0,0.0,0.0,4.0,3.5
emblematica:E005186,2803,3,0.3333333333333333,0.0008149959250203749,0.001300789322411294,0.0,0.0,0.0,1.0,4.0
emblematica:E005187,2803,101,0.5416860768143642,0.5,0.10868843174985901,0.0,0.009900990099009901,0.019801980198019802,2.0,4.0
emblematica:E005188,2803,10,0.40669725543269336,0.002066115702479339,0.003489787388044053,0.0,0.0,0.0,1.0,6.0
emblematica:E005189,2803,95,0.3597511732901635,0.07692307692307693,0.03308794123885163,0.0,0.0,0.0,1.0,3.0
emblematica:E005190,2803,11,0.3900954117610806,0.08333333333333333,0.016149514833280365,0.0,0.0,0.0,2.0,4.0
emblematica:E005191,2803,50,0.4529847367238781,0.3333333333333333,0.030797574902535933,0.0,0.02,0.04,7.5,4.5
emblematica:E005192,2803,25,0.42590829591570295,0.047619047619047616,0.025390737554606777,0.0,0.0,0.0,1.5,5.5
emblematica:E005193,2803,29,0.4698894983457272,0.0136986301369863,0.012301975172976655,0.0,0.0,0.0,1.0,5.0
emblematica:E005194,2803,49,0.43188632727696835,0.16666666666666666,0.0458357726884113,0.0,0.0,0.02040816326530612,10.0,4.0
emblematica:E005195,2803,51,0.5884773592256788,0.3333333333333333,0.15019253734480786,0.0,0.0196078431372549,0.09803921568627451,9.0,5.0
emblematica:E005196,2803,34,0.41638165598600513,0.06666666666666667,0.019614627108056212,0.0,0.0,0.0,1.0,6.0
emblematica:E005197,2803,26,0.3333333333333333,0.002506265664160401,0.00857340323813507,0.0,0.0,0.0,2.5,4.0
emblematica:E005198,2803,81,0.5189870596182024,0.5,0.11681308759691693,0.0,0.012345679012345678,0.037037037037037035,4.0,4.0
emblematica:E005199,2803,19,0.3475238529402701,0.043478260869565216,0.02258651786109786,0.0,0.0,0.0,4.0,4.0
emblematica:E005200,2803,67,0.6657149038169224,1.0,0.1431345659765685,0.014925373134328358,0.029850746268656716,0.04477611940298507,3.0,5.0
emblematica:E005201,2803,10,0.3333333333333333,0.0034602076124567475,0.00560156674443869,0.0,0.0,0.0,2.0,4.0
emblematica:E005202,2803,101,0.5266515767734745,0.3333333333333333,0.10363323728816926,0.0,0.0297029702970297,0.0297029702970297,3.0,5.0
emblematica:E005203,2803,61,0.48006117753205335,1.0,0.035757178543278624,0.01639344262295082,0.01639344262295082,0.01639344262295082,3.0,4.0
emblematica:E005204,2803,74,0.5047272773386647,0.5,0.10427303986914128,0.0,0.013513513513513514,0.02702702702702703,22.0,4.0
emblematica:E005205,2803,36,0.4781738085681532,0.003952569169960474,0.011562263336798705,0.0,0.0,0.0,2.0,4.0
emblematica:E005206,2803,215,0.6982655748662334,1.0,0.1427992401990117,0.004651162790697674,0.009302325581395349,0.013953488372093023,12.0,4.0
emblematica:E005207,2803,51,0.49066464223187867,1.0,0.14419506847657482,0.0196078431372549,0.0196078431372549,0.0196078431372549,11.5,4.5
emblematica:E005208,2803,69,0.6271256703566502,0.14285714285714285,0.16961018098742264,0.0,0.0,0.043478260869565216,12.0,4.5
emblematica:E005209,2803,31,0.467175256330815,0.3333333333333333,0.07045874303851082,0.0,0.03225806451612903,0.06451612903225806,4.0,4.0
emblematica:E005210,2803,114,0.456477228221672,0.25,0.0820435264107257,0.0,0.008771929824561403,0.017543859649122806,6.0,4.0
emblematica:E005211,2803,116,0.3906631852002497,0.125,0.04286302593082185,0.0,0.0,0.008620689655172414,10.0,3.0
emblematica:E005212,2803,43,0.39652557624636714,0.25,0.10525117619878045,0.0,0.023255813953488372,0.023255813953488372,4.5,3.5
emblematica:E005213,2803,83,0.5881573338925016,0.25,0.11804319824019309,0.0,0.012048192771084338,0.060240963855421686,7.0,4.0
emblematica:E005214,2803,58,0.43199095394569925,0.034482758620689655,0.024227688819145658,0.0,0.0,0.0,8.5,4.0
emblematica:E005215,2803,75,0.5635189174057623,0.5,0.12299863452789712,0.0,0.013333333333333334,0.05333333333333334,5.0,3.5
emblematica:E005216,2803,46,0.437015561735658,0.14285714285714285,0.11526153137992998,0.0,0.0,0.043478260869565216,3.0,5.0
emblematica:E005217,2803,58,0.3997893655927203,0.08333333333333333,0.13197861858659243,0.0,0.0,0.0,4.0,4.5
emblematica:E005218,2803,317,0.5163652595098138,0.5,0.13033732355594588,0.0,0.0031545741324921135,0.00946372239747634,11.5,4.5
emblematica:E005219,2803,22,0.34490520365612953,0.06666666666666667,0.017944813469905282,0.0,0.0,0.0,2.0,4.5
emblematica:E005220,2803,142,0.5724095583175947,0.25,0.10122629566563039,0.0,0.014084507042253521,0.014084507042253521,11.5,3.5
emblematica:E005221,2803,51,0.7529067540154278,1.0,0.24826099200412946,0.0196078431372549,0.058823529411764705,0.09803921568627451,11.5,4.5
emblematica:E005222,2803,13,0.42590829591570295,0.5,0.07040833649469852,0.0,0.07692307692307693,0.07692307692307693,2.0,4.0
emblematica:E005223,2803,88,0.525037758769044,0.3333333333333333,0.10036123484312087,0.0,0.011363636363636364,0.03409090909090909,4.0,4.0
emblematica:E005224,2803,383,0.4939718692964117,0.5,0.1560380289698148,0.0,0.0026109660574412533,0.005221932114882507,39.5,4.5
emblematica:E005225,2803,37,0.5778671370342086,0.5,0.0530283202509888,0.0,0.05405405405405406,0.05405405405405406,6.0,3.0
emblematica:E005226,2803,56,0.39706911901394626,0.027777777777777776,0.028733959952887907,0.0,0.0,0.0,8.0,4.0
emblematica:E005227,2803,16,0.3333333333333333,0.029411764705882353,0.03472469931311687,0.0,0.0,0.0,4.0,3.5
emblematica:E005228,2803,33,0.3775028156362593,0.1111111111111111,0.04994141674897665,0.0,0.0,0.030303030303030304,2.0,4.0
emblematica:E005229,2803,53,0.6885850935030452,0.5,0.16641891438819764,0.0,0.05660377358490566,0.11320754716981132,6.5,5.0
emblematica:E005230,2803,26,0.3333333333333333,0.034482758620689655,0.019597512371793285,0.0,0.0,0.0,5.5,5.0
emblematica:E005231,2803,110,0.6733794209721946,1.0,0.1508994998162912,0.00909090909090909,0.01818181818181818,0.01818181818181818,3.0,6.0
emblematica:E005232,2803,90,0.5420242337977478,0.5,0.10033566584575893,0.0,0.022222222222222223,0.022222222222222223,1.0,3.0
emblematica:E005233,2803,115,0.5705181411261643,1.0,0.12692968321543247,0.008695652173913044,0.008695652173913044,0.02608695652173913,11.0,3.0
emblematica:E005234,2803,70,0.5530433372060879,1.0,0.06696380906896561,0.014285714285714285,0.014285714285714285,0.02857142857142857,15.0,4.0
emblematica:E005235,2803,45,0.494087695468985,0.14285714285714285,0.06613180934675404,0.0,0.0,0.06666666666666667,4.5,4.0
emblematica:E005236,2803,61,0.4454348576459405,0.05555555555555555,0.032348100539591626,0.0,0.0,0.0,4.5,6.0
emblematica:E005237,2803,11,0.49163304785484957,0.041666666666666664,0.01629593439306145,0.0,0.0,0.0,2.0,6.0
emblematica:E005238,2803,46,0.4285300960240915,0.14285714285714285,0.10633771663169223,0.0,0.0,0.043478260869565216,1.0,3.0
emblematica:E005239,2803,342,0.5134627376219999,0.5,0.15229760794695954,0.0,0.005847953216374269,0.005847953216374269,3.0,4.0
emblematica:E005240,2803,98,0.6455123365218238,0.5,0.18569878208630944,0.0,0.030612244897959183,0.05102040816326531,17.0,4.0
emblematica:E005241,2803,85,0.5255880342628811,0.2,0.10901119053043395,0.0,0.011764705882352941,0.023529411764705882,3.0,3.0
emblematica:E005242,2803,34,0.43250927056038174,0.2,0.020123136836345264,0.0,0.029411764705882353,0.029411764705882353,4.5,4.0
emblematica:E005243,2803,16,0.38224261473290666,0.14285714285714285,0.033215745300939535,0.0,0.0,0.0625,2.0,4.0
emblematica:E005244,2803,63,0.4911558400550168,0.2,0.15145436260553935,0.0,0.015873015873015872,0.047619047619047616,7.0,4.5
emblematica:E005245,2803,59,0.7159815596443976,0.2,0.14694399368360753,0.0,0.01694915254237288,0.05084745762711865,15.0,4.0
emblematica:E005246,2803,45,0.41418477668593934,0.1111111111111111,0.025068342584218396,0.0,0.0,0.022222222222222223,8.0,5.0
emblematica:E005247,2803,112,0.4709439548233926,0.14285714285714285,0.09656828217380929,0.0,0.0,0.026785714285714284,4.0,5.0
emblematica:E005248,2803,28,0.43250927056038174,0.1,0.06073019927369039,0.0,0.0,0.03571428571428571,2.0,4.0
emblematica:E005249,2803,43,0.3333333333333333,0.041666666666666664,0.037726065640271346,0.0,0.0,0.0,5.0,4.0
emblematica:E005250,2803,62,0.39652557624636714,0.027777777777777776,0.025357382486135126,0.0,0.0,0.0,13.0,4.0
emblematica:E005251,2803,119,0.49875772706635024,0.2,0.10051861695546571,0.0,0.008403361344537815,0.025210084033613446,6.0,3.0
emblematica:E005252,2803,22,0.3333333333333333,0.024390243902439025,0.016027852791325296,0.0,0.0,0.0,5.0,5.0
emblematica:E005253,2803,24,0.42590829591570295,0.018867924528301886,0.009797647481954838,0.0,0.0,0.0,3.0,3.0
emblematica:E005254,2803,190,0.43900469316065394,0.2,0.12098484696886656,0.0,0.005263157894736842,0.010526315789473684,12.5,3.5
emblematica:E005255,2803,74,0.4285300960240915,0.14285714285714285,0.10968042598295624,0.0,0.0,0.02702702702702703,3.0,4.0
emblematica:E005256,2803,38,0.44170635664396146,0.058823529411764705,0.035674485982038796,0.0,0.0,0.0,7.0,4.5
emblematica:E005257,2803,115,0.7442445647210822,0.5,0.22506248618343166,0.0,0.02608695652173913,0.06086956521739131,10.0,4.5
emblematica:E005258,2803,33,0.6949093436133564,1.0,0.07475295925395918,0.030303030303030304,0.06060606060606061,0.06060606060606061,2.5,5.5
emblematica:E005259,2803,118,0.4911035481077849,1.0,0.05935786341722202,0.00847457627118644,0.00847457627118644,0.00847457627118644,8.0,3.0
emblematica:E005260,2803,58,0.5612126385446017,0.14285714285714285,0.09762933838432489,0.0,0.0,0.034482758620689655,5.5,4.5
emblematica:E005261,2803,71,0.5399626087148849,1.0,0.05457758081511143,0.014084507042253521,0.014084507042253521,0.014084507042253521,5.5,4.5
emblematica:E005262,2803,99,0.3700152943830133,0.021739130434782608,0.0357136885716768,0.0,0.0,0.0,11.0,4.0
emblematica:E005263,2803,106,0.557443940052024,1.0,0.06982940672696636,0.009433962264150943,0.009433962264150943,0.009433962264150943,6.5,5.0
emblematica:E005264,2803,93,0.8280830839570048,0.5,0.1930969117989132,0.0,0.03225806451612903,0.06451612903225806,19.0,5.0
emblematica:E005265,2803,40,0.5876973511107652,0.3333333333333333,0.028624212009138013,0.0,0.025,0.025,1.5,6.0
emblematica:E005266,2803,25,0.40669725543269336,0.3333333333333333,0.039072539337619124,0.0,0.04,0.04,3.5,4.5
emblematica:E005267,2803,38,0.5831107372509856,1.0,0.11787865754807558,0.02631578947368421,0.05263157894736842,0.07894736842105263,4.0,4.0
emblematica:E005268,2803,73,0.41418477668593934,0.1111111111111111,0.030605881428385755,0.0,0.0,0.0136986301369863,3.5,3.0
emblematica:E005269,2803,183,0.628832059597349,0.5,0.12286726214192374,0.0,0.01639344262295082,0.02185792349726776,8.5,5.0
emblematica:E005270,2803,314,0.38224261473290666,0.14285714285714285,0.11681931438701669,0.0,0.0,0.0031847133757961785,12.5,4.5
emblematica:E005271,2803,55,0.4932738390432756,0.5,0.1357027360724344,0.0,0.03636363636363636,0.03636363636363636,1.0,5.0
emblematica:E005272,2803,52,0.6910357211214728,1.0,0.10454997490639331,0.019230769230769232,0.019230769230769232,0.07692307692307693,4.5,4.5
emblematica:E005273,2803,112,0.5481611518041143,0.16666666666666666,0.10067266555885891,0.0,0.0,0.017857142857142856,18.0,3.5
emblematica:E005274,2803,92,0.43638289305226546,0.2,0.12084076180417354,0.0,0.010869565217391304,0.021739130434782608,10.0,3.0
emblematica:E005275,2803,175,0.6720354296094112,1.0,0.11454912763797821,0.005714285714285714,0.011428571428571429,0.017142857142857144,5.5,3.0
emblematica:E005276,2803,71,0.5097468151516255,0.03333333333333333,0.030562354233951556,0.0,0.0,0.0,1.5,5.0
emblematica:E005340,2803,29,0.7278888546611139,0.5,0.17498190125744012,0.0,0.10344827586206896,0.20689655172413793,7.0,3.0
emblematica:E005341,2803,172,1.0,1.0,0.12427883473412106,0.005813953488372093,0.029069767441860465,0.05813953488372093,9.0,4.0
emblematica:E005342,2803,114,1.0,1.0,0.14851746162465934,0.008771929824561403,0.043859649122807015,0.08771929824561403,9.5,3.0
emblematica:E005343,2803,88,1.0,1.0,0.15336103788581482,0.011363636363636364,0.056818181818181816,0.11363636363636363,7.0,4.0
emblematica:E005344,2803,164,1.0,1.0,0.11855915041129689,0.006097560975609756,0.03048780487804878,0.06097560975609756,9.0,4.0
emblematica:E005345,2803,223,1.0,1.0,0.13596756657188597,0.004484304932735426,0.02242152466367713,0.04484304932735426,12.0,3.5
emblematica:E005346,2803,197,0.909543036405889,1.0,0.11044906079352163,0.005076142131979695,0.025380710659898477,0.04060913705583756,9.0,4.0
emblematica:E005347,2803,96,0.9134166588977728,1.0,0.12437895091544117,0.010416666666666666,0.052083333333333336,0.08333333333333333,2.5,4.0
emblematica:E005348,2803,108,0.9134166588977728,1.0,0.1198751529703747,0.009259259259259259,0.046296296296296294,0.07407407407407407,8.5,4.0
emblematica:E005349,2803,106,0.9558305176970738,1.0,0.12124717276645236,0.009433962264150943,0.04716981132075472,0.08490566037735849,9.0,4.0
emblematica:E005350,2803,166,0.8457846345480339,0.5,0.08968237738252578,0.0,0.024096385542168676,0.04819277108433735,9.0,4.0
emblematica:E005351,2803,115,0.4826703743434503,0.5,0.08524225118736722,0.0,0.017391304347826087,0.017391304347826087,11.0,4.0
emblematica:E009268,2803,130,0.48006117753205335,0.02040816326530612,0.036327859829159516,0.0,0.0,0.0,11.0,3.0
emblematica:E009269,2803,304,0.3333333333333333,0.09090909090909091,0.09099632682801766,0.0,0.0,0.0,14.0,4.0
emblematica:E009270,2803,436,0.3333333333333333,0.04,0.13638186882761544,0.0,0.0,0.0,11.0,4.0
emblematica:E009271,2803,305,0.3333333333333333,0.05555555555555555,0.09398048133462106,0.0,0.0,0.0,7.0,5.0
emblematica:E009272,2803,39,0.40669725543269336,0.0026666666666666666,0.009520023453660216,0.0,0.0,0.0,4.5,4.0
emblematica:E009273,2803,306,0.3775028156362593,0.1111111111111111,0.09898338978397693,0.0,0.0,0.0032679738562091504,11.0,4.0
emblematica:E009274,2803,293,0.3333333333333333,0.07142857142857142,0.08800756343125608,0.0,0.0,0.0,7.5,5.0
emblematica:E009275,2803,66,0.3333333333333333,0.023255813953488372,0.023219766839076474,0.0,0.0,0.0,8.0,4.0
emblematica:E009276,2803,40,0.3333333333333333,0.058823529411764705,0.019546670499779054,0.0,0.0,0.0,7.0,5.0
emblematica:E009277,2803,130,0.39652557624636714,0.25,0.04228966999937283,0.0,0.007692307692307693,0.007692307692307693,13.5,3.0
emblematica:E009278,2803,367,0.42590829591570295,0.5,0.11630364119381438,0.0,0.0027247956403269754,0.0027247956403269754,4.5,4.0
emblematica:E009279,2803,75,0.3333333333333333,0.0029498525073746312,0.018208909971116675,0.0,0.0,0.0,2.0,4.0
emblematica:E009280,2803,315,0.38973013598615264,0.1111111111111111,0.095063691427628,0.0,0.0,0.0031746031746031746,6.5,4.5
emblematica:E009281,2803,142,0.3333333333333333,0.03571428571428571,0.042956225233635015,0.0,0.0,0.0,13.5,3.5
emblematica:E009282,2803,41,0.3333333333333333,0.018867924528301886,0.019715294398490596,0.0,0.0,0.0,2.0,4.5
emblematica:E009283,2803,53,0.34639971149644583,0.06666666666666667,0.016935580040281492,0.0,0.0,0.0,4.0,5.0
emblematica:E009284,2803,137,0.3333333333333333,0.07692307692307693,0.03622782567319593,0.0,0.0,0.0,2.0,3.0
emblematica:E009285,2803,290,0.48006117753205335,1.0,0.13054852473370446,0.0034482758620689655,0.0034482758620689655,0.0034482758620689655,25.0,4.5
emblematica:E009286,2803,209,0.3333333333333333,0.03225806451612903,0.06834210155411441,0.0,0.0,0.0,12.0,4.0
emblematica:E009287,2803,113,0.42590829591570295,0.5,0.03209437826313447,0.0,0.008849557522123894,0.008849557522123894,3.0,3.0
emblematica:E009288,2803,71,0.3333333333333333,0.0196078431372549,0.026059358069852063,0.0,0.0,0.0,11.0,4.0
emblematica:E009289,2803,309,0.4550300679225608,0.16666666666666666,0.12910503036622314,0.0,0.0,0.006472491909385114,13.0,3.0
emblematica:E009290,2803,248,0.3333333333333333,0.05555555555555555,0.09462712586544987,0.0,0.0,0.0,5.0,5.0
emblematica:E009291,2803,22,0.3333333333333333,0.005714285714285714,0.006113870208351269,0.0,0.0,0.0,4.5,5.0
emblematica:E009292,2803,257,0.37574719213263447,0.1,0.10336646243059698,0.0,0.0,0.0038910505836575876,2.0,5.0
emblematica:E009293,2803,145,0.5432534204450873,0.058823529411764705,0.06106195259832144,0.0,0.0,0.0,9.5,4.5
emblematica:E009294,2803,6,0.3333333333333333,0.012345679012345678,0.00395424778096994,0.0,0.0,0.0,1.0,6.0
emblematica:E009295,2803,71,0.39652557624636714,0.25,0.03440507496522774,0.0,0.014084507042253521,0.014084507042253521,6.0,3.0
emblematica:E009296,2803,55,0.3333333333333333,0.013513513513513514,0.020591833928896037,0.0,0.0,0.0,11.0,3.0
emblematica:E009297,2803,11,0.3333333333333333,0.00819672131147541,0.007319349105974881,0.0,0.0,0.0,2.5,3.0
emblematica:E009298,2803,188,0.320713481246783,0.08333333333333333,0.05266079220172407,0.0,0.0,0.0,6.0,3.5
emblematica:E009299,2803,69,0.3333333333333333,0.05,0.022469529124043763,0.0,0.0,0.0,18.0,3.0
emblematica:E009300,2803,499,0.4786776096882829,0.16666666666666666,0.17758271435940806,0.0,0.0,0.006012024048096192,2.0,4.0
emblematica:E009301,2803,98,0.43320753729604716,0.25,0.02381120229186416,0.0,0.01020408163265306,0.01020408163265306,1.5,4.0
emblematica:E009302,2803,37,0.39652557624636714,0.25,0.016077197239581308,0.0,0.02702702702702703,0.02702702702702703,1.0,5.0
emblematica:E009303,2803,90,0.42590829591570295,0.5,0.055387486133660485,0.0,0.011111111111111112,0.011111111111111112,2.0,6.0
emblematica:E009304,2803,223,0.38559884598578353,0.04,0.05703791330719493,0.0,0.0,0.0,17.0,5.0
emblematica:E009305,2803,428,0.4529847367238781,0.3333333333333333,0.13259977177229484,0.0,0.002336448598130841,0.004672897196261682,15.0,3.0
emblematica:E009306,2803,15,0.3333333333333333,0.020833333333333332,0.012316273107890748,0.0,0.0,0.0,1.0,4.0
emblematica:E009307,2803,324,0.38559884598578353,0.16666666666666666,0.13393980070642458,0.0,0.0,0.0030864197530864196,23.0,3.0
emblematica:E009308,2803,315,0.37574719213263447,0.1,0.0949896419756545,0.0,0.0,0.0031746031746031746,3.0,4.0
emblematica:E009309,2803,468,0.5095891151301162,0.3333333333333333,0.1708787182011968,0.0,0.002136752136752137,0.00641025641025641,13.0,5.0
emblematica:E009310,2803,18,0.3333333333333333,0.009900990099009901,0.008827319797374934,0.0,0.0,0.0,6.5,4.0
emblematica:E009311,2803,64,0.3333333333333333,0.012987012987012988,0.024021814099724356,0.0,0.0,0.0,7.0,4.0
emblematica:E009312,2803,46,0.3333333333333333,0.02564102564102564,0.013986645042271035,0.0,0.0,0.0,3.5,5.0
emblematica:E009313,2803,321,0.5534250996314135,1.0,0.10853310560199222,0.003115264797507788,0.006230529595015576,0.006230529595015576,1.0,5.0
emblematica:E009314,2803,168,0.5432534204450873,1.0,0.07206224144463821,0.005952380952380952,0.011904761904761904,0.011904761904761904,2.5,3.5
emblematica:E009315,2803,315,0.37962081462451813,0.125,0.12068600822169315,0.0,0.0,0.0031746031746031746,13.5,4.0
emblematica:E009316,2803,305,0.38559884598578353,0.16666666666666666,0.09437416055050057,0.0,0.0,0.003278688524590164,6.0,4.5
emblematica:E009317,2803,942,0.37962081462451813,0.125,0.28641059416705617,0.0,0.0,0.0010615711252653928,8.0,4.0
emblematica:E009318,2803,32,0.3333333333333333,0.005319148936170213,0.01187783880439909,0.0,0.0,0.0,2.0,4.0
emblematica:E009319,2803,171,0.42590829591570295,0.5,0.06742033028949532,0.0,0.005847953216374269,0.005847953216374269,1.0,4.0
emblematica:E009320,2803,136,0.48006117753205335,1.0,0.05662257106359675,0.007352941176470588,0.007352941176470588,0.007352941176470588,12.5,4.5
emblematica:E009321,2803,29,0.3333333333333333,0.05555555555555555,0.014604347158214829,0.0,0.0,0.0,1.0,3.0
emblematica:E009322,2803,37,0.45086673773561936,0.005263157894736842,0.009743570751398874,0.0,0.0,0.0,4.0,4.0
emblematica:E009323,2803,14,0.3333333333333333,0.04,0.02164242136619443,0.0,0.0,0.0,5.0,3.0
emblematica:E009324,2803,289,0.3333333333333333,0.058823529411764705,0.10662445198805712,0.0,0.0,0.0,37.0,3.5
emblematica:E009325,2803,3,0.35648241204244513,0.005405405405405406,0.00386776863982311,0.0,0.0,0.0,1.5,3.0
emblematica:E009326,2803,128,0.42590829591570295,0.5,0.04968216594725823,0.0,0.0078125,0.0078125,19.5,4.5
emblematica:E009327,2803,119,0.43250927056038174,0.2,0.04719358887775767,0.0,0.008403361344537815,0.01680672268907563,4.5,5.0
emblematica:E009328,2803,271,0.38559884598578353,0.16666666666666666,0.10490809143095954,0.0,0.0,0.0036900369003690036,2.0,3.0
emblematica:E009329,2803,57,0.32449943687274807,0.02040816326530612,0.01918260047101271,0.0,0.0,0.0,4.5,3.5
emblematica:E009330,2803,258,0.3333333333333333,0.05555555555555555,0.08993372042843338,0.0,0.0,0.0,18.0,5.0
emblematica:E009331,2803,96,0.3333333333333333,0.0625,0.03416000629829716,0.0,0.0,0.0,7.0,3.0
emblematica:E009332,2803,20,0.3333333333333333,0.015151515151515152,0.01323037653268529,0.0,0.0,0.0,4.0,4.0
emblematica:E009333,2803,90,0.37962081462451813,0.125,0.033273940733152096,0.0,0.0,0.011111111111111112,3.0,4.5
emblematica:E009334,2803,45,0.3333333333333333,0.00411522633744856,0.01130317816182953,0.0,0.0,0.0,1.0,3.0
emblematica:E009335,2803,21,0.3333333333333333,0.034482758620689655,0.011604870092685142,0.0,0.0,0.0,6.0,3.0
emblematica:E009336,2803,106,0.40669725543269336,0.3333333333333333,0.03631727686058963,0.0,0.009433962264150943,0.009433962264150943,9.0,5.0
emblematica:E009337,2803,139,0.3333333333333333,0.047619047619047616,0.05198164279996848,0.0,0.0,0.0,21.5,5.0
emblematica:E009338,2803,0,0.3333333333333333,,,,,,1.0,4.0
emblematica:E009339,2803,54,0.3439367980331586,0.09090909090909091,0.020593489059085913,0.0,0.0,0.0,8.5,6.0
emblematica:E009340,2803,11,0.3333333333333333,0.003389830508474576,0.004228170812056836,0.0,0.0,0.0,1.0,5.0
emblematica:E009341,2803,30,0.3333333333333333,0.006711409395973154,0.013608469981412427,0.0,0.0,0.0,7.0,4.5
emblematica:E009342,2803,218,0.5812233682870853,0.5,0.08992304695727907,0.0,0.009174311926605505,0.01834862385321101,3.0,3.0
emblematica:E009343,2803,31,0.3333333333333333,0.02127659574468085,0.011162963189193313,0.0,0.0,0.0,1.0,4.0
emblematica:E009344,2803,10,0.3333333333333333,0.002967359050445104,0.0026353462222767927,0.0,0.0,0.0,3.5,5.0
emblematica:E009345,2803,301,0.5458626172564842,0.5,0.10042790300713778,0.0,0.009966777408637873,0.009966777408637873,7.5,5.5
emblematica:E009346,2803,2,0.3333333333333333,0.0017331022530329288,0.0013115889547318628,0.0,0.0,0.0,1.0,5.0
emblematica:E009347,2803,287,0.3333333333333333,0.03333333333333333,0.08642760537898778,0.0,0.0,0.0,5.0,4.0
emblematica:E009348,2803,8,0.34428518061118435,0.009259259259259259,0.0033784901229760153,0.0,0.0,0.0,2.5,3.0
emblematica:E009349,2803,53,0.32485056157347303,0.06666666666666667,0.022205479758416843,0.0,0.0,0.0,17.0,2.0
emblematica:E009350,2803,59,0.3333333333333333,0.005813953488372093,0.021086119268612313,0.0,0.0,0.0,10.0,5.0
emblematica:E009351,2803,1,0.3333333333333333,0.00046061722708429296,0.00046061722708429296,0.0,0.0,0.0,1.0,6.0
emblematica:E009352,2803,31,0.3333333333333333,0.003787878787878788,0.009472328314088436,0.0,0.0,0.0,6.0,5.0
emblematica:E009353,2803,295,0.5958389584307145,1.0,0.1142669836959938,0.003389830508474576,0.006779661016949152,0.010169491525423728,6.0,3.0
emblematica:E009354,2803,13,0.3333333333333333,0.016129032258064516,0.009724996212910699,0.0,0.0,0.0,1.0,4.0
emblematica:E009355,2803,49,0.3333333333333333,0.009900990099009901,0.012345191585496369,0.0,0.0,0.0,3.0,3.5
emblematica:E009356,2803,19,0.3333333333333333,0.012658227848101266,0.009121543626930606,0.0,0.0,0.0,4.0,4.0
emblematica:E009357,2803,353,0.3475238529402701,0.058823529411764705,0.11084971250307638,0.0,0.0,0.0,15.0,4.0
emblematica:E009358,2803,148,0.38559884598578353,0.16666666666666666,0.04439252693972463,0.0,0.0,0.006756756756756757,12.0,4.0
emblematica:E009359,2803,79,0.3491313940615917,0.00909090909090909,0.01957593164901581,0.0,0.0,0.0,6.0,4.0
emblematica:E009360,2803,69,0.3333333333333333,0.007936507936507936,0.015919194091070645,0.0,0.0,0.0,1.5,3.0
emblematica:E009361,2803,146,0.4956447291348236,0.3333333333333333,0.04786633481448783,0.0,0.00684931506849315,0.00684931506849315,8.5,4.0
emblematica:E009362,2803,167,0.3775028156362593,0.1111111111111111,0.045275990034462435,0.0,0.0,0.005988023952095809,3.0,3.0
emblematica:E009363,2803,300,0.42590829591570295,0.5,0.11950766346528785,0.0,0.0033333333333333335,0.0033333333333333335,6.0,3.0
emblematica:E009364,2803,273,0.4886484057047156,0.2,0.12260925356520647,0.0,0.003663003663003663,0.01098901098901099,13.5,3.5
emblematica:E009365,2803,432,0.4950197333881478,0.2,0.1835200959421964,0.0,0.0023148148148148147,0.006944444444444444,13.0,5.0
emblematica:E009366,2803,26,0.37962081462451813,0.125,0.014522855218271846,0.0,0.0,0.038461538461538464,8.0,4.0
emblematica:E009367,2803,287,0.48006117753205335,1.0,0.08952561696960577,0.003484320557491289,0.003484320557491289,0.003484320557491289,7.0,4.0
emblematica:E009368,2803,109,0.3333333333333333,0.0196078431372549,0.03640363500775723,0.0,0.0,0.0,7.5,3.5
emblematica:E009369,2803,85,0.48006117753205335,1.0,0.04184389507678183,0.011764705882352941,0.011764705882352941,0.011764705882352941,14.5,4.5
emblematica:E009370,2803,61,0.5432534204450873,1.0,0.05142967796397349,0.01639344262295082,0.03278688524590164,0.03278688524590164,1.0,3.0
emblematica:E009371,2803,298,0.37962081462451813,0.125,0.11842201179122376,0.0,0.0,0.003355704697986577,6.5,5.0
emblematica:E009372,2803,13,0.38224261473290666,0.004975124378109453,0.006179091059530987,0.0,0.0,0.0,2.0,4.5
emblematica:E009373,2803,30,0.3333333333333333,0.024390243902439025,0.013631964525805755,0.0,0.0,0.0,5.0,3.0
emblematica:E009374,2803,67,0.2599694112339732,0.0196078431372549,0.020668296760975657,0.0,0.0,0.0,16.0,3.0
emblematica:E009375,2803,18,0.3333333333333333,0.004329004329004329,0.008751027149335809,0.0,0.0,0.0,6.5,4.0
emblematica:E009376,2803,290,0.3443757039090648,0.07692307692307693,0.08873723169055808,0.0,0.0,0.0,6.5,4.5
emblematica:E009377,2803,71,0.3333333333333333,0.015625,0.025569846151383052,0.0,0.0,0.0,7.0,3.5
emblematica:E009378,2803,407,0.4487910888988174,0.25,0.15111291448937647,0.0,0.002457002457002457,0.004914004914004914,33.0,5.0
emblematica:E009379,2803,7,0.34428518061118435,0.002793296089385475,0.002538692147471054,0.0,0.0,0.0,1.0,5.5
emblematica:E009380,2803,350,0.49163304785484957,1.0,0.107176335191131,0.002857142857142857,0.002857142857142857,0.002857142857142857,25.0,5.0
emblematica:E009381,2803,167,0.5048551618388155,1.0,0.06534767612663353,0.005988023952095809,0.005988023952095809,0.005988023952095809,4.0,4.0
emblematica:E009382,2803,13,0.3333333333333333,0.006711409395973154,0.008207011902954814,0.0,0.0,0.0,2.0,4.5
emblematica:E009383,2803,55,0.3333333333333333,0.027777777777777776,0.025638764309376276,0.0,0.0,0.0,10.5,4.0
emblematica:E009384,2803,258,0.4937127449191818,0.5,0.10019691080449046,0.0,0.007751937984496124,0.007751937984496124,11.0,4.0
emblematica:E009385,2803,24,0.37574719213263447,0.1,0.016024429227041323,0.0,0.0,0.041666666666666664,1.0,4.0
emblematica:E009386,2803,40,0.34490520365612953,0.02564102564102564,0.017683351957468826,0.0,0.0,0.0,7.0,6.0
emblematica:E009387,2803,2,0.35647707397892575,0.003194888178913738,0.0021365276474083514,0.0,0.0,0.0,2.0,4.0
emblematica:E009388,2803,96,0.3333333333333333,0.008064516129032258,0.038099398334039886,0.0,0.0,0.0,4.0,4.0
emblematica:E009389,2803,186,0.3333333333333333,0.020833333333333332,0.045375794225829456,0.0,0.0,0.0,18.5,5.0
emblematica:E009390,2803,308,0.3775028156362593,0.1111111111111111,0.11985763960792392,0.0,0.0,0.003246753246753247,6.0,2.0
emblematica:E009391,2803,33,0.3333333333333333,0.05,0.011019733370292361,0.0,0.0,0.0,3.0,3.0
emblematica:E009392,2803,181,0.38559884598578353,0.16666666666666666,0.07506344371797076,0.0,0.0,0.0055248618784530384,12.0,4.0
emblematica:E009393,2803,73,0.35744208207217737,0.02702702702702703,0.016786838934936713,0.0,0.0,0.0,2.0,6.0
emblematica:E009394,2803,17,0.3333333333333333,0.05263157894736842,0.012327616151591189,0.0,0.0,0.0,6.0,5.0
emblematica:E009395,2803,2,0.4905733112099982,0.0015105740181268882,0.0013228238989612875,0.0,0.0,0.0,1.0,2.5
emblematica:E009396,2803,36,0.39652557624636714,0.25,0.026987871841488043,0.0,0.027777777777777776,0.027777777777777776,9.0,3.0
emblematica:E009397,2803,16,0.3333333333333333,0.022727272727272728,0.010432484250275015,0.0,0.0,0.0,1.0,3.0
emblematica:E009398,2803,77,0.3333333333333333,0.02564102564102564,0.01623437643081965,0.0,0.0,0.0,1.0,7.0
emblematica:E009399,2803,17,0.3333333333333333,0.015151515151515152,0.006681364403681736,0.0,0.0,0.0,1.0,4.0
emblematica:E009400,2803,20,0.3333333333333333,0.008547008547008548,0.010122411466756026,0.0,0.0,0.0,1.0,3.0
emblematica:E009401,2803,229,0.38559884598578353,0.16666666666666666,0.08062210980514349,0.0,0.0,0.004366812227074236,7.0,5.5
emblematica:E009402,2803,443,0.5534250996314135,1.0,0.13197760586535348,0.002257336343115124,0.004514672686230248,0.004514672686230248,33.5,5.0
emblematica:E009403,2803,23,0.40669725543269336,0.014705882352941176,0.011506506481433434,0.0,0.0,0.0,5.0,3.0
emblematica:E009404,2803,452,0.4389746740788156,0.5,0.14536264828480894,0.0,0.0022123893805309734,0.0022123893805309734,5.0,5.0
emblematica:E009405,2803,358,0.40669725543269336,0.07692307692307693,0.11514037589534341,0.0,0.0,0.0,12.0,5.0
emblematica:E009406,2803,107,0.3333333333333333,0.008620689655172414,0.02822940177180177,0.0,0.0,0.0,7.0,4.0
emblematica:E009407,2803,39,0.3333333333333333,0.0196078431372549,0.016791933329725506,0.0,0.0,0.0,3.0,5.0
emblematica:E009408,2803,67,0.37574719213263447,0.1,0.024595123491908687,0.0,0.0,0.014925373134328358,11.0,4.5
emblematica:E009409,2803,39,0.3333333333333333,0.013513513513513514,0.01659488141338685,0.0,0.0,0.0,3.0,5.0
emblematica:E009410,2803,0,1.0,,,,,,1.0,2.0
emblematica:E009411,2803,402,0.3333333333333333,0.030303030303030304,0.1391257254152823,0.0,0.0,0.0,32.0,5.0
emblematica:E009412,2803,462,0.6385909742133993,1.0,0.18552136985130002,0.0021645021645021645,0.004329004329004329,0.008658008658008658,45.0,2.0
emblematica:E009413,2803,54,0.3333333333333333,0.034482758620689655,0.015702511951520576,0.0,0.0,0.0,7.5,5.0
emblematica:E009414,2803,46,0.3439367980331586,0.0196078431372549,0.014109101888287212,0.0,0.0,0.0,8.0,4.0
emblematica:E009415,2803,16,0.3333333333333333,0.011764705882352941,0.004999819286825502,0.0,0.0,0.0,1.0,4.0
emblematica:E009416,2803,65,0.3333333333333333,0.03571428571428571,0.0219069416296115,0.0,0.0,0.0,8.0,4.0
emblematica:E009417,2803,730,0.3333333333333333,0.018518518518518517,0.2272982617657809,0.0,0.0,0.0,2.0,3.0
emblematica:E009418,2803,112,0.3333333333333333,0.03333333333333333,0.0337912167657035,0.0,0.0,0.0,4.0,4.0
emblematica:E009419,2803,258,0.37962081462451813,0.125,0.10112560217286916,0.0,0.0,0.003875968992248062,6.0,2.0
emblematica:E009420,2803,255,0.17094741201866706,0.1,0.10443077846827316,0.0,0.0,0.00392156862745098,5.0,2.0
emblematica:E009421,2803,41,0.3201083386787091,0.02564102564102564,0.01657143771501028,0.0,0.0,0.0,2.0,4.0
emblematica:E009422,2803,79,0.3333333333333333,0.02127659574468085,0.026200130309595074,0.0,0.0,0.0,5.5,4.5
emblematica:E009423,2803,70,0.3333333333333333,0.02702702702702703,0.02366268755893146,0.0,0.0,0.0,11.0,4.0
emblematica:E009424,2803,89,0.3333333333333333,0.0196078431372549,0.033747387763833764,0.0,0.0,0.0,14.0,3.0
emblematica:E009425,2803,163,0.3775028156362593,0.05555555555555555,0.06168749394376421,0.0,0.0,0.0,12.0,4.0
emblematica:E009426,2803,282,0.3775028156362593,0.1111111111111111,0.08412060950385597,0.0,0.0,0.0035460992907801418,3.0,5.0
emblematica:E009427,2803,13,0.3333333333333333,0.0036101083032490976,0.0034705991552133495,0.0,0.0,0.0,1.0,4.0
emblematica:E009428,2803,47,0.3333333333333333,0.03571428571428571,0.020938817267556913,0.0,0.0,0.0,6.0,4.0
emblematica:E009429,2803,15,0.3900954117610806,0.2,0.0243414197459429,0.0,0.06666666666666667,0.06666666666666667,2.0,4.5
emblematica:E009430,2803,258,0.39652557624636714,0.25,0.10938009547757964,0.0,0.003875968992248062,0.003875968992248062,8.0,2.0
emblematica:E009431,2803,47,0.3333333333333333,0.03333333333333333,0.0132489186159287,0.0,0.0,0.0,3.0,3.0
emblematica:E009432,2803,183,0.3333333333333333,0.058823529411764705,0.06396835459319426,0.0,0.0,0.0,11.0,5.0
emblematica:E009433,2803,0,0.9008636626471189,,,,,,1.0,3.5
emblematica:E009434,2803,28,0.3333333333333333,0.02702702702702703,0.018313611255333814,0.0,0.0,0.0,4.5,3.5
emblematica:E009435,2803,174,0.3333333333333333,0.06666666666666667,0.06516926863795501,0.0,0.0,0.0,5.5,4.5
emblematica:E009436,2803,389,0.5336840646124053,0.2,0.1445826112856861,0.0,0.002570694087403599,0.010282776349614395,23.0,3.0
emblematica:E009437,2803,433,0.6129319999254654,1.0,0.17722975559314055,0.0023094688221709007,0.0023094688221709007,0.009237875288683603,10.0,3.0
emblematica:E009438,2803,9,0.3333333333333333,0.025,0.007557836679367293,0.0,0.0,0.0,3.0,5.0
emblematica:E009439,2803,18,0.3333333333333333,0.010752688172043012,0.011971101134935372,0.0,0.0,0.0,3.5,4.5
emblematica:E009440,2803,299,0.3333333333333333,0.09090909090909091,0.0942403290840344,0.0,0.0,0.0,8.0,4.0
emblematica:E009441,2803,131,0.3455606536832266,0.0125,0.04643420252408421,0.0,0.0,0.0,2.0,4.0
emblematica:E009442,2803,9,0.3333333333333333,0.01818181818181818,0.006890275290798877,0.0,0.0,0.0,3.5,4.0
emblematica:E009443,2803,33,0.3333333333333333,0.06666666666666667,0.012510470135140462,0.0,0.0,0.0,1.0,3.5
emblematica:E009444,2803,43,0.3333333333333333,0.013157894736842105,0.018734856035006218,0.0,0.0,0.0,3.0,4.0
emblematica:E009445,2803,203,0.3775028156362593,0.1111111111111111,0.07454397234900559,0.0,0.0,0.0049261083743842365,9.0,5.0
emblematica:E009446,2803,15,0.3333333333333333,0.0021231422505307855,0.003965326479645798,0.0,0.0,0.0,2.0,4.0
emblematica:E009447,2803,309,0.42203467342381923,0.125,0.09551802615400105,0.0,0.0,0.006472491909385114,1.0,6.0
emblematica:E009448,2803,38,0.3333333333333333,0.024390243902439025,0.020938062525700366,0.0,0.0,0.0,5.5,4.5
emblematica:E009449,2803,114,0.3333333333333333,0.041666666666666664,0.03919605238356624,0.0,0.0,0.0,7.0,3.0
emblematica:E009450,2803,50,0.3333333333333333,0.02702702702702703,0.019664496547027465,0.0,0.0,0.0,10.5,4.5
emblematica:E009451,2803,46,0.3333333333333333,0.016129032258064516,0.018872198535964523,0.0,0.0,0.0,7.5,3.0
emblematica:E009452,2803,74,0.3333333333333333,0.07142857142857142,0.02552302217189244,0.0,0.0,0.0,19.0,3.5
emblematica:E009453,2803,32,0.3333333333333333,0.010526315789473684,0.009906434245392007,0.0,0.0,0.0,8.0,3.0
emblematica:E009454,2803,59,0.3333333333333333,0.02857142857142857,0.015060910603296573,0.0,0.0,0.0,11.5,3.5
emblematica:E009455,2803,10,0.3333333333333333,0.025,0.005541685898560952,0.0,0.0,0.0,1.0,4.5
emblematica:E009456,2803,36,0.48006117753205335,1.0,0.03846662711461575,0.027777777777777776,0.027777777777777776,0.027777777777777776,3.5,3.0
emblematica:E009457,2803,314,0.38559884598578353,0.16666666666666666,0.12747493316316258,0.0,0.0,0.0031847133757961785,21.5,2.5
emblematica:E009458,2803,14,0.3333333333333333,0.010416666666666666,0.005041773349745089,0.0,0.0,0.0,3.0,5.0
emblematica:E009459,2803,15,0.3700152943830133,0.034482758620689655,0.014914637481418164,0.0,0.0,0.0,6.0,3.0
emblematica:E009460,2803,19,0.3333333333333333,0.07692307692307693,0.013599852352023522,0.0,0.0,0.0,3.0,5.0
emblematica:E009461,2803,34,0.48910053882873683,0.5,0.047837203802196936,0.0,0.058823529411764705,0.058823529411764705,9.5,3.5
emblematica:E009462,2803,64,0.3333333333333333,0.041666666666666664,0.02188816687849976,0.0,0.0,0.0,12.0,5.0
emblematica:E009463,2803,120,0.3333333333333333,0.041666666666666664,0.04191257267777203,0.0,0.0,0.0,15.0,5.0
emblematica:E009464,2803,153,0.3333333333333333,0.08333333333333333,0.055303220920417936,0.0,0.0,0.0,21.5,3.0
emblematica:E009465,2803,51,0.3333333333333333,0.009708737864077669,0.01570695398948315,0.0,0.0,0.0,5.0,5.0
emblematica:E009466,2803,28,0.3333333333333333,0.0038022813688212928,0.011254352939040415,0.0,0.0,0.0,11.0,3.0
emblematica:E009467,2803,95,0.3333333333333333,0.043478260869565216,0.03427133672220488,0.0,0.0,0.0,12.5,3.0
emblematica:E009468,2803,9,0.3333333333333333,0.016129032258064516,0.014545490785053575,0.0,0.0,0.0,1.0,5.0
emblematica:E009469,2803,55,0.29665137228365324,0.041666666666666664,0.018628248049809445,0.0,0.0,0.0,7.0,3.5
emblematica:E009470,2803,15,0.3333333333333333,0.010752688172043012,0.006715382843862688,0.0,0.0,0.0,4.0,6.0
emblematica:E009471,2803,34,0.30440365752634274,0.05,0.012652387863594565,0.0,0.0,0.0,4.0,5.0
emblematica:E009472,2803,65,0.3333333333333333,0.02631578947368421,0.026979980161253688,0.0,0.0,0.0,16.5,5.0
emblematica:E009473,2803,32,0.3333333333333333,0.03225806451612903,0.011192899937432967,0.0,0.0,0.0,4.0,3.0
emblematica:E009474,2803,294,0.575784920576864,0.25,0.11752717888245277,0.0,0.003401360544217687,0.003401360544217687,6.0,4.5
emblematica:E009475,2803,83,0.3333333333333333,0.03333333333333333,0.02398062301877929,0.0,0.0,0.0,10.0,3.0
emblematica:E009476,2803,509,0.4345081273853569,0.16666666666666666,0.17950053732801896,0.0,0.0,0.003929273084479371,9.0,4.0
emblematica:E009477,2803,33,0.3333333333333333,0.02127659574468085,0.012896943056983376,0.0,0.0,0.0,2.5,2.5
emblematica:E009478,2803,70,0.3333333333333333,0.034482758620689655,0.026962746952926154,0.0,0.0,0.0,2.5,5.0
emblematica:E009479,2803,42,0.3333333333333333,0.037037037037037035,0.02034859790777987,0.0,0.0,0.0,6.0,4.0
emblematica:E009480,2803,217,0.37962081462451813,0.125,0.09204196089732972,0.0,0.0,0.004608294930875576,1.5,4.5
emblematica:E009481,2803,263,0.3842058139899502,0.05263157894736842,0.09921507929675112,0.0,0.0,0.0,1.0,5.0
emblematica:E009482,2803,372,0.5266515767734745,0.3333333333333333,0.1363670557788837,0.0,0.008064516129032258,0.008064516129032258,73.0,3.0
emblematica:E009483,2803,8,0.35648241204244513,0.017543859649122806,0.008907172792469937,0.0,0.0,0.0,3.0,3.0
emblematica:E009484,2803,277,0.3333333333333333,0.05,0.10015263246341055,0.0,0.0,0.0,6.0,5.0
emblematica:E009485,2803,41,0.3333333333333333,0.05,0.021841204227789165,0.0,0.0,0.0,6.0,3.5
emblematica:E009486,2803,95,0.37962081462451813,0.125,0.02660083643125139,0.0,0.0,0.010526315789473684,1.0,4.0
emblematica:E009487,2803,90,0.37962081462451813,0.125,0.044779918167244956,0.0,0.0,0.011111111111111112,12.0,4.0
emblematica:E009488,2803,212,0.3905691937993718,0.1111111111111111,0.091635981965435,0.0,0.0,0.0047169811320754715,9.0,5.0
emblematica:E009489,2803,12,0.3333333333333333,0.03125,0.012507802158103508,0.0,0.0,0.0,3.0,3.5
emblematica:E009490,2803,112,0.37574719213263447,0.1,0.041463114452839026,0.0,0.0,0.008928571428571428,8.0,4.0
emblematica:E009491,2803,298,0.40669725543269336,0.3333333333333333,0.0871937277962031,0.0,0.003355704697986577,0.003355704697986577,45.5,4.0
emblematica:E009492,2803,225,0.6000154988728346,1.0,0.09240469864627392,0.0044444444444444444,0.008888888888888889,0.008888888888888889,6.0,3.5
emblematica:E009493,2803,54,0.32355147705341863,0.005780346820809248,0.015046148377895061,0.0,0.0,0.0,12.0,4.0
emblematica:E009494,2803,182,0.3333333333333333,0.08333333333333333,0.06238307449360652,0.0,0.0,0.0,3.0,4.0
emblematica:E009495,2803,245,0.4765257120235532,0.3333333333333333,0.0870451715825153,0.0,0.004081632653061225,0.004081632653061225,12.0,4.0
emblematica:E009496,2803,191,0.37962081462451813,0.125,0.05413722198232384,0.0,0.0,0.005235602094240838,6.0,5.0
emblematica:E009497,2803,61,0.3333333333333333,0.03225806451612903,0.020986845165897272,0.0,0.0,0.0,9.0,4.0
emblematica:E009498,2803,282,0.5289704589316268,1.0,0.11067152917398705,0.0035460992907801418,0.0035460992907801418,0.0070921985815602835,7.5,4.0
emblematica:E009499,2803,536,0.541366051481187,0.5,0.1967646154484329,0.0,0.0037313432835820895,0.005597014925373134,23.0,3.0
emblematica:E009500,2803,229,0.3333333333333333,0.09090909090909091,0.08966303280550365,0.0,0.0,0.0,13.0,5.0
emblematica:E009501,2803,63,0.3333333333333333,0.02857142857142857,0.025157110881079504,0.0,0.0,0.0,14.5,3.0
emblematica:E009502,2803,34,0.3333333333333333,0.005,0.009273295115141529,0.0,0.0,0.0,3.0,3.0
emblematica:E009503,2803,292,0.5400128295073583,1.0,0.11705371783014241,0.003424657534246575,0.003424657534246575,0.00684931506849315,4.0,4.0
emblematica:E009504,2803,305,0.42590829591570295,0.5,0.12239330093661806,0.0,0.003278688524590164,0.003278688524590164,2.0,3.0
emblematica:E009505,2803,63,0.3333333333333333,0.043478260869565216,0.027736095511463593,0.0,0.0,0.0,4.0,3.0
emblematica:E009506,2803,29,0.3333333333333333,0.0022371364653243847,0.007864734240413302,0.0,0.0,0.0,2.5,4.5
emblematica:E009507,2803,1018,0.39782616633567686,0.07142857142857142,0.3039647486192427,0.0,0.0,0.0,32.0,4.0
emblematica:E009508,2803,163,0.3333333333333333,0.06666666666666667,0.04063065073691468,0.0,0.0,0.0,2.5,4.0
emblematica:E009509,2803,336,0.470077778218629,0.1111111111111111,0.13198607835936702,0.0,0.0,0.002976190476190476,61.0,4.0
emblematica:E009510,2803,47,0.3333333333333333,0.010752688172043012,0.013684824811088049,0.0,0.0,0.0,11.5,3.5
emblematica:E009511,2803,397,0.49066464223187867,1.0,0.14109474161810873,0.0025188916876574307,0.0025188916876574307,0.0025188916876574307,19.0,4.0
emblematica:E009512,2803,46,0.3333333333333333,0.04,0.03366684794483171,0.0,0.0,0.0,10.0,4.0
emblematica:E009513,2803,302,0.38224261473290666,0.05263157894736842,0.11265299071022211,0.0,0.0,0.0,13.0,4.0
emblematica:E009514,2803,335,0.3775028156362593,0.1111111111111111,0.12332034547825166,0.0,0.0,0.0029850746268656717,26.0,4.5
emblematica:E009515,2803,31,0.37574719213263447,0.1,0.018502889983011982,0.0,0.0,0.03225806451612903,3.0,4.5
emblematica:E009516,2803,259,0.42590829591570295,0.5,0.10737854041425349,0.0,0.003861003861003861,0.003861003861003861,2.0,2.5
emblematica:E009517,2803,255,0.3333333333333333,0.08333333333333333,0.09494899961271273,0.0,0.0,0.0,1.0,4.0
emblematica:E009518,2803,76,0.3700152943830133,0.038461538461538464,0.02637106243377745,0.0,0.0,0.0,8.0,4.0
emblematica:E009519,2803,56,0.3443757039090648,0.0196078431372549,0.017850654034471884,0.0,0.0,0.0,5.5,4.0
emblematica:E009520,2803,108,0.4031617899241932,0.2,0.039280350601659304,0.0,0.009259259259259259,0.009259259259259259,1.0,3.0
emblematica:E009521,2803,419,0.46345933386044064,0.2,0.1617388707879029,0.0,0.002386634844868735,0.002386634844868735,49.5,3.5
emblematica:E009522,2803,314,0.436228343855004,0.14285714285714285,0.1285383316144908,0.0,0.0,0.006369426751592357,6.0,2.5
emblematica:E009523,2803,115,0.3333333333333333,0.0125,0.02664127214932284,0.0,0.0,0.0,7.0,4.5
emblematica:E009524,2803,290,0.37962081462451813,0.125,0.09274143346179864,0.0,0.0,0.0034482758620689655,2.0,5.0
emblematica:E009525,2803,63,0.48006117753205335,0.021739130434782608,0.02269889405809435,0.0,0.0,0.0,14.0,3.0
emblematica:E009526,2803,197,0.3333333333333333,0.038461538461538464,0.05340557891402443,0.0,0.0,0.0,2.0,4.5
emblematica:E009527,2803,141,0.35647707397892575,0.011764705882352941,0.032077544668130405,0.0,0.0,0.0,16.5,6.0
emblematica:E009528,2803,266,0.3333333333333333,0.05,0.09957698856795645,0.0,0.0,0.0,9.0,3.0
emblematica:E009529,2803,52,0.3333333333333333,0.011764705882352941,0.0140938476067264,0.0,0.0,0.0,1.0,5.0
emblematica:E009530,2803,67,0.42590829591570295,0.5,0.02776916511198867,0.0,0.014925373134328358,0.014925373134328358,2.0,3.0
emblematica:E009531,2803,106,0.3333333333333333,0.05555555555555555,0.052292113719161364,0.0,0.0,0.0,25.5,4.0
emblematica:E009532,2803,292,0.40669725543269336,0.045454545454545456,0.09685234977756504,0.0,0.0,0.0,34.0,4.0
emblematica:E009533,2803,67,0.40058359525774667,0.08333333333333333,0.04961562551579876,0.0,0.0,0.0,17.5,4.5
emblematica:E009534,2803,375,0.5560342964428103,0.5,0.15059973055122092,0.0,0.008,0.008,26.0,3.0
emblematica:E009535,2803,230,0.3775028156362593,0.1111111111111111,0.07662919371026855,0.0,0.0,0.004347826086956522,8.0,4.5
emblematica:E009536,2803,428,0.5101262804860704,0.25,0.14610503045397388,0.0,0.002336448598130841,0.007009345794392523,9.0,4.0
emblematica:E009537,2803,225,0.5263486588232382,1.0,0.07162089805891621,0.0044444444444444444,0.0044444444444444444,0.008888888888888889,10.5,3.0
emblematica:E009538,2803,119,0.40669725543269336,0.3333333333333333,0.04810430029461688,0.0,0.008403361344537815,0.008403361344537815,6.0,3.0
emblematica:E009539,2803,307,0.5289704589316268,1.0,0.12281384779114758,0.003257328990228013,0.003257328990228013,0.006514657980456026,34.0,2.0
emblematica:E009540,2803,406,0.5254349934231266,0.2,0.12669475060122792,0.0,0.0024630541871921183,0.0049261083743842365,8.0,4.0
emblematica:E009541,2803,10,0.3333333333333333,0.006024096385542169,0.004652978470288797,0.0,0.0,0.0,3.0,4.0
emblematica:E009542,2803,426,0.5328178880076417,0.2,0.14195989287263172,0.0,0.002347417840375587,0.007042253521126761,5.5,4.0
emblematica:E009543,2803,252,0.40669725543269336,0.0625,0.09078950984921298,0.0,0.0,0.0,12.0,5.0
emblematica:E009544,2803,383,0.5380098202283102,0.5,0.12493024279892771,0.0,0.0026109660574412533,0.005221932114882507,31.0,4.0
emblematica:E009545,2803,61,0.3333333333333333,0.0196078431372549,0.018383868928779135,0.0,0.0,0.0,13.0,5.0
emblematica:E009546,2803,143,0.5323266901845036,1.0,0.0625872862490534,0.006993006993006993,0.006993006993006993,0.013986013986013986,16.0,3.0
emblematica:E009547,2803,68,0.3333333333333333,0.015384615384615385,0.025572180142729616,0.0,0.0,0.0,10.5,4.0
emblematica:E009548,2803,105,0.46345933386044064,0.3333333333333333,0.0456417395797632,0.0,0.01904761904761905,0.01904761904761905,16.0,4.0
emblematica:E009549,2803,306,0.49066464223187867,1.0,0.1335255902535207,0.0032679738562091504,0.0032679738562091504,0.0032679738562091504,21.0,2.0
emblematica:E009550,2803,44,0.3333333333333333,0.010309278350515464,0.011139789706243105,0.0,0.0,0.0,1.0,2.5
emblematica:E009551,2803,22,0.42590829591570295,0.5,0.033010094323039085,0.0,0.045454545454545456,0.045454545454545456,2.0,3.0
emblematica:E009552,2803,208,0.3333333333333333,0.027777777777777776,0.0725844778017639,0.0,0.0,0.0,6.0,4.0
emblematica:E009553,2803,316,0.401396906714042,0.16666666666666666,0.13818091587369952,0.0,0.0,0.0031645569620253164,26.0,3.5
emblematica:E009554,2803,48,0.3333333333333333,0.01818181818181818,0.020764002308612653,0.0,0.0,0.0,8.0,4.0
emblematica:E009555,2803,51,0.3475238529402701,0.047619047619047616,0.0460020661979879,0.0,0.0,0.0,3.0,5.0
emblematica:E009556,2803,254,0.3333333333333333,0.027777777777777776,0.05928269511347863,0.0,0.0,0.0,14.0,5.5
emblematica:E009557,2803,26,0.3068833440240848,0.008928571428571428,0.00877896819148413,0.0,0.0,0.0,2.0,4.0
emblematica:E009558,2803,80,0.35647707397892575,0.07142857142857142,0.03148383710348665,0.0,0.0,0.0,5.5,3.5
emblematica:E009559,2803,112,0.3333333333333333,0.041666666666666664,0.028152661768527966,0.0,0.0,0.0,2.0,4.0
emblematica:E009560,2803,67,0.35647707397892575,0.06666666666666667,0.050840383042729705,0.0,0.0,0.0,17.0,4.0
emblematica:E009561,2803,14,0.3333333333333333,0.017241379310344827,0.009719376351562326,0.0,0.0,0.0,5.0,4.0
emblematica:E009562,2803,12,0.3333333333333333,0.0078125,0.006078295229674614,0.0,0.0,0.0,3.0,3.5
emblematica:E009563,2803,32,0.3597511732901635,0.14285714285714285,0.05669507256362805,0.0,0.0,0.03125,3.0,3.0
emblematica:E009564,2803,45,0.3333333333333333,0.045454545454545456,0.04033380897807815,0.0,0.0,0.0,4.5,4.5
emblematica:E009565,2803,94,0.45292237889918646,0.25,0.06633541728884536,0.0,0.010638297872340425,0.02127659574468085,7.0,4.0
emblematica:E009566,2803,310,0.48317417546358,0.1111111111111111,0.11475512380213648,0.0,0.0,0.0032258064516129032,6.0,5.0
emblematica:E009567,2803,162,0.3333333333333333,0.08333333333333333,0.04244639488518578,0.0,0.0,0.0,1.0,4.0
emblematica:E009568,2803,851,0.38559884598578353,0.16666666666666666,0.2574992999457137,0.0,0.0,0.0011750881316098707,3.0,4.5
emblematica:E009569,2803,193,0.37962081462451813,0.125,0.08991462416290828,0.0,0.0,0.0051813471502590676,11.0,6.0
emblematica:E009570,2803,79,0.3333333333333333,0.030303030303030304,0.021813896240385357,0.0,0.0,0.0,3.0,4.5
emblematica:E009571,2803,95,0.36954345214203826,0.06666666666666667,0.05646490383856867,0.0,0.0,0.0,3.0,6.0
emblematica:E009572,2803,17,0.3775028156362593,0.003215434083601286,0.0035493304236840946,0.0,0.0,0.0,1.0,3.0
emblematica:E009573,2803,53,0.3333333333333333,0.012195121951219513,0.01740822607704707,0.0,0.0,0.0,6.5,3.0
emblematica:E009574,2803,155,0.3491313940615917,0.038461538461538464,0.05080880871810422,0.0,0.0,0.0,2.0,4.0
emblematica:E009575,2803,0,0.694355946562825,,,,,,1.0,4.0
emblematica:E009576,2803,74,0.3333333333333333,0.05,0.02768968979192563,0.0,0.0,0.0,4.0,4.0
emblematica:E009577,2803,253,0.6166173425444472,1.0,0.10345231247340796,0.003952569169960474,0.011857707509881422,0.011857707509881422,1.0,3.5
emblematica:E009578,2803,75,0.3900954117610806,0.2,0.02365100937433841,0.0,0.013333333333333334,0.013333333333333334,5.0,3.0
emblematica:E009579,2803,190,0.3900954117610806,0.2,0.07330048124810151,0.0,0.005263157894736842,0.005263157894736842,7.0,4.0
emblematica:E009580,2803,267,0.3775028156362593,0.1111111111111111,0.10420415583006337,0.0,0.0,0.003745318352059925,1.0,3.0
emblematica:E009581,2803,216,0.38224261473290666,0.14285714285714285,0.08855395512967833,0.0,0.0,0.004629629629629629,2.0,4.0
emblematica:E009582,2803,22,0.3333333333333333,0.038461538461538464,0.009690405901462591,0.0,0.0,0.0,1.0,4.5
emblematica:E009583,2803,201,0.3900954117610806,0.2,0.09046613076425589,0.0,0.004975124378109453,0.004975124378109453,11.0,4.0
emblematica:E009584,2803,78,0.3900954117610806,0.2,0.03264450442182213,0.0,0.01282051282051282,0.01282051282051282,19.0,4.0
emblematica:E009585,2803,177,0.42590829591570295,0.5,0.06848975149310116,0.0,0.005649717514124294,0.005649717514124294,5.0,4.0
emblematica:E009586,2803,209,0.3333333333333333,0.02857142857142857,0.05590684070630258,0.0,0.0,0.0,9.0,3.0
emblematica:E009587,2803,168,0.3443757039090648,0.05,0.06272730922609114,0.0,0.0,0.0,4.0,4.0
emblematica:E009588,2803,271,0.5839814286403908,0.3333333333333333,0.11583056409996396,0.0,0.007380073800738007,0.007380073800738007,5.0,3.5
emblematica:E009589,2803,189,0.3900954117610806,0.2,0.08289942709661505,0.0,0.005291005291005291,0.005291005291005291,2.5,4.5
emblematica:E009590,2803,245,0.3333333333333333,0.09090909090909091,0.0919074556136775,0.0,0.0,0.0,9.5,5.0
emblematica:E009591,2803,288,0.37574719213263447,0.07142857142857142,0.08646547697570633,0.0,0.0,0.0,4.5,4.5
emblematica:E009592,2803,318,0.45086673773561936,0.3333333333333333,0.11998924420501164,0.0,0.0031446540880503146,0.006289308176100629,14.0,5.5
emblematica:E009593,2803,316,0.5368232559598007,1.0,0.12521302493853864,0.0031645569620253164,0.006329113924050633,0.006329113924050633,28.0,4.0
emblematica:E009594,2803,87,0.3333333333333333,0.05263157894736842,0.032311421337844974,0.0,0.0,0.0,14.0,4.0
emblematica:E009595,2803,104,0.38224261473290666,0.14285714285714285,0.0278871240868481,0.0,0.0,0.009615384615384616,9.0,5.0
emblematica:E009596,2803,32,0.3333333333333333,0.006666666666666667,0.008768542678147306,0.0,0.0,0.0,3.0,4.0
emblematica:E009597,2803,332,0.4638911193739398,0.25,0.11094147329110547,0.0,0.006024096385542169,0.006024096385542169,1.0,5.0
emblematica:E009598,2803,16,0.3333333333333333,0.0136986301369863,0.014161196795967078,0.0,0.0,0.0,2.5,3.5
emblematica:E009599,2803,183,0.34490520365612953,0.045454545454545456,0.08218133888240337,0.0,0.0,0.0,2.0,6.0
emblematica:E009600,2803,38,0.3333333333333333,0.030303030303030304,0.01617752280137259,0.0,0.0,0.0,5.0,3.0
emblematica:E009601,2803,30,0.3491313940615917,0.02127659574468085,0.05199801488092559,0.0,0.0,0.0,3.0,5.0
emblematica:E009602,2803,23,0.3333333333333333,0.011363636363636364,0.009168439025376701,0.0,0.0,0.0,5.0,4.0
emblematica:E009603,2803,312,0.470077778218629,0.5,0.09933058384053203,0.0,0.003205128205128205,0.00641025641025641,4.0,4.5
emblematica:E009604,2803,15,0.3333333333333333,0.007692307692307693,0.005759681197629045,0.0,0.0,0.0,1.0,4.0
emblematica:E009605,2803,180,0.3900954117610806,0.2,0.04707812406432334,0.0,0.005555555555555556,0.005555555555555556,7.0,3.0
emblematica:E009606,2803,0,1.0,,,,,,1.0,2.0
emblematica:E009607,2803,64,0.3333333333333333,0.05,0.024777323100364856,0.0,0.0,0.0,17.0,4.0
emblematica:E009608,2803,31,0.41976363359580593,0.3333333333333333,0.058580244623019515,0.0,0.03225806451612903,0.03225806451612903,4.0,5.0
emblematica:E009609,2803,82,0.38559884598578353,0.019230769230769232,0.02764909269131286,0.0,0.0,0.0,6.0,5.0
emblematica:E009610,2803,11,0.29665137228365324,0.003816793893129771,0.008756601232178803,0.0,0.0,0.0,3.5,5.0
emblematica:E009611,2803,743,0.5368232559598007,1.0,0.2339681267165289,0.0013458950201884253,0.0026917900403768506,0.0026917900403768506,11.5,3.0
emblematica:E009612,2803,253,0.5189870596182024,0.5,0.10713944560860836,0.0,0.003952569169960474,0.011857707509881422,1.0,2.5
emblematica:E009613,2803,10,0.3700152943830133,0.0024390243902439024,0.0027200953160952694,0.0,0.0,0.0,1.5,5.0
emblematica:E009614,2803,54,0.3491313940615917,0.016129032258064516,0.016033016588496513,0.0,0.0,0.0,3.0,5.0
emblematica:E009615,2803,70,0.40098008231530274,0.1,0.05415441450494073,0.0,0.0,0.014285714285714285,7.0,6.0
emblematica:E009616,2803,282,0.4698894983457272,0.3333333333333333,0.12518712357406497,0.0,0.0070921985815602835,0.0070921985815602835,4.5,3.5
emblematica:E009617,2803,85,0.3333333333333333,0.025,0.047618491008810895,0.0,0.0,0.0,9.0,5.0
emblematica:E009618,2803,331,0.4871669363599738,0.14285714285714285,0.12780190284626564,0.0,0.0,0.00906344410876133,16.0,4.0
emblematica:E009619,2803,111,0.3775028156362593,0.1111111111111111,0.027569943194334114,0.0,0.0,0.009009009009009009,4.0,3.0
emblematica:E009620,2803,227,0.3333333333333333,0.04,0.09940983145820291,0.0,0.0,0.0,23.0,5.0
emblematica:E009621,2803,72,0.3443757039090648,0.06666666666666667,0.04257769838190307,0.0,0.0,0.0,14.0,6.0
emblematica:E009622,2803,475,0.6639592803132977,0.5,0.1856055384681523,0.0,0.002105263157894737,0.00631578947368421,29.0,3.0
emblematica:E009623,2803,58,0.3333333333333333,0.00641025641025641,0.016723095924865303,0.0,0.0,0.0,9.0,3.5
emblematica:E009624,2803,14,0.3333333333333333,0.03225806451612903,0.013945064570282372,0.0,0.0,0.0,4.5,3.5
emblematica:E009625,2803,187,0.3333333333333333,0.09090909090909091,0.084097212456488,0.0,0.0,0.0,2.0,5.0
emblematica:E009626,2803,29,0.3333333333333333,0.006211180124223602,0.008249679697656703,0.0,0.0,0.0,4.0,3.5
emblematica:E009627,2803,85,0.42590829591570295,0.0625,0.02846515339178448,0.0,0.0,0.0,5.0,3.5
emblematica:E009628,2803,189,0.40669725543269336,0.3333333333333333,0.08565709977213556,0.0,0.005291005291005291,0.005291005291005291,4.0,5.5
emblematica:E009629,2803,51,0.3333333333333333,0.022222222222222223,0.014043616263636625,0.0,0.0,0.0,1.0,4.0
emblematica:E009630,2803,66,0.3333333333333333,0.008130081300813009,0.020818626104115195,0.0,0.0,0.0,7.0,3.0
emblematica:E009631,2803,70,0.3842058139899502,0.038461538461538464,0.04636143428761371,0.0,0.0,0.0,14.5,4.0
emblematica:E009632,2803,40,0.31840032971834753,0.014705882352941176,0.015990194110796482,0.0,0.0,0.0,4.5,3.0
emblematica:E009633,2803,51,0.3333333333333333,0.023255813953488372,0.021592552581127918,0.0,0.0,0.0,4.5,3.0
emblematica:E009634,2803,197,0.3333333333333333,0.037037037037037035,0.05462582269743856,0.0,0.0,0.0,8.5,5.0
emblematica:E009635,2803,3,0.40430220188639443,0.0009380863039399625,0.0010633759434592125,0.0,0.0,0.0,1.0,4.0
emblematica:E009636,2803,41,0.38224261473290666,0.01694915254237288,0.012950234875944811,0.0,0.0,0.0,5.0,4.5
emblematica:E009637,2803,290,0.575683879930964,0.5,0.11634326494986706,0.0,0.0034482758620689655,0.006896551724137931,3.0,5.0
emblematica:E009638,2803,228,0.5348341245348047,1.0,0.10241133404155617,0.0043859649122807015,0.0043859649122807015,0.008771929824561403,17.0,4.0
emblematica:E009639,2803,257,0.3333333333333333,0.043478260869565216,0.1002465624057119,0.0,0.0,0.0,26.0,3.0
emblematica:E009640,2803,7,0.3333333333333333,0.00303951367781155,0.002604695560410347,0.0,0.0,0.0,1.0,5.0
emblematica:E009641,2803,192,0.47406279856026595,0.3333333333333333,0.0930377340168747,0.0,0.005208333333333333,0.005208333333333333,5.5,3.0
emblematica:E009642,2803,25,0.3333333333333333,0.02127659574468085,0.014293903146899864,0.0,0.0,0.0,1.0,5.0
emblematica:E009643,2803,184,0.48006117753205335,1.0,0.08788841222296707,0.005434782608695652,0.005434782608695652,0.005434782608695652,2.0,5.0
emblematica:E009644,2803,186,0.49127020581310415,0.2,0.08983889057149635,0.0,0.005376344086021506,0.016129032258064516,3.0,5.5
emblematica:E009645,2803,16,0.3333333333333333,0.024390243902439025,0.00786011448947525,0.0,0.0,0.0,2.0,3.0
emblematica:E009646,2803,247,0.3748180545037657,0.05,0.09694317763963715,0.0,0.0,0.0,2.0,4.0
emblematica:E009647,2803,262,0.3333333333333333,0.06666666666666667,0.0988727703892063,0.0,0.0,0.0,21.0,3.0
emblematica:E009648,2803,15,0.3333333333333333,0.02,0.005975862727313236,0.0,0.0,0.0,3.0,4.0
emblematica:E009649,2803,25,0.3333333333333333,0.08333333333333333,0.020713405384511357,0.0,0.0,0.0,4.0,3.0
emblematica:E009650,2803,164,0.3333333333333333,0.0625,0.04196664773010309,0.0,0.0,0.0,5.0,4.5
emblematica:E009651,2803,0,1.0,,,,,,1.0,2.0
emblematica:E009652,2803,24,0.3333333333333333,0.014705882352941176,0.015358226369951822,0.0,0.0,0.0,3.0,5.0
emblematica:E009653,2803,31,0.3333333333333333,0.02702702702702703,0.009314718135324562,0.0,0.0,0.0,4.0,3.0
emblematica:E009654,2803,197,0.3439367980331586,0.05263157894736842,0.0843245303562166,0.0,0.0,0.0,6.5,4.0
emblematica:E009655,2803,65,0.3333333333333333,0.058823529411764705,0.020041464852794386,0.0,0.0,0.0,14.0,5.0
emblematica:E009656,2803,295,0.5193523353931304,0.5,0.10645883361635318,0.0,0.006779661016949152,0.006779661016949152,27.0,6.0
emblematica:E009657,2803,112,0.3333333333333333,0.06666666666666667,0.03816066700572377,0.0,0.0,0.0,16.0,3.0
emblematica:E009658,2803,24,0.3333333333333333,0.0035087719298245615,0.007982920145185585,0.0,0.0,0.0,3.0,5.0
emblematica:E009659,2803,208,0.5997125809225983,1.0,0.09856637170360559,0.004807692307692308,0.009615384615384616,0.014423076923076924,4.0,4.0
emblematica:E009660,2803,101,0.3775028156362593,0.1111111111111111,0.046591901031941635,0.0,0.0,0.009900990099009901,23.0,3.5
emblematica:E009661,2803,202,0.3700152943830133,0.07692307692307693,0.09343283703912714,0.0,0.0,0.0,10.5,3.5
emblematica:E009662,2803,22,0.3333333333333333,0.009009009009009009,0.006759193301493762,0.0,0.0,0.0,1.5,5.0
emblematica:E009663,2803,201,0.3333333333333333,0.01818181818181818,0.0913110892558488,0.0,0.0,0.0,11.5,5.0
emblematica:E010543,2803,799,0.7433012337739231,1.0,0.7403130086610812,0.0012515644555694619,0.0025031289111389237,0.007509386733416771,14.0,3.0
emblematica:E010544,2803,791,0.7240152321692301,0.25,0.7694135828104584,0.0,0.0025284450063211127,0.008849557522123894,11.0,4.0
emblematica:E010545,2803,773,1.0,1.0,0.7496244202229161,0.00129366106080207,0.00646830530401035,0.0129366106080207,12.0,3.0
emblematica:E010546,2803,739,0.9368077570869661,1.0,0.7663485882736767,0.0013531799729364006,0.005412719891745603,0.012178619756427604,12.0,3.0
emblematica:E010547,2803,866,1.0,1.0,0.7615148927120325,0.0011547344110854503,0.005773672055427252,0.011547344110854504,24.0,4.5
emblematica:E010548,2803,740,1.0,1.0,0.7658829718135485,0.0013513513513513514,0.006756756756756757,0.013513513513513514,5.0,4.0
emblematica:E010549,2803,747,0.9432379215722525,1.0,0.7474453315047608,0.0013386880856760374,0.00535475234270415,0.012048192771084338,10.0,3.0
emblematica:E010550,2803,1026,0.8403727621315898,1.0,0.7153625890835397,0.0009746588693957114,0.003898635477582846,0.00682261208576998,17.5,4.5
emblematica:E010551,2803,736,0.7799082337019198,0.5,0.814839349966853,0.0,0.004076086956521739,0.010869565217391304,4.0,3.0
emblematica:E010552,2803,827,0.9510907186004266,1.0,0.7468427545467963,0.0012091898428053204,0.006045949214026602,0.010882708585247884,14.0,3.0
emblematica:E010553,2803,740,0.863443834987606,1.0,0.7576125132136997,0.0013513513513513514,0.004054054054054054,0.010810810810810811,3.5,4.0
emblematica:E010554,2803,761,0.9510907186004266,1.0,0.7658152796397479,0.001314060446780552,0.006570302233902759,0.011826544021024968,5.0,4.0
emblematica:E010555,2803,590,0.5752579402228116,1.0,0.23281904324698907,0.001694915254237288,0.001694915254237288,0.005084745762711864,15.0,4.0
emblematica:E010556,2803,725,0.8585157560180569,1.0,0.7906814286421162,0.001379310344827586,0.005517241379310344,0.011034482758620689,2.0,4.0
emblematica:E010557,2803,830,0.8611375561264454,1.0,0.74132415902028,0.0012048192771084338,0.004819277108433735,0.00963855421686747,15.0,5.0
emblematica:E010558,2803,950,0.9558305176970738,1.0,0.706872677664843,0.0010526315789473684,0.005263157894736842,0.009473684210526316,17.0,3.5
emblematica:E010559,2803,762,0.838254763143331,1.0,0.7774457051602843,0.0013123359580052493,0.005249343832020997,0.009186351706036745,8.0,3.0
emblematica:E010560,2803,99,0.35647707397892575,0.047619047619047616,0.051608378511907485,0.0,0.0,0.0,7.5,3.0
emblematica:E010561,2803,55,0.3900954117610806,0.2,0.03805402112288812,0.0,0.01818181818181818,0.01818181818181818,1.0,4.0
emblematica:E010562,2803,499,0.42976832828870953,0.1111111111111111,0.22032316669845894,0.0,0.0,0.002004008016032064,47.0,4.0
emblematica:E010563,2803,814,0.6464912600369211,0.5,0.7330467238106771,0.0,0.0036855036855036856,0.006142506142506142,31.0,3.0
emblematica:E010564,2803,1033,0.8108582970019786,0.5,0.7027275057707063,0.0,0.003872216844143272,0.007744433688286544,32.0,3.0
emblematica:E010565,2803,1043,1.0,1.0,0.7042078759529178,0.0009587727708533077,0.004793863854266539,0.009587727708533078,3.0,4.0
emblematica:E010566,2803,855,0.9558305176970738,1.0,0.758909725950551,0.0011695906432748538,0.005847953216374269,0.010526315789473684,31.0,4.0
emblematica:E010567,2803,723,1.0,1.0,0.7683311586819784,0.0013831258644536654,0.006915629322268326,0.013831258644536652,4.0,3.5
emblematica:E010568,2803,13,0.3333333333333333,0.003875968992248062,0.007391919253378847,0.0,0.0,0.0,1.5,3.0
emblematica:E010569,2803,397,0.4685785982915329,0.25,0.16293579502793964,0.0,0.0025188916876574307,0.005037783375314861,12.0,3.5
emblematica:E010570,2803,272,0.37962081462451813,0.125,0.2078110271146801,0.0,0.0,0.003676470588235294,5.0,4.0
emblematica:E010571,2803,722,0.9014470060563649,1.0,0.7919091432299665,0.0013850415512465374,0.006925207756232687,0.0110803324099723,9.0,3.0
emblematica:E010572,2803,156,0.4911035481077849,1.0,0.05499070343592448,0.00641025641025641,0.00641025641025641,0.00641025641025641,4.5,4.0
emblematica:E010573,2803,754,0.8532721558012798,0.5,0.7834390325391264,0.0,0.005305039787798408,0.011936339522546418,7.0,4.0
emblematica:E010574,2803,167,0.45463228540394907,0.1111111111111111,0.17633881469784907,0.0,0.0,0.011976047904191617,2.5,3.5
emblematica:E010575,2803,168,0.7974415120932818,1.0,0.21431099813109644,0.005952380952380952,0.023809523809523808,0.03571428571428571,1.0,4.0
emblematica:E010576,2803,872,0.8532721558012798,0.5,0.8939269031256016,0.0,0.0045871559633027525,0.010321100917431193,6.0,3.5
emblematica:E010577,2803,169,0.3333333333333333,0.029411764705882353,0.15651368730967974,0.0,0.0,0.0,3.0,4.0
emblematica:E010578,2803,731,0.8545365814817666,1.0,0.7636667109575337,0.0013679890560875513,0.005471956224350205,0.009575923392612859,2.0,3.0
emblematica:E010579,2803,471,0.5500426749626679,0.3333333333333333,0.2110878514529635,0.0,0.004246284501061571,0.008492569002123142,3.5,3.5
emblematica:E010580,2803,734,0.76069719321891,0.3333333333333333,0.7889388137783327,0.0,0.004087193460490463,0.010899182561307902,1.0,3.0
emblematica:E010581,2803,39,0.39652557624636714,0.017543859649122806,0.014096109590198242,0.0,0.0,0.0,3.0,3.5
emblematica:E010582,2803,180,0.34490520365612953,0.0625,0.15736572668905732,0.0,0.0,0.0,5.5,3.0
emblematica:E010583,2803,749,0.8442327945045964,1.0,0.7779673918304224,0.0013351134846461949,0.004005340453938585,0.010680907877169559,2.5,4.0
emblematica:E010584,2803,831,0.8969504402810676,1.0,0.7500324582727574,0.0012033694344163659,0.0048134777376654635,0.009626955475330927,7.0,4.0
emblematica:E010585,2803,960,0.8943286401726791,1.0,0.7293479440813659,0.0010416666666666667,0.004166666666666667,0.008333333333333333,35.0,3.5
emblematica:E010586,2803,971,0.9069212362975004,1.0,0.7163289858055362,0.0010298661174047373,0.005149330587023687,0.008238928939237899,16.0,4.0
emblematica:E010587,2803,762,0.9537125187088151,1.0,0.7571169176380174,0.0013123359580052493,0.006561679790026247,0.011811023622047244,5.0,3.5
emblematica:E010588,2803,230,0.4433792164823734,0.3333333333333333,0.19823345810999907,0.0,0.004347826086956522,0.004347826086956522,5.0,4.0
emblematica:E010589,2803,141,0.3333333333333333,0.022727272727272728,0.042968926586883734,0.0,0.0,0.0,3.5,4.5
emblematica:E010590,2803,157,0.38224261473290666,0.14285714285714285,0.17299844614075127,0.0,0.0,0.006369426751592357,2.0,3.5
emblematica:E010591,2803,875,0.9575861412006987,1.0,0.889029650457532,0.001142857142857143,0.005714285714285714,0.010285714285714285,3.0,4.0
emblematica:E010592,2803,732,0.9074250374176303,1.0,0.7902510462943699,0.001366120218579235,0.00546448087431694,0.012295081967213115,5.5,3.5
emblematica:E010593,2803,180,0.3333333333333333,0.08333333333333333,0.18100892936174795,0.0,0.0,0.0,3.0,3.5
emblematica:E010594,2803,949,0.9558305176970738,1.0,0.7278341984732051,0.001053740779768177,0.005268703898840885,0.009483667017913594,6.0,4.0
emblematica:E010595,2803,1106,0.8400527367984127,1.0,0.6964263816087989,0.0009041591320072332,0.003616636528028933,0.006329113924050633,12.0,4.0
emblematica:E010596,2803,69,0.3900954117610806,0.2,0.055861638739890924,0.0,0.014492753623188406,0.014492753623188406,5.5,4.0
emblematica:E010597,2803,734,0.76069719321891,0.3333333333333333,0.7573196062030426,0.0,0.004087193460490463,0.010899182561307902,6.0,3.0
emblematica:E010598,2803,756,0.8824665955977139,1.0,0.7599327082055775,0.0013227513227513227,0.005291005291005291,0.010582010582010581,19.0,3.0
emblematica:E010599,2803,888,1.0,1.0,0.8885259730888788,0.0011261261261261261,0.00563063063063063,0.01126126126126126,1.5,3.5
emblematica:E010600,2803,1108,1.0,1.0,0.804699697608426,0.0009025270758122744,0.004512635379061372,0.009025270758122744,21.5,3.5
emblematica:E010601,2803,786,0.8477509846293252,1.0,0.7328440554196786,0.001272264631043257,0.005089058524173028,0.008905852417302799,15.0,3.0
emblematica:E010602,2803,874,1.0,1.0,0.8933390028261633,0.0011441647597254005,0.005720823798627002,0.011441647597254004,3.5,3.5
emblematica:E010603,2803,302,0.44248979197679367,0.16666666666666666,0.2055923693776336,0.0,0.0,0.006622516556291391,8.0,3.5
emblematica:E010604,2803,224,0.3954188753527766,0.125,0.21322926773677708,0.0,0.0,0.004464285714285714,1.5,3.5
emblematica:E010605,2803,735,0.7409823516157708,1.0,0.7852946734371898,0.0013605442176870747,0.004081632653061225,0.00816326530612245,2.0,3.0
emblematica:E010606,2803,213,0.5844380925970488,0.5,0.17079596790575832,0.0,0.009389671361502348,0.018779342723004695,2.0,4.0
emblematica:E010607,2803,725,0.81927435268468,1.0,0.7613687452870379,0.001379310344827586,0.004137931034482759,0.009655172413793104,2.5,4.0
emblematica:E010608,2803,229,0.6748945201869926,1.0,0.20363004040203483,0.004366812227074236,0.013100436681222707,0.017467248908296942,6.0,3.0
emblematica:E010609,2803,200,0.6000154988728346,1.0,0.20493592272612188,0.005,0.015,0.015,1.0,5.0
emblematica:E010610,2803,216,0.6922875435049679,1.0,0.20241752209041491,0.004629629629629629,0.013888888888888888,0.018518518518518517,2.0,4.0
emblematica:E010611,2803,221,0.42203467342381923,0.125,0.16417275564112976,0.0,0.0,0.00904977375565611,10.5,3.5
emblematica:E010612,2803,740,1.0,1.0,0.7749645240582692,0.0013513513513513514,0.006756756756756757,0.013513513513513514,6.0,4.0
emblematica:E010613,2803,1224,1.0,1.0,0.7027153887875881,0.0008169934640522876,0.004084967320261438,0.008169934640522876,23.5,3.5
emblematica:E010614,2803,734,1.0,1.0,0.7773985414641865,0.0013623978201634877,0.006811989100817439,0.013623978201634877,6.0,4.0
emblematica:E010615,2803,784,0.9477344873475497,1.0,0.765386265411623,0.0012755102040816326,0.006377551020408163,0.011479591836734694,3.0,3.0
emblematica:E010616,2803,756,0.8623893785099406,1.0,0.7538343610081224,0.0013227513227513227,0.006613756613756613,0.009259259259259259,13.0,3.0
emblematica:E010617,2803,782,0.9477344873475497,1.0,0.7633799200834981,0.0012787723785166241,0.00639386189258312,0.011508951406649617,19.0,4.0
emblematica:E010618,2803,757,0.7437924315970611,0.5,0.7607703379177109,0.0,0.003963011889035667,0.009247027741083224,1.0,3.0
emblematica:E010619,2803,881,0.9558305176970738,1.0,0.896126462720512,0.0011350737797956867,0.0056753688989784334,0.01021566401816118,6.0,3.0
emblematica:E010620,2803,743,0.8673765351501889,1.0,0.7757669497340665,0.0013458950201884253,0.004037685060565276,0.010767160161507403,10.0,3.0
emblematica:E010621,2803,793,0.9266360779006398,1.0,0.7502349384748567,0.0012610340479192938,0.005044136191677175,0.011349306431273645,16.5,4.0
emblematica:E010622,2803,856,0.9510907186004266,1.0,0.7317882547451474,0.0011682242990654205,0.005841121495327103,0.010514018691588784,17.0,4.0
emblematica:E010623,2803,794,0.9048032373092417,1.0,0.7733205477631925,0.0012594458438287153,0.006297229219143577,0.010075566750629723,3.0,3.0
emblematica:E010624,2803,810,0.7799082337019198,0.5,0.7621972528635005,0.0,0.003703703703703704,0.009876543209876543,15.0,4.0
emblematica:E010625,2803,716,0.865011178618329,1.0,0.7658042212273787,0.0013966480446927375,0.00558659217877095,0.0111731843575419,1.0,4.0
emblematica:E010626,2803,754,0.85515952476518,1.0,0.7546962694498094,0.001326259946949602,0.005305039787798408,0.010610079575596816,11.0,3.0
emblematica:E010627,2803,354,0.7988417032297518,1.0,0.22660532982325207,0.002824858757062147,0.011299435028248588,0.01694915254237288,18.0,4.0
emblematica:E010628,2803,796,0.8590331472570637,1.0,0.7435319209617139,0.001256281407035176,0.00628140703517588,0.008793969849246231,1.0,3.0
emblematica:E010629,2803,764,0.9510907186004266,1.0,0.7592505115074734,0.0013089005235602095,0.006544502617801047,0.011780104712041885,11.0,5.0
emblematica:E010630,2803,726,0.8463507934928551,1.0,0.7672703064202628,0.0013774104683195593,0.005509641873278237,0.009641873278236915,4.0,3.0
emblematica:E010631,2803,712,0.9510907186004266,1.0,0.7995231427892595,0.0014044943820224719,0.007022471910112359,0.012640449438202247,1.5,4.0
emblematica:E010632,2803,768,0.8743705652481896,1.0,0.7573190607949263,0.0013020833333333333,0.005208333333333333,0.010416666666666666,2.0,3.0
emblematica:E010633,2803,158,0.4529847367238781,0.3333333333333333,0.17841814364169745,0.0,0.006329113924050633,0.012658227848101266,3.0,4.0
emblematica:E010634,2803,90,0.3333333333333333,0.06666666666666667,0.03216980478599708,0.0,0.0,0.0,3.5,4.0
emblematica:E010635,2803,230,0.6015305980876325,1.0,0.2076568936276773,0.004347826086956522,0.008695652173913044,0.013043478260869565,3.0,4.0
emblematica:E010636,2803,234,0.5380098202283102,0.5,0.2114861369528922,0.0,0.008547008547008548,0.008547008547008548,4.0,4.0
emblematica:E010637,2803,793,0.8611375561264454,1.0,0.7611624962472199,0.0012610340479192938,0.005044136191677175,0.01008827238335435,8.0,3.0
emblematica:E010638,2803,831,0.9510907186004266,1.0,0.7528318726701076,0.0012033694344163659,0.006016847172081829,0.010830324909747292,21.5,3.5
emblematica:E010639,2803,114,0.3900954117610806,0.2,0.055680093960676046,0.0,0.008771929824561403,0.008771929824561403,3.0,3.0
emblematica:E010640,2803,122,0.5395739236314521,1.0,0.0941169656049055,0.00819672131147541,0.00819672131147541,0.01639344262295082,2.0,3.0
emblematica:E010641,2803,206,0.48910053882873683,0.5,0.19311643245793012,0.0,0.009708737864077669,0.009708737864077669,4.0,3.0
emblematica:E010642,2803,755,0.8463507934928551,1.0,0.7901366637519852,0.0013245033112582781,0.005298013245033113,0.009271523178807948,8.5,3.0
emblematica:E010643,2803,755,0.8878984756873928,1.0,0.790019788453428,0.0013245033112582781,0.005298013245033113,0.010596026490066225,5.0,4.0
emblematica:E010644,2803,830,0.8140730213119421,0.5,0.7605407240175626,0.0,0.004819277108433735,0.00963855421686747,15.0,3.0
emblematica:E010645,2803,947,0.9048032373092417,1.0,0.7118265414433711,0.0010559662090813093,0.005279831045406547,0.008447729672650475,9.0,3.0
emblematica:E010646,2803,730,1.0,1.0,0.7929814036715802,0.0013698630136986301,0.00684931506849315,0.0136986301369863,1.0,4.5
emblematica:E010647,2803,722,1.0,1.0,0.7738277297065196,0.0013850415512465374,0.006925207756232687,0.013850415512465374,1.0,4.0
emblematica:E010648,2803,343,0.5058731926597417,0.3333333333333333,0.18523836554108114,0.0,0.0029154518950437317,0.0058309037900874635,3.0,4.0
emblematica:E010649,2803,1112,0.9537125187088151,1.0,0.7194580486262743,0.0008992805755395684,0.0044964028776978415,0.008093525179856115,21.0,4.0
emblematica:E010650,2803,791,0.9477344873475497,1.0,0.743037753247711,0.0012642225031605564,0.006321112515802781,0.011378002528445006,31.0,3.0
emblematica:E010651,2803,734,0.68733327111955,0.25,0.789191742321299,0.0,0.0027247956403269754,0.009536784741144414,4.5,4.5
emblematica:E010652,2803,788,1.0,1.0,0.7775680176467221,0.0012690355329949238,0.006345177664974619,0.012690355329949238,7.5,4.0
emblematica:E010653,2803,789,0.9575861412006987,1.0,0.7626089932146698,0.0012674271229404308,0.0063371356147021544,0.011406844106463879,6.0,3.0
emblematica:E010654,2803,816,0.8043628744017064,0.5,0.7677848613655791,0.0,0.004901960784313725,0.00980392156862745,12.0,3.0
emblematica:E010655,2803,886,0.8018189357052953,1.0,0.7271888627141356,0.001128668171557562,0.003386004514672686,0.007900677200902935,6.0,4.0
emblematica:E010656,2803,552,0.5117921463503081,0.2,0.26493790723321564,0.0,0.0018115942028985507,0.005434782608695652,17.0,3.0
emblematica:E010657,2803,748,0.8353129377017654,1.0,0.7556984513473276,0.001336898395721925,0.0053475935828877,0.009358288770053475,9.0,3.0
emblematica:E010658,2803,725,0.8403727621315898,1.0,0.7633074912004486,0.001379310344827586,0.005517241379310344,0.009655172413793104,5.0,4.0
emblematica:E010659,2803,802,0.9069212362975004,1.0,0.7359601972187502,0.0012468827930174563,0.006234413965087282,0.00997506234413965,4.0,3.0
emblematica:E010660,2803,732,1.0,1.0,0.7737315669614105,0.001366120218579235,0.006830601092896175,0.01366120218579235,4.0,3.0
emblematica:E010661,2803,728,1.0,1.0,0.7790961096888034,0.0013736263736263737,0.006868131868131868,0.013736263736263736,3.0,3.0
emblematica:E010662,2803,791,0.7105496795547187,0.5,0.7465488994519771,0.0,0.0050568900126422255,0.007585335018963337,13.0,3.0
emblematica:E010663,2803,731,0.9477344873475497,1.0,0.779881553182296,0.0013679890560875513,0.006839945280437756,0.012311901504787962,4.0,4.0
emblematica:E010664,2803,726,0.9432379215722525,1.0,0.7586306611145797,0.0013774104683195593,0.005509641873278237,0.012396694214876033,2.0,4.0
emblematica:E010665,2803,743,0.9558305176970738,1.0,0.7595164413000968,0.0013458950201884253,0.006729475100942127,0.012113055181695828,11.0,4.0
emblematica:E010666,2803,966,0.9537125187088151,1.0,0.7054805191345588,0.0010351966873706005,0.005175983436853002,0.009316770186335404,6.0,3.0
emblematica:E010667,2803,821,0.8845422444345158,1.0,0.7549042773925104,0.001218026796589525,0.0048721071863581,0.0097442143727162,16.0,3.0
emblematica:E010668,2803,779,0.8043628744017064,0.5,0.76747312741169,0.0,0.005134788189987163,0.010269576379974325,16.5,3.0
emblematica:E010669,2803,771,0.8845422444345158,1.0,0.7476059813113236,0.0012970168612191958,0.005188067444876783,0.010376134889753566,6.0,5.0
emblematica:E010670,2803,939,0.9014470060563649,1.0,0.7166269601124017,0.0010649627263045794,0.005324813631522897,0.008519701810436636,18.0,3.5
emblematica:E010671,2803,954,0.7084316805664599,0.3333333333333333,0.7173655911553865,0.0,0.0031446540880503146,0.007337526205450734,9.0,4.0
emblematica:E010672,2803,922,0.9510907186004266,1.0,0.7403050300531805,0.0010845986984815619,0.005422993492407809,0.009761388286334056,4.0,3.0
emblematica:E010673,2803,771,0.9368077570869661,1.0,0.7747001254494844,0.0012970168612191958,0.005188067444876783,0.011673151750972763,8.0,3.0
emblematica:E010674,2803,732,0.9368077570869661,1.0,0.7712803178909966,0.001366120218579235,0.00546448087431694,0.012295081967213115,1.0,3.0
emblematica:E010675,2803,728,0.9477344873475497,1.0,0.7834840719188588,0.0013736263736263737,0.006868131868131868,0.012362637362637362,5.0,3.0
emblematica:E010676,2803,278,0.3333333333333333,0.09090909090909091,0.08810866963805103,0.0,0.0,0.0,3.0,4.0
emblematica:E010677,2803,726,0.7799082337019198,0.5,0.7784487506915178,0.0,0.004132231404958678,0.011019283746556474,10.5,3.0
emblematica:E010678,2803,300,0.37574719213263447,0.1,0.10455900891326092,0.0,0.0,0.0033333333333333335,7.0,4.0
emblematica:E010679,2803,847,0.9510907186004266,1.0,0.7692884187515496,0.0011806375442739079,0.0059031877213695395,0.010625737898465172,17.0,4.0
emblematica:E010680,2803,829,0.9537125187088151,1.0,0.7780646772604962,0.0012062726176115801,0.006031363088057901,0.010856453558504222,16.0,3.5
emblematica:E010681,2803,725,1.0,1.0,0.7674036749943399,0.001379310344827586,0.006896551724137931,0.013793103448275862,8.0,4.0
emblematica:E010682,2803,1031,0.9368077570869661,1.0,0.7072845466424088,0.0009699321047526673,0.0038797284190106693,0.008729388942774006,19.5,4.0
emblematica:E010683,2803,734,1.0,1.0,0.7876976483699517,0.0013623978201634877,0.006811989100817439,0.013623978201634877,1.0,3.5
emblematica:E010684,2803,790,0.7144097119277253,0.3333333333333333,0.7496575958308243,0.0,0.0037974683544303796,0.008860759493670886,17.0,4.0
emblematica:E010685,2803,1047,0.9069212362975004,1.0,0.6960429828780595,0.0009551098376313276,0.004775549188156638,0.007640878701050621,2.0,4.0
emblematica:E010686,2803,786,0.863443834987606,1.0,0.7526565920249555,0.001272264631043257,0.003816793893129771,0.010178117048346057,13.5,3.0
emblematica:E010687,2803,963,0.9537125187088151,1.0,0.6995685656563673,0.0010384215991692627,0.005192107995846314,0.009345794392523364,13.0,4.0
emblematica:E010688,2803,740,0.9575861412006987,1.0,0.7786303386332812,0.0013513513513513514,0.006756756756756757,0.012162162162162163,6.0,3.0
emblematica:E010689,2803,739,0.9368077570869661,1.0,0.766748284984717,0.0013531799729364006,0.005412719891745603,0.012178619756427604,8.0,3.0
emblematica:E010690,2803,912,0.7510916729774053,0.3333333333333333,0.705948738682795,0.0,0.003289473684210526,0.007675438596491228,5.0,4.0
emblematica:E010691,2803,710,0.9368077570869661,1.0,0.7738727410063659,0.0014084507042253522,0.005633802816901409,0.01267605633802817,1.0,3.0
emblematica:E010692,2803,749,0.9053206285482487,1.0,0.7845169864046283,0.0013351134846461949,0.006675567423230975,0.010680907877169559,7.0,3.0
emblematica:E010693,2803,915,1.0,1.0,0.8960003272837863,0.001092896174863388,0.00546448087431694,0.01092896174863388,5.0,4.0
emblematica:E010694,2803,730,0.9558305176970738,1.0,0.7753905636697117,0.0013698630136986301,0.00684931506849315,0.012328767123287671,2.5,3.5
emblematica:E010695,2803,791,0.8069846745100949,0.5,0.7693091221625619,0.0,0.0050568900126422255,0.010113780025284451,11.0,4.0
emblematica:E010696,2803,791,0.7872698329069556,1.0,0.7413242613067625,0.0012642225031605564,0.0050568900126422255,0.007585335018963337,12.5,3.5
emblematica:E010697,2803,743,0.9074250374176303,1.0,0.7920503973665977,0.0013458950201884253,0.005383580080753701,0.012113055181695828,1.0,4.0
emblematica:E010698,2803,758,1.0,1.0,0.7637262964723867,0.0013192612137203166,0.006596306068601583,0.013192612137203167,11.0,3.0
emblematica:E010699,2803,720,0.7102467616044825,1.0,0.758320857228649,0.001388888888888889,0.002777777777777778,0.006944444444444444,2.0,3.0
emblematica:E010700,2803,793,0.9074250374176303,1.0,0.7574835143445361,0.0012610340479192938,0.005044136191677175,0.011349306431273645,9.5,4.0
emblematica:E010701,2803,770,0.9510907186004266,1.0,0.7472206125044631,0.0012987012987012987,0.006493506493506494,0.011688311688311689,7.0,4.0
emblematica:E010702,2803,1041,1.0,1.0,0.7210768225230966,0.0009606147934678194,0.004803073967339097,0.009606147934678195,39.0,5.0
emblematica:E010703,2803,978,1.0,1.0,0.7316301831262024,0.0010224948875255625,0.005112474437627812,0.010224948875255624,14.0,3.0
emblematica:E010704,2803,771,0.7547191618576448,0.5,0.7695145945782287,0.0,0.005188067444876783,0.009079118028534372,2.5,4.0
emblematica:E010705,2803,771,0.8069846745100949,0.5,0.7697100886718403,0.0,0.005188067444876783,0.010376134889753566,6.0,3.0
emblematica:E010706,2803,751,1.0,1.0,0.7843802681722284,0.0013315579227696406,0.006657789613848202,0.013315579227696404,5.0,3.0
emblematica:E010707,2803,754,1.0,1.0,0.7762329811840682,0.001326259946949602,0.006631299734748011,0.013262599469496022,3.5,3.0
emblematica:E010708,2803,735,0.6742368738745991,0.5,0.7486555589931075,0.0,0.0027210884353741495,0.00816326530612245,3.5,3.0
emblematica:E010709,2803,756,0.9112986599095139,1.0,0.7493630616323596,0.0013227513227513227,0.006613756613756613,0.010582010582010581,10.0,4.0
emblematica:E010710,2803,766,0.9432379215722525,1.0,0.7602233632014577,0.0013054830287206266,0.005221932114882507,0.01174934725848564,17.0,4.0
emblematica:E010711,2803,722,0.8148636649541378,1.0,0.7698609941505208,0.0013850415512465374,0.006925207756232687,0.008310249307479225,2.0,4.0
emblematica:E010712,2803,723,0.85515952476518,1.0,0.7524976324110021,0.0013831258644536654,0.005532503457814661,0.011065006915629323,3.0,3.0
emblematica:E010713,2803,717,0.7411706314886727,0.5,0.7645031093927701,0.0,0.0041841004184100415,0.009762900976290097,2.0,3.0
emblematica:E010714,2803,999,0.9575861412006987,1.0,0.7061639586298522,0.001001001001001001,0.005005005005005005,0.009009009009009009,7.5,4.0
emblematica:E010715,2803,761,0.7437924315970611,0.5,0.7596638203432395,0.0,0.003942181340341655,0.009198423127463863,5.0,3.0
emblematica:E010716,2803,774,0.8400527367984127,1.0,0.7488103495302912,0.0012919896640826874,0.00516795865633075,0.00904392764857881,3.0,3.0
emblematica:E010717,2803,952,0.865011178618329,1.0,0.7118640528135367,0.0010504201680672268,0.0021008403361344537,0.0063025210084033615,5.0,3.5
emblematica:E010718,2803,717,0.9074250374176303,1.0,0.7852023251634836,0.001394700139470014,0.005578800557880056,0.012552301255230125,5.0,3.0
emblematica:E010719,2803,728,0.7096835029499551,0.5,0.7502366021562679,0.0,0.005494505494505495,0.008241758241758242,5.5,3.0
emblematica:E010720,2803,895,1.0,1.0,0.8828483895893179,0.0011173184357541898,0.00558659217877095,0.0111731843575419,8.0,3.0
emblematica:E010721,2803,742,0.9065559605225727,1.0,0.7776701353977951,0.0013477088948787063,0.005390835579514825,0.01078167115902965,8.0,3.0
emblematica:E010722,2803,738,0.8532721558012798,0.5,0.7772904502452642,0.0,0.005420054200542005,0.012195121951219513,6.0,3.0
emblematica:E010723,2803,761,0.8909724089198024,1.0,0.7499786036878712,0.001314060446780552,0.005256241787122208,0.010512483574244415,7.0,4.0
emblematica:E010724,2803,711,0.9477344873475497,1.0,0.7669740005457618,0.0014064697609001407,0.007032348804500703,0.012658227848101266,1.0,3.5
emblematica:E010725,2803,982,0.8043628744017064,0.5,0.6941331379550162,0.0,0.004073319755600814,0.008146639511201629,21.0,3.0
emblematica:E010726,2803,1020,0.9575861412006987,1.0,0.6966037304764474,0.000980392156862745,0.004901960784313725,0.00784313725490196,12.5,3.0
emblematica:E010727,2803,720,0.7540962185742314,0.5,0.7566456555004595,0.0,0.004166666666666667,0.009722222222222222,4.0,3.0
emblematica:E010728,2803,719,0.8671291776065879,1.0,0.764040375963573,0.0013908205841446453,0.006954102920723227,0.009735744089012517,5.0,3.0
emblematica:E010729,2803,779,0.9266360779006398,1.0,0.7550011119454179,0.0012836970474967907,0.005134788189987163,0.011553273427471117,10.5,3.0
emblematica:E010730,2803,746,0.863443834987606,1.0,0.770617467470152,0.0013404825737265416,0.004021447721179625,0.010723860589812333,7.0,3.0
emblematica:E010731,2803,879,1.0,1.0,0.7328533469922164,0.0011376564277588168,0.005688282138794084,0.011376564277588168,6.0,3.0
emblematica:E010732,2803,778,0.9558305176970738,1.0,0.7506230297407769,0.0012853470437017994,0.006426735218508998,0.011568123393316195,9.0,3.5
emblematica:E010733,2803,1289,0.8280830839570048,1.0,0.6787946994624461,0.0007757951900698216,0.0031031807602792862,0.005430566330488751,37.0,3.0
emblematica:E010734,2803,840,0.8943286401726791,1.0,0.7559479401710234,0.0011904761904761906,0.004761904761904762,0.009523809523809525,7.0,4.0
emblematica:E010735,2803,751,0.8698739994728926,1.0,0.7671738079732418,0.0013315579227696406,0.0039946737683089215,0.010652463382157125,5.5,3.5
emblematica:E010736,2803,762,0.9537125187088151,1.0,0.7462953905283094,0.0013123359580052493,0.006561679790026247,0.011811023622047244,2.0,3.0
emblematica:E010737,2803,718,0.8743705652481896,1.0,0.7616222842712861,0.001392757660167131,0.005571030640668524,0.011142061281337047,1.0,3.0
emblematica:E010738,2803,741,0.7393817438665189,1.0,0.7485797919459936,0.001349527665317139,0.004048582995951417,0.008097165991902834,6.0,4.0
emblematica:E010739,2803,157,0.4977003702983907,0.25,0.1784806469461595,0.0,0.006369426751592357,0.01910828025477707,2.0,3.5
emblematica:E010740,2803,71,0.3900954117610806,0.2,0.0371585393425713,0.0,0.014084507042253521,0.014084507042253521,3.0,5.0
emblematica:E010741,2803,505,0.3475238529402701,0.058823529411764705,0.241906329501987,0.0,0.0,0.0,16.0,4.0
emblematica:E010742,2803,272,0.38559884598578353,0.16666666666666666,0.14803605161852745,0.0,0.0,0.003676470588235294,2.0,3.5
emblematica:E010743,2803,857,0.9074250374176303,1.0,0.744021886447206,0.0011668611435239206,0.004667444574095682,0.010501750291715286,10.0,4.0
emblematica:E010744,2803,721,0.8800456786592188,1.0,0.7676603683034774,0.0013869625520110957,0.004160887656033287,0.011095700416088766,4.0,3.0
emblematica:E010745,2803,847,0.9477344873475497,1.0,0.7720049837910011,0.0011806375442739079,0.0059031877213695395,0.010625737898465172,16.0,3.0
emblematica:E010746,2803,79,0.3439367980331586,0.0125,0.028234832911030083,0.0,0.0,0.0,3.0,4.0
emblematica:E010747,2803,793,0.8927115457730297,1.0,0.7444493003860226,0.0012610340479192938,0.005044136191677175,0.01008827238335435,4.5,3.5
emblematica:E010748,2803,725,0.8442327945045964,1.0,0.767119044731969,0.001379310344827586,0.004137931034482759,0.011034482758620689,1.0,3.0
emblematica:E010749,2803,730,0.7983974463374327,1.0,0.7611010881130451,0.0013698630136986301,0.00410958904109589,0.009589041095890411,6.0,3.0
emblematica:E010750,2803,1025,0.9432379215722525,1.0,0.7040922621221185,0.000975609756097561,0.003902439024390244,0.00878048780487805,18.0,4.0
emblematica:E010751,2803,765,0.9537125187088151,1.0,0.7490759091966216,0.00130718954248366,0.006535947712418301,0.011764705882352941,13.5,3.5
emblematica:E010752,2803,805,1.0,1.0,0.7468588875924,0.0012422360248447205,0.006211180124223602,0.012422360248447204,3.0,3.0
emblematica:E010753,2803,800,0.9074250374176303,1.0,0.7355646941247054,0.00125,0.005,0.01125,11.0,3.0
emblematica:E010754,2803,831,0.9510907186004266,1.0,0.750398002430786,0.0012033694344163659,0.006016847172081829,0.010830324909747292,16.5,4.0
emblematica:E010755,2803,741,0.8698739994728926,1.0,0.7993575446650972,0.001349527665317139,0.004048582995951417,0.010796221322537112,2.5,3.0
emblematica:E010756,2803,710,0.9537125187088151,1.0,0.7920731408659449,0.0014084507042253522,0.007042253521126761,0.01267605633802817,1.5,3.5
emblematica:E010757,2803,1059,0.7540962185742314,0.5,0.7062900325815327,0.0,0.0028328611898017,0.0066100094428706326,24.5,4.0
emblematica:E010758,2803,751,0.8043628744017064,0.5,0.7754510508417891,0.0,0.005326231691078562,0.010652463382157125,6.0,3.0
emblematica:E010759,2803,803,0.9510907186004266,1.0,0.769102795724526,0.0012453300124533001,0.0062266500622665,0.0112079701120797,6.0,4.0
emblematica:E010760,2803,800,0.9575861412006987,1.0,0.7734457483902908,0.00125,0.00625,0.01125,13.0,3.5
emblematica:E010761,2803,296,0.6503483921196337,0.5,0.20048729567064336,0.0,0.006756756756756757,0.016891891891891893,1.0,3.5
emblematica:E010762,2803,374,0.6056906122838637,1.0,0.19050915451993933,0.00267379679144385,0.0053475935828877,0.008021390374331552,7.0,3.0
emblematica:E010763,2803,734,0.8988252059479763,1.0,0.7820229361540082,0.0013623978201634877,0.006811989100817439,0.010899182561307902,1.0,4.0
emblematica:E010764,2803,773,0.9608008655106622,1.0,0.7469283158191075,0.00129366106080207,0.00646830530401035,0.01164294954721863,2.0,4.0
emblematica:E010765,2803,726,0.7490360318138382,1.0,0.7609347766742746,0.0013774104683195593,0.004132231404958678,0.008264462809917356,6.5,3.0
emblematica:E010766,2803,805,0.8800456786592188,1.0,0.7564435256078696,0.0012422360248447205,0.0037267080745341614,0.009937888198757764,24.5,4.0
emblematica:E010767,2803,793,0.7414871357990124,0.5,0.7320565569685675,0.0,0.0025220680958385876,0.008827238335435058,10.0,4.0
emblematica:E010768,2803,740,0.9192803245009507,1.0,0.7699767578376664,0.0013513513513513514,0.006756756756756757,0.010810810810810811,4.0,4.5
emblematica:E010769,2803,793,0.790079912888246,0.5,0.7486014742224031,0.0,0.0037831021437578815,0.01008827238335435,17.0,4.0
emblematica:E010770,2803,744,0.8803485966094551,1.0,0.7848148920006366,0.0013440860215053765,0.005376344086021506,0.010752688172043012,2.0,4.0
emblematica:E010771,2803,846,0.7336207524107349,0.5,0.7250406079161905,0.0,0.0035460992907801418,0.008274231678486997,4.0,3.0
emblematica:E010772,2803,789,0.9558305176970738,1.0,0.7636707144228186,0.0012674271229404308,0.0063371356147021544,0.011406844106463879,5.0,3.0
emblematica:E010773,2803,793,0.9575861412006987,1.0,0.763562987001923,0.0012610340479192938,0.006305170239596469,0.011349306431273645,10.5,4.0
emblematica:E010774,2803,802,0.9368077570869661,1.0,0.7653967130263257,0.0012468827930174563,0.004987531172069825,0.011221945137157107,17.5,3.5
emblematica:E010775,2803,858,0.9652843890316114,1.0,0.7524556998339198,0.0011655011655011655,0.005827505827505828,0.01048951048951049,15.0,4.0
emblematica:E010776,2803,1043,0.8842222191013388,1.0,0.7090562509999644,0.0009587727708533077,0.003835091083413231,0.007670182166826462,5.5,4.0
emblematica:E010777,2803,945,0.9074250374176303,1.0,0.7316238438377552,0.0010582010582010583,0.004232804232804233,0.009523809523809525,20.0,3.0
emblematica:E010778,2803,1008,1.0,1.0,0.8454050101228481,0.000992063492063492,0.00496031746031746,0.00992063492063492,30.0,3.0
emblematica:E010779,2803,227,0.5323266901845036,1.0,0.20955523665856124,0.004405286343612335,0.004405286343612335,0.00881057268722467,3.0,3.0
emblematica:E010780,2803,708,0.8335573141981405,1.0,0.793472815960752,0.0014124293785310734,0.005649717514124294,0.009887005649717515,1.0,3.0
emblematica:E010781,2803,796,0.6975049503058763,0.3333333333333333,0.7530831853104938,0.0,0.002512562814070352,0.008793969849246231,14.0,4.0
emblematica:E010782,2803,834,1.0,1.0,0.9094845972979311,0.001199040767386091,0.005995203836930456,0.011990407673860911,1.5,3.0
emblematica:E010783,2803,185,0.3333333333333333,0.03571428571428571,0.055185025863384814,0.0,0.0,0.0,6.0,5.0
emblematica:E010784,2803,178,0.48006117753205335,1.0,0.17956111915656567,0.0056179775280898875,0.0056179775280898875,0.0056179775280898875,3.0,3.0
emblematica:E010785,2803,737,0.8010066431488296,0.5,0.7659494249919858,0.0,0.005427408412483039,0.010854816824966078,15.0,3.0
emblematica:E010786,2803,433,0.42590829591570295,0.5,0.18914936988800404,0.0,0.0023094688221709007,0.0023094688221709007,11.0,4.0
emblematica:E010787,2803,739,0.9432379215722525,1.0,0.769642384318404,0.0013531799729364006,0.005412719891745603,0.012178619756427604,5.5,3.0
emblematica:E010788,2803,728,0.8082491001905818,1.0,0.7742428049720457,0.0013736263736263737,0.004120879120879121,0.009615384615384616,3.5,3.0
emblematica:E010789,2803,187,0.5320181987481677,0.25,0.16895953918612314,0.0,0.0053475935828877,0.016042780748663103,6.0,3.0
emblematica:E010790,2803,414,0.5652745409093872,0.5,0.20203714250769758,0.0,0.0024154589371980675,0.00966183574879227,5.0,3.0
emblematica:E010791,2803,987,0.7914895564974597,1.0,0.7174320125219749,0.0010131712259371835,0.002026342451874367,0.0070921985815602835,27.5,4.0
emblematica:E010792,2803,736,1.0,1.0,0.7805551059048387,0.001358695652173913,0.006793478260869565,0.01358695652173913,3.0,3.0
emblematica:E010793,2803,947,1.0,1.0,0.8609379193485494,0.0010559662090813093,0.005279831045406547,0.010559662090813094,18.0,3.0
emblematica:E010794,2803,393,0.5975945819343395,1.0,0.19825884250702447,0.002544529262086514,0.005089058524173028,0.007633587786259542,3.0,3.5
emblematica:E010795,2803,177,0.3333333333333333,0.07692307692307693,0.19097228916826203,0.0,0.0,0.0,3.0,3.0
emblematica:E010796,2803,731,0.9432379215722525,1.0,0.7673494870979971,0.0013679890560875513,0.005471956224350205,0.01094391244870041,7.0,3.0
emblematica:E010797,2803,875,1.0,1.0,0.894720310606508,0.001142857142857143,0.005714285714285714,0.011428571428571429,3.0,3.0
emblematica:E010798,2803,199,0.38678956270836595,0.1,0.16774590865797276,0.0,0.0,0.005025125628140704,2.0,4.0
emblematica:E010799,2803,244,0.46345933386044064,0.3333333333333333,0.2171664122673809,0.0,0.00819672131147541,0.00819672131147541,17.0,4.0
emblematica:E010800,2803,893,1.0,1.0,0.88304887764989,0.0011198208286674132,0.005599104143337066,0.011198208286674132,5.5,3.5
emblematica:E010801,2803,162,0.39652557624636714,0.25,0.18800745606404604,0.0,0.006172839506172839,0.006172839506172839,2.0,3.0
emblematica:E010802,2803,419,0.6245931613305374,0.5,0.22255865754029203,0.0,0.00477326968973747,0.011933174224343675,10.0,4.0
emblematica:E010803,2803,227,0.4748175773152763,0.5,0.21074775854495273,0.0,0.004405286343612335,0.00881057268722467,4.0,4.0
emblematica:E010804,2803,229,0.4285300960240915,0.14285714285714285,0.17715498594942955,0.0,0.0,0.008733624454148471,11.0,3.0
emblematica:E010805,2803,282,0.5013278591786302,0.5,0.199248442873601,0.0,0.0070921985815602835,0.0070921985815602835,7.0,4.0
emblematica:E010806,2803,991,0.9112986599095139,1.0,0.725842063154752,0.0010090817356205853,0.005045408678102927,0.008072653884964682,9.0,3.0
emblematica:E010807,2803,725,0.7039351147911628,0.3333333333333333,0.7637190904190654,0.0,0.002758620689655172,0.009655172413793104,9.0,3.0
emblematica:E010808,2803,763,0.8532721558012798,0.5,0.7495755154138924,0.0,0.005242463958060288,0.011795543905635648,10.0,4.0
emblematica:E010809,2803,817,1.0,1.0,0.7596852302964856,0.0012239902080783353,0.006119951040391677,0.012239902080783354,8.0,4.0
emblematica:E010810,2803,1063,1.0,1.0,0.7268892805764308,0.0009407337723424271,0.004703668861712135,0.00940733772342427,45.5,3.5
emblematica:E010811,2803,856,0.9558305176970738,1.0,0.7477513622427819,0.0011682242990654205,0.005841121495327103,0.010514018691588784,5.0,4.0
emblematica:E010812,2803,1035,0.8043628744017064,0.5,0.7057275564055712,0.0,0.003864734299516908,0.007729468599033816,24.5,4.0
emblematica:E010813,2803,785,0.68733327111955,0.25,0.745805342543573,0.0,0.0025477707006369425,0.008917197452229299,15.0,3.0
emblematica:E010814,2803,761,0.9432379215722525,1.0,0.7657345550718726,0.001314060446780552,0.005256241787122208,0.011826544021024968,4.0,4.0
emblematica:E010815,2803,949,0.768699205420869,1.0,0.7408215156765088,0.001053740779768177,0.003161222339304531,0.006322444678609062,17.0,5.0
emblematica:E010816,2803,757,0.6975049503058763,0.3333333333333333,0.7781382773804727,0.0,0.002642007926023778,0.009247027741083224,12.0,4.0
emblematica:E010817,2803,751,1.0,1.0,0.7831225048653606,0.0013315579227696406,0.006657789613848202,0.013315579227696404,4.0,3.0
emblematica:E010818,2803,723,0.9008240627729515,1.0,0.7946979905903715,0.0013831258644536654,0.005532503457814661,0.011065006915629323,4.5,3.5
emblematica:E010819,2803,176,0.436228343855004,0.14285714285714285,0.1569924252615123,0.0,0.0,0.011363636363636364,3.5,4.0
emblematica:E010820,2803,900,0.8845422444345158,1.0,0.737767590708671,0.0011111111111111111,0.0044444444444444444,0.008888888888888889,32.0,4.0
emblematica:E010821,2803,727,0.9558305176970738,1.0,0.7919088048508154,0.001375515818431912,0.0068775790921595595,0.012379642365887207,4.0,4.0
emblematica:E010822,2803,865,0.8010066431488296,0.5,0.7509399684181705,0.0,0.004624277456647399,0.009248554913294798,23.5,4.0
emblematica:E010823,2803,925,0.9074250374176303,1.0,0.7391828401863519,0.001081081081081081,0.004324324324324324,0.00972972972972973,13.0,3.0
emblematica:E010824,2803,750,0.9526058178152246,1.0,0.7738570191918211,0.0013333333333333333,0.005333333333333333,0.012,15.0,3.0
emblematica:E010825,2803,760,0.9074250374176303,1.0,0.7823755952639991,0.0013157894736842105,0.005263157894736842,0.011842105263157895,8.0,3.0
emblematica:E010826,2803,772,0.7799082337019198,0.5,0.7525393209900867,0.0,0.0038860103626943004,0.010362694300518135,12.0,3.0
emblematica:E010827,2803,946,0.8590331472570637,1.0,0.7007686628636862,0.0010570824524312897,0.005285412262156448,0.007399577167019027,6.0,3.0
emblematica:E010828,2803,781,0.9575861412006987,1.0,0.7666302580618282,0.0012804097311139564,0.006402048655569782,0.011523687580025609,11.0,3.0
emblematica:E010829,2803,271,0.3906631852002497,0.125,0.1942327912224889,0.0,0.0,0.0036900369003690036,12.5,3.5
emblematica:E010830,2803,958,0.6810523218080484,0.5,0.7189510470073479,0.0,0.0020876826722338203,0.006263048016701462,9.0,3.0
emblematica:E010831,2803,731,0.968189605900524,1.0,0.7622867393381482,0.0013679890560875513,0.006839945280437756,0.012311901504787962,2.5,3.0
emblematica:E010832,2803,816,1.0,1.0,0.7463216624658309,0.0012254901960784314,0.006127450980392157,0.012254901960784314,17.0,4.5
emblematica:E010833,2803,739,1.0,1.0,0.7703444250367355,0.0013531799729364006,0.006765899864682003,0.013531799729364006,2.0,3.0
emblematica:E010834,2803,737,0.9008240627729515,1.0,0.7697003565458364,0.0013568521031207597,0.005427408412483039,0.010854816824966078,3.0,3.0
emblematica:E010835,2803,724,0.9558305176970738,1.0,0.7838632272878936,0.0013812154696132596,0.006906077348066298,0.012430939226519336,2.5,3.0
emblematica:E010836,2803,858,0.9134166588977728,1.0,0.7509024935121114,0.0011655011655011655,0.005827505827505828,0.009324009324009324,22.0,4.0
emblematica:E010837,2803,837,1.0,1.0,0.7505089186075089,0.0011947431302270011,0.005973715651135006,0.011947431302270013,20.0,4.0
emblematica:E010838,2803,842,0.8257045171699665,1.0,0.7725338473014756,0.0011876484560570072,0.0035629453681710215,0.00831353919239905,12.0,3.0
emblematica:E010839,2803,797,1.0,1.0,0.7561869976842404,0.0012547051442910915,0.006273525721455458,0.012547051442910916,13.5,3.0
emblematica:E010840,2803,743,0.8905202757957813,1.0,0.7897849515741358,0.0013458950201884253,0.005383580080753701,0.010767160161507403,4.5,4.5
emblematica:E010841,2803,723,0.8091026734983537,0.5,0.7887913002116447,0.0,0.005532503457814661,0.011065006915629323,2.0,4.0
emblematica:E010842,2803,936,0.9074250374176303,1.0,0.7232503651327816,0.0010683760683760685,0.004273504273504274,0.009615384615384616,5.5,4.0
emblematica:E010843,2803,759,0.8043628744017064,0.5,0.7743530179232674,0.0,0.005270092226613966,0.010540184453227932,5.0,4.0
emblematica:E010844,2803,850,0.9575861412006987,1.0,0.9038430554857811,0.001176470588235294,0.0058823529411764705,0.010588235294117647,2.0,4.0
emblematica:E010845,2803,756,0.8463507934928551,1.0,0.7526245568654706,0.0013227513227513227,0.005291005291005291,0.009259259259259259,11.0,4.0
emblematica:E010846,2803,167,0.3333333333333333,0.041666666666666664,0.15106333062907623,0.0,0.0,0.0,2.5,4.0
emblematica:E010847,2803,191,0.4053863553784991,0.14285714285714285,0.1828380997337045,0.0,0.0,0.005235602094240838,1.5,4.0
emblematica:E010848,2803,241,0.46832215471500416,0.5,0.20268490991279783,0.0,0.004149377593360996,0.008298755186721992,4.0,3.0
emblematica:E010849,2803,720,1.0,1.0,0.7681976156638777,0.001388888888888889,0.006944444444444444,0.013888888888888888,2.5,3.0
emblematica:E010850,2803,980,0.9266360779006398,1.0,0.7251826534004259,0.0010204081632653062,0.004081632653061225,0.009183673469387756,18.0,4.0
emblematica:E010851,2803,117,0.3775028156362593,0.1111111111111111,0.04529545911638734,0.0,0.0,0.008547008547008548,2.0,3.5
emblematica:E010852,2803,194,0.3775028156362593,0.1111111111111111,0.18125117519889433,0.0,0.0,0.005154639175257732,2.0,4.0
emblematica:E010853,2803,231,0.513603947234338,0.16666666666666666,0.1885855705059865,0.0,0.0,0.012987012987012988,2.0,4.0
emblematica:E010854,2803,165,0.4487910888988174,0.25,0.16901571577815566,0.0,0.006060606060606061,0.012121212121212121,1.0,3.0
emblematica:E010855,2803,540,0.38559884598578353,0.16666666666666666,0.2260787363631823,0.0,0.0,0.001851851851851852,3.0,3.0
emblematica:E010856,2803,206,0.4814185519599551,0.14285714285714285,0.20116119744639335,0.0,0.0,0.009708737864077669,2.0,4.0
emblematica:E010857,2803,261,0.4389394350456683,0.25,0.17526253065173536,0.0,0.0038314176245210726,0.007662835249042145,12.5,3.0
emblematica:E010858,2803,230,0.5432534204450873,1.0,0.2072481958257364,0.004347826086956522,0.008695652173913044,0.008695652173913044,4.5,4.0
emblematica:E010859,2803,1022,1.0,1.0,0.7070635351063801,0.0009784735812133072,0.004892367906066536,0.009784735812133072,16.0,3.0
emblematica:E010860,2803,729,0.8824665955977139,1.0,0.8069250560130751,0.0013717421124828531,0.0054869684499314125,0.010973936899862825,2.0,4.0
emblematica:E010861,2803,781,0.9477344873475497,1.0,0.7738531532061885,0.0012804097311139564,0.006402048655569782,0.011523687580025609,14.0,3.0
emblematica:E010862,2803,747,0.9074250374176303,1.0,0.7890813778290741,0.0013386880856760374,0.00535475234270415,0.012048192771084338,11.0,3.0
emblematica:E010863,2803,27,0.3333333333333333,0.03125,0.011453476672183181,0.0,0.0,0.0,4.5,3.0
emblematica:E010864,2803,194,0.3333333333333333,0.09090909090909091,0.20125484508990105,0.0,0.0,0.0,5.0,3.0
emblematica:E010865,2803,832,1.0,1.0,0.9205656030707419,0.001201923076923077,0.006009615384615385,0.01201923076923077,3.0,3.0
emblematica:E010866,2803,934,0.9575861412006987,1.0,0.7306283671749407,0.0010706638115631692,0.0053533190578158455,0.009635974304068522,3.0,3.0
emblematica:E010867,2803,1119,1.0,1.0,0.830672164304443,0.0008936550491510277,0.004468275245755138,0.008936550491510277,22.0,3.0
emblematica:E010868,2803,752,0.9192803245009507,1.0,0.7551185350099103,0.0013297872340425532,0.006648936170212766,0.010638297872340425,11.0,3.0
emblematica:E010869,2803,1039,1.0,1.0,0.8431475877189927,0.0009624639076034649,0.004812319538017324,0.009624639076034648,9.0,3.0
emblematica:E010870,2803,1085,0.76069719321891,0.3333333333333333,0.7058162835551495,0.0,0.0027649769585253456,0.007373271889400922,20.5,4.0
emblematica:E010871,2803,749,0.7411832347856642,1.0,0.7454290756948819,0.0013351134846461949,0.0026702269692923898,0.00801068090787717,9.5,3.0
emblematica:E010872,2803,739,0.9266360779006398,1.0,0.7891505150800177,0.0013531799729364006,0.005412719891745603,0.012178619756427604,8.0,3.0
emblematica:E010873,2803,794,0.9368077570869661,1.0,0.7756200910025184,0.0012594458438287153,0.005037783375314861,0.011335012594458438,12.0,3.5
emblematica:E010874,2803,891,0.9432379215722525,1.0,0.7230598333546201,0.001122334455667789,0.004489337822671156,0.010101010101010102,15.0,4.0
emblematica:E010875,2803,781,0.9510907186004266,1.0,0.7798526769952396,0.0012804097311139564,0.006402048655569782,0.011523687580025609,13.0,3.0
emblematica:E010876,2803,1046,1.0,1.0,0.8449323777738423,0.0009560229445506692,0.004780114722753346,0.009560229445506692,3.0,3.0
emblematica:E010877,2803,929,0.9537125187088151,1.0,0.7257209718916656,0.001076426264800861,0.005382131324004306,0.00968783638320775,5.0,3.0
emblematica:E010878,2803,944,0.8107005969804694,0.5,0.7360926578100955,0.0,0.0031779661016949155,0.00847457627118644,6.0,4.0
emblematica:E010879,2803,221,0.6592194812166503,0.5,0.19024557738777767,0.0,0.004524886877828055,0.00904977375565611,9.5,3.5
emblematica:E010880,2803,253,0.42590829591570295,0.5,0.09926475626192416,0.0,0.003952569169960474,0.003952569169960474,17.0,4.0
emblematica:E010881,2803,849,0.8532721558012798,0.5,0.9028289026984487,0.0,0.004711425206124852,0.01060070671378092,12.5,3.5
emblematica:E010882,2803,910,0.909543036405889,1.0,0.7311205316321022,0.001098901098901099,0.005494505494505495,0.008791208791208791,10.5,3.0
emblematica:E010883,2803,948,0.6948831501974878,0.5,0.7186317843241711,0.0,0.0031645569620253164,0.006329113924050633,7.0,5.0
emblematica:E010884,2803,284,0.6657149038169224,1.0,0.2588309616451889,0.0035211267605633804,0.007042253521126761,0.014084507042253521,11.0,3.0
emblematica:E010885,2803,730,0.7799082337019198,0.5,0.7946409758578611,0.0,0.00410958904109589,0.010958904109589041,5.0,3.0
emblematica:E010886,2803,767,0.85515952476518,1.0,0.778800131995346,0.001303780964797914,0.005215123859191656,0.010430247718383311,5.0,3.5
emblematica:E010887,2803,730,0.7039351147911628,0.3333333333333333,0.7736668632763434,0.0,0.0027397260273972603,0.009589041095890411,6.5,3.0
emblematica:E010888,2803,872,1.0,1.0,0.9016224397389557,0.0011467889908256881,0.005733944954128441,0.011467889908256881,10.0,3.5
emblematica:E010889,2803,708,0.9053206285482487,1.0,0.7821052525025725,0.0014124293785310734,0.007062146892655367,0.011299435028248588,1.5,2.5
emblematica:E010890,2803,188,0.5224750363313545,1.0,0.10226340929686233,0.005319148936170213,0.005319148936170213,0.010638297872340425,7.0,4.0
emblematica:E010891,2803,764,0.7799082337019198,0.5,0.73375716387807,0.0,0.003926701570680628,0.010471204188481676,11.0,5.0
emblematica:E010892,2803,235,0.5473744004805718,1.0,0.17011313275506884,0.00425531914893617,0.00425531914893617,0.00851063829787234,12.0,3.5
emblematica:E010893,2803,836,0.6230836714385568,0.25,0.7224719286373082,0.0,0.0011961722488038277,0.005980861244019139,15.0,3.5
emblematica:E010894,2803,858,0.9368077570869661,1.0,0.7458162418153553,0.0011655011655011655,0.004662004662004662,0.01048951048951049,34.0,4.0
emblematica:E010895,2803,188,0.42590829591570295,0.5,0.2027009022339768,0.0,0.005319148936170213,0.005319148936170213,3.5,4.0
emblematica:E010896,2803,734,0.9368077570869661,1.0,0.7598904255903107,0.0013623978201634877,0.005449591280653951,0.01226158038147139,11.0,4.0
emblematica:E010897,2803,724,0.718283334419609,0.3333333333333333,0.7991463420775808,0.0,0.004143646408839779,0.009668508287292817,3.5,3.5
emblematica:E010898,2803,158,0.4237902969274442,0.125,0.18937764985452754,0.0,0.0,0.012658227848101266,2.5,3.0
emblematica:E010899,2803,727,0.9575861412006987,1.0,0.7762820499867552,0.001375515818431912,0.0068775790921595595,0.012379642365887207,4.0,3.5
emblematica:E010900,2803,717,1.0,1.0,0.7719743563770255,0.001394700139470014,0.00697350069735007,0.01394700139470014,3.0,3.0
emblematica:E010901,2803,24,0.3333333333333333,0.00546448087431694,0.00648666039105051,0.0,0.0,0.0,2.0,4.0
emblematica:E010902,2803,66,0.3333333333333333,0.03225806451612903,0.0336105841599294,0.0,0.0,0.0,10.0,4.0
emblematica:E010903,2803,763,0.8069846745100949,0.5,0.7637810043780288,0.0,0.005242463958060288,0.010484927916120577,17.5,3.0
emblematica:E010904,2803,1002,0.7520973617492562,0.5,0.6948732544279957,0.0,0.003992015968063872,0.006986027944111776,12.0,3.0
emblematica:E010905,2803,930,0.8545365814817666,1.0,0.6990134703796772,0.001075268817204301,0.004301075268817204,0.007526881720430108,7.5,3.5
emblematica:E010906,2803,713,0.9432379215722525,1.0,0.7960251085981596,0.001402524544179523,0.005610098176718092,0.012622720897615708,1.0,5.0
emblematica:E010907,2803,837,0.863443834987606,1.0,0.756880779468563,0.0011947431302270011,0.0035842293906810036,0.009557945041816009,18.5,4.0
emblematica:E010908,2803,740,1.0,1.0,0.7646566255939777,0.0013513513513513514,0.006756756756756757,0.013513513513513514,12.0,3.0
emblematica:E010909,2803,804,0.8358761963562927,1.0,0.7404743542465987,0.0012437810945273632,0.0037313432835820895,0.008706467661691543,6.5,3.0
emblematica:E010910,2803,831,0.8043628744017064,0.5,0.7331169270330709,0.0,0.0048134777376654635,0.009626955475330927,14.0,4.0
emblematica:E010911,2803,1053,0.6996229492941352,0.5,0.6911505273824118,0.0,0.002849002849002849,0.005698005698005698,21.5,4.0
emblematica:E010912,2803,765,0.8611375561264454,1.0,0.7736653899755226,0.00130718954248366,0.00522875816993464,0.01045751633986928,7.5,4.0
emblematica:E010913,2803,796,0.9510907186004266,1.0,0.7580018527343411,0.001256281407035176,0.00628140703517588,0.011306532663316583,7.0,3.5
emblematica:E010914,2803,745,0.8340611153182702,1.0,0.7847823745171202,0.0013422818791946308,0.004026845637583893,0.010738255033557046,14.0,3.5
emblematica:E010915,2803,769,0.863443834987606,1.0,0.7469054453245132,0.0013003901170351106,0.0039011703511053317,0.010403120936280884,17.0,4.0
emblematica:E010916,2803,964,0.9575861412006987,1.0,0.7210274696929313,0.001037344398340249,0.005186721991701245,0.00933609958506224,9.0,4.0
emblematica:E010917,2803,741,0.8064934766869568,1.0,0.7789152952415556,0.001349527665317139,0.004048582995951417,0.009446693657219974,4.5,3.5
emblematica:E010918,2803,770,0.9035650050446237,1.0,0.7830125762404766,0.0012987012987012987,0.006493506493506494,0.01038961038961039,3.0,3.0
emblematica:E010919,2803,747,1.0,1.0,0.7704861752149935,0.0013386880856760374,0.006693440428380187,0.013386880856760375,11.0,3.0
emblematica:E010920,2803,753,0.8990684392693266,1.0,0.7540064231367833,0.0013280212483399733,0.005312084993359893,0.010624169986719787,5.0,3.0
emblematica:E010921,2803,729,0.8988252059479763,1.0,0.764797866249358,0.0013717421124828531,0.006858710562414266,0.010973936899862825,8.5,3.0
emblematica:E010922,2803,216,0.3775028156362593,0.1111111111111111,0.16809029278420587,0.0,0.0,0.004629629629629629,3.0,3.0
emblematica:E010923,2803,752,0.8878984756873928,1.0,0.7589494707639756,0.0013297872340425532,0.005319148936170213,0.010638297872340425,7.0,3.0
emblematica:E010924,2803,191,0.5726361401144231,1.0,0.1821484306679762,0.005235602094240838,0.010471204188481676,0.010471204188481676,3.0,3.0
emblematica:E010925,2803,228,0.6651487448721011,0.5,0.22132571670686732,0.0,0.013157894736842105,0.021929824561403508,17.0,4.0
emblematica:E010926,2803,218,0.5809927382627267,0.07142857142857142,0.1834492273270796,0.0,0.0,0.0,12.0,4.0
emblematica:E010927,2803,1014,0.9575861412006987,1.0,0.7219624545023131,0.0009861932938856016,0.004930966469428008,0.008875739644970414,12.0,3.0
emblematica:E010928,2803,780,0.9074250374176303,1.0,0.7686481294188267,0.001282051282051282,0.005128205128205128,0.011538461538461539,22.0,3.5
emblematica:E010929,2803,60,0.3931590350286057,0.015625,0.028908615147475857,0.0,0.0,0.0,6.0,3.0
emblematica:E010930,2803,901,1.0,1.0,0.88377720782633,0.0011098779134295228,0.005549389567147614,0.011098779134295227,18.0,3.0
emblematica:E010931,2803,773,0.8777267965010666,1.0,0.755623238953742,0.00129366106080207,0.00517464424320828,0.01034928848641656,14.0,3.0
emblematica:E010932,2803,798,0.7374943749026186,0.5,0.7351375251777326,0.0,0.0037593984962406013,0.008771929824561403,3.5,4.5
emblematica:E010933,2803,790,1.0,1.0,0.772574328229679,0.0012658227848101266,0.006329113924050633,0.012658227848101266,17.0,3.0
emblematica:E010934,2803,754,1.0,1.0,0.7807572769063527,0.001326259946949602,0.006631299734748011,0.013262599469496022,9.5,3.0
emblematica:E010935,2803,722,0.8421283856352147,1.0,0.7920967460732999,0.0013850415512465374,0.00554016620498615,0.009695290858725761,13.0,3.0
emblematica:E010936,2803,935,0.7965100773735325,0.5,0.7346043173410229,0.0,0.0032085561497326204,0.008556149732620321,18.5,3.5
emblematica:E010937,2803,754,0.863443834987606,1.0,0.7577500722784585,0.001326259946949602,0.003978779840848806,0.010610079575596816,17.0,4.0
emblematica:E010938,2803,190,0.6101871780591608,1.0,0.2059005467228079,0.005263157894736842,0.015789473684210527,0.015789473684210527,1.0,3.5
emblematica:E010939,2803,769,1.0,1.0,0.7661484987878959,0.0013003901170351106,0.006501950585175552,0.013003901170351105,15.5,3.5
emblematica:E010940,2803,740,0.820841696315403,1.0,0.7705661124808301,0.0013513513513513514,0.005405405405405406,0.00945945945945946,6.0,4.0
emblematica:E010941,2803,746,0.9074250374176303,1.0,0.7850410054309945,0.0013404825737265416,0.005361930294906166,0.012064343163538873,8.0,3.5
emblematica:E010942,2803,162,0.5151134371263186,0.14285714285714285,0.19011245767194276,0.0,0.0,0.024691358024691357,1.0,4.0
emblematica:E010943,2803,760,0.8022710688293164,1.0,0.7499023584521916,0.0013157894736842105,0.005263157894736842,0.007894736842105263,2.0,4.0
emblematica:E010944,2803,791,0.8340611153182702,1.0,0.7556563809950978,0.0012642225031605564,0.0037926675094816687,0.010113780025284451,13.0,4.5
emblematica:E010945,2803,816,0.74591043058532,0.5,0.7610324016279432,0.0,0.003676470588235294,0.00857843137254902,21.0,3.0
emblematica:E010946,2803,717,0.909543036405889,1.0,0.7775524661512488,0.001394700139470014,0.00697350069735007,0.011157601115760111,5.5,3.0
emblematica:E010947,2803,749,0.7039351147911628,0.3333333333333333,0.7634017703018271,0.0,0.0026702269692923898,0.009345794392523364,7.0,3.0
emblematica:E010948,2803,732,0.9074250374176303,1.0,0.769250309925253,0.001366120218579235,0.00546448087431694,0.012295081967213115,5.0,3.5
emblematica:E010949,2803,746,0.8010066431488296,0.5,0.7554688834390115,0.0,0.005361930294906166,0.010723860589812333,9.5,2.5
emblematica:E010950,2803,748,0.790079912888246,0.5,0.7597420418692268,0.0,0.004010695187165776,0.0106951871657754,7.0,3.0
emblematica:E010951,2803,715,1.0,1.0,0.7781339436625485,0.0013986013986013986,0.006993006993006993,0.013986013986013986,2.0,4.0
emblematica:E010952,2803,761,0.7542279640345066,1.0,0.7580762746813405,0.001314060446780552,0.003942181340341655,0.00788436268068331,19.0,4.0
emblematica:E010953,2803,845,0.8878984756873928,1.0,0.7521727762878264,0.001183431952662722,0.004733727810650888,0.009467455621301775,31.0,3.0
emblematica:E010954,2803,710,0.8943286401726791,1.0,0.7883346497029161,0.0014084507042253522,0.005633802816901409,0.011267605633802818,1.0,5.0
emblematica:E010955,2803,722,0.7622690409355825,1.0,0.7869935112158302,0.0013850415512465374,0.004155124653739612,0.008310249307479225,3.0,3.0
emblematica:E010956,2803,158,0.38224261473290666,0.14285714285714285,0.15773730204155742,0.0,0.0,0.006329113924050633,2.0,4.0
emblematica:E010957,2803,711,0.865011178618329,1.0,0.8003249791717397,0.0014064697609001407,0.005625879043600563,0.011251758087201125,4.0,3.0
emblematica:E010958,2803,721,0.9477344873475497,1.0,0.7810347435335933,0.0013869625520110957,0.006934812760055479,0.012482662968099861,4.0,3.0
emblematica:E010959,2803,720,0.9432379215722525,1.0,0.7781230092036481,0.001388888888888889,0.005555555555555556,0.0125,6.0,3.0
emblematica:E010960,2803,230,0.3333333333333333,0.08333333333333333,0.20199935015444015,0.0,0.0,0.0,7.0,4.0
emblematica:E010961,2803,237,0.4662041557267453,0.125,0.19622884844139946,0.0,0.0,0.012658227848101266,5.0,3.5
emblematica:E010962,2803,192,0.43250927056038174,0.2,0.18813782986184502,0.0,0.005208333333333333,0.010416666666666666,3.5,3.5
emblematica:E010963,2803,776,0.6615212559918616,0.3333333333333333,0.7404060082967087,0.0,0.002577319587628866,0.007731958762886598,10.0,3.0
emblematica:E010964,2803,718,0.8532721558012798,0.5,0.7846681223599102,0.0,0.005571030640668524,0.012534818941504178,1.5,3.5
emblematica:E010965,2803,709,0.8969504402810676,1.0,0.7764045050882706,0.0014104372355430183,0.005641748942172073,0.011283497884344146,1.0,3.0
emblematica:E010966,2803,716,0.8606337550063157,1.0,0.7711494485793117,0.0013966480446927375,0.006983240223463687,0.009776536312849162,7.5,3.0
emblematica:E010967,2803,714,0.8632555551147042,1.0,0.780318515200817,0.0014005602240896359,0.0056022408963585435,0.011204481792717087,1.0,4.0
emblematica:E010968,2803,921,0.865011178618329,1.0,0.7317725628033296,0.0010857763300760044,0.004343105320304018,0.008686210640608035,12.5,4.5
emblematica:E010969,2803,936,0.9266360779006398,1.0,0.7081918841214064,0.0010683760683760685,0.004273504273504274,0.009615384615384616,29.0,4.0
emblematica:E010970,2803,850,0.8824665955977139,1.0,0.7289614242858118,0.001176470588235294,0.004705882352941176,0.009411764705882352,21.5,3.5
emblematica:E010971,2803,751,0.9537125187088151,1.0,0.7645484732864857,0.0013315579227696406,0.006657789613848202,0.011984021304926764,11.5,3.5
emblematica:E010972,2803,746,0.909543036405889,1.0,0.765921618147476,0.0013404825737265416,0.006702412868632708,0.010723860589812333,2.0,4.0
emblematica:E010973,2803,757,0.7000750824181562,0.5,0.7611887185132757,0.0,0.003963011889035667,0.007926023778071334,11.0,4.0
emblematica:E010974,2803,739,1.0,1.0,0.7660755464027446,0.0013531799729364006,0.006765899864682003,0.013531799729364006,5.5,3.5
emblematica:E010975,2803,786,1.0,1.0,0.7494494469367575,0.001272264631043257,0.006361323155216285,0.01272264631043257,6.0,4.0
emblematica:E010976,2803,794,0.9368077570869661,1.0,0.7448919217425457,0.0012594458438287153,0.005037783375314861,0.011335012594458438,17.0,4.0
emblematica:E010977,2803,754,0.6970011491857466,0.5,0.7653711306822726,0.0,0.003978779840848806,0.007957559681697613,11.5,4.0
emblematica:E010978,2803,943,0.9558305176970738,1.0,0.703255330209776,0.0010604453870625664,0.005302226935312832,0.009544008483563097,7.0,3.0
emblematica:E010979,2803,728,0.8990684392693266,1.0,0.78539448889067,0.0013736263736263737,0.005494505494505495,0.01098901098901099,2.0,4.0
emblematica:E010980,2803,728,0.8905202757957813,1.0,0.7741592026157901,0.0013736263736263737,0.005494505494505495,0.01098901098901099,1.0,4.0
emblematica:E010981,2803,1040,0.8623893785099406,1.0,0.7121258321459429,0.0009615384615384616,0.004807692307692308,0.006730769230769231,46.5,3.5
emblematica:E010982,2803,725,0.9477344873475497,1.0,0.7676665708729099,0.001379310344827586,0.006896551724137931,0.012413793103448275,2.0,3.0
emblematica:E010983,2803,854,1.0,1.0,0.7406844993245749,0.00117096018735363,0.00585480093676815,0.0117096018735363,2.0,4.0
emblematica:E010984,2803,719,0.9432379215722525,1.0,0.7878253427014115,0.0013908205841446453,0.005563282336578581,0.012517385257301807,2.0,3.0
emblematica:E010985,2803,735,0.9069212362975004,1.0,0.7924955749960605,0.0013605442176870747,0.006802721088435374,0.010884353741496598,2.0,3.0
emblematica:E010986,2803,803,1.0,1.0,0.7709238537609919,0.0012453300124533001,0.0062266500622665,0.012453300124533,14.0,3.5
emblematica:E010987,2803,784,0.865011178618329,1.0,0.7484166412730654,0.0012755102040816326,0.00510204081632653,0.01020408163265306,5.0,5.0
emblematica:E010988,2803,708,0.9510907186004266,1.0,0.7857871429241712,0.0014124293785310734,0.007062146892655367,0.012711864406779662,1.0,5.0
emblematica:E010989,2803,970,0.9537125187088151,1.0,0.7255539735061174,0.0010309278350515464,0.005154639175257732,0.009278350515463918,15.0,4.0
emblematica:E010990,2803,217,0.5837799102804881,0.5,0.18231342344118326,0.0,0.009216589861751152,0.018433179723502304,1.0,3.0
emblematica:E010991,2803,753,0.7788708846071951,1.0,0.7457749692553708,0.0013280212483399733,0.00398406374501992,0.00796812749003984,11.0,3.0
emblematica:E010992,2803,837,0.85515952476518,1.0,0.7375959841141162,0.0011947431302270011,0.0047789725209080045,0.009557945041816009,14.0,4.0
emblematica:E010993,2803,1010,0.9575861412006987,1.0,0.7056771184289682,0.0009900990099009901,0.0049504950495049506,0.00891089108910891,14.0,4.0
emblematica:E010994,2803,153,0.48006117753205335,1.0,0.16921311792724658,0.006535947712418301,0.006535947712418301,0.006535947712418301,4.0,4.0
emblematica:E010995,2803,448,0.38224261473290666,0.14285714285714285,0.1946091738745118,0.0,0.0,0.002232142857142857,13.0,3.5
emblematica:E010996,2803,773,0.9558305176970738,1.0,0.7494352535491234,0.00129366106080207,0.00646830530401035,0.01164294954721863,10.0,3.0
emblematica:E010997,2803,793,0.6485956689063029,0.3333333333333333,0.7550572122291406,0.0,0.0025220680958385876,0.007566204287515763,8.0,3.5
emblematica:E010998,2803,933,0.9074250374176303,1.0,0.7243509219772645,0.0010718113612004287,0.004287245444801715,0.00964630225080386,8.5,3.5
emblematica:E010999,2803,231,0.516176979636912,0.3333333333333333,0.2121637907921596,0.0,0.004329004329004329,0.008658008658008658,8.0,3.0
emblematica:E011000,2803,732,0.9368077570869661,1.0,0.7806688526641931,0.001366120218579235,0.00546448087431694,0.012295081967213115,3.0,3.0
emblematica:E011001,2803,312,0.37574719213263447,0.1,0.19670940325005068,0.0,0.0,0.003205128205128205,12.5,3.0
emblematica:E011002,2803,767,0.8878984756873928,1.0,0.7729362400777279,0.001303780964797914,0.005215123859191656,0.010430247718383311,12.5,3.0
emblematica:E011003,2803,717,0.8943938982876649,1.0,0.7894578023611903,0.001394700139470014,0.005578800557880056,0.011157601115760111,2.0,3.0
emblematica:E011004,2803,212,0.3900954117610806,0.2,0.16964641827751464,0.0,0.0047169811320754715,0.0047169811320754715,6.5,3.5
emblematica:E011005,2803,731,0.9014470060563649,1.0,0.7597941834186345,0.0013679890560875513,0.006839945280437756,0.01094391244870041,2.5,3.0
emblematica:E011006,2803,713,0.812228274726872,1.0,0.7655651008565306,0.001402524544179523,0.005610098176718092,0.009817671809256662,2.5,3.5
emblematica:E011007,2803,714,0.8803485966094551,1.0,0.7708163781814954,0.0014005602240896359,0.0056022408963585435,0.011204481792717087,2.0,4.0
emblematica:E011008,2803,726,0.94497705842548,1.0,0.763896125117935,0.0013774104683195593,0.005509641873278237,0.012396694214876033,4.0,3.0
emblematica:E011009,2803,735,0.7105496795547187,0.5,0.7428256046055339,0.0,0.005442176870748299,0.00816326530612245,5.0,3.0
emblematica:E011010,2803,189,0.5458626172564842,0.5,0.15671787968314918,0.0,0.015873015873015872,0.015873015873015872,6.5,3.0
emblematica:E011011,2803,724,0.9266360779006398,1.0,0.7625519307999036,0.0013812154696132596,0.0055248618784530384,0.012430939226519336,5.0,3.0
emblematica:E011012,2803,203,0.38224261473290666,0.14285714285714285,0.17029787943198688,0.0,0.0,0.0049261083743842365,5.5,3.5
emblematica:E011013,2803,321,0.47692198618465803,0.16666666666666666,0.1619779854229345,0.0,0.0,0.009345794392523364,12.0,4.0
emblematica:E011014,2803,275,0.5381506113058641,0.5,0.19837434524922304,0.0,0.007272727272727273,0.01090909090909091,1.5,3.0
emblematica:E011015,2803,876,0.9575861412006987,1.0,0.8941630509587216,0.001141552511415525,0.005707762557077625,0.010273972602739725,19.0,3.0
emblematica:E011016,2803,810,0.8863992957602965,1.0,0.7465930727479487,0.0012345679012345679,0.0049382716049382715,0.009876543209876543,31.0,4.0
emblematica:E011017,2803,728,0.7167159907888859,0.5,0.792452350343891,0.0,0.0027472527472527475,0.009615384615384616,3.5,3.5
emblematica:E011018,2803,777,0.9510907186004266,1.0,0.772063114123772,0.001287001287001287,0.006435006435006435,0.011583011583011582,11.5,3.5
emblematica:E011019,2803,715,0.9266360779006398,1.0,0.7978262294912165,0.0013986013986013986,0.005594405594405594,0.012587412587412588,1.0,4.0
emblematica:E011020,2803,744,0.8803485966094551,1.0,0.7872415434182103,0.0013440860215053765,0.005376344086021506,0.010752688172043012,9.0,3.0
emblematica:E011021,2803,962,0.5773497457952016,0.5,0.7031281027868448,0.0,0.002079002079002079,0.004158004158004158,12.0,4.0
emblematica:E011022,2803,906,0.8319567064488884,1.0,0.7234723721169434,0.0011037527593818985,0.004415011037527594,0.00772626931567329,26.5,3.5
emblematica:E011023,2803,803,0.8878984756873928,1.0,0.7671242373634165,0.0012453300124533001,0.0049813200498132005,0.009962640099626401,10.0,3.5
emblematica:E011024,2803,714,0.8845422444345158,1.0,0.7710142947248868,0.0014005602240896359,0.0056022408963585435,0.011204481792717087,2.5,3.0
emblematica:E011025,2803,745,0.9575861412006987,1.0,0.7749536349915669,0.0013422818791946308,0.006711409395973154,0.012080536912751677,11.0,4.0
emblematica:E011026,2803,742,0.8053867757933664,1.0,0.7811947220844003,0.0013477088948787063,0.004043126684636119,0.008086253369272238,6.0,3.0
emblematica:E011027,2803,716,0.8777267965010666,1.0,0.7702535756731442,0.0013966480446927375,0.00558659217877095,0.0111731843575419,3.0,3.0
emblematica:E011028,2803,298,0.37962081462451813,0.125,0.08580277078862619,0.0,0.0,0.003355704697986577,7.0,4.0
emblematica:E011029,2803,396,0.5052502493763283,0.3333333333333333,0.18319935281921443,0.0,0.0025252525252525255,0.005050505050505051,1.0,3.5
emblematica:E011030,2803,219,0.4748175773152763,0.5,0.19442740067590875,0.0,0.0045662100456621,0.0091324200913242,8.5,3.0
emblematica:E011031,2803,156,0.6925904614552042,1.0,0.20357799274474672,0.00641025641025641,0.02564102564102564,0.02564102564102564,2.0,3.5
emblematica:E011032,2803,266,0.5981281299089344,0.5,0.21025532955448856,0.0,0.011278195488721804,0.015037593984962405,5.0,3.0
emblematica:E011033,2803,744,0.8743705652481896,1.0,0.7747934574251603,0.0013440860215053765,0.005376344086021506,0.010752688172043012,9.0,3.0
emblematica:E011034,2803,742,0.7388643526275119,1.0,0.7789827379018066,0.0013477088948787063,0.004043126684636119,0.008086253369272238,7.0,3.0
emblematica:E011035,2803,760,0.8532721558012798,0.5,0.7853123609284058,0.0,0.005263157894736842,0.011842105263157895,6.0,4.0
emblematica:E011036,2803,751,0.7388643526275119,1.0,0.7597765369260459,0.0013315579227696406,0.0039946737683089215,0.007989347536617843,13.5,3.5
emblematica:E011037,2803,724,0.9266360779006398,1.0,0.7762589276435327,0.0013812154696132596,0.0055248618784530384,0.012430939226519336,3.5,3.5
emblematica:E011038,2803,957,0.8403727621315898,1.0,0.6986404881040784,0.0010449320794148381,0.0041797283176593526,0.0073145245559038665,41.5,4.0
emblematica:E011039,2803,756,0.9477344873475497,1.0,0.7734916421060256,0.0013227513227513227,0.006613756613756613,0.011904761904761904,4.0,3.0
emblematica:E011040,2803,716,0.6894512701078089,0.5,0.7611621885652353,0.0,0.004189944134078212,0.008379888268156424,7.0,3.0
emblematica:E011041,2803,153,0.5018940181234516,0.3333333333333333,0.18309324892587173,0.0,0.006535947712418301,0.0196078431372549,2.5,4.0
emblematica:E011042,2803,762,0.9558305176970738,1.0,0.7689152605507743,0.0013123359580052493,0.006561679790026247,0.011811023622047244,12.0,3.0
emblematica:E011043,2803,325,0.3475238529402701,0.07692307692307693,0.14629077258543022,0.0,0.0,0.0,10.0,4.0
emblematica:E011044,2803,735,0.8943286401726791,1.0,0.7896402465901822,0.0013605442176870747,0.005442176870748299,0.010884353741496598,1.5,3.0
emblematica:E011045,2803,834,0.7622690409355825,1.0,0.7578675646176785,0.001199040767386091,0.0035971223021582736,0.007194244604316547,17.0,4.0
emblematica:E011046,2803,804,0.9069212362975004,1.0,0.7511323296200121,0.0012437810945273632,0.006218905472636816,0.009950248756218905,16.0,3.0
emblematica:E011047,2803,744,0.8532721558012798,0.5,0.7826080077947556,0.0,0.005376344086021506,0.012096774193548387,8.0,3.0
emblematica:E011048,2803,977,0.7378144002357957,0.5,0.7165799429356423,0.0,0.0030706243602865915,0.007164790174002047,11.0,4.0
emblematica:E011049,2803,827,0.7411706314886727,0.5,0.7594711544948369,0.0,0.0036275695284159614,0.007255139056831923,20.0,4.0
emblematica:E011050,2803,735,1.0,1.0,0.7595080447161681,0.0013605442176870747,0.006802721088435374,0.013605442176870748,10.5,3.0
emblematica:E011051,2803,926,0.8969504402810676,1.0,0.7252032104483396,0.0010799136069114472,0.004319654427645789,0.008639308855291577,10.0,3.0
emblematica:E011052,2803,735,0.8988252059479763,1.0,0.7624230421021407,0.0013605442176870747,0.006802721088435374,0.010884353741496598,1.0,4.0
emblematica:E011053,2803,727,0.9134166588977728,1.0,0.7627269619448126,0.001375515818431912,0.0068775790921595595,0.011004126547455296,7.0,3.0
emblematica:E011054,2803,787,0.8988252059479763,1.0,0.7726506411350094,0.0012706480304955528,0.0063532401524777635,0.010165184243964422,10.5,3.5
emblematica:E011055,2803,770,0.9266360779006398,1.0,0.7741343911440005,0.0012987012987012987,0.005194805194805195,0.011688311688311689,12.5,3.0
emblematica:E011056,2803,1010,0.8442327945045964,0.3333333333333333,0.6921597860659942,0.0,0.0019801980198019802,0.006930693069306931,27.5,4.0
emblematica:E011057,2803,737,0.9575861412006987,1.0,0.7716485219776917,0.0013568521031207597,0.0067842605156037995,0.012211668928086838,7.0,4.0
emblematica:E011058,2803,760,0.6678067093893125,0.5,0.7605365202154307,0.0,0.002631578947368421,0.007894736842105263,15.0,3.0
emblematica:E011059,2803,752,0.9558305176970738,1.0,0.7712472311910048,0.0013297872340425532,0.006648936170212766,0.011968085106382979,10.5,3.5
emblematica:E011060,2803,870,1.0,1.0,0.892820537804131,0.0011494252873563218,0.005747126436781609,0.011494252873563218,11.0,3.0
emblematica:E011061,2803,755,0.7580753931105215,0.5,0.784115452478129,0.0,0.005298013245033113,0.009271523178807948,4.0,4.0
emblematica:E011062,2803,765,0.8564113471486752,1.0,0.7728353908617316,0.00130718954248366,0.006535947712418301,0.009150326797385621,13.0,3.5
emblematica:E011063,2803,50,0.37962081462451813,0.125,0.0304019133301789,0.0,0.0,0.02,3.0,3.5
emblematica:E011064,2803,801,0.9510907186004266,1.0,0.7407981270772365,0.0012484394506866417,0.006242197253433208,0.011235955056179775,15.0,3.5
emblematica:E011065,2803,866,0.9266360779006398,1.0,0.7539755350262266,0.0011547344110854503,0.004618937644341801,0.010392609699769052,25.5,3.5
emblematica:E011066,2803,759,1.0,1.0,0.7659593372694026,0.0013175230566534915,0.006587615283267457,0.013175230566534914,4.0,3.0
emblematica:E011067,2803,815,0.9008240627729515,1.0,0.7802308425504482,0.001226993865030675,0.0049079754601227,0.0098159509202454,2.0,3.0
emblematica:E011068,2803,725,0.790079912888246,0.5,0.7747438773896382,0.0,0.004137931034482759,0.011034482758620689,7.0,3.0
emblematica:E011069,2803,723,0.9112986599095139,1.0,0.7680593507792315,0.0013831258644536654,0.006915629322268326,0.011065006915629323,1.0,3.0
emblematica:E011070,2803,216,0.3333333333333333,0.07692307692307693,0.17120332444083985,0.0,0.0,0.0,9.0,3.0
emblematica:E011071,2803,722,0.7283897554909494,1.0,0.7586932504616678,0.0013850415512465374,0.002770083102493075,0.008310249307479225,10.0,3.0
emblematica:E011072,2803,912,0.9558305176970738,1.0,0.8758306202575433,0.0010964912280701754,0.005482456140350877,0.009868421052631578,18.0,4.0
emblematica:E011073,2803,744,0.790079912888246,0.5,0.7654542697387793,0.0,0.004032258064516129,0.010752688172043012,7.0,3.0
emblematica:E011074,2803,713,0.8988252059479763,1.0,0.7859761221619518,0.001402524544179523,0.0070126227208976155,0.011220196353436185,3.0,4.0
emblematica:E011075,2803,764,0.9575861412006987,1.0,0.7823029503997764,0.0013089005235602095,0.006544502617801047,0.011780104712041885,1.0,3.0
emblematica:E011076,2803,714,0.747477774216043,1.0,0.7546364174535601,0.0014005602240896359,0.004201680672268907,0.008403361344537815,2.0,3.0
emblematica:E011077,2803,711,0.8379347378101539,1.0,0.767217858290763,0.0014064697609001407,0.005625879043600563,0.009845288326300985,3.0,3.5
emblematica:E011078,2803,760,0.9368077570869661,1.0,0.7590275021459363,0.0013157894736842105,0.005263157894736842,0.011842105263157895,15.5,3.0
emblematica:E011079,2803,172,0.5705181411261643,1.0,0.1922273586032186,0.005813953488372093,0.005813953488372093,0.01744186046511628,1.0,4.5
emblematica:E011080,2803,747,0.74591043058532,0.5,0.764750146308641,0.0,0.004016064257028112,0.009370816599732263,28.0,3.0
emblematica:E011081,2803,733,0.8926382747840401,1.0,0.7746723425752671,0.001364256480218281,0.005457025920873124,0.010914051841746248,10.0,3.0
emblematica:E011082,2803,755,0.8943938982876649,1.0,0.7802562517933099,0.0013245033112582781,0.005298013245033113,0.010596026490066225,10.0,4.0
emblematica:E011083,2803,764,0.8108582970019786,0.5,0.7768103599895373,0.0,0.005235602094240838,0.010471204188481676,25.0,3.0
emblematica:E011084,2803,868,0.8743705652481896,1.0,0.732423862760946,0.001152073732718894,0.004608294930875576,0.009216589861751152,20.5,4.5
emblematica:E011085,2803,927,0.7524723629241633,0.5,0.6960934270536602,0.0,0.003236245954692557,0.006472491909385114,9.0,3.0
emblematica:E011086,2803,196,0.4487910888988174,0.25,0.19140842371466002,0.0,0.00510204081632653,0.01020408163265306,11.0,4.0
emblematica:E011087,2803,758,0.9266360779006398,1.0,0.7719547851931929,0.0013192612137203166,0.005277044854881266,0.011873350923482849,11.0,3.0
emblematica:E011088,2803,764,0.7476660540889448,0.5,0.7446224145715845,0.0,0.003926701570680628,0.009162303664921465,14.0,3.0
emblematica:E011089,2803,768,1.0,1.0,0.7740388389189862,0.0013020833333333333,0.006510416666666667,0.013020833333333334,25.0,3.0
emblematica:E011090,2803,814,0.9668728882728055,1.0,0.7507857500885394,0.0012285012285012285,0.006142506142506142,0.011056511056511056,17.5,4.0
emblematica:E011091,2803,836,0.8502244159847389,1.0,0.7358242276566447,0.0011961722488038277,0.004784688995215311,0.008373205741626795,12.5,3.5
emblematica:E011092,2803,743,0.8506629589898829,1.0,0.7671123843921376,0.0013458950201884253,0.004037685060565276,0.010767160161507403,1.0,4.0
emblematica:E011093,2803,880,1.0,1.0,0.8918769385236189,0.0011363636363636363,0.005681818181818182,0.011363636363636364,3.0,3.0
emblematica:E011094,2803,739,0.8442327945045964,1.0,0.7688839283424989,0.0013531799729364006,0.0040595399188092015,0.010825439783491205,9.5,4.5
emblematica:E011095,2803,724,0.8800456786592188,1.0,0.7578239600551085,0.0013812154696132596,0.004143646408839779,0.011049723756906077,3.5,3.0
emblematica:E011096,2803,751,0.8480411588814943,1.0,0.7661276449105179,0.0013315579227696406,0.005326231691078562,0.009320905459387484,10.0,3.5
emblematica:E011097,2803,742,0.8743705652481896,1.0,0.7750142265371149,0.0013477088948787063,0.005390835579514825,0.01078167115902965,17.0,4.0
emblematica:E011098,2803,820,0.9432379215722525,1.0,0.755034947177936,0.0012195121951219512,0.004878048780487805,0.01097560975609756,20.0,3.0
emblematica:E011099,2803,724,0.6431637888166241,0.25,0.7742378047531646,0.0,0.0027624309392265192,0.008287292817679558,5.0,3.0
emblematica:E011100,2803,213,0.43651176061552827,0.5,0.1771099511034821,0.0,0.004694835680751174,0.004694835680751174,7.0,4.0
emblematica:E011101,2803,715,0.9266360779006398,1.0,0.7649732825438899,0.0013986013986013986,0.005594405594405594,0.012587412587412588,4.0,4.0
emblematica:E011102,2803,712,0.9134166588977728,1.0,0.7858775642033735,0.0014044943820224719,0.007022471910112359,0.011235955056179775,2.5,3.5
emblematica:E011103,2803,759,0.7357387513989938,0.5,0.7695652361380884,0.0,0.003952569169960474,0.00922266139657444,13.0,3.0
emblematica:E011104,2803,951,0.6844085530609253,0.5,0.7034240843290361,0.0,0.002103049421661409,0.006309148264984227,27.0,4.0
emblematica:E011105,2803,743,0.9537125187088151,1.0,0.7673115527253608,0.0013458950201884253,0.006729475100942127,0.012113055181695828,13.0,3.5
emblematica:E011106,2803,736,0.7666888146990526,0.5,0.7535936681275051,0.0,0.005434782608695652,0.009510869565217392,6.0,4.0
emblematica:E011107,2803,773,0.8926382747840401,1.0,0.7627103408622704,0.00129366106080207,0.00517464424320828,0.01034928848641656,14.0,3.0
emblematica:E011108,2803,714,0.9510907186004266,1.0,0.7918365688061261,0.0014005602240896359,0.0070028011204481795,0.011204481792717087,2.0,3.0
emblematica:E011109,2803,233,0.5809927382627267,1.0,0.19244921579929242,0.004291845493562232,0.008583690987124463,0.012875536480686695,6.0,4.0
emblematica:E011110,2803,180,0.48960433994886654,0.25,0.19340338375455465,0.0,0.005555555555555556,0.016666666666666666,5.5,3.5
emblematica:E011111,2803,965,0.9074250374176303,1.0,0.7225601574093826,0.0010362694300518134,0.004145077720207254,0.00932642487046632,16.0,4.0
emblematica:E011112,2803,725,0.7542279640345066,1.0,0.7571565854542256,0.001379310344827586,0.004137931034482759,0.008275862068965517,13.0,3.0
emblematica:E011113,2803,733,0.7957756462290442,1.0,0.7595826515507021,0.001364256480218281,0.005457025920873124,0.008185538881309686,6.0,4.0
emblematica:E011114,2803,784,0.9432379215722525,1.0,0.7585151479628057,0.0012755102040816326,0.00510204081632653,0.011479591836734694,13.5,3.5
emblematica:E011115,2803,180,0.4756213960953483,0.25,0.18132870743979168,0.0,0.005555555555555556,0.011111111111111112,4.0,4.0
emblematica:E011116,2803,719,0.8532721558012798,0.5,0.7940810657373296,0.0,0.005563282336578581,0.012517385257301807,4.5,3.0
emblematica:E011117,2803,732,0.9014470060563649,1.0,0.7706863992628206,0.001366120218579235,0.006830601092896175,0.01092896174863388,3.0,5.0
emblematica:E011118,2803,735,0.9537125187088151,1.0,0.7695343016979836,0.0013605442176870747,0.006802721088435374,0.012244897959183673,7.0,3.5
emblematica:E011119,2803,840,1.0,1.0,0.9057985266624526,0.0011904761904761906,0.005952380952380952,0.011904761904761904,4.5,3.0
emblematica:E011120,2803,844,0.9510907186004266,1.0,0.7342665814018181,0.001184834123222749,0.005924170616113744,0.01066350710900474,17.0,3.0
emblematica:E011121,2803,723,0.8585157560180569,1.0,0.7561365898775783,0.0013831258644536654,0.005532503457814661,0.011065006915629323,5.0,4.0
emblematica:E011122,2803,730,0.7099267362713053,0.5,0.7509974971470713,0.0,0.00410958904109589,0.00821917808219178,2.0,3.0
emblematica:E011123,2803,713,0.7965100773735325,0.5,0.7870920826001752,0.0,0.004207573632538569,0.011220196353436185,1.0,4.0
emblematica:E011124,2803,736,0.9368077570869661,1.0,0.773523539659162,0.001358695652173913,0.005434782608695652,0.012228260869565218,6.0,3.0
emblematica:E011125,2803,808,0.7957756462290442,1.0,0.7349412810690396,0.0012376237623762376,0.0049504950495049506,0.007425742574257425,17.5,5.0
emblematica:E011126,2803,778,0.674113852116683,0.3333333333333333,0.7410080409900632,0.0,0.0038560411311053984,0.007712082262210797,10.5,3.5
emblematica:E011127,2803,922,0.8254612838486163,1.0,0.711028609275449,0.0010845986984815619,0.004338394793926247,0.007592190889370932,8.0,3.0
emblematica:E011128,2803,745,0.9368077570869661,1.0,0.7858767633760464,0.0013422818791946308,0.005369127516778523,0.012080536912751677,3.0,3.0
emblematica:E011129,2803,156,0.3333333333333333,0.09090909090909091,0.17535108777029665,0.0,0.0,0.0,2.5,4.0
emblematica:E011130,2803,161,0.48960433994886654,0.25,0.18168001198576533,0.0,0.006211180124223602,0.018633540372670808,4.5,4.0
emblematica:E011131,2803,757,0.8416109943962079,1.0,0.74783833908812,0.001321003963011889,0.005284015852047556,0.009247027741083224,16.5,3.0
emblematica:E011132,2803,743,0.810990042462254,1.0,0.7441990892849693,0.0013458950201884253,0.005383580080753701,0.009421265141318977,2.0,3.0
emblematica:E011133,2803,191,0.39652557624636714,0.25,0.1899986358038871,0.0,0.005235602094240838,0.005235602094240838,6.0,4.0
emblematica:E011134,2803,737,0.9432379215722525,1.0,0.7693842844825598,0.0013568521031207597,0.005427408412483039,0.012211668928086838,7.5,3.5
emblematica:E011135,2803,714,0.9074250374176303,1.0,0.7670029031930874,0.0014005602240896359,0.0056022408963585435,0.012605042016806723,2.0,3.0
emblematica:E011136,2803,728,0.7520973617492562,0.5,0.7532010439712028,0.0,0.005494505494505495,0.009615384615384616,3.0,3.0
emblematica:E011137,2803,741,0.8169680738235193,1.0,0.7733955606935746,0.001349527665317139,0.005398110661268556,0.009446693657219974,11.0,4.0
emblematica:E011138,2803,60,0.3333333333333333,0.0625,0.041693803360547475,0.0,0.0,0.0,6.5,3.5
emblematica:E011139,2803,813,0.9266360779006398,1.0,0.7690504183918396,0.0012300123001230013,0.004920049200492005,0.01107011070110701,18.0,3.0
emblematica:E011140,2803,728,0.9558305176970738,1.0,0.7637981646030134,0.0013736263736263737,0.006868131868131868,0.012362637362637362,6.0,3.0
emblematica:E011141,2803,722,0.9074250374176303,1.0,0.7615718226813859,0.0013850415512465374,0.00554016620498615,0.012465373961218837,1.0,3.0
emblematica:E011142,2803,43,0.3333333333333333,0.05,0.04215543418765967,0.0,0.0,0.0,2.0,4.0
emblematica:E011143,2803,784,0.7799082337019198,0.5,0.7534403966500857,0.0,0.003826530612244898,0.01020408163265306,9.0,3.0
emblematica:E011144,2803,790,0.8777267965010666,1.0,0.7651437490873549,0.0012658227848101266,0.005063291139240506,0.010126582278481013,14.5,3.0
emblematica:E011145,2803,756,0.8069846745100949,0.5,0.7505779755399626,0.0,0.005291005291005291,0.010582010582010581,3.0,3.0
emblematica:E011146,2803,161,0.6481044710831648,1.0,0.20568712867983877,0.006211180124223602,0.012422360248447204,0.024844720496894408,3.5,4.5
emblematica:E011147,2803,64,0.3333333333333333,0.07142857142857142,0.02834963036514299,0.0,0.0,0.0,2.5,4.0
emblematica:E011148,2803,721,0.9432379215722525,1.0,0.788972814725239,0.0013869625520110957,0.005547850208044383,0.012482662968099861,1.5,3.0
emblematica:E011149,2803,782,0.9084363355122985,1.0,0.7514088656020448,0.0012787723785166241,0.005115089514066497,0.010230179028132993,2.0,3.0
emblematica:E011150,2803,718,0.9537125187088151,1.0,0.7979974329042953,0.001392757660167131,0.006963788300835654,0.012534818941504178,1.0,3.0
emblematica:E011151,2803,722,0.9432379215722525,1.0,0.7918091062927919,0.0013850415512465374,0.00554016620498615,0.0110803324099723,5.0,3.0
emblematica:E011152,2803,754,0.8777267965010666,1.0,0.7850318737409091,0.001326259946949602,0.005305039787798408,0.010610079575596816,3.0,3.5
emblematica:E011153,2803,732,0.8043628744017064,0.5,0.7857583765082757,0.0,0.00546448087431694,0.01092896174863388,6.0,3.0
emblematica:E011154,2803,762,0.7309989523023463,0.5,0.7798219046464174,0.0,0.003937007874015748,0.009186351706036745,8.0,3.0
emblematica:E011155,2803,741,0.9510907186004266,1.0,0.7615641477439052,0.001349527665317139,0.006747638326585695,0.012145748987854251,6.0,3.0
emblematica:E011156,2803,820,0.8532721558012798,0.5,0.7543104947308221,0.0,0.004878048780487805,0.01097560975609756,37.5,3.5
emblematica:E011157,2803,797,0.8532721558012798,0.5,0.7400630311441598,0.0,0.005018820577164366,0.011292346298619825,18.0,3.0
emblematica:E011158,2803,798,0.8532721558012798,0.5,0.7424660577780765,0.0,0.005012531328320802,0.011278195488721804,7.0,3.5
emblematica:E011159,2803,856,0.790079912888246,0.5,0.7315753658535183,0.0,0.0035046728971962616,0.009345794392523364,5.5,3.0
emblematica:E011160,2803,761,0.8340611153182702,1.0,0.752935670998902,0.001314060446780552,0.003942181340341655,0.010512483574244415,12.0,3.0
emblematica:E011161,2803,716,0.9510907186004266,1.0,0.8042807092333148,0.0013966480446927375,0.006983240223463687,0.012569832402234637,2.5,3.5
emblematica:E011162,2803,771,0.8313928408361743,1.0,0.7766793471146773,0.0012970168612191958,0.0038910505836575876,0.009079118028534372,14.0,3.0
emblematica:E011163,2803,922,0.7937652555072279,1.0,0.7336476759614912,0.0010845986984815619,0.004338394793926247,0.006507592190889371,5.0,3.0
emblematica:E011164,2803,722,0.76069719321891,0.3333333333333333,0.7892293590379835,0.0,0.004155124653739612,0.0110803324099723,6.0,4.0
emblematica:E011165,2803,35,0.3333333333333333,0.038461538461538464,0.03961032527396757,0.0,0.0,0.0,2.0,4.0
emblematica:E011166,2803,728,0.8069846745100949,0.5,0.7942814172960124,0.0,0.005494505494505495,0.01098901098901099,2.0,3.0
emblematica:E011167,2803,756,0.7713210055292575,1.0,0.7543448428848032,0.0013227513227513227,0.003968253968253968,0.007936507936507936,15.0,3.0
emblematica:E011168,2803,799,0.9053206285482487,1.0,0.7504608342682181,0.0012515644555694619,0.006257822277847309,0.010012515644555695,23.0,4.0
emblematica:E011169,2803,788,0.7385126669714611,0.5,0.7443955605498744,0.0,0.0038071065989847717,0.007614213197969543,12.0,3.0
emblematica:E011170,2803,746,0.8532721558012798,0.5,0.7756483933785154,0.0,0.005361930294906166,0.012064343163538873,12.0,3.0
emblematica:E011171,2803,66,0.3333333333333333,0.03333333333333333,0.04643086926453427,0.0,0.0,0.0,3.5,4.0
emblematica:E011172,2803,728,0.9014470060563649,1.0,0.7999313429326197,0.0013736263736263737,0.006868131868131868,0.01098901098901099,2.0,3.5
emblematica:E011173,2803,802,0.6757117755987985,0.3333333333333333,0.7618843010371064,0.0,0.0024937655860349127,0.007481296758104738,6.0,3.0
emblematica:E011174,2803,769,1.0,1.0,0.7837714530675349,0.0013003901170351106,0.005201560468140442,0.011703511053315995,17.0,3.5
emblematica:E011175,2803,719,0.8743705652481896,1.0,0.7891671602898274,0.0013908205841446453,0.005563282336578581,0.011126564673157162,2.5,4.0
emblematica:E011176,2803,844,0.9266360779006398,1.0,0.7667296669674254,0.001184834123222749,0.004739336492890996,0.01066350710900474,23.5,3.5
emblematica:E011177,2803,730,0.9537125187088151,1.0,0.7926684478621029,0.0013698630136986301,0.00684931506849315,0.012328767123287671,6.0,4.0
emblematica:E011178,2803,743,0.9074250374176303,1.0,0.7897422577324918,0.0013458950201884253,0.005383580080753701,0.012113055181695828,9.5,3.0
emblematica:E011179,2803,720,0.7117879118193368,0.3333333333333333,0.7835164245882762,0.0,0.004166666666666667,0.009722222222222222,3.0,5.0
emblematica:E011180,2803,753,0.8943286401726791,1.0,0.7894507087454979,0.0013280212483399733,0.005312084993359893,0.010624169986719787,14.0,3.5
emblematica:E011181,2803,736,0.8926382747840401,1.0,0.7569139958857699,0.001358695652173913,0.005434782608695652,0.010869565217391304,4.0,3.0
emblematica:E011182,2803,742,0.9266360779006398,1.0,0.7722559369984897,0.0013477088948787063,0.005390835579514825,0.012129380053908356,4.0,4.0
emblematica:E011183,2803,173,0.41991667443556047,0.1111111111111111,0.07541345756075922,0.0,0.0,0.011560693641618497,8.0,3.0
emblematica:E011184,2803,717,0.8611375561264454,1.0,0.7646204189618524,0.001394700139470014,0.005578800557880056,0.011157601115760111,2.5,3.5
emblematica:E011185,2803,726,1.0,1.0,0.780523038550731,0.0013774104683195593,0.006887052341597796,0.013774104683195593,4.0,4.0
emblematica:E011186,2803,227,0.48960433994886654,0.25,0.1866384368676247,0.0,0.004405286343612335,0.004405286343612335,15.0,4.0
emblematica:E011187,2803,751,0.8235865181817077,1.0,0.7484028692699821,0.0013315579227696406,0.0039946737683089215,0.009320905459387484,7.0,4.0
emblematica:E011188,2803,805,0.9266360779006398,1.0,0.7960035862295238,0.0012422360248447205,0.004968944099378882,0.011180124223602485,3.0,3.0
emblematica:E011189,2803,937,0.8010066431488296,0.5,0.7238709624147487,0.0,0.004268943436499467,0.008537886872998933,7.5,3.0
emblematica:E011190,2803,711,0.7250335242380727,1.0,0.775513632117532,0.0014064697609001407,0.0028129395218002813,0.008438818565400843,1.0,4.0
emblematica:E011191,2803,713,1.0,1.0,0.7700401911230783,0.001402524544179523,0.0070126227208976155,0.014025245441795231,2.5,4.0
emblematica:E011192,2803,733,0.9510907186004266,1.0,0.7826914638726938,0.001364256480218281,0.0068212824010914054,0.01227830832196453,4.0,4.0
emblematica:E011193,2803,972,0.9537125187088151,1.0,0.7093640528687388,0.00102880658436214,0.0051440329218107,0.009259259259259259,53.5,3.0
emblematica:E011194,2803,739,0.81927435268468,1.0,0.7629794496139709,0.0013531799729364006,0.0040595399188092015,0.009472259810554804,10.0,3.0
emblematica:E011195,2803,184,0.3900954117610806,0.2,0.17114477211847853,0.0,0.005434782608695652,0.005434782608695652,2.0,3.0
emblematica:E011196,2803,722,1.0,1.0,0.7962651515795598,0.0013850415512465374,0.006925207756232687,0.013850415512465374,3.5,3.5
emblematica:E011197,2803,756,1.0,1.0,0.7806982272387682,0.0013227513227513227,0.006613756613756613,0.013227513227513227,26.5,3.5
emblematica:E011198,2803,788,0.8480411588814943,1.0,0.728922478163449,0.0012690355329949238,0.005076142131979695,0.008883248730964468,19.5,3.5
emblematica:E011199,2803,1124,1.0,1.0,0.7106536962081352,0.0008896797153024911,0.004448398576512456,0.008896797153024912,8.0,4.0
emblematica:E011200,2803,728,1.0,1.0,0.7626697101128384,0.0013736263736263737,0.006868131868131868,0.013736263736263736,7.5,3.0
emblematica:E011201,2803,732,0.9432379215722525,1.0,0.7905070816660817,0.001366120218579235,0.00546448087431694,0.012295081967213115,9.0,3.0
emblematica:E011202,2803,737,0.8988252059479763,1.0,0.7804598670661381,0.0013568521031207597,0.0067842605156037995,0.010854816824966078,3.0,3.0
emblematica:E011203,2803,753,0.909543036405889,1.0,0.784674656608544,0.0013280212483399733,0.006640106241699867,0.010624169986719787,15.0,3.0
emblematica:E011204,2803,720,1.0,1.0,0.787957841616398,0.001388888888888889,0.006944444444444444,0.013888888888888888,4.0,3.0
emblematica:E011205,2803,754,0.76069719321891,0.3333333333333333,0.7413355838191343,0.0,0.003978779840848806,0.010610079575596816,6.0,3.0
emblematica:E011206,2803,880,0.8111783223351559,1.0,0.7045594853337007,0.0011363636363636363,0.003409090909090909,0.007954545454545454,17.0,4.0
emblematica:E011207,2803,773,0.9477344873475497,1.0,0.7772914207458154,0.00129366106080207,0.00646830530401035,0.01164294954721863,12.0,3.0
emblematica:E011208,2803,765,0.9074250374176303,1.0,0.7754705757765976,0.00130718954248366,0.00522875816993464,0.011764705882352941,13.5,3.5
emblematica:E011209,2803,757,0.9574284411791895,1.0,0.7945852785150521,0.001321003963011889,0.005284015852047556,0.011889035667107,12.5,3.0
emblematica:E011210,2803,722,0.9432379215722525,1.0,0.7939419174919744,0.0013850415512465374,0.00554016620498615,0.012465373961218837,5.0,3.0
emblematica:E011211,2803,822,0.8506629589898829,1.0,0.75714640660219,0.0012165450121654502,0.0036496350364963502,0.009732360097323601,7.0,3.0
emblematica:E011212,2803,750,0.8340611153182702,1.0,0.7798623425787066,0.0013333333333333333,0.004,0.010666666666666666,3.5,3.0
emblematica:E011213,2803,785,0.836179114306529,1.0,0.7593793477338612,0.0012738853503184713,0.005095541401273885,0.008917197452229299,12.5,3.5
emblematica:E011214,2803,727,0.7666888146990526,0.5,0.7673329748530563,0.0,0.005502063273727648,0.009628610729023384,5.0,5.0
emblematica:E011215,2803,714,0.8905202757957813,1.0,0.7815706759460982,0.0014005602240896359,0.0056022408963585435,0.011204481792717087,2.0,4.0
emblematica:E011216,2803,209,0.42031445695417213,0.16666666666666666,0.17219686380893579,0.0,0.0,0.004784688995215311,1.5,3.0
emblematica:E011217,2803,709,0.8501591578697532,1.0,0.7661739871046498,0.0014104372355430183,0.005641748942172073,0.009873060648801129,1.0,3.0
emblematica:E011218,2803,712,0.9266360779006398,1.0,0.7759688701459756,0.0014044943820224719,0.0056179775280898875,0.012640449438202247,1.0,3.5
emblematica:E011219,2803,747,0.9526058178152246,1.0,0.7886058810474684,0.0013386880856760374,0.00535475234270415,0.012048192771084338,12.5,4.0
emblematica:E011220,2803,751,0.8506629589898829,1.0,0.7817518530097961,0.0013315579227696406,0.0039946737683089215,0.010652463382157125,11.0,4.0
emblematica:E011221,2803,709,0.8506629589898829,1.0,0.7972529046240532,0.0014104372355430183,0.004231311706629055,0.011283497884344146,1.0,3.0
emblematica:E011222,2803,722,0.9510907186004266,1.0,0.7926434081065261,0.0013850415512465374,0.006925207756232687,0.012465373961218837,4.0,4.0
emblematica:E011223,2803,722,1.0,1.0,0.7960534488461503,0.0013850415512465374,0.006925207756232687,0.013850415512465374,4.0,3.0
emblematica:E011224,2803,735,0.9537125187088151,1.0,0.8065002191775132,0.0013605442176870747,0.006802721088435374,0.012244897959183673,1.0,4.0
emblematica:E011225,2803,718,0.7279512124858055,1.0,0.7525669597051239,0.001392757660167131,0.004178272980501393,0.006963788300835654,2.5,3.5
emblematica:E011226,2803,740,0.8698739994728926,1.0,0.7781172458249813,0.0013513513513513514,0.004054054054054054,0.010810810810810811,8.5,4.0
emblematica:E011227,2803,776,0.8564113471486752,1.0,0.7696983337062512,0.001288659793814433,0.006443298969072165,0.00902061855670103,15.0,3.0
emblematica:E011228,2803,772,1.0,1.0,0.7739687691051995,0.0012953367875647669,0.006476683937823834,0.012953367875647668,11.0,3.0
emblematica:E011229,2803,726,0.909543036405889,1.0,0.7661185212984953,0.0013774104683195593,0.006887052341597796,0.011019283746556474,6.5,3.0
emblematica:E011230,2803,724,0.70567425164439,0.25,0.7618527127711725,0.0,0.0027624309392265192,0.009668508287292817,1.5,3.5
emblematica:E011231,2803,864,0.9537125187088151,1.0,0.7240195509196178,0.0011574074074074073,0.005787037037037037,0.010416666666666666,23.0,3.0
emblematica:E011232,2803,717,0.8062502433656067,1.0,0.7922106247453122,0.001394700139470014,0.005578800557880056,0.009762900976290097,4.0,3.0
emblematica:E011233,2803,724,0.8611375561264454,1.0,0.7739443788724849,0.0013812154696132596,0.0055248618784530384,0.011049723756906077,6.5,3.0
emblematica:E011234,2803,872,1.0,1.0,0.7228018218732879,0.0011467889908256881,0.005733944954128441,0.011467889908256881,4.0,4.0
emblematica:E011235,2803,769,0.7547191618576448,0.5,0.7699652871700927,0.0,0.005201560468140442,0.009102730819245773,15.0,3.0
emblematica:E011236,2803,886,0.9432379215722525,1.0,0.7544829458433477,0.001128668171557562,0.004514672686230248,0.010158013544018058,15.0,3.0
emblematica:E011237,2803,170,0.3333333333333333,0.058823529411764705,0.1639843303001682,0.0,0.0,0.0,1.0,4.0
emblematica:E011238,2803,770,0.9266360779006398,1.0,0.773711963565091,0.0012987012987012987,0.005194805194805195,0.011688311688311689,13.0,3.0
emblematica:E011239,2803,781,0.7806100214604225,1.0,0.7698501113137844,0.0012804097311139564,0.0038412291933418692,0.0076824583866837385,11.0,3.5
emblematica:E011240,2803,937,0.9086768598011253,1.0,0.7057997919630266,0.0010672358591248667,0.005336179295624333,0.008537886872998933,4.0,3.0
emblematica:E011241,2803,737,0.8777267965010666,1.0,0.7821650389838829,0.0013568521031207597,0.005427408412483039,0.010854816824966078,7.0,3.0
emblematica:E011242,2803,719,0.7157932797714958,1.0,0.7925134548122991,0.0013908205841446453,0.005563282336578581,0.006954102920723227,1.5,3.0
emblematica:E011243,2803,854,0.8506629589898829,1.0,0.7616587453869562,0.00117096018735363,0.00351288056206089,0.00936768149882904,22.5,3.0
emblematica:E011244,2803,728,1.0,1.0,0.7879411661186465,0.0013736263736263737,0.006868131868131868,0.013736263736263736,4.5,3.0
emblematica:E011245,2803,807,0.8611375561264454,1.0,0.7402406820521793,0.0012391573729863693,0.004956629491945477,0.009913258983890954,30.5,3.5
emblematica:E011246,2803,759,0.8017536775903096,1.0,0.7458349961140929,0.0013175230566534915,0.002635046113306983,0.007905138339920948,12.0,4.0
emblematica:E011247,2803,750,0.9134166588977728,1.0,0.7674604213977755,0.0013333333333333333,0.006666666666666667,0.010666666666666666,8.0,3.0
emblematica:E011248,2803,715,0.9558305176970738,1.0,0.784539692686386,0.0013986013986013986,0.006993006993006993,0.012587412587412588,3.0,3.5
emblematica:E011249,2803,821,0.8698739994728926,1.0,0.7334839421860624,0.001218026796589525,0.0036540803897685747,0.0097442143727162,11.0,4.0
emblematica:E011250,2803,710,0.8545365814817666,1.0,0.7601110770063312,0.0014084507042253522,0.005633802816901409,0.009859154929577466,1.5,3.5
emblematica:E011251,2803,805,1.0,1.0,0.743494838865616,0.0012422360248447205,0.006211180124223602,0.012422360248447204,6.5,3.5
emblematica:E011252,2803,721,0.836179114306529,1.0,0.7899699658407203,0.0013869625520110957,0.005547850208044383,0.009708737864077669,4.0,3.0
emblematica:E011253,2803,750,0.8743705652481896,1.0,0.762557398753437,0.0013333333333333333,0.005333333333333333,0.010666666666666666,6.0,3.0
emblematica:E011254,2803,730,1.0,1.0,0.7801160971458072,0.0013698630136986301,0.00684931506849315,0.0136986301369863,4.5,3.5
emblematica:E011255,2803,746,1.0,1.0,0.7596232273506046,0.0013404825737265416,0.006702412868632708,0.013404825737265416,6.5,4.0
emblematica:E011256,2803,10,0.3333333333333333,0.0049504950495049506,0.005357209189735397,0.0,0.0,0.0,1.0,4.0
emblematica:E011257,2803,940,0.7799082337019198,0.5,0.7140499763296803,0.0,0.0031914893617021275,0.00851063829787234,10.5,3.5
emblematica:E011258,2803,179,0.5289704589316268,1.0,0.17806140342468346,0.00558659217877095,0.00558659217877095,0.0111731843575419,4.0,3.5
emblematica:E011259,2803,72,0.34490520365612953,0.06666666666666667,0.027635357953949974,0.0,0.0,0.0,3.0,3.0
emblematica:E011260,2803,133,0.4237902969274442,0.125,0.09622295167158992,0.0,0.0,0.015037593984962405,2.0,3.0
emblematica:E011261,2803,789,0.9510907186004266,1.0,0.7853086231757009,0.0012674271229404308,0.0063371356147021544,0.011406844106463879,1.0,3.0
emblematica:E011262,2803,732,1.0,1.0,0.7635355172748137,0.001366120218579235,0.006830601092896175,0.01366120218579235,7.0,5.0
emblematica:E011263,2803,709,0.8969504402810676,1.0,0.7582817307828406,0.0014104372355430183,0.005641748942172073,0.011283497884344146,1.0,3.0
emblematica:E011264,2803,200,0.5515377306675132,0.5,0.21006502228461632,0.0,0.01,0.015,11.0,4.0
emblematica:E011265,2803,867,0.9110525262978696,1.0,0.71441295156444,0.0011534025374855825,0.0057670126874279125,0.00922722029988466,10.5,3.5
emblematica:E011266,2803,718,1.0,1.0,0.7916335693431077,0.001392757660167131,0.006963788300835654,0.013927576601671309,1.5,3.5
emblematica:E011267,2803,739,0.9134166588977728,1.0,0.7662799280684093,0.0013531799729364006,0.006765899864682003,0.010825439783491205,5.0,3.0
emblematica:E011268,2803,717,0.9510907186004266,1.0,0.784077778322525,0.001394700139470014,0.005578800557880056,0.011157601115760111,6.0,3.0
emblematica:E011269,2803,725,0.6865988399750618,1.0,0.7484989857129402,0.001379310344827586,0.004137931034482759,0.006896551724137931,5.0,3.0
emblematica:E011270,2803,736,1.0,1.0,0.7718294843516236,0.001358695652173913,0.006793478260869565,0.01358695652173913,3.0,3.0
emblematica:E011271,2803,728,0.7832906583706654,1.0,0.7840488057062212,0.0013736263736263737,0.004120879120879121,0.008241758241758242,8.0,3.0
emblematica:E011272,2803,935,0.8698739994728926,1.0,0.7237028186902785,0.0010695187165775401,0.0032085561497326204,0.008556149732620321,9.5,3.5
emblematica:E011273,2803,719,0.9432379215722525,1.0,0.7578430937266599,0.0013908205841446453,0.005563282336578581,0.012517385257301807,2.5,3.0
emblematica:E011274,2803,885,1.0,1.0,0.7561120035473319,0.0011299435028248588,0.005649717514124294,0.011299435028248588,32.0,4.0
emblematica:E011275,2803,745,0.9432379215722525,1.0,0.7859308288629789,0.0013422818791946308,0.005369127516778523,0.012080536912751677,8.5,3.0
emblematica:E011276,2803,734,0.8480411588814943,1.0,0.7883540651547789,0.0013623978201634877,0.005449591280653951,0.009536784741144414,5.0,3.0
emblematica:E011277,2803,732,0.9086768598011253,1.0,0.7667342468311813,0.001366120218579235,0.006830601092896175,0.01092896174863388,3.0,4.0
emblematica:E011278,2803,713,0.7568371608459036,0.5,0.7958215487800033,0.0,0.005610098176718092,0.009817671809256662,2.5,3.0
emblematica:E011279,2803,947,0.7817956026658199,1.0,0.7143574538110612,0.0010559662090813093,0.0031678986272439284,0.006335797254487857,28.5,3.0
emblematica:E011280,2803,724,0.6894512701078089,0.5,0.7703591938371644,0.0,0.004143646408839779,0.008287292817679558,2.5,3.5
emblematica:E011281,2803,743,0.8909724089198024,1.0,0.7605475192958226,0.0013458950201884253,0.005383580080753701,0.010767160161507403,7.0,4.0
emblematica:E011282,2803,754,0.799497153256849,0.5,0.7552692090033027,0.0,0.005305039787798408,0.009283819628647215,15.0,3.0
emblematica:E011283,2803,727,0.8532721558012798,0.5,0.7723244766328927,0.0,0.005502063273727648,0.012379642365887207,7.5,3.5
emblematica:E011284,2803,733,0.8572775237534389,1.0,0.7926111001188985,0.001364256480218281,0.0068212824010914054,0.009549795361527967,4.0,3.5
emblematica:E011285,2803,815,0.7554661962991247,1.0,0.723933122477486,0.001226993865030675,0.0036809815950920245,0.007361963190184049,11.0,4.0
emblematica:E011286,2803,834,1.0,1.0,0.7451074466977448,0.001199040767386091,0.005995203836930456,0.011990407673860911,25.5,4.0
emblematica:E011287,2803,776,0.9432379215722525,1.0,0.7488838399186615,0.001288659793814433,0.005154639175257732,0.011597938144329897,15.0,3.5
emblematica:E011288,2803,984,0.9477344873475497,1.0,0.710586600353741,0.0010162601626016261,0.00508130081300813,0.009146341463414634,12.0,4.0
emblematica:E011289,2803,726,0.9575861412006987,1.0,0.791748193062254,0.0013774104683195593,0.006887052341597796,0.012396694214876033,3.0,3.0
emblematica:E011290,2803,784,0.9008240627729515,1.0,0.7507778547097681,0.0012755102040816326,0.00510204081632653,0.01020408163265306,8.0,4.0
emblematica:E011291,2803,759,0.9053206285482487,1.0,0.7575618392698399,0.0013175230566534915,0.005270092226613966,0.00922266139657444,4.0,3.5
emblematica:E011292,2803,724,0.8480411588814943,1.0,0.7686858688162064,0.0013812154696132596,0.0055248618784530384,0.009668508287292817,7.0,4.0
emblematica:E011293,2803,782,1.0,1.0,0.7545770471753571,0.0012787723785166241,0.00639386189258312,0.01278772378516624,16.0,3.0
emblematica:E011294,2803,782,0.9086768598011253,1.0,0.7509540204792811,0.0012787723785166241,0.00639386189258312,0.010230179028132993,6.0,3.0
emblematica:E011295,2803,766,1.0,1.0,0.7636217074792098,0.0013054830287206266,0.006527415143603133,0.013054830287206266,7.5,3.0
emblematica:E011296,2803,746,1.0,1.0,0.7745653096161043,0.0013404825737265416,0.006702412868632708,0.013404825737265416,10.0,3.0
emblematica:E011297,2803,760,1.0,1.0,0.7661475779473184,0.0013157894736842105,0.006578947368421052,0.013157894736842105,10.0,4.5
emblematica:E011298,2803,761,0.9558305176970738,1.0,0.7673772850706189,0.001314060446780552,0.006570302233902759,0.011826544021024968,12.0,4.0
emblematica:E011299,2803,869,1.0,1.0,0.7213931528055854,0.0011507479861910242,0.005753739930955121,0.011507479861910242,3.0,3.0
emblematica:E011300,2803,776,0.9477344873475497,1.0,0.7476961895439168,0.001288659793814433,0.006443298969072165,0.011597938144329897,11.5,3.5
emblematica:E011301,2803,438,0.5323266901845036,1.0,0.19491570397678387,0.00228310502283105,0.00228310502283105,0.0045662100456621,4.0,4.0
emblematica:E011302,2803,768,0.820841696315403,1.0,0.7652700103438831,0.0013020833333333333,0.005208333333333333,0.009114583333333334,16.0,3.0
emblematica:E011303,2803,764,0.7117879118193368,0.3333333333333333,0.7384699791483991,0.0,0.003926701570680628,0.009162303664921465,2.0,3.0
emblematica:E011304,2803,777,1.0,1.0,0.7713637304514006,0.001287001287001287,0.006435006435006435,0.01287001287001287,15.0,3.0
emblematica:E011305,2803,726,0.9575861412006987,1.0,0.772599537791502,0.0013774104683195593,0.006887052341597796,0.012396694214876033,1.0,4.0
emblematica:E011306,2803,766,1.0,1.0,0.7551751434433785,0.0013054830287206266,0.006527415143603133,0.013054830287206266,8.0,3.0
emblematica:E011307,2803,850,0.8091026734983537,0.5,0.7308268674095141,0.0,0.004705882352941176,0.009411764705882352,24.0,3.5
emblematica:E011308,2803,167,0.37962081462451813,0.058823529411764705,0.1663350856214277,0.0,0.0,0.0,2.0,4.0
emblematica:E011309,2803,179,0.4529847367238781,0.3333333333333333,0.17604857759077436,0.0,0.00558659217877095,0.0111731843575419,2.5,3.5
emblematica:E011310,2803,210,0.40669725543269336,0.3333333333333333,0.17822484332791994,0.0,0.004761904761904762,0.004761904761904762,4.5,3.0
emblematica:E011311,2803,742,0.7276427210494695,0.5,0.7792272126149788,0.0,0.004043126684636119,0.009433962264150943,13.0,3.0
emblematica:E011312,2803,816,0.838254763143331,1.0,0.7290512891037285,0.0012254901960784314,0.004901960784313725,0.00857843137254902,3.0,3.0
emblematica:E011313,2803,711,0.909543036405889,1.0,0.7942499842406836,0.0014064697609001407,0.007032348804500703,0.011251758087201125,2.5,3.0
emblematica:E011314,2803,711,0.9074250374176303,1.0,0.7679250183691416,0.0014064697609001407,0.005625879043600563,0.012658227848101266,2.5,3.0
emblematica:E011315,2803,726,0.8501591578697532,1.0,0.7793713417447253,0.0013774104683195593,0.005509641873278237,0.009641873278236915,6.0,3.0
emblematica:E011316,2803,713,0.9558305176970738,1.0,0.7710803450524685,0.001402524544179523,0.0070126227208976155,0.012622720897615708,2.0,5.0
emblematica:E011317,2803,802,0.8611375561264454,1.0,0.7563972346479805,0.0012468827930174563,0.004987531172069825,0.00997506234413965,17.0,3.0
emblematica:E011318,2803,785,0.863443834987606,1.0,0.7654208381922393,0.0012738853503184713,0.003821656050955414,0.01019108280254777,6.0,4.0
emblematica:E011319,2803,714,0.8969504402810676,1.0,0.7672078610972477,0.0014005602240896359,0.0056022408963585435,0.011204481792717087,3.0,3.0
emblematica:E011320,2803,955,0.9477344873475497,1.0,0.7178198145581608,0.0010471204188481676,0.005235602094240838,0.009424083769633508,5.0,3.0
emblematica:E011321,2803,758,0.8632555551147042,1.0,0.7793182229060028,0.0013192612137203166,0.005277044854881266,0.010554089709762533,20.0,3.0
emblematica:E011322,2803,727,0.9477344873475497,1.0,0.7729411085357997,0.001375515818431912,0.0068775790921595595,0.012379642365887207,3.0,3.0
emblematica:E011323,2803,715,0.7502225960823476,0.5,0.7552256738632437,0.0,0.004195804195804196,0.009790209790209791,3.0,3.0
emblematica:E011324,2803,740,0.8878984756873928,1.0,0.7489352491411293,0.0013513513513513514,0.005405405405405406,0.010810810810810811,4.5,3.5
emblematica:E011325,2803,711,0.9558305176970738,1.0,0.7720205661929813,0.0014064697609001407,0.007032348804500703,0.012658227848101266,1.0,3.0
emblematica:E011326,2803,940,0.9432379215722525,1.0,0.7219589662259691,0.0010638297872340426,0.00425531914893617,0.009574468085106383,18.0,3.5
emblematica:E011327,2803,733,0.9537125187088151,1.0,0.7704869532889119,0.001364256480218281,0.0068212824010914054,0.01227830832196453,6.0,3.0
emblematica:E011328,2803,742,1.0,1.0,0.7992883772223024,0.0013477088948787063,0.006738544474393531,0.013477088948787063,6.0,4.0
emblematica:E011329,2803,936,1.0,1.0,0.7059764780272078,0.0010683760683760685,0.005341880341880342,0.010683760683760684,4.0,3.0
emblematica:E011330,2803,760,0.9368077570869661,1.0,0.7592113820237628,0.0013157894736842105,0.005263157894736842,0.011842105263157895,11.0,3.0
emblematica:E011331,2803,775,0.8480411588814943,1.0,0.7535635368387917,0.0012903225806451613,0.005161290322580645,0.00903225806451613,15.0,3.0
emblematica:E011332,2803,713,0.9510907186004266,1.0,0.7850602471153717,0.001402524544179523,0.0070126227208976155,0.012622720897615708,2.5,3.0
emblematica:E011333,2803,938,0.9368077570869661,1.0,0.7217041771407855,0.0010660980810234541,0.0042643923240938165,0.009594882729211088,4.0,3.5
emblematica:E011334,2803,748,1.0,1.0,0.7777221391044027,0.001336898395721925,0.0066844919786096255,0.013368983957219251,12.0,3.0
emblematica:E011335,2803,719,0.8108582970019786,0.5,0.774172052273497,0.0,0.005563282336578581,0.011126564673157162,3.0,3.5
emblematica:E011336,2803,738,0.8698739994728926,1.0,0.758433619708922,0.0013550135501355014,0.0040650406504065045,0.01084010840108401,3.0,3.0
emblematica:E011337,2803,737,0.9510907186004266,1.0,0.7728918758130404,0.0013568521031207597,0.0067842605156037995,0.012211668928086838,3.5,3.5
emblematica:E011338,2803,730,0.8824665955977139,1.0,0.7641223896082372,0.0013698630136986301,0.005479452054794521,0.010958904109589041,12.0,4.0
emblematica:E011339,2803,918,0.8800456786592188,1.0,0.6987232837263466,0.0010893246187363835,0.0032679738562091504,0.008714596949891068,22.0,3.0
emblematica:E011340,2803,746,1.0,1.0,0.7799937996996157,0.0013404825737265416,0.006702412868632708,0.013404825737265416,8.0,3.0
emblematica:E011341,2803,723,0.9477344873475497,1.0,0.7740535315419299,0.0013831258644536654,0.006915629322268326,0.012448132780082987,1.0,3.0
emblematica:E011342,2803,759,0.863443834987606,1.0,0.7595120168320938,0.0013175230566534915,0.003952569169960474,0.010540184453227932,18.0,3.0
emblematica:E011351,2803,274,1.0,1.0,0.22072825011785557,0.0036496350364963502,0.01824817518248175,0.0364963503649635,28.0,4.0
emblematica:E011353,2803,248,1.0,1.0,0.23355488292106277,0.004032258064516129,0.020161290322580645,0.04032258064516129,13.0,4.0
emblematica:E011354,2803,303,1.0,1.0,0.23527223766512992,0.0033003300330033004,0.0165016501650165,0.033003300330033,13.0,4.0
emblematica:E011355,2803,425,1.0,1.0,0.27843975729021286,0.002352941176470588,0.011764705882352941,0.023529411764705882,11.0,4.0
emblematica:E011357,2803,322,1.0,1.0,0.20713481173150033,0.003105590062111801,0.015527950310559006,0.031055900621118012,25.5,3.5
emblematica:E011358,2803,84,0.49066464223187867,1.0,0.053955637922401045,0.011904761904761904,0.011904761904761904,0.011904761904761904,1.0,5.0
emblematica:E011360,2803,157,0.9266360779006398,1.0,0.24375176325082576,0.006369426751592357,0.025477707006369428,0.05732484076433121,12.0,4.0
emblematica:E011361,2803,351,1.0,1.0,0.24787255025450777,0.002849002849002849,0.014245014245014245,0.02849002849002849,13.0,4.0
emblematica:E011362,2803,345,1.0,1.0,0.2679326102295118,0.002898550724637681,0.014492753623188406,0.028985507246376812,7.5,4.0
emblematica:E011364,2803,361,1.0,1.0,0.27214902245415645,0.002770083102493075,0.013850415512465374,0.027700831024930747,9.0,4.0
emblematica:E011365,2803,228,0.9558305176970738,1.0,0.26062689995838956,0.0043859649122807015,0.021929824561403508,0.039473684210526314,11.5,3.5
emblematica:E011367,2803,199,1.0,1.0,0.26143594581046264,0.005025125628140704,0.02512562814070352,0.05025125628140704,7.0,4.0
emblematica:E011368,2803,441,1.0,1.0,0.2938099184445607,0.0022675736961451248,0.011337868480725623,0.022675736961451247,15.0,3.5
emblematica:E011369,2803,158,1.0,1.0,0.26364906083027123,0.006329113924050633,0.03164556962025317,0.06329113924050633,13.0,3.0
emblematica:E011370,2803,284,0.8532721558012798,0.5,0.24681274648428908,0.0,0.014084507042253521,0.03169014084507042,11.5,4.0
emblematica:E011373,2803,212,1.0,1.0,0.24451876475261672,0.0047169811320754715,0.02358490566037736,0.04716981132075472,5.5,4.0
emblematica:E011376,2803,298,1.0,1.0,0.2483671257908319,0.003355704697986577,0.016778523489932886,0.03355704697986577,8.5,4.0
emblematica:E011377,2803,556,1.0,1.0,0.29493412198452346,0.0017985611510791368,0.008992805755395683,0.017985611510791366,13.0,4.0
emblematica:E011378,2803,426,1.0,1.0,0.23808933175928973,0.002347417840375587,0.011737089201877934,0.023474178403755867,9.0,4.0
emblematica:E011380,2803,571,1.0,1.0,0.3253375359990727,0.0017513134851138354,0.008756567425569177,0.017513134851138354,17.0,4.0
emblematica:E011382,2803,137,1.0,1.0,0.27236071930612227,0.0072992700729927005,0.0364963503649635,0.072992700729927,7.0,4.0
emblematica:E011383,2803,325,1.0,1.0,0.23986562544277856,0.003076923076923077,0.015384615384615385,0.03076923076923077,11.0,4.0
emblematica:E011385,2803,159,0.9266360779006398,1.0,0.2583390530221364,0.006289308176100629,0.025157232704402517,0.05660377358490566,4.0,4.0
emblematica:E011386,2803,394,0.9266360779006398,1.0,0.29085402912684905,0.0025380710659898475,0.01015228426395939,0.02284263959390863,7.0,4.0
emblematica:E011617,2803,459,0.5663244933011035,0.3333333333333333,0.14201022365540475,0.0,0.004357298474945534,0.008714596949891068,16.0,4.0
emblematica:E011618,2803,337,0.4816496485414252,0.5,0.10870250032957524,0.0,0.002967359050445104,0.005934718100890208,47.0,4.0
emblematica:E011619,2803,71,0.49425169713899025,1.0,0.041658016135448575,0.014084507042253521,0.014084507042253521,0.014084507042253521,8.0,5.0
emblematica:E011620,2803,243,0.6032050724203921,1.0,0.08627642641699454,0.00411522633744856,0.00823045267489712,0.012345679012345678,12.0,4.0
emblematica:E011621,2803,243,0.722288702371768,1.0,0.09562684292456132,0.00411522633744856,0.01646090534979424,0.0205761316872428,19.0,5.5
emblematica:E011622,2803,268,0.6590964594587341,1.0,0.09370022543812864,0.0037313432835820895,0.011194029850746268,0.014925373134328358,18.0,5.0
emblematica:E011623,2803,227,0.6418064143887223,1.0,0.08223674833272468,0.004405286343612335,0.00881057268722467,0.01762114537444934,8.0,2.5
emblematica:E012158,2803,375,0.3900954117610806,0.2,0.11845884543512848,0.0,0.0026666666666666666,0.0026666666666666666,9.0,5.0
emblematica:E012159,2803,318,0.3333333333333333,0.06666666666666667,0.10328286992924171,0.0,0.0,0.0,4.0,5.0
emblematica:E012160,2803,77,0.3333333333333333,0.045454545454545456,0.026464332045959663,0.0,0.0,0.0,4.0,5.5
emblematica:E012161,2803,0,1.0,,,,,,1.0,2.0
emblematica:E012162,2803,0,1.0,,,,,,1.0,2.0
emblematica:E012163,2803,0,1.0,,,,,,1.0,2.0
emblematica:E012164,2803,0,1.0,,,,,,1.0,2.0
emblematica:E012165,2803,0,1.0,,,,,,1.0,2.0
emblematica:E012166,2803,0,1.0,,,,,,1.0,2.0
emblematica:E012167,2803,0,1.0,,,,,,1.0,2.0
emblematica:E012168,2803,0,1.0,,,,,,1.0,2.0
emblematica:E012169,2803,0,1.0,,,,,,1.0,2.0
emblematica:E012170,2803,0,1.0,,,,,,1.0,2.0
emblematica:E012171,2803,0,1.0,,,,,,1.0,2.0
emblematica:E012172,2803,0,1.0,,,,,,1.0,2.0
emblematica:E012173,2803,0,1.0,,,,,,1.0,2.0
emblematica:E012174,2803,0,1.0,,,,,,1.0,2.0
emblematica:E012175,2803,0,1.0,,,,,,1.0,2.0
emblematica:E012176,2803,0,1.0,,,,,,1.0,2.0
emblematica:E012177,2803,0,1.0,,,,,,1.0,2.0
emblematica:E012178,2803,0,1.0,,,,,,1.0,2.0
emblematica:E012179,2803,0,1.0,,,,,,1.0,2.0
emblematica:E012180,2803,0,1.0,,,,,,1.0,2.0
emblematica:E012181,2803,0,1.0,,,,,,1.0,2.0
emblematica:E012182,2803,0,1.0,,,,,,1.0,2.0
emblematica:E012183,2803,0,1.0,,,,,,1.0,2.0
emblematica:E012184,2803,0,1.0,,,,,,1.0,2.0
emblematica:E012185,2803,0,1.0,,,,,,1.0,2.0
emblematica:E012186,2803,0,1.0,,,,,,1.0,2.0
emblematica:E012187,2803,0,1.0,,,,,,1.0,2.0
emblematica:E012188,2803,0,1.0,,,,,,1.0,2.0
emblematica:E012189,2803,0,1.0,,,,,,1.0,2.0
emblematica:E012190,2803,0,1.0,,,,,,1.0,2.0
emblematica:E012191,2803,0,1.0,,,,,,1.0,2.0
emblematica:E012192,2803,0,1.0,,,,,,1.0,2.0
emblematica:E016791,2803,448,0.3775028156362593,0.1111111111111111,0.14058346451074272,0.0,0.0,0.002232142857142857,12.0,4.0
emblematica:E016792,2803,153,0.3333333333333333,0.07142857142857142,0.058926770515949994,0.0,0.0,0.0,10.0,3.0
emblematica:E016793,2803,427,0.48006117753205335,1.0,0.1382479774016106,0.00234192037470726,0.00234192037470726,0.00234192037470726,10.0,4.0
emblematica:E016795,2803,329,0.5289704589316268,1.0,0.1118318401134551,0.00303951367781155,0.00303951367781155,0.0060790273556231,12.5,4.0
emblematica:E016796,2803,522,0.3333333333333333,0.05,0.17098125377783052,0.0,0.0,0.0,21.0,4.0
emblematica:E016797,2803,249,0.3443757039090648,0.02702702702702703,0.08275160924946515,0.0,0.0,0.0,20.0,4.0
emblematica:E016802,2803,394,0.42641209703583266,0.14285714285714285,0.13185539853509842,0.0,0.0,0.005076142131979695,14.0,4.0
emblematica:E017330,2803,184,0.48079560867654175,0.16666666666666666,0.08963988152450694,0.0,0.0,0.016304347826086956,10.0,3.5
emblematica:E017331,2803,36,0.3333333333333333,0.09090909090909091,0.03159541712157061,0.0,0.0,0.0,8.0,4.0
emblematica:E017332,2803,32,0.39652557624636714,0.25,0.03718956188225271,0.0,0.03125,0.03125,3.0,3.5
emblematica:E017333,2803,73,0.3443757039090648,0.03225806451612903,0.028531366540884364,0.0,0.0,0.0,21.0,4.0
emblematica:E017334,2803,174,0.5804236790276114,0.5,0.08900874200170812,0.0,0.011494252873563218,0.022988505747126436,6.5,3.0
emblematica:E017335,2803,204,0.5629682620482266,0.3333333333333333,0.08210827531831566,0.0,0.00980392156862745,0.0196078431372549,10.0,4.0
emblematica:E017336,2803,193,0.4932805965349205,0.3333333333333333,0.08050546629312362,0.0,0.0051813471502590676,0.015544041450777202,7.0,3.0
emblematica:E017337,2803,231,0.7198551821362813,1.0,0.09522730883273157,0.004329004329004329,0.012987012987012988,0.021645021645021644,39.0,4.0
emblematica:E017338,2803,245,0.6545872903864455,0.5,0.10318142146413235,0.0,0.012244897959183673,0.0163265306122449,14.0,5.0
emblematica:E017339,2803,166,0.5332700211316629,0.5,0.08427931025145656,0.0,0.012048192771084338,0.018072289156626505,26.0,4.0
emblematica:E017340,2803,170,0.6543566603620867,1.0,0.08809499293678696,0.0058823529411764705,0.01764705882352941,0.023529411764705882,7.0,4.0
emblematica:E017341,2803,303,0.6723158784616012,1.0,0.1222192124656159,0.0033003300330033004,0.006600660066006601,0.0165016501650165,35.5,5.0
emblematica:E017342,2803,147,0.6056906122838637,1.0,0.08226659924527883,0.006802721088435374,0.013605442176870748,0.02040816326530612,3.0,4.0
emblematica:E017343,2803,166,0.6210280302749895,1.0,0.07859106750288665,0.006024096385542169,0.006024096385542169,0.024096385542168676,6.0,4.5
emblematica:E017344,2803,185,0.4852921744518388,0.2,0.08154317256741214,0.0,0.005405405405405406,0.016216216216216217,7.5,3.5
emblematica:E017345,2803,113,0.3700152943830133,0.06666666666666667,0.036475350116814596,0.0,0.0,0.0,3.0,3.0
emblematica:E017346,2803,114,0.3333333333333333,0.0625,0.03709275392253615,0.0,0.0,0.0,3.0,3.0
emblematica:E017347,2803,113,0.3674723745864318,0.058823529411764705,0.036495266668348736,0.0,0.0,0.0,3.0,3.0
emblematica:E017348,2803,21,0.5242306598349794,1.0,0.0657696412021355,0.047619047619047616,0.047619047619047616,0.09523809523809523,7.0,5.5
emblematica:E017349,2803,18,0.3333333333333333,0.0625,0.01364137100477255,0.0,0.0,0.0,5.0,3.5
emblematica:E017350,2803,64,0.6179808936578621,1.0,0.05001615826064124,0.015625,0.015625,0.046875,7.0,4.5
emblematica:E017351,2803,3,0.4906706387261015,0.0037735849056603774,0.004233251008791807,0.0,0.0,0.0,1.0,3.0
emblematica:E017352,2803,11,0.38559884598578353,0.05555555555555555,0.011592133567142442,0.0,0.0,0.0,1.5,3.5
emblematica:E017353,2803,27,0.3443757039090648,0.037037037037037035,0.015876915137181213,0.0,0.0,0.0,3.0,5.0
emblematica:E017354,2803,189,0.3775028156362593,0.1111111111111111,0.06222390728932939,0.0,0.0,0.005291005291005291,29.0,5.0
emblematica:E017355,2803,28,0.42590829591570295,0.5,0.03241824987845204,0.0,0.03571428571428571,0.03571428571428571,3.0,4.0
emblematica:E017356,2803,218,0.3333333333333333,0.043478260869565216,0.05227325371954142,0.0,0.0,0.0,4.0,6.0
emblematica:E017357,2803,37,0.48006117753205335,1.0,0.049492408001965124,0.02702702702702703,0.02702702702702703,0.02702702702702703,4.5,4.0
emblematica:E017358,2803,58,0.45328765467411447,0.25,0.036926959002710584,0.0,0.034482758620689655,0.034482758620689655,4.0,5.0
emblematica:E017359,2803,191,0.6624526907116111,1.0,0.09895343209615085,0.005235602094240838,0.015706806282722512,0.020942408376963352,3.0,4.0
emblematica:E017360,2803,23,0.3333333333333333,0.08333333333333333,0.02633364249262845,0.0,0.0,0.0,5.5,2.0
emblematica:E017361,2803,161,0.5795575024228478,0.5,0.07905644880446884,0.0,0.012422360248447204,0.024844720496894408,4.0,4.0
emblematica:E017362,2803,187,0.6467767622023106,1.0,0.09345830460724908,0.0053475935828877,0.0106951871657754,0.0213903743315508,7.0,4.0
emblematica:E017363,2803,284,0.38559884598578353,0.16666666666666666,0.07450721945138815,0.0,0.0,0.0035211267605633804,14.5,4.0
emblematica:E017364,2803,234,0.42228080703546356,0.058823529411764705,0.06049802145426495,0.0,0.0,0.0,14.0,5.0
emblematica:E017365,2803,306,0.35167431385817327,0.06666666666666667,0.0816119240086367,0.0,0.0,0.0,21.0,4.0
emblematica:E017498,2803,97,0.9526058178152246,1.0,0.4695934037531265,0.010309278350515464,0.041237113402061855,0.09278350515463918,2.0,2.0
emblematica:E017499,2803,139,1.0,1.0,0.3546283401787159,0.007194244604316547,0.03597122302158273,0.07194244604316546,2.0,3.0
emblematica:E017500,2803,198,0.9526058178152246,1.0,0.298919213225691,0.005050505050505051,0.020202020202020204,0.045454545454545456,7.0,3.0
emblematica:E017501,2803,127,1.0,1.0,0.3978317654441627,0.007874015748031496,0.03937007874015748,0.07874015748031496,8.5,2.5
emblematica:E017502,2803,130,0.9305687780632227,1.0,0.3874742803436383,0.007692307692307693,0.03076923076923077,0.06923076923076923,7.0,3.0
emblematica:E017503,2803,147,1.0,1.0,0.3816218576243203,0.006802721088435374,0.034013605442176874,0.06802721088435375,9.0,3.0
emblematica:E017504,2803,344,0.8909724089198024,1.0,0.25222551554748207,0.0029069767441860465,0.011627906976744186,0.023255813953488372,3.5,3.0
emblematica:E017505,2803,161,1.0,1.0,0.3488199322707285,0.006211180124223602,0.031055900621118012,0.062111801242236024,12.0,3.0
emblematica:E017506,2803,92,0.9305687780632227,1.0,0.5104595849890496,0.010869565217391304,0.043478260869565216,0.09782608695652174,2.0,3.0
emblematica:E017507,2803,233,0.9574284411791895,1.0,0.32661453648984234,0.004291845493562232,0.017167381974248927,0.03862660944206009,9.5,3.5
emblematica:E017508,2803,155,1.0,1.0,0.4032426759732813,0.0064516129032258064,0.03225806451612903,0.06451612903225806,1.0,2.5
emblematica:E017509,2803,162,0.9608008655106622,1.0,0.33771160416155566,0.006172839506172839,0.030864197530864196,0.05555555555555555,7.0,3.0
emblematica:E017510,2803,191,1.0,1.0,0.3617745440951384,0.005235602094240838,0.02617801047120419,0.05235602094240838,8.5,3.0
emblematica:E017511,2803,96,0.9652843890316114,1.0,0.4780826722266169,0.010416666666666666,0.052083333333333336,0.09375,4.5,3.5
emblematica:E017512,2803,403,0.7357387513989938,0.5,0.23577271943059422,0.0,0.007444168734491315,0.017369727047146403,4.0,3.0
emblematica:E017513,2803,172,1.0,1.0,0.3745951735363398,0.005813953488372093,0.029069767441860465,0.05813953488372093,7.5,3.0
emblematica:E017514,2803,158,1.0,1.0,0.39093430831940795,0.006329113924050633,0.03164556962025317,0.06329113924050633,2.5,3.0
emblematica:E017515,2803,153,0.9241189044609822,1.0,0.28772049871033434,0.006535947712418301,0.032679738562091505,0.05228758169934641,5.0,3.0
emblematica:E017516,2803,184,0.9633180389503199,1.0,0.3665216562307297,0.005434782608695652,0.02717391304347826,0.04891304347826087,7.5,2.5
emblematica:E017517,2803,232,0.9266360779006398,1.0,0.27848233557756535,0.004310344827586207,0.017241379310344827,0.03879310344827586,1.0,3.0
emblematica:E017518,2803,299,1.0,1.0,0.2991402082880474,0.0033444816053511705,0.016722408026755852,0.033444816053511704,6.0,3.0
emblematica:E017519,2803,119,0.9266360779006398,1.0,0.40458602364936347,0.008403361344537815,0.03361344537815126,0.07563025210084033,2.0,3.0
emblematica:E017520,2803,177,1.0,1.0,0.3790536756662777,0.005649717514124294,0.02824858757062147,0.05649717514124294,1.0,3.0
emblematica:E017521,2803,461,0.9608008655106622,1.0,0.36172427205091384,0.0021691973969631237,0.010845986984815618,0.019522776572668113,13.0,3.0
emblematica:E017522,2803,210,1.0,1.0,0.3427281557188541,0.004761904761904762,0.023809523809523808,0.047619047619047616,5.0,3.0
emblematica:E017523,2803,188,1.0,1.0,0.36740984603238314,0.005319148936170213,0.026595744680851064,0.05319148936170213,4.0,3.0
emblematica:E017524,2803,229,0.9633180389503199,1.0,0.326995876600964,0.004366812227074236,0.021834061135371178,0.039301310043668124,4.0,2.0
emblematica:E017525,2803,207,1.0,1.0,0.33795777054355575,0.004830917874396135,0.024154589371980676,0.04830917874396135,11.0,3.0
emblematica:E017526,2803,107,0.7133030110341347,0.3333333333333333,0.3285957301234331,0.0,0.018691588785046728,0.056074766355140186,1.0,3.0
emblematica:E017527,2803,318,0.968189605900524,1.0,0.29408120824646167,0.0031446540880503146,0.015723270440251572,0.02830188679245283,7.0,3.0
emblematica:E017528,2803,180,1.0,1.0,0.3751860091319808,0.005555555555555556,0.027777777777777776,0.05555555555555555,5.0,3.0
emblematica:E017529,2803,279,0.9652843890316114,1.0,0.29555749917069196,0.0035842293906810036,0.017921146953405017,0.03225806451612903,2.5,3.0
emblematica:E017530,2803,69,0.6261012769927853,1.0,0.07443819400693562,0.014492753623188406,0.014492753623188406,0.028985507246376812,1.0,3.0
emblematica:E017531,2803,138,1.0,1.0,0.42894031664588195,0.007246376811594203,0.036231884057971016,0.07246376811594203,2.0,3.0
emblematica:E017532,2803,289,1.0,1.0,0.3183632678622266,0.0034602076124567475,0.01730103806228374,0.03460207612456748,13.0,3.0
emblematica:E017533,2803,201,0.94497705842548,1.0,0.343984908463593,0.004975124378109453,0.01990049751243781,0.04477611940298507,7.0,3.0
emblematica:E017534,2803,139,1.0,1.0,0.4286096432965624,0.007194244604316547,0.03597122302158273,0.07194244604316546,1.5,2.5
emblematica:E017535,2803,248,0.9608008655106622,1.0,0.3141022956880578,0.004032258064516129,0.020161290322580645,0.036290322580645164,9.0,3.0
emblematica:E017536,2803,212,1.0,1.0,0.3491845005699354,0.0047169811320754715,0.02358490566037736,0.04716981132075472,4.0,3.0
emblematica:E017537,2803,448,1.0,1.0,0.29657777658963363,0.002232142857142857,0.011160714285714286,0.022321428571428572,11.5,3.0
emblematica:E017538,2803,166,1.0,1.0,0.39626024775962254,0.006024096385542169,0.030120481927710843,0.060240963855421686,6.5,3.0
emblematica:E017539,2803,166,1.0,1.0,0.3932338540347992,0.006024096385542169,0.030120481927710843,0.060240963855421686,2.0,3.0
emblematica:E017540,2803,162,1.0,1.0,0.390663014532232,0.006172839506172839,0.030864197530864196,0.06172839506172839,7.5,3.0
emblematica:E017541,2803,149,1.0,1.0,0.4091382553798243,0.006711409395973154,0.03355704697986577,0.06711409395973154,1.0,3.0
emblematica:E017542,2803,188,0.9608008655106622,1.0,0.28079010467141735,0.005319148936170213,0.026595744680851064,0.047872340425531915,1.5,3.5
emblematica:E017543,2803,150,1.0,1.0,0.40624945859054096,0.006666666666666667,0.03333333333333333,0.06666666666666667,2.5,2.5
emblematica:E017544,2803,161,1.0,1.0,0.39410715576750616,0.006211180124223602,0.031055900621118012,0.062111801242236024,3.0,3.0
emblematica:E017545,2803,169,1.0,1.0,0.37792791971420747,0.005917159763313609,0.029585798816568046,0.05917159763313609,9.0,3.0
emblematica:E017546,2803,151,0.7829122596660391,0.5,0.2331737259706875,0.0,0.026490066225165563,0.039735099337748346,12.5,3.0
emblematica:E017547,2803,175,0.968189605900524,1.0,0.3799656466340053,0.005714285714285714,0.02857142857142857,0.05142857142857143,2.0,3.0
emblematica:E018847,2803,285,0.39652557624636714,0.25,0.13326028790628466,0.0,0.0035087719298245615,0.0035087719298245615,6.0,4.0
emblematica:E018848,2803,289,0.38559884598578353,0.16666666666666666,0.13439762635429983,0.0,0.0,0.0034602076124567475,6.5,5.0
emblematica:E018849,2803,0,1.0,,,,,,1.0,3.5
emblematica:E018850,2803,141,0.3333333333333333,0.012658227848101266,0.10210200439329552,0.0,0.0,0.0,6.0,3.0
emblematica:E018851,2803,231,0.42590829591570295,0.5,0.0793292811734578,0.0,0.004329004329004329,0.004329004329004329,21.0,4.0
emblematica:E018852,2803,15,0.3333333333333333,0.00546448087431694,0.007647219470558801,0.0,0.0,0.0,2.5,3.5
emblematica:E018853,2803,305,0.4368566750905567,0.125,0.1276709487003736,0.0,0.0,0.006557377049180328,15.0,2.0
emblematica:E018854,2803,157,0.3333333333333333,0.047619047619047616,0.11593605340013396,0.0,0.0,0.0,5.0,4.0
emblematica:E018855,2803,211,0.3333333333333333,0.07692307692307693,0.07170610152274225,0.0,0.0,0.0,7.5,3.5
emblematica:E018856,2803,51,0.3333333333333333,0.09090909090909091,0.03836052302069093,0.0,0.0,0.0,7.5,3.5
emblematica:E018857,2803,149,0.38224261473290666,0.14285714285714285,0.07939478095571177,0.0,0.0,0.006711409395973154,10.0,3.5
emblematica:E018858,2803,11,0.5289704589316268,1.0,0.22799923790561516,0.09090909090909091,0.09090909090909091,0.18181818181818182,1.0,3.0
emblematica:E018859,2803,111,0.540542329254423,1.0,0.06739714875064051,0.009009009009009009,0.009009009009009009,0.018018018018018018,12.5,3.5
emblematica:E018860,2803,13,0.4237902969274442,0.125,0.14684488593096587,0.0,0.0,0.15384615384615385,2.0,3.0
emblematica:E018861,2803,42,0.581235971584077,1.0,0.1149436751084151,0.023809523809523808,0.023809523809523808,0.07142857142857142,6.0,4.0
emblematica:E018862,2803,214,0.4482577060906849,0.3333333333333333,0.14700161547412335,0.0,0.004672897196261682,0.004672897196261682,3.5,3.5
emblematica:E018863,2803,283,0.37574719213263447,0.1,0.12879050266337455,0.0,0.0,0.0035335689045936395,2.5,3.5
emblematica:E018864,2803,15,0.5438985605072998,1.0,0.18508405488556343,0.06666666666666667,0.06666666666666667,0.13333333333333333,3.0,3.0
emblematica:E018865,2803,44,0.5310622645040168,0.2,0.12831206465566464,0.0,0.022727272727272728,0.09090909090909091,7.5,3.5
emblematica:E018866,2803,69,0.4748175773152763,0.5,0.048341744784160534,0.0,0.014492753623188406,0.028985507246376812,12.0,3.5
emblematica:E018867,2803,132,0.5954264911910139,1.0,0.08162654170143938,0.007575757575757576,0.007575757575757576,0.022727272727272728,11.5,4.0
emblematica:E018868,2803,271,0.3900954117610806,0.2,0.10836136043000401,0.0,0.0036900369003690036,0.0036900369003690036,1.0,3.5
emblematica:E018869,2803,23,0.3333333333333333,0.004347826086956522,0.011972872202206586,0.0,0.0,0.0,5.0,4.0
emblematica:E018870,2803,93,0.5202776120618746,0.2,0.07153107598363358,0.0,0.010752688172043012,0.03225806451612903,13.0,4.0
emblematica:E018871,2803,262,1.0,1.0,0.4800412351348939,0.003816793893129771,0.019083969465648856,0.03816793893129771,15.0,5.0
emblematica:E018872,2803,245,1.0,1.0,0.5345873199480454,0.004081632653061225,0.02040816326530612,0.04081632653061224,16.0,3.0
emblematica:E018873,2803,191,1.0,1.0,0.5972385903796166,0.005235602094240838,0.02617801047120419,0.05235602094240838,3.5,4.5
emblematica:E018874,2803,323,1.0,1.0,0.4554760301428657,0.0030959752321981426,0.015479876160990712,0.030959752321981424,32.0,4.0
emblematica:E018875,2803,256,1.0,1.0,0.5863599305152791,0.00390625,0.01953125,0.0390625,5.0,4.5
emblematica:E018876,2803,249,1.0,1.0,0.4909767764621341,0.004016064257028112,0.020080321285140562,0.040160642570281124,2.5,5.0
emblematica:E018877,2803,216,1.0,1.0,0.5412673122485335,0.004629629629629629,0.023148148148148147,0.041666666666666664,10.5,4.0
emblematica:E018878,2803,184,1.0,1.0,0.6053696436800952,0.005434782608695652,0.02717391304347826,0.04891304347826087,2.5,6.0
emblematica:E018879,2803,205,1.0,1.0,0.5867070452144828,0.004878048780487805,0.024390243902439025,0.04878048780487805,8.0,5.0
emblematica:E018880,2803,203,1.0,1.0,0.5680500692268748,0.0049261083743842365,0.024630541871921183,0.04926108374384237,3.0,3.0
emblematica:E018881,2803,219,1.0,1.0,0.5734954983262818,0.0045662100456621,0.0228310502283105,0.045662100456621,16.0,4.0
emblematica:E018882,2803,227,1.0,1.0,0.5393633782329809,0.004405286343612335,0.022026431718061675,0.04405286343612335,12.5,5.0
emblematica:E018883,2803,283,1.0,1.0,0.4516759688654286,0.0035335689045936395,0.0176678445229682,0.0353356890459364,17.0,4.0
emblematica:E018884,2803,217,1.0,1.0,0.5417748618661259,0.004608294930875576,0.018433179723502304,0.041474654377880185,4.5,4.5
emblematica:E018885,2803,201,1.0,1.0,0.5839797999171404,0.004975124378109453,0.024875621890547265,0.04975124378109453,10.0,3.0
emblematica:E018886,2803,298,1.0,1.0,0.5358776209766729,0.003355704697986577,0.016778523489932886,0.03355704697986577,27.5,3.5
emblematica:E018887,2803,243,1.0,1.0,0.5033699042731238,0.00411522633744856,0.0205761316872428,0.0411522633744856,13.0,4.0
emblematica:E018888,2803,240,1.0,1.0,0.5077819267753643,0.004166666666666667,0.020833333333333332,0.041666666666666664,18.0,4.5
emblematica:E018889,2803,302,1.0,1.0,0.432079948520251,0.0033112582781456954,0.016556291390728478,0.033112582781456956,24.5,3.5
emblematica:E018890,2803,193,1.0,1.0,0.5948922953520227,0.0051813471502590676,0.025906735751295335,0.05181347150259067,3.0,5.0
emblematica:E018891,2803,293,1.0,1.0,0.4432845260745605,0.0034129692832764505,0.017064846416382253,0.034129692832764506,17.0,3.0
emblematica:E018892,2803,235,1.0,1.0,0.5205532264185699,0.00425531914893617,0.02127659574468085,0.0425531914893617,11.0,4.0
emblematica:E018893,2803,217,1.0,1.0,0.5461117736574399,0.004608294930875576,0.02304147465437788,0.04608294930875576,6.0,4.0
emblematica:E018894,2803,211,1.0,1.0,0.5553384741958538,0.004739336492890996,0.023696682464454975,0.04739336492890995,13.0,4.0
emblematica:E018895,2803,200,1.0,1.0,0.5807964183651037,0.005,0.025,0.05,10.5,4.0
emblematica:E018896,2803,302,1.0,1.0,0.44497837755839087,0.0033112582781456954,0.016556291390728478,0.033112582781456956,18.5,4.5
emblematica:E018897,2803,209,1.0,1.0,0.5643837297422211,0.004784688995215311,0.023923444976076555,0.04784688995215311,4.0,4.0
emblematica:E018898,2803,269,1.0,1.0,0.5678279105687343,0.0037174721189591076,0.01858736059479554,0.03717472118959108,6.0,3.0
emblematica:E018899,2803,208,1.0,1.0,0.5602676330774337,0.004807692307692308,0.02403846153846154,0.04807692307692308,6.5,3.5
emblematica:E018900,2803,216,1.0,1.0,0.5382182180654598,0.004629629629629629,0.023148148148148147,0.041666666666666664,16.0,3.0
emblematica:E018901,2803,230,1.0,1.0,0.5168543197246704,0.004347826086956522,0.021739130434782608,0.043478260869565216,8.0,4.0
emblematica:E018902,2803,203,1.0,1.0,0.5781466241713329,0.0049261083743842365,0.024630541871921183,0.04926108374384237,3.0,4.0
emblematica:E018903,2803,231,1.0,1.0,0.5132653590857544,0.004329004329004329,0.021645021645021644,0.04329004329004329,13.5,5.0
emblematica:E018904,2803,216,0.9432379215722525,1.0,0.5386971410414882,0.004629629629629629,0.018518518518518517,0.041666666666666664,3.0,4.0
emblematica:E018905,2803,195,1.0,1.0,0.5866549155303851,0.005128205128205128,0.02564102564102564,0.05128205128205128,3.0,4.0
emblematica:E018906,2803,200,1.0,1.0,0.5841214452661517,0.005,0.025,0.05,5.5,3.5
emblematica:E018907,2803,361,1.0,1.0,0.38855506599606143,0.002770083102493075,0.013850415512465374,0.027700831024930747,23.0,4.0
emblematica:E018908,2803,192,1.0,1.0,0.5943935401643782,0.005208333333333333,0.026041666666666668,0.052083333333333336,3.5,3.5
emblematica:E018909,2803,319,1.0,1.0,0.42418662819631825,0.003134796238244514,0.01567398119122257,0.03134796238244514,12.0,4.0
emblematica:E018910,2803,188,1.0,1.0,0.5926043220373582,0.005319148936170213,0.02127659574468085,0.047872340425531915,2.0,5.0
emblematica:E018911,2803,190,1.0,1.0,0.5954411651824195,0.005263157894736842,0.02631578947368421,0.05263157894736842,3.0,6.0
emblematica:E018912,2803,200,1.0,1.0,0.5753445241277345,0.005,0.025,0.05,2.5,3.0
emblematica:E018913,2803,198,1.0,1.0,0.5694761830464307,0.005050505050505051,0.020202020202020204,0.045454545454545456,8.5,4.0
emblematica:E018914,2803,269,1.0,1.0,0.46629163115201167,0.0037174721189591076,0.01858736059479554,0.03717472118959108,4.5,4.0
emblematica:E018915,2803,226,1.0,1.0,0.5289885562718066,0.004424778761061947,0.022123893805309734,0.04424778761061947,21.0,4.0
emblematica:E018916,2803,258,1.0,1.0,0.49531029266604415,0.003875968992248062,0.01937984496124031,0.03875968992248062,23.5,4.5
emblematica:E018917,2803,207,1.0,1.0,0.581128816640732,0.004830917874396135,0.024154589371980676,0.04830917874396135,5.0,5.0
emblematica:E018918,2803,188,1.0,1.0,0.6052469846583304,0.005319148936170213,0.026595744680851064,0.05319148936170213,1.5,5.0
emblematica:E018919,2803,217,1.0,1.0,0.5415462244371582,0.004608294930875576,0.02304147465437788,0.04608294930875576,16.0,3.0
emblematica:E018920,2803,198,1.0,1.0,0.5827093133594622,0.005050505050505051,0.025252525252525252,0.050505050505050504,2.0,5.0
emblematica:E018921,2803,309,1.0,1.0,0.426131337427092,0.003236245954692557,0.016181229773462782,0.032362459546925564,13.0,3.0
emblematica:E018922,2803,313,1.0,1.0,0.45372971623396563,0.003194888178913738,0.01597444089456869,0.03194888178913738,8.0,5.0
emblematica:E018923,2803,277,1.0,1.0,0.458705740904496,0.0036101083032490976,0.018050541516245487,0.036101083032490974,8.0,3.5
emblematica:E018924,2803,272,1.0,1.0,0.46040985629452347,0.003676470588235294,0.01838235294117647,0.03676470588235294,8.0,4.0
emblematica:E018925,2803,192,1.0,1.0,0.5900504959734684,0.005208333333333333,0.026041666666666668,0.052083333333333336,2.0,4.0
emblematica:E018926,2803,327,1.0,1.0,0.4398216077926005,0.0030581039755351682,0.01529051987767584,0.03058103975535168,22.5,4.0
emblematica:E018927,2803,205,1.0,1.0,0.5694054819290999,0.004878048780487805,0.024390243902439025,0.04878048780487805,6.0,3.5
emblematica:E018928,2803,216,1.0,1.0,0.5533027276217747,0.004629629629629629,0.023148148148148147,0.046296296296296294,10.5,4.0
emblematica:E018929,2803,214,1.0,1.0,0.5480696279528141,0.004672897196261682,0.02336448598130841,0.04672897196261682,6.0,4.0
emblematica:E018930,2803,304,1.0,1.0,0.4359082184058664,0.003289473684210526,0.01644736842105263,0.03289473684210526,15.0,4.0
emblematica:E018931,2803,252,1.0,1.0,0.5970402548180556,0.003968253968253968,0.01984126984126984,0.03968253968253968,3.5,4.5
emblematica:E018932,2803,207,1.0,1.0,0.5509420007277455,0.004830917874396135,0.01932367149758454,0.043478260869565216,8.5,5.0
emblematica:E018933,2803,233,1.0,1.0,0.513519386261127,0.004291845493562232,0.02145922746781116,0.04291845493562232,5.0,4.0
emblematica:E018934,2803,209,1.0,1.0,0.5628049773721657,0.004784688995215311,0.023923444976076555,0.04784688995215311,11.0,4.0
emblematica:E018935,2803,187,1.0,1.0,0.5983417202649924,0.0053475935828877,0.026737967914438502,0.0481283422459893,2.0,4.0
emblematica:E018936,2803,245,1.0,1.0,0.5107877476595502,0.004081632653061225,0.02040816326530612,0.04081632653061224,13.0,5.0
emblematica:E018937,2803,185,1.0,1.0,0.6073760314625553,0.005405405405405406,0.02702702702702703,0.05405405405405406,2.0,4.5
emblematica:E018938,2803,198,1.0,1.0,0.57985587235715,0.005050505050505051,0.025252525252525252,0.050505050505050504,4.0,4.0
emblematica:E018939,2803,203,0.9432379215722525,1.0,0.5566530426957877,0.0049261083743842365,0.019704433497536946,0.04433497536945813,9.0,5.0
emblematica:E018940,2803,271,1.0,1.0,0.4982467769627136,0.0036900369003690036,0.01845018450184502,0.03690036900369004,10.0,5.0
emblematica:E018941,2803,235,1.0,1.0,0.5161592942360874,0.00425531914893617,0.02127659574468085,0.0425531914893617,14.5,3.5
emblematica:E018942,2803,223,1.0,1.0,0.5285350099125121,0.004484304932735426,0.02242152466367713,0.04484304932735426,7.0,4.0
emblematica:E018943,2803,206,1.0,1.0,0.5691312186360216,0.0048543689320388345,0.024271844660194174,0.04854368932038835,3.0,4.0
emblematica:E018944,2803,265,1.0,1.0,0.5159139292678152,0.0037735849056603774,0.018867924528301886,0.03773584905660377,8.0,5.0
emblematica:E018945,2803,359,1.0,1.0,0.40456557625500417,0.002785515320334262,0.013927576601671309,0.027855153203342618,26.0,4.0
emblematica:E018946,2803,224,1.0,1.0,0.5354402883421039,0.004464285714285714,0.022321428571428572,0.044642857142857144,10.0,4.0
emblematica:E018947,2803,406,1.0,1.0,0.36697081596783887,0.0024630541871921183,0.012315270935960592,0.024630541871921183,25.0,4.0
emblematica:E018948,2803,197,1.0,1.0,0.5847110290765838,0.005076142131979695,0.025380710659898477,0.050761421319796954,3.5,3.5
emblematica:E018949,2803,207,1.0,1.0,0.5745612624405776,0.004830917874396135,0.024154589371980676,0.04830917874396135,8.0,5.0
emblematica:E018950,2803,203,1.0,1.0,0.5795336211297301,0.0049261083743842365,0.024630541871921183,0.04926108374384237,5.0,4.0
emblematica:E018951,2803,268,1.0,1.0,0.47151582463203906,0.0037313432835820895,0.018656716417910446,0.03731343283582089,14.0,4.0
emblematica:E018952,2803,6,0.42406318157047634,0.25,0.05964605021550858,0.0,0.16666666666666666,0.16666666666666666,2.0,4.0
emblematica:E018953,2803,215,1.0,1.0,0.5777912346879037,0.004651162790697674,0.023255813953488372,0.046511627906976744,5.0,4.0
emblematica:E018954,2803,254,1.0,1.0,0.5163028741771661,0.003937007874015748,0.01968503937007874,0.03937007874015748,11.0,4.0
emblematica:E018955,2803,228,0.9074250374176303,1.0,0.5279185952614717,0.0043859649122807015,0.017543859649122806,0.039473684210526314,13.5,4.5
emblematica:E018956,2803,237,1.0,1.0,0.5218037240201134,0.004219409282700422,0.02109704641350211,0.04219409282700422,23.0,4.0
emblematica:E018957,2803,204,1.0,1.0,0.577651953885249,0.004901960784313725,0.024509803921568627,0.049019607843137254,6.5,4.0
emblematica:E018958,2803,58,1.0,0.14285714285714285,0.023722518175135578,0.0,0.0,0.017241379310344827,8.0,5.0
emblematica:E018959,2803,186,1.0,1.0,0.6077993006603278,0.005376344086021506,0.026881720430107527,0.053763440860215055,2.0,5.0
emblematica:E018960,2803,198,1.0,1.0,0.5953037808346351,0.005050505050505051,0.025252525252525252,0.050505050505050504,9.0,6.0
emblematica:E018961,2803,233,1.0,1.0,0.5112122182046952,0.004291845493562232,0.02145922746781116,0.04291845493562232,11.0,4.5
emblematica:E018962,2803,206,1.0,1.0,0.5686750247250579,0.0048543689320388345,0.024271844660194174,0.04854368932038835,13.0,5.0
emblematica:E018963,2803,195,1.0,1.0,0.5895591711901548,0.005128205128205128,0.02564102564102564,0.05128205128205128,3.0,3.0
emblematica:E018964,2803,258,1.0,1.0,0.4836870418298502,0.003875968992248062,0.01937984496124031,0.03875968992248062,14.0,4.0
emblematica:E018965,2803,220,1.0,1.0,0.5286721540171274,0.004545454545454545,0.022727272727272728,0.04090909090909091,10.0,6.0
emblematica:E018966,2803,248,1.0,1.0,0.49954094235524465,0.004032258064516129,0.020161290322580645,0.036290322580645164,18.0,4.0
emblematica:E018967,2803,188,1.0,1.0,0.605019810362763,0.005319148936170213,0.026595744680851064,0.05319148936170213,2.0,4.0
emblematica:E018968,2803,306,1.0,1.0,0.43736041657702984,0.0032679738562091504,0.016339869281045753,0.032679738562091505,12.0,4.0
emblematica:E018969,2803,242,1.0,1.0,0.5121422851621339,0.004132231404958678,0.02066115702479339,0.04132231404958678,15.0,5.0
emblematica:E018970,2803,226,0.9537125187088151,1.0,0.5231355673473392,0.004424778761061947,0.022123893805309734,0.03982300884955752,13.0,4.0
emblematica:E018971,2803,275,1.0,1.0,0.5678300662882618,0.0036363636363636364,0.01818181818181818,0.03636363636363636,8.0,5.0
emblematica:E018974,2803,99,0.6424645967052829,1.0,0.07561264865659938,0.010101010101010102,0.030303030303030304,0.030303030303030304,8.0,4.0
emblematica:E018975,2803,102,0.3333333333333333,0.09090909090909091,0.05341623524086737,0.0,0.0,0.0,5.0,3.0
emblematica:E018976,2803,16,0.4454348576459405,0.25,0.03806598424931212,0.0,0.0625,0.125,1.0,4.0
emblematica:E018977,2803,40,0.3333333333333333,0.022727272727272728,0.016386435347625957,0.0,0.0,0.0,1.0,4.0
emblematica:E018978,2803,169,0.464330025249846,0.25,0.07159374963267719,0.0,0.011834319526627219,0.011834319526627219,1.0,4.0
emblematica:E018979,2803,43,0.35167431385817327,0.0625,0.015301601495827441,0.0,0.0,0.0,2.0,4.0
emblematica:E018980,2803,73,0.4764313953197069,0.25,0.062435636090255105,0.0,0.0273972602739726,0.0273972602739726,5.0,4.0
emblematica:E018981,2803,8,0.35691423619634577,0.02,0.007481173228362327,0.0,0.0,0.0,1.0,4.0
emblematica:E018982,2803,106,0.3491313940615917,0.00819672131147541,0.04247723775900237,0.0,0.0,0.0,1.0,4.0
emblematica:E018983,2803,163,0.37574719213263447,0.1,0.04836423765610986,0.0,0.0,0.006134969325153374,1.0,4.0
emblematica:E018984,2803,282,0.4756213960953483,0.25,0.11105260901835157,0.0,0.0035460992907801418,0.0070921985815602835,14.0,4.0
emblematica:E018985,2803,121,0.5234109858357455,0.3333333333333333,0.11084503745414416,0.0,0.01652892561983471,0.024793388429752067,9.0,4.0
emblematica:E018986,2803,225,0.4016672820838768,0.2,0.07296987712309866,0.0,0.0044444444444444444,0.0044444444444444444,8.5,4.0
emblematica:E018987,2803,49,0.3333333333333333,0.011363636363636364,0.021362467267833533,0.0,0.0,0.0,1.0,5.0
emblematica:E018988,2803,130,0.5223432908710792,0.5,0.0784260554109297,0.0,0.007692307692307693,0.023076923076923078,3.0,4.0
emblematica:E018989,2803,125,0.43638289305226546,0.2,0.07659453707352085,0.0,0.008,0.016,3.0,4.0
emblematica:E018990,2803,32,0.3333333333333333,0.038461538461538464,0.01726159176033886,0.0,0.0,0.0,3.0,4.0
emblematica:E018991,2803,69,0.43188632727696835,0.16666666666666666,0.08783537571470358,0.0,0.0,0.028985507246376812,8.0,4.0
emblematica:E018992,2803,53,0.3333333333333333,0.07142857142857142,0.030472590976631624,0.0,0.0,0.0,2.5,4.0
emblematica:E018993,2803,98,0.4285300960240915,0.14285714285714285,0.06415564793318256,0.0,0.0,0.02040816326530612,5.0,6.0
emblematica:E018994,2803,107,0.5955189330975375,1.0,0.07669724187429164,0.009345794392523364,0.018691588785046728,0.028037383177570093,10.0,4.0
emblematica:E018995,2803,203,0.5224750363313545,1.0,0.06133677978549828,0.0049261083743842365,0.0049261083743842365,0.009852216748768473,2.5,4.5
emblematica:E018996,2803,3,0.4931049315805358,0.058823529411764705,0.034786030045092974,0.0,0.0,0.0,1.0,4.0
emblematica:E018997,2803,31,0.3333333333333333,0.07142857142857142,0.018250937023051857,0.0,0.0,0.0,1.5,4.5
emblematica:E018998,2803,102,0.40669725543269336,0.3333333333333333,0.06123608328937332,0.0,0.00980392156862745,0.00980392156862745,8.0,3.0
emblematica:E018999,2803,52,0.3333333333333333,0.07692307692307693,0.04147845909118741,0.0,0.0,0.0,2.0,3.5
emblematica:E019000,2803,224,0.4529847367238781,0.3333333333333333,0.0657831944766335,0.0,0.004464285714285714,0.008928571428571428,9.0,3.5
emblematica:E019001,2803,76,0.43385983649889637,0.25,0.02771832422649798,0.0,0.013157894736842105,0.013157894736842105,5.0,4.0
emblematica:E019002,2803,41,0.3900954117610806,0.2,0.03921964198877486,0.0,0.024390243902439025,0.024390243902439025,1.0,5.0
emblematica:E019003,2803,99,0.4491111142319945,0.3333333333333333,0.05260474217817724,0.0,0.010101010101010102,0.020202020202020204,4.5,4.5
emblematica:E019004,2803,80,0.41486655677120715,0.25,0.03586106141563146,0.0,0.0125,0.0125,1.0,4.0
emblematica:E019005,2803,65,0.436228343855004,0.14285714285714285,0.01837630728604711,0.0,0.0,0.015384615384615385,2.5,3.5
emblematica:E019006,2803,58,0.37962081462451813,0.125,0.04283665661509131,0.0,0.0,0.017241379310344827,2.0,4.0
emblematica:E019007,2803,165,0.3900954117610806,0.2,0.06999561051562433,0.0,0.006060606060606061,0.006060606060606061,23.5,4.0
emblematica:E019008,2803,85,0.5670526111177768,1.0,0.08243726060798195,0.011764705882352941,0.023529411764705882,0.023529411764705882,9.0,5.0
emblematica:E019009,2803,74,0.42641209703583266,0.14285714285714285,0.046945201671829785,0.0,0.0,0.02702702702702703,2.0,5.5
emblematica:E019010,2803,97,0.5189870596182024,0.5,0.09379589889690026,0.0,0.010309278350515464,0.030927835051546393,13.0,4.5
emblematica:E019011,2803,50,0.5874229027480132,1.0,0.09665625056780472,0.02,0.04,0.06,3.0,5.0
emblematica:E019012,2803,37,0.4831441563817416,0.5,0.06739553172408701,0.0,0.02702702702702703,0.05405405405405406,3.0,4.0
emblematica:E019013,2803,71,0.3475238529402701,0.05263157894736842,0.03593674065846076,0.0,0.0,0.0,2.5,4.0
emblematica:E019014,2803,32,0.48006117753205335,1.0,0.0514478807826548,0.03125,0.03125,0.03125,3.5,4.5
emblematica:E019015,2803,43,0.3333333333333333,0.01282051282051282,0.015428599730586788,0.0,0.0,0.0,3.0,4.0
emblematica:E019016,2803,85,0.39652557624636714,0.25,0.05603004738037401,0.0,0.011764705882352941,0.011764705882352941,10.0,4.0
emblematica:E019017,2803,128,0.3333333333333333,0.06666666666666667,0.05325505840491699,0.0,0.0,0.0,6.5,4.5
emblematica:E019018,2803,37,0.3333333333333333,0.024390243902439025,0.016541359100837913,0.0,0.0,0.0,1.5,6.0
emblematica:E019019,2803,43,0.5603464619398381,0.3333333333333333,0.09800583533761595,0.0,0.046511627906976744,0.06976744186046512,4.5,4.0
emblematica:E019020,2803,17,0.3333333333333333,0.01282051282051282,0.01004947218315426,0.0,0.0,0.0,2.0,3.0
emblematica:E019021,2803,60,0.524461289859338,0.5,0.06194936566789473,0.0,0.016666666666666666,0.05,2.0,4.0
emblematica:E019022,2803,45,0.39652557624636714,0.011627906976744186,0.023039873301076055,0.0,0.0,0.0,1.0,5.0
emblematica:E019023,2803,326,0.657661223618855,0.5,0.11209845108135924,0.0,0.009202453987730062,0.015337423312883436,22.5,4.0
emblematica:E019024,2803,23,0.3333333333333333,0.03333333333333333,0.015530690178937987,0.0,0.0,0.0,1.0,4.0
emblematica:E019025,2803,42,0.3475238529402701,0.09090909090909091,0.01796313484554147,0.0,0.0,0.0,4.5,3.5
emblematica:E019026,2803,157,0.7751946280211413,1.0,0.12110418026653495,0.006369426751592357,0.01910828025477707,0.03821656050955414,13.5,4.0
emblematica:E019027,2803,17,0.3333333333333333,0.08333333333333333,0.018467997869631086,0.0,0.0,0.0,2.0,4.0
emblematica:E019028,2803,35,0.3333333333333333,0.027777777777777776,0.014024559613748926,0.0,0.0,0.0,1.0,5.0
emblematica:E019029,2803,92,0.3775028156362593,0.1111111111111111,0.04980637188877409,0.0,0.0,0.010869565217391304,8.0,3.5
emblematica:E019030,2803,259,0.49296057120174336,0.16666666666666666,0.09962210971779711,0.0,0.0,0.003861003861003861,20.0,3.0
emblematica:E019031,2803,70,0.46345933386044064,0.3333333333333333,0.06235607367565092,0.0,0.02857142857142857,0.02857142857142857,3.5,3.5
emblematica:E019032,2803,30,0.48006117753205335,1.0,0.05990594783616585,0.03333333333333333,0.03333333333333333,0.03333333333333333,3.0,5.0
emblematica:E019033,2803,136,0.49127020581310415,0.2,0.09572511860082261,0.0,0.007352941176470588,0.022058823529411766,3.5,5.0
emblematica:E019034,2803,149,0.3900954117610806,0.2,0.07135578494911429,0.0,0.006711409395973154,0.006711409395973154,11.5,4.5
emblematica:E019035,2803,17,0.42590829591570295,0.5,0.0348555637514969,0.0,0.058823529411764705,0.058823529411764705,1.0,4.0
emblematica:E019036,2803,156,0.3333333333333333,0.05,0.046794075782463834,0.0,0.0,0.0,2.0,4.0
emblematica:E019037,2803,141,0.35167431385817327,0.0625,0.07581496788750373,0.0,0.0,0.0,9.0,3.5
emblematica:E019038,2803,139,0.6530457603078925,1.0,0.1140226426742532,0.007194244604316547,0.014388489208633094,0.02877697841726619,3.0,4.0
emblematica:E019039,2803,159,0.4285300960240915,0.14285714285714285,0.0769562707090035,0.0,0.0,0.012578616352201259,13.5,3.5
emblematica:E019040,2803,52,0.3333333333333333,0.09090909090909091,0.03030557729686267,0.0,0.0,0.0,1.0,4.0
emblematica:E019041,2803,28,0.3333333333333333,0.030303030303030304,0.017727292674025705,0.0,0.0,0.0,1.0,4.0
emblematica:E019042,2803,25,0.39717071630857975,0.16666666666666666,0.024335105672062863,0.0,0.0,0.04,1.0,4.0
emblematica:E019043,2803,76,0.38731906245543063,0.1,0.0628922753402581,0.0,0.0,0.013157894736842105,5.0,4.0
emblematica:E019044,2803,122,0.3566030242589581,0.07692307692307693,0.04837187651530564,0.0,0.0,0.0,11.0,3.0
emblematica:E019045,2803,50,0.3333333333333333,0.04,0.032957312865381345,0.0,0.0,0.0,7.0,4.0
emblematica:E019046,2803,188,0.6150499989137242,1.0,0.0781732047732312,0.005319148936170213,0.010638297872340425,0.015957446808510637,18.5,4.0
emblematica:E019047,2803,158,0.6639592803132977,1.0,0.09372251288266324,0.006329113924050633,0.012658227848101266,0.02531645569620253,12.5,4.5
emblematica:E019048,2803,91,0.37962081462451813,0.125,0.03581229437797528,0.0,0.0,0.01098901098901099,4.0,5.0
emblematica:E019049,2803,67,0.3455606536832266,0.015384615384615385,0.02187314622668019,0.0,0.0,0.0,3.5,4.5
emblematica:E019050,2803,46,0.40669725543269336,0.3333333333333333,0.04705853324800382,0.0,0.021739130434782608,0.021739130434782608,2.0,4.0
emblematica:E019051,2803,111,0.4980203956315678,0.3333333333333333,0.07219412108404046,0.0,0.009009009009009009,0.02702702702702703,1.0,4.0
emblematica:E019052,2803,218,0.38559884598578353,0.16666666666666666,0.06770412922585786,0.0,0.0,0.0045871559633027525,2.0,4.0
emblematica:E019053,2803,28,0.48006117753205335,1.0,0.0479366528675067,0.03571428571428571,0.03571428571428571,0.03571428571428571,2.0,4.0
emblematica:E019054,2803,126,0.3775028156362593,0.1111111111111111,0.05213361394078532,0.0,0.0,0.007936507936507936,13.0,5.0
emblematica:E019055,2803,257,0.4487910888988174,0.25,0.07643054981191692,0.0,0.0038910505836575876,0.007782101167315175,13.0,4.0
emblematica:E019056,2803,279,0.43406718648374804,0.3333333333333333,0.08780613223772855,0.0,0.0035842293906810036,0.0035842293906810036,4.0,5.0
emblematica:E019093,2803,64,0.3513842938721168,0.14285714285714285,0.03403948459138949,0.0,0.0,0.015625,11.5,3.0
emblematica:E019094,2803,98,0.3333333333333333,0.0625,0.03327662201580549,0.0,0.0,0.0,9.5,3.0
emblematica:E019095,2803,18,0.3333333333333333,0.0196078431372549,0.007052098613192533,0.0,0.0,0.0,2.5,2.5
emblematica:E019096,2803,109,0.3333333333333333,0.07142857142857142,0.05194168117080034,0.0,0.0,0.0,24.0,3.0
emblematica:E019097,2803,151,0.4037679076540029,0.25,0.04186652941835092,0.0,0.006622516556291391,0.006622516556291391,6.0,3.5
emblematica:E019098,2803,29,0.5074311085831081,1.0,0.04759695610509027,0.034482758620689655,0.034482758620689655,0.034482758620689655,2.0,4.0
emblematica:E019099,2803,27,0.5080865586102052,1.0,0.0496311731937063,0.037037037037037035,0.037037037037037035,0.037037037037037035,1.0,3.0
emblematica:E019100,2803,80,0.42423445301417906,0.2,0.041471594058839774,0.0,0.0125,0.0125,7.0,4.0
emblematica:E019101,2803,8,0.35648241204244513,0.07692307692307693,0.018737944864397477,0.0,0.0,0.0,1.0,3.0
emblematica:E019102,2803,9,0.48006117753205335,0.0009532888465204957,0.0029868006351228553,0.0,0.0,0.0,2.5,3.5
emblematica:E019103,2803,29,0.3068833440240848,0.07692307692307693,0.01743889907095143,0.0,0.0,0.0,3.0,3.0
emblematica:E019104,2803,1,0.30857599235739425,0.0009891196834817012,0.0009891196834817012,0.0,0.0,0.0,1.5,3.5
emblematica:E019105,2803,35,0.30440365752634274,0.0136986301369863,0.01636707714839426,0.0,0.0,0.0,3.5,2.0
emblematica:E019106,2803,42,0.3333333333333333,0.0035587188612099642,0.01073089848305403,0.0,0.0,0.0,2.0,4.0
emblematica:E019107,2803,117,0.3024750124725434,0.03333333333333333,0.052081116117549044,0.0,0.0,0.0,8.0,5.0
emblematica:E019108,2803,38,0.31040710767728324,0.0136986301369863,0.014499154748577948,0.0,0.0,0.0,6.0,4.0
emblematica:E019173,2803,53,0.3333333333333333,0.03225806451612903,0.02512262643685612,0.0,0.0,0.0,8.5,3.0
emblematica:E019174,2803,34,0.3333333333333333,0.017241379310344827,0.014222175970644029,0.0,0.0,0.0,6.5,3.0
emblematica:E019175,2803,189,0.3333333333333333,0.03571428571428571,0.11241892712961413,0.0,0.0,0.0,25.0,3.0
emblematica:E019176,2803,22,0.3333333333333333,0.047619047619047616,0.010412799924973697,0.0,0.0,0.0,1.0,5.0
emblematica:E019177,2803,8,0.3333333333333333,0.0018587360594795538,0.003423293619636714,0.0,0.0,0.0,1.0,3.0
emblematica:E019178,2803,26,0.3900954117610806,0.2,0.023393717749175605,0.0,0.038461538461538464,0.038461538461538464,5.0,4.0
emblematica:E019179,2803,63,0.3491313940615917,0.010638297872340425,0.03331549727932916,0.0,0.0,0.0,2.0,3.0
emblematica:E019180,2803,34,0.3333333333333333,0.04,0.01754180577694998,0.0,0.0,0.0,4.0,5.0
emblematica:E019181,2803,23,0.3333333333333333,0.07692307692307693,0.01722083121615168,0.0,0.0,0.0,2.0,3.0
emblematica:E019182,2803,23,0.3333333333333333,0.018518518518518517,0.008686236080375833,0.0,0.0,0.0,3.0,4.0
emblematica:E019183,2803,50,0.3333333333333333,0.016129032258064516,0.022477885493450117,0.0,0.0,0.0,6.0,4.0
emblematica:E019184,2803,24,0.38224261473290666,0.14285714285714285,0.01838453200606812,0.0,0.0,0.041666666666666664,4.0,5.0
emblematica:E019185,2803,45,0.3333333333333333,0.008264462809917356,0.022235575413195204,0.0,0.0,0.0,4.0,4.0
emblematica:E019186,2803,729,0.4058934724893391,0.2,0.28196405870342556,0.0,0.0013717421124828531,0.0013717421124828531,9.0,3.0
emblematica:E019187,2803,60,0.3333333333333333,0.006896551724137931,0.019407772681795932,0.0,0.0,0.0,13.0,4.0
emblematica:E019188,2803,52,0.38835627490785335,0.047619047619047616,0.01908112825509423,0.0,0.0,0.0,6.0,4.0
emblematica:E019189,2803,60,0.3333333333333333,0.008064516129032258,0.04228926259584125,0.0,0.0,0.0,2.0,3.0
emblematica:E019190,2803,67,0.3700152943830133,0.08333333333333333,0.03152440804852879,0.0,0.0,0.0,6.5,3.5
emblematica:E019191,2803,42,0.3333333333333333,0.06666666666666667,0.01678954763261248,0.0,0.0,0.0,7.5,4.5
emblematica:E019192,2803,128,0.6630931037085339,1.0,0.09159735587727885,0.0078125,0.015625,0.03125,14.0,4.0
emblematica:E019193,2803,29,0.3333333333333333,0.01282051282051282,0.01637928022337767,0.0,0.0,0.0,2.5,4.0
emblematica:E019194,2803,89,0.40669725543269336,0.3333333333333333,0.06604458470124702,0.0,0.011235955056179775,0.011235955056179775,1.0,4.0
emblematica:E019195,2803,128,0.5997125809225983,1.0,0.08797927188236375,0.0078125,0.015625,0.0234375,7.5,4.0
emblematica:E019196,2803,98,0.42641209703583266,0.14285714285714285,0.06632671929641758,0.0,0.0,0.02040816326530612,5.0,4.0
emblematica:E019197,2803,103,0.6215454215139965,1.0,0.08252910071585305,0.009708737864077669,0.019417475728155338,0.02912621359223301,4.0,4.0
emblematica:E019198,2803,103,0.3333333333333333,0.06666666666666667,0.03370935746376851,0.0,0.0,0.0,7.0,3.0
emblematica:E019199,2803,121,0.3333333333333333,0.007575757575757576,0.033864067181886906,0.0,0.0,0.0,14.0,4.0
emblematica:E019200,2803,26,0.3333333333333333,0.029411764705882353,0.03821941151513507,0.0,0.0,0.0,4.0,4.0
emblematica:E019201,2803,98,0.44281305753755196,0.25,0.06514891978302019,0.0,0.01020408163265306,0.02040816326530612,2.0,4.0
emblematica:E019202,2803,24,0.3333333333333333,0.007633587786259542,0.0057612302433852555,0.0,0.0,0.0,5.5,3.5
emblematica:E019203,2803,114,0.3333333333333333,0.03225806451612903,0.07567401671715701,0.0,0.0,0.0,9.0,3.0
emblematica:E019204,2803,26,0.3333333333333333,0.08333333333333333,0.0223977432275014,0.0,0.0,0.0,5.5,3.0
emblematica:E019205,2803,153,0.41991667443556047,0.1111111111111111,0.07737648895806803,0.0,0.0,0.013071895424836602,14.0,3.0
emblematica:E020642,2803,199,0.46521205707377156,0.14285714285714285,0.08735133474338085,0.0,0.0,0.010050251256281407,2.0,5.0
emblematica:E020643,2803,165,0.4698894983457272,0.3333333333333333,0.0791975131621731,0.0,0.012121212121212121,0.012121212121212121,1.0,5.0
emblematica:E020644,2803,1,0.3333333333333333,0.0021321961620469083,0.0021321961620469083,0.0,0.0,0.0,1.0,5.0
emblematica:E020645,2803,284,0.6460000622137831,1.0,0.12089004096688347,0.0035211267605633804,0.01056338028169014,0.01056338028169014,6.0,4.0
emblematica:E020646,2803,215,0.4454348576459405,0.25,0.10513203835181634,0.0,0.004651162790697674,0.009302325581395349,6.0,4.0
emblematica:E020647,2803,62,0.3333333333333333,0.03125,0.025651069376538587,0.0,0.0,0.0,4.0,4.0
emblematica:E020648,2803,92,0.3333333333333333,0.08333333333333333,0.027933642068595624,0.0,0.0,0.0,1.0,4.0
emblematica:E020649,2803,195,0.38559884598578353,0.16666666666666666,0.09818529173321014,0.0,0.0,0.005128205128205128,3.0,4.0
emblematica:E020650,2803,224,0.47193482954440985,0.25,0.09131021918870806,0.0,0.004464285714285714,0.008928571428571428,14.0,4.0
emblematica:E020651,2803,63,0.37962081462451813,0.125,0.059567581604090765,0.0,0.0,0.015873015873015872,1.0,4.0
emblematica:E020652,2803,134,0.37574719213263447,0.1,0.0684696783783284,0.0,0.0,0.007462686567164179,9.0,3.0
emblematica:E020653,2803,96,0.3333333333333333,0.03225806451612903,0.04172274081841317,0.0,0.0,0.0,9.5,4.0
emblematica:E020654,2803,109,0.3900954117610806,0.2,0.06224412575785401,0.0,0.009174311926605505,0.009174311926605505,1.0,5.0
emblematica:E020655,2803,188,0.3333333333333333,0.09090909090909091,0.09371031158251578,0.0,0.0,0.0,6.0,4.5
emblematica:E020656,2803,9,0.3333333333333333,0.008928571428571428,0.00406891158299505,0.0,0.0,0.0,1.5,5.0
emblematica:E020657,2803,24,0.3333333333333333,0.004366812227074236,0.009702144134015668,0.0,0.0,0.0,1.0,5.0
emblematica:E020658,2803,203,0.48006117753205335,1.0,0.10997762718671655,0.0049261083743842365,0.0049261083743842365,0.0049261083743842365,2.0,5.0
emblematica:E020659,2803,106,0.3333333333333333,0.058823529411764705,0.04655299669008896,0.0,0.0,0.0,3.0,3.0
emblematica:E020660,2803,40,0.4491111142319945,0.3333333333333333,0.053788068534154986,0.0,0.025,0.05,5.0,5.0
emblematica:E020661,2803,362,0.5242306598349794,1.0,0.13701868236236805,0.0027624309392265192,0.0027624309392265192,0.0055248618784530384,11.0,5.0
emblematica:E020662,2803,35,0.3333333333333333,0.013513513513513514,0.01050679712622244,0.0,0.0,0.0,1.0,4.5
emblematica:E020663,2803,98,0.3333333333333333,0.08333333333333333,0.0452144113805952,0.0,0.0,0.0,4.0,5.0
emblematica:E020664,2803,160,0.4454348576459405,0.25,0.07808214995351051,0.0,0.00625,0.0125,1.0,4.5
emblematica:E020665,2803,25,0.3333333333333333,0.002770083102493075,0.009145361257335012,0.0,0.0,0.0,1.0,3.5
emblematica:E020666,2803,14,0.48006117753205335,1.0,0.07724894400663526,0.07142857142857142,0.07142857142857142,0.07142857142857142,2.0,5.0
emblematica:E020667,2803,248,0.48006117753205335,1.0,0.11572274879639145,0.004032258064516129,0.004032258064516129,0.004032258064516129,13.0,4.0
emblematica:E020668,2803,377,0.3333333333333333,0.045454545454545456,0.14087157358341032,0.0,0.0,0.0,25.0,4.0
emblematica:E020669,2803,208,0.6056906122838637,1.0,0.10307711208086066,0.004807692307692308,0.009615384615384616,0.014423076923076924,4.0,5.0
emblematica:E020670,2803,12,0.3333333333333333,0.04,0.011246514711816829,0.0,0.0,0.0,1.0,5.0
emblematica:E020671,2803,306,0.5332700211316629,0.5,0.1373903569479106,0.0,0.006535947712418301,0.00980392156862745,12.5,4.0
emblematica:E020672,2803,220,0.5332700211316629,0.5,0.11075654315884913,0.0,0.00909090909090909,0.013636363636363636,14.0,3.0
emblematica:E020673,2803,189,0.3333333333333333,0.09090909090909091,0.09381974344697083,0.0,0.0,0.0,9.0,4.0
emblematica:E020674,2803,231,0.3455606536832266,0.02857142857142857,0.07112434423125762,0.0,0.0,0.0,4.0,5.0
emblematica:E020675,2803,47,0.3439367980331586,0.01694915254237288,0.014146835285178579,0.0,0.0,0.0,5.0,4.0
emblematica:E020676,2803,464,0.5957072129704393,0.5,0.1892792606247674,0.0,0.004310344827586207,0.008620689655172414,47.0,4.0
emblematica:E020677,2803,293,0.5349358869959004,0.5,0.12062216576524817,0.0,0.006825938566552901,0.010238907849829351,1.0,3.5
emblematica:E020678,2803,337,0.4748175773152763,0.5,0.15782760951398084,0.0,0.002967359050445104,0.005934718100890208,7.5,4.0
emblematica:E020679,2803,6,0.3775028156362593,0.01,0.0067790827506208325,0.0,0.0,0.0,1.0,4.0
emblematica:E020680,2803,191,0.3333333333333333,0.045454545454545456,0.055660250400641965,0.0,0.0,0.0,8.5,4.0
emblematica:E020681,2803,82,0.3775028156362593,0.1111111111111111,0.060031216299824296,0.0,0.0,0.012195121951219513,6.0,4.5
emblematica:E020682,2803,11,0.3333333333333333,0.038461538461538464,0.00815211330369824,0.0,0.0,0.0,1.0,4.0
emblematica:E020683,2803,301,0.43188632727696835,0.16666666666666666,0.11971080760688095,0.0,0.0,0.006644518272425249,4.0,5.0
emblematica:E020684,2803,305,0.6460000622137831,1.0,0.12911065413219763,0.003278688524590164,0.009836065573770493,0.009836065573770493,6.5,4.0
emblematica:E020685,2803,351,0.6228563215681907,1.0,0.14030487878941242,0.002849002849002849,0.005698005698005698,0.008547008547008548,8.5,5.0
emblematica:E020686,2803,102,0.40669725543269336,0.3333333333333333,0.053580926771649995,0.0,0.00980392156862745,0.00980392156862745,2.0,5.0
emblematica:E020687,2803,120,0.3333333333333333,0.045454545454545456,0.0481176656129469,0.0,0.0,0.0,5.0,6.0
emblematica:E020688,2803,159,0.42590829591570295,0.5,0.052965487002149036,0.0,0.006289308176100629,0.006289308176100629,11.0,5.0
emblematica:E020689,2803,274,0.5172314361145774,0.5,0.1122582907519876,0.0,0.0036496350364963502,0.010948905109489052,2.0,4.0
emblematica:E020690,2803,99,0.38559884598578353,0.16666666666666666,0.03871086559373587,0.0,0.0,0.010101010101010102,10.0,4.0
emblematica:E020691,2803,72,0.3333333333333333,0.047619047619047616,0.05330293792607443,0.0,0.0,0.0,1.0,4.5
emblematica:E020692,2803,100,0.3775028156362593,0.1111111111111111,0.058296678854272505,0.0,0.0,0.01,11.0,6.0
emblematica:E020693,2803,92,0.3333333333333333,0.05,0.03283102427922426,0.0,0.0,0.0,8.5,4.0
emblematica:E020694,2803,241,0.39796179514935814,0.125,0.11075691133145461,0.0,0.0,0.004149377593360996,2.0,5.0
emblematica:E020695,2803,112,0.5341361977364265,0.14285714285714285,0.0417292134906201,0.0,0.0,0.008928571428571428,8.0,4.5
emblematica:E020696,2803,178,0.39652557624636714,0.25,0.09609744363589087,0.0,0.0056179775280898875,0.0056179775280898875,6.0,5.0
emblematica:E020697,2803,272,0.4389394350456683,0.25,0.11047148252168494,0.0,0.003676470588235294,0.007352941176470588,1.0,4.5
emblematica:E020698,2803,499,0.6564746593503455,1.0,0.19089911385617492,0.002004008016032064,0.006012024048096192,0.008016032064128256,25.5,5.0
emblematica:E020699,2803,351,0.6150499989137242,1.0,0.1350757404756031,0.002849002849002849,0.005698005698005698,0.008547008547008548,6.5,4.0
emblematica:E020700,2803,160,0.48006117753205335,1.0,0.06397990444501397,0.00625,0.00625,0.00625,14.0,4.0
emblematica:E020701,2803,74,0.47219577720688777,0.5,0.03125700326437367,0.0,0.013513513513513514,0.013513513513513514,5.0,4.0
emblematica:E020702,2803,378,0.5157248465128909,0.3333333333333333,0.1571599911330332,0.0,0.005291005291005291,0.007936507936507936,13.0,4.5
emblematica:E020704,2803,0,1.0,,,,,,1.0,2.0
emblematica:E020705,2803,0,1.0,,,,,,1.0,2.0
emblematica:E020706,2803,0,1.0,,,,,,1.0,2.0
emblematica:E020707,2803,0,1.0,,,,,,1.0,2.0
emblematica:E020708,2803,0,1.0,,,,,,1.0,2.0
emblematica:E020709,2803,0,1.0,,,,,,1.0,2.0
emblematica:E020710,2803,0,1.0,,,,,,1.0,2.0
emblematica:E020711,2803,0,1.0,,,,,,1.0,2.0
emblematica:E020712,2803,0,1.0,,,,,,1.0,2.0
emblematica:E020713,2803,1,0.694355946562825,0.015384615384615385,0.015384615384615385,0.0,0.0,0.0,2.0,2.0
emblematica:E020714,2803,0,1.0,,,,,,1.0,2.0
emblematica:E020715,2803,0,1.0,,,,,,1.0,2.0
emblematica:E020716,2803,0,1.0,,,,,,1.0,2.0
emblematica:E020717,2803,0,1.0,,,,,,1.0,2.0
emblematica:E020718,2803,0,1.0,,,,,,1.0,2.0
emblematica:E020719,2803,0,1.0,,,,,,1.0,2.0
emblematica:E020720,2803,0,1.0,,,,,,1.0,2.0
emblematica:E020721,2803,0,1.0,,,,,,1.0,2.0
emblematica:E020722,2803,0,1.0,,,,,,1.0,2.0
emblematica:E020723,2803,0,1.0,,,,,,1.0,2.0
emblematica:E020724,2803,0,1.0,,,,,,1.0,2.0
emblematica:E020725,2803,0,1.0,,,,,,1.0,2.0
emblematica:E020726,2803,0,1.0,,,,,,1.0,2.0
emblematica:E020727,2803,0,1.0,,,,,,1.0,2.0
emblematica:E020728,2803,0,1.0,,,,,,1.0,2.0
emblematica:E020729,2803,0,1.0,,,,,,1.0,2.0
emblematica:E020730,2803,0,1.0,,,,,,1.0,2.0
emblematica:E020731,2803,0,1.0,,,,,,1.0,2.0
emblematica:E020732,2803,0,1.0,,,,,,1.0,2.0
emblematica:E020733,2803,1,0.694355946562825,0.011764705882352941,0.011764705882352941,0.0,0.0,0.0,2.0,2.0
emblematica:E020734,2803,0,1.0,,,,,,1.0,2.0
emblematica:E020735,2803,0,1.0,,,,,,1.0,2.0
emblematica:E020736,2803,0,1.0,,,,,,1.0,2.0
emblematica:E020737,2803,0,1.0,,,,,,1.0,2.0
emblematica:E020738,2803,0,1.0,,,,,,1.0,2.0
emblematica:E020739,2803,0,1.0,,,,,,1.0,2.0
emblematica:E020740,2803,0,1.0,,,,,,1.0,2.0
emblematica:E020741,2803,0,1.0,,,,,,1.0,2.0
emblematica:E020742,2803,0,1.0,,,,,,1.0,2.0
emblematica:E020743,2803,0,1.0,,,,,,1.0,2.0
emblematica:E020744,2803,0,1.0,,,,,,1.0,2.0
emblematica:E020745,2803,0,1.0,,,,,,1.0,2.0
emblematica:E020746,2803,0,1.0,,,,,,1.0,2.0
emblematica:E020747,2803,0,1.0,,,,,,1.0,2.0
emblematica:E020748,2803,0,1.0,,,,,,1.0,2.0
emblematica:E020749,2803,0,1.0,,,,,,1.0,2.0
emblematica:E020750,2803,0,1.0,,,,,,1.0,2.0
emblematica:E020751,2803,0,1.0,,,,,,1.0,2.0
emblematica:E020752,2803,0,1.0,,,,,,1.0,2.0
emblematica:E020753,2803,0,1.0,,,,,,1.0,2.0
emblematica:E020754,2803,0,1.0,,,,,,1.0,2.0
emblematica:E020755,2803,0,1.0,,,,,,1.0,2.0
emblematica:E020756,2803,0,1.0,,,,,,1.0,2.0
emblematica:E020757,2803,0,1.0,,,,,,1.0,2.0
emblematica:E022361,2803,62,0.3333333333333333,0.08333333333333333,0.055275739043395576,0.0,0.0,0.0,1.0,4.0
emblematica:E022362,2803,0,1.0,,,,,,1.0,2.0
emblematica:E022363,2803,0,1.0,,,,,,1.0,2.0
emblematica:E022364,2803,0,1.0,,,,,,1.0,2.0
emblematica:E022506,2803,172,0.77614268603359,0.5,0.1900189658120676,0.0,0.023255813953488372,0.040697674418604654,3.0,6.0
emblematica:E022507,2803,460,0.541366051481187,0.5,0.21821593888733604,0.0,0.004347826086956522,0.006521739130434782,6.5,4.0
emblematica:E022508,2803,142,0.5958389584307145,1.0,0.0703492169026964,0.007042253521126761,0.007042253521126761,0.014084507042253521,3.0,5.0
emblematica:E022509,2803,45,0.686842073296412,1.0,0.07115265512443095,0.022222222222222223,0.022222222222222223,0.06666666666666667,2.0,5.0
emblematica:E022510,2803,812,0.6938910515445139,0.5,0.3755008566206715,0.0,0.003694581280788177,0.0049261083743842365,5.5,5.5
emblematica:E022511,2803,665,1.0,1.0,0.32837937247722215,0.0015037593984962407,0.007518796992481203,0.015037593984962405,10.0,6.0
emblematica:E022512,2803,195,0.9074250374176303,1.0,0.17448976049177253,0.005128205128205128,0.020512820512820513,0.041025641025641026,7.0,5.5
emblematica:E022513,2803,595,0.85515952476518,1.0,0.2791311856014663,0.0016806722689075631,0.0067226890756302525,0.013445378151260505,15.0,5.0
emblematica:E022514,2803,213,1.0,1.0,0.3600439531147177,0.004694835680751174,0.014084507042253521,0.03755868544600939,7.5,5.0
emblematica:E022515,2803,99,0.9368077570869661,1.0,0.2279668379888269,0.010101010101010102,0.030303030303030304,0.08080808080808081,5.0,5.0
emblematica:E022516,2803,281,0.8416109943962079,1.0,0.15649377538845577,0.0035587188612099642,0.014234875444839857,0.02491103202846975,2.0,5.0
emblematica:E022517,2803,123,0.6787334396498962,0.5,0.14570509604472986,0.0,0.024390243902439025,0.04878048780487805,4.5,5.0
emblematica:E022518,2803,77,0.49120494769811857,0.16666666666666666,0.04192705023998265,0.0,0.0,0.025974025974025976,6.0,5.0
emblematica:E022519,2803,267,0.9069212362975004,1.0,0.17308526020512738,0.003745318352059925,0.018726591760299626,0.026217228464419477,7.0,4.0
emblematica:E022520,2803,306,0.8091026734983537,0.5,0.15168332437550722,0.0,0.013071895424836602,0.0196078431372549,2.0,6.0
emblematica:E022521,2803,319,0.8990684392693266,1.0,0.206692604885062,0.003134796238244514,0.009404388714733543,0.0219435736677116,2.0,4.0
emblematica:E022522,2803,245,1.0,1.0,0.18699543174105018,0.004081632653061225,0.02040816326530612,0.04081632653061224,6.5,4.5
emblematica:E022523,2803,338,1.0,1.0,0.2357865184755566,0.0029585798816568047,0.014792899408284023,0.029585798816568046,14.0,3.5
emblematica:E022524,2803,47,0.9112986599095139,0.3333333333333333,0.11429099976631808,0.0,0.0425531914893617,0.10638297872340426,3.0,6.0
emblematica:E022525,2803,341,0.8010066431488296,0.5,0.21214125364036704,0.0,0.011730205278592375,0.02346041055718475,7.5,6.0
emblematica:E022526,2803,331,0.7991971355969067,0.3333333333333333,0.16280237163939884,0.0,0.006042296072507553,0.00906344410876133,7.0,4.0
emblematica:E022527,2803,158,0.6969387913610549,0.5,0.13875853690389967,0.0,0.0189873417721519,0.0379746835443038,4.5,6.0
emblematica:E022528,2803,485,0.7659543835545644,1.0,0.22940275069643185,0.002061855670103093,0.010309278350515464,0.010309278350515464,6.0,4.0
emblematica:E022529,2803,335,0.5955189330975375,1.0,0.1558590323988574,0.0029850746268656717,0.005970149253731343,0.008955223880597015,2.0,5.0
emblematica:E022530,2803,115,0.6967705191613879,1.0,0.1255603678849,0.008695652173913044,0.02608695652173913,0.043478260869565216,6.0,6.0
emblematica:E022531,2803,152,0.7645708157107938,0.5,0.1453737171341603,0.0,0.02631578947368421,0.046052631578947366,4.5,6.0
emblematica:E022532,2803,345,1.0,1.0,0.2069920648986071,0.002898550724637681,0.014492753623188406,0.028985507246376812,5.0,3.0
emblematica:E022533,2803,305,0.9477344873475497,1.0,0.1905850428648348,0.003278688524590164,0.01639344262295082,0.029508196721311476,3.0,5.0
emblematica:E022534,2803,293,0.8842222191013388,1.0,0.1915562478774005,0.0034129692832764505,0.013651877133105802,0.027303754266211604,10.0,4.0
emblematica:E022535,2803,205,1.0,1.0,0.20555171022933647,0.004878048780487805,0.024390243902439025,0.04878048780487805,6.0,4.0
emblematica:E028278,2803,473,0.968189605900524,1.0,0.29990113329157925,0.0021141649048625794,0.010570824524312896,0.019027484143763214,14.0,4.0
emblematica:E028279,2803,1226,1.0,1.0,0.4801528681498409,0.0008156606851549756,0.004078303425774877,0.008156606851549755,16.0,3.0
emblematica:E028280,2803,300,0.8205228949141826,0.3333333333333333,0.3114422719464189,0.0,0.01,0.02,7.0,4.5
emblematica:E028281,2803,800,0.9558305176970738,1.0,0.4329796914646721,0.00125,0.00625,0.01125,14.0,4.0
emblematica:E028282,2803,1173,0.9526058178152246,1.0,0.4100501715036331,0.0008525149190110827,0.0034100596760443308,0.0076726342710997444,29.0,4.0
emblematica:E028283,2803,573,0.9633180389503199,1.0,0.38448742339500935,0.0017452006980802793,0.008726003490401396,0.015706806282722512,21.0,3.0
emblematica:E028284,2803,960,0.8751108421980247,1.0,0.3688978890232117,0.0010416666666666667,0.005208333333333333,0.007291666666666667,6.0,4.0
emblematica:E028285,2803,534,1.0,1.0,0.3337058998495188,0.0018726591760299626,0.009363295880149813,0.018726591760299626,22.0,4.0
emblematica:E028286,2803,156,0.6318971300413291,1.0,0.20727906676992297,0.00641025641025641,0.01282051282051282,0.01282051282051282,3.0,4.0
emblematica:E028287,2803,577,0.7510916729774053,0.3333333333333333,0.3269458661322248,0.0,0.005199306759098787,0.012131715771230503,18.0,4.0
emblematica:E028288,2803,739,1.0,1.0,0.3970039418831166,0.0013531799729364006,0.005412719891745603,0.012178619756427604,14.5,4.0
emblematica:E028289,2803,1252,0.9537125187088151,0.5,0.43018970827845354,0.0,0.003194888178913738,0.006389776357827476,5.0,4.0
emblematica:E028290,2803,401,1.0,0.3333333333333333,0.31109609162032476,0.0,0.007481296758104738,0.0199501246882793,21.0,4.0
emblematica:E028291,2803,394,1.0,1.0,0.3282708396405318,0.0025380710659898475,0.012690355329949238,0.02030456852791878,10.0,4.0
emblematica:E028292,2803,448,0.968189605900524,1.0,0.41456050655216276,0.002232142857142857,0.011160714285714286,0.020089285714285716,17.0,3.0
emblematica:E028293,2803,993,1.0,1.0,0.3963157089548045,0.0010070493454179255,0.005035246727089627,0.010070493454179255,13.0,4.0
emblematica:E028294,2803,1109,0.9633180389503199,1.0,0.4337466430909392,0.0009017132551848512,0.004508566275924256,0.008115419296663661,14.0,4.0
emblematica:E028295,2803,765,1.0,1.0,0.4204887646280163,0.00130718954248366,0.006535947712418301,0.013071895424836602,14.0,4.0
emblematica:E028296,2803,597,1.0,1.0,0.38258754907738224,0.0016750418760469012,0.008375209380234505,0.01675041876046901,12.0,4.0
emblematica:E028297,2803,530,0.8349311752764398,0.5,0.36255380156601713,0.0,0.007547169811320755,0.016981132075471698,7.0,4.0
emblematica:E028298,2803,212,0.9633180389503199,0.5,0.2884294564374002,0.0,0.014150943396226415,0.0330188679245283,8.0,3.0
emblematica:E028299,2803,1178,0.9432379215722525,1.0,0.4553088001862929,0.0008488964346349745,0.0025466893039049238,0.005942275042444821,14.5,4.0
emblematica:E028300,2803,861,0.8349311752764398,0.5,0.3042305759020241,0.0,0.004645760743321719,0.009291521486643438,4.5,3.5
emblematica:E028301,2803,390,0.9305687780632227,1.0,0.4083060786104846,0.002564102564102564,0.010256410256410256,0.023076923076923078,17.5,4.0
emblematica:E028302,2803,1116,0.9558305176970738,1.0,0.4322251193773961,0.0008960573476702509,0.0035842293906810036,0.007168458781362007,8.0,4.0
emblematica:E028303,2803,1165,0.9574284411791895,1.0,0.4460075150530215,0.0008583690987124463,0.0034334763948497852,0.007725321888412017,15.0,4.0
emblematica:E028304,2803,1305,1.0,1.0,0.4682749454308096,0.0007662835249042146,0.0038314176245210726,0.007662835249042145,16.5,4.0
emblematica:E028305,2803,1210,1.0,1.0,0.4632996756476686,0.0008264462809917355,0.004132231404958678,0.008264462809917356,17.5,4.0
emblematica:E028306,2803,1315,1.0,0.5,0.457054963138196,0.0,0.003041825095057034,0.006844106463878327,15.0,4.0
emblematica:E028307,2803,1262,0.9266360779006398,1.0,0.4369033204114153,0.000792393026941363,0.003169572107765452,0.006339144215530904,13.5,4.0
emblematica:E028308,2803,595,0.9432379215722525,1.0,0.37308831447038604,0.0016806722689075631,0.0067226890756302525,0.015126050420168067,16.5,4.0
emblematica:E028309,2803,847,1.0,1.0,0.31983909826258305,0.0011806375442739079,0.0059031877213695395,0.011806375442739079,9.0,4.0
emblematica:E028310,2803,357,0.9574284411791895,1.0,0.38315789860169464,0.0028011204481792717,0.011204481792717087,0.025210084033613446,20.0,4.0
emblematica:E028311,2803,1352,1.0,1.0,0.49232567920147957,0.0007396449704142012,0.0036982248520710057,0.0073964497041420114,16.0,5.0
emblematica:E028312,2803,1190,1.0,1.0,0.4642746926796882,0.0008403361344537816,0.004201680672268907,0.008403361344537815,18.5,4.0
emblematica:E028313,2803,648,1.0,1.0,0.4194633657642304,0.0015432098765432098,0.007716049382716049,0.015432098765432098,17.0,4.0
emblematica:E028314,2803,618,0.9044250624156782,1.0,0.3741342811890851,0.0016181229773462784,0.006472491909385114,0.012944983818770227,8.5,5.0
emblematica:E028315,2803,447,0.7738575627829004,0.5,0.3289655697988203,0.0,0.008948545861297539,0.015659955257270694,9.0,5.0
emblematica:E028316,2803,238,0.762206711342713,0.3333333333333333,0.17251420714867507,0.0,0.012605042016806723,0.01680672268907563,10.5,3.0
emblematica:E028317,2803,573,1.0,1.0,0.39205016190574715,0.0017452006980802793,0.008726003490401396,0.013961605584642234,21.0,4.0
emblematica:E028318,2803,371,0.8958531670948341,1.0,0.4235195888198631,0.0026954177897574125,0.01078167115902965,0.0215633423180593,14.0,3.0
emblematica:E028319,2803,216,0.9155937214408195,1.0,0.306253194977251,0.004629629629629629,0.018518518518518517,0.032407407407407406,5.0,4.0
emblematica:E028320,2803,392,0.9444550224505781,0.5,0.2759896817021951,0.0,0.007653061224489796,0.017857142857142856,8.0,5.0
emblematica:E028321,2803,515,0.94497705842548,1.0,0.36187821222857286,0.001941747572815534,0.009708737864077669,0.017475728155339806,8.0,4.0
emblematica:E028322,2803,719,0.9194787060880301,1.0,0.44905807203160464,0.0013908205841446453,0.005563282336578581,0.009735744089012517,27.0,4.0
emblematica:E028323,2803,686,1.0,1.0,0.4202224541014724,0.0014577259475218659,0.007288629737609329,0.014577259475218658,16.0,4.0
emblematica:E028324,2803,387,0.7541552962449304,1.0,0.2738329273985448,0.002583979328165375,0.00516795865633075,0.012919896640826873,6.0,3.5
emblematica:E028325,2803,911,1.0,1.0,0.33196989603142674,0.0010976948408342481,0.0010976948408342481,0.003293084522502744,6.5,4.0
emblematica:E028326,2803,743,1.0,1.0,0.4174772438669683,0.0013458950201884253,0.006729475100942127,0.013458950201884253,13.0,4.0
emblematica:E028327,2803,437,0.7999159727701494,1.0,0.2626806858616569,0.002288329519450801,0.006864988558352402,0.013729977116704805,10.0,4.0
emblematica:E028328,2803,422,1.0,1.0,0.3658944359642725,0.002369668246445498,0.011848341232227487,0.023696682464454975,15.0,4.0
emblematica:E028329,2803,1198,1.0,1.0,0.45103758225120844,0.0008347245409015025,0.004173622704507512,0.008347245409015025,31.5,4.0
emblematica:E028330,2803,1209,0.9633180389503199,1.0,0.45662589769552286,0.0008271298593879239,0.0041356492969396195,0.007444168734491315,18.5,4.0
emblematica:E028331,2803,611,1.0,1.0,0.40339731214489516,0.0016366612111292963,0.008183306055646482,0.016366612111292964,16.0,4.0
emblematica:E028332,2803,731,1.0,1.0,0.44134653091187026,0.0013679890560875513,0.006839945280437756,0.013679890560875513,21.0,3.0
emblematica:E028333,2803,1171,1.0,1.0,0.4533993697811952,0.0008539709649871904,0.0034158838599487617,0.007685738684884714,14.0,4.0
emblematica:E028334,2803,650,1.0,1.0,0.39504676432148245,0.0015384615384615385,0.007692307692307693,0.013846153846153847,12.0,4.0
emblematica:E028335,2803,570,0.8899541168509599,0.5,0.3856251176893709,0.0,0.007017543859649123,0.015789473684210527,15.5,3.5
emblematica:E028336,2803,579,1.0,1.0,0.41078653981339974,0.0017271157167530224,0.008635578583765112,0.017271157167530225,17.0,4.0
emblematica:E028337,2803,1241,1.0,1.0,0.4752470104016094,0.0008058017727639,0.0040290088638195,0.008058017727639,34.0,4.0
emblematica:E028338,2803,1164,0.8552385058825712,0.5,0.45021700122838837,0.0,0.003436426116838488,0.006872852233676976,16.0,4.0
emblematica:E028339,2803,464,0.7323728416124681,0.3333333333333333,0.3168830376553534,0.0,0.00646551724137931,0.01293103448275862,6.0,3.5
emblematica:E028340,2803,1264,0.9574284411791895,1.0,0.44654455999175496,0.0007911392405063291,0.0031645569620253164,0.007120253164556962,14.0,4.5
emblematica:E028341,2803,1325,0.9260852545422736,1.0,0.4575964532204271,0.0007547169811320754,0.0037735849056603774,0.0060377358490566035,11.0,4.0
emblematica:E028342,2803,593,1.0,1.0,0.3982309280431853,0.0016863406408094434,0.008431703204047217,0.01517706576728499,18.5,4.0
emblematica:E028343,2803,566,1.0,1.0,0.3865578873087103,0.0017667844522968198,0.0088339222614841,0.0176678445229682,15.0,4.0
emblematica:E028344,2803,580,1.0,0.5,0.3654272561408639,0.0,0.006896551724137931,0.013793103448275862,21.0,4.0
emblematica:E028345,2803,444,0.9112986599095139,1.0,0.38146073945579895,0.0022522522522522522,0.01126126126126126,0.018018018018018018,14.0,4.0
emblematica:E028346,2803,466,0.9574284411791895,1.0,0.3222211686482961,0.002145922746781116,0.004291845493562232,0.015021459227467811,13.0,4.0
emblematica:E028347,2803,465,0.9668728882728055,1.0,0.3353331824932036,0.002150537634408602,0.010752688172043012,0.017204301075268817,9.0,4.0
emblematica:E028348,2803,472,0.8410448354513865,0.5,0.35202276234987545,0.0,0.00847457627118644,0.014830508474576272,13.0,4.0
emblematica:E028349,2803,429,0.8564113471486752,1.0,0.2696186460792504,0.002331002331002331,0.011655011655011656,0.016317016317016316,11.0,4.0
emblematica:E028350,2803,672,1.0,1.0,0.4103590683807311,0.001488095238095238,0.00744047619047619,0.01488095238095238,16.0,4.0
emblematica:E028351,2803,1192,0.9537125187088151,0.5,0.4272748696372652,0.0,0.003355704697986577,0.006711409395973154,8.0,4.0
emblematica:E028352,2803,774,1.0,1.0,0.43725486598063473,0.0012919896640826874,0.006459948320413436,0.012919896640826873,18.5,4.0
emblematica:E028353,2803,487,1.0,1.0,0.3726602383715763,0.002053388090349076,0.01026694045174538,0.02053388090349076,9.0,4.0
emblematica:E028354,2803,1242,0.9558305176970738,1.0,0.4376953034718277,0.0008051529790660225,0.004025764895330112,0.007246376811594203,14.0,4.5
emblematica:E028355,2803,492,0.9574284411791895,1.0,0.3865412320456917,0.0020325203252032522,0.008130081300813009,0.018292682926829267,8.0,4.0
emblematica:E028356,2803,736,0.9051629285267392,1.0,0.40214001308496317,0.001358695652173913,0.005434782608695652,0.010869565217391304,21.0,3.0
emblematica:E028357,2803,608,1.0,1.0,0.38107405447598564,0.001644736842105263,0.008223684210526315,0.01644736842105263,12.0,4.0
emblematica:E028358,2803,845,1.0,1.0,0.40285132624621495,0.001183431952662722,0.005917159763313609,0.011834319526627219,9.0,4.0
emblematica:E028359,2803,515,1.0,1.0,0.3282074195827907,0.001941747572815534,0.009708737864077669,0.017475728155339806,14.0,4.0
emblematica:E028360,2803,504,1.0,1.0,0.3701996625207115,0.001984126984126984,0.00992063492063492,0.01984126984126984,12.0,4.0
emblematica:E028361,2803,1100,1.0,1.0,0.4280821703760693,0.0009090909090909091,0.004545454545454545,0.00909090909090909,8.0,4.0
emblematica:E028362,2803,603,1.0,1.0,0.3942548406371743,0.001658374792703151,0.008291873963515755,0.01658374792703151,16.0,4.0
emblematica:E028363,2803,1128,1.0,1.0,0.43570423008558634,0.0008865248226950354,0.004432624113475178,0.008865248226950355,14.0,3.0
emblematica:E028364,2803,627,0.9633180389503199,1.0,0.3896062915806131,0.001594896331738437,0.007974481658692184,0.014354066985645933,16.0,4.0
emblematica:E028365,2803,519,0.8815962892264111,1.0,0.30736097926079464,0.0019267822736030828,0.007707129094412331,0.01348747591522158,21.0,4.0
emblematica:E028366,2803,752,0.9574284411791895,1.0,0.41433112815347506,0.0013297872340425532,0.005319148936170213,0.011968085106382979,12.0,4.0
emblematica:E028367,2803,1021,0.9575861412006987,1.0,0.39409589546514334,0.0009794319294809011,0.004897159647404506,0.00881488736532811,14.0,4.0
emblematica:E028368,2803,311,0.8756146433181543,1.0,0.31038876569169077,0.003215434083601286,0.012861736334405145,0.022508038585209004,10.0,4.0
emblematica:E028369,2803,404,0.9305687780632227,0.3333333333333333,0.3558558964106746,0.0,0.007425742574257425,0.019801980198019802,18.0,4.0
emblematica:E028370,2803,1178,0.94497705842548,1.0,0.4581850855617153,0.0008488964346349745,0.003395585738539898,0.007640067911714771,13.5,4.0
emblematica:E028371,2803,471,0.8552385058825712,0.5,0.31612492550326793,0.0,0.006369426751592357,0.012738853503184714,14.0,4.0
emblematica:E028372,2803,1071,0.8958531670948341,1.0,0.4045636628860426,0.0009337068160597573,0.003734827264239029,0.007469654528478058,19.0,4.0
emblematica:E028373,2803,1310,1.0,1.0,0.4714046099172401,0.0007633587786259542,0.003816793893129771,0.007633587786259542,15.0,4.0
emblematica:E028374,2803,313,1.0,1.0,0.38897105873030846,0.003194888178913738,0.009584664536741214,0.025559105431309903,6.0,3.0
emblematica:E028375,2803,484,0.8709928245265858,1.0,0.3505611135741385,0.002066115702479339,0.008264462809917356,0.014462809917355372,10.0,4.0
emblematica:E028376,2803,460,0.8828531869140089,1.0,0.31544108998331777,0.002173913043478261,0.008695652173913044,0.015217391304347827,13.0,4.0
emblematica:E028377,2803,202,0.6517048411718598,0.5,0.23757100754168473,0.0,0.009900990099009901,0.024752475247524754,6.5,3.0
emblematica:E029857,2803,453,1.0,1.0,0.2759209035703055,0.002207505518763797,0.008830022075055188,0.017660044150110375,4.0,4.0
emblematica:E029858,2803,44,0.26112758890931953,0.16666666666666666,0.046472144700600834,0.0,0.0,0.022727272727272728,5.0,4.0
emblematica:E029859,2803,277,0.2944103097647385,0.5,0.11895246001766317,0.0,0.0036101083032490976,0.0036101083032490976,9.0,5.0
emblematica:E029860,2803,467,0.6117373718182131,0.2,0.23814693661932204,0.0,0.0021413276231263384,0.008565310492505354,11.0,5.0
emblematica:E029861,2803,425,0.6087290688702358,0.25,0.18099146335722488,0.0,0.002352941176470588,0.009411764705882352,5.0,4.0
emblematica:E029862,2803,125,0.4939318139898557,1.0,0.07271149396944449,0.008,0.016,0.016,9.0,4.0
emblematica:E029863,2803,308,0.5989092609866395,0.16666666666666666,0.22504710940563608,0.0,0.0,0.012987012987012988,13.5,6.0
emblematica:E029864,2803,158,0.321158941610959,0.1111111111111111,0.13083145448756342,0.0,0.0,0.006329113924050633,4.0,4.0
emblematica:E029865,2803,254,0.5395675328566912,0.2,0.1489099493152051,0.0,0.003937007874015748,0.011811023622047244,4.0,4.0
emblematica:E029866,2803,272,0.5786223596138276,0.3333333333333333,0.17161933160613677,0.0,0.003676470588235294,0.007352941176470588,5.0,4.0
emblematica:E029867,2803,275,0.5429699264867713,1.0,0.14983113442802695,0.0036363636363636364,0.007272727272727273,0.007272727272727273,3.0,6.0
emblematica:E029868,2803,67,0.3230326022930835,0.3333333333333333,0.043257688214994004,0.0,0.014925373134328358,0.014925373134328358,8.0,5.0
emblematica:E029869,2803,457,0.6115966365217088,0.25,0.2032542500843438,0.0,0.002188183807439825,0.0087527352297593,6.0,4.0
emblematica:E029870,2803,403,0.599914744360869,0.5,0.21325380223221643,0.0,0.007444168734491315,0.007444168734491315,8.0,5.0
emblematica:E029871,2803,226,0.7959634093643542,0.16666666666666666,0.13001032347600827,0.0,0.0,0.004424778761061947,5.5,5.0
emblematica:E029872,2803,273,0.5233274722279355,0.14285714285714285,0.1270376960563363,0.0,0.0,0.003663003663003663,5.0,5.0
emblematica:E029873,2803,175,0.48680159979088233,0.1111111111111111,0.14278869829061835,0.0,0.0,0.005714285714285714,5.0,5.0
emblematica:E029874,2803,59,0.3974703320470394,0.023255813953488372,0.02881552465899662,0.0,0.0,0.0,4.0,4.0
emblematica:E029875,2803,314,0.5915350958134717,0.3333333333333333,0.16426918189260242,0.0,0.009554140127388535,0.009554140127388535,7.5,4.5
emblematica:E029876,2803,272,0.7450403706271503,0.2,0.2090771347946847,0.0,0.003676470588235294,0.011029411764705883,5.0,5.0
emblematica:E029877,2803,35,0.18846232679229385,0.022222222222222223,0.013469394388426323,0.0,0.0,0.0,3.0,6.0
emblematica:E029878,2803,236,0.5403793412353967,0.14285714285714285,0.13188507902132746,0.0,0.0,0.00847457627118644,12.0,6.0
emblematica:E029879,2803,146,0.6230999253651985,0.2,0.06647881970949905,0.0,0.00684931506849315,0.0136986301369863,3.5,4.0
emblematica:E029880,2803,316,0.6925608869314479,1.0,0.16886850382946939,0.0031645569620253164,0.00949367088607595,0.00949367088607595,4.0,4.0
emblematica:E029881,2803,233,0.8076336253519516,1.0,0.1363050621741569,0.004291845493562232,0.008583690987124463,0.012875536480686695,4.0,4.5
emblematica:E029882,2803,415,0.7114140141016347,1.0,0.2065038799903034,0.0024096385542168677,0.007228915662650603,0.014457831325301205,3.0,5.0
emblematica:E029883,2803,275,0.7102659042956324,1.0,0.1876628329506863,0.0036363636363636364,0.01090909090909091,0.01818181818181818,11.0,4.0
emblematica:E029884,2803,265,0.9668728882728055,1.0,0.19675942695419124,0.0037735849056603774,0.01509433962264151,0.026415094339622643,3.5,4.5
emblematica:E029885,2803,1053,0.7991250843018692,1.0,0.4176273526198201,0.000949667616334283,0.002849002849002849,0.005698005698005698,5.0,4.0
emblematica:E029886,2803,342,0.46739301242390036,0.2,0.21359315676040985,0.0,0.0029239766081871343,0.005847953216374269,3.0,5.0
emblematica:E029887,2803,100,0.5885338192520402,0.3333333333333333,0.05472097637907987,0.0,0.01,0.01,2.0,4.0
emblematica:E029888,2803,204,0.5263602809107611,0.25,0.10919271851911831,0.0,0.004901960784313725,0.00980392156862745,5.0,4.5
emblematica:E029889,2803,283,0.27454165981472173,0.2,0.1106836762872351,0.0,0.0035335689045936395,0.0035335689045936395,2.0,4.0
emblematica:E029890,2803,327,0.45529609714850044,0.3333333333333333,0.14791475963585032,0.0,0.0061162079510703364,0.009174311926605505,7.0,4.0
emblematica:E029891,2803,177,0.7164430165222552,1.0,0.17893966003090803,0.005649717514124294,0.01694915254237288,0.02824858757062147,3.0,5.0
emblematica:E029892,2803,137,0.5970262579063134,0.14285714285714285,0.10371961219604434,0.0,0.0,0.014598540145985401,4.0,4.0
emblematica:E029893,2803,383,0.8657235385549894,1.0,0.19979588792677552,0.0026109660574412533,0.005221932114882507,0.010443864229765013,7.0,5.0
emblematica:E029894,2803,284,0.7021118240744115,1.0,0.22634433429143702,0.0035211267605633804,0.007042253521126761,0.017605633802816902,9.0,4.0
emblematica:E029895,2803,101,0.6541741924432664,1.0,0.1080933730169385,0.009900990099009901,0.009900990099009901,0.019801980198019802,2.0,5.0
emblematica:E029896,2803,1101,0.7592690833608812,0.5,0.4486560500010727,0.0,0.0027247956403269754,0.004541326067211626,18.0,5.0
emblematica:E029897,2803,166,0.5677866509481919,1.0,0.10274935213581446,0.006024096385542169,0.012048192771084338,0.018072289156626505,5.0,4.0
emblematica:E029898,2803,400,0.6793632642875415,0.3333333333333333,0.20989274948041242,0.0,0.005,0.01,12.0,5.0
emblematica:E029899,2803,898,0.7379884825524026,0.25,0.36204008552524314,0.0,0.0022271714922048997,0.0077951002227171495,14.0,5.0
emblematica:E029900,2803,40,0.5071561632296258,0.027777777777777776,0.030326501265357863,0.0,0.0,0.0,4.0,3.0
emblematica:E029901,2803,96,0.42675663353418625,0.5,0.06463707361295147,0.0,0.020833333333333332,0.03125,6.0,5.0
emblematica:E029902,2803,265,0.8636583441130943,1.0,0.1837380969586262,0.0037735849056603774,0.007547169811320755,0.018867924528301886,4.0,4.0
emblematica:E029903,2803,275,0.7329576297636269,0.2,0.14801508842631467,0.0,0.0036363636363636364,0.01090909090909091,8.0,5.0
emblematica:E029904,2803,148,0.40303163533973824,0.25,0.06889841018798856,0.0,0.006756756756756757,0.006756756756756757,4.0,5.0
emblematica:E029905,2803,312,0.65065131006987,0.25,0.1558640520014301,0.0,0.00641025641025641,0.009615384615384616,9.5,4.0
emblematica:E029906,2803,106,0.2608110684023668,0.08333333333333333,0.04204193591991737,0.0,0.0,0.0,5.0,5.0
emblematica:E029907,2803,71,0.6215032953582359,1.0,0.04032415010647583,0.014084507042253521,0.014084507042253521,0.014084507042253521,3.0,5.0
emblematica:E029908,2803,121,0.2559967458856489,0.07142857142857142,0.049871165598399006,0.0,0.0,0.0,2.0,4.0
emblematica:E029909,2803,154,0.7054067399073458,1.0,0.10337599355945178,0.006493506493506494,0.006493506493506494,0.025974025974025976,4.5,4.0
emblematica:E029910,2803,343,0.8169606564682581,0.5,0.15778219070260982,0.0,0.0058309037900874635,0.011661807580174927,3.0,3.0
emblematica:E029911,2803,452,0.7324825344028383,0.3333333333333333,0.17471780957934357,0.0,0.004424778761061947,0.004424778761061947,3.5,4.0
emblematica:E029912,2803,153,0.5118170836574669,0.2,0.13047296524465363,0.0,0.006535947712418301,0.006535947712418301,3.0,4.0
emblematica:E029913,2803,307,0.4873579830738529,0.05555555555555555,0.13951584237613757,0.0,0.0,0.0,4.0,5.0
emblematica:E029914,2803,173,0.6573673210788494,1.0,0.09774439538600713,0.005780346820809248,0.011560693641618497,0.011560693641618497,11.0,5.0
emblematica:E029915,2803,455,0.6429319588148893,0.5,0.24833177228890252,0.0,0.004395604395604396,0.006593406593406593,4.0,5.0
emblematica:E029916,2803,1130,1.0,1.0,0.4368726814496103,0.0008849557522123894,0.002654867256637168,0.005309734513274336,11.5,5.0
emblematica:E029917,2803,563,0.7434932941815853,1.0,0.32818055505432736,0.0017761989342806395,0.0053285968028419185,0.010657193605683837,8.5,5.0
emblematica:E029918,2803,624,0.6553034325785894,0.5,0.29647842959090315,0.0,0.003205128205128205,0.00641025641025641,5.5,5.0
emblematica:E029919,2803,363,0.3621415286722196,0.3333333333333333,0.19562929865716686,0.0,0.0027548209366391185,0.005509641873278237,4.0,3.0
emblematica:E029920,2803,400,0.8410448354513865,0.5,0.2313148205015284,0.0,0.005,0.015,7.0,4.0
emblematica:E029921,2803,519,0.7171228325967708,0.5,0.21673416622662714,0.0,0.005780346820809248,0.005780346820809248,10.5,5.0
emblematica:E029922,2803,258,0.6853286984001242,1.0,0.13096745392127104,0.003875968992248062,0.007751937984496124,0.011627906976744186,10.0,5.0
emblematica:E029923,2803,144,0.35953605683356965,0.06666666666666667,0.08692662363019399,0.0,0.0,0.0,4.0,5.0
emblematica:E029924,2803,19,0.5248085402462118,1.0,0.11310515354323254,0.05263157894736842,0.10526315789473684,0.10526315789473684,3.0,4.0
emblematica:E029925,2803,598,1.0,1.0,0.32696015179280286,0.0016722408026755853,0.006688963210702341,0.013377926421404682,23.5,5.0
emblematica:E029926,2803,597,0.7127969206580104,0.5,0.3216391606870848,0.0,0.006700167504187605,0.010050251256281407,25.0,5.0
emblematica:E029927,2803,544,0.6922280250740764,0.3333333333333333,0.26700642236512023,0.0,0.003676470588235294,0.009191176470588236,8.0,5.0
emblematica:E029928,2803,496,0.7664388201272839,0.5,0.2489932710203,0.0,0.008064516129032258,0.010080645161290322,18.0,5.0
emblematica:E029929,2803,355,0.6160593541152635,1.0,0.1513302356085615,0.0028169014084507044,0.0028169014084507044,0.011267605633802818,8.0,6.0
emblematica:E029930,2803,311,0.5747163048579029,1.0,0.13396663820710544,0.003215434083601286,0.006430868167202572,0.00964630225080386,3.0,5.0
emblematica:E029931,2803,188,0.41604026851288944,0.25,0.10655130054472924,0.0,0.005319148936170213,0.02127659574468085,11.0,4.0
emblematica:E029932,2803,372,0.7782013105001132,1.0,0.2119591615877172,0.002688172043010753,0.005376344086021506,0.008064516129032258,6.0,3.0
emblematica:E029933,2803,711,0.8506629589898829,0.3333333333333333,0.34363740305992824,0.0,0.0028129395218002813,0.008438818565400843,14.0,5.0
emblematica:E029934,2803,588,0.8678501628802824,0.3333333333333333,0.27172768752668514,0.0,0.00510204081632653,0.008503401360544218,9.0,5.0
emblematica:E029935,2803,284,0.6841062142084366,0.3333333333333333,0.181242830371448,0.0,0.007042253521126761,0.014084507042253521,11.0,5.0
emblematica:E029936,2803,337,0.5308535864234071,1.0,0.20101801767023778,0.002967359050445104,0.005934718100890208,0.008902077151335312,14.0,4.0
emblematica:E029937,2803,171,0.7471064749784517,1.0,0.0803314248942208,0.005847953216374269,0.005847953216374269,0.017543859649122806,5.0,4.0
emblematica:E029938,2803,203,0.6415179706370419,0.5,0.1578702730087647,0.0,0.0049261083743842365,0.019704433497536946,10.0,3.0
emblematica:E029939,2803,418,0.8781055898788063,1.0,0.2106388153232207,0.0023923444976076554,0.007177033492822967,0.011961722488038277,18.0,5.5
emblematica:E029940,2803,226,0.7952604088555774,0.5,0.1513203027392272,0.0,0.008849557522123894,0.017699115044247787,7.0,6.0
emblematica:E029941,2803,409,0.5580458432555152,0.5,0.19570619902005537,0.0,0.0024449877750611247,0.007334963325183374,4.5,4.0
emblematica:E029942,2803,379,0.6142538457826919,0.5,0.21714180715823936,0.0,0.005277044854881266,0.013192612137203167,5.0,4.0
emblematica:E029943,2803,596,0.7154176940316833,1.0,0.3040748865712121,0.0016778523489932886,0.003355704697986577,0.010067114093959731,10.0,4.0
emblematica:E029944,2803,114,0.7047144239468374,0.14285714285714285,0.06550771019548983,0.0,0.0,0.008771929824561403,5.0,5.0
emblematica:E029945,2803,419,0.9136273713595281,0.5,0.24128160922959574,0.0,0.007159904534606206,0.011933174224343675,15.0,5.0
emblematica:E029946,2803,314,0.6598066556304782,1.0,0.19220561265056063,0.0031847133757961785,0.009554140127388535,0.009554140127388535,7.5,5.5
emblematica:E029947,2803,93,0.43533569842296876,0.058823529411764705,0.048518998956989655,0.0,0.0,0.0,3.0,5.0
emblematica:E029948,2803,378,0.809988237043809,1.0,0.1942554040095349,0.0026455026455026454,0.007936507936507936,0.015873015873015872,5.5,5.0
emblematica:E029949,2803,326,0.8164277503212191,1.0,0.23491418476908799,0.003067484662576687,0.006134969325153374,0.015337423312883436,14.0,5.0
emblematica:E029950,2803,161,0.40062821398143666,0.08333333333333333,0.09333653143740632,0.0,0.0,0.0,4.0,4.0
emblematica:E029951,2803,545,0.7681285466281028,0.25,0.2657036519658918,0.0,0.001834862385321101,0.007339449541284404,9.0,5.0
emblematica:E029952,2803,447,0.6506992502093403,0.5,0.2183212694119071,0.0,0.0044742729306487695,0.008948545861297539,4.0,4.0
emblematica:E029953,2803,553,0.5767957997191766,0.3333333333333333,0.26383531045120395,0.0,0.0054249547920434,0.007233273056057866,8.5,5.0
emblematica:E029954,2803,331,0.7724207124486737,0.5,0.21857755050505162,0.0,0.006042296072507553,0.012084592145015106,4.0,4.0
emblematica:E029955,2803,355,0.6618527933247319,0.25,0.18870727130924597,0.0,0.005633802816901409,0.014084507042253521,2.0,4.0
emblematica:E029956,2803,336,0.7114633449548304,1.0,0.2149277014298975,0.002976190476190476,0.008928571428571428,0.011904761904761904,7.0,4.0
emblematica:E029957,2803,921,0.9503093324092082,1.0,0.36072291266874773,0.0010857763300760044,0.004343105320304018,0.0054288816503800215,4.0,4.0
emblematica:E029958,2803,585,0.7053186826349332,0.25,0.2708336422063189,0.0,0.0017094017094017094,0.005128205128205128,5.0,4.0
emblematica:E029959,2803,1072,0.7705669417133977,1.0,0.42601569605968,0.0009328358208955224,0.002798507462686567,0.0046641791044776115,2.0,3.0
emblematica:E029960,2803,1294,1.0,1.0,0.5164853372778349,0.0007727975270479134,0.0038639876352395673,0.0077279752704791345,16.0,5.0
emblematica:E029961,2803,366,0.6007189384767014,0.5,0.1915404035914691,0.0,0.00273224043715847,0.00819672131147541,2.0,4.5
emblematica:E029962,2803,442,0.5774350027658584,0.14285714285714285,0.22300823860001093,0.0,0.0,0.004524886877828055,12.0,5.0
emblematica:E029963,2803,177,0.5708010556411702,0.14285714285714285,0.09794913228571334,0.0,0.0,0.011299435028248588,4.0,5.0
emblematica:E029964,2803,207,0.62805434643245,1.0,0.1507809070365277,0.004830917874396135,0.014492753623188406,0.014492753623188406,2.0,5.0
emblematica:E029965,2803,165,0.8927115457730297,0.2,0.172061816552574,0.0,0.006060606060606061,0.030303030303030304,5.0,5.0
emblematica:E029966,2803,1122,0.9608008655106622,1.0,0.4516928078963369,0.00089126559714795,0.0035650623885918,0.006238859180035651,14.5,4.0
emblematica:E029967,2803,405,0.7331838046333634,1.0,0.22129358717387732,0.0024691358024691358,0.0049382716049382715,0.012345679012345678,10.0,5.0
emblematica:E029968,2803,170,0.649527457466581,0.5,0.15323200566478357,0.0,0.011764705882352941,0.023529411764705882,2.0,4.0
emblematica:E029969,2803,525,0.8107005969804694,0.5,0.29216939586698,0.0,0.005714285714285714,0.007619047619047619,9.0,5.0
emblematica:E031317,2803,275,0.9207464801295094,1.0,0.3157068124946538,0.0036363636363636364,0.014545454545454545,0.025454545454545455,5.0,5.0
emblematica:E031318,2803,438,0.8750517288389187,1.0,0.31177587548439356,0.00228310502283105,0.0045662100456621,0.01141552511415525,2.0,3.0
emblematica:E031319,2803,428,1.0,1.0,0.39981298180583624,0.002336448598130841,0.011682242990654205,0.02336448598130841,8.0,4.0
emblematica:E031321,2803,387,0.8312629791714717,0.5,0.2297492613974465,0.0,0.007751937984496124,0.015503875968992248,6.0,5.0
emblematica:E031322,2803,330,0.6203857424323237,0.5,0.2702794489197516,0.0,0.006060606060606061,0.015151515151515152,6.0,4.0
emblematica:E031323,2803,163,0.4991418647185255,1.0,0.1768383255449439,0.006134969325153374,0.018404907975460124,0.018404907975460124,5.0,5.0
emblematica:E031324,2803,387,0.7352252468710498,0.5,0.32073214487223056,0.0,0.0103359173126615,0.01808785529715762,11.5,4.5
emblematica:E031325,2803,364,0.840263449260168,0.3333333333333333,0.20909317078611936,0.0,0.008241758241758242,0.016483516483516484,16.5,5.0
emblematica:E031326,2803,228,0.808224477627787,1.0,0.26602027583701016,0.0043859649122807015,0.013157894736842105,0.02631578947368421,4.0,5.0
emblematica:E031328,2803,340,0.7217943582394548,1.0,0.3218915170644713,0.0029411764705882353,0.008823529411764706,0.014705882352941176,4.0,4.0
emblematica:E031329,2803,417,0.709188393742147,0.5,0.2848017353974725,0.0,0.009592326139088728,0.014388489208633094,6.5,5.0
emblematica:E031330,2803,329,0.7968571182936883,1.0,0.3219304979120377,0.00303951367781155,0.0060790273556231,0.0182370820668693,10.0,5.0
emblematica:E031332,2803,494,0.6079440777538411,0.3333333333333333,0.33083598728573943,0.0,0.004048582995951417,0.012145748987854251,6.5,4.0
emblematica:E031333,2803,678,0.7608524533141187,1.0,0.37768518665151696,0.0014749262536873156,0.0029498525073746312,0.008849557522123894,11.0,5.0
emblematica:E031334,2803,318,0.9074250374176303,1.0,0.40169284749614675,0.0031446540880503146,0.009433962264150943,0.025157232704402517,15.0,5.0
emblematica:E031336,2803,404,1.0,1.0,0.3599539141501917,0.0024752475247524753,0.012376237623762377,0.024752475247524754,6.5,4.0
emblematica:E031337,2803,207,0.6558086724850539,1.0,0.20844119106279654,0.004830917874396135,0.014492753623188406,0.01932367149758454,7.0,5.0
emblematica:E031338,2803,83,0.23466316498891968,0.020833333333333332,0.027247605029082973,0.0,0.0,0.0,2.0,5.0
emblematica:E031339,2803,77,0.42483456972350586,0.037037037037037035,0.03767368241578716,0.0,0.0,0.0,5.0,5.0
emblematica:E031340,2803,458,0.8842222191013388,1.0,0.36369157579961425,0.002183406113537118,0.006550218340611353,0.015283842794759825,10.0,5.0
emblematica:E031341,2803,446,0.9346681091844371,1.0,0.33739365597936594,0.002242152466367713,0.011210762331838564,0.020179372197309416,10.0,4.0
emblematica:E031342,2803,500,1.0,1.0,0.4249795962915411,0.002,0.01,0.02,23.5,5.0
emblematica:E031343,2803,723,1.0,1.0,0.44259324311970066,0.0013831258644536654,0.006915629322268326,0.013831258644536652,34.0,4.0
emblematica:E031344,2803,117,0.47052501251752343,0.5,0.12254703195036534,0.0,0.017094017094017096,0.02564102564102564,8.0,5.0
emblematica:E031345,2803,496,0.9074250374176303,1.0,0.35956747591121385,0.0020161290322580645,0.008064516129032258,0.018145161290322582,5.0,4.0
emblematica:E031346,2803,506,0.7917199243085453,1.0,0.26887511563888705,0.001976284584980237,0.007905138339920948,0.009881422924901186,8.0,5.0
emblematica:E031347,2803,389,0.8344196199121757,0.5,0.3442039820166445,0.0,0.007712082262210797,0.015424164524421594,6.5,4.0
emblematica:E031348,2803,395,1.0,1.0,0.3179224206696604,0.002531645569620253,0.010126582278481013,0.02278481012658228,8.0,4.0
emblematica:E031349,2803,379,1.0,1.0,0.3736730043736023,0.002638522427440633,0.013192612137203167,0.026385224274406333,24.0,4.0
emblematica:E031350,2803,488,0.9048032373092417,1.0,0.3696873404495916,0.0020491803278688526,0.010245901639344262,0.01639344262295082,17.0,4.0
emblematica:E031351,2803,143,0.6607670788717268,1.0,0.2733696846896652,0.006993006993006993,0.02097902097902098,0.03496503496503497,2.0,4.0
emblematica:E031352,2803,419,0.8274436540231939,1.0,0.32264520216966763,0.002386634844868735,0.007159904534606206,0.014319809069212411,6.0,5.0
emblematica:E031353,2803,317,0.6278893318496032,0.3333333333333333,0.26102531394985473,0.0,0.00946372239747634,0.01892744479495268,5.0,5.0
emblematica:E031354,2803,289,0.9510907186004266,1.0,0.28090930388219243,0.0034602076124567475,0.01730103806228374,0.031141868512110725,10.0,4.0
emblematica:E031355,2803,433,0.7275534299671937,1.0,0.2930014010507348,0.0023094688221709007,0.006928406466512702,0.011547344110854504,7.5,5.0
emblematica:E031356,2803,504,1.0,1.0,0.4043026982343117,0.001984126984126984,0.00992063492063492,0.01984126984126984,13.0,4.0
emblematica:E031357,2803,767,1.0,1.0,0.4084719195009367,0.001303780964797914,0.00651890482398957,0.010430247718383311,14.0,5.0
emblematica:E031358,2803,481,0.8568270051237653,0.5,0.34234895997028914,0.0,0.006237006237006237,0.014553014553014554,9.0,4.0
emblematica:E031359,2803,517,0.7578042797312423,0.25,0.3183479249667247,0.0,0.0038684719535783366,0.01160541586073501,5.0,5.0
emblematica:E031360,2803,637,1.0,1.0,0.4310276910590703,0.0015698587127158557,0.007849293563579277,0.015698587127158554,11.0,4.5
emblematica:E031361,2803,705,1.0,1.0,0.4464805093174917,0.0014184397163120568,0.0070921985815602835,0.014184397163120567,18.0,4.0
emblematica:E031363,2803,463,1.0,1.0,0.38750765131571574,0.0021598272138228943,0.01079913606911447,0.019438444924406047,15.0,5.0
emblematica:E031364,2803,598,0.9510907186004266,1.0,0.3830973742476252,0.0016722408026755853,0.008361204013377926,0.013377926421404682,11.0,4.5
emblematica:E031365,2803,184,0.8552012150530205,1.0,0.34995033031965506,0.005434782608695652,0.016304347826086956,0.043478260869565216,12.0,4.0
emblematica:E031366,2803,516,0.8039369346935541,1.0,0.3389662584805862,0.001937984496124031,0.007751937984496124,0.011627906976744186,8.0,4.0
emblematica:E031367,2803,752,1.0,1.0,0.43638333663592277,0.0013297872340425532,0.005319148936170213,0.011968085106382979,6.0,5.0
emblematica:E031372,2803,414,0.8023755252421184,0.5,0.34019440253091054,0.0,0.00966183574879227,0.01932367149758454,2.0,4.0
emblematica:E031380,2803,605,0.7821808825241168,0.5,0.4057835496200315,0.0,0.0049586776859504135,0.013223140495867768,16.0,4.0
emblematica:E031381,2803,203,0.5867883017051717,0.3333333333333333,0.2985822857658326,0.0,0.0049261083743842365,0.019704433497536946,8.0,4.0
emblematica:E031382,2803,352,0.8487872901198865,1.0,0.34439568555913785,0.002840909090909091,0.011363636363636364,0.019886363636363636,9.0,4.0
emblematica:E031383,2803,592,1.0,1.0,0.3815743703390259,0.0016891891891891893,0.008445945945945946,0.015202702702702704,12.0,4.0
emblematica:E031384,2803,319,0.8051443566127411,1.0,0.2560427392426884,0.003134796238244514,0.009404388714733543,0.0219435736677116,8.5,4.0
emblematica:E031385,2803,579,0.9526058178152246,1.0,0.34017425976408655,0.0017271157167530224,0.0051813471502590676,0.013816925734024179,8.0,5.0
emblematica:E031386,2803,350,1.0,1.0,0.4349434884882845,0.002857142857142857,0.014285714285714285,0.02857142857142857,14.0,5.0
emblematica:E031387,2803,585,0.7973791542685902,0.3333333333333333,0.4020160687033297,0.0,0.005128205128205128,0.011965811965811967,19.0,4.0
emblematica:E031388,2803,294,0.576201329130921,0.5,0.2995288987795946,0.0,0.006802721088435374,0.017006802721088437,2.0,4.0
emblematica:E031389,2803,526,0.6370660386903193,0.3333333333333333,0.3474934163934145,0.0,0.0019011406844106464,0.009505703422053232,13.0,5.0
emblematica:E031390,2803,191,0.47097511547182647,0.25,0.248090714113285,0.0,0.005235602094240838,0.015706806282722512,8.0,4.0
emblematica:E031391,2803,430,1.0,0.5,0.4055750016965193,0.0,0.009302325581395349,0.020930232558139535,9.0,5.0
emblematica:E031394,2803,555,0.6300676052524133,1.0,0.2986316648701268,0.0018018018018018018,0.0036036036036036037,0.007207207207207207,6.5,6.0
emblematica:E031396,2803,520,0.8777785421580439,1.0,0.36980114186611374,0.0019230769230769232,0.007692307692307693,0.013461538461538462,9.0,5.0
emblematica:E031397,2803,289,0.9003403051627742,1.0,0.30457780545581975,0.0034602076124567475,0.01384083044982699,0.02768166089965398,2.0,5.0
emblematica:E031402,2803,619,1.0,1.0,0.4264933665501262,0.0016155088852988692,0.008077544426494346,0.01615508885298869,9.0,4.0
emblematica:E031403,2803,268,0.5948875389712054,0.5,0.15573562764114296,0.0,0.007462686567164179,0.014925373134328358,4.0,5.0
emblematica:E031405,2803,214,0.5369746641874903,0.14285714285714285,0.20277090532282155,0.0,0.0,0.009345794392523364,2.0,4.0
emblematica:E031411,2803,390,0.840671440666493,1.0,0.3481104155978404,0.002564102564102564,0.007692307692307693,0.015384615384615385,12.0,5.0
emblematica:E031412,2803,636,1.0,1.0,0.3990224968921751,0.0015723270440251573,0.007861635220125786,0.014150943396226415,26.0,4.0
emblematica:E031413,2803,355,1.0,1.0,0.3514492890573385,0.0028169014084507044,0.014084507042253521,0.028169014084507043,8.0,5.0
emblematica:E031414,2803,466,0.9608008655106622,1.0,0.3750708468790229,0.002145922746781116,0.01072961373390558,0.019313304721030045,30.0,4.0
emblematica:E031415,2803,265,0.7148805974344961,0.5,0.29246773602068,0.0,0.007547169811320755,0.01509433962264151,12.0,6.0
emblematica:E031416,2803,638,0.7573140198494657,1.0,0.3258422771548325,0.001567398119122257,0.004702194357366771,0.0109717868338558,14.0,5.0
emblematica:E031417,2803,535,1.0,1.0,0.34998564108674185,0.001869158878504673,0.009345794392523364,0.016822429906542057,16.0,5.0
emblematica:E031418,2803,395,0.8682259029282925,1.0,0.3737350956419817,0.002531645569620253,0.010126582278481013,0.015189873417721518,7.5,5.5
emblematica:E031419,2803,606,0.9537125187088151,1.0,0.4351799974340909,0.0016501650165016502,0.00825082508250825,0.01485148514851485,22.0,4.0
emblematica:E031420,2803,443,1.0,1.0,0.41277652357685907,0.002257336343115124,0.011286681715575621,0.022573363431151242,37.0,5.0
emblematica:E031421,2803,270,0.6868294699994204,0.5,0.325682790350033,0.0,0.011111111111111112,0.022222222222222223,6.0,5.0
emblematica:E031422,2803,423,1.0,1.0,0.371392667054648,0.002364066193853428,0.01182033096926714,0.018912529550827423,7.0,4.0
emblematica:E031423,2803,401,0.8101209655671964,1.0,0.30842185644477044,0.0024937655860349127,0.00997506234413965,0.014962593516209476,9.0,4.0
emblematica:E031424,2803,522,0.9469966212364886,1.0,0.36512519487346345,0.0019157088122605363,0.009578544061302681,0.01532567049808429,10.0,4.5
emblematica:E031425,2803,513,0.8845422444345158,1.0,0.34652645512008046,0.001949317738791423,0.007797270955165692,0.015594541910331383,14.0,4.0
emblematica:E031426,2803,550,0.8899541168509599,0.5,0.39630784000659053,0.0,0.007272727272727273,0.016363636363636365,12.0,5.0
emblematica:E031428,2803,698,0.8899541168509599,1.0,0.3924253315471215,0.0014326647564469914,0.0057306590257879654,0.011461318051575931,10.0,4.5
emblematica:E031429,2803,675,0.9412012982659934,1.0,0.3993657076715169,0.0014814814814814814,0.007407407407407408,0.013333333333333334,3.0,5.0
emblematica:E031431,2803,480,0.7892109759931472,1.0,0.34144591031302146,0.0020833333333333333,0.008333333333333333,0.0125,4.0,5.0
emblematica:E031432,2803,523,0.8824665955977139,1.0,0.3222689773009094,0.0019120458891013384,0.0057361376673040155,0.011472275334608031,12.5,5.0
emblematica:E031433,2803,347,0.733284204421535,1.0,0.253490875651702,0.002881844380403458,0.005763688760806916,0.01729106628242075,6.5,4.0
emblematica:E031436,2803,711,0.8905202757957813,1.0,0.41597255940867656,0.0014064697609001407,0.005625879043600563,0.011251758087201125,5.0,5.0
emblematica:E031437,2803,403,0.9056749573008227,1.0,0.37024548927181616,0.0024813895781637717,0.009925558312655087,0.022332506203473945,13.5,4.0
emblematica:E031438,2803,348,0.4879143036595414,0.2,0.3422060591788551,0.0,0.0028735632183908046,0.014367816091954023,7.0,4.0
emblematica:E031439,2803,394,0.8744786409135675,0.5,0.3486400842620147,0.0,0.005076142131979695,0.015228426395939087,7.0,5.0
emblematica:E031440,2803,543,0.8010950767389645,0.5,0.3310108268188277,0.0,0.0055248618784530384,0.01289134438305709,17.0,5.0
emblematica:E031441,2803,447,0.9372813848170596,1.0,0.374265862776481,0.0022371364653243847,0.011185682326621925,0.020134228187919462,18.0,4.0
emblematica:E031442,2803,583,1.0,1.0,0.39378697846177574,0.0017152658662092624,0.008576329331046312,0.017152658662092625,11.0,4.0
emblematica:E031443,2803,374,0.9392476808053197,1.0,0.37665648432661564,0.00267379679144385,0.013368983957219251,0.0213903743315508,3.0,5.0
emblematica:E031445,2803,458,0.662849631891593,0.3333333333333333,0.3185281256869047,0.0,0.006550218340611353,0.015283842794759825,9.0,5.0
emblematica:E031446,2803,445,1.0,1.0,0.3202047607443762,0.0022471910112359553,0.008988764044943821,0.015730337078651686,5.0,4.0
emblematica:E031451,2803,284,0.6842701779307475,1.0,0.1440589740757025,0.0035211267605633804,0.007042253521126761,0.017605633802816902,1.0,5.0
emblematica:E031452,2803,674,0.8532721558012798,0.5,0.4165502997175464,0.0,0.005934718100890208,0.013353115727002967,30.0,4.5
emblematica:E031453,2803,743,0.8889100449011563,1.0,0.4261326679212581,0.0013458950201884253,0.005383580080753701,0.012113055181695828,9.0,5.0
emblematica:E031455,2803,415,0.7803417417842227,1.0,0.31760048855633144,0.0024096385542168677,0.00963855421686747,0.014457831325301205,10.0,5.0
emblematica:E031456,2803,838,0.9305687780632227,1.0,0.4185256642515875,0.0011933174224343676,0.00477326968973747,0.010739856801909307,8.0,5.0
emblematica:E031459,2803,382,0.9503093324092082,1.0,0.32352009104248985,0.002617801047120419,0.013089005235602094,0.02356020942408377,4.0,5.0
emblematica:E031460,2803,526,0.94497705842548,1.0,0.4039242188298234,0.0019011406844106464,0.0076045627376425855,0.017110266159695818,9.0,5.0
emblematica:E031462,2803,403,0.8718403495541839,1.0,0.373300621750478,0.0024813895781637717,0.009925558312655087,0.017369727047146403,15.0,4.5
emblematica:E031463,2803,395,1.0,1.0,0.3564998522995655,0.002531645569620253,0.010126582278481013,0.02278481012658228,4.0,4.0
emblematica:E031466,2803,380,0.8250938501335002,0.5,0.26563798827928103,0.0,0.007894736842105263,0.013157894736842105,10.0,5.0
emblematica:E031467,2803,460,1.0,1.0,0.38175939162467715,0.002173913043478261,0.010869565217391304,0.021739130434782608,17.0,4.0
emblematica:E031468,2803,483,0.9575861412006987,1.0,0.3801478839733947,0.002070393374741201,0.008281573498964804,0.016563146997929608,22.0,5.0
emblematica:E031469,2803,245,0.5271642818996822,0.5,0.15821761875748377,0.0,0.00816326530612245,0.0163265306122449,6.5,5.0
emblematica:E031470,2803,461,1.0,1.0,0.3843850762713219,0.0021691973969631237,0.010845986984815618,0.021691973969631236,17.0,4.0
emblematica:E031472,2803,178,0.5973631882513307,0.5,0.27663961303848006,0.0,0.011235955056179775,0.016853932584269662,5.0,5.0
emblematica:E031474,2803,288,0.582481199023021,1.0,0.19346061158839337,0.003472222222222222,0.006944444444444444,0.010416666666666666,3.0,5.0
emblematica:E031475,2803,365,0.9575861412006987,0.5,0.3151330175785094,0.0,0.010958904109589041,0.019178082191780823,4.0,6.0
emblematica:E031476,2803,182,0.6592147470194101,0.5,0.21411665667917487,0.0,0.016483516483516484,0.02197802197802198,8.0,5.0
emblematica:E031477,2803,169,0.6231415522605964,1.0,0.19269245580115663,0.005917159763313609,0.011834319526627219,0.01775147928994083,9.5,5.0
emblematica:E031478,2803,385,0.7260886629726359,0.5,0.37016850060076695,0.0,0.01038961038961039,0.01818181818181818,3.0,4.0
emblematica:E031479,2803,101,0.5413869589864008,0.5,0.35521047219495633,0.0,0.0297029702970297,0.039603960396039604,4.0,5.0
emblematica:E031480,2803,593,0.9082950973757998,1.0,0.37773221724528727,0.0016863406408094434,0.006745362563237774,0.01517706576728499,12.0,4.0
emblematica:E031481,2803,599,0.8286652962376765,1.0,0.40332515489236825,0.001669449081803005,0.00667779632721202,0.011686143572621035,4.5,5.0
emblematica:E031483,2803,375,0.6216754113872711,1.0,0.28392636469655635,0.0026666666666666666,0.005333333333333333,0.010666666666666666,16.5,4.0
emblematica:E031487,2803,257,0.9652843890316114,1.0,0.3300072283171143,0.0038910505836575876,0.019455252918287938,0.03501945525291829,15.0,5.0
emblematica:E031491,2803,177,0.8230187588584499,1.0,0.34205066092162917,0.005649717514124294,0.022598870056497175,0.03954802259887006,2.0,5.0
emblematica:E031497,2803,289,0.9633180389503199,1.0,0.34690061050669774,0.0034602076124567475,0.01730103806228374,0.02422145328719723,9.0,5.0
emblematica:E031500,2803,430,0.8261778679580153,1.0,0.39097451106490644,0.002325581395348837,0.0069767441860465115,0.018604651162790697,11.0,4.0
emblematica:E031502,2803,385,0.8935089661734453,1.0,0.3555924562266142,0.0025974025974025974,0.01038961038961039,0.02077922077922078,9.0,5.0
emblematica:E031503,2803,327,0.9110525262978696,1.0,0.23967101187038134,0.0030581039755351682,0.01529051987767584,0.021406727828746176,8.0,5.0
emblematica:E031504,2803,547,1.0,1.0,0.40194345068687415,0.0018281535648994515,0.009140767824497258,0.018281535648994516,10.0,5.0
emblematica:E031507,2803,481,0.8539163904612493,1.0,0.37423971395829675,0.002079002079002079,0.010395010395010396,0.014553014553014554,8.0,4.5
emblematica:E031508,2803,444,1.0,0.5,0.3751467305565332,0.0,0.009009009009009009,0.018018018018018018,5.0,5.0
emblematica:E031509,2803,866,0.9368077570869661,1.0,0.4283982396896311,0.0011547344110854503,0.004618937644341801,0.010392609699769052,13.0,5.5
emblematica:E031510,2803,544,0.9558305176970738,1.0,0.3508748239811331,0.001838235294117647,0.009191176470588236,0.016544117647058824,10.0,6.0
emblematica:E031511,2803,59,0.6637907539898107,0.5,0.07020906224996565,0.0,0.01694915254237288,0.03389830508474576,2.0,5.0
emblematica:E031512,2803,209,0.9510907186004266,1.0,0.4882794742104863,0.004784688995215311,0.023923444976076555,0.0430622009569378,4.0,5.0
emblematica:E033033,2803,166,0.4529847367238781,0.3333333333333333,0.08323759683729723,0.0,0.006024096385542169,0.012048192771084338,8.0,4.0
emblematica:E033035,2803,37,0.470077778218629,0.5,0.033025223763170214,0.0,0.02702702702702703,0.05405405405405406,7.5,3.5
emblematica:E033036,2803,37,0.39652557624636714,0.25,0.05991777163267653,0.0,0.02702702702702703,0.02702702702702703,4.0,4.0
emblematica:E033038,2803,37,0.3491313940615917,0.009259259259259259,0.009971610867435782,0.0,0.0,0.0,4.0,4.0
emblematica:E033039,2803,507,0.3775028156362593,0.1111111111111111,0.21192291078470754,0.0,0.0,0.0019723865877712033,9.0,4.0
emblematica:E033040,2803,12,0.3333333333333333,0.03333333333333333,0.009264724872021667,0.0,0.0,0.0,1.0,5.0
emblematica:E033041,2803,59,0.3333333333333333,0.07692307692307693,0.04315717110078567,0.0,0.0,0.0,3.0,4.0
emblematica:E033042,2803,46,0.42590829591570295,0.5,0.054438199301282804,0.0,0.021739130434782608,0.021739130434782608,4.5,4.0
emblematica:E033043,2803,87,0.3333333333333333,0.038461538461538464,0.026918626653162425,0.0,0.0,0.0,5.0,3.0
emblematica:E033044,2803,333,0.4285300960240915,0.14285714285714285,0.11994718815698316,0.0,0.0,0.006006006006006006,18.0,3.0
emblematica:E033045,2803,7,0.3333333333333333,0.05263157894736842,0.02138020746600087,0.0,0.0,0.0,2.0,6.0
emblematica:E033046,2803,73,0.40669725543269336,0.3333333333333333,0.04918628066851365,0.0,0.0136986301369863,0.0136986301369863,14.5,4.5
emblematica:E033047,2803,118,0.3333333333333333,0.04,0.05244463933561654,0.0,0.0,0.0,12.0,4.0
emblematica:E033048,2803,33,0.3333333333333333,0.04,0.014576066166532353,0.0,0.0,0.0,2.5,3.0
emblematica:E033049,2803,275,0.37574719213263447,0.1,0.172791117626021,0.0,0.0,0.0036363636363636364,10.0,4.0
emblematica:E033050,2803,331,0.3333333333333333,0.058823529411764705,0.12399071819004023,0.0,0.0,0.0,4.0,4.0
emblematica:E033051,2803,363,0.3333333333333333,0.07142857142857142,0.15370742958971598,0.0,0.0,0.0,11.5,3.5
emblematica:E033052,2803,62,0.4589627680851436,0.3333333333333333,0.047458346033636974,0.0,0.016129032258064516,0.03225806451612903,8.0,4.0
emblematica:E033053,2803,27,0.3333333333333333,0.07692307692307693,0.04672350196955629,0.0,0.0,0.0,1.0,4.5
emblematica:E033054,2803,56,0.48006117753205335,1.0,0.05458307681876135,0.017857142857142856,0.017857142857142856,0.017857142857142856,8.0,3.0
emblematica:E033055,2803,39,0.5534250996314135,1.0,0.10954256115138773,0.02564102564102564,0.05128205128205128,0.05128205128205128,3.0,4.5
emblematica:E033056,2803,25,0.3333333333333333,0.0031645569620253164,0.010778931102231432,0.0,0.0,0.0,3.0,5.0
emblematica:E033057,2803,41,0.3439367980331586,0.037037037037037035,0.01791866438158677,0.0,0.0,0.0,4.0,4.0
emblematica:E033058,2803,42,0.3333333333333333,0.038461538461538464,0.020258569822842215,0.0,0.0,0.0,6.0,4.0
emblematica:E033059,2803,16,0.3333333333333333,0.09090909090909091,0.02260570940160154,0.0,0.0,0.0,2.5,4.0
emblematica:E033060,2803,138,0.4021650320894646,0.1,0.04850896758847219,0.0,0.0,0.007246376811594203,9.5,3.5
emblematica:E033061,2803,60,0.38224261473290666,0.14285714285714285,0.053998582912012,0.0,0.0,0.016666666666666666,11.0,4.0
emblematica:E033062,2803,30,0.41498219708635503,0.16666666666666666,0.025920026747131397,0.0,0.0,0.03333333333333333,5.0,3.0
emblematica:E033063,2803,32,0.3333333333333333,0.09090909090909091,0.022872093119332658,0.0,0.0,0.0,3.0,4.0
emblematica:E033064,2803,303,0.5242306598349794,1.0,0.17453461867481126,0.0033003300330033004,0.0033003300330033004,0.006600660066006601,15.0,4.5
emblematica:E033065,2803,46,0.3333333333333333,0.05555555555555555,0.018340983818987043,0.0,0.0,0.0,8.0,3.0
emblematica:E033066,2803,3,0.4676037933279578,0.007194244604316547,0.00369345887370669,0.0,0.0,0.0,1.5,4.5
emblematica:E033067,2803,104,0.37962081462451813,0.125,0.033897799106428546,0.0,0.0,0.009615384615384616,5.0,3.0
emblematica:E033068,2803,113,0.3333333333333333,0.06666666666666667,0.0610814142850401,0.0,0.0,0.0,10.0,3.0
emblematica:E033069,2803,54,0.49425169713899025,1.0,0.055140864692894614,0.018518518518518517,0.018518518518518517,0.018518518518518517,5.0,3.0
emblematica:E033070,2803,90,0.3333333333333333,0.03333333333333333,0.042257296084031344,0.0,0.0,0.0,22.0,4.0
emblematica:E033071,2803,43,0.3775028156362593,0.1111111111111111,0.021263051500523343,0.0,0.0,0.023255813953488372,5.0,4.0
emblematica:E033072,2803,14,0.40875289659626046,0.25,0.03418448439031418,0.0,0.07142857142857142,0.07142857142857142,3.5,3.0
emblematica:E033073,2803,62,0.5263486588232382,1.0,0.05664146041026764,0.016129032258064516,0.016129032258064516,0.03225806451612903,4.0,5.0
emblematica:E033074,2803,19,0.3333333333333333,0.047619047619047616,0.010734322757723389,0.0,0.0,0.0,2.0,3.0
emblematica:E033075,2803,4,0.35648241204244513,0.05555555555555555,0.015563749343335457,0.0,0.0,0.0,2.0,3.0
emblematica:E033076,2803,134,0.3333333333333333,0.05555555555555555,0.0619108318928283,0.0,0.0,0.0,8.0,4.0
emblematica:E033077,2803,64,0.40669725543269336,0.3333333333333333,0.03086652174742098,0.0,0.015625,0.015625,2.0,5.0
emblematica:E033078,2803,54,0.3775028156362593,0.1111111111111111,0.028224395791713302,0.0,0.0,0.018518518518518517,3.5,5.0
emblematica:E033079,2803,28,0.3333333333333333,0.02631578947368421,0.016480680148638786,0.0,0.0,0.0,4.0,4.0
emblematica:E033080,2803,199,0.5242306598349794,1.0,0.16381957873443173,0.005025125628140704,0.005025125628140704,0.010050251256281407,9.0,4.0
emblematica:E033081,2803,119,0.35167431385817327,0.06666666666666667,0.03763804764329094,0.0,0.0,0.0,17.5,3.0
emblematica:E033082,2803,53,0.3333333333333333,0.023809523809523808,0.025592601087158356,0.0,0.0,0.0,5.5,3.5
emblematica:E033083,2803,59,0.3333333333333333,0.07692307692307693,0.019224513330014216,0.0,0.0,0.0,5.0,4.5
emblematica:E033084,2803,45,0.38559884598578353,0.16666666666666666,0.04405916787612489,0.0,0.0,0.022222222222222223,6.5,4.0
emblematica:E033085,2803,53,0.3333333333333333,0.0058823529411764705,0.021009171237957258,0.0,0.0,0.0,8.0,5.0
emblematica:E033086,2803,107,0.3333333333333333,0.07692307692307693,0.05851619813482961,0.0,0.0,0.0,11.5,4.0
emblematica:E033087,2803,106,0.37574719213263447,0.1,0.038805589553426736,0.0,0.0,0.009433962264150943,5.5,3.5
emblematica:E033088,2803,32,0.3333333333333333,0.02564102564102564,0.012998496281456136,0.0,0.0,0.0,1.0,4.0
emblematica:E033089,2803,44,0.34490520365612953,0.03333333333333333,0.022758004406446944,0.0,0.0,0.0,11.5,3.0
emblematica:E041082,2803,113,0.9134166588977728,1.0,0.13797489527763376,0.008849557522123894,0.04424778761061947,0.07079646017699115,9.0,3.0
emblematica:E041083,2803,27,0.9608008655106622,1.0,0.34878422710892065,0.037037037037037035,0.18518518518518517,0.3333333333333333,4.0,4.0
emblematica:E041084,2803,26,0.9575861412006987,1.0,0.3863965685997221,0.038461538461538464,0.19230769230769232,0.34615384615384615,5.0,4.0
emblematica:E041085,2803,37,0.9558305176970738,1.0,0.27664346612807444,0.02702702702702703,0.13513513513513514,0.24324324324324326,3.5,5.5
emblematica:E041086,2803,73,0.8842222191013388,1.0,0.15500962147660413,0.0136986301369863,0.0547945205479452,0.1095890410958904,1.5,4.0
emblematica:E041087,2803,60,0.9266360779006398,1.0,0.16131439369816905,0.016666666666666666,0.06666666666666667,0.15,8.0,5.0
emblematica:E041088,2803,24,0.9575861412006987,1.0,0.4322254555657114,0.041666666666666664,0.20833333333333334,0.375,2.0,3.5
emblematica:E041089,2803,127,0.9537125187088151,1.0,0.1255075410510163,0.007874015748031496,0.03937007874015748,0.07086614173228346,8.0,4.0
emblematica:E041090,2803,25,0.7645708157107938,0.5,0.2725096875984517,0.0,0.16,0.28,4.0,4.0
emblematica:E041091,2803,63,0.3613587144114851,0.011363636363636364,0.031628372594745706,0.0,0.0,0.0,1.0,4.0
emblematica:E041092,2803,91,0.9652843890316114,1.0,0.1617539993710556,0.01098901098901099,0.054945054945054944,0.0989010989010989,6.5,4.0
emblematica:E041093,2803,454,0.9134166588977728,1.0,0.16865665202948268,0.0022026431718061676,0.011013215859030838,0.01762114537444934,18.0,4.0
