query_id,n_candidates,n_exact_relevant,ndcg_at_10,reciprocal_rank,average_precision,recall_at_1,recall_at_5,recall_at_10,median_query_label_frequency,median_query_hierarchy_depth
emblematica:E000266,2803,22,0.3333333333333333,0.0045871559633027525,0.008131127853403796,0.0,0.0,0.0,5.0,5.0
emblematica:E000267,2803,7,0.3333333333333333,0.010526315789473684,0.004110087790961136,0.0,0.0,0.0,2.0,4.0
emblematica:E000268,2803,78,0.6566035269136083,1.0,0.06872219392275969,0.01282051282051282,0.038461538461538464,0.038461538461538464,5.5,3.5
emblematica:E000269,2803,141,0.35167431385817327,0.08333333333333333,0.04643455187657465,0.0,0.0,0.0,12.0,3.0
emblematica:E000270,2803,74,0.3333333333333333,0.0070921985815602835,0.023693807664192115,0.0,0.0,0.0,4.0,5.0
emblematica:E000271,2803,60,0.7469316229444565,1.0,0.11713902345671175,0.016666666666666666,0.06666666666666667,0.08333333333333333,11.0,4.0
emblematica:E000272,2803,75,0.6249016527668733,1.0,0.06503754808640558,0.013333333333333334,0.02666666666666667,0.04,11.0,4.0
emblematica:E000273,2803,342,0.4006988764609059,0.2,0.11068677568556436,0.0,0.0029239766081871343,0.0029239766081871343,4.0,4.0
emblematica:E000274,2803,34,0.3333333333333333,0.00423728813559322,0.009651080890654381,0.0,0.0,0.0,4.0,5.0
emblematica:E000275,2803,31,0.43900469316065394,0.2,0.033354773244273925,0.0,0.03225806451612903,0.06451612903225806,1.0,4.0
emblematica:E000276,2803,60,0.39652557624636714,0.25,0.03775101234197569,0.0,0.016666666666666666,0.016666666666666666,5.5,3.0
emblematica:E000277,2803,91,0.42590829591570295,0.5,0.03201682596537059,0.0,0.01098901098901099,0.01098901098901099,6.0,3.0
emblematica:E000278,2803,310,0.42203467342381923,0.02631578947368421,0.0930477968951904,0.0,0.0,0.0,8.0,4.0
emblematica:E000279,2803,852,0.42976832828870953,0.16666666666666666,0.48118572747606814,0.0,0.0,0.002347417840375587,4.5,3.5
emblematica:E000280,2803,22,0.3333333333333333,0.002785515320334262,0.007625089371961355,0.0,0.0,0.0,6.5,4.5
emblematica:E000281,2803,417,0.6782422418267581,1.0,0.19443392426331252,0.002398081534772182,0.007194244604316547,0.009592326139088728,3.0,4.0
emblematica:E000282,2803,15,0.3333333333333333,0.0064516129032258064,0.01389243162759714,0.0,0.0,0.0,2.0,4.0
emblematica:E000283,2803,153,0.3900954117610806,0.2,0.060310064828936666,0.0,0.006535947712418301,0.006535947712418301,16.0,4.0
emblematica:E000284,2803,12,0.3333333333333333,0.022727272727272728,0.010021496268787358,0.0,0.0,0.0,1.0,4.5
emblematica:E000285,2803,175,0.3333333333333333,0.038461538461538464,0.061000807634646076,0.0,0.0,0.0,2.0,4.0
emblematica:E000286,2803,189,0.3333333333333333,0.0625,0.060654795581530446,0.0,0.0,0.0,15.0,4.0
emblematica:E000287,2803,122,0.6797171435509575,1.0,0.11980475511566768,0.00819672131147541,0.02459016393442623,0.03278688524590164,9.0,4.0
emblematica:E000288,2803,52,0.36332191366852856,0.005050505050505051,0.019084953057195327,0.0,0.0,0.0,8.0,4.0
emblematica:E000289,2803,181,0.4369506664914345,0.5,0.17013095212684268,0.0,0.0055248618784530384,0.0055248618784530384,11.0,4.0
emblematica:E000290,2803,66,0.3333333333333333,0.07692307692307693,0.02523277432260743,0.0,0.0,0.0,16.0,4.0
emblematica:E000291,2803,36,0.3333333333333333,0.004366812227074236,0.01522964253253197,0.0,0.0,0.0,1.0,4.0
emblematica:E000292,2803,73,0.3333333333333333,0.07692307692307693,0.03842208701163494,0.0,0.0,0.0,4.0,5.0
emblematica:E000293,2803,163,0.5439878515895755,0.25,0.07398689542008578,0.0,0.006134969325153374,0.024539877300613498,11.0,4.0
emblematica:E000294,2803,37,0.3333333333333333,0.008264462809917356,0.014506393453743443,0.0,0.0,0.0,1.5,3.5
emblematica:E000295,2803,55,0.42590829591570295,0.5,0.03935911315785128,0.0,0.01818181818181818,0.01818181818181818,13.0,3.0
emblematica:E000296,2803,85,0.3333333333333333,0.05263157894736842,0.033332326498620314,0.0,0.0,0.0,6.0,4.0
emblematica:E000297,2803,138,0.6930642434934955,1.0,0.08715529759664899,0.007246376811594203,0.021739130434782608,0.028985507246376812,20.0,3.0
emblematica:E000298,2803,79,0.3333333333333333,0.011764705882352941,0.03304642060920711,0.0,0.0,0.0,2.0,5.0
emblematica:E000299,2803,73,0.6168056224173492,1.0,0.06892490163836795,0.0136986301369863,0.0273972602739726,0.0410958904109589,6.0,4.0
emblematica:E001026,2803,48,1.0,1.0,0.35653383157318724,0.020833333333333332,0.10416666666666667,0.20833333333333334,2.5,2.5
emblematica:E001027,2803,64,1.0,1.0,0.2704852668046132,0.015625,0.078125,0.15625,11.0,3.0
emblematica:E001028,2803,53,1.0,1.0,0.301115212056059,0.018867924528301886,0.09433962264150944,0.18867924528301888,7.0,4.0
emblematica:E001029,2803,228,1.0,1.0,0.19026784621533946,0.0043859649122807015,0.021929824561403508,0.043859649122807015,18.0,3.0
emblematica:E001030,2803,121,1.0,1.0,0.1824382233051266,0.008264462809917356,0.04132231404958678,0.08264462809917356,5.0,4.0
emblematica:E001031,2803,36,1.0,1.0,0.4568058752182169,0.027777777777777776,0.1388888888888889,0.2777777777777778,5.0,2.0
emblematica:E001032,2803,51,1.0,1.0,0.36029192223105383,0.0196078431372549,0.09803921568627451,0.19607843137254902,18.0,2.0
emblematica:E001033,2803,82,1.0,1.0,0.2177188361475462,0.012195121951219513,0.06097560975609756,0.12195121951219512,3.5,4.0
emblematica:E001034,2803,209,1.0,1.0,0.282785206975469,0.004784688995215311,0.023923444976076555,0.04784688995215311,5.0,4.0
emblematica:E001035,2803,62,1.0,1.0,0.3141885985962951,0.016129032258064516,0.08064516129032258,0.16129032258064516,12.0,3.0
emblematica:E001036,2803,82,1.0,1.0,0.22572750285548715,0.012195121951219513,0.06097560975609756,0.12195121951219512,4.5,4.5
emblematica:E001037,2803,70,1.0,1.0,0.24690141649428082,0.014285714285714285,0.07142857142857142,0.14285714285714285,3.0,3.0
emblematica:E001039,2803,98,0.9575861412006987,1.0,0.1755388985820403,0.01020408163265306,0.05102040816326531,0.09183673469387756,5.0,3.5
emblematica:E001040,2803,42,1.0,1.0,0.41813792001667155,0.023809523809523808,0.11904761904761904,0.23809523809523808,4.0,4.0
emblematica:E001041,2803,88,1.0,1.0,0.22656642933029658,0.011363636363636364,0.056818181818181816,0.11363636363636363,22.0,3.0
emblematica:E001042,2803,35,1.0,1.0,0.48157367444476445,0.02857142857142857,0.14285714285714285,0.2857142857142857,6.0,4.0
emblematica:E001043,2803,135,1.0,1.0,0.16332651033512502,0.007407407407407408,0.037037037037037035,0.07407407407407407,12.5,3.5
emblematica:E001247,2803,98,0.3333333333333333,0.02857142857142857,0.04452657900119027,0.0,0.0,0.0,13.0,3.0
emblematica:E001248,2803,314,0.9014470060563649,1.0,0.27891272826820257,0.0031847133757961785,0.01592356687898089,0.025477707006369428,2.0,4.0
emblematica:E001249,2803,419,0.8442327945045964,1.0,0.2699149049469958,0.002386634844868735,0.007159904534606206,0.01909307875894988,6.0,5.0
emblematica:E001250,2803,347,0.9575861412006987,1.0,0.2962273740804028,0.002881844380403458,0.01440922190201729,0.025936599423631124,10.5,5.0
emblematica:E001251,2803,328,1.0,1.0,0.2999719116168565,0.003048780487804878,0.01524390243902439,0.03048780487804878,13.0,4.0
emblematica:E001252,2803,389,1.0,1.0,0.28847990843872673,0.002570694087403599,0.012853470437017995,0.02570694087403599,3.5,4.0
emblematica:E001253,2803,450,1.0,1.0,0.2767666783887416,0.0022222222222222222,0.011111111111111112,0.022222222222222223,11.0,4.0
emblematica:E001254,2803,363,0.9477344873475497,1.0,0.2713806859106282,0.0027548209366391185,0.013774104683195593,0.024793388429752067,5.0,4.5
emblematica:E001255,2803,388,1.0,1.0,0.3293011514444093,0.002577319587628866,0.01288659793814433,0.02577319587628866,10.5,4.0
emblematica:E001256,2803,315,1.0,1.0,0.3121912440327792,0.0031746031746031746,0.015873015873015872,0.031746031746031744,6.0,3.0
emblematica:E001257,2803,446,1.0,1.0,0.3239215567604792,0.002242152466367713,0.011210762331838564,0.02242152466367713,8.0,4.0
emblematica:E001258,2803,331,1.0,1.0,0.2502170159997275,0.0030211480362537764,0.015105740181268883,0.030211480362537766,4.0,4.0
emblematica:E001259,2803,22,0.5534250996314135,1.0,0.13177450246723102,0.045454545454545456,0.09090909090909091,0.09090909090909091,3.0,5.0
emblematica:E001260,2803,310,0.6185321804466336,0.3333333333333333,0.20684171853297578,0.0,0.0032258064516129032,0.012903225806451613,6.0,4.0
emblematica:E001261,2803,317,0.9008240627729515,1.0,0.23674528997042124,0.0031545741324921135,0.012618296529968454,0.025236593059936908,4.0,4.0
emblematica:E001262,2803,441,0.8353129377017654,1.0,0.2967228025713846,0.0022675736961451248,0.009070294784580499,0.015873015873015872,11.0,4.0
emblematica:E001263,2803,344,1.0,1.0,0.29594705280511113,0.0029069767441860465,0.014534883720930232,0.029069767441860465,8.0,4.0
emblematica:E001264,2803,410,0.7502225960823476,0.5,0.22664849984915753,0.0,0.007317073170731708,0.01707317073170732,4.0,4.5
emblematica:E001265,2803,376,0.9575861412006987,1.0,0.3107431846423576,0.0026595744680851063,0.013297872340425532,0.023936170212765957,12.0,4.0
emblematica:E001266,2803,310,0.8059037199734284,1.0,0.21017513966828977,0.0032258064516129032,0.00967741935483871,0.01935483870967742,3.0,4.0
emblematica:E001267,2803,443,0.8148636649541378,1.0,0.2177695553041227,0.002257336343115124,0.011286681715575621,0.011286681715575621,12.0,4.0
emblematica:E001268,2803,82,0.7794170358787816,1.0,0.29827839614628815,0.012195121951219513,0.036585365853658534,0.07317073170731707,2.0,4.0
emblematica:E001269,2803,331,0.695291242680984,0.5,0.17917713188084355,0.0,0.012084592145015106,0.015105740181268883,7.0,4.0
emblematica:E001270,2803,329,1.0,1.0,0.2577594840472803,0.00303951367781155,0.015197568389057751,0.030395136778115502,11.0,3.5
emblematica:E001271,2803,376,0.5809927382627267,0.2,0.1567197868450221,0.0,0.0026595744680851063,0.0026595744680851063,6.5,4.0
emblematica:E001272,2803,311,0.6590964594587341,1.0,0.18042726121869937,0.003215434083601286,0.00964630225080386,0.00964630225080386,6.5,3.5
emblematica:E001273,2803,292,1.0,1.0,0.2550399650452548,0.003424657534246575,0.017123287671232876,0.03424657534246575,10.0,4.0
emblematica:E001274,2803,381,0.7983122034826872,1.0,0.23946196035879197,0.0026246719160104987,0.010498687664041995,0.015748031496062992,7.5,4.5
emblematica:E001275,2803,84,0.7682470722968477,1.0,0.14470584535188585,0.011904761904761904,0.03571428571428571,0.07142857142857142,4.0,3.0
emblematica:E001276,2803,235,0.8909724089198024,1.0,0.2092764468893514,0.00425531914893617,0.01702127659574468,0.03404255319148936,7.0,4.0
emblematica:E001277,2803,284,0.6405419887082355,0.5,0.23087350575531873,0.0,0.01056338028169014,0.017605633802816902,4.5,4.0
emblematica:E001278,2803,83,0.7283897554909494,1.0,0.3844316775891873,0.012048192771084338,0.024096385542168676,0.07228915662650602,1.0,4.0
emblematica:E001279,2803,331,0.9035650050446237,1.0,0.2727423546206577,0.0030211480362537764,0.015105740181268883,0.02416918429003021,6.0,4.0
emblematica:E001280,2803,289,0.558779118309115,0.5,0.19157889764667682,0.0,0.0034602076124567475,0.01384083044982699,5.0,4.0
emblematica:E001281,2803,95,0.38224261473290666,0.14285714285714285,0.06535778058754198,0.0,0.0,0.010526315789473684,3.5,4.5
emblematica:E001282,2803,319,0.9558305176970738,1.0,0.3051489645104171,0.003134796238244514,0.01567398119122257,0.02821316614420063,5.0,4.0
emblematica:E001283,2803,79,0.8611375561264454,1.0,0.3884976612727239,0.012658227848101266,0.05063291139240506,0.10126582278481013,1.5,4.5
emblematica:E001284,2803,246,0.709192305126817,1.0,0.12311929915718715,0.0040650406504065045,0.016260162601626018,0.016260162601626018,2.5,4.5
emblematica:E001285,2803,104,0.7614578177792671,1.0,0.22357435293677938,0.009615384615384616,0.038461538461538464,0.04807692307692308,5.5,4.0
emblematica:E001286,2803,129,0.9558305176970738,1.0,0.32818665016509596,0.007751937984496124,0.03875968992248062,0.06976744186046512,5.0,4.0
emblematica:E001287,2803,83,0.37574719213263447,0.1,0.12237742004729328,0.0,0.0,0.012048192771084338,5.0,4.0
emblematica:E001288,2803,152,0.7262853466215679,1.0,0.2291302848130993,0.006578947368421052,0.019736842105263157,0.03289473684210526,8.0,4.0
emblematica:E001289,2803,326,1.0,1.0,0.31498646605578845,0.003067484662576687,0.015337423312883436,0.03067484662576687,7.0,4.0
emblematica:E001290,2803,96,0.8018189357052953,1.0,0.24638519250990387,0.010416666666666666,0.03125,0.07291666666666667,3.0,4.0
emblematica:E001291,2803,335,0.3900954117610806,0.2,0.20398490941729971,0.0,0.0029850746268656717,0.0029850746268656717,9.0,5.0
emblematica:E001292,2803,909,0.8314393152098817,1.0,0.755320309428793,0.0011001100110011,0.0044004400440044,0.007700770077007701,2.0,3.0
emblematica:E001293,2803,230,0.9048032373092417,1.0,0.28393921461767924,0.004347826086956522,0.021739130434782608,0.034782608695652174,4.0,4.0
emblematica:E001294,2803,333,0.9575861412006987,1.0,0.2359507587254644,0.003003003003003003,0.015015015015015015,0.02702702702702703,2.0,4.5
emblematica:E001295,2803,137,0.7390788259162825,1.0,0.18709017176754947,0.0072992700729927005,0.021897810218978103,0.0364963503649635,7.0,4.0
emblematica:E001296,2803,546,0.7112967139961986,1.0,0.19636018599206037,0.0018315018315018315,0.003663003663003663,0.005494505494505495,11.0,4.5
emblematica:E001297,2803,387,1.0,1.0,0.32322186012415854,0.002583979328165375,0.012919896640826873,0.025839793281653745,14.0,4.0
emblematica:E001298,2803,81,0.8056273000821933,1.0,0.2816409652018279,0.012345679012345678,0.04938271604938271,0.07407407407407407,3.0,4.0
emblematica:E001299,2803,240,0.9134166588977728,1.0,0.1696686240756317,0.004166666666666667,0.020833333333333332,0.03333333333333333,5.0,3.0
emblematica:E001300,2803,101,0.5432534204450873,1.0,0.08608291484802823,0.009900990099009901,0.019801980198019802,0.019801980198019802,4.0,4.0
emblematica:E001301,2803,325,0.7374943749026186,0.5,0.21514839487894855,0.0,0.009230769230769232,0.021538461538461538,3.5,4.5
emblematica:E001302,2803,184,0.661017454871732,0.5,0.26812694482777605,0.0,0.016304347826086956,0.02717391304347826,6.0,5.0
emblematica:E001303,2803,193,0.9575861412006987,1.0,0.2626391556423947,0.0051813471502590676,0.025906735751295335,0.046632124352331605,9.0,5.0
emblematica:E001304,2803,146,0.9477344873475497,1.0,0.3474014342341628,0.00684931506849315,0.03424657534246575,0.06164383561643835,13.0,3.0
emblematica:E001305,2803,347,1.0,1.0,0.2457656597931855,0.002881844380403458,0.01440922190201729,0.02881844380403458,3.5,4.0
emblematica:E001306,2803,94,0.8842222191013388,1.0,0.1774568907812858,0.010638297872340425,0.02127659574468085,0.0425531914893617,4.0,4.0
emblematica:E001307,2803,73,0.5541595307759017,1.0,0.09026041043452208,0.0136986301369863,0.0136986301369863,0.0410958904109589,2.5,4.5
emblematica:E001308,2803,241,0.7666788391271667,0.5,0.2791419405670792,0.0,0.012448132780082987,0.029045643153526972,3.0,5.0
emblematica:E001309,2803,311,1.0,1.0,0.2967733283451762,0.003215434083601286,0.01607717041800643,0.03215434083601286,5.0,4.0
emblematica:E001310,2803,343,0.6655266239440206,1.0,0.1667811210861621,0.0029154518950437317,0.008746355685131196,0.011661807580174927,8.0,4.0
emblematica:E001311,2803,325,0.9558305176970738,1.0,0.2421125262747334,0.003076923076923077,0.015384615384615385,0.027692307692307693,6.0,4.0
emblematica:E001323,2803,39,0.7760840898777375,1.0,0.1159109251899935,0.02564102564102564,0.05128205128205128,0.10256410256410256,1.0,3.0
emblematica:E001324,2803,78,0.3333333333333333,0.041666666666666664,0.03808258840807656,0.0,0.0,0.0,1.0,3.0
emblematica:E001325,2803,80,0.44433354865406305,0.3333333333333333,0.0482427538450786,0.0,0.0125,0.0125,3.0,5.0
emblematica:E001326,2803,245,0.6255245960502868,1.0,0.12284864177343424,0.004081632653061225,0.00816326530612245,0.0163265306122449,18.0,4.0
emblematica:E001327,2803,70,0.49124209852771034,0.16666666666666666,0.032238185963719586,0.0,0.0,0.014285714285714285,3.5,4.0
emblematica:E001328,2803,37,0.7269780874782156,1.0,0.19559716448714318,0.02702702702702703,0.10810810810810811,0.13513513513513514,3.5,4.0
emblematica:E001329,2803,27,0.29365834936946056,0.0024449877750611247,0.006260200157050076,0.0,0.0,0.0,2.0,4.0
emblematica:E001330,2803,19,0.3371021399406627,0.1,0.012218602091215206,0.0,0.0,0.05263157894736842,1.5,5.0
emblematica:E001331,2803,105,0.3333333333333333,0.03571428571428571,0.04013473701098767,0.0,0.0,0.0,1.0,4.0
emblematica:E001332,2803,56,0.302982276611073,0.16666666666666666,0.029562955151591987,0.0,0.0,0.017857142857142856,2.5,3.5
emblematica:E001333,2803,106,0.2789916765690555,0.08333333333333333,0.036040516397866734,0.0,0.0,0.0,4.0,4.0
emblematica:E001334,2803,348,0.6074995033412478,1.0,0.10702685660820403,0.0028735632183908046,0.0028735632183908046,0.008620689655172414,7.5,5.0
emblematica:E001497,2803,44,0.3700152943830133,0.008,0.014956334334798555,0.0,0.0,0.0,1.0,4.5
emblematica:E001498,2803,345,0.42984099607828574,0.3333333333333333,0.12109464532137253,0.0,0.002898550724637681,0.002898550724637681,17.5,4.0
emblematica:E001499,2803,36,0.40669725543269336,0.3333333333333333,0.02663968460211871,0.0,0.027777777777777776,0.027777777777777776,2.0,5.0
emblematica:E001500,2803,62,0.3333333333333333,0.008,0.019838071533309198,0.0,0.0,0.0,2.0,4.0
emblematica:E001501,2803,141,0.3700152943830133,0.09090909090909091,0.05423301698764544,0.0,0.0,0.0,1.0,5.0
emblematica:E001502,2803,75,0.3333333333333333,0.07142857142857142,0.044505300067384276,0.0,0.0,0.0,5.5,4.0
emblematica:E001503,2803,421,0.6331141410125447,1.0,0.15018056334183663,0.0023752969121140144,0.004750593824228029,0.007125890736342043,7.0,4.0
emblematica:E001504,2803,190,0.3333333333333333,0.07142857142857142,0.07083051180206054,0.0,0.0,0.0,9.5,4.0
emblematica:E001505,2803,42,0.4786776096882829,0.16666666666666666,0.05831848429094905,0.0,0.0,0.07142857142857142,7.0,4.0
emblematica:E001506,2803,91,0.5481814994146365,0.5,0.07953884572909023,0.0,0.02197802197802198,0.03296703296703297,9.0,3.0
emblematica:E001507,2803,1,0.6043744244510955,0.020833333333333332,0.020833333333333332,0.0,0.0,0.0,1.0,5.0
emblematica:E001508,2803,218,0.5035967540853267,1.0,0.09111471795639589,0.0045871559633027525,0.0045871559633027525,0.0045871559633027525,6.0,4.0
emblematica:E001668,2803,87,0.43900469316065394,0.2,0.07851942933263706,0.0,0.011494252873563218,0.022988505747126436,1.0,4.0
emblematica:E001669,2803,87,0.3049522941194596,0.07692307692307693,0.07293742756601643,0.0,0.0,0.0,1.5,4.0
emblematica:E001670,2803,37,0.3333333333333333,0.0136986301369863,0.017446624969349806,0.0,0.0,0.0,2.0,5.0
emblematica:E001671,2803,87,0.5764961724874297,1.0,0.09294445875748895,0.011494252873563218,0.011494252873563218,0.034482758620689655,1.0,5.0
emblematica:E001672,2803,87,0.5900320995594102,0.5,0.09046077213299082,0.0,0.034482758620689655,0.04597701149425287,1.0,4.5
emblematica:E001673,2803,88,0.7614578177792671,1.0,0.12014729728829687,0.011363636363636364,0.045454545454545456,0.056818181818181816,1.0,5.0
emblematica:E001675,2803,87,0.5975945819343395,1.0,0.09188311291541228,0.011494252873563218,0.022988505747126436,0.034482758620689655,2.0,4.5
emblematica:E001676,2803,87,0.43900469316065394,0.2,0.07083200211253103,0.0,0.011494252873563218,0.022988505747126436,1.0,3.0
emblematica:E001677,2803,87,0.6189100312867308,1.0,0.08588231035218716,0.011494252873563218,0.011494252873563218,0.04597701149425287,1.0,4.5
emblematica:E001678,2803,87,0.5242306598349794,1.0,0.06628351574880713,0.011494252873563218,0.011494252873563218,0.022988505747126436,1.0,4.5
emblematica:E001679,2803,3,0.40430220188639443,0.005917159763313609,0.003188169198902651,0.0,0.0,0.0,1.0,6.0
emblematica:E001680,2803,14,0.30173721187681635,0.01818181818181818,0.007660446128047847,0.0,0.0,0.0,1.0,5.0
emblematica:E001681,2803,6,0.4370940696470659,0.1111111111111111,0.035925770731807874,0.0,0.0,0.16666666666666666,1.0,6.0
emblematica:E001682,2803,23,0.3333333333333333,0.07692307692307693,0.01638369559624241,0.0,0.0,0.0,1.0,6.0
emblematica:E001683,2803,23,0.3333333333333333,0.05263157894736842,0.0185526463630661,0.0,0.0,0.0,1.0,6.0
emblematica:E001684,2803,87,0.5289704589316268,1.0,0.09216115326786707,0.011494252873563218,0.011494252873563218,0.022988505747126436,2.0,4.5
emblematica:E001685,2803,2,0.5821032065260975,0.0010384215991692627,0.0012443739612960163,0.0,0.0,0.0,1.0,4.5
emblematica:E001687,2803,23,0.3333333333333333,0.07692307692307693,0.02116418138654594,0.0,0.0,0.0,1.0,5.0
emblematica:E001688,2803,1,0.6043744244510955,0.0005030181086519115,0.0005030181086519115,0.0,0.0,0.0,1.0,4.5
emblematica:E001689,2803,6,0.44646811059956937,0.16666666666666666,0.04980254868723847,0.0,0.0,0.16666666666666666,1.0,5.5
emblematica:E001690,2803,3,0.5159958223394444,0.009900990099009901,0.005997005517001753,0.0,0.0,0.0,1.0,4.0
emblematica:E001691,2803,7,0.4095536389048034,0.25,0.04371069415907924,0.0,0.14285714285714285,0.14285714285714285,1.0,5.0
emblematica:E001692,2803,23,0.3333333333333333,0.03571428571428571,0.013255557781167467,0.0,0.0,0.0,1.0,3.0
emblematica:E001694,2803,7,0.4200595141221534,0.3333333333333333,0.05616964976564477,0.0,0.14285714285714285,0.14285714285714285,1.0,5.0
emblematica:E001696,2803,6,0.38595214970813646,0.06666666666666667,0.017874593251766,0.0,0.0,0.0,1.0,5.0
emblematica:E001697,2803,11,0.39652557624636714,0.25,0.027578784239834588,0.0,0.09090909090909091,0.09090909090909091,1.0,3.0
emblematica:E001698,2803,4,0.4073884476270398,0.0013736263736263737,0.0017618058021947286,0.0,0.0,0.0,1.0,3.5
emblematica:E001699,2803,3,0.45382343384312973,0.015384615384615385,0.006039462361078209,0.0,0.0,0.0,1.0,3.5
emblematica:E001700,2803,34,0.3333333333333333,0.029411764705882353,0.024205813931077232,0.0,0.0,0.0,1.0,4.0
emblematica:E001701,2803,37,0.3333333333333333,0.011235955056179775,0.0191996319910551,0.0,0.0,0.0,5.0,4.5
emblematica:E001704,2803,5,0.37022767507871573,0.034482758620689655,0.025503230017116945,0.0,0.0,0.0,1.0,5.0
emblematica:E001705,2803,34,0.3333333333333333,0.030303030303030304,0.029950146822437455,0.0,0.0,0.0,2.0,5.0
emblematica:E001706,2803,1,0.4263151217085707,0.00042408821034775233,0.00042408821034775233,0.0,0.0,0.0,1.0,4.5
emblematica:E001707,2803,7,0.37022767507871573,0.0026666666666666666,0.0034747764937868644,0.0,0.0,0.0,1.0,3.0
emblematica:E001708,2803,19,0.3333333333333333,0.012345679012345678,0.009321967690490372,0.0,0.0,0.0,1.0,4.0
emblematica:E001709,2803,8,0.3333333333333333,0.0007027406886858749,0.0021871639275854067,0.0,0.0,0.0,1.0,3.5
emblematica:E001710,2803,3,0.40956968264424565,0.003663003663003663,0.0029201529155477384,0.0,0.0,0.0,1.0,4.0
emblematica:E001711,2803,2,0.5257357542330399,0.0006325110689437065,0.0008524485639624699,0.0,0.0,0.0,1.0,4.0
emblematica:E001712,2803,4,0.38595214970813646,0.05263157894736842,0.03208450865565801,0.0,0.0,0.0,1.0,5.5
emblematica:E001714,2803,8,0.3333333333333333,0.0072992700729927005,0.005988123220737743,0.0,0.0,0.0,1.0,5.0
emblematica:E001715,2803,0,0.6666666666666666,,,,,,1.0,4.5
emblematica:E003038,2803,0,1.0,,,,,,1.0,3.5
emblematica:E003039,2803,156,0.3333333333333333,0.07142857142857142,0.07888829928192773,0.0,0.0,0.0,10.0,5.0
emblematica:E003040,2803,16,0.5097468151516255,0.3333333333333333,0.09331283337940781,0.0,0.125,0.1875,2.0,5.0
emblematica:E003041,2803,80,0.42228080703546356,0.16666666666666666,0.0595296237493297,0.0,0.0,0.0125,11.0,4.0
emblematica:E003042,2803,319,0.38559884598578353,0.16666666666666666,0.13827365924769752,0.0,0.0,0.003134796238244514,4.0,5.0
emblematica:E003043,2803,251,0.37574719213263447,0.022222222222222223,0.08692988238742055,0.0,0.0,0.0,11.0,4.0
emblematica:E003044,2803,105,0.6859758966916483,1.0,0.07104299455301365,0.009523809523809525,0.01904761904761905,0.047619047619047616,7.0,4.0
emblematica:E003045,2803,174,0.3900954117610806,0.2,0.10020313130931828,0.0,0.005747126436781609,0.005747126436781609,1.0,5.0
emblematica:E003046,2803,768,0.8210299761883049,1.0,0.7365611186102394,0.0013020833333333333,0.00390625,0.009114583333333334,3.0,4.0
emblematica:E003047,2803,50,0.3333333333333333,0.07692307692307693,0.03962229289779851,0.0,0.0,0.0,9.0,5.0
emblematica:E003048,2803,83,0.46635403283722704,0.25,0.04008043018115887,0.0,0.024096385542168676,0.024096385542168676,2.0,3.0
emblematica:E003049,2803,142,0.3333333333333333,0.06666666666666667,0.061114554801156344,0.0,0.0,0.0,9.0,4.0
emblematica:E003050,2803,40,0.3475238529402701,0.038461538461538464,0.02246460699949884,0.0,0.0,0.0,2.5,4.0
emblematica:E003051,2803,21,0.5696609504370329,1.0,0.08035271288009793,0.047619047619047616,0.047619047619047616,0.09523809523809523,2.0,3.0
emblematica:E003052,2803,19,0.5078022519114825,1.0,0.09271174680694505,0.05263157894736842,0.05263157894736842,0.10526315789473684,2.0,4.0
emblematica:E003062,2803,331,0.8171563536964211,1.0,0.1739216677860933,0.0030211480362537764,0.006042296072507553,0.01812688821752266,4.0,6.0
emblematica:E003063,2803,313,0.6252045707171097,0.3333333333333333,0.1851773310730915,0.0,0.009584664536741214,0.012779552715654952,11.0,4.0
emblematica:E003064,2803,341,0.8803485966094551,1.0,0.2634353229033104,0.002932551319648094,0.011730205278592375,0.02346041055718475,10.0,3.0
emblematica:E003065,2803,349,0.5419322104260085,1.0,0.14380766901064623,0.0028653295128939827,0.0028653295128939827,0.0057306590257879654,12.0,4.0
emblematica:E003066,2803,209,0.3598436151966871,0.25,0.12200237507285783,0.0,0.004784688995215311,0.004784688995215311,7.0,4.0
emblematica:E003067,2803,322,0.6373434822422549,1.0,0.16685979713685156,0.003105590062111801,0.006211180124223602,0.009316770186335404,13.0,4.0
emblematica:E003068,2803,428,0.41210912784913734,0.25,0.16036588299794186,0.0,0.002336448598130841,0.002336448598130841,9.0,4.0
emblematica:E003069,2803,368,0.5926509993775047,0.3333333333333333,0.20379181508891883,0.0,0.005434782608695652,0.008152173913043478,7.0,5.0
emblematica:E003070,2803,305,0.5635189174057623,0.5,0.18635215134155958,0.0,0.003278688524590164,0.013114754098360656,7.0,4.0
emblematica:E003071,2803,327,0.5463664183766138,0.2,0.12573514005797787,0.0,0.0030581039755351682,0.0030581039755351682,4.0,4.0
emblematica:E003072,2803,389,0.8043890678175752,1.0,0.25354204721444334,0.002570694087403599,0.010282776349614395,0.015424164524421594,9.0,4.0
emblematica:E003073,2803,144,0.42229111700034805,0.25,0.08988825805890038,0.0,0.006944444444444444,0.013888888888888888,6.0,4.0
emblematica:E003074,2803,474,0.5902753328807604,0.5,0.18711977642549282,0.0,0.006329113924050633,0.008438818565400843,20.0,4.0
emblematica:E003075,2803,457,0.9035650050446237,1.0,0.25960893930078954,0.002188183807439825,0.010940919037199124,0.0175054704595186,17.0,4.0
emblematica:E003076,2803,399,0.6419946942616241,0.5,0.2500345857871809,0.0,0.005012531328320802,0.012531328320802004,21.0,4.0
emblematica:E003077,2803,193,0.3333333333333333,0.058823529411764705,0.0930507523911414,0.0,0.0,0.0,10.0,4.0
emblematica:E003078,2803,502,0.8777267965010666,1.0,0.3071416965980111,0.00199203187250996,0.00796812749003984,0.01593625498007968,18.0,4.0
emblematica:E003079,2803,429,0.5534250996314135,1.0,0.20940387359010487,0.002331002331002331,0.004662004662004662,0.004662004662004662,9.0,4.0
emblematica:E003080,2803,334,0.8337581973680339,1.0,0.2555633377082537,0.0029940119760479044,0.008982035928143712,0.020958083832335328,4.5,4.0
emblematica:E003081,2803,383,0.8143462737151308,1.0,0.2477655627329833,0.0026109660574412533,0.010443864229765013,0.018276762402088774,12.0,4.0
emblematica:E003082,2803,70,0.5152633142368004,0.25,0.07059090771663765,0.0,0.02857142857142857,0.04285714285714286,4.0,4.0
emblematica:E003083,2803,128,0.6821158643186418,1.0,0.11335949387628508,0.0078125,0.0234375,0.03125,5.0,4.5
emblematica:E003084,2803,460,0.8485585501205012,1.0,0.28365129031140857,0.002173913043478261,0.008695652173913044,0.015217391304347827,18.0,4.0
emblematica:E003085,2803,446,0.48784871644524164,0.25,0.26333541825776974,0.0,0.002242152466367713,0.006726457399103139,9.0,5.0
emblematica:E003086,2803,5,0.10321381953990326,0.08333333333333333,0.04411702215283471,0.0,0.0,0.0,3.5,3.5
emblematica:E003768,2803,260,1.0,1.0,0.4045969421663205,0.0038461538461538464,0.019230769230769232,0.038461538461538464,11.0,4.0
emblematica:E003769,2803,335,0.8899541168509599,1.0,0.3920038067264979,0.0029850746268656717,0.011940298507462687,0.023880597014925373,4.0,5.0
emblematica:E003770,2803,235,1.0,1.0,0.4222646942050602,0.00425531914893617,0.02127659574468085,0.0425531914893617,21.0,4.0
emblematica:E003771,2803,191,1.0,1.0,0.5084711576060303,0.005235602094240838,0.02617801047120419,0.05235602094240838,28.5,4.0
emblematica:E003772,2803,277,0.6082998090952606,0.2,0.19460087794818745,0.0,0.0036101083032490976,0.007220216606498195,4.0,5.0
emblematica:E003773,2803,433,0.8940804278663185,1.0,0.24770996629632866,0.0023094688221709007,0.011547344110854504,0.018475750577367205,21.0,4.0
emblematica:E003774,2803,274,0.9321572773044168,1.0,0.3709761778284434,0.0036496350364963502,0.01824817518248175,0.029197080291970802,11.0,5.0
emblematica:E003775,2803,270,1.0,1.0,0.35238506497169253,0.003703703703703704,0.018518518518518517,0.037037037037037035,17.0,4.0
emblematica:E003776,2803,438,1.0,1.0,0.44248137317080266,0.00228310502283105,0.01141552511415525,0.0228310502283105,23.0,4.0
emblematica:E003777,2803,312,1.0,1.0,0.4634742335179554,0.003205128205128205,0.016025641025641024,0.03205128205128205,23.5,4.0
emblematica:E003778,2803,427,0.9368077570869661,1.0,0.4185527315083305,0.00234192037470726,0.00936768149882904,0.02107728337236534,20.5,4.0
emblematica:E003779,2803,260,1.0,1.0,0.39225686649980146,0.0038461538461538464,0.019230769230769232,0.038461538461538464,5.0,5.0
emblematica:E003780,2803,209,0.7595904923253196,0.3333333333333333,0.1925408186378117,0.0,0.009569377990430622,0.019138755980861243,14.5,4.0
emblematica:E003781,2803,579,1.0,1.0,0.42739121969921806,0.0017271157167530224,0.008635578583765112,0.017271157167530225,7.5,4.0
emblematica:E003782,2803,379,1.0,1.0,0.36337599686748046,0.002638522427440633,0.013192612137203167,0.026385224274406333,12.0,4.5
emblematica:E003783,2803,482,0.7973791542685902,0.3333333333333333,0.3853438413602881,0.0,0.006224066390041493,0.016597510373443983,6.0,4.0
emblematica:E003784,2803,521,1.0,1.0,0.37680696907925326,0.0019193857965451055,0.009596928982725527,0.019193857965451054,13.5,4.0
emblematica:E003785,2803,463,1.0,1.0,0.3307270665800052,0.0021598272138228943,0.01079913606911447,0.02159827213822894,21.0,4.0
emblematica:E003786,2803,234,1.0,1.0,0.4321610045424341,0.004273504273504274,0.021367521367521368,0.042735042735042736,3.0,4.0
emblematica:E003787,2803,460,0.4988904555897375,0.5,0.24750185590987403,0.0,0.002173913043478261,0.006521739130434782,11.0,5.0
emblematica:E003788,2803,214,1.0,1.0,0.4934266722748765,0.004672897196261682,0.02336448598130841,0.04672897196261682,10.0,4.0
emblematica:E003789,2803,218,1.0,1.0,0.48476920545546054,0.0045871559633027525,0.022935779816513763,0.045871559633027525,9.0,4.0
emblematica:E003790,2803,202,1.0,1.0,0.4342876678789435,0.0049504950495049506,0.024752475247524754,0.04950495049504951,38.0,4.0
emblematica:E003791,2803,216,1.0,1.0,0.470249503056762,0.004629629629629629,0.023148148148148147,0.046296296296296294,38.0,4.0
emblematica:E003792,2803,311,1.0,1.0,0.44526241750053647,0.003215434083601286,0.01607717041800643,0.03215434083601286,3.0,4.0
emblematica:E003793,2803,300,1.0,1.0,0.4469276474623063,0.0033333333333333335,0.016666666666666666,0.03333333333333333,30.5,4.0
emblematica:E003794,2803,233,1.0,1.0,0.43152306958890113,0.004291845493562232,0.02145922746781116,0.04291845493562232,14.0,4.0
emblematica:E003795,2803,189,1.0,1.0,0.5106430567020535,0.005291005291005291,0.026455026455026454,0.05291005291005291,21.0,4.0
emblematica:E003796,2803,538,1.0,1.0,0.42533836034235234,0.0018587360594795538,0.00929368029739777,0.01858736059479554,6.0,5.0
emblematica:E003797,2803,258,1.0,1.0,0.4603055978925943,0.003875968992248062,0.01937984496124031,0.03875968992248062,16.0,4.0
emblematica:E003798,2803,189,0.9558305176970738,1.0,0.3733376648403495,0.005291005291005291,0.026455026455026454,0.047619047619047616,8.0,4.0
emblematica:E003799,2803,298,0.9558305176970738,1.0,0.34406340174080763,0.003355704697986577,0.016778523489932886,0.030201342281879196,16.0,4.0
emblematica:E003800,2803,332,1.0,1.0,0.4439932716122805,0.0030120481927710845,0.015060240963855422,0.030120481927710843,7.0,4.0
emblematica:E003801,2803,227,0.5236383407666256,0.5,0.1414283860019363,0.0,0.004405286343612335,0.00881057268722467,6.0,5.0
emblematica:E003802,2803,553,0.9432379215722525,1.0,0.42114314919821666,0.0018083182640144665,0.007233273056057866,0.012658227848101266,11.0,5.0
emblematica:E003803,2803,301,1.0,1.0,0.38871991273690937,0.0033222591362126247,0.016611295681063124,0.03322259136212625,3.0,4.0
emblematica:E003804,2803,302,0.9432379215722525,1.0,0.4371594792562128,0.0033112582781456954,0.013245033112582781,0.029801324503311258,2.0,6.0
emblematica:E003805,2803,212,1.0,1.0,0.4674919274734114,0.0047169811320754715,0.02358490566037736,0.04716981132075472,36.0,4.0
emblematica:E003806,2803,213,0.8935472539814607,1.0,0.3075668301288923,0.004694835680751174,0.018779342723004695,0.03755868544600939,10.0,4.0
emblematica:E003807,2803,419,1.0,1.0,0.4475133918920947,0.002386634844868735,0.011933174224343675,0.02386634844868735,8.0,4.5
emblematica:E003808,2803,248,1.0,1.0,0.38635758483843696,0.004032258064516129,0.020161290322580645,0.04032258064516129,4.0,4.0
emblematica:E003809,2803,287,0.913166664326004,1.0,0.33138054177495857,0.003484320557491289,0.017421602787456445,0.027874564459930314,19.5,5.0
emblematica:E003810,2803,141,0.874217524408435,1.0,0.3090514257767685,0.0070921985815602835,0.03546099290780142,0.04964539007092199,5.0,5.0
emblematica:E003811,2803,370,0.8532721558012798,0.5,0.28311911057992806,0.0,0.010810810810810811,0.024324324324324326,9.0,4.0
emblematica:E003813,2803,366,1.0,1.0,0.4014868794289038,0.00273224043715847,0.01366120218579235,0.0273224043715847,10.0,4.0
emblematica:E003814,2803,335,0.9510907186004266,1.0,0.5057492280433656,0.0029850746268656717,0.014925373134328358,0.026865671641791045,10.5,4.0
emblematica:E003815,2803,352,0.9074250374176303,1.0,0.4528086976587158,0.002840909090909091,0.011363636363636364,0.02556818181818182,23.0,4.0
emblematica:E003816,2803,327,1.0,1.0,0.4799082420128062,0.0030581039755351682,0.01529051987767584,0.03058103975535168,15.5,4.0
emblematica:E003817,2803,324,1.0,1.0,0.41831356674950215,0.0030864197530864196,0.015432098765432098,0.030864197530864196,18.0,4.0
emblematica:E003818,2803,340,0.7495437999074721,1.0,0.2704020431444566,0.0029411764705882353,0.011764705882352941,0.01764705882352941,16.0,4.0
emblematica:E003819,2803,365,1.0,1.0,0.47086571576715636,0.0027397260273972603,0.0136986301369863,0.0273972602739726,18.0,4.0
emblematica:E003820,2803,342,1.0,1.0,0.46139988190229747,0.0029239766081871343,0.014619883040935672,0.029239766081871343,28.0,4.0
emblematica:E003821,2803,343,0.9134166588977728,1.0,0.39529428216532697,0.0029154518950437317,0.014577259475218658,0.023323615160349854,14.5,4.0
emblematica:E003822,2803,334,1.0,1.0,0.48320859454396964,0.0029940119760479044,0.014970059880239521,0.029940119760479042,25.0,4.0
emblematica:E003823,2803,423,1.0,1.0,0.4348871870643904,0.002364066193853428,0.01182033096926714,0.02364066193853428,15.5,4.0
emblematica:E003824,2803,358,0.7175489032751207,1.0,0.3200646816737651,0.002793296089385475,0.0111731843575419,0.013966480446927373,9.5,5.0
emblematica:E003825,2803,105,0.8620764229140668,1.0,0.5113573954424719,0.009523809523809525,0.0380952380952381,0.06666666666666667,5.5,4.0
emblematica:E003826,2803,359,1.0,1.0,0.4447356721841191,0.002785515320334262,0.013927576601671309,0.027855153203342618,15.0,4.0
emblematica:E003827,2803,234,1.0,1.0,0.43840560252204935,0.004273504273504274,0.021367521367521368,0.042735042735042736,40.0,4.0
emblematica:E003828,2803,239,1.0,1.0,0.42587245559434667,0.0041841004184100415,0.02092050209205021,0.04184100418410042,16.0,4.0
emblematica:E003829,2803,463,1.0,1.0,0.45502621492018464,0.0021598272138228943,0.01079913606911447,0.02159827213822894,8.0,5.0
emblematica:E003830,2803,155,0.40415433563611175,0.05,0.08411833541383675,0.0,0.0,0.0,6.0,5.0
emblematica:E003831,2803,329,0.8532721558012798,0.5,0.4337046656858836,0.0,0.0121580547112462,0.02735562310030395,6.0,4.0
emblematica:E003832,2803,357,0.8125963791239298,1.0,0.31754236374906225,0.0028011204481792717,0.0056022408963585435,0.01680672268907563,12.0,4.0
emblematica:E003833,2803,327,0.8943938982876649,1.0,0.4072922517768883,0.0030581039755351682,0.012232415902140673,0.024464831804281346,15.0,4.0
emblematica:E003834,2803,465,1.0,1.0,0.4687026363794069,0.002150537634408602,0.010752688172043012,0.021505376344086023,36.0,4.0
emblematica:E003835,2803,272,1.0,1.0,0.41546889331615505,0.003676470588235294,0.01838235294117647,0.03676470588235294,11.0,5.0
emblematica:E003836,2803,215,1.0,1.0,0.4985197536216261,0.004651162790697674,0.023255813953488372,0.046511627906976744,17.0,4.0
emblematica:E003837,2803,222,0.9575861412006987,1.0,0.4457893599691816,0.0045045045045045045,0.02252252252252252,0.04054054054054054,13.5,4.0
emblematica:E003838,2803,280,0.9432379215722525,1.0,0.43349208786076027,0.0035714285714285713,0.014285714285714285,0.03214285714285714,11.0,5.0
emblematica:E003839,2803,142,0.8909724089198024,1.0,0.5503359131329335,0.007042253521126761,0.028169014084507043,0.056338028169014086,7.0,4.0
emblematica:E003840,2803,409,1.0,1.0,0.3818072678469587,0.0024449877750611247,0.012224938875305624,0.02444987775061125,27.0,4.0
emblematica:E003841,2803,257,1.0,1.0,0.4073027867299692,0.0038910505836575876,0.019455252918287938,0.038910505836575876,19.0,4.0
emblematica:E003843,2803,266,1.0,1.0,0.3867041927761473,0.0037593984962406013,0.018796992481203006,0.03759398496240601,11.0,4.0
emblematica:E003844,2803,231,1.0,1.0,0.4424440660435643,0.004329004329004329,0.021645021645021644,0.04329004329004329,25.0,4.0
emblematica:E003846,2803,239,0.94497705842548,1.0,0.3576303679371457,0.0041841004184100415,0.016736401673640166,0.03765690376569038,4.5,4.5
emblematica:E003847,2803,365,1.0,1.0,0.42905362622705373,0.0027397260273972603,0.0136986301369863,0.0273972602739726,37.0,4.0
emblematica:E003848,2803,476,1.0,1.0,0.39770869776895296,0.0021008403361344537,0.01050420168067227,0.02100840336134454,45.0,4.0
emblematica:E003849,2803,149,0.7081287626162236,1.0,0.19782039882094582,0.006711409395973154,0.006711409395973154,0.020134228187919462,4.0,5.0
emblematica:E003850,2803,424,0.7514705351124368,1.0,0.16757800315710966,0.0023584905660377358,0.0047169811320754715,0.014150943396226415,7.0,5.0
emblematica:E003851,2803,444,0.9432379215722525,1.0,0.41197904666531054,0.0022522522522522522,0.009009009009009009,0.02027027027027027,34.0,4.0
emblematica:E003852,2803,328,1.0,1.0,0.3837456747013273,0.003048780487804878,0.01524390243902439,0.03048780487804878,23.5,4.0
emblematica:E003853,2803,265,1.0,1.0,0.34438127248171235,0.0037735849056603774,0.018867924528301886,0.03773584905660377,9.5,5.0
emblematica:E003854,2803,285,0.821332918903928,1.0,0.2051704230628458,0.0035087719298245615,0.010526315789473684,0.021052631578947368,25.0,4.0
emblematica:E003855,2803,328,1.0,1.0,0.286639239048275,0.003048780487804878,0.01524390243902439,0.03048780487804878,25.0,5.0
emblematica:E003856,2803,218,1.0,1.0,0.3381794974254918,0.0045871559633027525,0.022935779816513763,0.045871559633027525,13.0,4.0
emblematica:E003857,2803,652,1.0,1.0,0.510023639215944,0.0015337423312883436,0.007668711656441718,0.015337423312883436,26.5,4.0
emblematica:E003858,2803,610,0.597970429887425,0.25,0.2803127640917518,0.0,0.001639344262295082,0.004918032786885246,12.0,5.0
emblematica:E003859,2803,252,1.0,1.0,0.4265530350613711,0.003968253968253968,0.01984126984126984,0.03968253968253968,40.0,4.0
emblematica:E003860,2803,456,1.0,1.0,0.41642408100482575,0.0021929824561403508,0.010964912280701754,0.021929824561403508,14.0,4.0
emblematica:E003861,2803,369,1.0,1.0,0.4737458894231534,0.0027100271002710027,0.013550135501355014,0.02710027100271003,13.0,4.0
emblematica:E003862,2803,548,1.0,1.0,0.3297182418689708,0.0018248175182481751,0.009124087591240875,0.01824817518248175,42.5,4.0
emblematica:E003863,2803,268,0.9558305176970738,1.0,0.2742643960529419,0.0037313432835820895,0.018656716417910446,0.033582089552238806,12.5,4.0
emblematica:E003864,2803,302,1.0,1.0,0.36134124913608884,0.0033112582781456954,0.016556291390728478,0.033112582781456956,28.5,4.0
emblematica:E003865,2803,196,1.0,1.0,0.49520503639231206,0.00510204081632653,0.025510204081632654,0.05102040816326531,7.0,4.0
emblematica:E003866,2803,285,0.8101209655671964,1.0,0.34710255908837034,0.0035087719298245615,0.014035087719298246,0.021052631578947368,45.0,4.0
emblematica:E003867,2803,264,0.8976086225976284,1.0,0.3776361508743702,0.003787878787878788,0.015151515151515152,0.030303030303030304,10.0,4.0
emblematica:E003868,2803,264,1.0,1.0,0.37982786568153126,0.003787878787878788,0.01893939393939394,0.03787878787878788,17.0,4.0
emblematica:E003869,2803,383,0.8611375561264454,1.0,0.20203430607633893,0.0026109660574412533,0.010443864229765013,0.020887728459530026,11.0,5.0
emblematica:E003870,2803,361,1.0,1.0,0.4626727943943198,0.002770083102493075,0.013850415512465374,0.027700831024930747,40.0,4.0
emblematica:E003871,2803,331,1.0,1.0,0.39764149525315295,0.0030211480362537764,0.015105740181268883,0.030211480362537766,11.0,5.0
emblematica:E003872,2803,235,0.8611511462453225,1.0,0.3628923395332493,0.00425531914893617,0.02127659574468085,0.029787234042553193,11.0,4.5
emblematica:E003873,2803,205,0.8389326822684744,1.0,0.3700717897230021,0.004878048780487805,0.01951219512195122,0.03414634146341464,9.5,4.0
emblematica:E003874,2803,313,1.0,1.0,0.34481442171329146,0.003194888178913738,0.01597444089456869,0.03194888178913738,17.0,4.0
emblematica:E003875,2803,252,1.0,1.0,0.3434681569644163,0.003968253968253968,0.01984126984126984,0.03968253968253968,40.0,4.0
emblematica:E003876,2803,231,1.0,1.0,0.4202473298947706,0.004329004329004329,0.021645021645021644,0.04329004329004329,6.5,4.0
emblematica:E003877,2803,271,0.9035650050446237,1.0,0.27839621966348266,0.0036900369003690036,0.01845018450184502,0.02952029520295203,36.0,4.0
emblematica:E003878,2803,201,0.9241189044609822,1.0,0.33407376331460764,0.004975124378109453,0.024875621890547265,0.03482587064676617,5.5,4.0
emblematica:E003879,2803,327,0.9211149067286852,1.0,0.20881473954905563,0.0030581039755351682,0.01529051987767584,0.024464831804281346,18.0,4.5
emblematica:E003880,2803,353,1.0,1.0,0.41243779201166875,0.0028328611898017,0.014164305949008499,0.028328611898016998,21.0,4.0
emblematica:E003881,2803,230,0.6656945562064004,0.3333333333333333,0.35954907819319504,0.0,0.008695652173913044,0.02608695652173913,9.0,4.0
emblematica:E003882,2803,239,0.6351029975002471,0.5,0.2234672401293714,0.0,0.008368200836820083,0.02092050209205021,40.0,4.0
emblematica:E003883,2803,219,0.9510907186004266,1.0,0.4353489204056355,0.0045662100456621,0.0228310502283105,0.0410958904109589,8.0,4.0
emblematica:E003884,2803,256,0.8919597349263534,1.0,0.2985135240059996,0.00390625,0.015625,0.03125,13.0,4.0
emblematica:E003885,2803,436,1.0,1.0,0.2683005458751693,0.0022935779816513763,0.011467889908256881,0.022935779816513763,11.0,4.0
emblematica:E004091,2803,297,1.0,1.0,0.3318351022875202,0.003367003367003367,0.016835016835016835,0.03367003367003367,22.0,5.0
emblematica:E004092,2803,154,0.810990042462254,1.0,0.2924125026560453,0.006493506493506494,0.025974025974025976,0.045454545454545456,18.0,3.0
emblematica:E004093,2803,366,0.9368077570869661,1.0,0.32930133862701183,0.00273224043715847,0.01092896174863388,0.02459016393442623,59.0,3.0
emblematica:E004094,2803,141,1.0,1.0,0.4413438031287363,0.0070921985815602835,0.03546099290780142,0.07092198581560284,17.5,3.5
emblematica:E004095,2803,183,0.8623893785099406,1.0,0.19824144397220136,0.00546448087431694,0.02185792349726776,0.03278688524590164,10.5,6.0
emblematica:E004096,2803,246,0.9477344873475497,1.0,0.2591968684403399,0.0040650406504065045,0.02032520325203252,0.036585365853658534,16.0,3.0
emblematica:E004097,2803,145,0.8909724089198024,1.0,0.21189725321565123,0.006896551724137931,0.027586206896551724,0.05517241379310345,10.0,3.0
emblematica:E004098,2803,145,0.9575861412006987,1.0,0.36920682339136757,0.006896551724137931,0.034482758620689655,0.06206896551724138,10.0,3.0
emblematica:E004099,2803,141,0.9537125187088151,1.0,0.32679894821913674,0.0070921985815602835,0.03546099290780142,0.06382978723404255,2.0,3.0
emblematica:E004100,2803,121,0.5726361401144231,1.0,0.06961730699926112,0.008264462809917356,0.01652892561983471,0.01652892561983471,3.0,5.0
emblematica:E004101,2803,277,0.5603464619398381,0.3333333333333333,0.1652141495099613,0.0,0.007220216606498195,0.01444043321299639,2.0,5.0
emblematica:E004102,2803,142,0.8698739994728926,1.0,0.22172371407162383,0.007042253521126761,0.02112676056338028,0.056338028169014086,11.0,4.0
emblematica:E004103,2803,441,0.8909724089198024,1.0,0.3006693138069673,0.0022675736961451248,0.009070294784580499,0.018140589569160998,13.0,3.5
emblematica:E004104,2803,219,0.8082491001905818,0.25,0.13617622037814262,0.0,0.0045662100456621,0.0182648401826484,12.5,4.5
emblematica:E004105,2803,118,0.9432379215722525,1.0,0.3331789841015708,0.00847457627118644,0.03389830508474576,0.07627118644067797,1.0,5.0
emblematica:E004106,2803,142,0.8108582970019786,0.5,0.3158808087651009,0.0,0.028169014084507043,0.056338028169014086,4.0,4.0
emblematica:E004107,2803,268,0.7996492687209279,1.0,0.2013869562635503,0.0037313432835820895,0.014925373134328358,0.022388059701492536,2.0,5.0
emblematica:E004108,2803,287,0.9575861412006987,1.0,0.32374484639637774,0.003484320557491289,0.017421602787456445,0.0313588850174216,5.0,4.0
emblematica:E004109,2803,138,0.6151953915227242,1.0,0.2043157785673763,0.007246376811594203,0.014492753623188406,0.028985507246376812,1.0,5.0
emblematica:E004110,2803,153,0.7224117241296841,1.0,0.17934432672538753,0.006535947712418301,0.0196078431372549,0.032679738562091505,3.0,5.0
emblematica:E004111,2803,43,0.4806812429184543,0.5,0.06690643376421677,0.0,0.023255813953488372,0.046511627906976744,2.0,3.5
emblematica:E004112,2803,353,0.8777267965010666,1.0,0.2625106789970974,0.0028328611898017,0.0113314447592068,0.0226628895184136,44.5,5.0
emblematica:E004113,2803,23,0.3475238529402701,0.5,0.047883917623562346,0.0,0.043478260869565216,0.08695652173913043,5.0,3.0
emblematica:E004114,2803,66,0.3333333333333333,0.5,0.03510384322926471,0.0,0.030303030303030304,0.030303030303030304,2.0,4.0
emblematica:E004115,2803,42,0.499272218015063,1.0,0.11995930191410313,0.023809523809523808,0.07142857142857142,0.07142857142857142,3.0,3.0
emblematica:E004116,2803,136,0.8943286401726791,1.0,0.25288700181152945,0.007352941176470588,0.029411764705882353,0.058823529411764705,3.5,4.5
emblematica:E004117,2803,376,0.7745542150242182,1.0,0.29399317383186185,0.0026595744680851063,0.010638297872340425,0.015957446808510637,17.0,2.0
emblematica:E004118,2803,181,0.909543036405889,1.0,0.1919439411862306,0.0055248618784530384,0.027624309392265192,0.04419889502762431,3.0,5.0
emblematica:E004119,2803,129,0.9510907186004266,1.0,0.2607884972384065,0.007751937984496124,0.03875968992248062,0.06976744186046512,8.0,5.0
emblematica:E004120,2803,377,0.9558305176970738,1.0,0.3710768201992247,0.002652519893899204,0.013262599469496022,0.023872679045092837,23.0,4.0
emblematica:E004121,2803,126,0.76069719321891,0.3333333333333333,0.3578661957396748,0.0,0.023809523809523808,0.06349206349206349,6.0,5.0
emblematica:E004122,2803,169,0.9145133842194774,1.0,0.3517425465904455,0.005917159763313609,0.029585798816568046,0.047337278106508875,15.5,3.5
emblematica:E004123,2803,118,0.9048032373092417,1.0,0.24104998917521928,0.00847457627118644,0.025423728813559324,0.05084745762711865,2.0,6.0
emblematica:E004124,2803,76,0.3333333333333333,0.0125,0.023710504583634377,0.0,0.0,0.0,22.5,3.0
emblematica:E004125,2803,179,0.6259852387874193,1.0,0.11476304154475843,0.00558659217877095,0.0111731843575419,0.0111731843575419,6.0,4.0
emblematica:E004126,2803,290,1.0,1.0,0.3131528106744218,0.0034482758620689655,0.017241379310344827,0.034482758620689655,14.0,4.5
emblematica:E004127,2803,182,0.44069505854929314,0.25,0.18237725003722524,0.0,0.005494505494505495,0.01098901098901099,4.0,4.5
emblematica:E004128,2803,283,0.7727194647956532,1.0,0.23452771733713734,0.0035335689045936395,0.014134275618374558,0.0176678445229682,23.0,4.0
emblematica:E004129,2803,137,1.0,1.0,0.3579539131181294,0.0072992700729927005,0.0364963503649635,0.072992700729927,3.0,4.0
emblematica:E004130,2803,116,1.0,1.0,0.43711303114326394,0.008620689655172414,0.04310344827586207,0.08620689655172414,59.0,4.5
emblematica:E004131,2803,116,0.9074250374176303,1.0,0.3995254835728998,0.008620689655172414,0.034482758620689655,0.07758620689655173,100.5,4.5
emblematica:E004132,2803,116,0.9558305176970738,1.0,0.3143401469826137,0.008620689655172414,0.04310344827586207,0.07758620689655173,100.5,4.5
emblematica:E004133,2803,116,1.0,1.0,0.49693141010348196,0.008620689655172414,0.04310344827586207,0.08620689655172414,100.5,4.5
emblematica:E004134,2803,116,0.7687644635358547,1.0,0.17750594313719945,0.008620689655172414,0.02586206896551724,0.05172413793103448,100.5,4.5
emblematica:E004135,2803,116,0.3184884827535779,0.038461538461538464,0.049060742454320024,0.0,0.0,0.0,100.5,4.5
emblematica:E004136,2803,116,0.7347014023042692,1.0,0.16458167296928006,0.008620689655172414,0.02586206896551724,0.04310344827586207,100.5,4.5
emblematica:E004137,2803,116,0.9575861412006987,1.0,0.4342157231564309,0.008620689655172414,0.04310344827586207,0.07758620689655173,100.5,4.5
emblematica:E004138,2803,116,0.8969504402810676,1.0,0.350692649456089,0.008620689655172414,0.034482758620689655,0.06896551724137931,100.5,4.5
emblematica:E004139,2803,116,0.42465647353220776,0.14285714285714285,0.09459223852897919,0.0,0.0,0.017241379310344827,100.5,4.5
emblematica:E004140,2803,116,0.9074250374176303,1.0,0.2580521653203186,0.008620689655172414,0.034482758620689655,0.07758620689655173,100.5,4.5
emblematica:E004141,2803,116,0.5994990940545967,1.0,0.06847497863523917,0.008620689655172414,0.02586206896551724,0.02586206896551724,100.5,4.5
emblematica:E004142,2803,116,0.764890841043971,1.0,0.2938083905594004,0.008620689655172414,0.02586206896551724,0.05172413793103448,100.5,4.5
emblematica:E004143,2803,116,0.3333333333333333,0.007692307692307693,0.025903864781071317,0.0,0.0,0.0,100.5,4.5
emblematica:E004144,2803,116,0.9477344873475497,1.0,0.3826623509045212,0.008620689655172414,0.04310344827586207,0.07758620689655173,100.5,4.5
emblematica:E004145,2803,116,0.8080325900964455,1.0,0.19279076720100718,0.008620689655172414,0.02586206896551724,0.0603448275862069,100.5,4.5
emblematica:E004146,2803,116,0.8988252059479763,1.0,0.20107681979154446,0.008620689655172414,0.04310344827586207,0.06896551724137931,100.5,4.5
emblematica:E004147,2803,116,0.76069719321891,0.3333333333333333,0.267211539964917,0.0,0.02586206896551724,0.06896551724137931,100.5,4.5
emblematica:E004148,2803,116,0.6894296216551726,1.0,0.10330892255017243,0.008620689655172414,0.034482758620689655,0.04310344827586207,100.5,4.5
emblematica:E004149,2803,116,0.5752579402228116,1.0,0.0956638686207691,0.008620689655172414,0.008620689655172414,0.02586206896551724,100.5,4.5
emblematica:E004150,2803,116,0.909543036405889,1.0,0.22658199548346286,0.008620689655172414,0.04310344827586207,0.06896551724137931,100.5,4.5
emblematica:E004151,2803,116,0.49570151347341557,0.25,0.1087137810829551,0.0,0.017241379310344827,0.02586206896551724,100.5,4.5
emblematica:E004152,2803,116,0.9146904720674043,1.0,0.2632035560114185,0.008620689655172414,0.034482758620689655,0.07758620689655173,100.5,4.5
emblematica:E004153,2803,116,0.9558305176970738,1.0,0.26241355485598933,0.008620689655172414,0.04310344827586207,0.07758620689655173,100.5,4.5
emblematica:E004154,2803,116,0.7001877777241036,1.0,0.14994443318494388,0.008620689655172414,0.034482758620689655,0.04310344827586207,100.5,4.5
emblematica:E004155,2803,116,0.8926382747840401,1.0,0.3329618607868451,0.008620689655172414,0.034482758620689655,0.06896551724137931,100.5,4.5
emblematica:E004156,2803,116,0.8564113471486752,1.0,0.36259072920234164,0.008620689655172414,0.04310344827586207,0.0603448275862069,100.5,4.5
emblematica:E004157,2803,116,0.5124916370179301,0.5,0.05467446221576251,0.0,0.008620689655172414,0.02586206896551724,100.5,4.5
emblematica:E004158,2803,116,1.0,1.0,0.34708777246396355,0.008620689655172414,0.04310344827586207,0.08620689655172414,100.5,4.5
emblematica:E004159,2803,116,1.0,1.0,0.5865414373073429,0.008620689655172414,0.04310344827586207,0.08620689655172414,100.5,4.5
emblematica:E004160,2803,116,1.0,1.0,0.5988586557076159,0.008620689655172414,0.04310344827586207,0.08620689655172414,100.5,4.5
emblematica:E004161,2803,116,1.0,1.0,0.498069260894237,0.008620689655172414,0.04310344827586207,0.08620689655172414,100.5,4.5
emblematica:E004162,2803,116,1.0,1.0,0.5283651222785243,0.008620689655172414,0.04310344827586207,0.08620689655172414,100.5,4.5
emblematica:E004163,2803,116,1.0,1.0,0.4953300764962604,0.008620689655172414,0.04310344827586207,0.08620689655172414,100.5,4.5
emblematica:E004164,2803,116,1.0,1.0,0.5651560393453618,0.008620689655172414,0.04310344827586207,0.08620689655172414,100.5,4.5
emblematica:E004165,2803,116,1.0,1.0,0.5108176043349251,0.008620689655172414,0.04310344827586207,0.08620689655172414,100.5,4.5
emblematica:E004166,2803,116,1.0,1.0,0.41842246012319717,0.008620689655172414,0.04310344827586207,0.08620689655172414,100.5,4.5
emblematica:E004167,2803,116,1.0,1.0,0.5644648029309597,0.008620689655172414,0.04310344827586207,0.08620689655172414,100.5,4.5
emblematica:E004168,2803,116,1.0,1.0,0.25547420189513464,0.008620689655172414,0.04310344827586207,0.08620689655172414,100.5,4.5
emblematica:E004169,2803,116,1.0,1.0,0.5097029779784124,0.008620689655172414,0.04310344827586207,0.08620689655172414,100.5,4.5
emblematica:E004170,2803,116,1.0,1.0,0.42085361824560824,0.008620689655172414,0.04310344827586207,0.08620689655172414,100.5,4.5
emblematica:E004171,2803,116,1.0,1.0,0.4237203367620021,0.008620689655172414,0.04310344827586207,0.08620689655172414,100.5,4.5
emblematica:E004172,2803,116,1.0,1.0,0.5570025200695561,0.008620689655172414,0.04310344827586207,0.08620689655172414,100.5,4.5
emblematica:E004173,2803,116,1.0,1.0,0.5594540696401186,0.008620689655172414,0.04310344827586207,0.08620689655172414,100.5,4.5
emblematica:E004174,2803,116,0.9368077570869661,1.0,0.26873838407117123,0.008620689655172414,0.034482758620689655,0.07758620689655173,100.5,4.5
emblematica:E004175,2803,116,1.0,1.0,0.48656255102072105,0.008620689655172414,0.04310344827586207,0.08620689655172414,100.5,4.5
emblematica:E004176,2803,116,1.0,1.0,0.530553927385287,0.008620689655172414,0.04310344827586207,0.08620689655172414,100.5,4.5
emblematica:E004177,2803,116,1.0,1.0,0.497835642734074,0.008620689655172414,0.04310344827586207,0.08620689655172414,100.5,4.5
emblematica:E004178,2803,116,1.0,1.0,0.49821859835539106,0.008620689655172414,0.04310344827586207,0.08620689655172414,100.5,4.5
emblematica:E004179,2803,116,1.0,1.0,0.30186207096879747,0.008620689655172414,0.04310344827586207,0.08620689655172414,100.5,4.5
emblematica:E004180,2803,116,0.6034398548988237,1.0,0.23639127380022756,0.008620689655172414,0.017241379310344827,0.034482758620689655,100.5,4.5
emblematica:E004181,2803,116,0.6884139210130843,1.0,0.24054610847771432,0.008620689655172414,0.02586206896551724,0.034482758620689655,100.5,4.5
emblematica:E004182,2803,116,1.0,1.0,0.4157848076018219,0.008620689655172414,0.04310344827586207,0.08620689655172414,100.5,4.5
emblematica:E004183,2803,116,1.0,1.0,0.3729101493983683,0.008620689655172414,0.04310344827586207,0.08620689655172414,100.5,4.5
emblematica:E004184,2803,116,0.33469229555605245,0.1,0.12543946752624038,0.0,0.0,0.008620689655172414,100.5,4.5
emblematica:E004185,2803,116,1.0,1.0,0.5433216454956398,0.008620689655172414,0.04310344827586207,0.08620689655172414,100.5,4.5
emblematica:E004186,2803,116,1.0,1.0,0.2963977719512813,0.008620689655172414,0.04310344827586207,0.08620689655172414,100.5,4.5
emblematica:E004187,2803,116,1.0,1.0,0.23481379011479195,0.008620689655172414,0.04310344827586207,0.08620689655172414,100.5,4.5
emblematica:E004188,2803,116,1.0,1.0,0.450938068474743,0.008620689655172414,0.04310344827586207,0.08620689655172414,100.5,4.5
emblematica:E004189,2803,116,0.9368077570869661,1.0,0.2746408353833523,0.008620689655172414,0.034482758620689655,0.07758620689655173,100.5,4.5
emblematica:E004190,2803,116,0.9558305176970738,1.0,0.2759921535981662,0.008620689655172414,0.04310344827586207,0.07758620689655173,100.5,4.5
emblematica:E004191,2803,116,0.9134166588977728,1.0,0.3437116934228044,0.008620689655172414,0.04310344827586207,0.06896551724137931,100.5,4.5
emblematica:E004192,2803,116,1.0,1.0,0.48090117860237547,0.008620689655172414,0.04310344827586207,0.08620689655172414,100.5,4.5
emblematica:E004193,2803,116,1.0,1.0,0.34184338031836836,0.008620689655172414,0.04310344827586207,0.08620689655172414,100.5,4.5
emblematica:E004194,2803,116,1.0,1.0,0.49753414080418845,0.008620689655172414,0.04310344827586207,0.08620689655172414,100.5,4.5
emblematica:E004195,2803,116,0.678838431915215,1.0,0.08283830455115501,0.008620689655172414,0.034482758620689655,0.04310344827586207,100.5,4.5
emblematica:E004196,2803,116,0.7350043202545054,1.0,0.281582364165174,0.008620689655172414,0.034482758620689655,0.04310344827586207,100.5,4.5
emblematica:E004197,2803,116,0.8034019585938208,1.0,0.13628450255028574,0.008620689655172414,0.04310344827586207,0.0603448275862069,100.5,4.5
emblematica:E004198,2803,116,1.0,1.0,0.5195393885783087,0.008620689655172414,0.04310344827586207,0.08620689655172414,100.5,4.5
emblematica:E004199,2803,116,0.9416809441509609,1.0,0.5280240670791795,0.008620689655172414,0.04310344827586207,0.07758620689655173,100.5,4.5
emblematica:E004200,2803,116,1.0,1.0,0.19278825512649994,0.008620689655172414,0.04310344827586207,0.08620689655172414,100.5,4.5
emblematica:E004201,2803,116,0.5897288608634207,1.0,0.26829354569103353,0.008620689655172414,0.017241379310344827,0.02586206896551724,100.5,4.5
emblematica:E004202,2803,116,0.7310074127238666,1.0,0.11084393663223953,0.008620689655172414,0.04310344827586207,0.04310344827586207,100.5,4.5
emblematica:E004203,2803,116,0.8671291776065879,1.0,0.2711836430639836,0.008620689655172414,0.04310344827586207,0.0603448275862069,100.5,4.5
emblematica:E004204,2803,116,1.0,1.0,0.5312474738092307,0.008620689655172414,0.04310344827586207,0.08620689655172414,100.5,4.5
emblematica:E004205,2803,116,1.0,1.0,0.5138385456564397,0.008620689655172414,0.04310344827586207,0.08620689655172414,100.5,4.5
emblematica:E004206,2803,116,1.0,1.0,0.37900266160229956,0.008620689655172414,0.04310344827586207,0.08620689655172414,100.5,4.5
emblematica:E004207,2803,116,1.0,1.0,0.5713020899028636,0.008620689655172414,0.04310344827586207,0.08620689655172414,100.5,4.5
emblematica:E004208,2803,116,0.9575861412006987,1.0,0.4490313975565198,0.008620689655172414,0.04310344827586207,0.07758620689655173,100.5,4.5
emblematica:E004209,2803,116,0.68733327111955,0.25,0.3672730119717816,0.0,0.017241379310344827,0.0603448275862069,100.5,4.5
emblematica:E004210,2803,116,0.8671291776065879,1.0,0.1411082671789966,0.008620689655172414,0.04310344827586207,0.0603448275862069,100.5,4.5
emblematica:E004211,2803,116,0.4550300679225608,0.5,0.07393303963587967,0.0,0.008620689655172414,0.017241379310344827,100.5,4.5
emblematica:E004212,2803,116,1.0,1.0,0.3948234039250663,0.008620689655172414,0.04310344827586207,0.08620689655172414,100.5,4.5
emblematica:E004213,2803,116,0.9403711988910498,1.0,0.1687041838399787,0.008620689655172414,0.04310344827586207,0.07758620689655173,100.5,4.5
emblematica:E004214,2803,116,1.0,1.0,0.5079319927214911,0.008620689655172414,0.04310344827586207,0.08620689655172414,100.5,4.5
emblematica:E005119,2803,22,0.44445614205808504,0.16666666666666666,0.03728758045511407,0.0,0.0,0.045454545454545456,1.0,6.0
emblematica:E005120,2803,188,0.4556065368322667,0.3333333333333333,0.09047280460460422,0.0,0.005319148936170213,0.010638297872340425,2.0,4.0
emblematica:E005121,2803,18,0.6049435778423837,0.5,0.27235418990198335,0.0,0.16666666666666666,0.2222222222222222,1.5,3.0
emblematica:E005122,2803,47,0.8600308552328548,0.125,0.11626061231521026,0.0,0.0,0.0425531914893617,6.5,4.0
emblematica:E005123,2803,57,0.5550466148858791,1.0,0.060882946617406244,0.017543859649122806,0.03508771929824561,0.05263157894736842,4.5,4.0
emblematica:E005124,2803,59,0.5897915752705832,0.5,0.10831566395405882,0.0,0.03389830508474576,0.06779661016949153,7.5,4.0
emblematica:E005125,2803,48,0.34490520365612953,0.09090909090909091,0.027929667763493673,0.0,0.0,0.0,6.5,5.0
emblematica:E005126,2803,81,0.5170987075911901,0.2,0.06754826092635033,0.0,0.012345679012345678,0.037037037037037035,8.0,4.0
emblematica:E005127,2803,58,0.6363321841475866,1.0,0.12110683834720778,0.017241379310344827,0.034482758620689655,0.06896551724137931,9.0,5.0
emblematica:E005128,2803,79,0.5726361401144231,1.0,0.07219618857151563,0.012658227848101266,0.02531645569620253,0.02531645569620253,5.0,3.0
emblematica:E005129,2803,186,0.6927709970145756,1.0,0.14700932980067843,0.005376344086021506,0.010752688172043012,0.026881720430107527,18.0,4.0
emblematica:E005130,2803,279,0.7614578177792671,1.0,0.14451766965237361,0.0035842293906810036,0.014336917562724014,0.017921146953405017,25.0,3.0
emblematica:E005131,2803,67,0.47667875286330774,0.2,0.0681727567557363,0.0,0.014925373134328358,0.04477611940298507,8.0,4.0
emblematica:E005132,2803,87,0.8127456659658788,1.0,0.20046394727549033,0.011494252873563218,0.04597701149425287,0.08045977011494253,11.0,3.5
emblematica:E005133,2803,235,0.4659567981831444,0.25,0.09893718204858788,0.0,0.00425531914893617,0.00851063829787234,1.0,5.0
emblematica:E005134,2803,62,0.7280206001213891,1.0,0.23081272989165963,0.016129032258064516,0.06451612903225806,0.08064516129032258,4.0,3.0
emblematica:E005135,2803,33,0.42590829591570295,0.5,0.030638972844261186,0.0,0.030303030303030304,0.030303030303030304,2.0,5.0
emblematica:E005136,2803,90,0.484774783212832,0.2,0.06670918024409714,0.0,0.011111111111111112,0.03333333333333333,10.0,3.5
emblematica:E005137,2803,708,0.4500600545019711,0.125,0.4799404073224926,0.0,0.0,0.002824858757062147,1.0,3.0
emblematica:E005138,2803,69,0.7186033597527861,1.0,0.18704565143432555,0.014492753623188406,0.028985507246376812,0.08695652173913043,1.5,5.0
emblematica:E005139,2803,182,0.6714920520082944,0.5,0.09445292572568278,0.0,0.02197802197802198,0.027472527472527472,2.0,3.0
emblematica:E005140,2803,105,0.45328765467411447,0.25,0.05860958777301862,0.0,0.01904761904761905,0.01904761904761905,1.0,5.0
emblematica:E005141,2803,23,0.3333333333333333,0.0196078431372549,0.009892850264260882,0.0,0.0,0.0,1.0,3.0
emblematica:E005142,2803,60,0.7907781796239114,0.3333333333333333,0.11384558754522721,0.0,0.03333333333333333,0.08333333333333333,3.0,5.0
emblematica:E005143,2803,181,0.38993771173957126,0.1,0.05902875413071395,0.0,0.0,0.0055248618784530384,5.5,4.0
emblematica:E005144,2803,85,0.4427206156310283,0.14285714285714285,0.05218715185366284,0.0,0.0,0.023529411764705882,6.0,4.0
emblematica:E005145,2803,245,0.8058779736165045,0.5,0.1971122605037268,0.0,0.012244897959183673,0.0326530612244898,12.0,3.0
emblematica:E005146,2803,109,0.3186605489134613,0.06666666666666667,0.08053651657803611,0.0,0.0,0.0,6.0,4.0
emblematica:E005147,2803,114,0.8909724089198024,0.5,0.17634499882278842,0.0,0.02631578947368421,0.06140350877192982,10.5,3.0
emblematica:E005148,2803,21,0.4606205093543724,0.023255813953488372,0.019179837884315907,0.0,0.0,0.0,1.0,4.5
emblematica:E005149,2803,9,0.3900954117610806,0.2,0.046745489303571405,0.0,0.1111111111111111,0.1111111111111111,1.5,3.0
emblematica:E005150,2803,46,0.7978012033107793,0.5,0.10899500883458114,0.0,0.043478260869565216,0.08695652173913043,1.0,4.0
emblematica:E005151,2803,82,0.6215454215139965,1.0,0.07499625510240197,0.012195121951219513,0.024390243902439025,0.036585365853658534,6.0,3.0
emblematica:E005152,2803,47,0.3638178501107319,0.1111111111111111,0.030546263344151482,0.0,0.0,0.02127659574468085,3.0,3.5
emblematica:E005153,2803,34,0.5323266901845036,0.02564102564102564,0.029612519356982548,0.0,0.0,0.0,1.0,4.0
emblematica:E005154,2803,18,0.3009168366767725,0.023255813953488372,0.011659507364199791,0.0,0.0,0.0,1.0,5.0
emblematica:E005155,2803,205,0.5481814994146365,0.5,0.13406758308348724,0.0,0.00975609756097561,0.014634146341463415,3.0,4.0
emblematica:E005156,2803,37,0.3333333333333333,0.09090909090909091,0.020757257317236023,0.0,0.0,0.0,1.0,4.0
emblematica:E005157,2803,249,0.8611511462453225,1.0,0.14335350534891628,0.004016064257028112,0.020080321285140562,0.028112449799196786,6.0,5.0
emblematica:E005158,2803,187,0.49061563804353486,0.5,0.08938407306408247,0.0,0.0053475935828877,0.0106951871657754,1.0,5.0
emblematica:E005159,2803,11,0.3900954117610806,0.2,0.05569000953735952,0.0,0.09090909090909091,0.09090909090909091,3.0,2.0
emblematica:E005160,2803,110,0.44069505854929314,0.25,0.1000449034796085,0.0,0.00909090909090909,0.01818181818181818,11.0,4.0
emblematica:E005161,2803,37,0.3333333333333333,0.043478260869565216,0.019847136364716224,0.0,0.0,0.0,2.0,5.0
emblematica:E005162,2803,8,0.3900954117610806,0.02857142857142857,0.006401295365971697,0.0,0.0,0.0,2.0,4.5
emblematica:E005163,2803,231,0.8645073774981994,1.0,0.13223323984385857,0.004329004329004329,0.021645021645021644,0.030303030303030304,18.0,4.0
emblematica:E005164,2803,46,0.48006117753205335,1.0,0.048259914872904666,0.021739130434782608,0.021739130434782608,0.021739130434782608,2.5,3.0
emblematica:E005165,2803,156,0.8845422444345158,1.0,0.16407941835682424,0.00641025641025641,0.02564102564102564,0.05128205128205128,5.0,4.0
emblematica:E005166,2803,56,0.6465038633339129,1.0,0.1569134749613348,0.017857142857142856,0.03571428571428571,0.07142857142857142,3.0,5.0
emblematica:E005167,2803,81,0.5983290130788278,0.3333333333333333,0.08831677827519797,0.0,0.012345679012345678,0.06172839506172839,6.0,3.0
emblematica:E005168,2803,26,0.5786141714756885,1.0,0.1492597407413933,0.038461538461538464,0.038461538461538464,0.07692307692307693,1.0,4.0
emblematica:E005169,2803,18,0.3491313940615917,0.07692307692307693,0.021416054175976904,0.0,0.0,0.0,1.0,4.0
emblematica:E005170,2803,202,0.7139059108075956,0.5,0.13581658599527957,0.0,0.019801980198019802,0.0297029702970297,6.0,3.0
emblematica:E005171,2803,230,0.6460000622137831,1.0,0.10472788043477949,0.004347826086956522,0.013043478260869565,0.013043478260869565,5.0,4.0
emblematica:E005172,2803,63,0.42590829591570295,0.5,0.04098758297727691,0.0,0.015873015873015872,0.015873015873015872,2.0,5.0
emblematica:E005173,2803,50,0.3384735511441314,0.04,0.03544887031629495,0.0,0.0,0.0,1.0,6.0
emblematica:E005174,2803,175,0.7540069274919555,1.0,0.12485250622927603,0.005714285714285714,0.017142857142857144,0.017142857142857144,1.5,4.5
emblematica:E005175,2803,21,0.4148048703041625,0.05,0.012039271552928657,0.0,0.0,0.0,1.0,2.5
emblematica:E005176,2803,227,0.4953985955231793,0.3333333333333333,0.11090497910914829,0.0,0.004405286343612335,0.00881057268722467,5.0,3.0
emblematica:E005177,2803,90,0.40669725543269336,0.3333333333333333,0.03466378046643585,0.0,0.011111111111111112,0.011111111111111112,6.5,4.5
emblematica:E005178,2803,175,0.4687624498416146,0.2,0.08354065641828567,0.0,0.005714285714285714,0.011428571428571429,11.0,3.0
emblematica:E005179,2803,26,0.4487910888988174,0.16666666666666666,0.02673075592147859,0.0,0.0,0.038461538461538464,3.0,4.5
emblematica:E005180,2803,25,0.7015103182580352,0.06666666666666667,0.01567933572902356,0.0,0.0,0.0,1.0,3.0
emblematica:E005181,2803,22,0.520600877622633,0.006711409395973154,0.00909150613026217,0.0,0.0,0.0,2.0,4.0
emblematica:E005182,2803,71,0.8022710688293164,0.25,0.10427355552508683,0.0,0.014084507042253521,0.014084507042253521,1.0,7.0
emblematica:E005183,2803,50,0.3333333333333333,0.030303030303030304,0.024180354817701453,0.0,0.0,0.0,3.0,4.0
emblematica:E005184,2803,11,0.37962081462451813,0.125,0.02349796969195704,0.0,0.0,0.09090909090909091,2.0,5.0
emblematica:E005185,2803,36,0.3674723745864318,0.022222222222222223,0.01595093194103955,0.0,0.0,0.0,4.0,3.5
emblematica:E005186,2803,3,0.39652557624636714,0.0016638935108153079,0.0030498692655098643,0.0,0.0,0.0,1.0,4.0
emblematica:E005187,2803,101,0.6217590483819571,0.3333333333333333,0.07715761762409426,0.0,0.019801980198019802,0.019801980198019802,2.0,4.0
emblematica:E005188,2803,10,0.34639971149644583,0.002364066193853428,0.0037230241737638142,0.0,0.0,0.0,1.0,6.0
emblematica:E005189,2803,95,0.5037310203949913,1.0,0.05791936531418446,0.010526315789473684,0.010526315789473684,0.010526315789473684,1.0,3.0
emblematica:E005190,2803,11,0.3333333333333333,0.02127659574468085,0.010447426064122613,0.0,0.0,0.0,2.0,4.0
emblematica:E005191,2803,50,0.38559884598578353,0.16666666666666666,0.035652487972519825,0.0,0.0,0.02,7.5,4.5
emblematica:E005192,2803,25,0.8340611153182702,0.2,0.04245119902876094,0.0,0.04,0.04,1.5,5.5
emblematica:E005193,2803,29,0.3900954117610806,0.2,0.018048366458386034,0.0,0.034482758620689655,0.034482758620689655,1.0,5.0
emblematica:E005194,2803,49,0.48079560867654175,0.16666666666666666,0.06824352808936711,0.0,0.0,0.061224489795918366,10.0,4.0
emblematica:E005195,2803,51,0.5944553905869441,0.16666666666666666,0.10296030997317762,0.0,0.0,0.058823529411764705,9.0,5.0
emblematica:E005196,2803,34,0.5284042999868054,0.05,0.015664283916052603,0.0,0.0,0.0,1.0,6.0
emblematica:E005197,2803,26,0.3333333333333333,0.007633587786259542,0.011440905375175458,0.0,0.0,0.0,2.5,4.0
emblematica:E005198,2803,81,0.4826703743434503,0.5,0.1236237530078655,0.0,0.024691358024691357,0.024691358024691357,4.0,4.0
emblematica:E005199,2803,19,0.42590829591570295,0.5,0.04765848351855905,0.0,0.05263157894736842,0.05263157894736842,4.0,4.0
emblematica:E005200,2803,67,0.5242306598349794,0.041666666666666664,0.08717571790254589,0.0,0.0,0.0,3.0,5.0
emblematica:E005201,2803,10,0.3333333333333333,0.00392156862745098,0.005167881140053133,0.0,0.0,0.0,2.0,4.0
emblematica:E005202,2803,101,0.4189245757825867,0.3333333333333333,0.07438802865838041,0.0,0.009900990099009901,0.009900990099009901,3.0,5.0
emblematica:E005203,2803,61,0.3333333333333333,0.06666666666666667,0.01926422817302736,0.0,0.0,0.0,3.0,4.0
emblematica:E005204,2803,74,0.5686307721622641,0.16666666666666666,0.10624785022521706,0.0,0.0,0.04054054054054054,22.0,4.0
emblematica:E005205,2803,36,0.48079560867654175,0.16666666666666666,0.017329698520461106,0.0,0.0,0.027777777777777776,2.0,4.0
emblematica:E005206,2803,215,0.5154787129012467,0.2,0.12485853470621425,0.0,0.004651162790697674,0.009302325581395349,12.0,4.0
emblematica:E005207,2803,51,0.5563197986081998,1.0,0.16606000879116994,0.0196078431372549,0.0392156862745098,0.0392156862745098,11.5,4.5
emblematica:E005208,2803,69,0.5500426749626679,0.3333333333333333,0.1661544196985801,0.0,0.014492753623188406,0.043478260869565216,12.0,4.5
emblematica:E005209,2803,31,0.5027768180209148,0.25,0.06991967351848916,0.0,0.03225806451612903,0.0967741935483871,4.0,4.0
emblematica:E005210,2803,114,0.35973485876141703,0.07142857142857142,0.06519145127881115,0.0,0.0,0.0,6.0,4.0
emblematica:E005211,2803,116,0.5930223510323614,1.0,0.06739545188928849,0.008620689655172414,0.017241379310344827,0.017241379310344827,10.0,3.0
emblematica:E005212,2803,43,0.6259983780885781,1.0,0.147274853300762,0.023255813953488372,0.023255813953488372,0.09302325581395349,4.5,3.5
emblematica:E005213,2803,83,0.4995751359652993,0.25,0.11055868874218322,0.0,0.024096385542168676,0.03614457831325301,7.0,4.0
emblematica:E005214,2803,58,0.3333333333333333,0.023255813953488372,0.023865518642846622,0.0,0.0,0.0,8.5,4.0
emblematica:E005215,2803,75,0.3333333333333333,0.041666666666666664,0.06701874559083083,0.0,0.0,0.0,5.0,3.5
emblematica:E005216,2803,46,0.5554704308300961,1.0,0.12740698959106983,0.021739130434782608,0.021739130434782608,0.043478260869565216,3.0,5.0
emblematica:E005217,2803,58,0.6536386472011028,1.0,0.16362694153464644,0.017241379310344827,0.05172413793103448,0.05172413793103448,4.0,4.5
emblematica:E005218,2803,317,0.6884139210130843,1.0,0.12875399496455822,0.0031545741324921135,0.006309148264984227,0.00946372239747634,11.5,4.5
emblematica:E005219,2803,22,0.35167431385817327,0.047619047619047616,0.017467984482381738,0.0,0.0,0.0,2.0,4.5
emblematica:E005220,2803,142,0.6595223991668865,0.3333333333333333,0.11264214539739223,0.0,0.014084507042253521,0.035211267605633804,11.5,3.5
emblematica:E005221,2803,51,0.5463664183766138,0.25,0.14522671669079992,0.0,0.0392156862745098,0.0784313725490196,11.5,4.5
emblematica:E005222,2803,13,0.42641209703583266,0.14285714285714285,0.04197892299502906,0.0,0.0,0.15384615384615385,2.0,4.0
emblematica:E005223,2803,88,0.43900469316065394,0.2,0.06905139047905741,0.0,0.011363636363636364,0.022727272727272728,4.0,4.0
emblematica:E005224,2803,383,0.5931548004976344,0.3333333333333333,0.14816853678284342,0.0,0.005221932114882507,0.007832898172323759,39.5,4.5
emblematica:E005225,2803,37,0.4953985955231793,0.3333333333333333,0.036573954430782,0.0,0.02702702702702703,0.02702702702702703,6.0,3.0
emblematica:E005226,2803,56,0.41071609585330393,0.25,0.02811215747909637,0.0,0.017857142857142856,0.017857142857142856,8.0,4.0
emblematica:E005227,2803,16,0.49977601913519276,0.3333333333333333,0.08028656472038531,0.0,0.0625,0.125,4.0,3.5
emblematica:E005228,2803,33,0.5857025182775357,1.0,0.10442389134174893,0.030303030303030304,0.06060606060606061,0.06060606060606061,2.0,4.0
emblematica:E005229,2803,53,0.5014851369065816,0.5,0.10014277844650832,0.0,0.018867924528301886,0.03773584905660377,6.5,5.0
emblematica:E005230,2803,26,0.5270830899677266,0.5,0.06711261034826743,0.0,0.038461538461538464,0.07692307692307693,5.5,5.0
emblematica:E005231,2803,110,0.9432379215722525,0.25,0.1365660290134178,0.0,0.00909090909090909,0.02727272727272727,3.0,6.0
emblematica:E005232,2803,90,0.4886484057047156,0.2,0.0995153450212561,0.0,0.011111111111111112,0.03333333333333333,1.0,3.0
emblematica:E005233,2803,115,0.37962081462451813,0.125,0.12598416225027453,0.0,0.0,0.008695652173913044,11.0,3.0
emblematica:E005234,2803,70,0.35700317619627114,0.05555555555555555,0.04503793874202652,0.0,0.0,0.0,15.0,4.0
emblematica:E005235,2803,45,0.6615644428990193,1.0,0.11657211638408753,0.022222222222222223,0.044444444444444446,0.06666666666666667,4.5,4.0
emblematica:E005236,2803,61,0.7325834033160102,0.022222222222222223,0.024208402485214383,0.0,0.0,0.0,4.5,6.0
emblematica:E005237,2803,11,0.5238941478514048,0.005494505494505495,0.00815487767347878,0.0,0.0,0.0,2.0,6.0
emblematica:E005238,2803,46,0.4521809537805239,0.2,0.09611839622929827,0.0,0.021739130434782608,0.043478260869565216,1.0,3.0
emblematica:E005239,2803,342,0.5394150369863508,1.0,0.12675794433401674,0.0029239766081871343,0.0029239766081871343,0.0029239766081871343,3.0,4.0
emblematica:E005240,2803,98,0.6982032170415416,0.3333333333333333,0.13057700811910283,0.0,0.01020408163265306,0.04081632653061224,17.0,4.0
emblematica:E005241,2803,85,0.5947718986560576,0.5,0.1255155535415706,0.0,0.011764705882352941,0.023529411764705882,3.0,3.0
emblematica:E005242,2803,34,0.3333333333333333,0.09090909090909091,0.016018075182732426,0.0,0.0,0.0,4.5,4.0
emblematica:E005243,2803,16,0.5233457277207598,0.03225806451612903,0.013578907294551381,0.0,0.0,0.0,2.0,4.0
emblematica:E005244,2803,63,0.7325165813317808,1.0,0.1795642764787963,0.015873015873015872,0.031746031746031744,0.07936507936507936,7.0,4.5
emblematica:E005245,2803,59,0.7262853466215679,1.0,0.26299068527937236,0.01694915254237288,0.05084745762711865,0.06779661016949153,15.0,4.0
emblematica:E005246,2803,45,0.3333333333333333,0.04,0.023872889739701905,0.0,0.0,0.0,8.0,5.0
emblematica:E005247,2803,112,0.34639971149644583,0.06666666666666667,0.09313934542746682,0.0,0.0,0.0,4.0,5.0
emblematica:E005248,2803,28,0.46345933386044064,0.2,0.05425690518517113,0.0,0.03571428571428571,0.03571428571428571,2.0,4.0
emblematica:E005249,2803,43,0.37574719213263447,0.1,0.039695067835151095,0.0,0.0,0.023255813953488372,5.0,4.0
emblematica:E005250,2803,62,0.5534250996314135,1.0,0.04926353615493876,0.016129032258064516,0.016129032258064516,0.016129032258064516,13.0,4.0
emblematica:E005251,2803,119,0.49066464223187867,1.0,0.0977192091672993,0.008403361344537815,0.008403361344537815,0.008403361344537815,6.0,3.0
emblematica:E005252,2803,22,0.34490520365612953,0.07692307692307693,0.019372038826695127,0.0,0.0,0.0,5.0,5.0
emblematica:E005253,2803,24,0.39652557624636714,0.01694915254237288,0.016888198111282563,0.0,0.0,0.0,3.0,3.0
emblematica:E005254,2803,190,0.657661223618855,0.5,0.11994385806294308,0.0,0.010526315789473684,0.015789473684210527,12.5,3.5
emblematica:E005255,2803,74,0.5647571496703804,0.5,0.0910400890444435,0.0,0.013513513513513514,0.04054054054054054,3.0,4.0
emblematica:E005256,2803,38,0.632310192902728,1.0,0.09698061785521714,0.02631578947368421,0.05263157894736842,0.07894736842105263,7.0,4.5
emblematica:E005257,2803,115,0.8061282046708025,0.5,0.20610495955275931,0.0,0.02608695652173913,0.034782608695652174,10.0,4.5
emblematica:E005258,2803,33,0.3879745124825278,0.025,0.019923702971200587,0.0,0.0,0.0,2.5,5.5
emblematica:E005259,2803,118,0.5284042999868054,0.3333333333333333,0.09060094181734829,0.0,0.01694915254237288,0.025423728813559324,8.0,3.0
emblematica:E005260,2803,58,0.6633960216587702,0.5,0.15215131415917188,0.0,0.05172413793103448,0.06896551724137931,5.5,4.5
emblematica:E005261,2803,71,0.4436385537560545,0.058823529411764705,0.03662927968514848,0.0,0.0,0.0,5.5,4.5
emblematica:E005262,2803,99,0.4777818718548882,0.3333333333333333,0.05306539238943146,0.0,0.010101010101010102,0.020202020202020204,11.0,4.0
emblematica:E005263,2803,106,0.5124916370179301,0.5,0.046777365476558384,0.0,0.009433962264150943,0.018867924528301886,6.5,5.0
emblematica:E005264,2803,93,0.9432379215722525,0.5,0.23795506692845877,0.0,0.03225806451612903,0.053763440860215055,19.0,5.0
emblematica:E005265,2803,40,0.6173517736889357,0.3333333333333333,0.05844213347011,0.0,0.025,0.05,1.5,6.0
emblematica:E005266,2803,25,0.5368232559598007,1.0,0.09545474777766058,0.04,0.08,0.08,3.5,4.5
emblematica:E005267,2803,38,0.3775028156362593,0.1111111111111111,0.03402233804642374,0.0,0.0,0.02631578947368421,4.0,4.0
emblematica:E005268,2803,73,0.48006117753205335,1.0,0.058722401391898334,0.0136986301369863,0.0136986301369863,0.0136986301369863,3.5,3.0
emblematica:E005269,2803,183,0.5573742550858652,0.3333333333333333,0.09600757109480641,0.0,0.00546448087431694,0.02185792349726776,8.5,5.0
emblematica:E005270,2803,314,0.44069505854929314,0.1111111111111111,0.09495106667369575,0.0,0.0,0.0031847133757961785,12.5,4.5
emblematica:E005271,2803,55,0.8069846745100949,0.5,0.17332953964000544,0.0,0.03636363636363636,0.07272727272727272,1.0,5.0
emblematica:E005272,2803,52,0.46832215471500416,0.5,0.10428945927077606,0.0,0.019230769230769232,0.038461538461538464,4.5,4.5
emblematica:E005273,2803,112,0.6743021319895848,0.5,0.12141964036554044,0.0,0.017857142857142856,0.026785714285714284,18.0,3.5
emblematica:E005274,2803,92,0.796891839798858,1.0,0.1659925029526605,0.010869565217391304,0.03260869565217391,0.06521739130434782,10.0,3.0
emblematica:E005275,2803,175,0.5792371147591019,1.0,0.14374345465384025,0.005714285714285714,0.011428571428571429,0.011428571428571429,5.5,3.0
emblematica:E005276,2803,71,0.5323266901845036,0.16666666666666666,0.036896915982225595,0.0,0.0,0.014084507042253521,1.5,5.0
emblematica:E005340,2803,29,0.7516061639261181,1.0,0.19692983997262697,0.034482758620689655,0.13793103448275862,0.1724137931034483,7.0,3.0
emblematica:E005341,2803,172,0.9575861412006987,1.0,0.12979424573521442,0.005813953488372093,0.029069767441860465,0.05232558139534884,9.0,4.0
emblematica:E005342,2803,114,0.8909724089198024,1.0,0.13301003899957212,0.008771929824561403,0.03508771929824561,0.07017543859649122,9.5,3.0
emblematica:E005343,2803,88,0.9558305176970738,1.0,0.14923287459448684,0.011363636363636364,0.056818181818181816,0.10227272727272728,7.0,4.0
emblematica:E005344,2803,164,0.9575861412006987,1.0,0.15275163870956152,0.006097560975609756,0.03048780487804878,0.054878048780487805,9.0,4.0
emblematica:E005345,2803,223,0.9575861412006987,1.0,0.15213090814689223,0.004484304932735426,0.02242152466367713,0.04035874439461883,12.0,3.5
emblematica:E005346,2803,197,0.9575861412006987,1.0,0.15333043363493484,0.005076142131979695,0.025380710659898477,0.04568527918781726,9.0,4.0
emblematica:E005347,2803,96,0.9134166588977728,1.0,0.14207435845548683,0.010416666666666666,0.052083333333333336,0.08333333333333333,2.5,4.0
emblematica:E005348,2803,108,0.9086768598011253,1.0,0.14251600392435776,0.009259259259259259,0.046296296296296294,0.07407407407407407,8.5,4.0
emblematica:E005349,2803,106,0.9575861412006987,1.0,0.13668746417129926,0.009433962264150943,0.04716981132075472,0.08490566037735849,9.0,4.0
emblematica:E005350,2803,166,0.9575861412006987,1.0,0.11708607453857299,0.006024096385542169,0.030120481927710843,0.05421686746987952,9.0,4.0
emblematica:E005351,2803,115,0.6353762499034358,1.0,0.09056526388321956,0.008695652173913044,0.017391304347826087,0.034782608695652174,11.0,4.0
emblematica:E009268,2803,130,0.3700152943830133,0.045454545454545456,0.053237503749021246,0.0,0.0,0.0,11.0,3.0
emblematica:E009269,2803,304,0.39184813497441146,0.125,0.12239342123130853,0.0,0.0,0.003289473684210526,14.0,4.0
emblematica:E009270,2803,436,0.6975049503058763,0.3333333333333333,0.22437634668785597,0.0,0.0045871559633027525,0.016055045871559634,11.0,4.0
emblematica:E009271,2803,305,0.47692198618465803,0.16666666666666666,0.12766526957278446,0.0,0.0,0.009836065573770493,7.0,5.0
emblematica:E009272,2803,39,0.47879675185156656,0.0047169811320754715,0.014129778246715016,0.0,0.0,0.0,4.5,4.0
emblematica:E009273,2803,306,0.499272218015063,0.5,0.14140847340472193,0.0,0.006535947712418301,0.006535947712418301,11.0,4.0
emblematica:E009274,2803,293,0.3333333333333333,0.09090909090909091,0.10691751399473878,0.0,0.0,0.0,7.5,5.0
emblematica:E009275,2803,66,0.3333333333333333,0.03571428571428571,0.0278040307990698,0.0,0.0,0.0,8.0,4.0
emblematica:E009276,2803,40,0.5323266901845036,1.0,0.08911297128368888,0.025,0.025,0.05,7.0,5.0
emblematica:E009277,2803,130,0.46538839311218144,1.0,0.04812684380166623,0.007692307692307693,0.007692307692307693,0.007692307692307693,13.5,3.0
emblematica:E009278,2803,367,0.5496342408047428,0.3333333333333333,0.14222186656680566,0.0,0.0027247956403269754,0.008174386920980926,4.5,4.0
emblematica:E009279,2803,75,0.3333333333333333,0.006578947368421052,0.020802293366110815,0.0,0.0,0.0,2.0,4.0
emblematica:E009280,2803,315,0.7272334046340166,0.5,0.14640498428638726,0.0,0.012698412698412698,0.01904761904761905,6.5,4.5
emblematica:E009281,2803,142,0.3333333333333333,0.06666666666666667,0.06524447222059825,0.0,0.0,0.0,13.5,3.5
emblematica:E009282,2803,41,0.38559884598578353,0.16666666666666666,0.02635329996849255,0.0,0.0,0.024390243902439025,2.0,4.5
emblematica:E009283,2803,53,0.35647707397892575,0.03571428571428571,0.022863453842551944,0.0,0.0,0.0,4.0,5.0
emblematica:E009284,2803,137,0.3333333333333333,0.02,0.052057386163528827,0.0,0.0,0.0,2.0,3.0
emblematica:E009285,2803,290,0.5257824998784169,0.5,0.13729142139816378,0.0,0.006896551724137931,0.006896551724137931,25.0,4.5
emblematica:E009286,2803,209,0.7765578482543897,1.0,0.12346825001263635,0.004784688995215311,0.019138755980861243,0.019138755980861243,12.0,4.0
emblematica:E009287,2803,113,0.5617100412850752,0.16666666666666666,0.04670607637009386,0.0,0.0,0.008849557522123894,3.0,3.0
emblematica:E009288,2803,71,0.499272218015063,0.5,0.058506024411821865,0.0,0.028169014084507043,0.028169014084507043,11.0,4.0
emblematica:E009289,2803,309,0.7442445647210822,0.5,0.20632330836546814,0.0,0.009708737864077669,0.022653721682847898,13.0,3.0
emblematica:E009290,2803,248,0.38559884598578353,0.04,0.09096785133833139,0.0,0.0,0.0,5.0,5.0
emblematica:E009291,2803,22,0.3333333333333333,0.038461538461538464,0.009411762686013096,0.0,0.0,0.0,4.5,5.0
emblematica:E009292,2803,257,1.0,1.0,0.18837819078006715,0.0038910505836575876,0.01556420233463035,0.03501945525291829,2.0,5.0
emblematica:E009293,2803,145,0.6880938956799072,1.0,0.11281218576955497,0.006896551724137931,0.020689655172413793,0.027586206896551724,9.5,4.5
emblematica:E009294,2803,6,0.3775028156362593,0.1111111111111111,0.021055134841865327,0.0,0.0,0.16666666666666666,1.0,6.0
emblematica:E009295,2803,71,0.5690654355727757,0.3333333333333333,0.05974022087212151,0.0,0.04225352112676056,0.04225352112676056,6.0,3.0
emblematica:E009296,2803,55,0.6168056224173492,1.0,0.08119617015452768,0.01818181818181818,0.03636363636363636,0.05454545454545454,11.0,3.0
emblematica:E009297,2803,11,0.35167431385817327,0.09090909090909091,0.014701924751661476,0.0,0.0,0.0,2.5,3.0
emblematica:E009298,2803,188,0.42203467342381923,0.125,0.1003859837792083,0.0,0.0,0.005319148936170213,6.0,3.5
emblematica:E009299,2803,69,0.5242306598349794,1.0,0.048849667866749345,0.014492753623188406,0.014492753623188406,0.028985507246376812,18.0,3.0
emblematica:E009300,2803,499,0.47369752278533794,0.14285714285714285,0.20725058564178248,0.0,0.0,0.004008016032064128,2.0,4.0
emblematica:E009301,2803,98,0.48006117753205335,1.0,0.03735991249941261,0.01020408163265306,0.01020408163265306,0.01020408163265306,1.5,4.0
emblematica:E009302,2803,37,0.5726361401144231,1.0,0.040071677209586466,0.02702702702702703,0.02702702702702703,0.02702702702702703,1.0,5.0
emblematica:E009303,2803,90,0.4369506664914345,0.09090909090909091,0.0497318242722613,0.0,0.0,0.0,2.0,6.0
emblematica:E009304,2803,223,0.6179053293367655,0.5,0.10459718959074435,0.0,0.008968609865470852,0.013452914798206279,17.0,5.0
emblematica:E009305,2803,428,0.8606337550063157,1.0,0.16799080119151338,0.002336448598130841,0.011682242990654205,0.016355140186915886,15.0,3.0
emblematica:E009306,2803,15,0.48910053882873683,0.09090909090909091,0.023042781559111516,0.0,0.0,0.0,1.0,4.0
emblematica:E009307,2803,324,0.7638363845663055,1.0,0.22962471037596277,0.0030864197530864196,0.012345679012345678,0.018518518518518517,23.0,3.0
emblematica:E009308,2803,315,0.5997125809225983,1.0,0.12335132431614707,0.0031746031746031746,0.0031746031746031746,0.006349206349206349,3.0,4.0
emblematica:E009309,2803,468,0.8943286401726791,1.0,0.2455421954233496,0.002136752136752137,0.008547008547008548,0.017094017094017096,13.0,5.0
emblematica:E009310,2803,18,0.5534250996314135,1.0,0.10202636745837315,0.05555555555555555,0.1111111111111111,0.1111111111111111,6.5,4.0
emblematica:E009311,2803,64,0.3333333333333333,0.07142857142857142,0.0314165522627278,0.0,0.0,0.0,7.0,4.0
emblematica:E009312,2803,46,0.41418477668593934,0.011235955056179775,0.016281938688257502,0.0,0.0,0.0,3.5,5.0
emblematica:E009313,2803,321,0.5939515894668144,0.5,0.15658827054849853,0.0,0.006230529595015576,0.012461059190031152,1.0,5.0
emblematica:E009314,2803,168,0.5726361401144231,1.0,0.09804087301575969,0.005952380952380952,0.011904761904761904,0.011904761904761904,2.5,3.5
emblematica:E009315,2803,315,0.6836173734145626,1.0,0.1911962284935261,0.0031746031746031746,0.0031746031746031746,0.015873015873015872,13.5,4.0
emblematica:E009316,2803,305,0.499272218015063,0.5,0.1279903923944751,0.0,0.006557377049180328,0.006557377049180328,6.0,4.5
emblematica:E009317,2803,942,0.709192305126817,1.0,0.3814247575670428,0.0010615711252653928,0.004246284501061571,0.004246284501061571,8.0,4.0
emblematica:E009318,2803,32,0.3333333333333333,0.0031746031746031746,0.014614147731085604,0.0,0.0,0.0,2.0,4.0
emblematica:E009319,2803,171,0.6281435182616628,0.5,0.09888885806267952,0.0,0.005847953216374269,0.029239766081871343,1.0,4.0
emblematica:E009320,2803,136,0.4844230975567812,0.5,0.08024920948689926,0.0,0.007352941176470588,0.014705882352941176,12.5,4.5
emblematica:E009321,2803,29,0.42590829591570295,0.5,0.04954101844917298,0.0,0.034482758620689655,0.034482758620689655,1.0,3.0
emblematica:E009322,2803,37,0.42976832828870953,0.004424778761061947,0.012399986512605972,0.0,0.0,0.0,4.0,4.0
emblematica:E009323,2803,14,0.42976832828870953,0.16666666666666666,0.06563294372707884,0.0,0.0,0.14285714285714285,5.0,3.0
emblematica:E009324,2803,289,0.9244590294735042,1.0,0.19891731139883356,0.0034602076124567475,0.01730103806228374,0.02768166089965398,37.0,3.5
emblematica:E009325,2803,3,0.35648241204244513,0.013333333333333334,0.006591805992625787,0.0,0.0,0.0,1.5,3.0
emblematica:E009326,2803,128,0.6880938956799072,1.0,0.11130240673604853,0.0078125,0.0234375,0.03125,19.5,4.5
emblematica:E009327,2803,119,0.5713717144339363,0.5,0.09957590360357649,0.0,0.01680672268907563,0.03361344537815126,4.5,5.0
emblematica:E009328,2803,271,0.8777267965010666,1.0,0.16604685444805375,0.0036900369003690036,0.014760147601476014,0.02952029520295203,2.0,3.0
emblematica:E009329,2803,57,0.3333333333333333,0.014084507042253521,0.017602044473080076,0.0,0.0,0.0,4.5,3.5
emblematica:E009330,2803,258,0.6816637311946206,1.0,0.14604253708019735,0.003875968992248062,0.011627906976744186,0.015503875968992248,18.0,5.0
emblematica:E009331,2803,96,0.5534250996314135,1.0,0.057939446470932604,0.010416666666666666,0.010416666666666666,0.010416666666666666,7.0,3.0
emblematica:E009332,2803,20,0.38559884598578353,0.01639344262295082,0.011748809167915401,0.0,0.0,0.0,4.0,4.0
emblematica:E009333,2803,90,0.5981281299089344,0.5,0.09470620057504994,0.0,0.03333333333333333,0.044444444444444446,3.0,4.5
emblematica:E009334,2803,45,0.3333333333333333,0.009900990099009901,0.01784176999487168,0.0,0.0,0.0,1.0,3.0
emblematica:E009335,2803,21,0.3333333333333333,0.002717391304347826,0.008142512146091562,0.0,0.0,0.0,6.0,3.0
emblematica:E009336,2803,106,0.6234065970620278,1.0,0.0641459801519554,0.009433962264150943,0.018867924528301886,0.02830188679245283,9.0,5.0
emblematica:E009337,2803,139,0.4670233129883873,0.022222222222222223,0.04197280617501359,0.0,0.0,0.0,21.5,5.0
emblematica:E009338,2803,0,0.40669725543269336,,,,,,1.0,4.0
emblematica:E009339,2803,54,0.48006117753205335,1.0,0.05571056124689577,0.018518518518518517,0.018518518518518517,0.018518518518518517,8.5,6.0
emblematica:E009340,2803,11,0.5368144596836796,0.0021413276231263384,0.004670638663623801,0.0,0.0,0.0,1.0,5.0
emblematica:E009341,2803,30,0.3333333333333333,0.043478260869565216,0.018989910717497387,0.0,0.0,0.0,7.0,4.5
emblematica:E009342,2803,218,0.6681358207554176,0.5,0.13489260572676495,0.0,0.01834862385321101,0.022935779816513763,3.0,3.0
emblematica:E009343,2803,31,0.3333333333333333,0.004524886877828055,0.009181202870376026,0.0,0.0,0.0,1.0,4.0
emblematica:E009344,2803,10,0.48006117753205335,1.0,0.1033292240258538,0.1,0.1,0.1,3.5,5.0
emblematica:E009345,2803,301,0.7614578177792671,1.0,0.16163683870192283,0.0033222591362126247,0.013289036544850499,0.016611295681063124,7.5,5.5
emblematica:E009346,2803,2,0.3333333333333333,0.03225806451612903,0.01678476996298255,0.0,0.0,0.0,1.0,5.0
emblematica:E009347,2803,287,0.3333333333333333,0.09090909090909091,0.13103877903084374,0.0,0.0,0.0,5.0,4.0
emblematica:E009348,2803,8,0.4200595141221534,0.0028653295128939827,0.0028126208968694373,0.0,0.0,0.0,2.5,3.0
emblematica:E009349,2803,53,0.5709124754899528,1.0,0.08446811764814234,0.018867924528301886,0.018867924528301886,0.03773584905660377,17.0,2.0
emblematica:E009350,2803,59,0.3333333333333333,0.0064516129032258064,0.02073671878540671,0.0,0.0,0.0,10.0,5.0
emblematica:E009351,2803,1,0.3333333333333333,0.002173913043478261,0.002173913043478261,0.0,0.0,0.0,1.0,6.0
emblematica:E009352,2803,31,0.38559884598578353,0.16666666666666666,0.01617944842189531,0.0,0.0,0.03225806451612903,6.0,5.0
emblematica:E009353,2803,295,0.8899541168509599,0.5,0.19672395699324366,0.0,0.013559322033898305,0.030508474576271188,6.0,3.0
emblematica:E009354,2803,13,0.3333333333333333,0.011627906976744186,0.011755343246028085,0.0,0.0,0.0,1.0,4.0
emblematica:E009355,2803,49,0.3333333333333333,0.0196078431372549,0.022003245965851313,0.0,0.0,0.0,3.0,3.5
emblematica:E009356,2803,19,0.34490520365612953,0.047619047619047616,0.015431514343288355,0.0,0.0,0.0,4.0,4.0
emblematica:E009357,2803,353,0.6880014537733835,1.0,0.17476919139291958,0.0028328611898017,0.0056657223796034,0.0113314447592068,15.0,4.0
emblematica:E009358,2803,148,0.37962081462451813,0.125,0.05930519953265083,0.0,0.0,0.006756756756756757,12.0,4.0
emblematica:E009359,2803,79,0.6783074999417438,1.0,0.03883230166379074,0.012658227848101266,0.012658227848101266,0.012658227848101266,6.0,4.0
emblematica:E009360,2803,69,0.42228080703546356,0.16666666666666666,0.0190119176945929,0.0,0.0,0.014492753623188406,1.5,3.0
emblematica:E009361,2803,146,0.5017392183922362,0.030303030303030304,0.06036941752602908,0.0,0.0,0.0,8.5,4.0
emblematica:E009362,2803,167,0.42590829591570295,0.5,0.09354937123379872,0.0,0.005988023952095809,0.005988023952095809,3.0,3.0
emblematica:E009363,2803,300,0.9537125187088151,1.0,0.21488558398267774,0.0033333333333333335,0.016666666666666666,0.03,6.0,3.0
emblematica:E009364,2803,273,0.8293271620269694,1.0,0.20987286993600993,0.003663003663003663,0.014652014652014652,0.02564102564102564,13.5,3.5
emblematica:E009365,2803,432,0.8331920384232125,0.5,0.25298589175200287,0.0,0.006944444444444444,0.018518518518518517,13.0,5.0
emblematica:E009366,2803,26,0.3333333333333333,0.06666666666666667,0.025290622139413136,0.0,0.0,0.0,8.0,4.0
emblematica:E009367,2803,287,0.7516061639261181,1.0,0.13310608898965362,0.003484320557491289,0.013937282229965157,0.017421602787456445,7.0,4.0
emblematica:E009368,2803,109,0.3775028156362593,0.1111111111111111,0.036208552063765505,0.0,0.0,0.009174311926605505,7.5,3.5
emblematica:E009369,2803,85,0.5773497457952016,0.5,0.07127811577109074,0.0,0.023529411764705882,0.047058823529411764,14.5,4.5
emblematica:E009370,2803,61,0.3333333333333333,0.08333333333333333,0.03649337006554006,0.0,0.0,0.0,1.0,3.0
emblematica:E009371,2803,298,0.9085191597796162,1.0,0.17819023364248077,0.003355704697986577,0.013422818791946308,0.026845637583892617,6.5,5.0
emblematica:E009372,2803,13,0.42465647353220776,0.14285714285714285,0.022654044765079834,0.0,0.0,0.07692307692307693,2.0,4.5
emblematica:E009373,2803,30,0.8596782873192763,0.3333333333333333,0.0899547499919762,0.0,0.06666666666666667,0.16666666666666666,5.0,3.0
emblematica:E009374,2803,67,0.3333333333333333,0.023255813953488372,0.032241345435286534,0.0,0.0,0.0,16.0,3.0
emblematica:E009375,2803,18,0.6460000622137831,1.0,0.1771969668485213,0.05555555555555555,0.16666666666666666,0.16666666666666666,6.5,4.0
emblematica:E009376,2803,290,0.7913443385687328,1.0,0.1429462099593223,0.0034482758620689655,0.010344827586206896,0.020689655172413793,6.5,4.5
emblematica:E009377,2803,71,0.7826088782853976,0.5,0.06918188777447885,0.0,0.014084507042253521,0.04225352112676056,7.0,3.5
emblematica:E009378,2803,407,0.9112986599095139,1.0,0.23173464690099954,0.002457002457002457,0.012285012285012284,0.019656019656019656,33.0,5.0
emblematica:E009379,2803,7,0.34428518061118435,0.009174311926605505,0.0035516817545924347,0.0,0.0,0.0,1.0,5.5
emblematica:E009380,2803,350,0.42465647353220776,0.14285714285714285,0.13388771459799692,0.0,0.0,0.005714285714285714,25.0,5.0
emblematica:E009381,2803,167,0.8088720434739951,1.0,0.14529484953209051,0.005988023952095809,0.023952095808383235,0.041916167664670656,4.0,4.0
emblematica:E009382,2803,13,0.6460000622137831,1.0,0.2884015984490112,0.07692307692307693,0.23076923076923078,0.23076923076923078,2.0,4.5
emblematica:E009383,2803,55,0.7175489032751207,1.0,0.12864690291400363,0.01818181818181818,0.07272727272727272,0.09090909090909091,10.5,4.0
emblematica:E009384,2803,258,0.6994562915888157,1.0,0.15015972586825446,0.003875968992248062,0.011627906976744186,0.015503875968992248,11.0,4.0
emblematica:E009385,2803,24,0.3333333333333333,0.00980392156862745,0.008267067388761746,0.0,0.0,0.0,1.0,4.0
emblematica:E009386,2803,40,0.5359541790647431,0.5,0.06365475552021012,0.0,0.05,0.05,7.0,6.0
emblematica:E009387,2803,2,0.40669725543269336,0.0036496350364963502,0.0031689035397535516,0.0,0.0,0.0,2.0,4.0
emblematica:E009388,2803,96,0.499272218015063,0.3333333333333333,0.03253947758986332,0.0,0.010416666666666666,0.010416666666666666,4.0,4.0
emblematica:E009389,2803,186,0.47219577720688777,0.5,0.0861966655368209,0.0,0.005376344086021506,0.010752688172043012,18.5,5.0
emblematica:E009390,2803,308,0.7554661962991247,1.0,0.23763769958291853,0.003246753246753247,0.00974025974025974,0.01948051948051948,6.0,2.0
emblematica:E009391,2803,33,0.34490520365612953,0.00847457627118644,0.011783075711753925,0.0,0.0,0.0,3.0,3.0
emblematica:E009392,2803,181,0.6384501831358455,1.0,0.11346910175015883,0.0055248618784530384,0.011049723756906077,0.022099447513812154,12.0,4.0
emblematica:E009393,2803,73,0.44281305753755196,0.25,0.026951979608172673,0.0,0.0136986301369863,0.0273972602739726,2.0,6.0
emblematica:E009394,2803,17,0.37962081462451813,0.125,0.01930129008205983,0.0,0.0,0.058823529411764705,6.0,5.0
emblematica:E009395,2803,2,0.4905733112099982,0.0006273525721455458,0.000691319790604495,0.0,0.0,0.0,1.0,2.5
emblematica:E009396,2803,36,0.3333333333333333,0.007518796992481203,0.018130346938326436,0.0,0.0,0.0,9.0,3.0
emblematica:E009397,2803,16,0.4571349518760034,1.0,0.08876117704682122,0.0625,0.0625,0.0625,1.0,3.0
emblematica:E009398,2803,77,0.48006117753205335,1.0,0.03123727966647779,0.012987012987012988,0.012987012987012988,0.012987012987012988,1.0,7.0
emblematica:E009399,2803,17,0.3333333333333333,0.02127659574468085,0.01449493851044426,0.0,0.0,0.0,1.0,4.0
emblematica:E009400,2803,20,0.5534250996314135,1.0,0.09951065239890114,0.05,0.1,0.1,1.0,3.0
emblematica:E009401,2803,229,0.7202993344642425,1.0,0.15019660730450096,0.004366812227074236,0.008733624454148471,0.021834061135371178,7.0,5.5
emblematica:E009402,2803,443,0.8148636649541378,1.0,0.20111657795576254,0.002257336343115124,0.011286681715575621,0.013544018058690745,33.5,5.0
emblematica:E009403,2803,23,0.7581015865263904,0.3333333333333333,0.06468445196479342,0.0,0.08695652173913043,0.13043478260869565,5.0,3.0
emblematica:E009404,2803,452,0.4662041557267453,0.125,0.1960968740396138,0.0,0.0,0.00663716814159292,5.0,5.0
emblematica:E009405,2803,358,0.9368077570869661,1.0,0.2022989360236504,0.002793296089385475,0.0111731843575419,0.025139664804469275,12.0,5.0
emblematica:E009406,2803,107,0.5432534204450873,1.0,0.06350765195379733,0.009345794392523364,0.018691588785046728,0.018691588785046728,7.0,4.0
emblematica:E009407,2803,39,0.37574719213263447,0.1,0.022279169232767997,0.0,0.0,0.02564102564102564,3.0,5.0
emblematica:E009408,2803,67,0.44852253681423065,0.02,0.03370980416995794,0.0,0.0,0.0,11.0,4.5
emblematica:E009409,2803,39,0.5534250996314135,1.0,0.09247192210908485,0.02564102564102564,0.05128205128205128,0.05128205128205128,3.0,5.0
emblematica:E009410,2803,0,1.0,,,,,,1.0,2.0
emblematica:E009411,2803,402,0.757778320965632,1.0,0.19040292818876572,0.0024875621890547263,0.007462686567164179,0.012437810945273632,32.0,5.0
emblematica:E009412,2803,462,0.7411706314886727,0.5,0.2239774452236646,0.0,0.006493506493506494,0.015151515151515152,45.0,2.0
emblematica:E009413,2803,54,0.38559884598578353,0.16666666666666666,0.024791743812724296,0.0,0.0,0.018518518518518517,7.5,5.0
emblematica:E009414,2803,46,0.42590829591570295,0.5,0.027458255207419634,0.0,0.021739130434782608,0.021739130434782608,8.0,4.0
emblematica:E009415,2803,16,0.3333333333333333,0.005235602094240838,0.005299813621973739,0.0,0.0,0.0,1.0,4.0
emblematica:E009416,2803,65,0.3333333333333333,0.07142857142857142,0.022250474584736224,0.0,0.0,0.0,8.0,4.0
emblematica:E009417,2803,730,0.499272218015063,0.5,0.3073284603233976,0.0,0.0027397260273972603,0.0027397260273972603,2.0,3.0
emblematica:E009418,2803,112,0.5255880342628811,0.2,0.06822930813563353,0.0,0.008928571428571428,0.03571428571428571,4.0,4.0
emblematica:E009419,2803,258,0.8440454976948065,1.0,0.20355384435442725,0.003875968992248062,0.011627906976744186,0.027131782945736434,6.0,2.0
emblematica:E009420,2803,255,0.38866335885257064,1.0,0.14259840274865906,0.00392156862745098,0.00784313725490196,0.011764705882352941,5.0,2.0
emblematica:E009421,2803,41,0.3900954117610806,0.2,0.026585815646349632,0.0,0.024390243902439025,0.024390243902439025,2.0,4.0
emblematica:E009422,2803,79,0.37962081462451813,0.125,0.03296696847549658,0.0,0.0,0.012658227848101266,5.5,4.5
emblematica:E009423,2803,70,0.4433792164823734,0.3333333333333333,0.03073478628247765,0.0,0.014285714285714285,0.014285714285714285,11.0,4.0
emblematica:E009424,2803,89,0.5534250996314135,1.0,0.06761433374806064,0.011235955056179775,0.02247191011235955,0.02247191011235955,14.0,3.0
emblematica:E009425,2803,163,0.9558305176970738,1.0,0.15085070213127558,0.006134969325153374,0.03067484662576687,0.05521472392638037,12.0,4.0
emblematica:E009426,2803,282,0.6049435778423837,0.5,0.1277489250511784,0.0,0.010638297872340425,0.014184397163120567,3.0,5.0
emblematica:E009427,2803,13,0.3333333333333333,0.005988023952095809,0.007570602225207456,0.0,0.0,0.0,1.0,4.0
emblematica:E009428,2803,47,0.3700152943830133,0.0625,0.02538254915541529,0.0,0.0,0.0,6.0,4.0
emblematica:E009429,2803,15,0.42590829591570295,0.5,0.0508036367551599,0.0,0.06666666666666667,0.06666666666666667,2.0,4.5
emblematica:E009430,2803,258,0.6782422418267581,1.0,0.1413023911745489,0.003875968992248062,0.011627906976744186,0.015503875968992248,8.0,2.0
emblematica:E009431,2803,47,0.3333333333333333,0.017857142857142856,0.019446424637781755,0.0,0.0,0.0,3.0,3.0
emblematica:E009432,2803,183,0.8546557236450504,1.0,0.12403326133213144,0.00546448087431694,0.0273224043715847,0.03825136612021858,11.0,5.0
emblematica:E009433,2803,0,0.9008636626471189,,,,,,1.0,3.5
emblematica:E009434,2803,28,0.5289704589316268,1.0,0.06196057658556827,0.03571428571428571,0.03571428571428571,0.07142857142857142,4.5,3.5
emblematica:E009435,2803,174,0.3775028156362593,0.1111111111111111,0.08622425003488274,0.0,0.0,0.005747126436781609,5.5,4.5
emblematica:E009436,2803,389,0.9074250374176303,1.0,0.21577182470805736,0.002570694087403599,0.010282776349614395,0.02313624678663239,23.0,3.0
emblematica:E009437,2803,433,0.7768604938853788,1.0,0.22616304329433634,0.0023094688221709007,0.006928406466512702,0.013856812933025405,10.0,3.0
emblematica:E009438,2803,9,0.3333333333333333,0.005263157894736842,0.004824058621133683,0.0,0.0,0.0,3.0,5.0
emblematica:E009439,2803,18,0.3333333333333333,0.041666666666666664,0.008098954802696704,0.0,0.0,0.0,3.5,4.5
emblematica:E009440,2803,299,0.6320200186505589,1.0,0.1444595226668245,0.0033444816053511705,0.006688963210702341,0.013377926421404682,8.0,4.0
emblematica:E009441,2803,131,0.38731906245543063,0.1,0.04426590760818208,0.0,0.0,0.007633587786259542,2.0,4.0
emblematica:E009442,2803,9,0.5263486588232382,1.0,0.1150323731597998,0.1111111111111111,0.1111111111111111,0.1111111111111111,3.5,4.0
emblematica:E009443,2803,33,0.3333333333333333,0.003816793893129771,0.010985486969327794,0.0,0.0,0.0,1.0,3.5
emblematica:E009444,2803,43,0.291411092133699,1.0,0.0499485548608192,0.023255813953488372,0.023255813953488372,0.023255813953488372,3.0,4.0
emblematica:E009445,2803,203,0.8101238658574903,1.0,0.15474423523971773,0.0049261083743842365,0.024630541871921183,0.029556650246305417,9.0,5.0
emblematica:E009446,2803,15,0.40669725543269336,0.0019120458891013384,0.00396210468988038,0.0,0.0,0.0,2.0,4.0
emblematica:E009447,2803,309,0.6288184694784719,0.25,0.14880217102830437,0.0,0.006472491909385114,0.016181229773462782,1.0,6.0
emblematica:E009448,2803,38,0.39652557624636714,0.25,0.03719388720953662,0.0,0.02631578947368421,0.02631578947368421,5.5,4.5
emblematica:E009449,2803,114,0.6589104372060047,1.0,0.06517155361658264,0.008771929824561403,0.017543859649122806,0.02631578947368421,7.0,3.0
emblematica:E009450,2803,50,0.5323266901845036,1.0,0.04162792818032042,0.02,0.02,0.04,10.5,4.5
emblematica:E009451,2803,46,0.49066464223187867,1.0,0.04994363391332724,0.021739130434782608,0.021739130434782608,0.021739130434782608,7.5,3.0
emblematica:E009452,2803,74,0.38224261473290666,0.14285714285714285,0.026541045619307264,0.0,0.0,0.013513513513513514,19.0,3.5
emblematica:E009453,2803,32,0.3333333333333333,0.038461538461538464,0.01652276491146515,0.0,0.0,0.0,8.0,3.0
emblematica:E009454,2803,59,0.42590829591570295,0.5,0.032014481963315806,0.0,0.01694915254237288,0.01694915254237288,11.5,3.5
emblematica:E009455,2803,10,0.3333333333333333,0.037037037037037035,0.015232963797445948,0.0,0.0,0.0,1.0,4.5
emblematica:E009456,2803,36,0.3443757039090648,0.02702702702702703,0.014570802671604337,0.0,0.0,0.0,3.5,3.0
emblematica:E009457,2803,314,0.7682867381811682,0.5,0.2012230666199018,0.0,0.009554140127388535,0.022292993630573247,21.5,2.5
emblematica:E009458,2803,14,0.29388741741017776,0.0044444444444444444,0.004973593159146145,0.0,0.0,0.0,3.0,5.0
emblematica:E009459,2803,15,0.5476641081756296,0.3333333333333333,0.10863243186884851,0.0,0.06666666666666667,0.26666666666666666,6.0,3.0
emblematica:E009460,2803,19,0.618923621405608,1.0,0.1338861991690689,0.05263157894736842,0.10526315789473684,0.15789473684210525,3.0,5.0
emblematica:E009461,2803,34,0.3333333333333333,0.07692307692307693,0.019287635769357752,0.0,0.0,0.0,9.5,3.5
emblematica:E009462,2803,64,0.3333333333333333,0.02631578947368421,0.027918893179343904,0.0,0.0,0.0,12.0,5.0
emblematica:E009463,2803,120,0.7983122034826872,1.0,0.13023231281410866,0.008333333333333333,0.03333333333333333,0.05,15.0,5.0
emblematica:E009464,2803,153,0.4389394350456683,0.25,0.07785245662049836,0.0,0.006535947712418301,0.013071895424836602,21.5,3.0
emblematica:E009465,2803,51,0.48910053882873683,0.5,0.03213318278272928,0.0,0.0196078431372549,0.0196078431372549,5.0,5.0
emblematica:E009466,2803,28,0.42590829591570295,0.005434782608695652,0.012619803568708078,0.0,0.0,0.0,11.0,3.0
emblematica:E009467,2803,95,0.6460000622137831,1.0,0.05915225026786783,0.010526315789473684,0.021052631578947368,0.021052631578947368,12.5,3.0
emblematica:E009468,2803,9,0.3775028156362593,0.1111111111111111,0.022470030243815824,0.0,0.0,0.1111111111111111,1.0,5.0
emblematica:E009469,2803,55,0.5343823313480708,0.25,0.035637279689281494,0.0,0.01818181818181818,0.03636363636363636,7.0,3.5
emblematica:E009470,2803,15,0.3333333333333333,0.03333333333333333,0.008676796356961518,0.0,0.0,0.0,4.0,6.0
emblematica:E009471,2803,34,0.37563057385758536,0.2,0.02209845074648195,0.0,0.029411764705882353,0.029411764705882353,4.0,5.0
emblematica:E009472,2803,65,0.37574719213263447,0.1,0.0513475954778994,0.0,0.0,0.015384615384615385,16.5,5.0
emblematica:E009473,2803,32,0.3333333333333333,0.047619047619047616,0.01867463155344843,0.0,0.0,0.0,4.0,3.0
emblematica:E009474,2803,294,0.9668728882728055,1.0,0.21144440369890272,0.003401360544217687,0.017006802721088437,0.030612244897959183,6.0,4.5
emblematica:E009475,2803,83,0.34639971149644583,0.08333333333333333,0.030994774240201414,0.0,0.0,0.0,10.0,3.0
emblematica:E009476,2803,509,0.5778671370342086,0.5,0.2139901386289804,0.0,0.003929273084479371,0.007858546168958742,9.0,4.0
emblematica:E009477,2803,33,0.49570151347341557,0.25,0.04692092457544062,0.0,0.06060606060606061,0.09090909090909091,2.5,2.5
emblematica:E009478,2803,70,0.9053206285482487,1.0,0.22181331462641946,0.014285714285714285,0.07142857142857142,0.11428571428571428,2.5,5.0
emblematica:E009479,2803,42,0.48006117753205335,1.0,0.0715661675177487,0.023809523809523808,0.023809523809523808,0.023809523809523808,6.0,4.0
emblematica:E009480,2803,217,0.6866148600683479,0.25,0.11543850992268802,0.0,0.009216589861751152,0.02304147465437788,1.5,4.5
emblematica:E009481,2803,263,0.6985232423747189,1.0,0.15633011389271811,0.0038022813688212928,0.0076045627376425855,0.019011406844106463,1.0,5.0
emblematica:E009482,2803,372,0.968189605900524,1.0,0.2188961185415058,0.002688172043010753,0.013440860215053764,0.024193548387096774,73.0,3.0
emblematica:E009483,2803,8,0.4211604429494479,0.125,0.044275730855111786,0.0,0.0,0.125,3.0,3.0
emblematica:E009484,2803,277,1.0,1.0,0.1813816563929055,0.0036101083032490976,0.018050541516245487,0.032490974729241874,6.0,5.0
emblematica:E009485,2803,41,0.3333333333333333,0.02040816326530612,0.02276636586115613,0.0,0.0,0.0,6.0,3.5
emblematica:E009486,2803,95,0.3333333333333333,0.006211180124223602,0.032667630896583935,0.0,0.0,0.0,1.0,4.0
emblematica:E009487,2803,90,0.7445530561574183,1.0,0.14785056025804127,0.011111111111111112,0.03333333333333333,0.05555555555555555,12.0,4.0
emblematica:E009488,2803,212,0.6502918801002887,1.0,0.12166202557973893,0.0047169811320754715,0.009433962264150943,0.018867924528301886,9.0,5.0
emblematica:E009489,2803,12,0.5420368370947394,0.14285714285714285,0.03555530917458253,0.0,0.0,0.08333333333333333,3.0,3.5
emblematica:E009490,2803,112,0.5021969360736879,0.25,0.07006000043140083,0.0,0.017857142857142856,0.026785714285714284,8.0,4.0
emblematica:E009491,2803,298,0.8506629589898829,1.0,0.16823416889359527,0.003355704697986577,0.010067114093959731,0.026845637583892617,45.5,4.0
emblematica:E009492,2803,225,0.5242306598349794,0.1111111111111111,0.10912342918763045,0.0,0.0,0.0044444444444444444,6.0,3.5
emblematica:E009493,2803,54,0.46259025696538303,0.5,0.03362314653013333,0.0,0.018518518518518517,0.018518518518518517,12.0,4.0
emblematica:E009494,2803,182,0.7007730092165344,0.5,0.11460217494590408,0.0,0.01098901098901099,0.016483516483516484,3.0,4.0
emblematica:E009495,2803,245,0.3958437961610993,0.1111111111111111,0.08524322315619973,0.0,0.0,0.004081632653061225,12.0,4.0
emblematica:E009496,2803,191,0.6337103840391981,1.0,0.1048114301653211,0.005235602094240838,0.010471204188481676,0.020942408376963352,6.0,5.0
emblematica:E009497,2803,61,0.49163304785484957,1.0,0.039952682489059754,0.01639344262295082,0.01639344262295082,0.01639344262295082,9.0,4.0
emblematica:E009498,2803,282,0.9112986599095139,1.0,0.18481272955379496,0.0035460992907801418,0.01773049645390071,0.028368794326241134,7.5,4.0
emblematica:E009499,2803,536,0.4953985955231793,0.3333333333333333,0.23055303936678986,0.0,0.0018656716417910447,0.005597014925373134,23.0,3.0
emblematica:E009500,2803,229,0.4055281967144111,0.1111111111111111,0.11211641145065313,0.0,0.0,0.004366812227074236,13.0,5.0
emblematica:E009501,2803,63,0.5368232559598007,1.0,0.06677393169714103,0.015873015873015872,0.031746031746031744,0.031746031746031744,14.5,3.0
emblematica:E009502,2803,34,0.3333333333333333,0.02631578947368421,0.012237590960235144,0.0,0.0,0.0,3.0,3.0
emblematica:E009503,2803,292,0.848235284559743,1.0,0.17173830891786507,0.003424657534246575,0.010273972602739725,0.023972602739726026,4.0,4.0
emblematica:E009504,2803,305,0.8091026734983537,0.5,0.22928194727183732,0.0,0.013114754098360656,0.02622950819672131,2.0,3.0
emblematica:E009505,2803,63,0.5242306598349794,1.0,0.042680543549838815,0.015873015873015872,0.015873015873015872,0.031746031746031744,4.0,3.0
emblematica:E009506,2803,29,0.3333333333333333,0.004273504273504274,0.010180251455558917,0.0,0.0,0.0,2.5,4.5
emblematica:E009507,2803,1018,0.7093079454419648,1.0,0.3961769160573493,0.0009823182711198428,0.0029469548133595285,0.003929273084479371,32.0,4.0
emblematica:E009508,2803,163,0.42801270478508463,0.16666666666666666,0.08883204330762505,0.0,0.0,0.012269938650306749,2.5,4.0
emblematica:E009509,2803,336,0.8257045171699665,1.0,0.20138895849634603,0.002976190476190476,0.008928571428571428,0.020833333333333332,61.0,4.0
emblematica:E009510,2803,47,0.3333333333333333,0.00819672131147541,0.021347442753671186,0.0,0.0,0.0,11.5,3.5
emblematica:E009511,2803,397,0.5831107372509856,1.0,0.19078756787232792,0.0025188916876574307,0.005037783375314861,0.007556675062972292,19.0,4.0
emblematica:E009512,2803,46,0.3333333333333333,0.07142857142857142,0.038197461676169775,0.0,0.0,0.0,10.0,4.0
emblematica:E009513,2803,302,0.8481064169964802,1.0,0.19053156802357069,0.0033112582781456954,0.013245033112582781,0.019867549668874173,13.0,4.0
emblematica:E009514,2803,335,0.8943286401726791,1.0,0.2033695904791703,0.0029850746268656717,0.011940298507462687,0.023880597014925373,26.0,4.5
emblematica:E009515,2803,31,0.6572513593388731,1.0,0.1572906187281371,0.03225806451612903,0.0967741935483871,0.12903225806451613,3.0,4.5
emblematica:E009516,2803,259,0.46713206942365737,0.25,0.12898225695454826,0.0,0.003861003861003861,0.007722007722007722,2.0,2.5
emblematica:E009517,2803,255,0.5957072129704393,0.5,0.1322693436445712,0.0,0.00784313725490196,0.01568627450980392,1.0,4.0
emblematica:E009518,2803,76,0.5420368370947394,0.024390243902439025,0.030951064131629635,0.0,0.0,0.0,8.0,4.0
emblematica:E009519,2803,56,0.48006117753205335,1.0,0.04059309691740981,0.017857142857142856,0.017857142857142856,0.017857142857142856,5.5,4.0
emblematica:E009520,2803,108,0.37962081462451813,0.125,0.04098964684804467,0.0,0.0,0.009259259259259259,1.0,3.0
emblematica:E009521,2803,419,0.7357387513989938,0.5,0.22817096464192885,0.0,0.007159904534606206,0.016706443914081145,49.5,3.5
emblematica:E009522,2803,314,0.8840645190798293,1.0,0.2298110999352853,0.0031847133757961785,0.009554140127388535,0.025477707006369428,6.0,2.5
emblematica:E009523,2803,115,0.4590360390741332,0.1111111111111111,0.047549107604240345,0.0,0.0,0.008695652173913044,7.0,4.5
emblematica:E009524,2803,290,0.6642054139249418,1.0,0.148712447724432,0.0034482758620689655,0.006896551724137931,0.013793103448275862,2.0,5.0
emblematica:E009525,2803,63,0.7384393959824715,0.020833333333333332,0.03128516705492023,0.0,0.0,0.0,14.0,3.0
emblematica:E009526,2803,197,0.5657282502744501,0.5,0.10875968850034821,0.0,0.01015228426395939,0.015228426395939087,2.0,4.5
emblematica:E009527,2803,141,0.41991667443556047,0.1111111111111111,0.06300256613632033,0.0,0.0,0.014184397163120567,16.5,6.0
emblematica:E009528,2803,266,1.0,1.0,0.21687111642333814,0.0037593984962406013,0.018796992481203006,0.03759398496240601,9.0,3.0
emblematica:E009529,2803,52,0.3333333333333333,0.01694915254237288,0.023652312263440795,0.0,0.0,0.0,1.0,5.0
emblematica:E009530,2803,67,0.4740104783812118,0.3333333333333333,0.041510486785183834,0.0,0.014925373134328358,0.029850746268656716,2.0,3.0
emblematica:E009531,2803,106,0.46463233653423347,0.125,0.06778152379986643,0.0,0.0,0.009433962264150943,25.5,4.0
emblematica:E009532,2803,292,0.6904695621766515,1.0,0.1216643602015934,0.003424657534246575,0.00684931506849315,0.010273972602739725,34.0,4.0
emblematica:E009533,2803,67,0.6153093361874054,0.5,0.08169713231422787,0.0,0.014925373134328358,0.04477611940298507,17.5,4.5
emblematica:E009534,2803,375,0.9112986599095139,1.0,0.22752840802278365,0.0026666666666666666,0.013333333333333334,0.021333333333333333,26.0,3.0
emblematica:E009535,2803,230,0.8909724089198024,1.0,0.17930003577543246,0.004347826086956522,0.017391304347826087,0.034782608695652174,8.0,4.5
emblematica:E009536,2803,428,0.5106924394308918,0.3333333333333333,0.17490789949286706,0.0,0.002336448598130841,0.004672897196261682,9.0,4.0
emblematica:E009537,2803,225,0.4698894983457272,0.3333333333333333,0.11625024518763069,0.0,0.008888888888888889,0.008888888888888889,10.5,3.0
emblematica:E009538,2803,119,0.6982655748662334,1.0,0.0990525208538537,0.008403361344537815,0.025210084033613446,0.03361344537815126,6.0,3.0
emblematica:E009539,2803,307,0.9266360779006398,1.0,0.2068214502653704,0.003257328990228013,0.013029315960912053,0.029315960912052116,34.0,2.0
emblematica:E009540,2803,406,0.44236092441353086,0.2,0.184245092802436,0.0,0.0024630541871921183,0.0049261083743842365,8.0,4.0
emblematica:E009541,2803,10,0.5263486588232382,1.0,0.10481846587780778,0.1,0.1,0.1,3.0,4.0
emblematica:E009542,2803,426,0.8506629589898829,1.0,0.21148915118753334,0.002347417840375587,0.007042253521126761,0.01643192488262911,5.5,4.0
emblematica:E009543,2803,252,0.8446849276286176,1.0,0.18100426533629743,0.003968253968253968,0.015873015873015872,0.027777777777777776,12.0,5.0
emblematica:E009544,2803,383,0.5476641081756296,0.3333333333333333,0.14033577160314778,0.0,0.0026109660574412533,0.010443864229765013,31.0,4.0
emblematica:E009545,2803,61,0.48006117753205335,1.0,0.04912903720550959,0.01639344262295082,0.01639344262295082,0.01639344262295082,13.0,5.0
emblematica:E009546,2803,143,0.41171777630876616,0.5,0.07422565315415171,0.0,0.006993006993006993,0.006993006993006993,16.0,3.0
emblematica:E009547,2803,68,0.5224750363313545,1.0,0.05998545372654374,0.014705882352941176,0.014705882352941176,0.029411764705882353,10.5,4.0
emblematica:E009548,2803,105,0.6541693635522969,0.5,0.05670464619813753,0.0,0.009523809523809525,0.009523809523809525,16.0,4.0
emblematica:E009549,2803,306,0.815788941622882,1.0,0.23107464341885095,0.0032679738562091504,0.013071895424836602,0.0196078431372549,21.0,2.0
emblematica:E009550,2803,44,0.5325970655543384,0.2,0.024639322815705487,0.0,0.022727272727272728,0.022727272727272728,1.0,2.5
emblematica:E009551,2803,22,0.8400527367984127,0.058823529411764705,0.013737902411060631,0.0,0.0,0.0,2.0,3.0
emblematica:E009552,2803,208,0.6821158643186418,1.0,0.125958317185351,0.004807692307692308,0.014423076923076924,0.019230769230769232,6.0,4.0
emblematica:E009553,2803,316,0.6595280084897039,0.3333333333333333,0.18851142670344911,0.0,0.006329113924050633,0.015822784810126583,26.0,3.5
emblematica:E009554,2803,48,0.7381938938020629,1.0,0.12962631475071093,0.020833333333333332,0.0625,0.10416666666666667,8.0,4.0
emblematica:E009555,2803,51,0.5808350382412173,1.0,0.1373799982930514,0.0196078431372549,0.0196078431372549,0.058823529411764705,3.0,5.0
emblematica:E009556,2803,254,0.47218218708801074,0.16666666666666666,0.11148165119547439,0.0,0.0,0.011811023622047244,14.0,5.5
emblematica:E009557,2803,26,0.3333333333333333,0.041666666666666664,0.013741068744325567,0.0,0.0,0.0,2.0,4.0
emblematica:E009558,2803,80,0.9112986599095139,0.3333333333333333,0.10400036978870383,0.0,0.025,0.0375,5.5,3.5
emblematica:E009559,2803,112,0.34639971149644583,0.08333333333333333,0.048157782809586804,0.0,0.0,0.0,2.0,4.0
emblematica:E009560,2803,67,0.5472988361594752,0.2,0.0834312992381004,0.0,0.014925373134328358,0.029850746268656716,17.0,4.0
emblematica:E009561,2803,14,0.3333333333333333,0.015873015873015872,0.011041521508407115,0.0,0.0,0.0,5.0,4.0
emblematica:E009562,2803,12,0.78947307474996,0.3333333333333333,0.11002242355339655,0.0,0.16666666666666666,0.25,3.0,3.5
emblematica:E009563,2803,32,0.7022279405758638,0.3333333333333333,0.21337278710077578,0.0,0.09375,0.15625,3.0,3.0
emblematica:E009564,2803,45,0.3333333333333333,0.04,0.04117751822429132,0.0,0.0,0.0,4.5,4.5
emblematica:E009565,2803,94,0.6849850219706312,1.0,0.1394093608149394,0.010638297872340425,0.010638297872340425,0.05319148936170213,7.0,4.0
emblematica:E009566,2803,310,0.6690711350697994,1.0,0.14538034225406665,0.0032258064516129032,0.0064516129032258064,0.012903225806451613,6.0,5.0
emblematica:E009567,2803,162,0.40669725543269336,0.3333333333333333,0.07999808037690222,0.0,0.006172839506172839,0.006172839506172839,1.0,4.0
emblematica:E009568,2803,851,0.5884342008426815,1.0,0.30377197813308404,0.0011750881316098707,0.0023501762632197414,0.0023501762632197414,3.0,4.5
emblematica:E009569,2803,193,0.6550643482119674,1.0,0.1068182376784248,0.0051813471502590676,0.010362694300518135,0.015544041450777202,11.0,6.0
emblematica:E009570,2803,79,0.470077778218629,0.1111111111111111,0.02652299110623977,0.0,0.0,0.012658227848101266,3.0,4.5
emblematica:E009571,2803,95,0.7079278794463302,0.5,0.11868918917618398,0.0,0.042105263157894736,0.06315789473684211,3.0,6.0
emblematica:E009572,2803,17,0.42590829591570295,0.5,0.04499390920368818,0.0,0.058823529411764705,0.058823529411764705,1.0,3.0
emblematica:E009573,2803,53,0.4564765967904364,0.5,0.034178839623168415,0.0,0.018867924528301886,0.018867924528301886,6.5,3.0
emblematica:E009574,2803,155,0.3333333333333333,0.06666666666666667,0.06362472776090342,0.0,0.0,0.0,2.0,4.0
emblematica:E009575,2803,0,0.8871958738785233,,,,,,1.0,4.0
emblematica:E009576,2803,74,0.6988885181496467,1.0,0.13308083752589772,0.013513513513513514,0.04054054054054054,0.06756756756756757,4.0,4.0
emblematica:E009577,2803,253,0.7476660540889448,0.5,0.16544285810673415,0.0,0.011857707509881422,0.02766798418972332,1.0,3.5
emblematica:E009578,2803,75,0.3333333333333333,0.034482758620689655,0.02590920127286469,0.0,0.0,0.0,5.0,3.0
emblematica:E009579,2803,190,0.8943938982876649,1.0,0.1535817460028523,0.005263157894736842,0.021052631578947368,0.042105263157894736,7.0,4.0
emblematica:E009580,2803,267,0.8463507934928551,1.0,0.18405210161354513,0.003745318352059925,0.0149812734082397,0.026217228464419477,1.0,3.0
emblematica:E009581,2803,216,0.4058934724893391,0.2,0.07975875858044468,0.0,0.004629629629629629,0.004629629629629629,2.0,4.0
emblematica:E009582,2803,22,0.3475238529402701,0.03125,0.013206849573122815,0.0,0.0,0.0,1.0,4.5
emblematica:E009583,2803,201,0.4700114196648047,0.022222222222222223,0.061329149633528736,0.0,0.0,0.0,11.0,4.0
emblematica:E009584,2803,78,0.48006117753205335,1.0,0.04744271536306233,0.01282051282051282,0.01282051282051282,0.01282051282051282,19.0,4.0
emblematica:E009585,2803,177,0.7262853466215679,1.0,0.10627187909077541,0.005649717514124294,0.011299435028248588,0.022598870056497175,5.0,4.0
emblematica:E009586,2803,209,0.35167431385817327,0.037037037037037035,0.07247973226901709,0.0,0.0,0.0,9.0,3.0
emblematica:E009587,2803,168,0.6165249006379236,1.0,0.11843594755906145,0.005952380952380952,0.011904761904761904,0.017857142857142856,4.0,4.0
emblematica:E009588,2803,271,0.40636725452763034,0.1111111111111111,0.11925286319022572,0.0,0.0,0.0036900369003690036,5.0,3.5
emblematica:E009589,2803,189,0.48996961572379444,0.25,0.08314371699718541,0.0,0.010582010582010581,0.010582010582010581,2.5,4.5
emblematica:E009590,2803,245,0.7685035158733766,1.0,0.1682272217534615,0.004081632653061225,0.012244897959183673,0.024489795918367346,9.5,5.0
emblematica:E009591,2803,288,0.6320200186505589,1.0,0.15509146478330663,0.003472222222222222,0.003472222222222222,0.010416666666666666,4.5,4.5
emblematica:E009592,2803,318,0.6241148199043218,1.0,0.1619509253646789,0.0031446540880503146,0.006289308176100629,0.006289308176100629,14.0,5.5
emblematica:E009593,2803,316,1.0,1.0,0.1873374012594525,0.0031645569620253164,0.015822784810126583,0.02531645569620253,28.0,4.0
emblematica:E009594,2803,87,0.6982655748662334,1.0,0.10347963197596122,0.011494252873563218,0.034482758620689655,0.04597701149425287,14.0,4.0
emblematica:E009595,2803,104,0.5013766268844447,0.3333333333333333,0.05775161114438535,0.0,0.009615384615384616,0.028846153846153848,9.0,5.0
emblematica:E009596,2803,32,0.3333333333333333,0.02127659574468085,0.01148074896135929,0.0,0.0,0.0,3.0,4.0
emblematica:E009597,2803,332,0.6147299735805472,0.5,0.16112820512091874,0.0,0.009036144578313253,0.012048192771084338,1.0,5.0
emblematica:E009598,2803,16,0.3333333333333333,0.01,0.015634604723077147,0.0,0.0,0.0,2.5,3.5
emblematica:E009599,2803,183,0.3900954117610806,0.2,0.06885970820139524,0.0,0.00546448087431694,0.00546448087431694,2.0,6.0
emblematica:E009600,2803,38,0.47080368127381644,1.0,0.04514690322142781,0.02631578947368421,0.02631578947368421,0.02631578947368421,5.0,3.0
emblematica:E009601,2803,30,0.41046280310102307,0.1,0.06394933102399726,0.0,0.0,0.03333333333333333,3.0,5.0
emblematica:E009602,2803,23,0.3333333333333333,0.05263157894736842,0.010057323897445004,0.0,0.0,0.0,5.0,4.0
emblematica:E009603,2803,312,0.42465647353220776,0.14285714285714285,0.11862065773635025,0.0,0.0,0.00641025641025641,4.0,4.5
emblematica:E009604,2803,15,0.4529847367238781,0.007751937984496124,0.007346465876640564,0.0,0.0,0.0,1.0,4.0
emblematica:E009605,2803,180,0.4826703743434503,0.5,0.107100086701374,0.0,0.011111111111111112,0.011111111111111112,7.0,3.0
emblematica:E009606,2803,0,0.92663607790064,,,,,,1.0,2.0
emblematica:E009607,2803,64,0.5726361401144231,1.0,0.057651296838301766,0.015625,0.03125,0.03125,17.0,4.0
emblematica:E009608,2803,31,0.3605902311033827,0.030303030303030304,0.0517133335960454,0.0,0.0,0.0,4.0,5.0
emblematica:E009609,2803,82,0.42590829591570295,0.5,0.06515809709162118,0.0,0.012195121951219513,0.012195121951219513,6.0,5.0
emblematica:E009610,2803,11,0.6101871780591608,1.0,0.21530070915310853,0.09090909090909091,0.2727272727272727,0.2727272727272727,3.5,5.0
emblematica:E009611,2803,743,0.5173227699950065,0.3333333333333333,0.3523817617573938,0.0,0.0013458950201884253,0.004037685060565276,11.5,3.0
emblematica:E009612,2803,253,0.8590331472570637,1.0,0.16355946408288982,0.003952569169960474,0.019762845849802372,0.02766798418972332,1.0,2.5
emblematica:E009613,2803,10,0.3333333333333333,0.0023584905660377358,0.004009032022109783,0.0,0.0,0.0,1.5,5.0
emblematica:E009614,2803,54,0.3931644429541776,0.25,0.022459239464752794,0.0,0.018518518518518517,0.018518518518518517,3.0,5.0
emblematica:E009615,2803,70,0.47119724757567355,0.25,0.08026292663124458,0.0,0.014285714285714285,0.02857142857142857,7.0,6.0
emblematica:E009616,2803,282,0.6921990204962298,0.3333333333333333,0.16570462629206723,0.0,0.010638297872340425,0.01773049645390071,4.5,3.5
emblematica:E009617,2803,85,0.41773962600842485,0.3333333333333333,0.06256391239985337,0.0,0.011764705882352941,0.011764705882352941,9.0,5.0
emblematica:E009618,2803,331,0.8671291776065879,1.0,0.18242461265297202,0.0030211480362537764,0.015105740181268883,0.021148036253776436,16.0,4.0
emblematica:E009619,2803,111,0.8056273000821933,0.16666666666666666,0.0531593963330971,0.0,0.0,0.018018018018018018,4.0,3.0
emblematica:E009620,2803,227,0.8612015284454847,1.0,0.14513906310454033,0.004405286343612335,0.01762114537444934,0.030837004405286344,23.0,5.0
emblematica:E009621,2803,72,0.4748175773152763,0.5,0.06590663310190534,0.0,0.013888888888888888,0.027777777777777776,14.0,6.0
emblematica:E009622,2803,475,0.9102614474570914,1.0,0.23845070250995334,0.002105263157894737,0.008421052631578947,0.016842105263157894,29.0,3.0
emblematica:E009623,2803,58,0.35167431385817327,0.009708737864077669,0.019059227460522563,0.0,0.0,0.0,9.0,3.5
emblematica:E009624,2803,14,0.4283155868986033,0.09090909090909091,0.030643968319512053,0.0,0.0,0.0,4.5,3.5
emblematica:E009625,2803,187,0.35497916860889006,0.02127659574468085,0.10545515660697626,0.0,0.0,0.0,2.0,5.0
emblematica:E009626,2803,29,0.39652557624636714,0.25,0.022542162730639814,0.0,0.034482758620689655,0.034482758620689655,4.0,3.5
emblematica:E009627,2803,85,0.34490520365612953,0.005555555555555556,0.02485730254859998,0.0,0.0,0.0,5.0,3.5
emblematica:E009628,2803,189,0.7810965719621678,1.0,0.14192472618206883,0.005291005291005291,0.010582010582010581,0.026455026455026454,4.0,5.5
emblematica:E009629,2803,51,0.3333333333333333,0.01639344262295082,0.02503099622706237,0.0,0.0,0.0,1.0,4.0
emblematica:E009630,2803,66,0.6259852387874193,1.0,0.04679555013573153,0.015151515151515152,0.015151515151515152,0.015151515151515152,7.0,3.0
emblematica:E009631,2803,70,0.6166233870658476,1.0,0.10139230494562451,0.014285714285714285,0.014285714285714285,0.02857142857142857,14.5,4.0
emblematica:E009632,2803,40,0.34639971149644583,0.034482758620689655,0.016326748170043065,0.0,0.0,0.0,4.5,3.0
emblematica:E009633,2803,51,0.3775028156362593,0.030303030303030304,0.020328143337540745,0.0,0.0,0.0,4.5,3.0
emblematica:E009634,2803,197,0.5323266901845036,1.0,0.11773002351612623,0.005076142131979695,0.005076142131979695,0.01015228426395939,8.5,5.0
emblematica:E009635,2803,3,0.40430220188639443,0.0026246719160104987,0.0023364024740137775,0.0,0.0,0.0,1.0,4.0
emblematica:E009636,2803,41,0.42590829591570295,0.05263157894736842,0.01605190513987353,0.0,0.0,0.0,5.0,4.5
emblematica:E009637,2803,290,0.9240201235975981,1.0,0.18460343003284846,0.0034482758620689655,0.017241379310344827,0.027586206896551724,3.0,5.0
emblematica:E009638,2803,228,0.581235971584077,1.0,0.10521108371604611,0.0043859649122807015,0.0043859649122807015,0.008771929824561403,17.0,4.0
emblematica:E009639,2803,257,0.6629738293811375,0.5,0.13083432786985547,0.0,0.007782101167315175,0.01556420233463035,26.0,3.0
emblematica:E009640,2803,7,0.3333333333333333,0.012987012987012988,0.005211896351006584,0.0,0.0,0.0,1.0,5.0
emblematica:E009641,2803,192,0.6764924436691081,1.0,0.147752732156019,0.005208333333333333,0.010416666666666666,0.020833333333333332,5.5,3.0
emblematica:E009642,2803,25,0.47219577720688777,0.5,0.06251898932529634,0.0,0.04,0.08,1.0,5.0
emblematica:E009643,2803,184,0.5032910584356737,0.5,0.0922775580976608,0.0,0.010869565217391304,0.010869565217391304,2.0,5.0
emblematica:E009644,2803,186,0.3700152943830133,0.07692307692307693,0.07448440878814122,0.0,0.0,0.0,3.0,5.5
emblematica:E009645,2803,16,0.5368232559598007,1.0,0.10093894879449136,0.0625,0.125,0.125,2.0,3.0
emblematica:E009646,2803,247,0.5890887686122509,1.0,0.08700962837278159,0.004048582995951417,0.008097165991902834,0.008097165991902834,2.0,4.0
emblematica:E009647,2803,262,0.7616765801644126,1.0,0.13858889361205454,0.003816793893129771,0.011450381679389313,0.019083969465648856,21.0,3.0
emblematica:E009648,2803,15,0.3333333333333333,0.0035971223021582736,0.006094270980593315,0.0,0.0,0.0,3.0,4.0
emblematica:E009649,2803,25,0.3333333333333333,0.008130081300813009,0.01799465379615671,0.0,0.0,0.0,4.0,3.0
emblematica:E009650,2803,164,0.3938144850557029,0.14285714285714285,0.09336321620660283,0.0,0.0,0.006097560975609756,5.0,4.5
emblematica:E009651,2803,0,1.0,,,,,,1.0,2.0
emblematica:E009652,2803,24,0.37962081462451813,0.125,0.03373603137397476,0.0,0.0,0.041666666666666664,3.0,5.0
emblematica:E009653,2803,31,0.3333333333333333,0.011764705882352941,0.013473843704508588,0.0,0.0,0.0,4.0,3.0
emblematica:E009654,2803,197,0.5013766268844447,0.3333333333333333,0.0769446057040589,0.0,0.005076142131979695,0.01015228426395939,6.5,4.0
emblematica:E009655,2803,65,0.3333333333333333,0.022727272727272728,0.02576068067048202,0.0,0.0,0.0,14.0,5.0
emblematica:E009656,2803,295,0.535295578213398,0.5,0.137378430213266,0.0,0.003389830508474576,0.010169491525423728,27.0,6.0
emblematica:E009657,2803,112,0.3333333333333333,0.06666666666666667,0.04463021059422258,0.0,0.0,0.0,16.0,3.0
emblematica:E009658,2803,24,0.48006117753205335,1.0,0.05101941763740387,0.041666666666666664,0.041666666666666664,0.041666666666666664,3.0,5.0
emblematica:E009659,2803,208,0.5299877589721104,0.2,0.09384896206446883,0.0,0.004807692307692308,0.009615384615384616,4.0,4.0
emblematica:E009660,2803,101,0.5686307721622641,0.5,0.11262818826083994,0.0,0.009900990099009901,0.039603960396039604,23.0,3.5
emblematica:E009661,2803,202,0.7551009242829703,1.0,0.13068190135351818,0.0049504950495049506,0.019801980198019802,0.024752475247524754,10.5,3.5
emblematica:E009662,2803,22,0.3455606536832266,0.006060606060606061,0.00745884514602956,0.0,0.0,0.0,1.5,5.0
emblematica:E009663,2803,201,0.39154525286089287,0.1,0.10217307260933096,0.0,0.0,0.004975124378109453,11.5,5.0
emblematica:E010543,2803,799,1.0,1.0,0.8267691377752474,0.0012515644555694619,0.006257822277847309,0.012515644555694618,14.0,3.0
emblematica:E010544,2803,791,1.0,1.0,0.8348002937841698,0.0012642225031605564,0.006321112515802781,0.012642225031605562,11.0,4.0
emblematica:E010545,2803,773,1.0,1.0,0.8367534138667224,0.00129366106080207,0.00646830530401035,0.0129366106080207,12.0,3.0
emblematica:E010546,2803,739,1.0,1.0,0.8489583295697493,0.0013531799729364006,0.006765899864682003,0.013531799729364006,12.0,3.0
emblematica:E010547,2803,866,1.0,1.0,0.8052557009139648,0.0011547344110854503,0.005773672055427252,0.011547344110854504,24.0,4.5
emblematica:E010548,2803,740,1.0,1.0,0.8304456466458043,0.0013513513513513514,0.006756756756756757,0.013513513513513514,5.0,4.0
emblematica:E010549,2803,747,0.9477344873475497,1.0,0.7961538859173176,0.0013386880856760374,0.006693440428380187,0.012048192771084338,10.0,3.0
emblematica:E010550,2803,1026,0.9477344873475497,1.0,0.7537194314541139,0.0009746588693957114,0.004873294346978557,0.008771929824561403,17.5,4.5
emblematica:E010551,2803,736,1.0,1.0,0.8559972112017501,0.001358695652173913,0.006793478260869565,0.01358695652173913,4.0,3.0
emblematica:E010552,2803,827,1.0,1.0,0.7942114363347254,0.0012091898428053204,0.006045949214026602,0.012091898428053204,14.0,3.0
emblematica:E010553,2803,740,0.9266360779006398,1.0,0.8283225952380395,0.0013513513513513514,0.005405405405405406,0.012162162162162163,3.5,4.0
emblematica:E010554,2803,761,0.94497705842548,1.0,0.8162855515037558,0.001314060446780552,0.005256241787122208,0.011826544021024968,5.0,4.0
emblematica:E010555,2803,590,0.4491111142319945,0.3333333333333333,0.2188253456346988,0.0,0.001694915254237288,0.003389830508474576,15.0,4.0
emblematica:E010556,2803,725,0.7799082337019198,0.5,0.8278443888803536,0.0,0.004137931034482759,0.011034482758620689,2.0,4.0
emblematica:E010557,2803,830,1.0,1.0,0.8096431099295135,0.0012048192771084338,0.006024096385542169,0.012048192771084338,15.0,5.0
emblematica:E010558,2803,950,1.0,1.0,0.7977207877787522,0.0010526315789473684,0.005263157894736842,0.010526315789473684,17.0,3.5
emblematica:E010559,2803,762,0.8698739994728926,1.0,0.7956027307762088,0.0013123359580052493,0.003937007874015748,0.010498687664041995,8.0,3.0
emblematica:E010560,2803,99,0.5289704589316268,1.0,0.09255391825939711,0.010101010101010102,0.010101010101010102,0.020202020202020204,7.5,3.0
emblematica:E010561,2803,55,0.3333333333333333,0.09090909090909091,0.04451725612097539,0.0,0.0,0.0,1.0,4.0
emblematica:E010562,2803,499,0.604878319727398,0.5,0.24049073670387167,0.0,0.004008016032064128,0.006012024048096192,47.0,4.0
emblematica:E010563,2803,814,1.0,1.0,0.8105578811383702,0.0012285012285012285,0.006142506142506142,0.012285012285012284,31.0,3.0
emblematica:E010564,2803,1033,1.0,1.0,0.762543393417602,0.000968054211035818,0.00484027105517909,0.00968054211035818,32.0,3.0
emblematica:E010565,2803,1043,1.0,1.0,0.784944088424033,0.0009587727708533077,0.004793863854266539,0.009587727708533078,3.0,4.0
emblematica:E010566,2803,855,1.0,1.0,0.8128499563855124,0.0011695906432748538,0.005847953216374269,0.011695906432748537,31.0,4.0
emblematica:E010567,2803,723,0.6996229492941352,0.5,0.7713137236458555,0.0,0.004149377593360996,0.008298755186721992,4.0,3.5
emblematica:E010568,2803,13,0.3333333333333333,0.017241379310344827,0.010230809579408251,0.0,0.0,0.0,1.5,3.0
emblematica:E010569,2803,397,0.7120023851081073,1.0,0.23514634591206166,0.0025188916876574307,0.005037783375314861,0.012594458438287154,12.0,3.5
emblematica:E010570,2803,272,0.7751946280211413,1.0,0.2804117197356934,0.003676470588235294,0.011029411764705883,0.022058823529411766,5.0,4.0
emblematica:E010571,2803,722,0.8069846745100949,0.5,0.837384041550195,0.0,0.00554016620498615,0.0110803324099723,9.0,3.0
emblematica:E010572,2803,156,0.34490520365612953,0.02040816326530612,0.049868757892911494,0.0,0.0,0.0,4.5,4.0
emblematica:E010573,2803,754,0.7084316805664599,0.3333333333333333,0.7909180254456437,0.0,0.003978779840848806,0.009283819628647215,7.0,4.0
emblematica:E010574,2803,167,0.5539235212717165,0.5,0.1522054553727118,0.0,0.005988023952095809,0.017964071856287425,2.5,3.5
emblematica:E010575,2803,168,0.581235971584077,1.0,0.1436785867115268,0.005952380952380952,0.005952380952380952,0.005952380952380952,1.0,4.0
emblematica:E010576,2803,872,0.9477344873475497,1.0,0.9076291895910484,0.0011467889908256881,0.005733944954128441,0.010321100917431193,6.0,3.5
emblematica:E010577,2803,169,0.470077778218629,0.5,0.162345469517131,0.0,0.005917159763313609,0.005917159763313609,3.0,4.0
emblematica:E010578,2803,731,0.8532721558012798,0.5,0.8111649024554511,0.0,0.005471956224350205,0.012311901504787962,2.0,3.0
emblematica:E010579,2803,471,0.4604722579771242,0.1111111111111111,0.21736387426717133,0.0,0.0,0.0021231422505307855,3.5,3.5
emblematica:E010580,2803,734,0.8568270051237653,0.5,0.8130852817657966,0.0,0.005449591280653951,0.010899182561307902,1.0,3.0
emblematica:E010581,2803,39,0.39782616633567686,0.07692307692307693,0.01762209813415915,0.0,0.0,0.0,3.0,3.5
emblematica:E010582,2803,180,0.38559884598578353,0.16666666666666666,0.1663932645883624,0.0,0.0,0.005555555555555556,5.5,3.0
emblematica:E010583,2803,749,0.9368077570869661,1.0,0.8070983998912137,0.0013351134846461949,0.0053404539385847796,0.012016021361815754,2.5,4.0
emblematica:E010584,2803,831,0.9368077570869661,1.0,0.7845165616342364,0.0012033694344163659,0.0048134777376654635,0.010830324909747292,7.0,4.0
emblematica:E010585,2803,960,0.9074250374176303,1.0,0.7797372450181336,0.0010416666666666667,0.004166666666666667,0.009375,35.0,3.5
emblematica:E010586,2803,971,0.9074250374176303,1.0,0.7804141295227688,0.0010298661174047373,0.004119464469618949,0.009268795056642637,16.0,4.0
emblematica:E010587,2803,762,0.9477344873475497,1.0,0.8095437277116059,0.0013123359580052493,0.006561679790026247,0.010498687664041995,5.0,3.5
emblematica:E010588,2803,230,0.6353762499034358,1.0,0.17452338167213666,0.004347826086956522,0.004347826086956522,0.013043478260869565,5.0,4.0
emblematica:E010589,2803,141,0.3333333333333333,0.043478260869565216,0.05857300297671602,0.0,0.0,0.0,3.5,4.5
emblematica:E010590,2803,157,0.3900954117610806,0.2,0.1795438700831808,0.0,0.006369426751592357,0.006369426751592357,2.0,3.5
emblematica:E010591,2803,875,1.0,1.0,0.8953306367741155,0.001142857142857143,0.005714285714285714,0.011428571428571429,3.0,4.0
emblematica:E010592,2803,732,0.9510907186004266,1.0,0.8188541471197625,0.001366120218579235,0.006830601092896175,0.012295081967213115,5.5,3.5
emblematica:E010593,2803,180,0.37574719213263447,0.1,0.16008044688297474,0.0,0.0,0.005555555555555556,3.0,3.5
emblematica:E010594,2803,949,0.8532721558012798,0.5,0.7669290810940337,0.0,0.004214963119072708,0.009483667017913594,6.0,4.0
emblematica:E010595,2803,1106,0.8069846745100949,0.5,0.7173028539410232,0.0,0.003616636528028933,0.007233273056057866,12.0,4.0
emblematica:E010596,2803,69,0.499272218015063,0.5,0.07772653545986345,0.0,0.028985507246376812,0.028985507246376812,5.5,4.0
emblematica:E010597,2803,734,1.0,1.0,0.8332734472791737,0.0013623978201634877,0.006811989100817439,0.013623978201634877,6.0,3.0
emblematica:E010598,2803,756,1.0,1.0,0.8326923056720045,0.0013227513227513227,0.006613756613756613,0.013227513227513227,19.0,3.0
emblematica:E010599,2803,888,1.0,1.0,0.9003003653993291,0.0011261261261261261,0.00563063063063063,0.01126126126126126,1.5,3.5
emblematica:E010600,2803,1108,1.0,1.0,0.8474820256503757,0.0009025270758122744,0.004512635379061372,0.009025270758122744,21.5,3.5
emblematica:E010601,2803,786,0.9266360779006398,1.0,0.7667112552194154,0.001272264631043257,0.005089058524173028,0.011450381679389313,15.0,3.0
emblematica:E010602,2803,874,1.0,1.0,0.9182308355853989,0.0011441647597254005,0.005720823798627002,0.011441647597254004,3.5,3.5
emblematica:E010603,2803,302,0.6783074999417438,1.0,0.21366369105266242,0.0033112582781456954,0.009933774834437087,0.013245033112582781,8.0,3.5
emblematica:E010604,2803,224,0.6204481483277627,1.0,0.2140637953763502,0.004464285714285714,0.008928571428571428,0.013392857142857142,1.5,3.5
emblematica:E010605,2803,735,0.7476007959739591,0.5,0.7906278682325418,0.0,0.004081632653061225,0.009523809523809525,2.0,3.0
emblematica:E010606,2803,213,0.52770603325114,0.2,0.1589617417630755,0.0,0.004694835680751174,0.018779342723004695,2.0,4.0
emblematica:E010607,2803,725,0.5861584770675266,0.25,0.7793240233638414,0.0,0.002758620689655172,0.006896551724137931,2.5,4.0
emblematica:E010608,2803,229,0.5838451683954738,0.5,0.20516184857978292,0.0,0.008733624454148471,0.017467248908296942,6.0,3.0
emblematica:E010609,2803,200,0.6657149038169224,1.0,0.22824654096922706,0.005,0.01,0.015,1.0,5.0
emblematica:E010610,2803,216,0.6168056224173492,1.0,0.2316115778694912,0.004629629629629629,0.009259259259259259,0.013888888888888888,2.0,4.0
emblematica:E010611,2803,221,0.40875289659626046,0.25,0.15971834107132943,0.0,0.004524886877828055,0.004524886877828055,10.5,3.5
emblematica:E010612,2803,740,0.790079912888246,0.5,0.8138122988685711,0.0,0.004054054054054054,0.010810810810810811,6.0,4.0
emblematica:E010613,2803,1224,1.0,1.0,0.7682089101533193,0.0008169934640522876,0.004084967320261438,0.008169934640522876,23.5,3.5
emblematica:E010614,2803,734,0.9537125187088151,1.0,0.8482847460200422,0.0013623978201634877,0.006811989100817439,0.01226158038147139,6.0,4.0
emblematica:E010615,2803,784,1.0,1.0,0.8421861196023254,0.0012755102040816326,0.006377551020408163,0.012755102040816327,3.0,3.0
emblematica:E010616,2803,756,1.0,1.0,0.8477256779773246,0.0013227513227513227,0.006613756613756613,0.013227513227513227,13.0,3.0
emblematica:E010617,2803,782,1.0,1.0,0.8320833728862036,0.0012787723785166241,0.00639386189258312,0.01278772378516624,19.0,4.0
emblematica:E010618,2803,757,0.9432379215722525,1.0,0.8411865117310348,0.001321003963011889,0.005284015852047556,0.011889035667107,1.0,3.0
emblematica:E010619,2803,881,0.9432379215722525,1.0,0.9107091793215636,0.0011350737797956867,0.004540295119182747,0.01021566401816118,6.0,3.0
emblematica:E010620,2803,743,0.8698739994728926,1.0,0.8248361576911878,0.0013458950201884253,0.004037685060565276,0.010767160161507403,10.0,3.0
emblematica:E010621,2803,793,1.0,1.0,0.8014462376397745,0.0012610340479192938,0.006305170239596469,0.012610340479192938,16.5,4.0
emblematica:E010622,2803,856,1.0,1.0,0.7695223481540936,0.0011682242990654205,0.005841121495327103,0.011682242990654205,17.0,4.0
emblematica:E010623,2803,794,1.0,1.0,0.8308898584917643,0.0012594458438287153,0.006297229219143577,0.012594458438287154,3.0,3.0
emblematica:E010624,2803,810,1.0,1.0,0.8274646057338605,0.0012345679012345679,0.006172839506172839,0.012345679012345678,15.0,4.0
emblematica:E010625,2803,716,1.0,1.0,0.8434292930754211,0.0013966480446927375,0.006983240223463687,0.013966480446927373,1.0,4.0
emblematica:E010626,2803,754,1.0,1.0,0.8296950690999148,0.001326259946949602,0.006631299734748011,0.013262599469496022,11.0,3.0
emblematica:E010627,2803,354,0.44069505854929314,0.25,0.21915946438956738,0.0,0.002824858757062147,0.005649717514124294,18.0,4.0
emblematica:E010628,2803,796,0.7333178344604987,0.5,0.748462426604575,0.0,0.002512562814070352,0.008793969849246231,1.0,3.0
emblematica:E010629,2803,764,0.9368077570869661,1.0,0.8153152537848065,0.0013089005235602095,0.005235602094240838,0.011780104712041885,11.0,5.0
emblematica:E010630,2803,726,0.9368077570869661,1.0,0.8314693065272399,0.0013774104683195593,0.005509641873278237,0.012396694214876033,4.0,3.0
emblematica:E010631,2803,712,0.9368077570869661,1.0,0.8313806075167277,0.0014044943820224719,0.0056179775280898875,0.012640449438202247,1.5,4.0
emblematica:E010632,2803,768,0.9368077570869661,1.0,0.8148855991282294,0.0013020833333333333,0.005208333333333333,0.01171875,2.0,3.0
emblematica:E010633,2803,158,0.5842837114006179,0.25,0.21757450628466876,0.0,0.006329113924050633,0.03164556962025317,3.0,4.0
emblematica:E010634,2803,90,0.3333333333333333,0.07692307692307693,0.0450672361324076,0.0,0.0,0.0,3.5,4.0
emblematica:E010635,2803,230,0.5242306598349794,1.0,0.18988931282642088,0.004347826086956522,0.004347826086956522,0.008695652173913044,3.0,4.0
emblematica:E010636,2803,234,0.5242306598349794,1.0,0.1921482736861012,0.004273504273504274,0.004273504273504274,0.008547008547008548,4.0,4.0
emblematica:E010637,2803,793,1.0,1.0,0.86566113125403,0.0012610340479192938,0.006305170239596469,0.012610340479192938,8.0,3.0
emblematica:E010638,2803,831,1.0,1.0,0.8324755016059872,0.0012033694344163659,0.006016847172081829,0.012033694344163659,21.5,3.5
emblematica:E010639,2803,114,0.48006117753205335,1.0,0.060962300585086095,0.008771929824561403,0.008771929824561403,0.008771929824561403,3.0,3.0
emblematica:E010640,2803,122,0.5526213166880591,1.0,0.08365496716799378,0.00819672131147541,0.01639344262295082,0.01639344262295082,2.0,3.0
emblematica:E010641,2803,206,0.4922884978819468,1.0,0.16929234839174764,0.0048543689320388345,0.0048543689320388345,0.0048543689320388345,4.0,3.0
emblematica:E010642,2803,755,1.0,1.0,0.8285325866395526,0.0013245033112582781,0.006622516556291391,0.013245033112582781,8.5,3.0
emblematica:E010643,2803,755,0.9432379215722525,1.0,0.8047510471188983,0.0013245033112582781,0.005298013245033113,0.011920529801324504,5.0,4.0
emblematica:E010644,2803,830,0.9432379215722525,1.0,0.7968290763800011,0.0012048192771084338,0.004819277108433735,0.010843373493975903,15.0,3.0
emblematica:E010645,2803,947,0.8442327945045964,1.0,0.7570948239627763,0.0010559662090813093,0.0031678986272439284,0.008447729672650475,9.0,3.0
emblematica:E010646,2803,730,0.8442327945045964,1.0,0.8209038680790602,0.0013698630136986301,0.00410958904109589,0.010958904109589041,1.0,4.5
emblematica:E010647,2803,722,0.7117879118193368,0.3333333333333333,0.7866070558999163,0.0,0.004155124653739612,0.009695290858725761,1.0,4.0
emblematica:E010648,2803,343,0.4748175773152763,0.5,0.19022259596139657,0.0,0.0029154518950437317,0.0058309037900874635,3.0,4.0
emblematica:E010649,2803,1112,0.9432379215722525,1.0,0.7684949982003418,0.0008992805755395684,0.0035971223021582736,0.008093525179856115,21.0,4.0
emblematica:E010650,2803,791,0.9432379215722525,1.0,0.826482294908779,0.0012642225031605564,0.0050568900126422255,0.011378002528445006,31.0,3.0
emblematica:E010651,2803,734,1.0,1.0,0.8426960676011875,0.0013623978201634877,0.006811989100817439,0.013623978201634877,4.5,4.5
emblematica:E010652,2803,788,1.0,1.0,0.8174626722910664,0.0012690355329949238,0.006345177664974619,0.012690355329949238,7.5,4.0
emblematica:E010653,2803,789,1.0,1.0,0.8202492331579678,0.0012674271229404308,0.0063371356147021544,0.012674271229404309,6.0,3.0
emblematica:E010654,2803,816,1.0,1.0,0.8188694841310868,0.0012254901960784314,0.006127450980392157,0.012254901960784314,12.0,3.0
emblematica:E010655,2803,886,0.8091026734983537,0.5,0.7658401057904789,0.0,0.004514672686230248,0.009029345372460496,6.0,4.0
emblematica:E010656,2803,552,0.46309405808551274,0.3333333333333333,0.2704711476169838,0.0,0.0018115942028985507,0.0036231884057971015,17.0,3.0
emblematica:E010657,2803,748,1.0,1.0,0.838435641220494,0.001336898395721925,0.0066844919786096255,0.013368983957219251,9.0,3.0
emblematica:E010658,2803,725,1.0,1.0,0.8443950935653151,0.001379310344827586,0.006896551724137931,0.013793103448275862,5.0,4.0
emblematica:E010659,2803,802,1.0,1.0,0.8106160126036266,0.0012468827930174563,0.006234413965087282,0.012468827930174564,4.0,3.0
emblematica:E010660,2803,732,1.0,1.0,0.838251811881623,0.001366120218579235,0.006830601092896175,0.01366120218579235,4.0,3.0
emblematica:E010661,2803,728,0.9558305176970738,1.0,0.8389837761255101,0.0013736263736263737,0.006868131868131868,0.012362637362637362,3.0,3.0
emblematica:E010662,2803,791,0.9558305176970738,1.0,0.8059656319260529,0.0012642225031605564,0.006321112515802781,0.011378002528445006,13.0,3.0
emblematica:E010663,2803,731,0.9266360779006398,1.0,0.8468140512444754,0.0013679890560875513,0.005471956224350205,0.012311901504787962,4.0,4.0
emblematica:E010664,2803,726,0.9266360779006398,1.0,0.852511604615603,0.0013774104683195593,0.005509641873278237,0.012396694214876033,2.0,4.0
emblematica:E010665,2803,743,1.0,1.0,0.8338205344363596,0.0013458950201884253,0.006729475100942127,0.013458950201884253,11.0,4.0
emblematica:E010666,2803,966,1.0,1.0,0.7862436848011537,0.0010351966873706005,0.005175983436853002,0.010351966873706004,6.0,3.0
emblematica:E010667,2803,821,0.9074250374176303,1.0,0.794598804861653,0.001218026796589525,0.0048721071863581,0.010962241169305725,16.0,3.0
emblematica:E010668,2803,779,0.9074250374176303,1.0,0.8171840628407891,0.0012836970474967907,0.005134788189987163,0.011553273427471117,16.5,3.0
emblematica:E010669,2803,771,0.9575861412006987,1.0,0.8279235372466482,0.0012970168612191958,0.00648508430609598,0.011673151750972763,6.0,5.0
emblematica:E010670,2803,939,0.9575861412006987,1.0,0.7853499890128393,0.0010649627263045794,0.005324813631522897,0.009584664536741214,18.0,3.5
emblematica:E010671,2803,954,1.0,1.0,0.774501074851153,0.0010482180293501049,0.005241090146750524,0.010482180293501049,9.0,4.0
emblematica:E010672,2803,922,1.0,1.0,0.778468800973919,0.0010845986984815619,0.005422993492407809,0.010845986984815618,4.0,3.0
emblematica:E010673,2803,771,1.0,1.0,0.8389374934398117,0.0012970168612191958,0.00648508430609598,0.01297016861219196,8.0,3.0
emblematica:E010674,2803,732,1.0,1.0,0.8566210332119248,0.001366120218579235,0.006830601092896175,0.01366120218579235,1.0,3.0
emblematica:E010675,2803,728,0.8532721558012798,0.5,0.8493132293505122,0.0,0.005494505494505495,0.012362637362637362,5.0,3.0
emblematica:E010676,2803,278,0.3333333333333333,0.05555555555555555,0.0866379835802086,0.0,0.0,0.0,3.0,4.0
emblematica:E010677,2803,726,0.7523405950706065,0.5,0.7548107110628266,0.0,0.004132231404958678,0.009641873278236915,10.5,3.0
emblematica:E010678,2803,300,0.486982539840478,0.25,0.12236478381507264,0.0,0.0033333333333333335,0.01,7.0,4.0
emblematica:E010679,2803,847,1.0,1.0,0.7769198981269309,0.0011806375442739079,0.0059031877213695395,0.011806375442739079,17.0,4.0
emblematica:E010680,2803,829,0.8585157560180569,1.0,0.7799843425742221,0.0012062726176115801,0.0048250904704463205,0.009650180940892641,16.0,3.5
emblematica:E010681,2803,725,1.0,1.0,0.8603945158446825,0.001379310344827586,0.006896551724137931,0.013793103448275862,8.0,4.0
emblematica:E010682,2803,1031,1.0,1.0,0.7974772078163099,0.0009699321047526673,0.004849660523763337,0.009699321047526674,19.5,4.0
emblematica:E010683,2803,734,1.0,1.0,0.8383218812251553,0.0013623978201634877,0.006811989100817439,0.013623978201634877,1.0,3.5
emblematica:E010684,2803,790,1.0,1.0,0.8143044850445629,0.0012658227848101266,0.006329113924050633,0.012658227848101266,17.0,4.0
emblematica:E010685,2803,1047,0.8585157560180569,1.0,0.7790558837023237,0.0009551098376313276,0.0038204393505253103,0.007640878701050621,2.0,4.0
emblematica:E010686,2803,786,0.8585157560180569,1.0,0.8112325135740585,0.001272264631043257,0.005089058524173028,0.010178117048346057,13.5,3.0
emblematica:E010687,2803,963,1.0,1.0,0.7617364229355816,0.0010384215991692627,0.005192107995846314,0.010384215991692628,13.0,4.0
emblematica:E010688,2803,740,1.0,1.0,0.8329880336336425,0.0013513513513513514,0.006756756756756757,0.013513513513513514,6.0,3.0
emblematica:E010689,2803,739,0.9074250374176303,1.0,0.84064612144601,0.0013531799729364006,0.005412719891745603,0.012178619756427604,8.0,3.0
emblematica:E010690,2803,912,0.9074250374176303,1.0,0.7718808554697236,0.0010964912280701754,0.0043859649122807015,0.009868421052631578,5.0,4.0
emblematica:E010691,2803,710,1.0,1.0,0.8582030507614242,0.0014084507042253522,0.007042253521126761,0.014084507042253521,1.0,3.0
emblematica:E010692,2803,749,1.0,1.0,0.8398686691862911,0.0013351134846461949,0.006675567423230975,0.01335113484646195,7.0,3.0
emblematica:E010693,2803,915,1.0,1.0,0.9089608576935572,0.001092896174863388,0.00546448087431694,0.01092896174863388,5.0,4.0
emblematica:E010694,2803,730,0.9510907186004266,1.0,0.8215672850634143,0.0013698630136986301,0.00684931506849315,0.012328767123287671,2.5,3.5
emblematica:E010695,2803,791,1.0,1.0,0.8458448229334193,0.0012642225031605564,0.006321112515802781,0.012642225031605562,11.0,4.0
emblematica:E010696,2803,791,1.0,1.0,0.834925545297879,0.0012642225031605564,0.006321112515802781,0.012642225031605562,12.5,3.5
emblematica:E010697,2803,743,0.9477344873475497,1.0,0.8260289147624754,0.0013458950201884253,0.006729475100942127,0.012113055181695828,1.0,4.0
emblematica:E010698,2803,758,0.9477344873475497,1.0,0.8169755780677608,0.0013192612137203166,0.006596306068601583,0.011873350923482849,11.0,3.0
emblematica:E010699,2803,720,1.0,1.0,0.8378250303955473,0.001388888888888889,0.006944444444444444,0.013888888888888888,2.0,3.0
emblematica:E010700,2803,793,1.0,1.0,0.8135393642320301,0.0012610340479192938,0.006305170239596469,0.012610340479192938,9.5,4.0
emblematica:E010701,2803,770,1.0,1.0,0.8504020973858869,0.0012987012987012987,0.006493506493506494,0.012987012987012988,7.0,4.0
emblematica:E010702,2803,1041,1.0,1.0,0.7813404630542887,0.0009606147934678194,0.004803073967339097,0.009606147934678195,39.0,5.0
emblematica:E010703,2803,978,1.0,1.0,0.7673082899214886,0.0010224948875255625,0.005112474437627812,0.010224948875255624,14.0,3.0
emblematica:E010704,2803,771,1.0,1.0,0.826920964161388,0.0012970168612191958,0.00648508430609598,0.01297016861219196,2.5,4.0
emblematica:E010705,2803,771,0.8800456786592188,1.0,0.8008593824209733,0.0012970168612191958,0.0038910505836575876,0.010376134889753566,6.0,3.0
emblematica:E010706,2803,751,0.8800456786592188,1.0,0.8109665753848637,0.0013315579227696406,0.0039946737683089215,0.010652463382157125,5.0,3.0
emblematica:E010707,2803,754,1.0,1.0,0.8587109386644429,0.001326259946949602,0.006631299734748011,0.013262599469496022,3.5,3.0
emblematica:E010708,2803,735,1.0,1.0,0.8642471219558803,0.0013605442176870747,0.006802721088435374,0.013605442176870748,3.5,3.0
emblematica:E010709,2803,756,1.0,1.0,0.8464007009225805,0.0013227513227513227,0.006613756613756613,0.013227513227513227,10.0,4.0
emblematica:E010710,2803,766,1.0,1.0,0.848511593689974,0.0013054830287206266,0.006527415143603133,0.013054830287206266,17.0,4.0
emblematica:E010711,2803,722,0.8845422444345158,1.0,0.8220602167557919,0.0013850415512465374,0.00554016620498615,0.0110803324099723,2.0,4.0
emblematica:E010712,2803,723,0.8845422444345158,1.0,0.8228568680740016,0.0013831258644536654,0.005532503457814661,0.011065006915629323,3.0,3.0
emblematica:E010713,2803,717,0.9477344873475497,1.0,0.8258332100989595,0.001394700139470014,0.00697350069735007,0.012552301255230125,2.0,3.0
emblematica:E010714,2803,999,0.9477344873475497,1.0,0.7791792464823213,0.001001001001001001,0.005005005005005005,0.009009009009009009,7.5,4.0
emblematica:E010715,2803,761,0.8926382747840401,1.0,0.8108743798901268,0.001314060446780552,0.005256241787122208,0.010512483574244415,5.0,3.0
emblematica:E010716,2803,774,0.9084363355122985,1.0,0.8238296806398142,0.0012919896640826874,0.00516795865633075,0.0103359173126615,3.0,3.0
emblematica:E010717,2803,952,1.0,1.0,0.7938552688434999,0.0010504201680672268,0.005252100840336135,0.01050420168067227,5.0,3.5
emblematica:E010718,2803,717,1.0,1.0,0.851847333521548,0.001394700139470014,0.00697350069735007,0.01394700139470014,5.0,3.0
emblematica:E010719,2803,728,1.0,1.0,0.8233723161829771,0.0013736263736263737,0.006868131868131868,0.013736263736263736,5.5,3.0
emblematica:E010720,2803,895,1.0,1.0,0.9067620887714523,0.0011173184357541898,0.00558659217877095,0.0111731843575419,8.0,3.0
emblematica:E010721,2803,742,1.0,1.0,0.8546115987093887,0.0013477088948787063,0.006738544474393531,0.013477088948787063,8.0,3.0
emblematica:E010722,2803,738,1.0,1.0,0.8506209575943994,0.0013550135501355014,0.006775067750677507,0.013550135501355014,6.0,3.0
emblematica:E010723,2803,761,0.9008240627729515,1.0,0.8192725023821634,0.001314060446780552,0.005256241787122208,0.010512483574244415,7.0,4.0
emblematica:E010724,2803,711,0.9008240627729515,1.0,0.8437762413543227,0.0014064697609001407,0.005625879043600563,0.011251758087201125,1.0,3.5
emblematica:E010725,2803,982,1.0,1.0,0.7856645248779375,0.0010183299389002036,0.0050916496945010185,0.010183299389002037,21.0,3.0
emblematica:E010726,2803,1020,1.0,1.0,0.7777774805525215,0.000980392156862745,0.004901960784313725,0.00980392156862745,12.5,3.0
emblematica:E010727,2803,720,0.8356329630349425,1.0,0.8360394665131831,0.001388888888888889,0.005555555555555556,0.009722222222222222,4.0,3.0
emblematica:E010728,2803,719,0.8356329630349425,1.0,0.8336579260140226,0.0013908205841446453,0.005563282336578581,0.009735744089012517,5.0,3.0
emblematica:E010729,2803,779,1.0,1.0,0.8081262524470604,0.0012836970474967907,0.006418485237483954,0.012836970474967908,10.5,3.0
emblematica:E010730,2803,746,1.0,1.0,0.8173072116665774,0.0013404825737265416,0.006702412868632708,0.013404825737265416,7.0,3.0
emblematica:E010731,2803,879,0.8942361982661556,1.0,0.7561517096321966,0.0011376564277588168,0.0034129692832764505,0.009101251422070534,6.0,3.0
emblematica:E010732,2803,778,0.9368077570869661,1.0,0.7891840945367351,0.0012853470437017994,0.005141388174807198,0.011568123393316195,9.0,3.5
emblematica:E010733,2803,1289,0.9432379215722525,1.0,0.7686052187493275,0.0007757951900698216,0.0031031807602792862,0.0069821567106283944,37.0,3.0
emblematica:E010734,2803,840,0.9432379215722525,1.0,0.7961920815969341,0.0011904761904761906,0.004761904761904762,0.010714285714285714,7.0,4.0
emblematica:E010735,2803,751,0.9074250374176303,1.0,0.8413137893555505,0.0013315579227696406,0.005326231691078562,0.011984021304926764,5.5,3.5
emblematica:E010736,2803,762,0.9074250374176303,1.0,0.832366725455943,0.0013123359580052493,0.005249343832020997,0.011811023622047244,2.0,3.0
emblematica:E010737,2803,718,1.0,1.0,0.8632021024229074,0.001392757660167131,0.006963788300835654,0.013927576601671309,1.0,3.0
emblematica:E010738,2803,741,1.0,1.0,0.8493402229210077,0.001349527665317139,0.006747638326585695,0.01349527665317139,6.0,4.0
emblematica:E010739,2803,157,0.6545872903864455,0.5,0.2011278705313599,0.0,0.012738853503184714,0.025477707006369428,2.0,3.5
emblematica:E010740,2803,71,0.3333333333333333,0.020833333333333332,0.035246091758626114,0.0,0.0,0.0,3.0,5.0
emblematica:E010741,2803,505,0.6988885181496467,1.0,0.27044483310721174,0.0019801980198019802,0.005940594059405941,0.009900990099009901,16.0,4.0
emblematica:E010742,2803,272,0.6101871780591608,1.0,0.19775720864734866,0.003676470588235294,0.011029411764705883,0.011029411764705883,2.0,3.5
emblematica:E010743,2803,857,0.9266360779006398,1.0,0.7895305690657717,0.0011668611435239206,0.004667444574095682,0.010501750291715286,10.0,4.0
emblematica:E010744,2803,721,0.9266360779006398,1.0,0.8309296038127318,0.0013869625520110957,0.005547850208044383,0.012482662968099861,4.0,3.0
emblematica:E010745,2803,847,0.6953352833215088,0.5,0.7445181088797334,0.0,0.0035419126328217238,0.0070838252656434475,16.0,3.0
emblematica:E010746,2803,79,0.3333333333333333,0.030303030303030304,0.03365705447348044,0.0,0.0,0.0,3.0,4.0
emblematica:E010747,2803,793,1.0,1.0,0.8302456386885224,0.0012610340479192938,0.006305170239596469,0.012610340479192938,4.5,3.5
emblematica:E010748,2803,725,1.0,1.0,0.8610357839568753,0.001379310344827586,0.006896551724137931,0.013793103448275862,1.0,3.0
emblematica:E010749,2803,730,1.0,1.0,0.8399147311487074,0.0013698630136986301,0.00684931506849315,0.0136986301369863,6.0,3.0
emblematica:E010750,2803,1025,1.0,1.0,0.7552762025676639,0.000975609756097561,0.004878048780487805,0.00975609756097561,18.0,4.0
emblematica:E010751,2803,765,0.8969504402810676,1.0,0.7810811564874762,0.00130718954248366,0.00522875816993464,0.01045751633986928,13.5,3.5
emblematica:E010752,2803,805,0.8969504402810676,1.0,0.7675406421966142,0.0012422360248447205,0.004968944099378882,0.009937888198757764,3.0,3.0
emblematica:E010753,2803,800,0.8990684392693266,1.0,0.7902035555783294,0.00125,0.005,0.01,11.0,3.0
emblematica:E010754,2803,831,0.8990684392693266,1.0,0.7565729261816914,0.0012033694344163659,0.0048134777376654635,0.009626955475330927,16.5,4.0
emblematica:E010755,2803,741,1.0,1.0,0.8367262241169672,0.001349527665317139,0.005398110661268556,0.012145748987854251,2.5,3.0
emblematica:E010756,2803,710,0.9074250374176303,1.0,0.8399809446139597,0.0014084507042253522,0.005633802816901409,0.01267605633802817,1.5,3.5
emblematica:E010757,2803,1059,0.9477344873475497,1.0,0.7435129684631899,0.0009442870632672333,0.004721435316336166,0.0084985835694051,24.5,4.0
emblematica:E010758,2803,751,0.9477344873475497,1.0,0.8280087787758703,0.0013315579227696406,0.006657789613848202,0.011984021304926764,6.0,3.0
emblematica:E010759,2803,803,1.0,1.0,0.8235319614829487,0.0012453300124533001,0.0062266500622665,0.012453300124533,6.0,4.0
emblematica:E010760,2803,800,1.0,1.0,0.830158605421215,0.00125,0.00625,0.0125,13.0,3.5
emblematica:E010761,2803,296,0.6101871780591608,1.0,0.21017643546144546,0.0033783783783783786,0.010135135135135136,0.010135135135135136,1.0,3.5
emblematica:E010762,2803,374,0.6101871780591608,1.0,0.19583076976665695,0.00267379679144385,0.008021390374331552,0.008021390374331552,7.0,3.0
emblematica:E010763,2803,734,0.9432379215722525,1.0,0.8248205957313188,0.0013623978201634877,0.005449591280653951,0.01226158038147139,1.0,4.0
emblematica:E010764,2803,773,0.9432379215722525,1.0,0.8113620893710896,0.00129366106080207,0.00517464424320828,0.01164294954721863,2.0,4.0
emblematica:E010765,2803,726,1.0,1.0,0.8280621916110885,0.0013774104683195593,0.006887052341597796,0.013774104683195593,6.5,3.0
emblematica:E010766,2803,805,1.0,1.0,0.8049968080743796,0.0012422360248447205,0.006211180124223602,0.012422360248447204,24.5,4.0
emblematica:E010767,2803,793,0.9477344873475497,1.0,0.8114740324364839,0.0012610340479192938,0.005044136191677175,0.01008827238335435,10.0,4.0
emblematica:E010768,2803,740,0.8743705652481896,1.0,0.8300275584496097,0.0013513513513513514,0.005405405405405406,0.010810810810810811,4.0,4.5
emblematica:E010769,2803,793,1.0,1.0,0.8267234533248172,0.0012610340479192938,0.006305170239596469,0.012610340479192938,17.0,4.0
emblematica:E010770,2803,744,1.0,1.0,0.8488687174180468,0.0013440860215053765,0.006720430107526882,0.013440860215053764,2.0,4.0
emblematica:E010771,2803,846,1.0,1.0,0.7826363230674673,0.001182033096926714,0.00591016548463357,0.01182033096926714,4.0,3.0
emblematica:E010772,2803,789,1.0,1.0,0.8021774615272408,0.0012674271229404308,0.0063371356147021544,0.012674271229404309,5.0,3.0
emblematica:E010773,2803,793,0.8585157560180569,1.0,0.8044346077788372,0.0012610340479192938,0.005044136191677175,0.01008827238335435,10.5,4.0
emblematica:E010774,2803,802,0.9510907186004266,1.0,0.8030864639160544,0.0012468827930174563,0.006234413965087282,0.011221945137157107,17.5,3.5
emblematica:E010775,2803,858,1.0,1.0,0.802131218908108,0.0011655011655011655,0.005827505827505828,0.011655011655011656,15.0,4.0
emblematica:E010776,2803,1043,1.0,1.0,0.7872329414980589,0.0009587727708533077,0.004793863854266539,0.009587727708533078,5.5,4.0
emblematica:E010777,2803,945,0.9510907186004266,1.0,0.7603671477444595,0.0010582010582010583,0.005291005291005291,0.009523809523809525,20.0,3.0
emblematica:E010778,2803,1008,0.9510907186004266,1.0,0.8700605580610501,0.000992063492063492,0.00496031746031746,0.008928571428571428,30.0,3.0
emblematica:E010779,2803,227,0.42590829591570295,0.5,0.19980971117025056,0.0,0.004405286343612335,0.004405286343612335,3.0,3.0
emblematica:E010780,2803,708,0.8532721558012798,0.5,0.8159601543394127,0.0,0.005649717514124294,0.012711864406779662,1.0,3.0
emblematica:E010781,2803,796,0.9074250374176303,1.0,0.8011864448671366,0.001256281407035176,0.005025125628140704,0.011306532663316583,14.0,4.0
emblematica:E010782,2803,834,1.0,1.0,0.9283204563230052,0.001199040767386091,0.005995203836930456,0.011990407673860911,1.5,3.0
emblematica:E010783,2803,185,0.3333333333333333,0.08333333333333333,0.057578879052342144,0.0,0.0,0.0,6.0,5.0
emblematica:E010784,2803,178,0.49977601913519276,0.3333333333333333,0.20754994465052917,0.0,0.0056179775280898875,0.016853932584269662,3.0,3.0
emblematica:E010785,2803,737,0.8532721558012798,0.5,0.7618583581695229,0.0,0.005427408412483039,0.012211668928086838,15.0,3.0
emblematica:E010786,2803,433,0.39652557624636714,0.25,0.22477590764730615,0.0,0.0023094688221709007,0.0023094688221709007,11.0,4.0
emblematica:E010787,2803,739,0.9074250374176303,1.0,0.822576536330796,0.0013531799729364006,0.005412719891745603,0.012178619756427604,5.5,3.0
emblematica:E010788,2803,728,0.9074250374176303,1.0,0.8290837005155243,0.0013736263736263737,0.005494505494505495,0.012362637362637362,3.5,3.0
emblematica:E010789,2803,187,0.6056906122838637,1.0,0.16885843618392798,0.0053475935828877,0.0053475935828877,0.0053475935828877,6.0,3.0
emblematica:E010790,2803,414,0.5432534204450873,1.0,0.19660799962508735,0.0024154589371980675,0.004830917874396135,0.004830917874396135,5.0,3.0
emblematica:E010791,2803,987,1.0,1.0,0.7767414842642271,0.0010131712259371835,0.005065856129685917,0.010131712259371834,27.5,4.0
emblematica:E010792,2803,736,1.0,1.0,0.8492847549153446,0.001358695652173913,0.006793478260869565,0.01358695652173913,3.0,3.0
emblematica:E010793,2803,947,0.9266360779006398,1.0,0.8951203906988474,0.0010559662090813093,0.004223864836325237,0.009503695881731784,18.0,3.0
emblematica:E010794,2803,393,0.8111783223351559,1.0,0.235191577314281,0.002544529262086514,0.007633587786259542,0.017811704834605598,3.0,3.5
emblematica:E010795,2803,177,0.43426489406400665,0.2,0.16485649555514445,0.0,0.005649717514124294,0.011299435028248588,3.0,3.0
emblematica:E010796,2803,731,0.7523405950706065,0.5,0.7901678048062816,0.0,0.004103967168262654,0.009575923392612859,7.0,3.0
emblematica:E010797,2803,875,0.9537125187088151,1.0,0.8951716122903992,0.001142857142857143,0.005714285714285714,0.010285714285714285,3.0,3.0
emblematica:E010798,2803,199,0.7913443385687328,1.0,0.26226471091127695,0.005025125628140704,0.01507537688442211,0.03015075376884422,2.0,4.0
emblematica:E010799,2803,244,0.538273097059613,1.0,0.21538002552275481,0.004098360655737705,0.004098360655737705,0.00819672131147541,17.0,4.0
emblematica:E010800,2803,893,1.0,1.0,0.8940902059835806,0.0011198208286674132,0.005599104143337066,0.011198208286674132,5.5,3.5
emblematica:E010801,2803,162,0.7390788259162825,1.0,0.230202928290041,0.006172839506172839,0.018518518518518517,0.030864197530864196,2.0,3.0
emblematica:E010802,2803,419,0.7991971355969067,1.0,0.2332055008683122,0.002386634844868735,0.00954653937947494,0.014319809069212411,10.0,4.0
emblematica:E010803,2803,227,0.6460000622137831,1.0,0.19702221351246146,0.004405286343612335,0.013215859030837005,0.013215859030837005,4.0,4.0
emblematica:E010804,2803,229,0.6884139210130843,1.0,0.1786375819585736,0.004366812227074236,0.013100436681222707,0.013100436681222707,11.0,3.0
emblematica:E010805,2803,282,0.599576952108917,0.14285714285714285,0.16948772917019833,0.0,0.0,0.0035460992907801418,7.0,4.0
emblematica:E010806,2803,991,0.9510907186004266,0.5,0.7733940862186254,0.0,0.004036326942482341,0.008072653884964682,9.0,3.0
emblematica:E010807,2803,725,0.9510907186004266,1.0,0.834923867326132,0.001379310344827586,0.006896551724137931,0.012413793103448275,9.0,3.0
emblematica:E010808,2803,763,1.0,1.0,0.8247077567734075,0.001310615989515072,0.00655307994757536,0.011795543905635648,10.0,4.0
emblematica:E010809,2803,817,1.0,1.0,0.8446268668133781,0.0012239902080783353,0.006119951040391677,0.012239902080783354,8.0,4.0
emblematica:E010810,2803,1063,1.0,1.0,0.7908026585315293,0.0009407337723424271,0.004703668861712135,0.00940733772342427,45.5,3.5
emblematica:E010811,2803,856,0.9510907186004266,1.0,0.8034215895287347,0.0011682242990654205,0.005841121495327103,0.010514018691588784,5.0,4.0
emblematica:E010812,2803,1035,0.9510907186004266,1.0,0.7540594660423922,0.000966183574879227,0.004830917874396135,0.008695652173913044,24.5,4.0
emblematica:E010813,2803,785,0.8800456786592188,1.0,0.798332907340446,0.0012738853503184713,0.003821656050955414,0.01019108280254777,15.0,3.0
emblematica:E010814,2803,761,0.8800456786592188,1.0,0.8239152923546682,0.001314060446780552,0.003942181340341655,0.010512483574244415,4.0,4.0
emblematica:E010815,2803,949,0.9575861412006987,1.0,0.759753188789678,0.001053740779768177,0.005268703898840885,0.009483667017913594,17.0,5.0
emblematica:E010816,2803,757,0.9575861412006987,1.0,0.8084244871376701,0.001321003963011889,0.0066050198150594455,0.011889035667107,12.0,4.0
emblematica:E010817,2803,751,1.0,1.0,0.8297387429781355,0.0013315579227696406,0.006657789613848202,0.013315579227696404,4.0,3.0
emblematica:E010818,2803,723,1.0,1.0,0.841556807012392,0.0013831258644536654,0.006915629322268326,0.013831258644536652,4.5,3.5
emblematica:E010819,2803,176,0.48910053882873683,0.5,0.14418468520248767,0.0,0.011363636363636364,0.011363636363636364,3.5,4.0
emblematica:E010820,2803,900,0.8532721558012798,0.5,0.7660848832829581,0.0,0.0044444444444444444,0.01,32.0,4.0
emblematica:E010821,2803,727,0.9368077570869661,1.0,0.8462968745919277,0.001375515818431912,0.005502063273727648,0.012379642365887207,4.0,4.0
emblematica:E010822,2803,865,0.9368077570869661,1.0,0.797763507111772,0.0011560693641618498,0.004624277456647399,0.010404624277456647,23.5,4.0
emblematica:E010823,2803,925,1.0,1.0,0.7633241043103448,0.001081081081081081,0.005405405405405406,0.010810810810810811,13.0,3.0
emblematica:E010824,2803,750,1.0,1.0,0.8259160900034548,0.0013333333333333333,0.006666666666666667,0.013333333333333334,15.0,3.0
emblematica:E010825,2803,760,0.9558305176970738,1.0,0.8075052713287543,0.0013157894736842105,0.006578947368421052,0.011842105263157895,8.0,3.0
emblematica:E010826,2803,772,1.0,1.0,0.7998177075985428,0.0012953367875647669,0.006476683937823834,0.012953367875647668,12.0,3.0
emblematica:E010827,2803,946,1.0,1.0,0.7790323708818783,0.0010570824524312897,0.005285412262156448,0.010570824524312896,6.0,3.0
emblematica:E010828,2803,781,1.0,1.0,0.8112620748104286,0.0012804097311139564,0.006402048655569782,0.012804097311139564,11.0,3.0
emblematica:E010829,2803,271,0.3333333333333333,0.06666666666666667,0.17298495845130393,0.0,0.0,0.0,12.5,3.5
emblematica:E010830,2803,958,0.8532721558012798,0.5,0.7658359799987382,0.0,0.0041753653444676405,0.009394572025052192,9.0,3.0
emblematica:E010831,2803,731,1.0,1.0,0.8510731480134087,0.0013679890560875513,0.006839945280437756,0.013679890560875513,2.5,3.0
emblematica:E010832,2803,816,1.0,1.0,0.8174252594764155,0.0012254901960784314,0.006127450980392157,0.012254901960784314,17.0,4.5
emblematica:E010833,2803,739,0.9477344873475497,1.0,0.8246745597440701,0.0013531799729364006,0.006765899864682003,0.012178619756427604,2.0,3.0
emblematica:E010834,2803,737,0.9477344873475497,1.0,0.8259521299881284,0.0013568521031207597,0.0067842605156037995,0.012211668928086838,3.0,3.0
emblematica:E010835,2803,724,1.0,1.0,0.8315246630406216,0.0013812154696132596,0.006906077348066298,0.013812154696132596,2.5,3.0
emblematica:E010836,2803,858,1.0,1.0,0.8005482569253746,0.0011655011655011655,0.005827505827505828,0.011655011655011656,22.0,4.0
emblematica:E010837,2803,837,0.9266360779006398,1.0,0.8145366994188281,0.0011947431302270011,0.0047789725209080045,0.009557945041816009,20.0,4.0
emblematica:E010838,2803,842,0.9266360779006398,1.0,0.810053381898838,0.0011876484560570072,0.004750593824228029,0.009501187648456057,12.0,3.0
emblematica:E010839,2803,797,1.0,1.0,0.7968564692897638,0.0012547051442910915,0.006273525721455458,0.012547051442910916,13.5,3.0
emblematica:E010840,2803,743,1.0,1.0,0.8238148307166386,0.0013458950201884253,0.006729475100942127,0.013458950201884253,4.5,4.5
emblematica:E010841,2803,723,0.9035650050446237,1.0,0.7886257032325033,0.0013831258644536654,0.006915629322268326,0.011065006915629323,2.0,4.0
emblematica:E010842,2803,936,0.9035650050446237,1.0,0.7514755190253665,0.0010683760683760685,0.005341880341880342,0.008547008547008548,5.5,4.0
emblematica:E010843,2803,759,0.8969504402810676,1.0,0.8307771501712785,0.0013175230566534915,0.005270092226613966,0.010540184453227932,5.0,4.0
emblematica:E010844,2803,850,0.9432379215722525,1.0,0.9230185182193249,0.001176470588235294,0.004705882352941176,0.010588235294117647,2.0,4.0
emblematica:E010845,2803,756,0.7442445647210822,0.5,0.8079265354682426,0.0,0.003968253968253968,0.009259259259259259,11.0,4.0
emblematica:E010846,2803,167,0.44236092441353086,0.2,0.14820523366138544,0.0,0.005988023952095809,0.011976047904191617,2.5,4.0
emblematica:E010847,2803,191,0.6186626737431299,1.0,0.25494181641063135,0.005235602094240838,0.010471204188481676,0.015706806282722512,1.5,4.0
emblematica:E010848,2803,241,0.6396884154004634,1.0,0.24710744165822232,0.004149377593360996,0.008298755186721992,0.016597510373443983,4.0,3.0
emblematica:E010849,2803,720,0.9510907186004266,1.0,0.8254086371494861,0.001388888888888889,0.006944444444444444,0.0125,2.5,3.0
emblematica:E010850,2803,980,1.0,1.0,0.7737128998848066,0.0010204081632653062,0.00510204081632653,0.01020408163265306,18.0,4.0
emblematica:E010851,2803,117,0.41991667443556047,0.1111111111111111,0.05843975495676647,0.0,0.0,0.017094017094017096,2.0,3.5
emblematica:E010852,2803,194,0.3900954117610806,0.2,0.1906734545606493,0.0,0.005154639175257732,0.005154639175257732,2.0,4.0
emblematica:E010853,2803,231,0.6438820632255243,1.0,0.17962366782753034,0.004329004329004329,0.008658008658008658,0.017316017316017316,2.0,4.0
emblematica:E010854,2803,165,0.6438820632255243,1.0,0.15523508074804115,0.006060606060606061,0.012121212121212121,0.024242424242424242,1.0,3.0
emblematica:E010855,2803,540,0.7200984154576315,1.0,0.2525794519990508,0.001851851851851852,0.003703703703703704,0.007407407407407408,3.0,3.0
emblematica:E010856,2803,206,0.5921627018446607,1.0,0.18351748238632146,0.0048543689320388345,0.009708737864077669,0.014563106796116505,2.0,4.0
emblematica:E010857,2803,261,0.564467470207145,1.0,0.16610251730959033,0.0038314176245210726,0.007662835249042145,0.007662835249042145,12.5,3.0
emblematica:E010858,2803,230,0.5534250996314135,1.0,0.19096235599049521,0.004347826086956522,0.008695652173913044,0.008695652173913044,4.5,4.0
emblematica:E010859,2803,1022,0.9537125187088151,1.0,0.7146934170651685,0.0009784735812133072,0.004892367906066536,0.008806262230919765,16.0,3.0
emblematica:E010860,2803,729,0.9537125187088151,1.0,0.8036876662019062,0.0013717421124828531,0.006858710562414266,0.012345679012345678,2.0,4.0
emblematica:E010861,2803,781,0.7448107236659037,1.0,0.7716022323234417,0.0012804097311139564,0.0038412291933418692,0.006402048655569782,14.0,3.0
emblematica:E010862,2803,747,0.7814926847155836,1.0,0.7911531690235164,0.0013386880856760374,0.004016064257028112,0.008032128514056224,11.0,3.0
emblematica:E010863,2803,27,0.38559884598578353,0.16666666666666666,0.021677562457254208,0.0,0.0,0.037037037037037035,4.5,3.0
emblematica:E010864,2803,194,0.45480275388891245,0.2,0.2282281440112129,0.0,0.005154639175257732,0.010309278350515464,5.0,3.0
emblematica:E010865,2803,832,1.0,1.0,0.9257840923290149,0.001201923076923077,0.006009615384615385,0.01201923076923077,3.0,3.0
emblematica:E010866,2803,934,0.9537125187088151,1.0,0.7513882705550466,0.0010706638115631692,0.0053533190578158455,0.009635974304068522,3.0,3.0
emblematica:E010867,2803,1119,1.0,1.0,0.8523929724623701,0.0008936550491510277,0.004468275245755138,0.008936550491510277,22.0,3.0
emblematica:E010868,2803,752,1.0,1.0,0.8422768860009319,0.0013297872340425532,0.006648936170212766,0.013297872340425532,11.0,3.0
emblematica:E010869,2803,1039,0.9266360779006398,1.0,0.8362536688289334,0.0009624639076034649,0.0038498556304138597,0.008662175168431183,9.0,3.0
emblematica:E010870,2803,1085,0.9266360779006398,1.0,0.7537305460571371,0.0009216589861751152,0.003686635944700461,0.008294930875576038,20.5,4.0
emblematica:E010871,2803,749,0.9558305176970738,1.0,0.8249225542220847,0.0013351134846461949,0.006675567423230975,0.012016021361815754,9.5,3.0
emblematica:E010872,2803,739,0.8824665955977139,1.0,0.8231871151792668,0.0013531799729364006,0.005412719891745603,0.010825439783491205,8.0,3.0
emblematica:E010873,2803,794,0.9575861412006987,1.0,0.8025382332097524,0.0012594458438287153,0.006297229219143577,0.011335012594458438,12.0,3.5
emblematica:E010874,2803,891,0.9575861412006987,1.0,0.7592025381499833,0.001122334455667789,0.005611672278338945,0.010101010101010102,15.0,4.0
emblematica:E010875,2803,781,0.9266360779006398,1.0,0.8146088449211982,0.0012804097311139564,0.005121638924455826,0.011523687580025609,13.0,3.0
emblematica:E010876,2803,1046,0.9266360779006398,1.0,0.8606907137154238,0.0009560229445506692,0.0038240917782026767,0.008604206500956023,3.0,3.0
emblematica:E010877,2803,929,0.9368077570869661,1.0,0.7687677623625473,0.001076426264800861,0.004305705059203444,0.00968783638320775,5.0,3.0
emblematica:E010878,2803,944,0.9368077570869661,1.0,0.763604415289978,0.001059322033898305,0.00423728813559322,0.009533898305084746,6.0,4.0
emblematica:E010879,2803,221,0.5463664183766138,0.2,0.1559426195516385,0.0,0.004524886877828055,0.00904977375565611,9.5,3.5
emblematica:E010880,2803,253,0.39652557624636714,0.25,0.10184398377585176,0.0,0.003952569169960474,0.003952569169960474,17.0,4.0
emblematica:E010881,2803,849,1.0,1.0,0.9217470083362655,0.001177856301531213,0.005889281507656066,0.011778563015312132,12.5,3.5
emblematica:E010882,2803,910,1.0,1.0,0.7931079348639564,0.001098901098901099,0.005494505494505495,0.01098901098901099,10.5,3.0
emblematica:E010883,2803,948,0.7887793227989363,0.5,0.742606504301659,0.0,0.004219409282700422,0.007383966244725738,7.0,5.0
emblematica:E010884,2803,284,0.5279521668627842,0.2,0.22509433166981677,0.0,0.0035211267605633804,0.01056338028169014,11.0,3.0
emblematica:E010885,2803,730,0.9432379215722525,1.0,0.8396788106659936,0.0013698630136986301,0.005479452054794521,0.012328767123287671,5.0,3.0
emblematica:E010886,2803,767,0.9432379215722525,1.0,0.8238489932968898,0.001303780964797914,0.005215123859191656,0.011734028683181226,5.0,3.5
emblematica:E010887,2803,730,1.0,1.0,0.8377296720642482,0.0013698630136986301,0.00684931506849315,0.0136986301369863,6.5,3.0
emblematica:E010888,2803,872,1.0,1.0,0.9137689217409846,0.0011467889908256881,0.005733944954128441,0.011467889908256881,10.0,3.5
emblematica:E010889,2803,708,0.8043628744017064,0.5,0.8231403144167063,0.0,0.005649717514124294,0.011299435028248588,1.5,2.5
emblematica:E010890,2803,188,0.388813570295747,0.1,0.09521394482283191,0.0,0.0,0.005319148936170213,7.0,4.0
emblematica:E010891,2803,764,0.8468029266168764,0.5,0.7725428998971914,0.0,0.003926701570680628,0.007853403141361256,11.0,5.0
emblematica:E010892,2803,235,0.633258250915177,0.2,0.1687061400745534,0.0,0.00425531914893617,0.01276595744680851,12.0,3.5
emblematica:E010893,2803,836,0.9575861412006987,1.0,0.7769859173216014,0.0011961722488038277,0.005980861244019139,0.01076555023923445,15.0,3.5
emblematica:E010894,2803,858,0.9575861412006987,1.0,0.7737830928297897,0.0011655011655011655,0.005827505827505828,0.01048951048951049,34.0,4.0
emblematica:E010895,2803,188,0.47219577720688777,0.5,0.1947568731938054,0.0,0.005319148936170213,0.010638297872340425,3.5,4.0
emblematica:E010896,2803,734,0.68733327111955,0.25,0.7873191350925783,0.0,0.0027247956403269754,0.009536784741144414,11.0,4.0
emblematica:E010897,2803,724,0.8043628744017064,0.5,0.8082070175801539,0.0,0.0055248618784530384,0.011049723756906077,3.5,3.5
emblematica:E010898,2803,158,0.38224261473290666,0.14285714285714285,0.15314134906974272,0.0,0.0,0.006329113924050633,2.5,3.0
emblematica:E010899,2803,727,0.863443834987606,1.0,0.8316417251742894,0.001375515818431912,0.0041265474552957355,0.011004126547455296,4.0,3.5
emblematica:E010900,2803,717,0.863443834987606,1.0,0.831696046255662,0.001394700139470014,0.0041841004184100415,0.011157601115760111,3.0,3.0
emblematica:E010901,2803,24,0.3333333333333333,0.0045871559633027525,0.00908658824579334,0.0,0.0,0.0,2.0,4.0
emblematica:E010902,2803,66,0.3333333333333333,0.034482758620689655,0.033792835029216615,0.0,0.0,0.0,10.0,4.0
emblematica:E010903,2803,763,0.9537125187088151,1.0,0.7794648438527902,0.001310615989515072,0.00655307994757536,0.011795543905635648,17.5,3.0
emblematica:E010904,2803,1002,0.9537125187088151,1.0,0.7492070797226654,0.000998003992015968,0.00499001996007984,0.008982035928143712,12.0,3.0
emblematica:E010905,2803,930,1.0,1.0,0.7951886443365785,0.001075268817204301,0.005376344086021506,0.010752688172043012,7.5,3.5
emblematica:E010906,2803,713,0.9537125187088151,1.0,0.8503193501422159,0.001402524544179523,0.0070126227208976155,0.012622720897615708,1.0,5.0
emblematica:E010907,2803,837,1.0,1.0,0.8027274012247397,0.0011947431302270011,0.005973715651135006,0.011947431302270013,18.5,4.0
emblematica:E010908,2803,740,1.0,1.0,0.8371192456641763,0.0013513513513513514,0.006756756756756757,0.013513513513513514,12.0,3.0
emblematica:E010909,2803,804,0.9266360779006398,1.0,0.8083939176836777,0.0012437810945273632,0.004975124378109453,0.011194029850746268,6.5,3.0
emblematica:E010910,2803,831,0.9266360779006398,1.0,0.8003546085389455,0.0012033694344163659,0.0048134777376654635,0.010830324909747292,14.0,4.0
emblematica:E010911,2803,1053,1.0,1.0,0.7833214416977972,0.000949667616334283,0.004748338081671415,0.00949667616334283,21.5,4.0
emblematica:E010912,2803,765,1.0,1.0,0.8339905786529296,0.00130718954248366,0.006535947712418301,0.013071895424836602,7.5,4.0
emblematica:E010913,2803,796,0.9575861412006987,1.0,0.8304351551673522,0.001256281407035176,0.00628140703517588,0.011306532663316583,7.0,3.5
emblematica:E010914,2803,745,0.9575861412006987,1.0,0.8468431120886561,0.0013422818791946308,0.006711409395973154,0.012080536912751677,14.0,3.5
emblematica:E010915,2803,769,0.865011178618329,1.0,0.7947491735537199,0.0013003901170351106,0.005201560468140442,0.010403120936280884,17.0,4.0
emblematica:E010916,2803,964,0.865011178618329,1.0,0.7552170718044129,0.001037344398340249,0.004149377593360996,0.008298755186721992,9.0,4.0
emblematica:E010917,2803,741,0.9134166588977728,1.0,0.8318456084009941,0.001349527665317139,0.006747638326585695,0.010796221322537112,4.5,3.5
emblematica:E010918,2803,770,0.9134166588977728,1.0,0.8226028709511939,0.0012987012987012987,0.006493506493506494,0.01038961038961039,3.0,3.0
emblematica:E010919,2803,747,1.0,1.0,0.8293306743117291,0.0013386880856760374,0.006693440428380187,0.013386880856760375,11.0,3.0
emblematica:E010920,2803,753,1.0,1.0,0.8300123831793483,0.0013280212483399733,0.006640106241699867,0.013280212483399735,5.0,3.0
emblematica:E010921,2803,729,0.8043628744017064,0.5,0.7828507564734598,0.0,0.0054869684499314125,0.010973936899862825,8.5,3.0
emblematica:E010922,2803,216,0.5211050586064612,0.5,0.17017167416476353,0.0,0.004629629629629629,0.013888888888888888,3.0,3.0
emblematica:E010923,2803,752,0.5905953582139375,0.5,0.7372830853775069,0.0,0.0026595744680851063,0.005319148936170213,7.0,3.0
emblematica:E010924,2803,191,0.5328178880076417,0.2,0.19580771929133514,0.0,0.005235602094240838,0.020942408376963352,3.0,3.0
emblematica:E010925,2803,228,0.85515952476518,1.0,0.2756609451516667,0.0043859649122807015,0.017543859649122806,0.03508771929824561,17.0,4.0
emblematica:E010926,2803,218,0.85515952476518,1.0,0.27632895871659086,0.0045871559633027525,0.01834862385321101,0.03669724770642202,12.0,4.0
emblematica:E010927,2803,1014,0.9510907186004266,1.0,0.7924699841772124,0.0009861932938856016,0.004930966469428008,0.008875739644970414,12.0,3.0
emblematica:E010928,2803,780,0.9510907186004266,1.0,0.809312512639321,0.001282051282051282,0.00641025641025641,0.011538461538461539,22.0,3.5
emblematica:E010929,2803,60,0.3475238529402701,0.043478260869565216,0.03401084869938518,0.0,0.0,0.0,6.0,3.0
emblematica:E010930,2803,901,0.8532721558012798,0.5,0.8916824444652357,0.0,0.004439511653718091,0.009988901220865706,18.0,3.0
emblematica:E010931,2803,773,1.0,1.0,0.836491725285598,0.00129366106080207,0.00646830530401035,0.0129366106080207,14.0,3.0
emblematica:E010932,2803,798,1.0,1.0,0.8250679391828609,0.0012531328320802004,0.006265664160401002,0.012531328320802004,3.5,4.5
emblematica:E010933,2803,790,1.0,1.0,0.8083864971696363,0.0012658227848101266,0.006329113924050633,0.012658227848101266,17.0,3.0
emblematica:E010934,2803,754,0.9510907186004266,1.0,0.814489660372534,0.001326259946949602,0.006631299734748011,0.011936339522546418,9.5,3.0
emblematica:E010935,2803,722,1.0,1.0,0.8562096397014076,0.0013850415512465374,0.006925207756232687,0.013850415512465374,13.0,3.0
emblematica:E010936,2803,935,1.0,1.0,0.785012372815368,0.0010695187165775401,0.0053475935828877,0.0106951871657754,18.5,3.5
emblematica:E010937,2803,754,0.8926382747840401,1.0,0.7618432505529591,0.001326259946949602,0.005305039787798408,0.010610079575596816,17.0,4.0
emblematica:E010938,2803,190,0.5874229027480132,1.0,0.2154026236624066,0.005263157894736842,0.010526315789473684,0.015789473684210527,1.0,3.5
emblematica:E010939,2803,769,0.9537125187088151,1.0,0.8068537923876776,0.0013003901170351106,0.006501950585175552,0.011703511053315995,15.5,3.5
emblematica:E010940,2803,740,0.9537125187088151,1.0,0.8177049404777575,0.0013513513513513514,0.006756756756756757,0.012162162162162163,6.0,4.0
emblematica:E010941,2803,746,0.499272218015063,0.5,0.7369781955311223,0.0,0.002680965147453083,0.002680965147453083,8.0,3.5
emblematica:E010942,2803,162,0.5960101309206756,0.25,0.22594794628070827,0.0,0.012345679012345678,0.030864197530864196,1.0,4.0
emblematica:E010943,2803,760,1.0,1.0,0.8537183516254514,0.0013157894736842105,0.006578947368421052,0.013157894736842105,2.0,4.0
emblematica:E010944,2803,791,1.0,1.0,0.8358695617919828,0.0012642225031605564,0.006321112515802781,0.012642225031605562,13.0,4.5
emblematica:E010945,2803,816,0.9477344873475497,1.0,0.8275363341719142,0.0012254901960784314,0.006127450980392157,0.011029411764705883,21.0,3.0
emblematica:E010946,2803,717,0.9477344873475497,1.0,0.8592410425139635,0.001394700139470014,0.00697350069735007,0.012552301255230125,5.5,3.0
emblematica:E010947,2803,749,1.0,1.0,0.8335491093025186,0.0013351134846461949,0.006675567423230975,0.01335113484646195,7.0,3.0
emblematica:E010948,2803,732,1.0,1.0,0.8500653003070233,0.001366120218579235,0.006830601092896175,0.01366120218579235,5.0,3.5
emblematica:E010949,2803,746,0.9368077570869661,1.0,0.8254522624944335,0.0013404825737265416,0.005361930294906166,0.012064343163538873,9.5,2.5
emblematica:E010950,2803,748,0.9368077570869661,1.0,0.8272900727473915,0.001336898395721925,0.0053475935828877,0.012032085561497326,7.0,3.0
emblematica:E010951,2803,715,0.9558305176970738,1.0,0.8331430422092794,0.0013986013986013986,0.006993006993006993,0.011188811188811189,2.0,4.0
emblematica:E010952,2803,761,0.9134166588977728,1.0,0.8283949749213038,0.001314060446780552,0.006570302233902759,0.010512483574244415,19.0,4.0
emblematica:E010953,2803,845,1.0,1.0,0.8278988260136135,0.001183431952662722,0.005917159763313609,0.011834319526627219,31.0,3.0
emblematica:E010954,2803,710,1.0,1.0,0.8595135111346569,0.0014084507042253522,0.007042253521126761,0.014084507042253521,1.0,5.0
emblematica:E010955,2803,722,0.5957072129704393,0.5,0.7998149888087643,0.0,0.002770083102493075,0.00554016620498615,3.0,3.0
emblematica:E010956,2803,158,0.42465647353220776,0.14285714285714285,0.15157958670101565,0.0,0.0,0.012658227848101266,2.0,4.0
emblematica:E010957,2803,711,0.9266360779006398,1.0,0.815329134076682,0.0014064697609001407,0.005625879043600563,0.012658227848101266,4.0,3.0
emblematica:E010958,2803,721,0.9266360779006398,1.0,0.8126495557995854,0.0013869625520110957,0.005547850208044383,0.012482662968099861,4.0,3.0
emblematica:E010959,2803,720,0.6326891916800615,0.5,0.7615099330381314,0.0,0.002777777777777778,0.006944444444444444,6.0,3.0
emblematica:E010960,2803,230,0.4529847367238781,0.3333333333333333,0.24597985919320822,0.0,0.004347826086956522,0.008695652173913044,7.0,4.0
emblematica:E010961,2803,237,0.8187236973271442,1.0,0.33318057096770437,0.004219409282700422,0.016877637130801686,0.029535864978902954,5.0,3.5
emblematica:E010962,2803,192,0.8611375561264454,1.0,0.35028242430538703,0.005208333333333333,0.020833333333333332,0.041666666666666664,3.5,3.5
emblematica:E010963,2803,776,0.9575861412006987,1.0,0.8272269540842655,0.001288659793814433,0.006443298969072165,0.011597938144329897,10.0,3.0
emblematica:E010964,2803,718,0.9575861412006987,1.0,0.8548247491157444,0.001392757660167131,0.006963788300835654,0.012534818941504178,1.5,3.5
emblematica:E010965,2803,709,0.8969504402810676,1.0,0.839436214206472,0.0014104372355430183,0.005641748942172073,0.011283497884344146,1.0,3.0
emblematica:E010966,2803,716,0.8969504402810676,1.0,0.8366537728670347,0.0013966480446927375,0.00558659217877095,0.0111731843575419,7.5,3.0
emblematica:E010967,2803,714,0.9477344873475497,1.0,0.8292478237948733,0.0014005602240896359,0.0070028011204481795,0.012605042016806723,1.0,4.0
emblematica:E010968,2803,921,0.9477344873475497,1.0,0.7798346605895364,0.0010857763300760044,0.0054288816503800215,0.009771986970684038,12.5,4.5
emblematica:E010969,2803,936,1.0,1.0,0.7814636013648131,0.0010683760683760685,0.005341880341880342,0.010683760683760684,29.0,4.0
emblematica:E010970,2803,850,1.0,1.0,0.8203525302767122,0.001176470588235294,0.0058823529411764705,0.011764705882352941,21.5,3.5
emblematica:E010971,2803,751,1.0,1.0,0.8494346186150349,0.0013315579227696406,0.006657789613848202,0.013315579227696404,11.5,3.5
emblematica:E010972,2803,746,1.0,1.0,0.8498705798840188,0.0013404825737265416,0.006702412868632708,0.013404825737265416,2.0,4.0
emblematica:E010973,2803,757,1.0,1.0,0.7994119206038945,0.001321003963011889,0.0066050198150594455,0.013210039630118891,11.0,4.0
emblematica:E010974,2803,739,1.0,1.0,0.8031753666791435,0.0013531799729364006,0.006765899864682003,0.013531799729364006,5.5,3.5
emblematica:E010975,2803,786,1.0,1.0,0.8208841476730895,0.001272264631043257,0.006361323155216285,0.01272264631043257,6.0,4.0
emblematica:E010976,2803,794,1.0,1.0,0.8203642185838886,0.0012594458438287153,0.006297229219143577,0.012594458438287154,17.0,4.0
emblematica:E010977,2803,754,1.0,1.0,0.8447207132981167,0.001326259946949602,0.006631299734748011,0.013262599469496022,11.5,4.0
emblematica:E010978,2803,943,1.0,1.0,0.8029278264773548,0.0010604453870625664,0.005302226935312832,0.010604453870625663,7.0,3.0
emblematica:E010979,2803,728,1.0,1.0,0.8570575548907216,0.0013736263736263737,0.006868131868131868,0.013736263736263736,2.0,4.0
emblematica:E010980,2803,728,1.0,1.0,0.8535569443977786,0.0013736263736263737,0.006868131868131868,0.013736263736263736,1.0,4.0
emblematica:E010981,2803,1040,1.0,1.0,0.7802930722929294,0.0009615384615384616,0.004807692307692308,0.009615384615384616,46.5,3.5
emblematica:E010982,2803,725,1.0,1.0,0.8260195014244806,0.001379310344827586,0.006896551724137931,0.013793103448275862,2.0,3.0
emblematica:E010983,2803,854,1.0,1.0,0.7895762522012402,0.00117096018735363,0.00585480093676815,0.0117096018735363,2.0,4.0
emblematica:E010984,2803,719,1.0,1.0,0.8390781891311561,0.0013908205841446453,0.006954102920723227,0.013908205841446454,2.0,3.0
emblematica:E010985,2803,735,1.0,1.0,0.8527103629022597,0.0013605442176870747,0.006802721088435374,0.013605442176870748,2.0,3.0
emblematica:E010986,2803,803,1.0,1.0,0.8334333271227385,0.0012453300124533001,0.0062266500622665,0.012453300124533,14.0,3.5
emblematica:E010987,2803,784,0.9575861412006987,1.0,0.8151076279647276,0.0012755102040816326,0.006377551020408163,0.011479591836734694,5.0,5.0
emblematica:E010988,2803,708,0.9575861412006987,1.0,0.8484168767336888,0.0014124293785310734,0.007062146892655367,0.012711864406779662,1.0,5.0
emblematica:E010989,2803,970,0.6894512701078089,0.5,0.6958307406633312,0.0,0.003092783505154639,0.006185567010309278,15.0,4.0
emblematica:E010990,2803,217,0.6171085403675853,0.3333333333333333,0.23058471833017227,0.0,0.013824884792626729,0.02304147465437788,1.0,3.0
emblematica:E010991,2803,753,1.0,1.0,0.8093481203325052,0.0013280212483399733,0.006640106241699867,0.013280212483399735,11.0,3.0
emblematica:E010992,2803,837,1.0,1.0,0.7807377714253342,0.0011947431302270011,0.005973715651135006,0.011947431302270013,14.0,4.0
emblematica:E010993,2803,1010,0.575683879930964,0.5,0.6802780383741827,0.0,0.0019801980198019802,0.0039603960396039604,14.0,4.0
emblematica:E010994,2803,153,0.7165277109159841,0.3333333333333333,0.25846816669195577,0.0,0.0196078431372549,0.0457516339869281,4.0,4.0
emblematica:E010995,2803,448,0.4852921744518388,0.14285714285714285,0.21884540070836542,0.0,0.0,0.004464285714285714,13.0,3.5
emblematica:E010996,2803,773,0.68733327111955,0.25,0.7875986594303968,0.0,0.00258732212160414,0.009055627425614488,10.0,3.0
emblematica:E010997,2803,793,1.0,1.0,0.8387124848858685,0.0012610340479192938,0.006305170239596469,0.012610340479192938,8.0,3.5
emblematica:E010998,2803,933,1.0,1.0,0.7851550889758812,0.0010718113612004287,0.0053590568060021436,0.010718113612004287,8.5,3.5
emblematica:E010999,2803,231,0.5809927382627267,0.2,0.19425802729128744,0.0,0.004329004329004329,0.004329004329004329,8.0,3.0
emblematica:E011000,2803,732,1.0,0.5,0.8254024376075709,0.0,0.00546448087431694,0.012295081967213115,3.0,3.0
emblematica:E011001,2803,312,0.3475238529402701,0.07142857142857142,0.18130223035060675,0.0,0.0,0.0,12.5,3.0
emblematica:E011002,2803,767,0.8532721558012798,0.5,0.7780942420601938,0.0,0.005215123859191656,0.011734028683181226,12.5,3.0
emblematica:E011003,2803,717,0.5804236790276114,0.5,0.7496806903624306,0.0,0.002789400278940028,0.005578800557880056,2.0,3.0
emblematica:E011004,2803,212,0.5052502493763283,0.3333333333333333,0.20877677275782375,0.0,0.0047169811320754715,0.014150943396226415,6.5,3.5
emblematica:E011005,2803,731,0.7537758309104855,1.0,0.7969666467881534,0.0013679890560875513,0.004103967168262654,0.008207934336525308,2.5,3.0
emblematica:E011006,2803,713,0.7537758309104855,1.0,0.8051676214673341,0.001402524544179523,0.004207573632538569,0.008415147265077139,2.5,3.5
emblematica:E011007,2803,714,1.0,1.0,0.8076781053978312,0.0014005602240896359,0.0070028011204481795,0.014005602240896359,2.0,4.0
emblematica:E011008,2803,726,1.0,1.0,0.8106201985036244,0.0013774104683195593,0.006887052341597796,0.013774104683195593,4.0,3.0
emblematica:E011009,2803,735,0.8457846345480339,0.5,0.8067202115754206,0.0,0.005442176870748299,0.010884353741496598,5.0,3.0
emblematica:E011010,2803,189,0.47363262754111457,0.5,0.12942491432980469,0.0,0.005291005291005291,0.005291005291005291,6.5,3.0
emblematica:E011011,2803,724,0.7799082337019198,0.5,0.7889040351991682,0.0,0.004143646408839779,0.011049723756906077,5.0,3.0
emblematica:E011012,2803,203,0.40669725543269336,0.3333333333333333,0.16260962481138175,0.0,0.0049261083743842365,0.0049261083743842365,5.5,3.5
emblematica:E011013,2803,321,0.7450568572775479,1.0,0.19415724653808702,0.003115264797507788,0.006230529595015576,0.018691588785046728,12.0,4.0
emblematica:E011014,2803,275,0.671692935178188,1.0,0.20777343653583175,0.0036363636363636364,0.0036363636363636364,0.01818181818181818,1.5,3.0
emblematica:E011015,2803,876,1.0,1.0,0.914620524255684,0.001141552511415525,0.005707762557077625,0.01141552511415525,19.0,3.0
emblematica:E011016,2803,810,0.9368077570869661,1.0,0.8018058776982155,0.0012345679012345679,0.0049382716049382715,0.011111111111111112,31.0,4.0
emblematica:E011017,2803,728,0.9368077570869661,1.0,0.8290920393673754,0.0013736263736263737,0.005494505494505495,0.012362637362637362,3.5,3.5
emblematica:E011018,2803,777,1.0,1.0,0.8045687938041739,0.001287001287001287,0.006435006435006435,0.01287001287001287,11.5,3.5
emblematica:E011019,2803,715,1.0,1.0,0.8361314701687226,0.0013986013986013986,0.006993006993006993,0.013986013986013986,1.0,4.0
emblematica:E011020,2803,744,1.0,1.0,0.8302190822407182,0.0013440860215053765,0.006720430107526882,0.013440860215053764,9.0,3.0
emblematica:E011021,2803,962,1.0,1.0,0.7439896178786861,0.0010395010395010396,0.005197505197505198,0.010395010395010396,12.0,4.0
emblematica:E011022,2803,906,1.0,1.0,0.738430259823947,0.0011037527593818985,0.005518763796909493,0.011037527593818985,26.5,3.5
emblematica:E011023,2803,803,1.0,1.0,0.8053688097899883,0.0012453300124533001,0.0062266500622665,0.012453300124533,10.0,3.5
emblematica:E011024,2803,714,1.0,1.0,0.825056338637432,0.0014005602240896359,0.0070028011204481795,0.014005602240896359,2.5,3.0
emblematica:E011025,2803,745,1.0,1.0,0.8386629620538507,0.0013422818791946308,0.006711409395973154,0.013422818791946308,11.0,4.0
emblematica:E011026,2803,742,1.0,1.0,0.8338356205842556,0.0013477088948787063,0.006738544474393531,0.013477088948787063,6.0,3.0
emblematica:E011027,2803,716,0.7520973617492562,0.5,0.8183899930240525,0.0,0.00558659217877095,0.009776536312849162,3.0,3.0
emblematica:E011028,2803,298,0.42590829591570295,0.5,0.10949556050099736,0.0,0.003355704697986577,0.003355704697986577,7.0,4.0
emblematica:E011029,2803,396,0.8590331472570637,1.0,0.21772420413462476,0.0025252525252525255,0.010101010101010102,0.015151515151515152,1.0,3.5
emblematica:E011030,2803,219,0.7958409043440299,1.0,0.24759496587989563,0.0045662100456621,0.0182648401826484,0.0273972602739726,8.5,3.0
emblematica:E011031,2803,156,0.7559835875381316,1.0,0.2571226124013232,0.00641025641025641,0.019230769230769232,0.038461538461538464,2.0,3.5
emblematica:E011032,2803,266,0.7559835875381316,1.0,0.24911652565843054,0.0037593984962406013,0.011278195488721804,0.022556390977443608,5.0,3.0
emblematica:E011033,2803,744,0.9537125187088151,1.0,0.7968742704131042,0.0013440860215053765,0.006720430107526882,0.012096774193548387,9.0,3.0
emblematica:E011034,2803,742,0.9537125187088151,1.0,0.8037209830665917,0.0013477088948787063,0.006738544474393531,0.012129380053908356,7.0,3.0
emblematica:E011035,2803,760,1.0,1.0,0.8562593159605646,0.0013157894736842105,0.006578947368421052,0.013157894736842105,6.0,4.0
emblematica:E011036,2803,751,1.0,1.0,0.858419855826019,0.0013315579227696406,0.006657789613848202,0.013315579227696404,13.5,3.5
emblematica:E011037,2803,724,0.8777267965010666,1.0,0.8155962109829038,0.0013812154696132596,0.0055248618784530384,0.011049723756906077,3.5,3.5
emblematica:E011038,2803,957,0.9266360779006398,1.0,0.7495238012137193,0.0010449320794148381,0.0041797283176593526,0.009404388714733543,41.5,4.0
emblematica:E011039,2803,756,1.0,1.0,0.8405846768075845,0.0013227513227513227,0.006613756613756613,0.013227513227513227,4.0,3.0
emblematica:E011040,2803,716,1.0,1.0,0.8473418372620934,0.0013966480446927375,0.006983240223463687,0.013966480446927373,7.0,3.0
emblematica:E011041,2803,153,0.42590829591570295,0.5,0.15702833973726327,0.0,0.006535947712418301,0.006535947712418301,2.5,4.0
emblematica:E011042,2803,762,0.718283334419609,0.3333333333333333,0.7728465161914446,0.0,0.003937007874015748,0.009186351706036745,12.0,3.0
emblematica:E011043,2803,325,0.49570151347341557,0.2,0.16888055595460916,0.0,0.003076923076923077,0.006153846153846154,10.0,4.0
emblematica:E011044,2803,735,0.7476007959739591,0.5,0.7848822143036942,0.0,0.004081632653061225,0.009523809523809525,1.5,3.0
emblematica:E011045,2803,834,0.8169680738235193,1.0,0.7602380343147225,0.001199040767386091,0.004796163069544364,0.008393285371702638,17.0,4.0
emblematica:E011046,2803,804,0.8169680738235193,1.0,0.7688303640831267,0.0012437810945273632,0.004975124378109453,0.008706467661691543,16.0,3.0
emblematica:E011047,2803,744,1.0,1.0,0.819464900734486,0.0013440860215053765,0.006720430107526882,0.013440860215053764,8.0,3.0
emblematica:E011048,2803,977,1.0,1.0,0.7556281838228563,0.0010235414534288639,0.00511770726714432,0.01023541453428864,11.0,4.0
emblematica:E011049,2803,827,0.8385276620117289,1.0,0.728974765590464,0.0012091898428053204,0.0048367593712212815,0.008464328899637243,20.0,4.0
emblematica:E011050,2803,735,0.8254612838486163,1.0,0.748805437712419,0.0013605442176870747,0.005442176870748299,0.009523809523809525,10.5,3.0
emblematica:E011051,2803,926,1.0,1.0,0.7960672016058037,0.0010799136069114472,0.005399568034557235,0.01079913606911447,10.0,3.0
emblematica:E011052,2803,735,1.0,1.0,0.8441565560522858,0.0013605442176870747,0.006802721088435374,0.013605442176870748,1.0,4.0
emblematica:E011053,2803,727,0.9537125187088151,1.0,0.8181128554453324,0.001375515818431912,0.0068775790921595595,0.012379642365887207,7.0,3.0
emblematica:E011054,2803,787,0.9537125187088151,1.0,0.7942801637688983,0.0012706480304955528,0.0063532401524777635,0.011435832274459974,10.5,3.5
emblematica:E011055,2803,770,0.9134166588977728,1.0,0.8254934773570521,0.0012987012987012987,0.006493506493506494,0.01038961038961039,12.5,3.0
emblematica:E011056,2803,1010,0.9134166588977728,1.0,0.7756208285428733,0.0009900990099009901,0.0049504950495049506,0.007920792079207921,27.5,4.0
emblematica:E011057,2803,737,1.0,1.0,0.8538311944076161,0.0013568521031207597,0.0067842605156037995,0.013568521031207599,7.0,4.0
emblematica:E011058,2803,760,1.0,1.0,0.8417728453937642,0.0013157894736842105,0.006578947368421052,0.013157894736842105,15.0,3.0
emblematica:E011059,2803,752,1.0,1.0,0.8279596125899598,0.0013297872340425532,0.006648936170212766,0.013297872340425532,10.5,3.5
emblematica:E011060,2803,870,1.0,1.0,0.9128107807806702,0.0011494252873563218,0.005747126436781609,0.011494252873563218,11.0,3.0
emblematica:E011061,2803,755,1.0,1.0,0.8418637961181628,0.0013245033112582781,0.006622516556291391,0.013245033112582781,4.0,4.0
emblematica:E011062,2803,765,1.0,1.0,0.8305245199561176,0.00130718954248366,0.006535947712418301,0.013071895424836602,13.0,3.5
emblematica:E011063,2803,50,0.48006117753205335,1.0,0.04667569154120178,0.02,0.02,0.02,3.0,3.5
emblematica:E011064,2803,801,1.0,1.0,0.804806926685999,0.0012484394506866417,0.006242197253433208,0.012484394506866416,15.0,3.5
emblematica:E011065,2803,866,0.9086768598011253,1.0,0.7876367370078996,0.0011547344110854503,0.005773672055427252,0.009237875288683603,25.5,3.5
emblematica:E011066,2803,759,0.9086768598011253,1.0,0.8030808632229194,0.0013175230566534915,0.006587615283267457,0.010540184453227932,4.0,3.0
emblematica:E011067,2803,815,0.8038716765785683,1.0,0.7865811574647154,0.001226993865030675,0.0049079754601227,0.007361963190184049,2.0,3.0
emblematica:E011068,2803,725,0.7614578177792671,1.0,0.7968282031032617,0.001379310344827586,0.005517241379310344,0.006896551724137931,7.0,3.0
emblematica:E011069,2803,723,0.68733327111955,0.25,0.8089327204237229,0.0,0.0027662517289073307,0.009681881051175657,1.0,3.0
emblematica:E011070,2803,216,0.3900954117610806,0.2,0.15821547222308768,0.0,0.004629629629629629,0.004629629629629629,9.0,3.0
emblematica:E011071,2803,722,0.909543036405889,1.0,0.8223077694813674,0.0013850415512465374,0.006925207756232687,0.0110803324099723,10.0,3.0
emblematica:E011072,2803,912,0.909543036405889,1.0,0.8945467643051886,0.0010964912280701754,0.005482456140350877,0.008771929824561403,18.0,4.0
emblematica:E011073,2803,744,0.909543036405889,1.0,0.798080477897005,0.0013440860215053765,0.006720430107526882,0.010752688172043012,7.0,3.0
emblematica:E011074,2803,713,0.909543036405889,1.0,0.8099146206550462,0.001402524544179523,0.0070126227208976155,0.011220196353436185,3.0,4.0
emblematica:E011075,2803,764,0.9537125187088151,1.0,0.8215689027740527,0.0013089005235602095,0.006544502617801047,0.011780104712041885,1.0,3.0
emblematica:E011076,2803,714,0.9537125187088151,1.0,0.8253004163472633,0.0014005602240896359,0.0070028011204481795,0.012605042016806723,2.0,3.0
emblematica:E011077,2803,711,1.0,1.0,0.8126329978899913,0.0014064697609001407,0.007032348804500703,0.014064697609001406,3.0,3.5
emblematica:E011078,2803,760,1.0,1.0,0.7947988009300909,0.0013157894736842105,0.006578947368421052,0.013157894736842105,15.5,3.0
emblematica:E011079,2803,172,0.4814185519599551,0.2,0.15781568400780496,0.0,0.005813953488372093,0.01744186046511628,1.0,4.5
emblematica:E011080,2803,747,0.7476007959739591,0.5,0.7868586732043646,0.0,0.004016064257028112,0.009370816599732263,28.0,3.0
emblematica:E011081,2803,733,0.9368077570869661,1.0,0.8490282858945997,0.001364256480218281,0.005457025920873124,0.01227830832196453,10.0,3.0
emblematica:E011082,2803,755,0.9368077570869661,1.0,0.8428036989793753,0.0013245033112582781,0.005298013245033113,0.011920529801324504,10.0,4.0
emblematica:E011083,2803,764,0.9510907186004266,1.0,0.8329378019464002,0.0013089005235602095,0.006544502617801047,0.011780104712041885,25.0,3.0
emblematica:E011084,2803,868,0.9510907186004266,1.0,0.7947913743392754,0.001152073732718894,0.00576036866359447,0.010368663594470046,20.5,4.5
emblematica:E011085,2803,927,0.7231461552741724,0.5,0.7479550948596929,0.0,0.002157497303128371,0.007551240560949299,9.0,3.0
emblematica:E011086,2803,196,0.43250927056038174,0.2,0.18732393825533933,0.0,0.00510204081632653,0.01020408163265306,11.0,4.0
emblematica:E011087,2803,758,0.9074250374176303,1.0,0.8062544192702248,0.0013192612137203166,0.005277044854881266,0.011873350923482849,11.0,3.0
emblematica:E011088,2803,764,0.9074250374176303,1.0,0.7986865474082496,0.0013089005235602095,0.005235602094240838,0.011780104712041885,14.0,3.0
emblematica:E011089,2803,768,1.0,1.0,0.829463707714947,0.0013020833333333333,0.006510416666666667,0.013020833333333334,25.0,3.0
emblematica:E011090,2803,814,1.0,1.0,0.8025659716151338,0.0012285012285012285,0.006142506142506142,0.012285012285012284,17.5,4.0
emblematica:E011091,2803,836,0.8313928408361743,1.0,0.7830913392032929,0.0011961722488038277,0.0035885167464114833,0.008373205741626795,12.5,3.5
emblematica:E011092,2803,743,0.8188525648904071,1.0,0.8139327971787865,0.0013458950201884253,0.004037685060565276,0.009421265141318977,1.0,4.0
emblematica:E011093,2803,880,1.0,1.0,0.9157108138400725,0.0011363636363636363,0.005681818181818182,0.011363636363636364,3.0,3.0
emblematica:E011094,2803,739,1.0,1.0,0.8561667323394069,0.0013531799729364006,0.006765899864682003,0.013531799729364006,9.5,4.5
emblematica:E011095,2803,724,1.0,1.0,0.8356947531837791,0.0013812154696132596,0.006906077348066298,0.013812154696132596,3.5,3.0
emblematica:E011096,2803,751,1.0,1.0,0.8271430896939258,0.0013315579227696406,0.006657789613848202,0.013315579227696404,10.0,3.5
emblematica:E011097,2803,742,1.0,1.0,0.8118670484123038,0.0013477088948787063,0.006738544474393531,0.013477088948787063,17.0,4.0
emblematica:E011098,2803,820,1.0,1.0,0.7991919278639477,0.0012195121951219512,0.006097560975609756,0.012195121951219513,20.0,3.0
emblematica:E011099,2803,724,0.8532721558012798,0.5,0.8332208872514835,0.0,0.0055248618784530384,0.012430939226519336,5.0,3.0
emblematica:E011100,2803,213,0.3333333333333333,0.07142857142857142,0.15229536547260844,0.0,0.0,0.0,7.0,4.0
emblematica:E011101,2803,715,0.9558305176970738,1.0,0.8517782679942218,0.0013986013986013986,0.006993006993006993,0.012587412587412588,4.0,4.0
emblematica:E011102,2803,712,0.9558305176970738,1.0,0.85361335436266,0.0014044943820224719,0.007022471910112359,0.012640449438202247,2.5,3.5
emblematica:E011103,2803,759,0.9477344873475497,1.0,0.8444409845515686,0.0013175230566534915,0.006587615283267457,0.011857707509881422,13.0,3.0
emblematica:E011104,2803,951,0.9477344873475497,1.0,0.7770743202016385,0.0010515247108307045,0.005257623554153523,0.00946372239747634,27.0,4.0
emblematica:E011105,2803,743,0.9368077570869661,1.0,0.8082149547395211,0.0013458950201884253,0.005383580080753701,0.012113055181695828,13.0,3.5
emblematica:E011106,2803,736,0.9368077570869661,1.0,0.8081999606042443,0.001358695652173913,0.005434782608695652,0.012228260869565218,6.0,4.0
emblematica:E011107,2803,773,0.8585157560180569,1.0,0.7988054006791082,0.00129366106080207,0.00517464424320828,0.01034928848641656,14.0,3.0
emblematica:E011108,2803,714,0.8585157560180569,1.0,0.8124526242967205,0.0014005602240896359,0.0056022408963585435,0.011204481792717087,2.0,3.0
emblematica:E011109,2803,233,0.5554807407949806,1.0,0.18941336450340485,0.004291845493562232,0.008583690987124463,0.008583690987124463,6.0,4.0
emblematica:E011110,2803,180,0.48006117753205335,1.0,0.17087413181467798,0.005555555555555556,0.005555555555555556,0.005555555555555556,5.5,3.5
emblematica:E011111,2803,965,0.8111783223351559,1.0,0.7367188532523721,0.0010362694300518134,0.0031088082901554403,0.007253886010362694,16.0,4.0
emblematica:E011112,2803,725,0.8111783223351559,1.0,0.7946473317301799,0.001379310344827586,0.004137931034482759,0.009655172413793104,13.0,3.0
emblematica:E011113,2803,733,1.0,1.0,0.8399336045741989,0.001364256480218281,0.0068212824010914054,0.013642564802182811,6.0,4.0
emblematica:E011114,2803,784,0.9510907186004266,1.0,0.8154389543552157,0.0012755102040816326,0.006377551020408163,0.011479591836734694,13.5,3.5
emblematica:E011115,2803,180,0.3333333333333333,0.07142857142857142,0.19352754315371207,0.0,0.0,0.0,4.0,4.0
emblematica:E011116,2803,719,0.8532721558012798,0.5,0.7832764016673361,0.0,0.005563282336578581,0.012517385257301807,4.5,3.0
emblematica:E011117,2803,732,1.0,1.0,0.839298918752537,0.001366120218579235,0.006830601092896175,0.01366120218579235,3.0,5.0
emblematica:E011118,2803,735,1.0,1.0,0.8361244532291203,0.0013605442176870747,0.006802721088435374,0.013605442176870748,7.0,3.5
emblematica:E011119,2803,840,1.0,1.0,0.9282028132253328,0.0011904761904761906,0.005952380952380952,0.011904761904761904,4.5,3.0
emblematica:E011120,2803,844,1.0,1.0,0.8009946601089887,0.001184834123222749,0.005924170616113744,0.011848341232227487,17.0,3.0
emblematica:E011121,2803,723,0.9575861412006987,1.0,0.7814491639710348,0.0013831258644536654,0.006915629322268326,0.012448132780082987,5.0,4.0
emblematica:E011122,2803,730,0.9575861412006987,1.0,0.7769757642831934,0.0013698630136986301,0.00684931506849315,0.012328767123287671,2.0,3.0
emblematica:E011123,2803,713,0.9266360779006398,1.0,0.8021243762442363,0.001402524544179523,0.005610098176718092,0.012622720897615708,1.0,4.0
emblematica:E011124,2803,736,0.9266360779006398,1.0,0.7916317620378345,0.001358695652173913,0.005434782608695652,0.012228260869565218,6.0,3.0
emblematica:E011125,2803,808,1.0,1.0,0.8232307278704551,0.0012376237623762376,0.006188118811881188,0.012376237623762377,17.5,5.0
emblematica:E011126,2803,778,1.0,1.0,0.8346671894527898,0.0012853470437017994,0.006426735218508998,0.012853470437017995,10.5,3.5
emblematica:E011127,2803,922,1.0,1.0,0.7754744123171757,0.0010845986984815619,0.005422993492407809,0.010845986984815618,8.0,3.0
emblematica:E011128,2803,745,1.0,1.0,0.825772862908501,0.0013422818791946308,0.006711409395973154,0.013422818791946308,3.0,3.0
emblematica:E011129,2803,156,0.5726361401144231,1.0,0.21159235839064527,0.00641025641025641,0.01282051282051282,0.01282051282051282,2.5,4.0
emblematica:E011130,2803,161,0.5726361401144231,1.0,0.21249811320320458,0.006211180124223602,0.012422360248447204,0.012422360248447204,4.5,4.0
emblematica:E011131,2803,757,0.9368077570869661,1.0,0.8282647071555538,0.001321003963011889,0.005284015852047556,0.011889035667107,16.5,3.0
emblematica:E011132,2803,743,0.9368077570869661,1.0,0.8280179801516838,0.0013458950201884253,0.005383580080753701,0.012113055181695828,2.0,3.0
emblematica:E011133,2803,191,0.581235971584077,1.0,0.15358444257312318,0.005235602094240838,0.005235602094240838,0.015706806282722512,6.0,4.0
emblematica:E011134,2803,737,1.0,1.0,0.8402183383066033,0.0013568521031207597,0.0067842605156037995,0.013568521031207599,7.5,3.5
emblematica:E011135,2803,714,0.8340611153182702,1.0,0.8386334894468138,0.0014005602240896359,0.004201680672268907,0.011204481792717087,2.0,3.0
emblematica:E011136,2803,728,0.8340611153182702,1.0,0.8309802925939392,0.0013736263736263737,0.004120879120879121,0.01098901098901099,3.0,3.0
emblematica:E011137,2803,741,0.8532721558012798,0.5,0.7958233148222253,0.0,0.005398110661268556,0.012145748987854251,11.0,4.0
emblematica:E011138,2803,60,0.3333333333333333,0.07692307692307693,0.048508753054895305,0.0,0.0,0.0,6.5,3.5
emblematica:E011139,2803,813,1.0,1.0,0.8118302913582761,0.0012300123001230013,0.006150061500615006,0.012300123001230012,18.0,3.0
emblematica:E011140,2803,728,1.0,1.0,0.8318589252354296,0.0013736263736263737,0.006868131868131868,0.013736263736263736,6.0,3.0
emblematica:E011141,2803,722,0.7799082337019198,0.5,0.7988346092790604,0.0,0.004155124653739612,0.0110803324099723,1.0,3.0
emblematica:E011142,2803,43,0.3333333333333333,0.045454545454545456,0.03568820470395166,0.0,0.0,0.0,2.0,4.0
emblematica:E011143,2803,784,0.9266360779006398,1.0,0.8025078403034674,0.0012755102040816326,0.00510204081632653,0.011479591836734694,9.0,3.0
emblematica:E011144,2803,790,0.9266360779006398,1.0,0.7985571690441972,0.0012658227848101266,0.005063291139240506,0.01139240506329114,14.5,3.0
emblematica:E011145,2803,756,0.5585908384362132,0.3333333333333333,0.7587420075352794,0.0,0.0026455026455026454,0.005291005291005291,3.0,3.0
emblematica:E011146,2803,161,0.626259027194775,0.5,0.2145330061494918,0.0,0.012422360248447204,0.031055900621118012,3.5,4.5
emblematica:E011147,2803,64,0.3900954117610806,0.2,0.03857642521924995,0.0,0.015625,0.015625,2.5,4.0
emblematica:E011148,2803,721,0.7628151922071689,0.5,0.8232982363912925,0.0,0.005547850208044383,0.009708737864077669,1.5,3.0
emblematica:E011149,2803,782,1.0,1.0,0.8305588779639113,0.0012787723785166241,0.00639386189258312,0.01278772378516624,2.0,3.0
emblematica:E011150,2803,718,1.0,1.0,0.8496721830686295,0.001392757660167131,0.006963788300835654,0.013927576601671309,1.0,3.0
emblematica:E011151,2803,722,1.0,1.0,0.8228359092870207,0.0013850415512465374,0.006925207756232687,0.013850415512465374,5.0,3.0
emblematica:E011152,2803,754,1.0,1.0,0.8220824207230375,0.001326259946949602,0.006631299734748011,0.013262599469496022,3.0,3.5
emblematica:E011153,2803,732,1.0,1.0,0.844651945973727,0.001366120218579235,0.006830601092896175,0.01366120218579235,6.0,3.0
emblematica:E011154,2803,762,1.0,1.0,0.8446315036894047,0.0013123359580052493,0.006561679790026247,0.013123359580052493,8.0,3.0
emblematica:E011155,2803,741,1.0,1.0,0.8493772606738108,0.001349527665317139,0.006747638326585695,0.01349527665317139,6.0,3.0
emblematica:E011156,2803,820,1.0,1.0,0.8320386543020094,0.0012195121951219512,0.006097560975609756,0.012195121951219513,37.5,3.5
emblematica:E011157,2803,797,1.0,1.0,0.805541087911906,0.0012547051442910915,0.006273525721455458,0.012547051442910916,18.0,3.0
emblematica:E011158,2803,798,1.0,1.0,0.8087126273190733,0.0012531328320802004,0.006265664160401002,0.012531328320802004,7.0,3.5
emblematica:E011159,2803,856,0.9510907186004266,1.0,0.8013969515457399,0.0011682242990654205,0.005841121495327103,0.010514018691588784,5.5,3.0
emblematica:E011160,2803,761,1.0,1.0,0.8104994124069358,0.001314060446780552,0.006570302233902759,0.013140604467805518,12.0,3.0
emblematica:E011161,2803,716,0.9266360779006398,1.0,0.8481418317352594,0.0013966480446927375,0.00558659217877095,0.012569832402234637,2.5,3.5
emblematica:E011162,2803,771,0.9266360779006398,1.0,0.8295051568146633,0.0012970168612191958,0.005188067444876783,0.011673151750972763,14.0,3.0
emblematica:E011163,2803,922,0.9074250374176303,1.0,0.7785436122244126,0.0010845986984815619,0.004338394793926247,0.009761388286334056,5.0,3.0
emblematica:E011164,2803,722,0.9074250374176303,1.0,0.8480521519269176,0.0013850415512465374,0.00554016620498615,0.012465373961218837,6.0,4.0
emblematica:E011165,2803,35,0.40669725543269336,0.07142857142857142,0.03500015718694306,0.0,0.0,0.0,2.0,4.0
emblematica:E011166,2803,728,0.7568371608459036,0.5,0.8058809874176149,0.0,0.005494505494505495,0.009615384615384616,2.0,3.0
emblematica:E011167,2803,756,0.9558305176970738,1.0,0.821245060348073,0.0013227513227513227,0.006613756613756613,0.011904761904761904,15.0,3.0
emblematica:E011168,2803,799,0.9558305176970738,1.0,0.7957440672332259,0.0012515644555694619,0.006257822277847309,0.011264080100125156,23.0,4.0
emblematica:E011169,2803,788,1.0,1.0,0.8361188794831198,0.0012690355329949238,0.006345177664974619,0.012690355329949238,12.0,3.0
emblematica:E011170,2803,746,1.0,1.0,0.8523172665052845,0.0013404825737265416,0.006702412868632708,0.013404825737265416,12.0,3.0
emblematica:E011171,2803,66,0.4589627680851436,0.3333333333333333,0.06964359472760154,0.0,0.015151515151515152,0.015151515151515152,3.5,4.0
emblematica:E011172,2803,728,0.7799082337019198,0.5,0.8025858920000906,0.0,0.004120879120879121,0.01098901098901099,2.0,3.5
emblematica:E011173,2803,802,0.9266360779006398,1.0,0.7755450365221679,0.0012468827930174563,0.004987531172069825,0.011221945137157107,6.0,3.0
emblematica:E011174,2803,769,0.9266360779006398,1.0,0.7924577566121624,0.0013003901170351106,0.005201560468140442,0.011703511053315995,17.0,3.5
emblematica:E011175,2803,719,1.0,1.0,0.8326496618728981,0.0013908205841446453,0.006954102920723227,0.013908205841446454,2.5,4.0
emblematica:E011176,2803,844,1.0,1.0,0.8049566747051629,0.001184834123222749,0.005924170616113744,0.011848341232227487,23.5,3.5
emblematica:E011177,2803,730,0.9266360779006398,1.0,0.8319377321657878,0.0013698630136986301,0.005479452054794521,0.012328767123287671,6.0,4.0
emblematica:E011178,2803,743,0.9266360779006398,1.0,0.8284473484612477,0.0013458950201884253,0.005383580080753701,0.012113055181695828,9.5,3.0
emblematica:E011179,2803,720,0.9074250374176303,1.0,0.8202100125753705,0.001388888888888889,0.005555555555555556,0.0125,3.0,5.0
emblematica:E011180,2803,753,0.9074250374176303,1.0,0.8183603299152389,0.0013280212483399733,0.005312084993359893,0.01195219123505976,14.0,3.5
emblematica:E011181,2803,736,0.9048032373092417,1.0,0.8232012905537573,0.001358695652173913,0.006793478260869565,0.010869565217391304,4.0,3.0
emblematica:E011182,2803,742,0.9048032373092417,1.0,0.8295100522948746,0.0013477088948787063,0.006738544474393531,0.01078167115902965,4.0,4.0
emblematica:E011183,2803,173,0.48006117753205335,0.08333333333333333,0.07379672466039845,0.0,0.0,0.0,8.0,3.0
emblematica:E011184,2803,717,1.0,0.5,0.8489137403374368,0.0,0.005578800557880056,0.012552301255230125,2.5,3.5
emblematica:E011185,2803,726,0.718283334419609,0.3333333333333333,0.7788898375577212,0.0,0.004132231404958678,0.009641873278236915,4.0,4.0
emblematica:E011186,2803,227,0.5956907263200417,0.5,0.19910583337852727,0.0,0.00881057268722467,0.013215859030837005,15.0,4.0
emblematica:E011187,2803,751,1.0,1.0,0.8318833149448384,0.0013315579227696406,0.006657789613848202,0.013315579227696404,7.0,4.0
emblematica:E011188,2803,805,1.0,1.0,0.8311759726469481,0.0012422360248447205,0.006211180124223602,0.012422360248447204,3.0,3.0
emblematica:E011189,2803,937,1.0,1.0,0.7746013299655572,0.0010672358591248667,0.005336179295624333,0.0096051227321238,7.5,3.0
emblematica:E011190,2803,711,0.9558305176970738,1.0,0.843065609471862,0.0014064697609001407,0.007032348804500703,0.012658227848101266,1.0,4.0
emblematica:E011191,2803,713,0.8376318198599176,1.0,0.8247857729861297,0.001402524544179523,0.004207573632538569,0.009817671809256662,2.5,4.0
emblematica:E011192,2803,733,0.8376318198599176,1.0,0.8269167243158305,0.001364256480218281,0.004092769440654843,0.009549795361527967,4.0,4.0
emblematica:E011193,2803,972,1.0,1.0,0.7946771856108487,0.00102880658436214,0.0051440329218107,0.0102880658436214,53.5,3.0
emblematica:E011194,2803,739,1.0,1.0,0.8564004922656143,0.0013531799729364006,0.006765899864682003,0.013531799729364006,10.0,3.0
emblematica:E011195,2803,184,0.470077778218629,0.5,0.16130387158064555,0.0,0.005434782608695652,0.010869565217391304,2.0,3.0
emblematica:E011196,2803,722,0.68733327111955,0.25,0.8127265399157126,0.0,0.002770083102493075,0.009695290858725761,3.5,3.5
emblematica:E011197,2803,756,1.0,1.0,0.8426903729343324,0.0013227513227513227,0.006613756613756613,0.013227513227513227,26.5,3.5
emblematica:E011198,2803,788,1.0,1.0,0.8133130335085981,0.0012690355329949238,0.006345177664974619,0.012690355329949238,19.5,3.5
emblematica:E011199,2803,1124,0.8017536775903096,1.0,0.7192064168042173,0.0008896797153024911,0.0026690391459074734,0.006227758007117438,8.0,4.0
emblematica:E011200,2803,728,0.7385614346772758,1.0,0.7747431461118629,0.0013736263736263737,0.0027472527472527475,0.008241758241758242,7.5,3.0
emblematica:E011201,2803,732,1.0,1.0,0.7977417344998339,0.001366120218579235,0.006830601092896175,0.01366120218579235,9.0,3.0
emblematica:E011202,2803,737,1.0,1.0,0.7941092023088668,0.0013568521031207597,0.0067842605156037995,0.013568521031207599,3.0,3.0
emblematica:E011203,2803,753,1.0,1.0,0.831558888191513,0.0013280212483399733,0.006640106241699867,0.013280212483399735,15.0,3.0
emblematica:E011204,2803,720,1.0,1.0,0.8449444774742575,0.001388888888888889,0.006944444444444444,0.013888888888888888,4.0,3.0
emblematica:E011205,2803,754,1.0,1.0,0.8563630782797645,0.001326259946949602,0.006631299734748011,0.013262599469496022,6.0,3.0
emblematica:E011206,2803,880,0.9575861412006987,1.0,0.8009268262337461,0.0011363636363636363,0.005681818181818182,0.010227272727272727,17.0,4.0
emblematica:E011207,2803,773,0.9266360779006398,1.0,0.7994880264786725,0.00129366106080207,0.00517464424320828,0.01164294954721863,12.0,3.0
emblematica:E011208,2803,765,0.9266360779006398,1.0,0.7876832925598383,0.00130718954248366,0.00522875816993464,0.011764705882352941,13.5,3.5
emblematica:E011209,2803,757,1.0,1.0,0.8305675323825988,0.001321003963011889,0.0066050198150594455,0.013210039630118891,12.5,3.0
emblematica:E011210,2803,722,1.0,1.0,0.8322611404683519,0.0013850415512465374,0.006925207756232687,0.013850415512465374,5.0,3.0
emblematica:E011211,2803,822,0.9432379215722525,1.0,0.800976859718656,0.0012165450121654502,0.004866180048661801,0.010948905109489052,7.0,3.0
emblematica:E011212,2803,750,0.9432379215722525,1.0,0.8190887102171753,0.0013333333333333333,0.005333333333333333,0.012,3.5,3.0
emblematica:E011213,2803,785,0.9510907186004266,1.0,0.801575572222701,0.0012738853503184713,0.006369426751592357,0.011464968152866241,12.5,3.5
emblematica:E011214,2803,727,0.9510907186004266,1.0,0.8331571927384509,0.001375515818431912,0.0068775790921595595,0.012379642365887207,5.0,5.0
emblematica:E011215,2803,714,0.8532721558012798,0.5,0.8503751341813914,0.0,0.0056022408963585435,0.012605042016806723,2.0,4.0
emblematica:E011216,2803,209,0.46298160850575415,0.25,0.13838165005763797,0.0,0.004784688995215311,0.009569377990430622,1.5,3.0
emblematica:E011217,2803,709,0.9575861412006987,1.0,0.8420380600050973,0.0014104372355430183,0.007052186177715092,0.012693935119887164,1.0,3.0
emblematica:E011218,2803,712,0.9575861412006987,1.0,0.8407157939448134,0.0014044943820224719,0.007022471910112359,0.012640449438202247,1.0,3.5
emblematica:E011219,2803,747,0.9432379215722525,1.0,0.7725484992258586,0.0013386880856760374,0.00535475234270415,0.012048192771084338,12.5,4.0
emblematica:E011220,2803,751,0.9432379215722525,1.0,0.7644030739751383,0.0013315579227696406,0.005326231691078562,0.011984021304926764,11.0,4.0
emblematica:E011221,2803,709,1.0,1.0,0.8453554200093946,0.0014104372355430183,0.007052186177715092,0.014104372355430184,1.0,3.0
emblematica:E011222,2803,722,1.0,1.0,0.8376827710410915,0.0013850415512465374,0.006925207756232687,0.013850415512465374,4.0,4.0
emblematica:E011223,2803,722,0.9477344873475497,1.0,0.8286024619203527,0.0013850415512465374,0.006925207756232687,0.012465373961218837,4.0,3.0
emblematica:E011224,2803,735,0.9477344873475497,1.0,0.8308422043127771,0.0013605442176870747,0.006802721088435374,0.012244897959183673,1.0,4.0
emblematica:E011225,2803,718,1.0,1.0,0.8501906663600237,0.001392757660167131,0.006963788300835654,0.013927576601671309,2.5,3.5
emblematica:E011226,2803,740,1.0,1.0,0.8451288555729538,0.0013513513513513514,0.006756756756756757,0.013513513513513514,8.5,4.0
emblematica:E011227,2803,776,1.0,1.0,0.8198283253516426,0.001288659793814433,0.006443298969072165,0.01288659793814433,15.0,3.0
emblematica:E011228,2803,772,1.0,1.0,0.8355224729654235,0.0012953367875647669,0.006476683937823834,0.012953367875647668,11.0,3.0
emblematica:E011229,2803,726,0.9510907186004266,1.0,0.8415710945069794,0.0013774104683195593,0.006887052341597796,0.012396694214876033,6.5,3.0
emblematica:E011230,2803,724,0.9510907186004266,1.0,0.8412009011599483,0.0013812154696132596,0.006906077348066298,0.012430939226519336,1.5,3.5
emblematica:E011231,2803,864,1.0,1.0,0.801944921587091,0.0011574074074074073,0.005787037037037037,0.011574074074074073,23.0,3.0
emblematica:E011232,2803,717,1.0,1.0,0.8684817880090302,0.001394700139470014,0.00697350069735007,0.01394700139470014,4.0,3.0
emblematica:E011233,2803,724,0.9432379215722525,1.0,0.838333294024824,0.0013812154696132596,0.0055248618784530384,0.012430939226519336,6.5,3.0
emblematica:E011234,2803,872,0.9432379215722525,1.0,0.7893764018314151,0.0011467889908256881,0.0045871559633027525,0.010321100917431193,4.0,4.0
emblematica:E011235,2803,769,0.8800456786592188,1.0,0.7972184973825841,0.0013003901170351106,0.0039011703511053317,0.010403120936280884,15.0,3.0
emblematica:E011236,2803,886,0.8800456786592188,1.0,0.764211612125521,0.001128668171557562,0.003386004514672686,0.009029345372460496,15.0,3.0
emblematica:E011237,2803,170,0.48138853287811667,0.5,0.1641413495537912,0.0,0.0058823529411764705,0.0058823529411764705,1.0,4.0
emblematica:E011238,2803,770,0.68733327111955,0.25,0.7794717518305658,0.0,0.0025974025974025974,0.00909090909090909,13.0,3.0
emblematica:E011239,2803,781,0.9558305176970738,1.0,0.8106799781504371,0.0012804097311139564,0.006402048655569782,0.011523687580025609,11.0,3.5
emblematica:E011240,2803,937,0.909543036405889,1.0,0.7904632858658543,0.0010672358591248667,0.005336179295624333,0.008537886872998933,4.0,3.0
emblematica:E011241,2803,737,1.0,1.0,0.8380646011970648,0.0013568521031207597,0.0067842605156037995,0.013568521031207599,7.0,3.0
emblematica:E011242,2803,719,1.0,1.0,0.8408869693348524,0.0013908205841446453,0.006954102920723227,0.013908205841446454,1.5,3.0
emblematica:E011243,2803,854,1.0,1.0,0.8117501580901456,0.00117096018735363,0.00585480093676815,0.0117096018735363,22.5,3.0
emblematica:E011244,2803,728,1.0,1.0,0.8305992586281417,0.0013736263736263737,0.006868131868131868,0.013736263736263736,4.5,3.0
emblematica:E011245,2803,807,0.9537125187088151,1.0,0.8108526267588664,0.0012391573729863693,0.006195786864931847,0.011152416356877323,30.5,3.5
emblematica:E011246,2803,759,0.9537125187088151,1.0,0.8181470095124801,0.0013175230566534915,0.006587615283267457,0.011857707509881422,12.0,4.0
emblematica:E011247,2803,750,0.9537125187088151,1.0,0.8373655678127249,0.0013333333333333333,0.006666666666666667,0.012,8.0,3.0
emblematica:E011248,2803,715,0.9537125187088151,1.0,0.853716458801273,0.0013986013986013986,0.006993006993006993,0.012587412587412588,3.0,3.5
emblematica:E011249,2803,821,1.0,1.0,0.7935139405514643,0.001218026796589525,0.0060901339829476245,0.012180267965895249,11.0,4.0
emblematica:E011250,2803,710,1.0,1.0,0.8346516385858859,0.0014084507042253522,0.007042253521126761,0.014084507042253521,1.5,3.5
emblematica:E011251,2803,805,1.0,1.0,0.8102299521815713,0.0012422360248447205,0.006211180124223602,0.012422360248447204,6.5,3.5
emblematica:E011252,2803,721,1.0,1.0,0.8369368440948195,0.0013869625520110957,0.006934812760055479,0.013869625520110958,4.0,3.0
emblematica:E011253,2803,750,1.0,1.0,0.7627171641385531,0.0013333333333333333,0.006666666666666667,0.013333333333333334,6.0,3.0
emblematica:E011254,2803,730,1.0,1.0,0.777509850888924,0.0013698630136986301,0.00684931506849315,0.0136986301369863,4.5,3.5
emblematica:E011255,2803,746,0.6324459583587113,0.5,0.7623809127907023,0.0,0.004021447721179625,0.006702412868632708,6.5,4.0
emblematica:E011256,2803,10,0.3333333333333333,0.023255813953488372,0.012272717055396943,0.0,0.0,0.0,1.0,4.0
emblematica:E011257,2803,940,0.8532721558012798,0.5,0.7585557757993333,0.0,0.00425531914893617,0.009574468085106383,10.5,3.5
emblematica:E011258,2803,179,0.42590829591570295,0.034482758620689655,0.13151438692245165,0.0,0.0,0.0,4.0,3.5
emblematica:E011259,2803,72,0.43813561626559633,0.5,0.035461146754200985,0.0,0.013888888888888888,0.013888888888888888,3.0,3.0
emblematica:E011260,2803,133,0.3333333333333333,0.058823529411764705,0.08181955580591731,0.0,0.0,0.0,2.0,3.0
emblematica:E011261,2803,789,0.8990684392693266,1.0,0.8037075969053273,0.0012674271229404308,0.005069708491761723,0.010139416983523447,1.0,3.0
emblematica:E011262,2803,732,0.8358761963562927,1.0,0.806368259573862,0.001366120218579235,0.004098360655737705,0.009562841530054645,7.0,5.0
emblematica:E011263,2803,709,0.790079912888246,0.5,0.8229904105090887,0.0,0.004231311706629055,0.011283497884344146,1.0,3.0
emblematica:E011264,2803,200,0.39652557624636714,0.25,0.17190820970848977,0.0,0.005,0.005,11.0,4.0
emblematica:E011265,2803,867,0.8524020958431102,1.0,0.7404650098408707,0.0011534025374855825,0.0034602076124567475,0.00922722029988466,10.5,3.5
emblematica:E011266,2803,718,0.8340611153182702,1.0,0.7870854836605031,0.001392757660167131,0.004178272980501393,0.011142061281337047,1.5,3.5
emblematica:E011267,2803,739,0.8463507934928551,1.0,0.8353851926260738,0.0013531799729364006,0.005412719891745603,0.009472259810554804,5.0,3.0
emblematica:E011268,2803,717,0.8463507934928551,1.0,0.8421144552071057,0.001394700139470014,0.005578800557880056,0.009762900976290097,6.0,3.0
emblematica:E011269,2803,725,1.0,1.0,0.854220170434816,0.001379310344827586,0.006896551724137931,0.013793103448275862,5.0,3.0
emblematica:E011270,2803,736,1.0,1.0,0.8500448914167053,0.001358695652173913,0.006793478260869565,0.01358695652173913,3.0,3.0
emblematica:E011271,2803,728,1.0,1.0,0.8162566221059907,0.0013736263736263737,0.006868131868131868,0.013736263736263736,8.0,3.0
emblematica:E011272,2803,935,1.0,1.0,0.7861510254780439,0.0010695187165775401,0.0053475935828877,0.0106951871657754,9.5,3.5
emblematica:E011273,2803,719,0.9134166588977728,1.0,0.8303093212141123,0.0013908205841446453,0.006954102920723227,0.011126564673157162,2.5,3.0
emblematica:E011274,2803,885,0.9558305176970738,1.0,0.7906093293902169,0.0011299435028248588,0.005649717514124294,0.010169491525423728,32.0,4.0
emblematica:E011275,2803,745,1.0,1.0,0.8253717130897373,0.0013422818791946308,0.006711409395973154,0.013422818791946308,8.5,3.0
emblematica:E011276,2803,734,1.0,1.0,0.827289414998068,0.0013623978201634877,0.006811989100817439,0.013623978201634877,5.0,3.0
emblematica:E011277,2803,732,1.0,1.0,0.8469579978780893,0.001366120218579235,0.006830601092896175,0.01366120218579235,3.0,4.0
emblematica:E011278,2803,713,1.0,1.0,0.8512787425431477,0.001402524544179523,0.0070126227208976155,0.014025245441795231,2.5,3.0
emblematica:E011279,2803,947,0.9477344873475497,1.0,0.8069744349463582,0.0010559662090813093,0.005279831045406547,0.009503695881731784,28.5,3.0
emblematica:E011280,2803,724,0.8988252059479763,1.0,0.8449098438743843,0.0013812154696132596,0.006906077348066298,0.011049723756906077,2.5,3.5
emblematica:E011281,2803,743,0.9537125187088151,1.0,0.8204889322279726,0.0013458950201884253,0.006729475100942127,0.012113055181695828,7.0,4.0
emblematica:E011282,2803,754,0.9537125187088151,1.0,0.8141308797626093,0.001326259946949602,0.006631299734748011,0.011936339522546418,15.0,3.0
emblematica:E011283,2803,727,0.9510907186004266,1.0,0.8144790691656729,0.001375515818431912,0.0068775790921595595,0.012379642365887207,7.5,3.5
emblematica:E011284,2803,733,1.0,1.0,0.814022062395948,0.001364256480218281,0.0068212824010914054,0.01227830832196453,4.0,3.5
emblematica:E011285,2803,815,1.0,1.0,0.8279918000502741,0.001226993865030675,0.006134969325153374,0.012269938650306749,11.0,4.0
emblematica:E011286,2803,834,1.0,1.0,0.825999382534423,0.001199040767386091,0.005995203836930456,0.011990407673860911,25.5,4.0
emblematica:E011287,2803,776,1.0,1.0,0.825436705859635,0.001288659793814433,0.006443298969072165,0.01288659793814433,15.0,3.5
emblematica:E011288,2803,984,1.0,1.0,0.7711974185821695,0.0010162601626016261,0.00508130081300813,0.01016260162601626,12.0,4.0
emblematica:E011289,2803,726,0.9510907186004266,1.0,0.8390107983446277,0.0013774104683195593,0.006887052341597796,0.012396694214876033,3.0,3.0
emblematica:E011290,2803,784,1.0,1.0,0.8118897429759987,0.0012755102040816326,0.006377551020408163,0.012755102040816327,8.0,4.0
emblematica:E011291,2803,759,0.9432379215722525,1.0,0.7889502925199057,0.0013175230566534915,0.005270092226613966,0.011857707509881422,4.0,3.5
emblematica:E011292,2803,724,0.9432379215722525,1.0,0.8023789181070761,0.0013812154696132596,0.0055248618784530384,0.012430939226519336,7.0,4.0
emblematica:E011293,2803,782,1.0,1.0,0.8103833681742088,0.0012787723785166241,0.00639386189258312,0.01278772378516624,16.0,3.0
emblematica:E011294,2803,782,1.0,1.0,0.8260729379854301,0.0012787723785166241,0.00639386189258312,0.01278772378516624,6.0,3.0
emblematica:E011295,2803,766,1.0,1.0,0.816743276831417,0.0013054830287206266,0.006527415143603133,0.013054830287206266,7.5,3.0
emblematica:E011296,2803,746,1.0,1.0,0.825416151682193,0.0013404825737265416,0.006702412868632708,0.013404825737265416,10.0,3.0
emblematica:E011297,2803,760,0.9368077570869661,1.0,0.8132952876561738,0.0013157894736842105,0.005263157894736842,0.011842105263157895,10.0,4.5
emblematica:E011298,2803,761,1.0,1.0,0.8351041570593098,0.001314060446780552,0.006570302233902759,0.013140604467805518,12.0,4.0
emblematica:E011299,2803,869,0.8082491001905818,1.0,0.7707364337342276,0.0011507479861910242,0.0034522439585730723,0.00805523590333717,3.0,3.0
emblematica:E011300,2803,776,0.8082491001905818,1.0,0.8067443364841854,0.001288659793814433,0.003865979381443299,0.00902061855670103,11.5,3.5
emblematica:E011301,2803,438,0.709192305126817,0.3333333333333333,0.21052576961254443,0.0,0.0045662100456621,0.0045662100456621,4.0,4.0
emblematica:E011302,2803,768,0.9266360779006398,0.5,0.807957307878089,0.0,0.00390625,0.010416666666666666,16.0,3.0
emblematica:E011303,2803,764,1.0,1.0,0.8201274281276888,0.0013089005235602095,0.006544502617801047,0.013089005235602094,2.0,3.0
emblematica:E011304,2803,777,1.0,1.0,0.8123997098152812,0.001287001287001287,0.006435006435006435,0.01287001287001287,15.0,3.0
emblematica:E011305,2803,726,0.9134166588977728,1.0,0.8119090533630015,0.0013774104683195593,0.006887052341597796,0.011019283746556474,1.0,4.0
emblematica:E011306,2803,766,0.9134166588977728,1.0,0.7891131604095664,0.0013054830287206266,0.006527415143603133,0.010443864229765013,8.0,3.0
emblematica:E011307,2803,850,0.8532721558012798,0.5,0.7951711083180104,0.0,0.004705882352941176,0.010588235294117647,24.0,3.5
emblematica:E011308,2803,167,0.37574719213263447,0.1,0.1364600473732965,0.0,0.0,0.005988023952095809,2.0,4.0
emblematica:E011309,2803,179,0.5831107372509856,1.0,0.15686210408205903,0.00558659217877095,0.0111731843575419,0.0111731843575419,2.5,3.5
emblematica:E011310,2803,210,0.5368232559598007,1.0,0.14946266313608297,0.004761904761904762,0.009523809523809525,0.009523809523809525,4.5,3.0
emblematica:E011311,2803,742,0.8969504402810676,1.0,0.8189690576394297,0.0013477088948787063,0.005390835579514825,0.01078167115902965,13.0,3.0
emblematica:E011312,2803,816,0.8969504402810676,1.0,0.7938783366240865,0.0012254901960784314,0.004901960784313725,0.00980392156862745,3.0,3.0
emblematica:E011313,2803,711,0.9537125187088151,1.0,0.8148132477946112,0.0014064697609001407,0.007032348804500703,0.012658227848101266,2.5,3.0
emblematica:E011314,2803,711,0.9537125187088151,1.0,0.8148132477946112,0.0014064697609001407,0.007032348804500703,0.012658227848101266,2.5,3.0
emblematica:E011315,2803,726,0.865011178618329,1.0,0.8359015968153708,0.0013774104683195593,0.005509641873278237,0.011019283746556474,6.0,3.0
emblematica:E011316,2803,713,0.865011178618329,1.0,0.8405598391231286,0.001402524544179523,0.005610098176718092,0.011220196353436185,2.0,5.0
emblematica:E011317,2803,802,0.9266360779006398,1.0,0.7692527314684785,0.0012468827930174563,0.004987531172069825,0.011221945137157107,17.0,3.0
emblematica:E011318,2803,785,0.9266360779006398,1.0,0.7825485494871371,0.0012738853503184713,0.005095541401273885,0.011464968152866241,6.0,4.0
emblematica:E011319,2803,714,0.9266360779006398,1.0,0.834353330858493,0.0014005602240896359,0.0056022408963585435,0.012605042016806723,3.0,3.0
emblematica:E011320,2803,955,0.9266360779006398,1.0,0.7713654957999155,0.0010471204188481676,0.004188481675392671,0.009424083769633508,5.0,3.0
emblematica:E011321,2803,758,1.0,1.0,0.8009597326232774,0.0013192612137203166,0.006596306068601583,0.013192612137203167,20.0,3.0
emblematica:E011322,2803,727,1.0,1.0,0.8120750437323496,0.001375515818431912,0.0068775790921595595,0.013755158184319119,3.0,3.0
emblematica:E011323,2803,715,0.9477344873475497,1.0,0.8558316128651077,0.0013986013986013986,0.006993006993006993,0.012587412587412588,3.0,3.0
emblematica:E011324,2803,740,0.9477344873475497,1.0,0.8395284634726993,0.0013513513513513514,0.006756756756756757,0.012162162162162163,4.5,3.5
emblematica:E011325,2803,711,0.9510907186004266,1.0,0.8255992921992616,0.0014064697609001407,0.007032348804500703,0.012658227848101266,1.0,3.0
emblematica:E011326,2803,940,0.9510907186004266,1.0,0.7801862058268236,0.0010638297872340426,0.005319148936170213,0.009574468085106383,18.0,3.5
emblematica:E011327,2803,733,1.0,1.0,0.859677828243378,0.001364256480218281,0.0068212824010914054,0.013642564802182811,6.0,3.0
emblematica:E011328,2803,742,1.0,1.0,0.8606105052532657,0.0013477088948787063,0.006738544474393531,0.013477088948787063,6.0,4.0
emblematica:E011329,2803,936,1.0,1.0,0.8086862853477558,0.0010683760683760685,0.005341880341880342,0.010683760683760684,4.0,3.0
emblematica:E011330,2803,760,1.0,1.0,0.8425462161864452,0.0013157894736842105,0.006578947368421052,0.013157894736842105,11.0,3.0
emblematica:E011331,2803,775,0.8632555551147042,1.0,0.8027717949884474,0.0012903225806451613,0.005161290322580645,0.01032258064516129,15.0,3.0
emblematica:E011332,2803,713,0.8632555551147042,1.0,0.8198097938111022,0.001402524544179523,0.005610098176718092,0.011220196353436185,2.5,3.0
emblematica:E011333,2803,938,0.9069212362975004,1.0,0.7838889851761314,0.0010660980810234541,0.005330490405117271,0.008528784648187633,4.0,3.5
emblematica:E011334,2803,748,0.8265735940650242,1.0,0.8033800909204728,0.001336898395721925,0.0053475935828877,0.009358288770053475,12.0,3.0
emblematica:E011335,2803,719,0.9432379215722525,1.0,0.8204789463412108,0.0013908205841446453,0.005563282336578581,0.011126564673157162,3.0,3.5
emblematica:E011336,2803,738,0.9432379215722525,1.0,0.8187021697903979,0.0013550135501355014,0.005420054200542005,0.01084010840108401,3.0,3.0
emblematica:E011337,2803,737,0.8485585501205012,1.0,0.81481059353317,0.0013568521031207597,0.005427408412483039,0.009497964721845319,3.5,3.5
emblematica:E011338,2803,730,0.8485585501205012,1.0,0.8160110139583728,0.0013698630136986301,0.005479452054794521,0.009589041095890411,12.0,4.0
emblematica:E011339,2803,918,0.8874369434113023,1.0,0.7586132409387292,0.0010893246187363835,0.004357298474945534,0.008714596949891068,22.0,3.0
emblematica:E011340,2803,746,0.8743705652481896,1.0,0.8309022618107106,0.0013404825737265416,0.005361930294906166,0.010723860589812333,8.0,3.0
emblematica:E011341,2803,723,0.9510907186004266,1.0,0.8384631256379325,0.0013831258644536654,0.006915629322268326,0.012448132780082987,1.0,3.0
emblematica:E011342,2803,759,0.9510907186004266,1.0,0.8318685077622775,0.0013175230566534915,0.006587615283267457,0.011857707509881422,18.0,3.0
emblematica:E011351,2803,274,0.8988252059479763,1.0,0.17389525735198558,0.0036496350364963502,0.01824817518248175,0.029197080291970802,28.0,4.0
emblematica:E011353,2803,248,0.726133231157489,0.5,0.14138991976819923,0.0,0.016129032258064516,0.024193548387096774,13.0,4.0
emblematica:E011354,2803,303,0.7544162439074085,1.0,0.16438213429719703,0.0033003300330033004,0.006600660066006601,0.019801980198019802,13.0,4.0
emblematica:E011355,2803,425,0.9537125187088151,1.0,0.20609987054515086,0.002352941176470588,0.011764705882352941,0.021176470588235293,11.0,4.0
emblematica:E011357,2803,322,0.9192803245009507,1.0,0.20155529225560057,0.003105590062111801,0.015527950310559006,0.024844720496894408,25.5,3.5
emblematica:E011358,2803,84,0.3333333333333333,0.02564102564102564,0.024348229417957484,0.0,0.0,0.0,1.0,5.0
emblematica:E011360,2803,157,0.8485585501205012,1.0,0.14197254529513864,0.006369426751592357,0.025477707006369428,0.044585987261146494,12.0,4.0
emblematica:E011361,2803,351,0.9240201235975981,1.0,0.1794953090548025,0.002849002849002849,0.014245014245014245,0.022792022792022793,13.0,4.0
emblematica:E011362,2803,345,0.7581015865263904,1.0,0.19322010200421932,0.002898550724637681,0.008695652173913044,0.011594202898550725,7.5,4.0
emblematica:E011364,2803,361,0.5879112002808573,0.5,0.2010590016137616,0.0,0.00554016620498615,0.0110803324099723,9.0,4.0
emblematica:E011365,2803,228,0.909543036405889,1.0,0.19902940264506563,0.0043859649122807015,0.021929824561403508,0.03508771929824561,11.5,3.5
emblematica:E011367,2803,199,0.9048032373092417,1.0,0.2046563270903218,0.005025125628140704,0.02512562814070352,0.04020100502512563,7.0,4.0
emblematica:E011368,2803,441,0.8043890678175752,1.0,0.2038598879132636,0.0022675736961451248,0.009070294784580499,0.013605442176870748,15.0,3.5
emblematica:E011369,2803,158,0.9035650050446237,1.0,0.14587412563543076,0.006329113924050633,0.03164556962025317,0.05063291139240506,13.0,3.0
emblematica:E011370,2803,284,1.0,1.0,0.21883143499235697,0.0035211267605633804,0.017605633802816902,0.035211267605633804,11.5,4.0
emblematica:E011373,2803,212,0.5371678641978775,0.25,0.1126752831931021,0.0,0.009433962264150943,0.014150943396226415,5.5,4.0
emblematica:E011376,2803,298,1.0,1.0,0.2326161521165373,0.003355704697986577,0.016778523489932886,0.03355704697986577,8.5,4.0
emblematica:E011377,2803,556,0.9086768598011253,1.0,0.24205834543596003,0.0017985611510791368,0.008992805755395683,0.014388489208633094,13.0,4.0
emblematica:E011378,2803,426,0.8803485966094551,1.0,0.19651334296624573,0.002347417840375587,0.009389671361502348,0.018779342723004695,9.0,4.0
emblematica:E011380,2803,571,0.8671291776065879,1.0,0.23328397524553143,0.0017513134851138354,0.008756567425569177,0.012259194395796848,17.0,4.0
emblematica:E011382,2803,137,0.6884139210130843,1.0,0.12426301447555241,0.0072992700729927005,0.021897810218978103,0.029197080291970802,7.0,4.0
emblematica:E011383,2803,325,0.9134166588977728,1.0,0.20065662133612439,0.003076923076923077,0.015384615384615385,0.024615384615384615,11.0,4.0
emblematica:E011385,2803,159,0.6982655748662334,1.0,0.128068845750662,0.006289308176100629,0.018867924528301886,0.025157232704402517,4.0,4.0
emblematica:E011386,2803,394,0.6215454215139965,1.0,0.15248779863217735,0.0025380710659898475,0.005076142131979695,0.007614213197969543,7.0,4.0
emblematica:E011617,2803,459,0.4688259558351338,0.14285714285714285,0.2489626077233488,0.0,0.0,0.006535947712418301,16.0,4.0
emblematica:E011618,2803,337,0.49977601913519276,0.3333333333333333,0.22835416335654812,0.0,0.002967359050445104,0.008902077151335312,47.0,4.0
emblematica:E011619,2803,71,0.3333333333333333,0.023255813953488372,0.030534240751160256,0.0,0.0,0.0,8.0,5.0
emblematica:E011620,2803,243,0.42590829591570295,0.5,0.1624494007456079,0.0,0.00411522633744856,0.00411522633744856,12.0,4.0
emblematica:E011621,2803,243,0.9048032373092417,1.0,0.2572189197317692,0.00411522633744856,0.01646090534979424,0.02880658436213992,19.0,5.5
emblematica:E011622,2803,268,0.8590331472570637,1.0,0.2559098260490191,0.0037313432835820895,0.018656716417910446,0.026119402985074626,18.0,5.0
emblematica:E011623,2803,227,0.8579264463634731,1.0,0.3050141715674775,0.004405286343612335,0.01762114537444934,0.030837004405286344,8.0,2.5
emblematica:E012158,2803,375,0.3775028156362593,0.1111111111111111,0.1848192086593896,0.0,0.0,0.0026666666666666666,9.0,5.0
emblematica:E012159,2803,318,0.40669725543269336,0.3333333333333333,0.16595201400896106,0.0,0.0031446540880503146,0.0031446540880503146,4.0,5.0
emblematica:E012160,2803,77,0.40669725543269336,0.3333333333333333,0.045439960037838435,0.0,0.012987012987012988,0.012987012987012988,4.0,5.5
emblematica:E012161,2803,0,1.0,,,,,,1.0,2.0
emblematica:E012162,2803,0,1.0,,,,,,1.0,2.0
emblematica:E012163,2803,0,1.0,,,,,,1.0,2.0
emblematica:E012164,2803,0,1.0,,,,,,1.0,2.0
emblematica:E012165,2803,0,1.0,,,,,,1.0,2.0
emblematica:E012166,2803,0,1.0,,,,,,1.0,2.0
emblematica:E012167,2803,0,1.0,,,,,,1.0,2.0
emblematica:E012168,2803,0,1.0,,,,,,1.0,2.0
emblematica:E012169,2803,0,1.0,,,,,,1.0,2.0
emblematica:E012170,2803,0,1.0,,,,,,1.0,2.0
emblematica:E012171,2803,0,1.0,,,,,,1.0,2.0
emblematica:E012172,2803,0,1.0,,,,,,1.0,2.0
emblematica:E012173,2803,0,1.0,,,,,,1.0,2.0
emblematica:E012174,2803,0,1.0,,,,,,1.0,2.0
emblematica:E012175,2803,0,1.0,,,,,,1.0,2.0
emblematica:E012176,2803,0,1.0,,,,,,1.0,2.0
emblematica:E012177,2803,0,1.0,,,,,,1.0,2.0
emblematica:E012178,2803,0,1.0,,,,,,1.0,2.0
emblematica:E012179,2803,0,0.9148568823583789,,,,,,1.0,2.0
emblematica:E012180,2803,0,1.0,,,,,,1.0,2.0
emblematica:E012181,2803,0,1.0,,,,,,1.0,2.0
emblematica:E012182,2803,0,1.0,,,,,,1.0,2.0
emblematica:E012183,2803,0,1.0,,,,,,1.0,2.0
emblematica:E012184,2803,0,1.0,,,,,,1.0,2.0
emblematica:E012185,2803,0,1.0,,,,,,1.0,2.0
emblematica:E012186,2803,0,1.0,,,,,,1.0,2.0
emblematica:E012187,2803,0,1.0,,,,,,1.0,2.0
emblematica:E012188,2803,0,0.9337457765456109,,,,,,1.0,2.0
emblematica:E012189,2803,0,1.0,,,,,,1.0,2.0
emblematica:E012190,2803,0,1.0,,,,,,1.0,2.0
emblematica:E012191,2803,0,1.0,,,,,,1.0,2.0
emblematica:E012192,2803,0,1.0,,,,,,1.0,2.0
emblematica:E016791,2803,448,0.5997125809225983,0.125,0.1711325086623754,0.0,0.0,0.002232142857142857,12.0,4.0
emblematica:E016792,2803,153,0.4071290409461924,0.25,0.07584911222728168,0.0,0.006535947712418301,0.006535947712418301,10.0,3.0
emblematica:E016793,2803,427,0.5184696683791955,0.16666666666666666,0.24952276005310928,0.0,0.0,0.00936768149882904,10.0,4.0
emblematica:E016795,2803,329,0.541366051481187,0.5,0.13816832869853898,0.0,0.0060790273556231,0.00911854103343465,12.5,4.0
emblematica:E016796,2803,522,0.43250927056038174,0.2,0.15157160215963636,0.0,0.0019157088122605363,0.0038314176245210726,21.0,4.0
emblematica:E016797,2803,249,0.4005047149459397,0.125,0.09115990145164676,0.0,0.0,0.004016064257028112,20.0,4.0
emblematica:E016802,2803,394,0.7310842233889142,1.0,0.1588442421920208,0.0025380710659898475,0.007614213197969543,0.01015228426395939,14.0,4.0
emblematica:E017330,2803,184,0.6925904614552042,1.0,0.07689255977063172,0.005434782608695652,0.021739130434782608,0.021739130434782608,10.0,3.5
emblematica:E017331,2803,36,0.635828383027457,1.0,0.08769443673192685,0.027777777777777776,0.08333333333333333,0.08333333333333333,8.0,4.0
emblematica:E017332,2803,32,0.635828383027457,1.0,0.09613243364471677,0.03125,0.09375,0.09375,3.0,3.5
emblematica:E017333,2803,73,0.3333333333333333,0.047619047619047616,0.031418345334936565,0.0,0.0,0.0,21.0,4.0
emblematica:E017334,2803,174,0.7374943749026186,0.5,0.08121876361913948,0.0,0.017241379310344827,0.040229885057471264,6.5,3.0
emblematica:E017335,2803,204,0.6470374113085078,0.5,0.07509556881707875,0.0,0.014705882352941176,0.024509803921568627,10.0,4.0
emblematica:E017336,2803,193,0.6925904614552042,1.0,0.07702626184566012,0.0051813471502590676,0.02072538860103627,0.02072538860103627,7.0,3.0
emblematica:E017337,2803,231,0.7350043202545054,1.0,0.09255661524148767,0.004329004329004329,0.017316017316017316,0.021645021645021644,39.0,4.0
emblematica:E017338,2803,245,0.7350043202545054,1.0,0.09629892540984722,0.004081632653061225,0.0163265306122449,0.02040816326530612,14.0,5.0
emblematica:E017339,2803,166,0.5349358869959004,0.5,0.06954744713267902,0.0,0.012048192771084338,0.018072289156626505,26.0,4.0
emblematica:E017340,2803,170,0.6847114710111616,0.5,0.08362796523510274,0.0,0.01764705882352941,0.03529411764705882,7.0,4.0
emblematica:E017341,2803,303,0.9048032373092417,1.0,0.14507072585822042,0.0033003300330033004,0.0165016501650165,0.026402640264026403,35.5,5.0
emblematica:E017342,2803,147,0.5726361401144231,1.0,0.06343183654085321,0.006802721088435374,0.013605442176870748,0.013605442176870748,3.0,4.0
emblematica:E017343,2803,166,0.5726361401144231,1.0,0.0666454330657949,0.006024096385542169,0.012048192771084338,0.012048192771084338,6.0,4.5
emblematica:E017344,2803,185,0.5726361401144231,1.0,0.07528291529531417,0.005405405405405406,0.010810810810810811,0.010810810810810811,7.5,3.5
emblematica:E017345,2803,113,0.6847376644270303,1.0,0.10186521751918816,0.008849557522123894,0.02654867256637168,0.035398230088495575,3.0,3.0
emblematica:E017346,2803,114,0.6847376644270303,1.0,0.10174834397714466,0.008771929824561403,0.02631578947368421,0.03508771929824561,3.0,3.0
emblematica:E017347,2803,113,0.6847376644270303,1.0,0.10186521751918816,0.008849557522123894,0.02654867256637168,0.035398230088495575,3.0,3.0
emblematica:E017348,2803,21,0.5726361401144231,1.0,0.10503381188442179,0.047619047619047616,0.09523809523809523,0.09523809523809523,7.0,5.5
emblematica:E017349,2803,18,0.5726361401144231,1.0,0.11836488987792598,0.05555555555555555,0.1111111111111111,0.1111111111111111,5.0,3.5
emblematica:E017350,2803,64,0.6150499989137242,1.0,0.07474960505754868,0.015625,0.03125,0.046875,7.0,4.5
emblematica:E017351,2803,3,0.7350717314026488,0.001519756838905775,0.0017285565157638223,0.0,0.0,0.0,1.0,3.0
emblematica:E017352,2803,11,0.5726361401144231,0.5,0.04878800973460502,0.0,0.09090909090909091,0.09090909090909091,1.5,3.5
emblematica:E017353,2803,27,0.5726361401144231,0.5,0.029813206499513238,0.0,0.037037037037037035,0.037037037037037035,3.0,5.0
emblematica:E017354,2803,189,0.5266515767734745,0.3333333333333333,0.07337825217170678,0.0,0.015873015873015872,0.015873015873015872,29.0,5.0
emblematica:E017355,2803,28,0.3333333333333333,0.012658227848101266,0.012483879486549184,0.0,0.0,0.0,3.0,4.0
emblematica:E017356,2803,218,0.41991667443556047,0.1111111111111111,0.11144368303347606,0.0,0.0,0.009174311926605505,4.0,6.0
emblematica:E017357,2803,37,0.5726361401144231,1.0,0.06237364470710668,0.02702702702702703,0.05405405405405406,0.05405405405405406,4.5,4.0
emblematica:E017358,2803,58,0.5726361401144231,1.0,0.05182105653923222,0.017241379310344827,0.034482758620689655,0.034482758620689655,4.0,5.0
emblematica:E017359,2803,191,0.6925904614552042,1.0,0.08002810003237897,0.005235602094240838,0.020942408376963352,0.020942408376963352,3.0,4.0
emblematica:E017360,2803,23,0.5726361401144231,1.0,0.10320270441163613,0.043478260869565216,0.08695652173913043,0.08695652173913043,5.5,2.0
emblematica:E017361,2803,161,0.6756856998333552,1.0,0.07461864142310957,0.006211180124223602,0.018633540372670808,0.024844720496894408,4.0,4.0
emblematica:E017362,2803,187,0.6973315351089121,1.0,0.08371984713154255,0.0053475935828877,0.016042780748663103,0.0213903743315508,7.0,4.0
emblematica:E017363,2803,284,0.5726361401144231,1.0,0.16357268904936226,0.0035211267605633804,0.007042253521126761,0.007042253521126761,14.5,4.0
emblematica:E017364,2803,234,0.5726361401144231,1.0,0.15864475711658324,0.004273504273504274,0.008547008547008548,0.008547008547008548,14.0,5.0
emblematica:E017365,2803,306,0.6249016527668733,1.0,0.17123514044778168,0.0032679738562091504,0.006535947712418301,0.00980392156862745,21.0,4.0
emblematica:E017498,2803,97,0.9633180389503199,1.0,0.39495763698653996,0.010309278350515464,0.05154639175257732,0.09278350515463918,2.0,2.0
emblematica:E017499,2803,139,0.9192803245009507,1.0,0.2572741564003162,0.007194244604316547,0.03597122302158273,0.05755395683453238,2.0,3.0
emblematica:E017500,2803,198,0.9537125187088151,1.0,0.22781029806103936,0.005050505050505051,0.025252525252525252,0.045454545454545456,7.0,3.0
emblematica:E017501,2803,127,1.0,1.0,0.3310985243546838,0.007874015748031496,0.03937007874015748,0.07874015748031496,8.5,2.5
emblematica:E017502,2803,130,1.0,1.0,0.33729806199267964,0.007692307692307693,0.038461538461538464,0.07692307692307693,7.0,3.0
emblematica:E017503,2803,147,1.0,1.0,0.30131237312103076,0.006802721088435374,0.034013605442176874,0.06802721088435375,9.0,3.0
emblematica:E017504,2803,344,0.8506629589898829,1.0,0.25505043224321783,0.0029069767441860465,0.00872093023255814,0.023255813953488372,3.5,3.0
emblematica:E017505,2803,161,0.8532721558012798,0.5,0.26085738792744906,0.0,0.024844720496894408,0.055900621118012424,12.0,3.0
emblematica:E017506,2803,92,1.0,1.0,0.4515433611861816,0.010869565217391304,0.05434782608695652,0.10869565217391304,2.0,3.0
emblematica:E017507,2803,233,0.9526058178152246,1.0,0.22516076846243316,0.004291845493562232,0.017167381974248927,0.03862660944206009,9.5,3.5
emblematica:E017508,2803,155,1.0,1.0,0.3182963066389023,0.0064516129032258064,0.03225806451612903,0.06451612903225806,1.0,2.5
emblematica:E017509,2803,162,1.0,1.0,0.27589590528191676,0.006172839506172839,0.030864197530864196,0.06172839506172839,7.0,3.0
emblematica:E017510,2803,191,1.0,1.0,0.28347802819089085,0.005235602094240838,0.02617801047120419,0.05235602094240838,8.5,3.0
emblematica:E017511,2803,96,0.5242306598349794,1.0,0.16769662637721064,0.010416666666666666,0.010416666666666666,0.020833333333333332,4.5,3.5
emblematica:E017512,2803,403,0.9633180389503199,1.0,0.20993734779817663,0.0024813895781637717,0.01240694789081886,0.022332506203473945,4.0,3.0
emblematica:E017513,2803,172,0.9526058178152246,1.0,0.2854305910634112,0.005813953488372093,0.023255813953488372,0.05232558139534884,7.5,3.0
emblematica:E017514,2803,158,0.813980997940203,1.0,0.26967876746042274,0.006329113924050633,0.0189873417721519,0.04430379746835443,2.5,3.0
emblematica:E017515,2803,153,0.8560295847233497,1.0,0.19853030146130374,0.006535947712418301,0.026143790849673203,0.0457516339869281,5.0,3.0
emblematica:E017516,2803,184,1.0,1.0,0.29367302625460406,0.005434782608695652,0.02717391304347826,0.05434782608695652,7.5,2.5
emblematica:E017517,2803,232,0.8501591578697532,1.0,0.19870887996967898,0.004310344827586207,0.017241379310344827,0.03017241379310345,1.0,3.0
emblematica:E017518,2803,299,0.9574284411791895,1.0,0.26554246888184285,0.0033444816053511705,0.013377926421404682,0.030100334448160536,6.0,3.0
emblematica:E017519,2803,119,0.9510907186004266,1.0,0.3006392349295544,0.008403361344537815,0.04201680672268908,0.07563025210084033,2.0,3.0
emblematica:E017520,2803,177,1.0,1.0,0.27010893123470303,0.005649717514124294,0.02824858757062147,0.05649717514124294,1.0,3.0
emblematica:E017521,2803,461,1.0,1.0,0.3193703426632011,0.0021691973969631237,0.010845986984815618,0.021691973969631236,13.0,3.0
emblematica:E017522,2803,210,0.8899541168509599,0.5,0.2518938397079725,0.0,0.01904761904761905,0.04285714285714286,5.0,3.0
emblematica:E017523,2803,188,1.0,1.0,0.3062001452759571,0.005319148936170213,0.026595744680851064,0.05319148936170213,4.0,3.0
emblematica:E017524,2803,229,0.94497705842548,1.0,0.28547164914058426,0.004366812227074236,0.017467248908296942,0.039301310043668124,4.0,2.0
emblematica:E017525,2803,207,0.8899541168509599,0.5,0.3025543289351092,0.0,0.01932367149758454,0.043478260869565216,11.0,3.0
emblematica:E017526,2803,107,0.9510907186004266,1.0,0.28243267692630714,0.009345794392523364,0.04672897196261682,0.08411214953271028,1.0,3.0
emblematica:E017527,2803,318,0.9526058178152246,1.0,0.24790346163890745,0.0031446540880503146,0.012578616352201259,0.02830188679245283,7.0,3.0
emblematica:E017528,2803,180,0.9633180389503199,1.0,0.2981716631784402,0.005555555555555556,0.027777777777777776,0.05,5.0,3.0
emblematica:E017529,2803,279,1.0,1.0,0.25546364987796005,0.0035842293906810036,0.017921146953405017,0.035842293906810034,2.5,3.0
emblematica:E017530,2803,69,0.5922557259825663,0.3333333333333333,0.0634870020373784,0.0,0.014492753623188406,0.043478260869565216,1.0,3.0
emblematica:E017531,2803,138,0.8899541168509599,0.5,0.3413076628057403,0.0,0.028985507246376812,0.06521739130434782,2.0,3.0
emblematica:E017532,2803,289,0.968189605900524,1.0,0.2984236507053674,0.0034602076124567475,0.01730103806228374,0.031141868512110725,13.0,3.0
emblematica:E017533,2803,201,1.0,1.0,0.27096844800198616,0.004975124378109453,0.024875621890547265,0.04975124378109453,7.0,3.0
emblematica:E017534,2803,139,0.9652843890316114,1.0,0.3235951421032885,0.007194244604316547,0.03597122302158273,0.06474820143884892,1.5,2.5
emblematica:E017535,2803,248,0.968189605900524,1.0,0.23059773886008716,0.004032258064516129,0.020161290322580645,0.036290322580645164,9.0,3.0
emblematica:E017536,2803,212,1.0,1.0,0.22552191279358558,0.0047169811320754715,0.02358490566037736,0.04716981132075472,4.0,3.0
emblematica:E017537,2803,448,1.0,1.0,0.26907879693837095,0.002232142857142857,0.011160714285714286,0.022321428571428572,11.5,3.0
emblematica:E017538,2803,166,1.0,1.0,0.29749554703390735,0.006024096385542169,0.030120481927710843,0.060240963855421686,6.5,3.0
emblematica:E017539,2803,166,1.0,1.0,0.30212839785039525,0.006024096385542169,0.030120481927710843,0.060240963855421686,2.0,3.0
emblematica:E017540,2803,162,0.968189605900524,1.0,0.3206865288764451,0.006172839506172839,0.030864197530864196,0.05555555555555555,7.5,3.0
emblematica:E017541,2803,149,0.9668728882728055,1.0,0.32269658553718666,0.006711409395973154,0.03355704697986577,0.06040268456375839,1.0,3.0
emblematica:E017542,2803,188,0.8876193684023149,1.0,0.18405426083233176,0.005319148936170213,0.02127659574468085,0.03723404255319149,1.5,3.5
emblematica:E017543,2803,150,1.0,1.0,0.268913535391134,0.006666666666666667,0.03333333333333333,0.06666666666666667,2.5,2.5
emblematica:E017544,2803,161,1.0,1.0,0.33706027242255776,0.006211180124223602,0.031055900621118012,0.062111801242236024,3.0,3.0
emblematica:E017545,2803,169,1.0,1.0,0.3223472895236906,0.005917159763313609,0.029585798816568046,0.05917159763313609,9.0,3.0
emblematica:E017546,2803,151,0.7975674623733143,1.0,0.19903778054645527,0.006622516556291391,0.019867549668874173,0.039735099337748346,12.5,3.0
emblematica:E017547,2803,175,0.9192803245009507,1.0,0.22734074066607804,0.005714285714285714,0.02857142857142857,0.045714285714285714,2.0,3.0
emblematica:E018847,2803,285,0.37574719213263447,0.1,0.08572392590214674,0.0,0.0,0.0035087719298245615,6.0,4.0
emblematica:E018848,2803,289,0.3333333333333333,0.06666666666666667,0.0927940970106384,0.0,0.0,0.0,6.5,5.0
emblematica:E018849,2803,0,1.0,,,,,,1.0,3.5
emblematica:E018850,2803,141,0.41991667443556047,0.06666666666666667,0.04525286262220772,0.0,0.0,0.0,6.0,3.0
emblematica:E018851,2803,231,0.42590829591570295,0.5,0.14897029789231447,0.0,0.004329004329004329,0.004329004329004329,21.0,4.0
emblematica:E018852,2803,15,0.3333333333333333,0.009615384615384616,0.007494101458017457,0.0,0.0,0.0,2.5,3.5
emblematica:E018853,2803,305,0.3621977722247043,0.05263157894736842,0.09584750424560408,0.0,0.0,0.0,15.0,2.0
emblematica:E018854,2803,157,0.40669725543269336,0.3333333333333333,0.04144028982277073,0.0,0.006369426751592357,0.006369426751592357,5.0,4.0
emblematica:E018855,2803,211,0.3333333333333333,0.023255813953488372,0.08200590664280069,0.0,0.0,0.0,7.5,3.5
emblematica:E018856,2803,51,0.3333333333333333,0.05263157894736842,0.02086955734189886,0.0,0.0,0.0,7.5,3.5
emblematica:E018857,2803,149,0.42801270478508463,0.16666666666666666,0.0777703833282016,0.0,0.0,0.013422818791946308,10.0,3.5
emblematica:E018858,2803,11,0.49066464223187867,1.0,0.12175697831979272,0.09090909090909091,0.09090909090909091,0.09090909090909091,1.0,3.0
emblematica:E018859,2803,111,0.40669725543269336,0.3333333333333333,0.04900981840378031,0.0,0.009009009009009009,0.009009009009009009,12.5,3.5
emblematica:E018860,2803,13,0.5955189330975375,1.0,0.2819054260584661,0.07692307692307693,0.15384615384615385,0.23076923076923078,2.0,3.0
emblematica:E018861,2803,42,0.3333333333333333,0.02702702702702703,0.02548266474803411,0.0,0.0,0.0,6.0,4.0
emblematica:E018862,2803,214,0.44852253681423065,0.5,0.10887301432822151,0.0,0.004672897196261682,0.004672897196261682,3.5,3.5
emblematica:E018863,2803,283,0.3333333333333333,0.07692307692307693,0.08064331779391165,0.0,0.0,0.0,2.5,3.5
emblematica:E018864,2803,15,0.6744338774498602,1.0,0.198181189404214,0.06666666666666667,0.13333333333333333,0.3333333333333333,3.0,3.0
emblematica:E018865,2803,44,0.648924780272408,1.0,0.0983737579257463,0.022727272727272728,0.06818181818181818,0.09090909090909091,7.5,3.5
emblematica:E018866,2803,69,0.3900954117610806,0.2,0.03787409261287184,0.0,0.014492753623188406,0.014492753623188406,12.0,3.5
emblematica:E018867,2803,132,0.5425716403598194,1.0,0.06257464252977253,0.007575757575757576,0.007575757575757576,0.015151515151515152,11.5,4.0
emblematica:E018868,2803,271,0.38224261473290666,0.14285714285714285,0.08333082477778257,0.0,0.0,0.0036900369003690036,1.0,3.5
emblematica:E018869,2803,23,0.3333333333333333,0.022727272727272728,0.009218881702312746,0.0,0.0,0.0,5.0,4.0
emblematica:E018870,2803,93,0.38973013598615264,0.1111111111111111,0.05079835791255717,0.0,0.0,0.010752688172043012,13.0,4.0
emblematica:E018871,2803,262,1.0,1.0,0.3518111585240096,0.003816793893129771,0.019083969465648856,0.03816793893129771,15.0,5.0
emblematica:E018872,2803,245,1.0,1.0,0.4321393209832753,0.004081632653061225,0.02040816326530612,0.04081632653061224,16.0,3.0
emblematica:E018873,2803,191,1.0,1.0,0.35755386533009836,0.005235602094240838,0.02617801047120419,0.05235602094240838,3.5,4.5
emblematica:E018874,2803,323,1.0,1.0,0.34719189544802503,0.0030959752321981426,0.015479876160990712,0.030959752321981424,32.0,4.0
emblematica:E018875,2803,256,1.0,1.0,0.4968763371878741,0.00390625,0.01953125,0.0390625,5.0,4.5
emblematica:E018876,2803,249,0.8527809579781417,1.0,0.26694357631802423,0.004016064257028112,0.01606425702811245,0.028112449799196786,2.5,5.0
emblematica:E018877,2803,216,0.9432379215722525,1.0,0.1549344786294919,0.004629629629629629,0.018518518518518517,0.041666666666666664,10.5,4.0
emblematica:E018878,2803,184,1.0,1.0,0.4457745793246306,0.005434782608695652,0.02717391304347826,0.05434782608695652,2.5,6.0
emblematica:E018879,2803,205,1.0,1.0,0.3769593860299607,0.004878048780487805,0.024390243902439025,0.04878048780487805,8.0,5.0
emblematica:E018880,2803,203,1.0,1.0,0.37927291144350395,0.0049261083743842365,0.024630541871921183,0.04926108374384237,3.0,3.0
emblematica:E018881,2803,219,1.0,1.0,0.3450981468094027,0.0045662100456621,0.0228310502283105,0.045662100456621,16.0,4.0
emblematica:E018882,2803,227,1.0,1.0,0.394893160599765,0.004405286343612335,0.022026431718061675,0.04405286343612335,12.5,5.0
emblematica:E018883,2803,283,1.0,1.0,0.36971848078521846,0.0035335689045936395,0.0176678445229682,0.0353356890459364,17.0,4.0
emblematica:E018884,2803,217,1.0,1.0,0.30213387247890744,0.004608294930875576,0.02304147465437788,0.04608294930875576,4.5,4.5
emblematica:E018885,2803,201,0.6293982185421705,1.0,0.12443354942712083,0.004975124378109453,0.014925373134328358,0.014925373134328358,10.0,3.0
emblematica:E018886,2803,298,1.0,1.0,0.37931025270528335,0.003355704697986577,0.016778523489932886,0.03355704697986577,27.5,3.5
emblematica:E018887,2803,243,1.0,1.0,0.398022636797243,0.00411522633744856,0.0205761316872428,0.0411522633744856,13.0,4.0
emblematica:E018888,2803,240,1.0,1.0,0.4223254456197933,0.004166666666666667,0.020833333333333332,0.041666666666666664,18.0,4.5
emblematica:E018889,2803,302,0.9510907186004266,1.0,0.3116501018659723,0.0033112582781456954,0.016556291390728478,0.029801324503311258,24.5,3.5
emblematica:E018890,2803,193,0.8421283856352147,1.0,0.3414024736350421,0.0051813471502590676,0.02072538860103627,0.03626943005181347,3.0,5.0
emblematica:E018891,2803,293,1.0,1.0,0.39998327956364277,0.0034129692832764505,0.017064846416382253,0.034129692832764506,17.0,3.0
emblematica:E018892,2803,235,1.0,1.0,0.3716791788278689,0.00425531914893617,0.02127659574468085,0.0425531914893617,11.0,4.0
emblematica:E018893,2803,217,1.0,1.0,0.46828233357155996,0.004608294930875576,0.02304147465437788,0.04608294930875576,6.0,4.0
emblematica:E018894,2803,211,1.0,1.0,0.4684144690495514,0.004739336492890996,0.023696682464454975,0.04739336492890995,13.0,4.0
emblematica:E018895,2803,200,1.0,1.0,0.39841858042337,0.005,0.025,0.05,10.5,4.0
emblematica:E018896,2803,302,1.0,1.0,0.35455904640830527,0.0033112582781456954,0.016556291390728478,0.033112582781456956,18.5,4.5
emblematica:E018897,2803,209,1.0,1.0,0.3458707613538559,0.004784688995215311,0.023923444976076555,0.04784688995215311,4.0,4.0
emblematica:E018898,2803,269,1.0,1.0,0.4265454073687519,0.0037174721189591076,0.01858736059479554,0.03345724907063197,6.0,3.0
emblematica:E018899,2803,208,1.0,1.0,0.3000782765964805,0.004807692307692308,0.02403846153846154,0.04807692307692308,6.5,3.5
emblematica:E018900,2803,216,1.0,1.0,0.4721217121988801,0.004629629629629629,0.023148148148148147,0.041666666666666664,16.0,3.0
emblematica:E018901,2803,230,1.0,1.0,0.4121689042228825,0.004347826086956522,0.021739130434782608,0.043478260869565216,8.0,4.0
emblematica:E018902,2803,203,1.0,1.0,0.4959898085553622,0.0049261083743842365,0.024630541871921183,0.04926108374384237,3.0,4.0
emblematica:E018903,2803,231,1.0,1.0,0.3719020446688914,0.004329004329004329,0.021645021645021644,0.04329004329004329,13.5,5.0
emblematica:E018904,2803,216,0.9575861412006987,1.0,0.23363745256907117,0.004629629629629629,0.018518518518518517,0.037037037037037035,3.0,4.0
emblematica:E018905,2803,195,1.0,1.0,0.441484482847705,0.005128205128205128,0.02564102564102564,0.05128205128205128,3.0,4.0
emblematica:E018906,2803,200,1.0,1.0,0.3469357725681766,0.005,0.025,0.05,5.5,3.5
emblematica:E018907,2803,361,1.0,1.0,0.3376816189192867,0.002770083102493075,0.013850415512465374,0.027700831024930747,23.0,4.0
emblematica:E018908,2803,192,1.0,1.0,0.4996098343769237,0.005208333333333333,0.026041666666666668,0.052083333333333336,3.5,3.5
emblematica:E018909,2803,319,1.0,1.0,0.36462504243187865,0.003134796238244514,0.01567398119122257,0.03134796238244514,12.0,4.0
emblematica:E018910,2803,188,1.0,1.0,0.4353703156428647,0.005319148936170213,0.026595744680851064,0.05319148936170213,2.0,5.0
emblematica:E018911,2803,190,1.0,1.0,0.3073466020855659,0.005263157894736842,0.021052631578947368,0.04736842105263158,3.0,6.0
emblematica:E018912,2803,200,0.8532721558012798,0.3333333333333333,0.31601987478166893,0.0,0.015,0.04,2.5,3.0
emblematica:E018913,2803,198,0.8532721558012798,0.5,0.1676627390767381,0.0,0.020202020202020204,0.045454545454545456,8.5,4.0
emblematica:E018914,2803,269,1.0,1.0,0.3965244668643138,0.0037174721189591076,0.01858736059479554,0.03717472118959108,4.5,4.0
emblematica:E018915,2803,226,0.8005154453256915,1.0,0.2843492875041338,0.004424778761061947,0.017699115044247787,0.02654867256637168,21.0,4.0
emblematica:E018916,2803,258,1.0,1.0,0.3959252369975235,0.003875968992248062,0.01937984496124031,0.03875968992248062,23.5,4.5
emblematica:E018917,2803,207,1.0,1.0,0.4057639705847781,0.004830917874396135,0.024154589371980676,0.04830917874396135,5.0,5.0
emblematica:E018918,2803,188,1.0,1.0,0.4382174275429054,0.005319148936170213,0.026595744680851064,0.05319148936170213,1.5,5.0
emblematica:E018919,2803,217,1.0,1.0,0.412101488645978,0.004608294930875576,0.02304147465437788,0.04608294930875576,16.0,3.0
emblematica:E018920,2803,198,0.9575861412006987,1.0,0.3675213624185961,0.005050505050505051,0.020202020202020204,0.04040404040404041,2.0,5.0
emblematica:E018921,2803,309,1.0,1.0,0.3131730010458133,0.003236245954692557,0.016181229773462782,0.032362459546925564,13.0,3.0
emblematica:E018922,2803,313,1.0,1.0,0.3243021131365759,0.003194888178913738,0.01597444089456869,0.03194888178913738,8.0,5.0
emblematica:E018923,2803,277,0.9432379215722525,1.0,0.31525907526003816,0.0036101083032490976,0.01444043321299639,0.032490974729241874,8.0,3.5
emblematica:E018924,2803,272,1.0,1.0,0.2660217168197785,0.003676470588235294,0.01838235294117647,0.03676470588235294,8.0,4.0
emblematica:E018925,2803,192,1.0,1.0,0.4689385139965734,0.005208333333333333,0.026041666666666668,0.052083333333333336,2.0,4.0
emblematica:E018926,2803,327,0.9145133842194774,1.0,0.312048113123683,0.0030581039755351682,0.01529051987767584,0.024464831804281346,22.5,4.0
emblematica:E018927,2803,205,0.9537125187088151,1.0,0.35997068484956934,0.004878048780487805,0.024390243902439025,0.04390243902439024,6.0,3.5
emblematica:E018928,2803,216,0.8566545804700254,1.0,0.3181508454256645,0.004629629629629629,0.018518518518518517,0.032407407407407406,10.5,4.0
emblematica:E018929,2803,214,0.9368077570869661,1.0,0.40069146230050856,0.004672897196261682,0.018691588785046728,0.04205607476635514,6.0,4.0
emblematica:E018930,2803,304,1.0,1.0,0.3434003291808069,0.003289473684210526,0.01644736842105263,0.03289473684210526,15.0,4.0
emblematica:E018931,2803,252,1.0,1.0,0.3585885399701997,0.003968253968253968,0.01984126984126984,0.03968253968253968,3.5,4.5
emblematica:E018932,2803,207,0.9537125187088151,1.0,0.30720985858925676,0.004830917874396135,0.024154589371980676,0.043478260869565216,8.5,5.0
emblematica:E018933,2803,233,1.0,1.0,0.3918045134514457,0.004291845493562232,0.02145922746781116,0.04291845493562232,5.0,4.0
emblematica:E018934,2803,209,1.0,1.0,0.360080627095852,0.004784688995215311,0.023923444976076555,0.04784688995215311,11.0,4.0
emblematica:E018935,2803,187,0.9477344873475497,1.0,0.3731713882828004,0.0053475935828877,0.026737967914438502,0.0481283422459893,2.0,4.0
emblematica:E018936,2803,245,1.0,1.0,0.38778874258227686,0.004081632653061225,0.02040816326530612,0.04081632653061224,13.0,5.0
emblematica:E018937,2803,185,0.7581015865263904,1.0,0.23887163562193534,0.005405405405405406,0.021621621621621623,0.02702702702702703,2.0,4.5
emblematica:E018938,2803,198,1.0,1.0,0.37030346075210846,0.005050505050505051,0.025252525252525252,0.050505050505050504,4.0,4.0
emblematica:E018939,2803,203,1.0,1.0,0.4188645871608133,0.0049261083743842365,0.024630541871921183,0.04926108374384237,9.0,5.0
emblematica:E018940,2803,271,1.0,1.0,0.3722296437801437,0.0036900369003690036,0.01845018450184502,0.03690036900369004,10.0,5.0
emblematica:E018941,2803,235,1.0,1.0,0.29383404378911215,0.00425531914893617,0.02127659574468085,0.0425531914893617,14.5,3.5
emblematica:E018942,2803,223,1.0,1.0,0.3426028352843995,0.004484304932735426,0.02242152466367713,0.04484304932735426,7.0,4.0
emblematica:E018943,2803,206,1.0,1.0,0.4340619568529914,0.0048543689320388345,0.024271844660194174,0.04854368932038835,3.0,4.0
emblematica:E018944,2803,265,0.5726361401144231,1.0,0.10534764644699156,0.0037735849056603774,0.007547169811320755,0.007547169811320755,8.0,5.0
emblematica:E018945,2803,359,1.0,1.0,0.3572645125515497,0.002785515320334262,0.013927576601671309,0.027855153203342618,26.0,4.0
emblematica:E018946,2803,224,0.8311363972596454,1.0,0.29078927110444736,0.004464285714285714,0.013392857142857142,0.03125,10.0,4.0
emblematica:E018947,2803,406,1.0,1.0,0.27859960309424003,0.0024630541871921183,0.012315270935960592,0.024630541871921183,25.0,4.0
emblematica:E018948,2803,197,1.0,1.0,0.42170069887692824,0.005076142131979695,0.025380710659898477,0.050761421319796954,3.5,3.5
emblematica:E018949,2803,207,1.0,1.0,0.37683033628671253,0.004830917874396135,0.024154589371980676,0.04830917874396135,8.0,5.0
emblematica:E018950,2803,203,1.0,1.0,0.4663343310796458,0.0049261083743842365,0.024630541871921183,0.04926108374384237,5.0,4.0
emblematica:E018951,2803,268,1.0,1.0,0.4117018954466413,0.0037313432835820895,0.018656716417910446,0.03731343283582089,14.0,4.0
emblematica:E018952,2803,6,0.35648241204244513,0.008620689655172414,0.006031592867765404,0.0,0.0,0.0,2.0,4.0
emblematica:E018953,2803,215,1.0,1.0,0.25464890552742897,0.004651162790697674,0.023255813953488372,0.046511627906976744,5.0,4.0
emblematica:E018954,2803,254,1.0,1.0,0.4150501434533961,0.003937007874015748,0.01968503937007874,0.03937007874015748,11.0,4.0
emblematica:E018955,2803,228,0.8800456786592188,1.0,0.3457436747711545,0.0043859649122807015,0.013157894736842105,0.03508771929824561,13.5,4.5
emblematica:E018956,2803,237,1.0,1.0,0.38324071132279386,0.004219409282700422,0.02109704641350211,0.04219409282700422,23.0,4.0
emblematica:E018957,2803,204,1.0,1.0,0.3909591519571771,0.004901960784313725,0.024509803921568627,0.049019607843137254,6.5,4.0
emblematica:E018958,2803,58,0.9074250374176303,0.14285714285714285,0.029475069788819138,0.0,0.0,0.017241379310344827,8.0,5.0
emblematica:E018959,2803,186,1.0,1.0,0.46835782924733416,0.005376344086021506,0.026881720430107527,0.053763440860215055,2.0,5.0
emblematica:E018960,2803,198,1.0,1.0,0.3842102033870752,0.005050505050505051,0.025252525252525252,0.050505050505050504,9.0,6.0
emblematica:E018961,2803,233,1.0,1.0,0.43509237417537244,0.004291845493562232,0.02145922746781116,0.04291845493562232,11.0,4.5
emblematica:E018962,2803,206,1.0,1.0,0.2969559443337989,0.0048543689320388345,0.024271844660194174,0.04854368932038835,13.0,5.0
emblematica:E018963,2803,195,1.0,1.0,0.4826275526835645,0.005128205128205128,0.02564102564102564,0.05128205128205128,3.0,3.0
emblematica:E018964,2803,258,1.0,1.0,0.3770600094337713,0.003875968992248062,0.01937984496124031,0.03875968992248062,14.0,4.0
emblematica:E018965,2803,220,1.0,1.0,0.3864181862712024,0.004545454545454545,0.022727272727272728,0.045454545454545456,10.0,6.0
emblematica:E018966,2803,248,1.0,1.0,0.4125819425363606,0.004032258064516129,0.020161290322580645,0.04032258064516129,18.0,4.0
emblematica:E018967,2803,188,1.0,1.0,0.32942164334204194,0.005319148936170213,0.026595744680851064,0.05319148936170213,2.0,4.0
emblematica:E018968,2803,306,1.0,1.0,0.43779627671687776,0.0032679738562091504,0.016339869281045753,0.032679738562091505,12.0,4.0
emblematica:E018969,2803,242,1.0,1.0,0.42943447888387526,0.004132231404958678,0.02066115702479339,0.04132231404958678,15.0,5.0
emblematica:E018970,2803,226,1.0,1.0,0.4572307284578091,0.004424778761061947,0.022123893805309734,0.04424778761061947,13.0,4.0
emblematica:E018971,2803,275,0.8800456786592188,1.0,0.3411181684620119,0.0036363636363636364,0.01090909090909091,0.02909090909090909,8.0,5.0
emblematica:E018974,2803,99,0.42228080703546356,0.16666666666666666,0.05551856290087773,0.0,0.0,0.010101010101010102,8.0,4.0
emblematica:E018975,2803,102,0.39652557624636714,0.25,0.046261898642403584,0.0,0.00980392156862745,0.00980392156862745,5.0,3.0
emblematica:E018976,2803,16,0.34490520365612953,0.02564102564102564,0.01124420905853662,0.0,0.0,0.0,1.0,4.0
emblematica:E018977,2803,40,0.3333333333333333,0.017543859649122806,0.021968456367115422,0.0,0.0,0.0,1.0,4.0
emblematica:E018978,2803,169,0.4237902969274442,0.125,0.06956497383161545,0.0,0.0,0.011834319526627219,1.0,4.0
emblematica:E018979,2803,43,0.48441016739330023,0.3333333333333333,0.0223638725079069,0.0,0.023255813953488372,0.023255813953488372,2.0,4.0
emblematica:E018980,2803,73,0.4754106695176818,0.25,0.06283569625482746,0.0,0.0136986301369863,0.0273972602739726,5.0,4.0
emblematica:E018981,2803,8,0.3671890982813146,0.04,0.011945417483939954,0.0,0.0,0.0,1.0,4.0
emblematica:E018982,2803,106,0.3443757039090648,0.01020408163265306,0.042029800894746075,0.0,0.0,0.0,1.0,4.0
emblematica:E018983,2803,163,0.4487910888988174,0.25,0.0557726824464187,0.0,0.006134969325153374,0.012269938650306749,1.0,4.0
emblematica:E018984,2803,282,0.5223432908710792,0.5,0.11953022634986261,0.0,0.0035460992907801418,0.010638297872340425,14.0,4.0
emblematica:E018985,2803,121,0.38224261473290666,0.14285714285714285,0.10202063727452673,0.0,0.0,0.008264462809917356,9.0,4.0
emblematica:E018986,2803,225,0.42590829591570295,0.5,0.0752334716770504,0.0,0.0044444444444444444,0.0044444444444444444,8.5,4.0
emblematica:E018987,2803,49,0.3333333333333333,0.013157894736842105,0.026344515240812116,0.0,0.0,0.0,1.0,5.0
emblematica:E018988,2803,130,0.6982655748662334,1.0,0.1111664135960269,0.007692307692307693,0.023076923076923078,0.03076923076923077,3.0,4.0
emblematica:E018989,2803,125,0.5481814994146365,0.5,0.11648639130270158,0.0,0.016,0.024,3.0,4.0
emblematica:E018990,2803,32,0.3333333333333333,0.018518518518518517,0.01635965017866196,0.0,0.0,0.0,3.0,4.0
emblematica:E018991,2803,69,0.5479670261258658,0.25,0.1332926170654961,0.0,0.028985507246376812,0.057971014492753624,8.0,4.0
emblematica:E018992,2803,53,0.3333333333333333,0.0625,0.03299622491239642,0.0,0.0,0.0,2.5,4.0
emblematica:E018993,2803,98,0.576568840277006,1.0,0.09325133340735225,0.01020408163265306,0.02040816326530612,0.02040816326530612,5.0,6.0
emblematica:E018994,2803,107,0.5223432908710792,0.5,0.08864446956567311,0.0,0.009345794392523364,0.028037383177570093,10.0,4.0
emblematica:E018995,2803,203,0.43900469316065394,0.2,0.06771229020611576,0.0,0.0049261083743842365,0.009852216748768473,2.5,4.5
emblematica:E018996,2803,3,0.4931049315805358,0.037037037037037035,0.01948990059782801,0.0,0.0,0.0,1.0,4.0
emblematica:E018997,2803,31,0.5534250996314135,1.0,0.07137064016268806,0.03225806451612903,0.06451612903225806,0.06451612903225806,1.5,4.5
emblematica:E018998,2803,102,0.4638911193739398,0.25,0.07467982631513093,0.0,0.0196078431372549,0.0196078431372549,8.0,3.0
emblematica:E018999,2803,52,0.34639971149644583,0.08333333333333333,0.04217253810392459,0.0,0.0,0.0,2.0,3.5
emblematica:E019000,2803,224,0.499272218015063,0.5,0.12685002601078216,0.0,0.008928571428571428,0.008928571428571428,9.0,3.5
emblematica:E019001,2803,76,0.4025876234366244,0.1,0.030060789017122863,0.0,0.0,0.013157894736842105,5.0,4.0
emblematica:E019002,2803,41,0.3333333333333333,0.03571428571428571,0.037747408738565164,0.0,0.0,0.0,1.0,5.0
emblematica:E019003,2803,99,0.5266515767734745,0.3333333333333333,0.06127857130410991,0.0,0.030303030303030304,0.030303030303030304,4.5,4.5
emblematica:E019004,2803,80,0.44069505854929314,0.25,0.045570748582130234,0.0,0.0125,0.025,1.0,4.0
emblematica:E019005,2803,65,0.4147336602469894,0.2,0.02124139057154462,0.0,0.015384615384615385,0.015384615384615385,2.5,3.5
emblematica:E019006,2803,58,0.40669725543269336,0.3333333333333333,0.051920787408584176,0.0,0.017241379310344827,0.017241379310344827,2.0,4.0
emblematica:E019007,2803,165,0.4345081273853569,0.14285714285714285,0.07253923985048946,0.0,0.0,0.006060606060606061,23.5,4.0
emblematica:E019008,2803,85,0.5921500985476691,0.5,0.09092664553989953,0.0,0.03529411764705882,0.047058823529411764,9.0,5.0
emblematica:E019009,2803,74,0.48006117753205335,1.0,0.05991420435240895,0.013513513513513514,0.013513513513513514,0.013513513513513514,2.0,5.5
emblematica:E019010,2803,97,0.6859758966916483,1.0,0.11767390075431815,0.010309278350515464,0.020618556701030927,0.05154639175257732,13.0,4.5
emblematica:E019011,2803,50,0.470077778218629,0.5,0.08997592306640292,0.0,0.02,0.04,3.0,5.0
emblematica:E019012,2803,37,0.37574719213263447,0.1,0.06264662278793005,0.0,0.0,0.02702702702702703,3.0,4.0
emblematica:E019013,2803,71,0.3931590350286057,0.037037037037037035,0.04813965297754398,0.0,0.0,0.0,2.5,4.0
emblematica:E019014,2803,32,0.3900954117610806,0.2,0.0241418237000762,0.0,0.03125,0.03125,3.5,4.5
emblematica:E019015,2803,43,0.3333333333333333,0.02564102564102564,0.020027215823579456,0.0,0.0,0.0,3.0,4.0
emblematica:E019016,2803,85,0.5323266901845036,1.0,0.07337741273525017,0.011764705882352941,0.011764705882352941,0.023529411764705882,10.0,4.0
emblematica:E019017,2803,128,0.3333333333333333,0.045454545454545456,0.05371247113077868,0.0,0.0,0.0,6.5,4.5
emblematica:E019018,2803,37,0.3333333333333333,0.034482758620689655,0.02066394752442467,0.0,0.0,0.0,1.5,6.0
emblematica:E019019,2803,43,0.5294616567547649,0.2,0.10290617530226398,0.0,0.023255813953488372,0.09302325581395349,4.5,4.0
emblematica:E019020,2803,17,0.3443757039090648,0.015151515151515152,0.008432990813473195,0.0,0.0,0.0,2.0,3.0
emblematica:E019021,2803,60,0.3333333333333333,0.05263157894736842,0.04431459514190254,0.0,0.0,0.0,2.0,4.0
emblematica:E019022,2803,45,0.4556065368322667,0.008,0.024499293536058793,0.0,0.0,0.0,1.0,5.0
emblematica:E019023,2803,326,0.5917115517837515,0.5,0.17158372561850768,0.0,0.003067484662576687,0.012269938650306749,22.5,4.0
emblematica:E019024,2803,23,0.37962081462451813,0.125,0.022473702733587005,0.0,0.0,0.043478260869565216,1.0,4.0
emblematica:E019025,2803,42,0.3775028156362593,0.1111111111111111,0.020177769090402687,0.0,0.0,0.023809523809523808,4.5,3.5
emblematica:E019026,2803,157,0.6004470120670866,0.5,0.13816313998107377,0.0,0.012738853503184714,0.025477707006369428,13.5,4.0
emblematica:E019027,2803,17,0.42590829591570295,0.5,0.04201179273156006,0.0,0.058823529411764705,0.058823529411764705,2.0,4.0
emblematica:E019028,2803,35,0.3900954117610806,0.2,0.023537426588967923,0.0,0.02857142857142857,0.02857142857142857,1.0,5.0
emblematica:E019029,2803,92,0.39652557624636714,0.08333333333333333,0.05596759725092402,0.0,0.0,0.0,8.0,3.5
emblematica:E019030,2803,259,0.6519780935750485,0.3333333333333333,0.09817856543320111,0.0,0.003861003861003861,0.011583011583011582,20.0,3.0
emblematica:E019031,2803,70,0.3775028156362593,0.1111111111111111,0.06730414472814208,0.0,0.0,0.014285714285714285,3.5,3.5
emblematica:E019032,2803,30,0.37962081462451813,0.125,0.03944504236415023,0.0,0.0,0.03333333333333333,3.0,5.0
emblematica:E019033,2803,136,0.4980203956315678,0.3333333333333333,0.12202898480552057,0.0,0.007352941176470588,0.022058823529411766,3.5,5.0
emblematica:E019034,2803,149,0.6194274225257376,1.0,0.08823042325925563,0.006711409395973154,0.006711409395973154,0.026845637583892617,11.5,4.5
emblematica:E019035,2803,17,0.3333333333333333,0.017543859649122806,0.010176107568902451,0.0,0.0,0.0,1.0,4.0
emblematica:E019036,2803,156,0.3333333333333333,0.08333333333333333,0.043917910284351,0.0,0.0,0.0,2.0,4.0
emblematica:E019037,2803,141,0.4053863553784991,0.14285714285714285,0.0794570901929728,0.0,0.0,0.0070921985815602835,9.0,3.5
emblematica:E019038,2803,139,0.49163304785484957,1.0,0.10195753287835167,0.007194244604316547,0.007194244604316547,0.007194244604316547,3.0,4.0
emblematica:E019039,2803,159,0.3674723745864318,0.08333333333333333,0.08016234183646796,0.0,0.0,0.0,13.5,3.5
emblematica:E019040,2803,52,0.37574719213263447,0.1,0.028380848046621714,0.0,0.0,0.019230769230769232,1.0,4.0
emblematica:E019041,2803,28,0.42590829591570295,0.5,0.048602406632408016,0.0,0.03571428571428571,0.03571428571428571,1.0,4.0
emblematica:E019042,2803,25,0.3743642842442601,0.03225806451612903,0.0251403551195757,0.0,0.0,0.0,1.0,4.0
emblematica:E019043,2803,76,0.4995751359652993,0.25,0.08341182647300788,0.0,0.02631578947368421,0.039473684210526314,5.0,4.0
emblematica:E019044,2803,122,0.38559884598578353,0.16666666666666666,0.05953570065985692,0.0,0.0,0.00819672131147541,11.0,3.0
emblematica:E019045,2803,50,0.40959195440947965,0.25,0.05520378518024314,0.0,0.02,0.02,7.0,4.0
emblematica:E019046,2803,188,0.5224750363313545,1.0,0.07765694224536196,0.005319148936170213,0.005319148936170213,0.010638297872340425,18.5,4.0
emblematica:E019047,2803,158,0.3333333333333333,0.0625,0.07669211356901305,0.0,0.0,0.0,12.5,4.5
emblematica:E019048,2803,91,0.3333333333333333,0.043478260869565216,0.03310022948803041,0.0,0.0,0.0,4.0,5.0
emblematica:E019049,2803,67,0.3333333333333333,0.027777777777777776,0.023882071649983065,0.0,0.0,0.0,3.5,4.5
emblematica:E019050,2803,46,0.5140589806486532,0.3333333333333333,0.07045006998941376,0.0,0.043478260869565216,0.06521739130434782,2.0,4.0
emblematica:E019051,2803,111,0.3900954117610806,0.2,0.08283866729388967,0.0,0.009009009009009009,0.009009009009009009,1.0,4.0
emblematica:E019052,2803,218,0.533517406907086,1.0,0.07372568765488656,0.0045871559633027525,0.0045871559633027525,0.009174311926605505,2.0,4.0
emblematica:E019053,2803,28,0.3333333333333333,0.02702702702702703,0.023560055363176007,0.0,0.0,0.0,2.0,4.0
emblematica:E019054,2803,126,0.3439367980331586,0.09090909090909091,0.06280900846518273,0.0,0.0,0.0,13.0,5.0
emblematica:E019055,2803,257,0.3439367980331586,0.09090909090909091,0.12015628178241393,0.0,0.0,0.0,13.0,4.0
emblematica:E019056,2803,279,0.7979589033322887,1.0,0.16336644946134887,0.0035842293906810036,0.014336917562724014,0.021505376344086023,4.0,5.0
emblematica:E019093,2803,64,0.34639971149644583,0.011111111111111112,0.03176752459578593,0.0,0.0,0.0,11.5,3.0
emblematica:E019094,2803,98,0.3049522941194596,0.014492753623188406,0.028317103227696785,0.0,0.0,0.0,9.5,3.0
emblematica:E019095,2803,18,0.3333333333333333,0.006329113924050633,0.0063281336816268215,0.0,0.0,0.0,2.5,2.5
emblematica:E019096,2803,109,0.3333333333333333,0.016666666666666666,0.04288622563956121,0.0,0.0,0.0,24.0,3.0
emblematica:E019097,2803,151,0.38713632596934616,0.25,0.04278009439021052,0.0,0.006622516556291391,0.006622516556291391,6.0,3.5
emblematica:E019098,2803,29,0.3658648334651101,0.023255813953488372,0.011098790656983756,0.0,0.0,0.0,2.0,4.0
emblematica:E019099,2803,27,0.44254831472197514,0.25,0.018543688078908403,0.0,0.037037037037037035,0.037037037037037035,1.0,3.0
emblematica:E019100,2803,80,0.3906631852002497,0.125,0.025279994363130498,0.0,0.0,0.0125,7.0,4.0
emblematica:E019101,2803,8,0.38824996189556166,0.1111111111111111,0.04038460906609467,0.0,0.0,0.125,1.0,3.0
emblematica:E019102,2803,9,0.39652557624636714,0.0040650406504065045,0.0061841301828436,0.0,0.0,0.0,2.5,3.5
emblematica:E019103,2803,29,0.3333333333333333,0.07692307692307693,0.01196174434465384,0.0,0.0,0.0,3.0,3.0
emblematica:E019104,2803,1,0.39793627259457004,0.000864304235090752,0.000864304235090752,0.0,0.0,0.0,1.5,3.5
emblematica:E019105,2803,35,0.31886849542983803,0.008928571428571428,0.012288117663273873,0.0,0.0,0.0,3.5,2.0
emblematica:E019106,2803,42,0.3333333333333333,0.041666666666666664,0.014645503039032757,0.0,0.0,0.0,2.0,4.0
emblematica:E019107,2803,117,0.3333333333333333,0.0625,0.04227322123426487,0.0,0.0,0.0,8.0,5.0
emblematica:E019108,2803,38,0.3333333333333333,0.00684931506849315,0.012098052626032007,0.0,0.0,0.0,6.0,4.0
emblematica:E019173,2803,53,0.3333333333333333,0.01098901098901099,0.02099115186683321,0.0,0.0,0.0,8.5,3.0
emblematica:E019174,2803,34,0.3333333333333333,0.09090909090909091,0.021720204036407852,0.0,0.0,0.0,6.5,3.0
emblematica:E019175,2803,189,0.40669725543269336,0.3333333333333333,0.060241532164815356,0.0,0.005291005291005291,0.005291005291005291,25.0,3.0
emblematica:E019176,2803,22,0.38224261473290666,0.14285714285714285,0.01594740978716275,0.0,0.0,0.045454545454545456,1.0,5.0
emblematica:E019177,2803,8,0.3333333333333333,0.009433962264150943,0.0034591526778678778,0.0,0.0,0.0,1.0,3.0
emblematica:E019178,2803,26,0.38559884598578353,0.16666666666666666,0.020961363735615714,0.0,0.0,0.038461538461538464,5.0,4.0
emblematica:E019179,2803,63,0.37962081462451813,0.125,0.02335588486422114,0.0,0.0,0.015873015873015872,2.0,3.0
emblematica:E019180,2803,34,0.48006117753205335,1.0,0.04607897245362882,0.029411764705882353,0.029411764705882353,0.029411764705882353,4.0,5.0
emblematica:E019181,2803,23,0.3333333333333333,0.01020408163265306,0.011213823190005648,0.0,0.0,0.0,2.0,3.0
emblematica:E019182,2803,23,0.40669725543269336,0.3333333333333333,0.027953112080989915,0.0,0.043478260869565216,0.043478260869565216,3.0,4.0
emblematica:E019183,2803,50,0.3333333333333333,0.02631578947368421,0.020485218454526857,0.0,0.0,0.0,6.0,4.0
emblematica:E019184,2803,24,0.3333333333333333,0.037037037037037035,0.016768340646307545,0.0,0.0,0.0,4.0,5.0
emblematica:E019185,2803,45,0.39652557624636714,0.25,0.028343328445211913,0.0,0.022222222222222223,0.022222222222222223,4.0,4.0
emblematica:E019186,2803,729,0.37574719213263447,0.1,0.6398279013991418,0.0,0.0,0.0013717421124828531,9.0,3.0
emblematica:E019187,2803,60,0.3333333333333333,0.03125,0.036625393460682235,0.0,0.0,0.0,13.0,4.0
emblematica:E019188,2803,52,0.3333333333333333,0.08333333333333333,0.02659876275469432,0.0,0.0,0.0,6.0,4.0
emblematica:E019189,2803,60,0.3333333333333333,0.018867924528301886,0.021733924395116944,0.0,0.0,0.0,2.0,3.0
emblematica:E019190,2803,67,0.48006117753205335,0.022222222222222223,0.035980828228279534,0.0,0.0,0.0,6.5,3.5
emblematica:E019191,2803,42,0.48006117753205335,1.0,0.045269631618665235,0.023809523809523808,0.023809523809523808,0.023809523809523808,7.5,4.5
emblematica:E019192,2803,128,0.7032659417616601,1.0,0.07905088929787583,0.0078125,0.0234375,0.0390625,14.0,4.0
emblematica:E019193,2803,29,0.3333333333333333,0.012195121951219513,0.011261684530941696,0.0,0.0,0.0,2.5,4.0
emblematica:E019194,2803,89,0.5565380975629401,0.3333333333333333,0.05531886220912914,0.0,0.02247191011235955,0.0449438202247191,1.0,4.0
emblematica:E019195,2803,128,0.7516714220411038,1.0,0.0926561750938794,0.0078125,0.03125,0.0390625,7.5,4.0
emblematica:E019196,2803,98,0.679997865330383,1.0,0.06910859987303317,0.01020408163265306,0.030612244897959183,0.04081632653061224,5.0,4.0
emblematica:E019197,2803,103,0.6711891340580581,1.0,0.06678532131283914,0.009708737864077669,0.019417475728155338,0.038834951456310676,4.0,4.0
emblematica:E019198,2803,103,0.5323266901845036,1.0,0.06541522783347702,0.009708737864077669,0.009708737864077669,0.019417475728155338,7.0,3.0
emblematica:E019199,2803,121,0.3333333333333333,0.07692307692307693,0.07580445425769305,0.0,0.0,0.0,14.0,4.0
emblematica:E019200,2803,26,0.3333333333333333,0.03571428571428571,0.010517197431398685,0.0,0.0,0.0,4.0,4.0
emblematica:E019201,2803,98,0.6949093436133564,1.0,0.07363107009928867,0.01020408163265306,0.030612244897959183,0.04081632653061224,2.0,4.0
emblematica:E019202,2803,24,0.3333333333333333,0.030303030303030304,0.038594117247309864,0.0,0.0,0.0,5.5,3.5
emblematica:E019203,2803,114,0.4922884978819468,1.0,0.10246754160961326,0.008771929824561403,0.008771929824561403,0.008771929824561403,9.0,3.0
emblematica:E019204,2803,26,0.48006117753205335,1.0,0.05085922462264673,0.038461538461538464,0.038461538461538464,0.038461538461538464,5.5,3.0
emblematica:E019205,2803,153,0.5368232559598007,1.0,0.0752006942849033,0.006535947712418301,0.013071895424836602,0.013071895424836602,14.0,3.0
emblematica:E020642,2803,199,0.551861314771666,0.5,0.2131937900865121,0.0,0.010050251256281407,0.01507537688442211,2.0,5.0
emblematica:E020643,2803,165,0.44238396597575913,0.3333333333333333,0.16602992879847916,0.0,0.006060606060606061,0.012121212121212121,1.0,5.0
emblematica:E020644,2803,1,0.1988826321263468,0.0012919896640826874,0.0012919896640826874,0.0,0.0,0.0,1.0,5.0
emblematica:E020645,2803,284,0.670428509497701,0.5,0.2030223170802625,0.0,0.0035211267605633804,0.01056338028169014,6.0,4.0
emblematica:E020646,2803,215,0.6756856998333552,1.0,0.18453954786719293,0.004651162790697674,0.013953488372093023,0.018604651162790697,6.0,4.0
emblematica:E020647,2803,62,0.28255916937452774,0.034482758620689655,0.029705860771132016,0.0,0.0,0.0,4.0,4.0
emblematica:E020648,2803,92,0.5268398566463763,0.5,0.09102232445283744,0.0,0.021739130434782608,0.03260869565217391,1.0,4.0
emblematica:E020649,2803,195,0.46311344189949805,0.14285714285714285,0.14583350184312735,0.0,0.0,0.005128205128205128,3.0,4.0
emblematica:E020650,2803,224,0.6333909794385643,1.0,0.18337280688849583,0.004464285714285714,0.008928571428571428,0.013392857142857142,14.0,4.0
emblematica:E020651,2803,63,0.45106373772101427,0.3333333333333333,0.07257624877538375,0.0,0.015873015873015872,0.031746031746031744,1.0,4.0
emblematica:E020652,2803,134,0.7370031770794805,1.0,0.10803942107160962,0.007462686567164179,0.022388059701492536,0.03731343283582089,9.0,3.0
emblematica:E020653,2803,96,0.3333333333333333,0.07692307692307693,0.04995960856080395,0.0,0.0,0.0,9.5,4.0
emblematica:E020654,2803,109,0.3333333333333333,0.03125,0.07152621430200953,0.0,0.0,0.0,1.0,5.0
emblematica:E020655,2803,188,0.3775028156362593,0.1111111111111111,0.16779588113033722,0.0,0.0,0.005319148936170213,6.0,4.5
emblematica:E020656,2803,9,0.32673982131976426,0.06666666666666667,0.04217214048672117,0.0,0.0,0.0,1.5,5.0
emblematica:E020657,2803,24,0.596579838579963,1.0,0.18390092813741854,0.041666666666666664,0.08333333333333333,0.16666666666666666,1.0,5.0
emblematica:E020658,2803,203,0.5708210590764005,0.3333333333333333,0.20310732087370875,0.0,0.014778325123152709,0.019704433497536946,2.0,5.0
emblematica:E020659,2803,106,0.45086673773561936,0.3333333333333333,0.07774390593019322,0.0,0.009433962264150943,0.018867924528301886,3.0,3.0
emblematica:E020660,2803,40,0.4389746740788156,0.5,0.06719740188139581,0.0,0.025,0.025,5.0,5.0
emblematica:E020661,2803,362,0.42203467342381923,0.125,0.18158900611134338,0.0,0.0,0.0055248618784530384,11.0,5.0
emblematica:E020662,2803,35,0.38559884598578353,0.16666666666666666,0.020427908024349094,0.0,0.0,0.02857142857142857,1.0,4.5
emblematica:E020663,2803,98,0.5217232254846784,1.0,0.07186426735210551,0.01020408163265306,0.01020408163265306,0.02040816326530612,4.0,5.0
emblematica:E020664,2803,160,0.5726361401144231,1.0,0.12310174708821289,0.00625,0.00625,0.00625,1.0,4.5
emblematica:E020665,2803,25,0.37013366589736457,0.14285714285714285,0.03768509032229091,0.0,0.0,0.04,1.0,3.5
emblematica:E020666,2803,14,0.2859426900909857,0.047619047619047616,0.01132310687174136,0.0,0.0,0.0,2.0,5.0
emblematica:E020667,2803,248,0.5497226496294907,0.25,0.15811473769949194,0.0,0.008064516129032258,0.016129032258064516,13.0,4.0
emblematica:E020668,2803,377,0.4929027456948233,0.125,0.2509976963856244,0.0,0.0,0.002652519893899204,25.0,4.0
emblematica:E020669,2803,208,0.5044464664329742,0.2,0.10660154956380383,0.0,0.004807692307692308,0.014423076923076924,4.0,5.0
emblematica:E020670,2803,12,0.2040567869736646,0.015873015873015872,0.012940130919481119,0.0,0.0,0.0,1.0,5.0
emblematica:E020671,2803,306,0.5690276690914916,0.3333333333333333,0.18003785503911252,0.0,0.0032679738562091504,0.006535947712418301,12.5,4.0
emblematica:E020672,2803,220,0.4354881516017547,0.16666666666666666,0.11040118282011463,0.0,0.0,0.004545454545454545,14.0,3.0
emblematica:E020673,2803,189,0.713851662027866,0.5,0.2601965186351749,0.0,0.015873015873015872,0.037037037037037035,9.0,4.0
emblematica:E020674,2803,231,0.4589627680851436,0.3333333333333333,0.15628662354517275,0.0,0.004329004329004329,0.008658008658008658,4.0,5.0
emblematica:E020675,2803,47,0.4006988764609059,0.027777777777777776,0.022096926635231585,0.0,0.0,0.0,5.0,4.0
emblematica:E020676,2803,464,0.8462884356681635,0.25,0.3056138155587995,0.0,0.004310344827586207,0.010775862068965518,47.0,4.0
emblematica:E020677,2803,293,0.5770039405810635,1.0,0.13597055421276522,0.0034129692832764505,0.006825938566552901,0.010238907849829351,1.0,3.5
emblematica:E020678,2803,337,0.37574719213263447,0.1,0.13948736680031032,0.0,0.0,0.002967359050445104,7.5,4.0
emblematica:E020679,2803,6,0.3333333333333333,0.023809523809523808,0.01362808968440298,0.0,0.0,0.0,1.0,4.0
emblematica:E020680,2803,191,0.43900469316065394,0.2,0.1083545142911928,0.0,0.005235602094240838,0.010471204188481676,8.5,4.0
emblematica:E020681,2803,82,0.38559884598578353,0.16666666666666666,0.07550336623210516,0.0,0.0,0.012195121951219513,6.0,4.5
emblematica:E020682,2803,11,0.3333333333333333,0.0013297872340425532,0.0034171695174463955,0.0,0.0,0.0,1.0,4.0
emblematica:E020683,2803,301,0.6673155115661744,0.5,0.17626151927504227,0.0,0.0033222591362126247,0.006644518272425249,4.0,5.0
emblematica:E020684,2803,305,0.5500426749626679,0.2,0.12859674574889504,0.0,0.003278688524590164,0.003278688524590164,6.5,4.0
emblematica:E020685,2803,351,0.9574284411791895,0.14285714285714285,0.19742446881588008,0.0,0.0,0.011396011396011397,8.5,5.0
emblematica:E020686,2803,102,0.3333333333333333,0.08333333333333333,0.06634225438884034,0.0,0.0,0.0,2.0,5.0
emblematica:E020687,2803,120,0.37779992933266887,0.2,0.09809740278584843,0.0,0.008333333333333333,0.016666666666666666,5.0,6.0
emblematica:E020688,2803,159,0.6723085892991916,0.5,0.14047641409780662,0.0,0.018867924528301886,0.031446540880503145,11.0,5.0
emblematica:E020689,2803,274,0.5635189174057623,0.5,0.1486827289352647,0.0,0.0036496350364963502,0.0072992700729927005,2.0,4.0
emblematica:E020690,2803,99,0.5225419089406879,0.5,0.07666642906914835,0.0,0.020202020202020204,0.020202020202020204,10.0,4.0
emblematica:E020691,2803,72,0.3648643670536525,0.1111111111111111,0.03818972907421188,0.0,0.0,0.013888888888888888,1.0,4.5
emblematica:E020692,2803,100,0.6984354742873015,1.0,0.13556079581534036,0.01,0.04,0.05,11.0,6.0
emblematica:E020693,2803,92,0.6293474901170223,0.1,0.07182023449732176,0.0,0.0,0.010869565217391304,8.5,4.0
emblematica:E020694,2803,241,0.5368232559598007,1.0,0.11104370436205861,0.004149377593360996,0.008298755186721992,0.008298755186721992,2.0,5.0
emblematica:E020695,2803,112,0.7018307059217811,0.5,0.12969096365970906,0.0,0.017857142857142856,0.03571428571428571,8.0,4.5
emblematica:E020696,2803,178,0.5458626172564842,0.5,0.08325728794796101,0.0,0.016853932584269662,0.016853932584269662,6.0,5.0
emblematica:E020697,2803,272,0.5783056800393526,0.125,0.21230241756681223,0.0,0.0,0.007352941176470588,1.0,4.5
emblematica:E020698,2803,499,0.5289704589316268,1.0,0.3030598154075282,0.002004008016032064,0.002004008016032064,0.004008016032064128,25.5,5.0
emblematica:E020699,2803,351,0.44668921439929493,0.2,0.21310454490798902,0.0,0.002849002849002849,0.005698005698005698,6.5,4.0
emblematica:E020700,2803,160,0.5229662341544926,0.125,0.10926399712604284,0.0,0.0,0.01875,14.0,4.0
emblematica:E020701,2803,74,0.49715421902680423,0.013157894736842105,0.031102312705860315,0.0,0.0,0.0,5.0,4.0
emblematica:E020702,2803,378,0.9069212362975004,0.5,0.25894518138445266,0.0,0.010582010582010581,0.015873015873015872,13.0,4.5
emblematica:E020704,2803,0,1.0,,,,,,1.0,2.0
emblematica:E020705,2803,0,0.5239294981581574,,,,,,1.0,2.0
emblematica:E020706,2803,0,0.6306637463657283,,,,,,1.0,2.0
emblematica:E020707,2803,0,0.6141069626790936,,,,,,1.0,2.0
emblematica:E020708,2803,0,0.7136540102475307,,,,,,1.0,2.0
emblematica:E020709,2803,0,0.13886244387355454,,,,,,1.0,2.0
emblematica:E020710,2803,0,0.7542686714597936,,,,,,1.0,2.0
emblematica:E020711,2803,0,0.0,,,,,,1.0,2.0
emblematica:E020712,2803,0,1.0,,,,,,1.0,2.0
emblematica:E020713,2803,1,0.7781188158783612,1.0,1.0,1.0,1.0,1.0,2.0,2.0
emblematica:E020714,2803,0,0.8200685179888281,,,,,,1.0,2.0
emblematica:E020715,2803,0,0.8268133666517739,,,,,,1.0,2.0
emblematica:E020716,2803,0,0.9305687780632227,,,,,,1.0,2.0
emblematica:E020717,2803,0,0.8572048559638626,,,,,,1.0,2.0
emblematica:E020718,2803,0,0.5368103404171507,,,,,,1.0,2.0
emblematica:E020719,2803,0,0.5352543167750639,,,,,,1.0,2.0
emblematica:E020720,2803,0,1.0,,,,,,1.0,2.0
emblematica:E020721,2803,0,1.0,,,,,,1.0,2.0
emblematica:E020722,2803,0,0.7222954974312066,,,,,,1.0,2.0
emblematica:E020723,2803,0,0.8572048559638626,,,,,,1.0,2.0
emblematica:E020724,2803,0,0.8165901947515998,,,,,,1.0,2.0
emblematica:E020725,2803,0,0.6659485553357843,,,,,,1.0,2.0
emblematica:E020726,2803,0,0.3120490772217806,,,,,,1.0,2.0
emblematica:E020727,2803,0,0.32195053918879885,,,,,,1.0,2.0
emblematica:E020728,2803,0,0.8414929602590189,,,,,,1.0,2.0
emblematica:E020729,2803,0,0.44092032933086744,,,,,,1.0,2.0
emblematica:E020730,2803,0,0.9305687780632227,,,,,,1.0,2.0
emblematica:E020731,2803,0,1.0,,,,,,1.0,2.0
emblematica:E020732,2803,0,0.9337457765456109,,,,,,1.0,2.0
emblematica:E020733,2803,1,0.6759972557393322,1.0,1.0,1.0,1.0,1.0,2.0,2.0
emblematica:E020734,2803,0,0.49828993591603105,,,,,,1.0,2.0
emblematica:E020735,2803,0,0.34181895781690264,,,,,,1.0,2.0
emblematica:E020736,2803,0,0.7564477297898764,,,,,,1.0,2.0
emblematica:E020737,2803,0,0.7151857987862356,,,,,,1.0,2.0
emblematica:E020738,2803,0,0.6530488081313035,,,,,,1.0,2.0
emblematica:E020739,2803,0,0.8572048559638626,,,,,,1.0,2.0
emblematica:E020740,2803,0,0.4315420454124845,,,,,,1.0,2.0
emblematica:E020741,2803,0,0.0,,,,,,1.0,2.0
emblematica:E020742,2803,0,1.0,,,,,,1.0,2.0
emblematica:E020743,2803,0,0.9216017310213247,,,,,,1.0,2.0
emblematica:E020744,2803,0,0.494639655562801,,,,,,1.0,2.0
emblematica:E020745,2803,0,0.8454256604216016,,,,,,1.0,2.0
emblematica:E020746,2803,0,0.23177307466786254,,,,,,1.0,2.0
emblematica:E020747,2803,0,0.9363792118010483,,,,,,1.0,2.0
emblematica:E020748,2803,0,0.716287445502968,,,,,,1.0,2.0
emblematica:E020749,2803,0,1.0,,,,,,1.0,2.0
emblematica:E020750,2803,0,0.8200685179888281,,,,,,1.0,2.0
emblematica:E020751,2803,0,0.16354138662029633,,,,,,1.0,2.0
emblematica:E020752,2803,0,0.3030820301798826,,,,,,1.0,2.0
emblematica:E020753,2803,0,0.8006937664098819,,,,,,1.0,2.0
emblematica:E020754,2803,0,0.5771493379489846,,,,,,1.0,2.0
emblematica:E020755,2803,0,0.70844095012329,,,,,,1.0,2.0
emblematica:E020756,2803,0,0.2719144540092835,,,,,,1.0,2.0
emblematica:E020757,2803,0,0.44128517931289285,,,,,,1.0,2.0
emblematica:E022361,2803,62,0.4970185902131229,0.16666666666666666,0.05969480010388365,0.0,0.0,0.016129032258064516,1.0,4.0
emblematica:E022362,2803,0,0.7695261902392829,,,,,,1.0,2.0
emblematica:E022363,2803,0,0.4537425745411855,,,,,,1.0,2.0
emblematica:E022364,2803,0,0.3984279345433619,,,,,,1.0,2.0
emblematica:E022506,2803,172,0.9558305176970738,1.0,0.19928534264824327,0.005813953488372093,0.029069767441860465,0.05232558139534884,3.0,6.0
emblematica:E022507,2803,460,0.8446849276286176,1.0,0.2534722940268589,0.002173913043478261,0.008695652173913044,0.015217391304347827,6.5,4.0
emblematica:E022508,2803,142,0.5955189330975375,1.0,0.07538695569901302,0.007042253521126761,0.014084507042253521,0.02112676056338028,3.0,5.0
emblematica:E022509,2803,45,0.7099267362713053,0.5,0.09442860786260626,0.0,0.06666666666666667,0.08888888888888889,2.0,5.0
emblematica:E022510,2803,812,0.8009173520665539,1.0,0.6525281887501034,0.0012315270935960591,0.003694581280788177,0.003694581280788177,5.5,5.5
emblematica:E022511,2803,665,1.0,1.0,0.3354892278699194,0.0015037593984962407,0.007518796992481203,0.015037593984962405,10.0,6.0
emblematica:E022512,2803,195,1.0,1.0,0.18749169941798438,0.005128205128205128,0.02564102564102564,0.05128205128205128,7.0,5.5
emblematica:E022513,2803,595,0.8400527367984127,1.0,0.26533350318079096,0.0016806722689075631,0.0067226890756302525,0.011764705882352941,15.0,5.0
emblematica:E022514,2803,213,1.0,1.0,0.1522641427088811,0.004694835680751174,0.018779342723004695,0.03755868544600939,7.5,5.0
emblematica:E022515,2803,99,1.0,0.5,0.1969382466140185,0.0,0.04040404040404041,0.0707070707070707,5.0,5.0
emblematica:E022516,2803,281,0.9477344873475497,1.0,0.1312330223650554,0.0035587188612099642,0.014234875444839857,0.028469750889679714,2.0,5.0
emblematica:E022517,2803,123,0.6588994558834732,0.5,0.13096371306285962,0.0,0.024390243902439025,0.04065040650406504,4.5,5.0
emblematica:E022518,2803,77,0.38224261473290666,0.14285714285714285,0.048331200566114625,0.0,0.0,0.012987012987012988,6.0,5.0
emblematica:E022519,2803,267,0.7032659417616601,1.0,0.16606519920029328,0.003745318352059925,0.011235955056179775,0.0149812734082397,7.0,4.0
emblematica:E022520,2803,306,0.8583837417513669,0.5,0.17217555830477288,0.0,0.006535947712418301,0.013071895424836602,2.0,6.0
emblematica:E022521,2803,319,1.0,1.0,0.22221540737348042,0.003134796238244514,0.01567398119122257,0.02821316614420063,2.0,4.0
emblematica:E022522,2803,245,1.0,1.0,0.1765602633020053,0.004081632653061225,0.02040816326530612,0.04081632653061224,6.5,4.5
emblematica:E022523,2803,338,1.0,1.0,0.23810516595199555,0.0029585798816568047,0.011834319526627219,0.026627218934911243,14.0,3.5
emblematica:E022524,2803,47,0.7179804164693727,1.0,0.1413123009197837,0.02127659574468085,0.02127659574468085,0.0851063829787234,3.0,6.0
emblematica:E022525,2803,341,1.0,1.0,0.22981604139957174,0.002932551319648094,0.01466275659824047,0.026392961876832845,7.5,6.0
emblematica:E022526,2803,331,0.6402390707579992,0.3333333333333333,0.18465551137399988,0.0,0.0030211480362537764,0.00906344410876133,7.0,4.0
emblematica:E022527,2803,158,0.6098070301281828,0.5,0.1451472163898045,0.0,0.012658227848101266,0.02531645569620253,4.5,6.0
emblematica:E022528,2803,485,0.4698894983457272,0.3333333333333333,0.2706547017963061,0.0,0.004123711340206186,0.004123711340206186,6.0,4.0
emblematica:E022529,2803,335,0.42590829591570295,0.5,0.17709867788581868,0.0,0.0029850746268656717,0.0029850746268656717,2.0,5.0
emblematica:E022530,2803,115,0.8682259029282925,1.0,0.16592080068297949,0.008695652173913044,0.034782608695652174,0.06956521739130435,6.0,6.0
emblematica:E022531,2803,152,0.7713295151423688,1.0,0.14580376805913398,0.006578947368421052,0.019736842105263157,0.039473684210526314,4.5,6.0
emblematica:E022532,2803,345,0.8458011211984314,1.0,0.21120379370683912,0.002898550724637681,0.008695652173913044,0.020289855072463767,5.0,3.0
emblematica:E022533,2803,305,0.7300068536493727,0.5,0.20354612881384784,0.0,0.009836065573770493,0.019672131147540985,3.0,5.0
emblematica:E022534,2803,293,0.8800456786592188,1.0,0.2072326221818818,0.0034129692832764505,0.010238907849829351,0.027303754266211604,10.0,4.0
emblematica:E022535,2803,205,1.0,1.0,0.20346205956797217,0.004878048780487805,0.024390243902439025,0.04390243902439024,6.0,4.0
emblematica:E028278,2803,473,0.9102614474570914,1.0,0.2702673011615575,0.0021141649048625794,0.008456659619450317,0.016913319238900635,14.0,4.0
emblematica:E028279,2803,1226,0.796543553376759,1.0,0.6344024594670997,0.0008156606851549756,0.0032626427406199023,0.005709624796084829,16.0,3.0
emblematica:E028280,2803,300,0.9668728882728055,1.0,0.2956073649669669,0.0033333333333333335,0.016666666666666666,0.02666666666666667,7.0,4.5
emblematica:E028281,2803,800,1.0,1.0,0.4842848796568164,0.00125,0.00625,0.0125,14.0,4.0
emblematica:E028282,2803,1173,0.7971514790952556,1.0,0.5505090214279418,0.0008525149190110827,0.004262574595055414,0.005115089514066497,29.0,4.0
emblematica:E028283,2803,573,1.0,1.0,0.37660951459228925,0.0017452006980802793,0.008726003490401396,0.017452006980802792,21.0,3.0
emblematica:E028284,2803,960,0.7650610413616349,1.0,0.5700805962865692,0.0010416666666666667,0.004166666666666667,0.00625,6.0,4.0
emblematica:E028285,2803,534,0.5217788125716097,1.0,0.21582800458010246,0.0018726591760299626,0.0018726591760299626,0.0056179775280898875,22.0,4.0
emblematica:E028286,2803,156,0.37790396948183824,1.0,0.10088402829279033,0.00641025641025641,0.00641025641025641,0.00641025641025641,3.0,4.0
emblematica:E028287,2803,577,0.8442048757830375,1.0,0.3195243320675009,0.0017331022530329288,0.008665511265164644,0.012131715771230503,18.0,4.0
emblematica:E028288,2803,739,0.7936227901444173,1.0,0.40473594334526264,0.0013531799729364006,0.0040595399188092015,0.009472259810554804,14.5,4.0
emblematica:E028289,2803,1252,0.914856882358379,1.0,0.801251461203961,0.0007987220447284345,0.003194888178913738,0.00718849840255591,5.0,4.0
emblematica:E028290,2803,401,0.4980924637473379,0.5,0.22318277554933874,0.0,0.004987531172069825,0.007481296758104738,21.0,4.0
emblematica:E028291,2803,394,0.7920638446821342,0.5,0.3549782945409366,0.0,0.01015228426395939,0.017766497461928935,10.0,4.0
emblematica:E028292,2803,448,0.47395638290317527,0.5,0.22651343788501474,0.0,0.004464285714285714,0.008928571428571428,17.0,3.0
emblematica:E028293,2803,993,0.94497705842548,1.0,0.6622917761345994,0.0010070493454179255,0.004028197381671702,0.00906344410876133,13.0,4.0
emblematica:E028294,2803,1109,1.0,1.0,0.6959973592862149,0.0009017132551848512,0.004508566275924256,0.009017132551848512,14.0,4.0
emblematica:E028295,2803,765,0.9216017310213246,0.5,0.4442482539457243,0.0,0.00522875816993464,0.01045751633986928,14.0,4.0
emblematica:E028296,2803,597,0.7584837914317291,1.0,0.3312274624637113,0.0016750418760469012,0.005025125628140704,0.011725293132328308,12.0,4.0
emblematica:E028297,2803,530,0.9432379215722525,1.0,0.3838376686909085,0.0018867924528301887,0.007547169811320755,0.01509433962264151,7.0,4.0
emblematica:E028298,2803,212,0.590576127564365,0.5,0.16770958342249306,0.0,0.009433962264150943,0.014150943396226415,8.0,3.0
emblematica:E028299,2803,1178,1.0,1.0,0.6525626421364084,0.0008488964346349745,0.004244482173174873,0.008488964346349746,14.5,4.0
emblematica:E028300,2803,861,0.6450156408205399,0.2,0.6698165485476759,0.0,0.0011614401858304297,0.005807200929152149,4.5,3.5
emblematica:E028301,2803,390,0.6020136398324502,1.0,0.31054480980918797,0.002564102564102564,0.007692307692307693,0.01282051282051282,17.5,4.0
emblematica:E028302,2803,1116,1.0,1.0,0.5930342374954084,0.0008960573476702509,0.004480286738351254,0.008064516129032258,8.0,4.0
emblematica:E028303,2803,1165,1.0,1.0,0.713161477681815,0.0008583690987124463,0.004291845493562232,0.008583690987124463,15.0,4.0
emblematica:E028304,2803,1305,1.0,1.0,0.5928342594767693,0.0007662835249042146,0.0038314176245210726,0.007662835249042145,16.5,4.0
emblematica:E028305,2803,1210,0.4511584103107575,1.0,0.5886053192378259,0.0008264462809917355,0.0008264462809917355,0.001652892561983471,17.5,4.0
emblematica:E028306,2803,1315,1.0,1.0,0.7289000497976785,0.0007604562737642585,0.0038022813688212928,0.0076045627376425855,15.0,4.0
emblematica:E028307,2803,1262,0.8094171826090534,1.0,0.5776552815876003,0.000792393026941363,0.003169572107765452,0.005546751188589541,13.5,4.0
emblematica:E028308,2803,595,0.4472878327129271,0.25,0.2305997873717452,0.0,0.0016806722689075631,0.005042016806722689,16.5,4.0
emblematica:E028309,2803,847,0.4636224472418276,0.3333333333333333,0.3595665782938914,0.0,0.0023612750885478157,0.0023612750885478157,9.0,4.0
emblematica:E028310,2803,357,0.8466608849976843,1.0,0.35180556497956994,0.0028011204481792717,0.014005602240896359,0.0196078431372549,20.0,4.0
emblematica:E028311,2803,1352,1.0,0.5,0.6955285035963962,0.0,0.0029585798816568047,0.006656804733727811,16.0,5.0
emblematica:E028312,2803,1190,1.0,1.0,0.7088880723409285,0.0008403361344537816,0.004201680672268907,0.008403361344537815,18.5,4.0
emblematica:E028313,2803,648,0.8538383147461012,1.0,0.3249835815067443,0.0015432098765432098,0.0030864197530864196,0.007716049382716049,17.0,4.0
emblematica:E028314,2803,618,0.8114244559468,1.0,0.284192715628955,0.0016181229773462784,0.006472491909385114,0.009708737864077669,8.5,5.0
emblematica:E028315,2803,447,0.7900462828492824,1.0,0.24674915929762353,0.0022371364653243847,0.006711409395973154,0.011185682326621925,9.0,5.0
emblematica:E028316,2803,238,0.7007038939001978,0.5,0.10298716689697822,0.0,0.008403361344537815,0.012605042016806723,10.5,3.0
emblematica:E028317,2803,573,0.9469966212364886,1.0,0.38211699058548587,0.0017452006980802793,0.008726003490401396,0.015706806282722512,21.0,4.0
emblematica:E028318,2803,371,0.8174439387948393,1.0,0.229949705745237,0.0026954177897574125,0.008086253369272238,0.008086253369272238,14.0,3.0
emblematica:E028319,2803,216,0.6717631255451869,1.0,0.17036205023808842,0.004629629629629629,0.009259259259259259,0.023148148148148147,5.0,4.0
emblematica:E028320,2803,392,0.657661223618855,1.0,0.21150295058041854,0.002551020408163265,0.007653061224489796,0.01020408163265306,8.0,5.0
emblematica:E028321,2803,515,0.8897913369218488,1.0,0.33440990284033945,0.001941747572815534,0.005825242718446602,0.009708737864077669,8.0,4.0
emblematica:E028322,2803,719,1.0,1.0,0.46389625343134827,0.0013908205841446453,0.006954102920723227,0.013908205841446454,27.0,4.0
emblematica:E028323,2803,686,1.0,1.0,0.403182046845193,0.0014577259475218659,0.007288629737609329,0.013119533527696793,16.0,4.0
emblematica:E028324,2803,387,0.9668728882728055,1.0,0.2149294177877546,0.002583979328165375,0.012919896640826873,0.01808785529715762,6.0,3.5
emblematica:E028325,2803,911,0.8318477135310891,1.0,0.5566297951902541,0.0010976948408342481,0.003293084522502744,0.006586169045005488,6.5,4.0
emblematica:E028326,2803,743,1.0,1.0,0.36962875819982227,0.0013458950201884253,0.006729475100942127,0.013458950201884253,13.0,4.0
emblematica:E028327,2803,437,0.8267053619185809,1.0,0.2725052633739929,0.002288329519450801,0.009153318077803204,0.013729977116704805,10.0,4.0
emblematica:E028328,2803,422,0.8899541168509599,0.5,0.3542876309497236,0.0,0.009478672985781991,0.02132701421800948,15.0,4.0
emblematica:E028329,2803,1198,1.0,1.0,0.6928205298535979,0.0008347245409015025,0.004173622704507512,0.008347245409015025,31.5,4.0
emblematica:E028330,2803,1209,1.0,1.0,0.6911642702891488,0.0008271298593879239,0.0041356492969396195,0.008271298593879239,18.5,4.0
emblematica:E028331,2803,611,0.4773924918277303,0.25,0.33194156967557936,0.0,0.0032733224222585926,0.008183306055646482,16.0,4.0
emblematica:E028332,2803,731,1.0,1.0,0.37313211465081136,0.0013679890560875513,0.006839945280437756,0.013679890560875513,21.0,3.0
emblematica:E028333,2803,1171,1.0,1.0,0.6968296904700192,0.0008539709649871904,0.004269854824935952,0.008539709649871904,14.0,4.0
emblematica:E028334,2803,650,0.94497705842548,1.0,0.37286501602396416,0.0015384615384615385,0.006153846153846154,0.013846153846153847,12.0,4.0
emblematica:E028335,2803,570,0.9575861412006987,1.0,0.3695080629007813,0.0017543859649122807,0.008771929824561403,0.015789473684210527,15.5,3.5
emblematica:E028336,2803,579,0.8900917305098632,1.0,0.36909792566526717,0.0017271157167530224,0.008635578583765112,0.013816925734024179,17.0,4.0
emblematica:E028337,2803,1241,1.0,0.5,0.7560803177991215,0.0,0.0032232070910556,0.0064464141821112,34.0,4.0
emblematica:E028338,2803,1164,0.9608008655106622,1.0,0.6659990553135717,0.000859106529209622,0.00429553264604811,0.007731958762886598,16.0,4.0
emblematica:E028339,2803,464,0.947926583547417,1.0,0.32150246625012124,0.0021551724137931034,0.010775862068965518,0.01939655172413793,6.0,3.5
emblematica:E028340,2803,1264,1.0,1.0,0.7313884305475926,0.0007911392405063291,0.003955696202531646,0.007911392405063292,14.0,4.5
emblematica:E028341,2803,1325,1.0,1.0,0.5901134145313798,0.0007547169811320754,0.0037735849056603774,0.007547169811320755,11.0,4.0
emblematica:E028342,2803,593,0.7932088548728614,1.0,0.34732054964830245,0.0016863406408094434,0.00505902192242833,0.01011804384485666,18.5,4.0
emblematica:E028343,2803,566,0.9266360779006398,1.0,0.3871767463382157,0.0017667844522968198,0.007067137809187279,0.015901060070671377,15.0,4.0
emblematica:E028344,2803,580,1.0,1.0,0.3745730063540086,0.0017241379310344827,0.008620689655172414,0.017241379310344827,21.0,4.0
emblematica:E028345,2803,444,0.6958320904674644,0.5,0.31921814390954256,0.0,0.0045045045045045045,0.015765765765765764,14.0,4.0
emblematica:E028346,2803,466,0.8986895771342951,1.0,0.29928202214155064,0.002145922746781116,0.01072961373390558,0.015021459227467811,13.0,4.0
emblematica:E028347,2803,465,0.7660700238697122,1.0,0.27001196039429204,0.002150537634408602,0.0064516129032258064,0.008602150537634409,9.0,4.0
emblematica:E028348,2803,472,1.0,1.0,0.2769950752836129,0.00211864406779661,0.01059322033898305,0.0211864406779661,13.0,4.0
emblematica:E028349,2803,429,0.508882953853013,0.3333333333333333,0.3027703991375964,0.0,0.004662004662004662,0.011655011655011656,11.0,4.0
emblematica:E028350,2803,672,1.0,1.0,0.41905175092058017,0.001488095238095238,0.00744047619047619,0.01488095238095238,16.0,4.0
emblematica:E028351,2803,1192,1.0,1.0,0.639245029002869,0.0008389261744966443,0.0041946308724832215,0.007550335570469799,8.0,4.0
emblematica:E028352,2803,774,1.0,1.0,0.4417594242429238,0.0012919896640826874,0.006459948320413436,0.012919896640826873,18.5,4.0
emblematica:E028353,2803,487,1.0,1.0,0.37928713893087745,0.002053388090349076,0.008213552361396304,0.018480492813141684,9.0,4.0
emblematica:E028354,2803,1242,1.0,1.0,0.5630060868060605,0.0008051529790660225,0.004025764895330112,0.008051529790660225,14.0,4.5
emblematica:E028355,2803,492,1.0,1.0,0.35670843660973806,0.0020325203252032522,0.01016260162601626,0.02032520325203252,8.0,4.0
emblematica:E028356,2803,736,0.9652843890316114,1.0,0.4089065481904654,0.001358695652173913,0.006793478260869565,0.012228260869565218,21.0,3.0
emblematica:E028357,2803,608,1.0,1.0,0.3491678589064635,0.001644736842105263,0.008223684210526315,0.01644736842105263,12.0,4.0
emblematica:E028358,2803,845,1.0,1.0,0.37411030849880217,0.001183431952662722,0.004733727810650888,0.010650887573964497,9.0,4.0
emblematica:E028359,2803,515,0.916375107632038,1.0,0.23966348153584055,0.001941747572815534,0.009708737864077669,0.015533980582524271,14.0,4.0
emblematica:E028360,2803,504,0.8060581111037185,1.0,0.34104264149974045,0.001984126984126984,0.00992063492063492,0.013888888888888888,12.0,4.0
emblematica:E028361,2803,1100,0.8568270051237653,1.0,0.5458625053344587,0.0009090909090909091,0.0036363636363636364,0.007272727272727273,8.0,4.0
emblematica:E028362,2803,603,0.7890225561202865,0.5,0.3639250026344234,0.0,0.004975124378109453,0.011608623548922056,16.0,4.0
emblematica:E028363,2803,1128,0.9077835420115359,1.0,0.6081510325653326,0.0008865248226950354,0.004432624113475178,0.0070921985815602835,14.0,3.0
emblematica:E028364,2803,627,1.0,1.0,0.4186787413333307,0.001594896331738437,0.007974481658692184,0.01594896331738437,16.0,4.0
emblematica:E028365,2803,519,0.7418763875791496,1.0,0.33349907641359466,0.0019267822736030828,0.005780346820809248,0.009633911368015413,21.0,4.0
emblematica:E028366,2803,752,1.0,1.0,0.35909275970314436,0.0013297872340425532,0.005319148936170213,0.010638297872340425,12.0,4.0
emblematica:E028367,2803,1021,1.0,1.0,0.5978793702125998,0.0009794319294809011,0.004897159647404506,0.00881488736532811,14.0,4.0
emblematica:E028368,2803,311,0.718342412090308,1.0,0.28190887685368904,0.003215434083601286,0.00964630225080386,0.01929260450160772,10.0,4.0
emblematica:E028369,2803,404,1.0,1.0,0.39650744418826367,0.0024752475247524753,0.012376237623762377,0.024752475247524754,18.0,4.0
emblematica:E028370,2803,1178,1.0,1.0,0.5725097598274939,0.0008488964346349745,0.004244482173174873,0.008488964346349746,13.5,4.0
emblematica:E028371,2803,471,1.0,1.0,0.30120148313887707,0.0021231422505307855,0.008492569002123142,0.01910828025477707,14.0,4.0
emblematica:E028372,2803,1071,1.0,1.0,0.613504837988163,0.0009337068160597573,0.003734827264239029,0.008403361344537815,19.0,4.0
emblematica:E028373,2803,1310,1.0,1.0,0.6732134341525776,0.0007633587786259542,0.003816793893129771,0.007633587786259542,15.0,4.0
emblematica:E028374,2803,313,0.6155224894020187,1.0,0.2341374820006827,0.003194888178913738,0.006389776357827476,0.009584664536741214,6.0,3.0
emblematica:E028375,2803,484,0.8976086225976284,1.0,0.3654661243671571,0.002066115702479339,0.008264462809917356,0.01652892561983471,10.0,4.0
emblematica:E028376,2803,460,0.8224892449954739,1.0,0.3528749028726889,0.002173913043478261,0.008695652173913044,0.017391304347826087,13.0,4.0
emblematica:E028377,2803,202,0.43279845338602707,0.2,0.08402344679691896,0.0,0.0049504950495049506,0.0049504950495049506,6.5,3.0
emblematica:E029857,2803,453,1.0,1.0,0.3075426317635814,0.002207505518763797,0.011037527593818985,0.02207505518763797,4.0,4.0
emblematica:E029858,2803,44,0.4815263644951026,1.0,0.14320727682366793,0.022727272727272728,0.022727272727272728,0.06818181818181818,5.0,4.0
emblematica:E029859,2803,277,0.4975742266646883,1.0,0.16040288825157648,0.0036101083032490976,0.010830324909747292,0.010830324909747292,9.0,5.0
emblematica:E029860,2803,467,0.7490496219327153,1.0,0.23113164142762022,0.0021413276231263384,0.008565310492505354,0.010706638115631691,11.0,5.0
emblematica:E029861,2803,425,0.8795382833625462,1.0,0.31237966899091274,0.002352941176470588,0.009411764705882352,0.018823529411764704,5.0,4.0
emblematica:E029862,2803,125,0.34133911637722,0.2,0.04428800618246917,0.0,0.008,0.008,9.0,4.0
emblematica:E029863,2803,308,0.7278337432083735,1.0,0.1497875819430192,0.003246753246753247,0.00974025974025974,0.012987012987012988,13.5,6.0
emblematica:E029864,2803,158,0.5958389584307145,1.0,0.18051780715498797,0.006329113924050633,0.012658227848101266,0.0189873417721519,4.0,4.0
emblematica:E029865,2803,254,0.7201206016333519,1.0,0.18261544228024254,0.003937007874015748,0.007874015748031496,0.015748031496062992,4.0,4.0
emblematica:E029866,2803,272,0.7743730272819013,1.0,0.24975657332234544,0.003676470588235294,0.007352941176470588,0.01838235294117647,5.0,4.0
emblematica:E029867,2803,275,0.7634856242859304,0.5,0.17145306465197485,0.0,0.014545454545454545,0.025454545454545455,3.0,6.0
emblematica:E029868,2803,67,0.42101404527927483,0.25,0.038125125307985536,0.0,0.014925373134328358,0.029850746268656716,8.0,5.0
emblematica:E029869,2803,457,0.8918534986205445,1.0,0.27305316311078665,0.002188183807439825,0.0087527352297593,0.015317286652078774,6.0,4.0
emblematica:E029870,2803,403,0.9368077570869661,1.0,0.28911688224441495,0.0024813895781637717,0.007444168734491315,0.019851116625310174,8.0,5.0
emblematica:E029871,2803,226,0.8609011516735539,1.0,0.2107266466458333,0.004424778761061947,0.008849557522123894,0.017699115044247787,5.5,5.0
emblematica:E029872,2803,273,0.8561180183134846,1.0,0.346736617591098,0.003663003663003663,0.007326007326007326,0.018315018315018316,5.0,5.0
emblematica:E029873,2803,175,1.0,1.0,0.2512772757716068,0.005714285714285714,0.017142857142857144,0.04,5.0,5.0
emblematica:E029874,2803,59,0.6095662712215754,1.0,0.04580886634088628,0.01694915254237288,0.03389830508474576,0.03389830508474576,4.0,4.0
emblematica:E029875,2803,314,0.6853451190598551,0.5,0.2510834127895867,0.0,0.009554140127388535,0.01910828025477707,7.5,4.5
emblematica:E029876,2803,272,1.0,1.0,0.2462295968336602,0.003676470588235294,0.014705882352941176,0.022058823529411766,5.0,5.0
emblematica:E029877,2803,35,0.6280424796059818,1.0,0.12354238626468363,0.02857142857142857,0.08571428571428572,0.11428571428571428,3.0,6.0
emblematica:E029878,2803,236,0.7872446259118558,0.5,0.2094756254474664,0.0,0.012711864406779662,0.025423728813559324,12.0,6.0
emblematica:E029879,2803,146,0.7403794518423099,1.0,0.12971121543573746,0.00684931506849315,0.00684931506849315,0.02054794520547945,3.5,4.0
emblematica:E029880,2803,316,0.7926849324017968,1.0,0.17055616775057444,0.0031645569620253164,0.00949367088607595,0.012658227848101266,4.0,4.0
emblematica:E029881,2803,233,0.6936111834984557,0.0625,0.12592508294526528,0.0,0.0,0.0,4.0,4.5
emblematica:E029882,2803,415,0.5690654355727757,0.3333333333333333,0.18162150412127456,0.0,0.004819277108433735,0.007228915662650603,3.0,5.0
emblematica:E029883,2803,275,0.9074250374176303,1.0,0.23751840080686515,0.0036363636363636364,0.014545454545454545,0.025454545454545455,11.0,4.0
emblematica:E029884,2803,265,0.7531212631409161,1.0,0.25599018171919413,0.0037735849056603774,0.007547169811320755,0.011320754716981131,3.5,4.5
emblematica:E029885,2803,1053,0.94497705842548,1.0,0.6808445111957888,0.000949667616334283,0.003798670465337132,0.007597340930674264,5.0,4.0
emblematica:E029886,2803,342,0.8611375561264454,0.2,0.17265230930303813,0.0,0.0029239766081871343,0.011695906432748537,3.0,5.0
emblematica:E029887,2803,100,0.5882506227447589,1.0,0.11359304793886313,0.01,0.01,0.02,2.0,4.0
emblematica:E029888,2803,204,0.4345081273853569,0.07692307692307693,0.08800979325914687,0.0,0.0,0.0,5.0,4.5
emblematica:E029889,2803,283,0.8216029998383027,1.0,0.14232649995888913,0.0035335689045936395,0.014134275618374558,0.02120141342756184,2.0,4.0
emblematica:E029890,2803,327,0.8848819390069622,1.0,0.16838065005957847,0.0030581039755351682,0.012232415902140673,0.01529051987767584,7.0,4.0
emblematica:E029891,2803,177,0.7631410857389743,1.0,0.26564250907389075,0.005649717514124294,0.011299435028248588,0.03389830508474576,3.0,5.0
emblematica:E029892,2803,137,0.7663491917568945,1.0,0.24840820737947727,0.0072992700729927005,0.014598540145985401,0.0364963503649635,4.0,4.0
emblematica:E029893,2803,383,0.8611375561264454,1.0,0.3775787593668155,0.0026109660574412533,0.010443864229765013,0.018276762402088774,7.0,5.0
emblematica:E029894,2803,284,0.3073073564852891,0.3333333333333333,0.10335603144111595,0.0,0.0035211267605633804,0.0035211267605633804,9.0,4.0
emblematica:E029895,2803,101,0.7229087677581689,0.5,0.22177605030163755,0.0,0.0297029702970297,0.039603960396039604,2.0,5.0
emblematica:E029896,2803,1101,0.741283005756757,0.5,0.7073210519916018,0.0,0.0027247956403269754,0.005449591280653951,18.0,5.0
emblematica:E029897,2803,166,0.5630102542263358,0.5,0.21617942230472814,0.0,0.006024096385542169,0.024096385542168676,5.0,4.0
emblematica:E029898,2803,400,0.9063183365240397,1.0,0.30870445701584787,0.0025,0.0075,0.0175,12.0,5.0
emblematica:E029899,2803,898,0.9305687780632227,1.0,0.6237017727537579,0.0011135857461024498,0.004454342984409799,0.008908685968819599,14.0,5.0
emblematica:E029900,2803,40,0.7915387365662283,0.3333333333333333,0.06978696720840405,0.0,0.025,0.025,4.0,3.0
emblematica:E029901,2803,96,0.46697473876221335,1.0,0.07962061904645258,0.010416666666666666,0.010416666666666666,0.010416666666666666,6.0,5.0
emblematica:E029902,2803,265,0.8219014895536481,1.0,0.3043415382505692,0.0037735849056603774,0.01509433962264151,0.026415094339622643,4.0,4.0
emblematica:E029903,2803,275,0.6904024496108172,1.0,0.2538148757516893,0.0036363636363636364,0.01090909090909091,0.01818181818181818,8.0,5.0
emblematica:E029904,2803,148,0.2542996746684463,0.3333333333333333,0.11194224441320104,0.0,0.006756756756756757,0.006756756756756757,4.0,5.0
emblematica:E029905,2803,312,0.93828335827842,1.0,0.18964130417368333,0.003205128205128205,0.009615384615384616,0.016025641025641024,9.5,4.0
emblematica:E029906,2803,106,0.2951890132543408,0.125,0.05239296662189443,0.0,0.0,0.009433962264150943,5.0,5.0
emblematica:E029907,2803,71,0.553466689314228,1.0,0.08115954917640014,0.014084507042253521,0.028169014084507043,0.028169014084507043,3.0,5.0
emblematica:E029908,2803,121,0.36822792791273773,0.25,0.08504631495569533,0.0,0.008264462809917356,0.008264462809917356,2.0,4.0
emblematica:E029909,2803,154,0.86128267761635,1.0,0.21645418511611345,0.006493506493506494,0.01948051948051948,0.03896103896103896,4.5,4.0
emblematica:E029910,2803,343,0.7015099647232445,0.5,0.2968475488283187,0.0,0.008746355685131196,0.014577259475218658,3.0,3.0
emblematica:E029911,2803,452,0.7925322742141314,1.0,0.2511971396941903,0.0022123893805309734,0.00663716814159292,0.011061946902654867,3.5,4.0
emblematica:E029912,2803,153,0.5496141296767499,0.25,0.16417802471431148,0.0,0.013071895424836602,0.013071895424836602,3.0,4.0
emblematica:E029913,2803,307,0.740142810906889,0.5,0.2999990039141964,0.0,0.009771986970684038,0.016286644951140065,4.0,5.0
emblematica:E029914,2803,173,0.5399232864164141,1.0,0.11661784007185615,0.005780346820809248,0.005780346820809248,0.017341040462427744,11.0,5.0
emblematica:E029915,2803,455,0.8774322487183985,1.0,0.31316544560265636,0.002197802197802198,0.006593406593406593,0.013186813186813187,4.0,5.0
emblematica:E029916,2803,1130,0.8899541168509599,0.5,0.643327330613552,0.0,0.0035398230088495575,0.005309734513274336,11.5,5.0
emblematica:E029917,2803,563,0.9537125187088151,1.0,0.458664083241247,0.0017761989342806395,0.008880994671403197,0.015985790408525755,8.5,5.0
emblematica:E029918,2803,624,0.8387431395331012,1.0,0.3415622564532745,0.0016025641025641025,0.00641025641025641,0.011217948717948718,5.5,5.0
emblematica:E029919,2803,363,0.8043301927236276,1.0,0.2784589486367499,0.0027548209366391185,0.005509641873278237,0.011019283746556474,4.0,3.0
emblematica:E029920,2803,400,0.9205854069816206,1.0,0.28435372136288534,0.0025,0.0125,0.015,7.0,4.0
emblematica:E029921,2803,519,0.7748738868226045,0.5,0.27690484885494626,0.0,0.007707129094412331,0.01348747591522158,10.5,5.0
emblematica:E029922,2803,258,0.7350085630689177,0.5,0.16704801464077745,0.0,0.015503875968992248,0.027131782945736434,10.0,5.0
emblematica:E029923,2803,144,0.8638233285538732,1.0,0.1560338600407528,0.006944444444444444,0.020833333333333332,0.034722222222222224,4.0,5.0
emblematica:E029924,2803,19,0.4700178788925068,0.07692307692307693,0.02559568032957807,0.0,0.0,0.0,3.0,4.0
emblematica:E029925,2803,598,1.0,1.0,0.4103378882628542,0.0016722408026755853,0.005016722408026756,0.013377926421404682,23.5,5.0
emblematica:E029926,2803,597,0.905211635630449,1.0,0.39249926630775506,0.0016750418760469012,0.005025125628140704,0.01340033500837521,25.0,5.0
emblematica:E029927,2803,544,0.8081202326273189,1.0,0.4082147187039502,0.001838235294117647,0.007352941176470588,0.012867647058823529,8.0,5.0
emblematica:E029928,2803,496,0.8948256838011641,1.0,0.3749578535707212,0.0020161290322580645,0.008064516129032258,0.014112903225806451,18.0,5.0
emblematica:E029929,2803,355,0.7493957230313357,1.0,0.25426677939935916,0.0028169014084507044,0.005633802816901409,0.011267605633802818,8.0,6.0
emblematica:E029930,2803,311,0.3818574144989883,1.0,0.20640767595370807,0.003215434083601286,0.003215434083601286,0.006430868167202572,3.0,5.0
emblematica:E029931,2803,188,0.6894495998135379,1.0,0.1244652634012568,0.005319148936170213,0.010638297872340425,0.02127659574468085,11.0,4.0
emblematica:E029932,2803,372,0.9209041801510187,1.0,0.28451047414073083,0.002688172043010753,0.013440860215053764,0.01881720430107527,6.0,3.0
emblematica:E029933,2803,711,1.0,1.0,0.39122335618145576,0.0014064697609001407,0.007032348804500703,0.012658227848101266,14.0,5.0
emblematica:E029934,2803,588,0.9305687780632227,1.0,0.3629035048794492,0.0017006802721088435,0.008503401360544218,0.013605442176870748,9.0,5.0
emblematica:E029935,2803,284,0.6001143653496515,1.0,0.20538002281118778,0.0035211267605633804,0.007042253521126761,0.017605633802816902,11.0,5.0
emblematica:E029936,2803,337,0.4178981438739565,0.5,0.20228438431506188,0.0,0.008902077151335312,0.008902077151335312,14.0,4.0
emblematica:E029937,2803,171,0.8687220072631657,1.0,0.11109867933616216,0.005847953216374269,0.011695906432748537,0.023391812865497075,5.0,4.0
emblematica:E029938,2803,203,0.8481225345634941,1.0,0.16199463607527664,0.0049261083743842365,0.019704433497536946,0.024630541871921183,10.0,3.0
emblematica:E029939,2803,418,0.9668728882728055,1.0,0.30448230895376815,0.0023923444976076554,0.009569377990430622,0.014354066985645933,18.0,5.5
emblematica:E029940,2803,226,1.0,1.0,0.2811847864975054,0.004424778761061947,0.01327433628318584,0.035398230088495575,7.0,6.0
emblematica:E029941,2803,409,0.94497705842548,1.0,0.29920588269008785,0.0024449877750611247,0.009779951100244499,0.019559902200488997,4.5,4.0
emblematica:E029942,2803,379,0.6424035043611094,1.0,0.2965665855727361,0.002638522427440633,0.0079155672823219,0.013192612137203167,5.0,4.0
emblematica:E029943,2803,596,0.9503093324092082,1.0,0.35106615076239184,0.0016778523489932886,0.0050335570469798654,0.01174496644295302,10.0,4.0
emblematica:E029944,2803,114,0.690500425605277,1.0,0.11571011123080423,0.008771929824561403,0.017543859649122806,0.02631578947368421,5.0,5.0
emblematica:E029945,2803,419,0.739541577716428,1.0,0.2290759886569345,0.002386634844868735,0.00954653937947494,0.014319809069212411,15.0,5.0
emblematica:E029946,2803,314,0.9477344873475497,1.0,0.2729376318836183,0.0031847133757961785,0.012738853503184714,0.025477707006369428,7.5,5.5
emblematica:E029947,2803,93,0.7161107763990237,1.0,0.1937773729488204,0.010752688172043012,0.010752688172043012,0.043010752688172046,3.0,5.0
emblematica:E029948,2803,378,0.9652843890316114,1.0,0.21912285979664034,0.0026455026455026454,0.013227513227513227,0.021164021164021163,5.5,5.0
emblematica:E029949,2803,326,1.0,1.0,0.2651402645551633,0.003067484662576687,0.012269938650306749,0.02147239263803681,14.0,5.0
emblematica:E029950,2803,161,0.572646639138875,0.5,0.11843989816636809,0.0,0.012422360248447204,0.012422360248447204,4.0,4.0
emblematica:E029951,2803,545,0.9305687780632227,1.0,0.3742627209759657,0.001834862385321101,0.007339449541284404,0.012844036697247707,9.0,5.0
emblematica:E029952,2803,447,0.6360739783808107,0.5,0.30561505868924216,0.0,0.006711409395973154,0.015659955257270694,4.0,4.0
emblematica:E029953,2803,553,0.9608008655106622,1.0,0.392680446167209,0.0018083182640144665,0.0054249547920434,0.012658227848101266,8.5,5.0
emblematica:E029954,2803,331,0.8843057953484652,1.0,0.30322750750067773,0.0030211480362537764,0.015105740181268883,0.02416918429003021,4.0,4.0
emblematica:E029955,2803,355,0.5133652515801055,1.0,0.22776088488404303,0.0028169014084507044,0.005633802816901409,0.011267605633802818,2.0,4.0
emblematica:E029956,2803,336,0.968189605900524,1.0,0.3201666395398542,0.002976190476190476,0.011904761904761904,0.020833333333333332,7.0,4.0
emblematica:E029957,2803,921,0.9633180389503199,1.0,0.5614831027346986,0.0010857763300760044,0.004343105320304018,0.00760043431053203,4.0,4.0
emblematica:E029958,2803,585,0.738121254244309,1.0,0.35929016894624,0.0017094017094017094,0.003418803418803419,0.008547008547008548,5.0,4.0
emblematica:E029959,2803,1072,0.9477344873475497,1.0,0.7572146885507854,0.0009328358208955224,0.0046641791044776115,0.008395522388059701,2.0,3.0
emblematica:E029960,2803,1294,0.8899541168509599,1.0,0.7687037625866229,0.0007727975270479134,0.0030911901081916537,0.006955177743431221,16.0,5.0
emblematica:E029961,2803,366,0.9119632934807679,1.0,0.2756632270685002,0.00273224043715847,0.00819672131147541,0.02185792349726776,2.0,4.5
emblematica:E029962,2803,442,0.6712830788948072,1.0,0.30369870821909956,0.0022624434389140274,0.006787330316742082,0.013574660633484163,12.0,5.0
emblematica:E029963,2803,177,0.8532721558012798,0.5,0.17666851358586735,0.0,0.011299435028248588,0.03389830508474576,4.0,5.0
emblematica:E029964,2803,207,0.5831484722943979,1.0,0.13818105801943148,0.004830917874396135,0.00966183574879227,0.01932367149758454,2.0,5.0
emblematica:E029965,2803,165,0.8996972507513682,1.0,0.3366741117428739,0.006060606060606061,0.024242424242424242,0.04242424242424243,5.0,5.0
emblematica:E029966,2803,1122,0.9608008655106622,1.0,0.6781967122288561,0.00089126559714795,0.004456327985739751,0.0071301247771836,14.5,4.0
emblematica:E029967,2803,405,0.28417573807576096,0.02631578947368421,0.1685138210537822,0.0,0.0,0.0,10.0,5.0
emblematica:E029968,2803,170,0.9085223106038639,1.0,0.19703180007372012,0.0058823529411764705,0.023529411764705882,0.047058823529411764,2.0,4.0
emblematica:E029969,2803,525,0.947926583547417,1.0,0.4064403228882192,0.0019047619047619048,0.009523809523809525,0.017142857142857144,9.0,5.0
emblematica:E031317,2803,275,0.7886768712161356,1.0,0.3392875565880914,0.0036363636363636364,0.01818181818181818,0.02181818181818182,5.0,5.0
emblematica:E031318,2803,438,0.7428166874303721,1.0,0.21762588444211245,0.00228310502283105,0.00684931506849315,0.0091324200913242,2.0,3.0
emblematica:E031319,2803,428,0.8487603589254992,1.0,0.25401484483486103,0.002336448598130841,0.009345794392523364,0.016355140186915886,8.0,4.0
emblematica:E031321,2803,387,0.9608008655106622,1.0,0.27845315875068494,0.002583979328165375,0.012919896640826873,0.023255813953488372,6.0,5.0
emblematica:E031322,2803,330,0.7335804116846928,1.0,0.2366251014568608,0.0030303030303030303,0.00909090909090909,0.015151515151515152,6.0,4.0
emblematica:E031323,2803,163,0.7911434553988393,0.5,0.14168057724282207,0.0,0.006134969325153374,0.018404907975460124,5.0,5.0
emblematica:E031324,2803,387,0.8942748604427977,1.0,0.36947869018962054,0.002583979328165375,0.012919896640826873,0.01808785529715762,11.5,4.5
emblematica:E031325,2803,364,0.6616930492143659,0.3333333333333333,0.27595610185187364,0.0,0.005494505494505495,0.013736263736263736,16.5,5.0
emblematica:E031326,2803,228,0.7437271593802756,1.0,0.19983591797621506,0.0043859649122807015,0.013157894736842105,0.017543859649122806,4.0,5.0
emblematica:E031328,2803,340,0.8248436385060205,1.0,0.26656420413132553,0.0029411764705882353,0.011764705882352941,0.020588235294117647,4.0,4.0
emblematica:E031329,2803,417,0.968189605900524,1.0,0.3139794572407587,0.002398081534772182,0.011990407673860911,0.02158273381294964,6.5,5.0
emblematica:E031330,2803,329,0.8506491329866404,1.0,0.29572789276736916,0.00303951367781155,0.0121580547112462,0.0243161094224924,10.0,5.0
emblematica:E031332,2803,494,0.8889100449011563,1.0,0.4209335722716635,0.0020242914979757085,0.008097165991902834,0.018218623481781375,6.5,4.0
emblematica:E031333,2803,678,0.8899541168509599,1.0,0.41406730274836867,0.0014749262536873156,0.0058997050147492625,0.01327433628318584,11.0,5.0
emblematica:E031334,2803,318,1.0,1.0,0.4237743261076512,0.0031446540880503146,0.015723270440251572,0.031446540880503145,15.0,5.0
emblematica:E031336,2803,404,0.8196121277312843,1.0,0.3477259340849865,0.0024752475247524753,0.009900990099009901,0.01485148514851485,6.5,4.0
emblematica:E031337,2803,207,0.8717700763292162,0.3333333333333333,0.21941609983899454,0.0,0.014492753623188406,0.033816425120772944,7.0,5.0
emblematica:E031338,2803,83,0.4648907694091723,1.0,0.18457262803748464,0.012048192771084338,0.024096385542168676,0.03614457831325301,2.0,5.0
emblematica:E031339,2803,77,0.4630230262249319,0.3333333333333333,0.12262928377011927,0.0,0.025974025974025976,0.06493506493506493,5.0,5.0
emblematica:E031340,2803,458,1.0,0.5,0.39919020688149764,0.0,0.006550218340611353,0.017467248908296942,10.0,5.0
emblematica:E031341,2803,446,1.0,1.0,0.3524747664276821,0.002242152466367713,0.011210762331838564,0.02242152466367713,10.0,4.0
emblematica:E031342,2803,500,1.0,1.0,0.381987412237249,0.002,0.008,0.018,23.5,5.0
emblematica:E031343,2803,723,0.9305687780632227,1.0,0.46482074357419884,0.0013831258644536654,0.006915629322268326,0.012448132780082987,34.0,4.0
emblematica:E031344,2803,117,0.33602361580641277,0.3333333333333333,0.05657287361612893,0.0,0.008547008547008548,0.017094017094017096,8.0,5.0
emblematica:E031345,2803,496,0.6337103840391981,1.0,0.34419071488372743,0.0020161290322580645,0.004032258064516129,0.006048387096774193,5.0,4.0
emblematica:E031346,2803,506,0.6255307947098439,1.0,0.3066776980176741,0.001976284584980237,0.005928853754940711,0.009881422924901186,8.0,5.0
emblematica:E031347,2803,389,0.769573891638744,1.0,0.30168927040614213,0.002570694087403599,0.007712082262210797,0.012853470437017995,6.5,4.0
emblematica:E031348,2803,395,0.8624426460636998,1.0,0.32565533340540526,0.002531645569620253,0.010126582278481013,0.017721518987341773,8.0,4.0
emblematica:E031349,2803,379,0.9266360779006398,1.0,0.3271396593809971,0.002638522427440633,0.010554089709762533,0.0158311345646438,24.0,4.0
emblematica:E031350,2803,488,0.933745776545611,1.0,0.4467415341433475,0.0020491803278688526,0.010245901639344262,0.01639344262295082,17.0,4.0
emblematica:E031351,2803,143,0.9633180389503199,1.0,0.2177563798762622,0.006993006993006993,0.03496503496503497,0.06293706293706294,2.0,4.0
emblematica:E031352,2803,419,0.8470141596627957,1.0,0.29422430145638595,0.002386634844868735,0.00954653937947494,0.016706443914081145,6.0,5.0
emblematica:E031353,2803,317,0.7533910382436128,1.0,0.21442048167607775,0.0031545741324921135,0.012618296529968454,0.015772870662460567,5.0,5.0
emblematica:E031354,2803,289,0.9558305176970738,1.0,0.1891143130797465,0.0034602076124567475,0.01730103806228374,0.031141868512110725,10.0,4.0
emblematica:E031355,2803,433,0.9522844088507862,1.0,0.3172534764598309,0.0023094688221709007,0.011547344110854504,0.020785219399538105,7.5,5.0
emblematica:E031356,2803,504,1.0,1.0,0.2914064793466404,0.001984126984126984,0.00992063492063492,0.017857142857142856,13.0,4.0
emblematica:E031357,2803,767,1.0,1.0,0.4245709532312302,0.001303780964797914,0.00651890482398957,0.01303780964797914,14.0,5.0
emblematica:E031358,2803,481,0.947926583547417,1.0,0.38457257367065834,0.002079002079002079,0.010395010395010396,0.016632016632016633,9.0,4.0
emblematica:E031359,2803,517,0.7221645556456506,0.5,0.33005227102790036,0.0,0.005802707930367505,0.01160541586073501,5.0,5.0
emblematica:E031360,2803,637,1.0,1.0,0.4661677125481756,0.0015698587127158557,0.007849293563579277,0.015698587127158554,11.0,4.5
emblematica:E031361,2803,705,0.6410457898283652,0.3333333333333333,0.4274714536751398,0.0,0.00425531914893617,0.011347517730496455,18.0,4.0
emblematica:E031363,2803,463,1.0,1.0,0.3550893049222955,0.0021598272138228943,0.01079913606911447,0.02159827213822894,15.0,5.0
emblematica:E031364,2803,598,0.6480382845167961,0.5,0.263410920721318,0.0,0.005016722408026756,0.010033444816053512,11.0,4.5
emblematica:E031365,2803,184,0.8063292244829979,1.0,0.2337413490430984,0.005434782608695652,0.021739130434782608,0.03804347826086957,12.0,4.0
emblematica:E031366,2803,516,0.9537125187088151,1.0,0.39485358119922287,0.001937984496124031,0.009689922480620155,0.01744186046511628,8.0,4.0
emblematica:E031367,2803,752,0.9477344873475497,1.0,0.4498758948216273,0.0013297872340425532,0.006648936170212766,0.011968085106382979,6.0,5.0
emblematica:E031372,2803,414,0.530046377454694,1.0,0.18298816863348125,0.0024154589371980675,0.004830917874396135,0.00966183574879227,2.0,4.0
emblematica:E031380,2803,605,1.0,1.0,0.48194193685532205,0.001652892561983471,0.008264462809917356,0.01652892561983471,16.0,4.0
emblematica:E031381,2803,203,0.6437018503774027,1.0,0.19316881288248033,0.0049261083743842365,0.014778325123152709,0.019704433497536946,8.0,4.0
emblematica:E031382,2803,352,0.6048853573255505,1.0,0.2509402006433618,0.002840909090909091,0.005681818181818182,0.008522727272727272,9.0,4.0
emblematica:E031383,2803,592,1.0,1.0,0.48448676117922934,0.0016891891891891893,0.008445945945945946,0.016891891891891893,12.0,4.0
emblematica:E031384,2803,319,0.8816046888714767,1.0,0.18453384324360728,0.003134796238244514,0.012539184952978056,0.01567398119122257,8.5,4.0
emblematica:E031385,2803,579,0.9668728882728055,1.0,0.4136006118944772,0.0017271157167530224,0.008635578583765112,0.013816925734024179,8.0,5.0
emblematica:E031386,2803,350,0.905211635630449,1.0,0.3911702631795769,0.002857142857142857,0.011428571428571429,0.022857142857142857,14.0,5.0
emblematica:E031387,2803,585,0.8868861200529359,1.0,0.4315955204310021,0.0017094017094017094,0.008547008547008548,0.013675213675213675,19.0,4.0
emblematica:E031388,2803,294,0.47865957062982,1.0,0.25531960566693634,0.003401360544217687,0.006802721088435374,0.006802721088435374,2.0,4.0
emblematica:E031389,2803,526,1.0,1.0,0.41526855301214327,0.0019011406844106464,0.0076045627376425855,0.017110266159695818,13.0,5.0
emblematica:E031390,2803,191,0.8240777442366681,1.0,0.17534942798906486,0.005235602094240838,0.015706806282722512,0.031413612565445025,8.0,4.0
emblematica:E031391,2803,430,0.7288867991194343,1.0,0.29051517935727617,0.002325581395348837,0.0069767441860465115,0.013953488372093023,9.0,5.0
emblematica:E031394,2803,555,0.884113699148598,1.0,0.3981515246131921,0.0018018018018018018,0.007207207207207207,0.010810810810810811,6.5,6.0
emblematica:E031396,2803,520,1.0,1.0,0.45852020686569367,0.0019230769230769232,0.009615384615384616,0.019230769230769232,9.0,5.0
emblematica:E031397,2803,289,0.8667114398320068,1.0,0.36744170089171313,0.0034602076124567475,0.010380622837370242,0.02768166089965398,2.0,5.0
emblematica:E031402,2803,619,0.9503093324092082,1.0,0.4382258200649093,0.0016155088852988692,0.008077544426494346,0.014539579967689823,9.0,4.0
emblematica:E031403,2803,268,0.6073484709288192,0.3333333333333333,0.19242723305353676,0.0,0.007462686567164179,0.014925373134328358,4.0,5.0
emblematica:E031405,2803,214,0.7079451548301016,1.0,0.1510981845747682,0.004672897196261682,0.014018691588785047,0.018691588785046728,2.0,4.0
emblematica:E031411,2803,390,0.6331336733349231,1.0,0.17973203101279947,0.002564102564102564,0.005128205128205128,0.007692307692307693,12.0,5.0
emblematica:E031412,2803,636,0.7799082337019198,0.5,0.3992661972733006,0.0,0.006289308176100629,0.0110062893081761,26.0,4.0
emblematica:E031413,2803,355,0.9289904714111863,1.0,0.37332929144045096,0.0028169014084507044,0.014084507042253521,0.022535211267605635,8.0,5.0
emblematica:E031414,2803,466,1.0,1.0,0.43950508491516127,0.002145922746781116,0.01072961373390558,0.02145922746781116,30.0,4.0
emblematica:E031415,2803,265,0.8945466420562732,1.0,0.25488839277046205,0.0037735849056603774,0.018867924528301886,0.026415094339622643,12.0,6.0
emblematica:E031416,2803,638,0.914856882358379,1.0,0.5221674097588617,0.001567398119122257,0.006269592476489028,0.014106583072100314,14.0,5.0
emblematica:E031417,2803,535,0.8482378089219645,1.0,0.29132692082411576,0.001869158878504673,0.009345794392523364,0.014953271028037384,16.0,5.0
emblematica:E031418,2803,395,1.0,1.0,0.37163949293659615,0.002531645569620253,0.012658227848101266,0.02531645569620253,7.5,5.5
emblematica:E031419,2803,606,1.0,1.0,0.44247058128909283,0.0016501650165016502,0.00825082508250825,0.0165016501650165,22.0,4.0
emblematica:E031420,2803,443,1.0,1.0,0.36909475031022565,0.002257336343115124,0.011286681715575621,0.022573363431151242,37.0,5.0
emblematica:E031421,2803,270,0.8861783566914734,1.0,0.30491543566659435,0.003703703703703704,0.011111111111111112,0.025925925925925925,6.0,5.0
emblematica:E031422,2803,423,1.0,1.0,0.4678110555357385,0.002364066193853428,0.01182033096926714,0.02364066193853428,7.0,4.0
emblematica:E031423,2803,401,1.0,1.0,0.422909255808925,0.0024937655860349127,0.012468827930174564,0.02493765586034913,9.0,4.0
emblematica:E031424,2803,522,0.9477344873475497,1.0,0.3477297373576488,0.0019157088122605363,0.009578544061302681,0.017241379310344827,10.0,4.5
emblematica:E031425,2803,513,0.5190651957999182,0.25,0.3413003962444169,0.0,0.003898635477582846,0.009746588693957114,14.0,4.0
emblematica:E031426,2803,550,1.0,1.0,0.3835733286520788,0.0018181818181818182,0.00909090909090909,0.01818181818181818,12.0,5.0
emblematica:E031428,2803,698,0.933745776545611,1.0,0.42902158006580526,0.0014326647564469914,0.0071633237822349575,0.012893982808022923,10.0,4.5
emblematica:E031429,2803,675,0.8189958486827932,1.0,0.42879476108708864,0.0014814814814814814,0.0044444444444444444,0.01037037037037037,3.0,5.0
emblematica:E031431,2803,480,0.9447881471213424,1.0,0.3309583684749173,0.0020833333333333333,0.008333333333333333,0.016666666666666666,4.0,5.0
emblematica:E031432,2803,523,0.7585076703632819,1.0,0.29843095387311946,0.0019120458891013384,0.0057361376673040155,0.011472275334608031,12.5,5.0
emblematica:E031433,2803,347,0.8022507212187944,1.0,0.29638939017995064,0.002881844380403458,0.011527377521613832,0.01729106628242075,6.5,4.0
emblematica:E031436,2803,711,1.0,1.0,0.42551638029352457,0.0014064697609001407,0.007032348804500703,0.014064697609001406,5.0,5.0
emblematica:E031437,2803,403,0.7258332134975466,1.0,0.17590212358722376,0.0024813895781637717,0.007444168734491315,0.01240694789081886,13.5,4.0
emblematica:E031438,2803,348,0.9432379215722525,1.0,0.352657107636955,0.0028735632183908046,0.011494252873563218,0.02586206896551724,7.0,4.0
emblematica:E031439,2803,394,1.0,1.0,0.3073375845885448,0.0025380710659898475,0.012690355329949238,0.025380710659898477,7.0,5.0
emblematica:E031440,2803,543,1.0,1.0,0.3556932216066293,0.001841620626151013,0.009208103130755065,0.01841620626151013,17.0,5.0
emblematica:E031441,2803,447,1.0,1.0,0.4974875963583706,0.0022371364653243847,0.011185682326621925,0.02237136465324385,18.0,4.0
emblematica:E031442,2803,583,0.9522844088507862,1.0,0.4104931866001407,0.0017152658662092624,0.008576329331046312,0.015437392795883362,11.0,4.0
emblematica:E031443,2803,374,0.4268442532272673,0.5,0.29146722085796867,0.0,0.0053475935828877,0.0106951871657754,3.0,5.0
emblematica:E031445,2803,458,0.9363792118010481,1.0,0.41815993081431824,0.002183406113537118,0.010917030567685589,0.019650655021834062,9.0,5.0
emblematica:E031446,2803,445,1.0,1.0,0.35341002977296915,0.0022471910112359553,0.011235955056179775,0.02247191011235955,5.0,4.0
emblematica:E031451,2803,284,0.5504889802451669,0.5,0.220805857266978,0.0,0.01056338028169014,0.014084507042253521,1.0,5.0
emblematica:E031452,2803,674,1.0,1.0,0.47476060806472953,0.001483679525222552,0.005934718100890208,0.013353115727002967,30.0,4.5
emblematica:E031453,2803,743,0.8579809428223729,1.0,0.4921515076778226,0.0013458950201884253,0.006729475100942127,0.010767160161507403,9.0,5.0
emblematica:E031455,2803,415,1.0,1.0,0.3676152834675554,0.0024096385542168677,0.00963855421686747,0.021686746987951807,10.0,5.0
emblematica:E031456,2803,838,0.8611375561264454,1.0,0.4366206387430686,0.0011933174224343676,0.00477326968973747,0.010739856801909307,8.0,5.0
emblematica:E031459,2803,382,0.9074250374176303,1.0,0.37112650088414734,0.002617801047120419,0.010471204188481676,0.020942408376963352,4.0,5.0
emblematica:E031460,2803,526,0.94497705842548,1.0,0.40623905379644687,0.0019011406844106464,0.009505703422053232,0.017110266159695818,9.0,5.0
emblematica:E031462,2803,403,0.8988252059479763,1.0,0.3234156034282258,0.0024813895781637717,0.01240694789081886,0.019851116625310174,15.0,4.5
emblematica:E031463,2803,395,0.6965656001858509,1.0,0.22923444108570473,0.002531645569620253,0.007594936708860759,0.010126582278481013,4.0,4.0
emblematica:E031466,2803,380,0.8753142497301398,1.0,0.26721931177216457,0.002631578947368421,0.010526315789473684,0.018421052631578946,10.0,5.0
emblematica:E031467,2803,460,0.5785392103540051,0.5,0.35154372893017877,0.0,0.006521739130434782,0.008695652173913044,17.0,4.0
emblematica:E031468,2803,483,0.6874708847784535,1.0,0.4204472185614554,0.002070393374741201,0.006211180124223602,0.014492753623188406,22.0,5.0
emblematica:E031469,2803,245,0.5489975817233202,0.3333333333333333,0.22192845500798397,0.0,0.00816326530612245,0.0163265306122449,6.5,5.0
emblematica:E031470,2803,461,0.933745776545611,1.0,0.3572299280836079,0.0021691973969631237,0.010845986984815618,0.019522776572668113,17.0,4.0
emblematica:E031472,2803,178,0.7686614389395849,1.0,0.24983164523656962,0.0056179775280898875,0.016853932584269662,0.028089887640449437,5.0,5.0
emblematica:E031474,2803,288,0.4829217040743841,0.14285714285714285,0.18315996749627328,0.0,0.0,0.006944444444444444,3.0,5.0
emblematica:E031475,2803,365,0.9085608047915739,0.5,0.19487753387991638,0.0,0.010958904109589041,0.0136986301369863,4.0,6.0
emblematica:E031476,2803,182,0.7184420633570152,1.0,0.12450011181692641,0.005494505494505495,0.01098901098901099,0.016483516483516484,8.0,5.0
emblematica:E031477,2803,169,0.8510428030102949,0.5,0.16585510767421519,0.0,0.01775147928994083,0.023668639053254437,9.5,5.0
emblematica:E031478,2803,385,0.8630152897016882,1.0,0.3274375619379149,0.0025974025974025974,0.012987012987012988,0.01818181818181818,3.0,4.0
emblematica:E031479,2803,101,0.5303564175743407,1.0,0.2060611236730943,0.009900990099009901,0.0297029702970297,0.039603960396039604,4.0,5.0
emblematica:E031480,2803,593,0.8958531670948341,1.0,0.4248134313328751,0.0016863406408094434,0.00505902192242833,0.013490725126475547,12.0,4.0
emblematica:E031481,2803,599,0.9219021246093392,1.0,0.43753648705915127,0.001669449081803005,0.008347245409015025,0.01335559265442404,4.5,5.0
emblematica:E031483,2803,375,0.9240201235975981,1.0,0.2551504045431601,0.0026666666666666666,0.013333333333333334,0.021333333333333333,16.5,4.0
emblematica:E031487,2803,257,1.0,1.0,0.3665584114117545,0.0038910505836575876,0.019455252918287938,0.038910505836575876,15.0,5.0
emblematica:E031491,2803,177,0.7211095319679133,0.5,0.25652021023128124,0.0,0.022598870056497175,0.03954802259887006,2.0,5.0
emblematica:E031497,2803,289,0.9294415579191921,0.5,0.26847131774089483,0.0,0.01384083044982699,0.02768166089965398,9.0,5.0
emblematica:E031500,2803,430,0.8478602833848358,1.0,0.23396005529186487,0.002325581395348837,0.009302325581395349,0.01627906976744186,11.0,4.0
emblematica:E031502,2803,385,0.91746558763822,1.0,0.39977343230789847,0.0025974025974025974,0.01038961038961039,0.023376623376623377,9.0,5.0
emblematica:E031503,2803,327,0.7325766804609314,1.0,0.31649609416688984,0.0030581039755351682,0.0061162079510703364,0.01834862385321101,8.0,5.0
emblematica:E031504,2803,547,1.0,1.0,0.32395630998905983,0.0018281535648994515,0.009140767824497258,0.018281535648994516,10.0,5.0
emblematica:E031507,2803,481,0.933745776545611,1.0,0.37788508777730884,0.002079002079002079,0.010395010395010396,0.016632016632016633,8.0,4.5
emblematica:E031508,2803,444,0.7750950628106986,1.0,0.32963976500452724,0.0022522522522522522,0.0022522522522522522,0.013513513513513514,5.0,5.0
emblematica:E031509,2803,866,0.8899541168509599,1.0,0.4554379239123601,0.0011547344110854503,0.004618937644341801,0.010392609699769052,13.0,5.5
emblematica:E031510,2803,544,0.7982492142267598,0.5,0.438872204194094,0.0,0.007352941176470588,0.014705882352941176,10.0,6.0
emblematica:E031511,2803,59,0.5724020751234918,1.0,0.12187422650085225,0.01694915254237288,0.01694915254237288,0.05084745762711865,2.0,5.0
emblematica:E031512,2803,209,1.0,1.0,0.3897636328611435,0.004784688995215311,0.023923444976076555,0.04784688995215311,4.0,5.0
emblematica:E033033,2803,166,0.40669725543269336,0.3333333333333333,0.08203847931031771,0.0,0.006024096385542169,0.006024096385542169,8.0,4.0
emblematica:E033035,2803,37,0.39652557624636714,0.25,0.025661094747364027,0.0,0.02702702702702703,0.02702702702702703,7.5,3.5
emblematica:E033036,2803,37,0.5955189330975375,1.0,0.12292545331963099,0.02702702702702703,0.05405405405405406,0.08108108108108109,4.0,4.0
emblematica:E033038,2803,37,0.3455606536832266,0.013888888888888888,0.019462619500381008,0.0,0.0,0.0,4.0,4.0
emblematica:E033039,2803,507,0.35700317619627114,0.05,0.17715854618337695,0.0,0.0,0.0,9.0,4.0
emblematica:E033040,2803,12,0.3333333333333333,0.0036101083032490976,0.004439322038039691,0.0,0.0,0.0,1.0,5.0
emblematica:E033041,2803,59,0.6379980500118243,1.0,0.07302007880291475,0.01694915254237288,0.03389830508474576,0.06779661016949153,3.0,4.0
emblematica:E033042,2803,46,0.4844230975567812,0.5,0.06110248362590228,0.0,0.021739130434782608,0.043478260869565216,4.5,4.0
emblematica:E033043,2803,87,0.4075679468220986,0.25,0.028566493843792857,0.0,0.011494252873563218,0.011494252873563218,5.0,3.0
emblematica:E033044,2803,333,0.48006117753205335,1.0,0.09236923569171497,0.003003003003003003,0.003003003003003003,0.003003003003003003,18.0,3.0
emblematica:E033045,2803,7,0.38224261473290666,0.14285714285714285,0.0246902419849194,0.0,0.0,0.14285714285714285,2.0,6.0
emblematica:E033046,2803,73,0.4084363922859206,0.2,0.0625260911735815,0.0,0.0136986301369863,0.0136986301369863,14.5,4.5
emblematica:E033047,2803,118,0.4389394350456683,0.25,0.04019514937494701,0.0,0.00847457627118644,0.01694915254237288,12.0,4.0
emblematica:E033048,2803,33,0.3333333333333333,0.09090909090909091,0.01850163128410487,0.0,0.0,0.0,2.5,3.0
emblematica:E033049,2803,275,0.5368232559598007,1.0,0.10313970411679312,0.0036363636363636364,0.007272727272727273,0.007272727272727273,10.0,4.0
emblematica:E033050,2803,331,0.34490520365612953,0.02702702702702703,0.08227832859347867,0.0,0.0,0.0,4.0,4.0
emblematica:E033051,2803,363,0.5242306598349794,1.0,0.11993691060460446,0.0027548209366391185,0.0027548209366391185,0.005509641873278237,11.5,3.5
emblematica:E033052,2803,62,0.3333333333333333,0.09090909090909091,0.03847488146422195,0.0,0.0,0.0,8.0,4.0
emblematica:E033053,2803,27,0.6000154988728346,1.0,0.1128099531373201,0.037037037037037035,0.1111111111111111,0.1111111111111111,1.0,4.5
emblematica:E033054,2803,56,0.3333333333333333,0.038461538461538464,0.02239012933706631,0.0,0.0,0.0,8.0,3.0
emblematica:E033055,2803,39,0.4950785701900022,0.25,0.07864064590091904,0.0,0.02564102564102564,0.07692307692307693,3.0,4.5
emblematica:E033056,2803,25,0.3333333333333333,0.007874015748031496,0.007722974382064314,0.0,0.0,0.0,3.0,5.0
emblematica:E033057,2803,41,0.3475238529402701,0.07692307692307693,0.019666974543188623,0.0,0.0,0.0,4.0,4.0
emblematica:E033058,2803,42,0.4224953161609518,0.07692307692307693,0.018332918036911512,0.0,0.0,0.0,6.0,4.0
emblematica:E033059,2803,16,0.48006117753205335,1.0,0.07681360973474166,0.0625,0.0625,0.0625,2.5,4.0
emblematica:E033060,2803,138,0.3443757039090648,0.045454545454545456,0.058850294809712766,0.0,0.0,0.0,9.5,3.5
emblematica:E033061,2803,60,0.6624526907116111,1.0,0.0902513738014105,0.016666666666666666,0.05,0.06666666666666667,11.0,4.0
emblematica:E033062,2803,30,0.3333333333333333,0.043478260869565216,0.02661887509496181,0.0,0.0,0.0,5.0,3.0
emblematica:E033063,2803,32,0.48006117753205335,1.0,0.048714052933059596,0.03125,0.03125,0.03125,3.0,4.0
emblematica:E033064,2803,303,0.7157932797714958,1.0,0.14747980185214676,0.0033003300330033004,0.013201320132013201,0.0165016501650165,15.0,4.5
emblematica:E033065,2803,46,0.3333333333333333,0.02857142857142857,0.017682561100428613,0.0,0.0,0.0,8.0,3.0
emblematica:E033066,2803,3,0.4676037933279578,0.0044444444444444444,0.0035584547567542642,0.0,0.0,0.0,1.5,4.5
emblematica:E033067,2803,104,0.3333333333333333,0.08333333333333333,0.0710629224068997,0.0,0.0,0.0,5.0,3.0
emblematica:E033068,2803,113,0.3333333333333333,0.08333333333333333,0.03988383290779927,0.0,0.0,0.0,10.0,3.0
emblematica:E033069,2803,54,0.45086673773561936,0.3333333333333333,0.03092032426539939,0.0,0.018518518518518517,0.037037037037037035,5.0,3.0
emblematica:E033070,2803,90,0.6847376644270303,1.0,0.10973169080051294,0.011111111111111112,0.03333333333333333,0.044444444444444446,22.0,4.0
emblematica:E033071,2803,43,0.37574719213263447,0.022222222222222223,0.016966785788535683,0.0,0.0,0.0,5.0,4.0
emblematica:E033072,2803,14,0.38835627490785335,0.07692307692307693,0.020067201075060197,0.0,0.0,0.0,3.5,3.0
emblematica:E033073,2803,62,0.40669725543269336,0.3333333333333333,0.03119801480557005,0.0,0.016129032258064516,0.016129032258064516,4.0,5.0
emblematica:E033074,2803,19,0.3333333333333333,0.008771929824561403,0.005439744155442963,0.0,0.0,0.0,2.0,3.0
emblematica:E033075,2803,4,0.35648241204244513,0.022222222222222223,0.013078518521599272,0.0,0.0,0.0,2.0,3.0
emblematica:E033076,2803,134,0.38224261473290666,0.14285714285714285,0.05891272209326246,0.0,0.0,0.007462686567164179,8.0,4.0
emblematica:E033077,2803,64,0.3775028156362593,0.1111111111111111,0.02996419830535592,0.0,0.0,0.015625,2.0,5.0
emblematica:E033078,2803,54,0.44281305753755196,0.25,0.028542834728131444,0.0,0.018518518518518517,0.037037037037037035,3.5,5.0
emblematica:E033079,2803,28,0.3333333333333333,0.06666666666666667,0.016827230644978767,0.0,0.0,0.0,4.0,4.0
emblematica:E033080,2803,199,0.3333333333333333,0.09090909090909091,0.06946926864510758,0.0,0.0,0.0,9.0,4.0
emblematica:E033081,2803,119,0.40669725543269336,0.3333333333333333,0.0914568882741577,0.0,0.008403361344537815,0.008403361344537815,17.5,3.0
emblematica:E033082,2803,53,0.3926871927876307,0.125,0.022958145401127297,0.0,0.0,0.018867924528301886,5.5,3.5
emblematica:E033083,2803,59,0.3775028156362593,0.1111111111111111,0.06116520712650698,0.0,0.0,0.01694915254237288,5.0,4.5
emblematica:E033084,2803,45,0.4814185519599551,0.2,0.055696277621513586,0.0,0.022222222222222223,0.06666666666666667,6.5,4.0
emblematica:E033085,2803,53,0.3333333333333333,0.0035587188612099642,0.015894308216539157,0.0,0.0,0.0,8.0,5.0
emblematica:E033086,2803,107,0.38559884598578353,0.16666666666666666,0.05227853929790074,0.0,0.0,0.009345794392523364,11.5,4.0
emblematica:E033087,2803,106,0.35167431385817327,0.05555555555555555,0.04757444586257118,0.0,0.0,0.0,5.5,3.5
emblematica:E033088,2803,32,0.3333333333333333,0.012658227848101266,0.012205719495224537,0.0,0.0,0.0,1.0,4.0
emblematica:E033089,2803,44,0.3700152943830133,0.09090909090909091,0.02289551083147412,0.0,0.0,0.0,11.5,3.0
emblematica:E041082,2803,113,0.5242306598349794,0.1111111111111111,0.09135182517884131,0.0,0.0,0.008849557522123894,9.0,3.0
emblematica:E041083,2803,27,0.4922884978819468,0.3333333333333333,0.05074304022221826,0.0,0.037037037037037035,0.07407407407407407,4.0,4.0
emblematica:E041084,2803,26,0.27962129181300754,0.008064516129032258,0.011008398937704288,0.0,0.0,0.0,5.0,4.0
emblematica:E041085,2803,37,0.43748016623849917,0.02857142857142857,0.018093144091664924,0.0,0.0,0.0,3.5,5.5
emblematica:E041086,2803,73,0.6056906122838637,1.0,0.06089901110821081,0.0136986301369863,0.0273972602739726,0.0410958904109589,1.5,4.0
emblematica:E041087,2803,60,0.3475238529402701,0.05263157894736842,0.027906558049588342,0.0,0.0,0.0,8.0,5.0
emblematica:E041088,2803,24,0.3333333333333333,0.06666666666666667,0.03621782356068476,0.0,0.0,0.0,2.0,3.5
emblematica:E041089,2803,127,0.48910053882873683,0.5,0.05393555736097274,0.0,0.015748031496062992,0.015748031496062992,8.0,4.0
emblematica:E041090,2803,25,0.48006117753205335,1.0,0.05705214047074935,0.04,0.04,0.04,4.0,4.0
emblematica:E041091,2803,63,0.43858516425404437,0.2,0.038096288501987936,0.0,0.015873015873015872,0.015873015873015872,1.0,4.0
emblematica:E041092,2803,91,0.39022427932434345,0.125,0.04453518457708503,0.0,0.0,0.01098901098901099,6.5,4.0
emblematica:E041093,2803,454,0.48784871644524164,0.25,0.18819522284755416,0.0,0.0022026431718061676,0.006607929515418502,18.0,4.0
