query_id,n_candidates,n_exact_relevant,ndcg_at_10,reciprocal_rank,average_precision,recall_at_1,recall_at_5,recall_at_10,median_query_label_frequency,median_query_hierarchy_depth
iconclass-ai:130e17_019r.jpg,1713,2,0.06611285512051822,0.004694835680751174,0.004277919770877518,0.0,0.0,0.0,1.0,5.0
iconclass-ai:130e17_031v.jpg,1713,0,0.04896360192538906,,,,,,1.0,5.0
iconclass-ai:130e18_066v.jpg,1713,4,0.08260343549336813,0.030303030303030304,0.0187417119431373,0.0,0.0,0.0,3.5,3.5
iconclass-ai:131f19_008r.jpg,1713,18,0.25553719057672836,0.25,0.08110042063795336,0.0,0.05555555555555555,0.1111111111111111,7.0,5.0
iconclass-ai:131f19_015r.jpg,1713,54,0.027821499305370864,0.022727272727272728,0.04008715565084021,0.0,0.0,0.0,55.0,4.0
iconclass-ai:131f19_032r.jpg,1713,28,0.04385578986833787,0.043478260869565216,0.03888659008740016,0.0,0.0,0.0,15.0,7.5
iconclass-ai:133a1_010r_min.jpg,1713,34,0.08887330902034073,0.05263157894736842,0.044224993311597176,0.0,0.0,0.0,8.0,7.0
iconclass-ai:133a1_010v_min.jpg,1713,37,0.20654455298879523,0.2,0.04689983972317285,0.0,0.02702702702702703,0.02702702702702703,3.0,5.0
iconclass-ai:133a1_011r_min.jpg,1713,30,0.31077810258693395,1.0,0.06462565038863154,0.03333333333333333,0.03333333333333333,0.03333333333333333,2.0,5.0
iconclass-ai:133a1_136r_min.jpg,1713,52,0.3187763274939037,1.0,0.08371709485722344,0.019230769230769232,0.019230769230769232,0.019230769230769232,3.0,5.5
iconclass-ai:133a1_139v_min.jpg,1713,64,0.13305201013572898,0.1,0.043131174221260296,0.0,0.0,0.015625,9.5,5.0
iconclass-ai:133a1_149r_min.jpg,1713,52,0.13949836891925127,0.07692307692307693,0.084957201806883,0.0,0.0,0.0,9.5,5.0
iconclass-ai:133e22_067v_min.jpg,1713,18,0.10814713340703841,0.02857142857142857,0.04727064859722387,0.0,0.0,0.0,10.0,3.0
iconclass-ai:133e22_085v_min.jpg,1713,5,0.12815111253832218,0.09090909090909091,0.03492969788925671,0.0,0.0,0.0,3.5,3.0
iconclass-ai:133h31_014v.jpg,1713,16,0.20375120712670405,0.3333333333333333,0.07329365830164843,0.0,0.0625,0.0625,10.0,5.0
iconclass-ai:133h31_078v.jpg,1713,0,0.12316455273858196,,,,,,1.0,6.0
iconclass-ai:133h31_120v.jpg,1713,4,0.030969154605588356,0.006535947712418301,0.007857590330391363,0.0,0.0,0.0,3.5,3.5
iconclass-ai:133h31_141v.jpg,1713,0,0.27875344407789243,,,,,,1.0,4.5
iconclass-ai:133m131_013v_min.jpg,1713,3,0.0,0.013157894736842105,0.00763791417179373,0.0,0.0,0.0,3.0,5.5
iconclass-ai:133m131_078r_init.jpg,1713,32,0.26745341298291253,0.5,0.1156106877673418,0.0,0.0625,0.0625,4.0,6.0
iconclass-ai:133m131_136v_init.jpg,1713,36,0.1062925258648421,0.07142857142857142,0.09237922551811618,0.0,0.0,0.0,5.0,5.0
iconclass-ai:134c47_016v.jpg,1713,17,0.20117709418286947,0.14285714285714285,0.03982043416572081,0.0,0.0,0.058823529411764705,7.0,4.0
iconclass-ai:134c47_027r.jpg,1713,0,0.013801204212137168,,,,,,1.0,6.0
iconclass-ai:134c47_045v.jpg,1713,3,0.08574384774010332,0.043478260869565216,0.02162605160566448,0.0,0.0,0.0,4.0,4.0
iconclass-ai:134c47_064v.jpg,1713,3,0.09375980983559164,0.008403361344537815,0.008493166945699588,0.0,0.0,0.0,4.0,5.0
iconclass-ai:134c47_082r.jpg,1713,18,0.02956113757373544,0.02040816326530612,0.01739259678313536,0.0,0.0,0.0,2.0,5.0
iconclass-ai:134c47_091v.jpg,1713,31,0.23888187309381256,0.125,0.04118341190704621,0.0,0.0,0.03225806451612903,6.0,5.0
iconclass-ai:135e40_030r_init.jpg,1713,32,0.09089761357168656,0.09090909090909091,0.11598811299188723,0.0,0.0,0.0,5.0,5.0
iconclass-ai:135e40_053r_init.jpg,1713,33,0.07524214462589425,0.047619047619047616,0.12582559659323475,0.0,0.0,0.0,3.5,5.0
iconclass-ai:135e40_056v_init.jpg,1713,33,0.1384476618957144,0.25,0.10883346260212454,0.0,0.030303030303030304,0.030303030303030304,5.0,5.0
iconclass-ai:135e40_077r_init.jpg,1713,35,0.16940159081917738,0.14285714285714285,0.10128706166115299,0.0,0.0,0.02857142857142857,3.0,5.5
iconclass-ai:135e40_086r_init.jpg,1713,34,0.0724865585780438,0.058823529411764705,0.10178614703497657,0.0,0.0,0.0,3.0,5.0
iconclass-ai:135e40_132r_init.jpg,1713,33,0.05747497180378762,0.021739130434782608,0.09182485796327056,0.0,0.0,0.0,5.0,6.0
iconclass-ai:135g22_169r.jpg,1713,32,0.1303010833343511,0.07692307692307693,0.09196501416927907,0.0,0.0,0.0,1.0,5.0
iconclass-ai:135g9_001v.jpg,1713,27,0.2272333069095093,0.2,0.028004859660491016,0.0,0.037037037037037035,0.037037037037037035,1.0,5.0
iconclass-ai:70-quod-1s_fac055.jpg,1713,15,0.16964309293511343,0.1,0.06814554898956361,0.0,0.0,0.06666666666666667,8.5,4.0
iconclass-ai:71a16_009r_min.jpg,1713,0,,,,,,,1.0,
iconclass-ai:71a16_209r_min.jpg,1713,0,0.1435916969493416,,,,,,1.0,4.0
iconclass-ai:74g37_017v_min.jpg,1713,17,0.1266366460504879,0.02564102564102564,0.023010929214094727,0.0,0.0,0.0,1.0,5.0
iconclass-ai:76f20_033r.jpg,1713,38,0.5697436051299286,1.0,0.23728384583912235,0.02631578947368421,0.05263157894736842,0.07894736842105263,2.0,5.0
iconclass-ai:76f20_038v.jpg,1713,2,0.1708540291881425,0.0029585798816568047,0.002241485062779622,0.0,0.0,0.0,2.0,4.5
iconclass-ai:76f20_071r.jpg,1713,35,0.20281748254681706,0.1111111111111111,0.19087278339795347,0.0,0.0,0.05714285714285714,4.0,5.0
iconclass-ai:76f20_105r.jpg,1713,34,0.23240886381170878,0.25,0.2019177568551893,0.0,0.029411764705882353,0.058823529411764705,4.0,5.0
iconclass-ai:76f20_124r.jpg,1713,17,0.08029530913757073,0.009523809523809525,0.010016395722249294,0.0,0.0,0.0,5.5,5.0
iconclass-ai:76f20_166v.jpg,1713,1,0.13226574930821086,0.0006510416666666666,0.0006510416666666666,0.0,0.0,0.0,2.0,5.0
iconclass-ai:76f20_168r.jpg,1713,0,0.27170940016872513,,,,,,1.0,4.0
iconclass-ai:76f20_172v.jpg,1713,14,0.20929378969914975,0.125,0.04593971097248306,0.0,0.0,0.07142857142857142,2.5,6.0
iconclass-ai:76f20_174v.jpg,1713,8,0.049472185464008916,0.008547008547008548,0.007148667583150158,0.0,0.0,0.0,1.0,4.5
iconclass-ai:76f20_176v.jpg,1713,0,0.3859875531251715,,,,,,1.0,5.0
iconclass-ai:76f20_178v.jpg,1713,51,0.32619638299802284,0.25,0.08781928293101052,0.0,0.0196078431372549,0.0392156862745098,13.0,5.0
iconclass-ai:76f7_025v_min.jpg,1713,0,0.427270817473946,,,,,,1.0,5.0
iconclass-ai:76f7_027v_min.jpg,1713,42,0.14386454434917884,0.09090909090909091,0.04819731884265269,0.0,0.0,0.0,3.5,4.5
iconclass-ai:76f7_033v_min.jpg,1713,5,0.13097520864402284,0.09090909090909091,0.0311381859406481,0.0,0.0,0.0,2.0,6.0
iconclass-ai:76f7_054v_init.jpg,1713,36,0.557485848797726,1.0,0.17654621286664066,0.027777777777777776,0.05555555555555555,0.1388888888888889,3.5,4.5
iconclass-ai:76f7_055r_init.jpg,1713,37,0.49301036564227363,0.25,0.18084650448666895,0.0,0.05405405405405406,0.16216216216216217,2.5,5.5
iconclass-ai:76f7_059v_min.jpg,1713,2,0.12389671527492711,0.004545454545454545,0.00616377785638486,0.0,0.0,0.0,3.0,5.0
iconclass-ai:76f7_069r_min.jpg,1713,3,0.12195684646129616,0.005076142131979695,0.008000553685832874,0.0,0.0,0.0,4.0,4.0
iconclass-ai:76f7_076v_min.jpg,1713,0,0.32300004189403464,,,,,,1.0,5.0
iconclass-ai:76f7_086v_init.jpg,1713,72,0.5938585476434257,0.3333333333333333,0.14043223985349326,0.0,0.027777777777777776,0.05555555555555555,7.0,5.0
iconclass-ai:76f7_102r_init_onder.jpg,1713,32,0.5186762914759976,0.5,0.16510194413188858,0.0,0.0625,0.15625,1.5,5.5
iconclass-ai:76f7_103r_init_boven.jpg,1713,32,0.4607199590987095,0.5,0.16892400426275936,0.0,0.0625,0.125,2.5,5.5
iconclass-ai:76f7_104r_init.jpg,1713,34,0.41903067832864177,0.3333333333333333,0.16585197877372715,0.0,0.08823529411764706,0.11764705882352941,3.0,6.0
iconclass-ai:76f7_158v_min.jpg,1713,9,0.20399980042711627,0.09090909090909091,0.020741414141498153,0.0,0.0,0.0,3.5,4.0
iconclass-ai:76g14_005r.jpg,1713,0,0.10929844424334578,,,,,,1.0,5.0
iconclass-ai:76g14_007r.jpg,1713,1,0.11092758643814554,0.001142857142857143,0.001142857142857143,0.0,0.0,0.0,1.0,5.0
iconclass-ai:76g14_007v.jpg,1713,3,0.13833290917288216,0.007751937984496124,0.006391265040434785,0.0,0.0,0.0,4.0,4.0
iconclass-ai:76g14_008v.jpg,1713,3,0.15786077867231596,0.007633587786259542,0.0064696704097123095,0.0,0.0,0.0,4.0,4.0
iconclass-ai:76g14_009v.jpg,1713,4,0.12069614066448167,0.007751937984496124,0.006989111584899036,0.0,0.0,0.0,5.0,4.0
iconclass-ai:76g14_012r.jpg,1713,1,0.08527026967006018,0.016129032258064516,0.016129032258064516,0.0,0.0,0.0,2.0,4.0
iconclass-ai:76g14_013r.jpg,1713,2,0.0805812360772684,0.03571428571428571,0.018637174058390906,0.0,0.0,0.0,3.0,4.0
iconclass-ai:76g14_014r.jpg,1713,16,0.11740746353286108,0.3333333333333333,0.061105861160182275,0.0,0.0625,0.0625,3.5,5.0
iconclass-ai:76g14_015v.jpg,1713,20,0.07679280232059826,0.125,0.04122859401637748,0.0,0.0,0.05,6.0,5.0
iconclass-ai:76g14_035r.jpg,1713,4,0.061495905033992306,0.0037313432835820895,0.00509332715149855,0.0,0.0,0.0,3.0,4.5
iconclass-ai:76g14_061r.jpg,1713,0,0.21815418020685112,,,,,,1.0,5.0
iconclass-ai:76g14_080r.jpg,1713,0,0.1577171874915255,,,,,,1.0,7.0
iconclass-ai:76g14_088r.jpg,1713,1,0.09754562272377895,0.0038461538461538464,0.0038461538461538464,0.0,0.0,0.0,2.0,5.0
iconclass-ai:76g14_094r.jpg,1713,3,0.05297093819598728,0.023809523809523808,0.019922323539344814,0.0,0.0,0.0,4.0,5.0
iconclass-ai:76g18_018v.jpg,1713,37,0.3843636861694099,1.0,0.12253663329677154,0.02702702702702703,0.05405405405405406,0.05405405405405406,3.0,5.0
iconclass-ai:76g18_019v.jpg,1713,38,0.3942167654477888,1.0,0.12540843089284603,0.02631578947368421,0.05263157894736842,0.05263157894736842,7.0,5.0
iconclass-ai:76g18_043r.jpg,1713,2,0.038244936810162715,0.004405286343612335,0.006093693755463755,0.0,0.0,0.0,1.0,5.0
iconclass-ai:76g2_003v_init.jpg,1713,32,0.43790898692375596,1.0,0.19017684293686898,0.03125,0.0625,0.09375,3.0,5.0
iconclass-ai:76g2_188v_init.jpg,1713,50,0.6369851853359757,1.0,0.190648037727527,0.02,0.06,0.1,4.0,6.0
iconclass-ai:76g2_310v_init.jpg,1713,33,0.5576541250696465,1.0,0.22241057509925824,0.030303030303030304,0.09090909090909091,0.12121212121212122,2.0,5.0
iconclass-ai:76g2_370v_init.jpg,1713,55,0.6052296089119883,1.0,0.1656342445333363,0.01818181818181818,0.05454545454545454,0.07272727272727272,5.0,5.0
iconclass-ai:76g2_381v_init.jpg,1713,32,0.5163313344627714,1.0,0.2425175571333035,0.03125,0.0625,0.125,3.0,5.5
iconclass-ai:76g2_383v_init.jpg,1713,55,0.5541104928710109,1.0,0.15831143928540514,0.01818181818181818,0.05454545454545454,0.05454545454545454,5.0,5.0
iconclass-ai:76g2_384v_init.jpg,1713,55,0.6090148726420546,1.0,0.1691392135549022,0.01818181818181818,0.05454545454545454,0.07272727272727272,5.0,5.0
iconclass-ai:76g2_392v_init.jpg,1713,36,0.45496782306872996,1.0,0.17457062717459998,0.027777777777777776,0.05555555555555555,0.08333333333333333,3.0,5.0
iconclass-ai:77l60_018v_min.jpg,1713,41,0.3201225806401877,0.3333333333333333,0.05109397463049097,0.0,0.04878048780487805,0.04878048780487805,7.0,4.5
iconclass-ai:77l60_036v_min.jpg,1713,1,0.035741496516841366,0.016666666666666666,0.016666666666666666,0.0,0.0,0.0,1.5,4.5
iconclass-ai:CESR_0009_114_img_01.jpg,1713,103,0.2146902802259742,0.25,0.07947178131173585,0.0,0.009708737864077669,0.009708737864077669,3.0,4.0
iconclass-ai:CESR_0009_172_img_01.jpg,1713,145,0.5062122089572957,0.5,0.09546517948898146,0.0,0.020689655172413793,0.020689655172413793,3.5,4.0
iconclass-ai:CESR_0009_237_img_01.jpg,1713,131,0.13926210122061589,0.25,0.07064786892687411,0.0,0.007633587786259542,0.007633587786259542,2.0,3.0
iconclass-ai:CESR_0009_410_img_01.jpg,1713,51,0.2759987477144231,0.045454545454545456,0.03006515726427798,0.0,0.0,0.0,2.5,4.0
iconclass-ai:CESR_0009_444_img_01.jpg,1713,82,0.18251547648180158,0.058823529411764705,0.048219658264047616,0.0,0.0,0.0,1.5,4.0
iconclass-ai:alchab_26-8-med-2s_fac026.jpg,1713,5,0.26285796955105994,0.1,0.043593298450544896,0.0,0.0,0.2,3.0,8.0
iconclass-ai:alchab_29-2-med-2f_fac009.jpg,1713,15,0.33875232332087923,0.04,0.03529535549428039,0.0,0.0,0.0,1.0,4.0
iconclass-ai:alchab_li-51_fac026.jpg,1713,45,0.43445749250623494,1.0,0.06363331615030705,0.022222222222222223,0.022222222222222223,0.044444444444444446,4.0,3.0
iconclass-ai:alchab_mf-2f-6-2b_fac0057.jpg,1713,5,0.11451493672116894,0.05555555555555555,0.035726007855412065,0.0,0.0,0.0,1.0,9.0
iconclass-ai:alchab_mf-2f-6-2b_fac0061.jpg,1713,8,0.20013146915589247,0.14285714285714285,0.09393140910004363,0.0,0.0,0.125,2.0,6.0
iconclass-ai:alchab_na-2f-3-2_fac026.jpg,1713,15,0.48712374945281617,0.3333333333333333,0.3053353121425664,0.0,0.13333333333333333,0.3333333333333333,8.5,4.0
iconclass-ai:alchab_na-2f-3-2_fac039.jpg,1713,20,0.5724022875998388,0.5,0.3014058870812475,0.0,0.1,0.3,8.0,4.0
iconclass-ai:alchab_na-2f-3-2_fac047.jpg,1713,0,0.09084516392017203,,,,,,1.0,4.0
iconclass-ai:alchab_na-2f-3-2_fac048.jpg,1713,0,,,,,,,1.0,
iconclass-ai:alchab_na-2f-3-2_fac058.jpg,1713,0,,,,,,,1.0,
iconclass-ai:alchab_na-2f-3-2_fac061.jpg,1713,0,0.2685023757132568,,,,,,1.0,4.0
iconclass-ai:alchab_na-2f-3-2_fac062.jpg,1713,0,,,,,,,1.0,
iconclass-ai:alchab_na-2f-3-2_fac105.jpg,1713,16,0.6797517168305847,1.0,0.4202030635446259,0.0625,0.25,0.3125,9.5,4.5
iconclass-ai:alchab_na-2f-3-2_fac107.jpg,1713,16,0.676496564567073,1.0,0.41943337674665393,0.0625,0.25,0.3125,9.5,4.5
iconclass-ai:alchab_na-2f-3-2_fac152.jpg,1713,1,0.26265609159805814,0.25,0.25,0.0,1.0,1.0,1.5,3.0
iconclass-ai:alchab_na-2f-3-2_fac213.jpg,1713,31,0.6004964720985796,1.0,0.19266136560967864,0.03225806451612903,0.06451612903225806,0.16129032258064516,9.0,4.5
iconclass-ai:alchab_na-2f-3-2_fac370.jpg,1713,1,0.458594180011267,0.25,0.25,0.0,1.0,1.0,1.5,4.5
iconclass-ai:alchab_na-2f-3-2_fac411.jpg,1713,24,0.5895888557249142,0.5,0.26285129562212267,0.0,0.08333333333333333,0.25,7.5,4.0
iconclass-ai:alchab_na-2f-3-2_fac456.jpg,1713,22,0.8064741260225484,1.0,0.3797816134203514,0.045454545454545456,0.18181818181818182,0.3181818181818182,6.5,3.5
iconclass-ai:alchab_na-2f-3-2_fac462.jpg,1713,9,0.5289774618289809,0.5,0.35904642545458787,0.0,0.4444444444444444,0.4444444444444444,2.0,6.0
iconclass-ai:alchab_na-2f-3-2_fac471.jpg,1713,18,0.7827770349301607,1.0,0.4643172709158625,0.05555555555555555,0.2222222222222222,0.3888888888888889,12.0,3.5
iconclass-ai:alchab_na-2f-3-2_fac487.jpg,1713,18,0.7551459093667532,1.0,0.4751439126279087,0.05555555555555555,0.2777777777777778,0.3333333333333333,5.0,3.5
iconclass-ai:alchab_nd-283-2s_fac051.jpg,1713,15,0.13786765614104504,0.16666666666666666,0.07397933155512985,0.0,0.0,0.06666666666666667,9.0,4.5
iconclass-ai:alchab_nd-283-2s_fac175.jpg,1713,15,0.12974973162183998,0.14285714285714285,0.0647291694293874,0.0,0.0,0.06666666666666667,9.0,4.5
iconclass-ai:alchab_oc-77-2_fac0753.jpg,1713,1,0.13041299982935048,0.0021008403361344537,0.0021008403361344537,0.0,0.0,0.0,2.0,9.0
iconclass-ai:alchab_oc-77-2_fac0981.jpg,1713,22,0.2176930135822512,0.0136986301369863,0.03243149011782126,0.0,0.0,0.0,12.5,4.0
iconclass-ai:alchab_oc-77-2_fac1233.jpg,1713,16,0.28118371959564853,0.3333333333333333,0.03732882316779217,0.0,0.0625,0.0625,7.0,3.0
iconclass-ai:alchab_oc-77-2_fac1252.jpg,1713,16,0.24146904883663975,0.2,0.02909614827840757,0.0,0.0625,0.0625,7.0,3.0
iconclass-ai:alchab_oc-77-2_fac1265.jpg,1713,5,0.11823787406796658,0.016129032258064516,0.021869230118628243,0.0,0.0,0.0,6.0,5.0
iconclass-ai:alchab_od-215_fac011.jpg,1713,32,0.422843256723957,1.0,0.08273641754181285,0.03125,0.03125,0.0625,1.0,4.0
iconclass-ai:alchab_wa-2f-98_fac010.jpg,1713,3,0.35957816291497524,0.2,0.11294117647058825,0.0,0.3333333333333333,0.3333333333333333,2.0,6.0
iconclass-ai:alchab_xb-3628_fac003.jpg,1713,15,0.3313602863513087,1.0,0.12942760027161487,0.06666666666666667,0.06666666666666667,0.06666666666666667,1.0,4.0
iconclass-ai:alchab_xb-3832_fac113.jpg,1713,5,0.3519160644880497,0.04,0.04268315491571306,0.0,0.0,0.0,6.0,5.0
iconclass-ai:bsb00024923_12.jpg,1713,34,0.2715748507915908,1.0,0.05153792645234009,0.029411764705882353,0.029411764705882353,0.029411764705882353,5.0,4.0
iconclass-ai:bsb00024923_33.jpg,1713,40,0.18453787464207197,0.5,0.038911063198074275,0.0,0.025,0.025,5.0,4.0
iconclass-ai:bsb00024923_34.jpg,1713,35,0.11854640932424794,0.037037037037037035,0.02396467171714214,0.0,0.0,0.0,4.0,4.0
iconclass-ai:bsb00024923_7.jpg,1713,81,0.08090997902925086,0.013333333333333334,0.044269542786711406,0.0,0.0,0.0,44.0,3.0
iconclass-ai:bsb00024923_8.jpg,1713,81,0.08049218517524283,0.047619047619047616,0.03980691999494216,0.0,0.0,0.0,44.0,3.0
iconclass-ai:bsb00025107_10.jpg,1713,0,0.18498138089043892,,,,,,1.0,4.0
iconclass-ai:bsb00025107_32.jpg,1713,0,0.1449215617569907,,,,,,1.0,5.0
iconclass-ai:bsb00025307_21.jpg,1713,4,0.07179084203432694,0.0196078431372549,0.03082361977048884,0.0,0.0,0.0,2.0,7.0
iconclass-ai:bsb00025307_7.jpg,1713,9,0.055138561885569114,0.002506265664160401,0.005631384664044512,0.0,0.0,0.0,2.0,3.0
iconclass-ai:bsb00025457_12.jpg,1713,0,0.20962300925081973,,,,,,1.0,3.0
iconclass-ai:bsb00025460_153.jpg,1713,2,0.07436674129963829,0.04,0.02326797385620915,0.0,0.0,0.0,3.0,5.0
iconclass-ai:bsb00025460_234.jpg,1713,2,0.0,0.0040650406504065045,0.005682155361699602,0.0,0.0,0.0,3.0,3.0
iconclass-ai:bsb00025460_42.jpg,1713,3,0.08982315558306928,0.07692307692307693,0.03284312780679607,0.0,0.0,0.0,4.0,4.0
iconclass-ai:bsb00025460_7.jpg,1713,3,0.0853184404969564,0.0022222222222222222,0.0025987012421934213,0.0,0.0,0.0,2.5,4.5
iconclass-ai:bsb00025460_94.jpg,1713,2,0.10036286778794196,0.003968253968253968,0.0025987551340962527,0.0,0.0,0.0,3.0,5.0
iconclass-ai:bsb00025600_129.jpg,1713,34,1.0,1.0,0.8467755324972208,0.029411764705882353,0.14705882352941177,0.29411764705882354,4.0,4.0
iconclass-ai:bsb00025600_135.jpg,1713,34,1.0,1.0,0.8483704631524097,0.029411764705882353,0.14705882352941177,0.29411764705882354,4.0,3.5
iconclass-ai:bsb00025600_154.jpg,1713,84,1.0,1.0,0.4125503371667663,0.011904761904761904,0.05952380952380952,0.11904761904761904,34.0,4.0
iconclass-ai:bsb00025600_238.jpg,1713,81,1.0,1.0,0.4193167343771562,0.012345679012345678,0.06172839506172839,0.12345679012345678,44.0,3.0
iconclass-ai:bsb00025600_502.jpg,1713,47,1.0,1.0,0.6390161120248,0.02127659574468085,0.10638297872340426,0.2127659574468085,9.0,2.0
iconclass-ai:bsb00025600_548.jpg,1713,34,1.0,1.0,0.8473728804500825,0.029411764705882353,0.14705882352941177,0.29411764705882354,19.5,3.0
iconclass-ai:bsb00025600_549.jpg,1713,33,1.0,1.0,0.8647465053837251,0.030303030303030304,0.15151515151515152,0.30303030303030304,19.0,3.0
iconclass-ai:bsb00025600_56.jpg,1713,36,1.0,1.0,0.8252025246424841,0.027777777777777776,0.1388888888888889,0.2777777777777778,5.0,4.0
iconclass-ai:bsb00025600_560.jpg,1713,33,1.0,1.0,0.864762762374231,0.030303030303030304,0.15151515151515152,0.30303030303030304,18.5,3.0
iconclass-ai:bsb00025600_561.jpg,1713,46,1.0,1.0,0.6461042694878375,0.021739130434782608,0.10869565217391304,0.21739130434782608,9.0,3.5
iconclass-ai:bsb00025600_564.jpg,1713,34,1.0,1.0,0.8474565976061913,0.029411764705882353,0.14705882352941177,0.29411764705882354,4.5,2.0
iconclass-ai:bsb00025600_576.jpg,1713,34,1.0,1.0,0.8635338618452203,0.029411764705882353,0.14705882352941177,0.29411764705882354,19.5,3.0
iconclass-ai:bsb00025600_578.jpg,1713,35,1.0,1.0,0.8247984929278502,0.02857142857142857,0.14285714285714285,0.2857142857142857,20.0,3.0
iconclass-ai:bsb00025600_579.jpg,1713,46,1.0,1.0,0.656039245975672,0.021739130434782608,0.10869565217391304,0.21739130434782608,6.0,4.0
iconclass-ai:bsb00025600_585.jpg,1713,34,1.0,1.0,0.8473566970206196,0.029411764705882353,0.14705882352941177,0.29411764705882354,19.5,3.0
iconclass-ai:bsb00025600_588.jpg,1713,33,1.0,1.0,0.864730387341856,0.030303030303030304,0.15151515151515152,0.30303030303030304,19.5,3.0
iconclass-ai:bsb00025600_600.jpg,1713,33,1.0,1.0,0.864730387341856,0.030303030303030304,0.15151515151515152,0.30303030303030304,19.0,3.0
iconclass-ai:bsb00025600_601.jpg,1713,33,1.0,1.0,0.864762762374231,0.030303030303030304,0.15151515151515152,0.30303030303030304,19.5,3.0
iconclass-ai:bsb00025600_602.jpg,1713,35,1.0,1.0,0.846190676714726,0.02857142857142857,0.14285714285714285,0.2857142857142857,19.0,3.0
iconclass-ai:bsb00025600_604.jpg,1713,35,1.0,1.0,0.8187889140491835,0.02857142857142857,0.14285714285714285,0.2857142857142857,19.0,3.0
iconclass-ai:bsb00025600_61.jpg,1713,81,1.0,1.0,0.4197108595019594,0.012345679012345678,0.06172839506172839,0.12345679012345678,44.0,3.0
iconclass-ai:bsb00025600_638.jpg,1713,81,1.0,1.0,0.41905897262229713,0.012345679012345678,0.06172839506172839,0.12345679012345678,44.0,3.0
iconclass-ai:bsb00025600_68.jpg,1713,36,1.0,1.0,0.8324834942682502,0.027777777777777776,0.1388888888888889,0.2777777777777778,4.5,4.0
iconclass-ai:bsb00025600_69.jpg,1713,34,1.0,1.0,0.8635175389034344,0.029411764705882353,0.14705882352941177,0.29411764705882354,5.0,4.0
iconclass-ai:bsb00025600_700.jpg,1713,34,1.0,1.0,0.8467755324972208,0.029411764705882353,0.14705882352941177,0.29411764705882354,4.0,4.0
iconclass-ai:bsb00025600_719.jpg,1713,34,1.0,1.0,0.8467755324972208,0.029411764705882353,0.14705882352941177,0.29411764705882354,4.0,4.0
iconclass-ai:bsb00025600_723.jpg,1713,50,1.0,1.0,0.6028459831591765,0.02,0.1,0.2,9.0,5.0
iconclass-ai:bsb00025600_725.jpg,1713,75,1.0,1.0,0.44884255793717015,0.013333333333333334,0.06666666666666667,0.13333333333333333,12.5,4.5
iconclass-ai:bsb00025600_83.jpg,1713,35,1.0,1.0,0.8248506473124074,0.02857142857142857,0.14285714285714285,0.2857142857142857,20.0,3.0
iconclass-ai:bsb00025969_257.jpg,1713,0,0.11591958291929047,,,,,,1.0,6.0
iconclass-ai:bsb00025969_261.jpg,1713,1,0.02413808212706949,0.0006455777921239509,0.0006455777921239509,0.0,0.0,0.0,2.0,6.0
iconclass-ai:bsb00025969_58.jpg,1713,2,0.021805248618304008,0.000657030223390276,0.00095863483444246,0.0,0.0,0.0,3.0,1.0
iconclass-ai:bsb00025969_687.jpg,1713,1,0.03565802986428953,0.01020408163265306,0.01020408163265306,0.0,0.0,0.0,2.0,5.0
iconclass-ai:bsb00026029_139.jpg,1713,1,0.04875359038088944,0.0018148820326678765,0.0018148820326678765,0.0,0.0,0.0,2.0,4.0
iconclass-ai:bsb00026029_447.jpg,1713,1,0.11388841072304023,0.014285714285714285,0.014285714285714285,0.0,0.0,0.0,2.0,5.0
iconclass-ai:bsb00026029_549.jpg,1713,0,0.17049669001382164,,,,,,1.0,5.0
iconclass-ai:bsb00026029_562.jpg,1713,0,0.34073330915177236,,,,,,1.0,6.0
iconclass-ai:bsb00026029_568.jpg,1713,0,0.07088396963116643,,,,,,1.0,5.0
iconclass-ai:bsb00026029_860.jpg,1713,1,0.11745620400435977,0.0016339869281045752,0.0016339869281045752,0.0,0.0,0.0,1.0,3.0
iconclass-ai:bsb00026117_13.jpg,1713,0,0.11718786979202944,,,,,,1.0,4.0
iconclass-ai:bsb00026461_190.jpg,1713,0,0.0,,,,,,1.0,4.0
iconclass-ai:bsb00026461_197.jpg,1713,1,0.06519360302710189,0.038461538461538464,0.038461538461538464,0.0,0.0,0.0,2.0,4.0
iconclass-ai:bsb00026461_203.jpg,1713,1,0.0938987198606107,0.024390243902439025,0.024390243902439025,0.0,0.0,0.0,2.0,4.0
iconclass-ai:bsb00026461_37.jpg,1713,28,0.04483350391649145,0.01,0.01599969262806168,0.0,0.0,0.0,15.0,3.0
iconclass-ai:bsb00026461_43.jpg,1713,28,0.08452295263217856,0.014285714285714285,0.016034154821577933,0.0,0.0,0.0,15.0,3.0
iconclass-ai:bsb00026697_116.jpg,1713,3,0.09814548329643207,0.006711409395973154,0.009020147873886454,0.0,0.0,0.0,4.0,3.0
iconclass-ai:bsb00026697_484.jpg,1713,4,0.09857455877272314,0.006024096385542169,0.005349000220825799,0.0,0.0,0.0,3.0,4.0
iconclass-ai:bsb00026697_528.jpg,1713,0,0.13644063456104819,,,,,,1.0,6.0
iconclass-ai:bsb00026916_4.jpg,1713,2,0.251905087702907,0.038461538461538464,0.034382284382284384,0.0,0.0,0.0,2.0,3.5
iconclass-ai:bsb00027184_127.jpg,1713,9,0.149349951003805,0.1,0.07830559259311794,0.0,0.0,0.1111111111111111,3.0,3.0
iconclass-ai:bsb00027184_133.jpg,1713,17,0.20622739022743697,0.2,0.049776948885041035,0.0,0.058823529411764705,0.058823529411764705,7.0,5.0
iconclass-ai:bsb00027184_30.jpg,1713,29,0.13957633651159268,0.125,0.03828418243596339,0.0,0.0,0.034482758620689655,7.0,3.0
iconclass-ai:bsb00027184_52.jpg,1713,14,0.44313796060076904,1.0,0.1577465401347518,0.07142857142857142,0.14285714285714285,0.14285714285714285,7.0,4.0
iconclass-ai:bsb00027184_61.jpg,1713,6,0.21029402264268646,0.14285714285714285,0.06795944728997787,0.0,0.0,0.16666666666666666,2.0,3.0
iconclass-ai:bsb00027184_74.jpg,1713,14,0.41540704144864055,1.0,0.1444686119289039,0.07142857142857142,0.14285714285714285,0.14285714285714285,7.0,4.0
iconclass-ai:bsb00027184_92.jpg,1713,15,0.3551521621061535,0.3333333333333333,0.06933532672691238,0.0,0.06666666666666667,0.13333333333333333,7.0,5.0
iconclass-ai:bsb00027260_115.jpg,1713,0,0.4401776673102863,,,,,,1.0,2.0
iconclass-ai:bsb00027260_122.jpg,1713,0,0.7697988497743401,,,,,,1.0,4.5
iconclass-ai:bsb00027260_128.jpg,1713,1,0.5179083663796429,0.125,0.125,0.0,0.0,1.0,1.5,5.0
iconclass-ai:bsb00027260_130.jpg,1713,2,0.39404736150702496,0.005154639175257732,0.005265491630639619,0.0,0.0,0.0,1.0,4.0
iconclass-ai:bsb00027260_136.jpg,1713,6,0.3485667810317349,0.2,0.05754324384492158,0.0,0.16666666666666666,0.16666666666666666,3.0,4.0
iconclass-ai:bsb00027260_14.jpg,1713,0,0.6803943409926559,,,,,,1.0,6.5
iconclass-ai:bsb00027260_144.jpg,1713,0,0.5841250868206946,,,,,,1.0,4.5
iconclass-ai:bsb00027260_17.jpg,1713,0,0.9001257960372862,,,,,,1.0,4.5
iconclass-ai:bsb00027260_20.jpg,1713,0,0.8288041992725544,,,,,,1.0,4.0
iconclass-ai:bsb00027260_209.jpg,1713,0,0.9574284411791893,,,,,,1.0,5.0
iconclass-ai:bsb00027260_215.jpg,1713,0,0.9154629269286607,,,,,,1.0,5.0
iconclass-ai:bsb00027260_237.jpg,1713,0,0.7138152706878033,,,,,,1.0,2.0
iconclass-ai:bsb00027260_287.jpg,1713,0,0.37035959034077276,,,,,,1.0,2.0
iconclass-ai:bsb00027260_291.jpg,1713,0,0.4374620135954637,,,,,,1.0,2.0
iconclass-ai:bsb00027260_303.jpg,1713,0,0.0,,,,,,1.0,4.0
iconclass-ai:bsb00027260_32.jpg,1713,0,0.9396209478579322,,,,,,1.0,5.0
iconclass-ai:bsb00027260_325.jpg,1713,0,0.6624045114651882,,,,,,1.0,7.0
iconclass-ai:bsb00027260_329.jpg,1713,0,0.5459515556036827,,,,,,1.0,2.0
iconclass-ai:bsb00027260_345.jpg,1713,0,0.641836251353819,,,,,,1.0,2.0
iconclass-ai:bsb00027260_355.jpg,1713,0,0.7213296391722753,,,,,,1.0,5.0
iconclass-ai:bsb00027260_375.jpg,1713,0,0.5356007174268993,,,,,,1.0,2.0
iconclass-ai:bsb00027260_379.jpg,1713,1,0.6042210209807706,0.3333333333333333,0.3333333333333333,0.0,1.0,1.0,1.5,5.0
iconclass-ai:bsb00027260_380.jpg,1713,0,0.8033608001768469,,,,,,1.0,5.0
iconclass-ai:bsb00027260_388.jpg,1713,0,0.8104257014315842,,,,,,1.0,5.0
iconclass-ai:bsb00027260_399.jpg,1713,0,0.707261897494973,,,,,,1.0,5.0
iconclass-ai:bsb00027260_419.jpg,1713,0,0.7448242243661777,,,,,,1.0,4.0
iconclass-ai:bsb00027260_424.jpg,1713,2,0.5868200983894728,0.0037593984962406013,0.004361088826284072,0.0,0.0,0.0,1.0,4.0
iconclass-ai:bsb00027260_427.jpg,1713,2,0.6835197204520524,0.041666666666666664,0.05416666666666667,0.0,0.0,0.0,1.0,2.0
iconclass-ai:bsb00027260_428.jpg,1713,0,0.5885686351531767,,,,,,1.0,2.0
iconclass-ai:bsb00027260_430.jpg,1713,0,0.4742393047219408,,,,,,1.0,2.5
iconclass-ai:bsb00027260_46.jpg,1713,0,0.7987230319745805,,,,,,1.0,5.0
iconclass-ai:bsb00027260_460.jpg,1713,2,0.5793669766243625,1.0,0.5434782608695652,0.5,0.5,0.5,1.0,2.0
iconclass-ai:bsb00027260_48.jpg,1713,0,0.7991654209556986,,,,,,1.0,5.0
iconclass-ai:bsb00027260_490.jpg,1713,0,0.5230905654893755,,,,,,1.0,2.0
iconclass-ai:bsb00027260_510.jpg,1713,1,0.5753579796902805,0.0016666666666666668,0.0016666666666666668,0.0,0.0,0.0,1.0,5.0
iconclass-ai:bsb00027260_517.jpg,1713,0,0.8560150760734856,,,,,,1.0,5.0
iconclass-ai:bsb00027260_554.jpg,1713,0,0.7210964701292781,,,,,,1.0,4.0
iconclass-ai:bsb00027260_559.jpg,1713,4,0.6343856179626839,0.05,0.014597799206552308,0.0,0.0,0.0,3.0,3.5
iconclass-ai:bsb00027260_572.jpg,1713,4,0.38585915185392067,0.011111111111111112,0.009749223920158786,0.0,0.0,0.0,3.0,4.0
iconclass-ai:bsb00027260_614.jpg,1713,0,0.6794411769200567,,,,,,1.0,2.0
iconclass-ai:bsb00027260_63.jpg,1713,0,0.8889850296162729,,,,,,1.0,5.0
iconclass-ai:bsb00027260_655.jpg,1713,0,0.6668698748053886,,,,,,1.0,2.0
iconclass-ai:bsb00027260_668.jpg,1713,0,0.8482342266180674,,,,,,1.0,4.5
iconclass-ai:bsb00027260_686.jpg,1713,1,0.5028855797342469,0.0008103727714748784,0.0008103727714748784,0.0,0.0,0.0,1.5,3.0
iconclass-ai:bsb00027260_691.jpg,1713,0,0.45003901381299544,,,,,,1.0,3.5
iconclass-ai:bsb00027260_705.jpg,1713,0,0.8884746192941301,,,,,,1.0,5.0
iconclass-ai:bsb00027260_707.jpg,1713,0,0.3369927467655679,,,,,,1.0,5.5
iconclass-ai:bsb00027260_709.jpg,1713,1,0.5181928299531761,0.0038461538461538464,0.0038461538461538464,0.0,0.0,0.0,1.5,3.5
iconclass-ai:bsb00027260_718.jpg,1713,0,0.6464405199312988,,,,,,1.0,2.0
iconclass-ai:bsb00027260_727.jpg,1713,2,0.3972873558647331,0.0043859649122807015,0.0028242955874534822,0.0,0.0,0.0,2.0,5.0
iconclass-ai:bsb00027260_736.jpg,1713,1,0.03683368770456461,0.0018214936247723133,0.0018214936247723133,0.0,0.0,0.0,2.0,4.0
iconclass-ai:bsb00027260_74.jpg,1713,0,0.556985728324206,,,,,,1.0,4.0
iconclass-ai:bsb00027260_744.jpg,1713,1,0.4831368334051857,0.0017921146953405018,0.0017921146953405018,0.0,0.0,0.0,1.0,4.0
iconclass-ai:bsb00027260_763.jpg,1713,2,0.24191435338888642,0.002232142857142857,0.0018617835836795566,0.0,0.0,0.0,2.0,5.5
iconclass-ai:bsb00027260_764.jpg,1713,0,0.49199682298165226,,,,,,1.0,2.0
iconclass-ai:bsb00027260_94.jpg,1713,0,0.39017769927074897,,,,,,1.0,2.0
iconclass-ai:bsb00027260_98.jpg,1713,0,0.5073987026450085,,,,,,1.0,2.0
iconclass-ai:bsb00027261_153.jpg,1713,1,0.38071019949112517,0.0007627765064836003,0.0007627765064836003,0.0,0.0,0.0,2.0,4.0
iconclass-ai:bsb00027261_170.jpg,1713,0,0.8552385058825712,,,,,,1.0,4.0
iconclass-ai:bsb00027261_233.jpg,1713,0,0.37756093657275414,,,,,,1.0,4.5
iconclass-ai:bsb00027261_242.jpg,1713,0,0.9305687780632227,,,,,,1.0,4.0
iconclass-ai:bsb00027261_245.jpg,1713,0,0.5049983488162636,,,,,,1.0,2.0
iconclass-ai:bsb00027261_264.jpg,1713,0,0.8293271620269697,,,,,,1.0,4.0
iconclass-ai:bsb00027261_295.jpg,1713,5,0.3995382504255633,0.07692307692307693,0.01741961471282972,0.0,0.0,0.0,3.5,4.5
iconclass-ai:bsb00027261_303.jpg,1713,1,0.4857873083332539,0.0007530120481927711,0.0007530120481927711,0.0,0.0,0.0,1.5,4.0
iconclass-ai:bsb00027261_307.jpg,1713,1,0.5917096604683254,0.08333333333333333,0.08333333333333333,0.0,0.0,0.0,2.0,4.0
iconclass-ai:bsb00027261_378.jpg,1713,2,0.4398975902024141,0.015625,0.01162929389312977,0.0,0.0,0.0,2.0,5.5
iconclass-ai:bsb00027261_384.jpg,1713,0,0.8411776402401574,,,,,,1.0,5.0
iconclass-ai:bsb00027261_387.jpg,1713,2,0.543536410607401,0.043478260869565216,0.024196132891785065,0.0,0.0,0.0,2.5,5.5
iconclass-ai:bsb00027261_400.jpg,1713,4,0.4856613298213992,0.002506265664160401,0.004299871023549263,0.0,0.0,0.0,3.5,4.5
iconclass-ai:bsb00027261_416.jpg,1713,0,0.879030172200514,,,,,,1.0,4.0
iconclass-ai:bsb00027261_421.jpg,1713,0,0.4987020507538529,,,,,,1.0,2.5
iconclass-ai:bsb00027261_427.jpg,1713,1,0.0,0.0007674597083653108,0.0007674597083653108,0.0,0.0,0.0,2.0,4.0
iconclass-ai:bsb00027261_445.jpg,1713,0,0.8205228949141825,,,,,,1.0,4.0
iconclass-ai:bsb00027261_462.jpg,1713,11,0.36527034483248416,0.0070921985815602835,0.010028175998322477,0.0,0.0,0.0,6.5,3.5
iconclass-ai:bsb00027261_95.jpg,1713,1,0.6101464258427209,0.0008764241893076249,0.0008764241893076249,0.0,0.0,0.0,2.0,4.0
iconclass-ai:bsb00027346_11.jpg,1713,0,0.09104001099296284,,,,,,1.0,4.0
iconclass-ai:bsb00027346_146.jpg,1713,0,0.18474904028039557,,,,,,1.0,4.0
iconclass-ai:bsb00027346_208.jpg,1713,0,0.23063388262767928,,,,,,1.0,3.0
iconclass-ai:bsb00027346_211.jpg,1713,0,0.25056585158738975,,,,,,1.0,5.5
iconclass-ai:bsb00027346_72.jpg,1713,0,0.16461042703964465,,,,,,1.0,5.5
iconclass-ai:bsb00027346_86.jpg,1713,0,0.21999208617524052,,,,,,1.0,4.0
iconclass-ai:bsb00027477_103.jpg,1713,0,0.3681650745604521,,,,,,1.0,5.0
iconclass-ai:bsb00027477_105.jpg,1713,4,0.5397609299102648,1.0,0.3596994194394157,0.25,0.5,0.5,3.0,5.0
iconclass-ai:bsb00027477_119.jpg,1713,4,0.41813717252173377,0.2,0.13075183478409286,0.0,0.25,0.5,3.0,5.0
iconclass-ai:bsb00027477_12.jpg,1713,4,0.5748566599500559,1.0,0.3602916254766276,0.25,0.5,0.5,3.0,5.0
iconclass-ai:bsb00027477_121.jpg,1713,0,0.7885744829655843,,,,,,1.0,4.0
iconclass-ai:bsb00027477_129.jpg,1713,2,0.3076419684061013,0.020833333333333332,0.011065595933376594,0.0,0.0,0.0,3.0,5.0
iconclass-ai:bsb00027477_132.jpg,1713,0,0.7577553323731279,,,,,,1.0,5.0
iconclass-ai:bsb00027477_136.jpg,1713,0,0.6526000317866681,,,,,,1.0,7.0
iconclass-ai:bsb00027477_38.jpg,1713,0,0.7203165777875793,,,,,,1.0,5.0
iconclass-ai:bsb00027477_47.jpg,1713,0,0.8279470561400788,,,,,,1.0,4.5
iconclass-ai:bsb00027477_82.jpg,1713,2,0.2832865278596243,0.017543859649122806,0.012421564861057752,0.0,0.0,0.0,3.0,3.0
iconclass-ai:bsb00027477_9.jpg,1713,1,0.26739545817614524,0.0022172949002217295,0.0022172949002217295,0.0,0.0,0.0,2.0,5.0
iconclass-ai:bsb00027697_23.jpg,1713,21,0.04068993703197293,0.07692307692307693,0.03427227200657085,0.0,0.0,0.0,12.0,5.0
iconclass-ai:bsb00027697_34.jpg,1713,7,0.11435941452294146,0.017857142857142856,0.0082082207554657,0.0,0.0,0.0,4.5,4.5
iconclass-ai:bsb00027697_86.jpg,1713,1,0.23505507140947526,0.0012315270935960591,0.0012315270935960591,0.0,0.0,0.0,1.5,4.0
iconclass-ai:bsb00027852_107.jpg,1713,0,0.506190844124231,,,,,,1.0,3.0
iconclass-ai:bsb00027852_118.jpg,1713,0,0.6633986458853842,,,,,,1.0,3.0
iconclass-ai:bsb00027852_119.jpg,1713,0,0.6415981044111216,,,,,,1.0,3.0
iconclass-ai:bsb00027852_127.jpg,1713,0,0.667988226666731,,,,,,1.0,3.0
iconclass-ai:bsb00027852_131.jpg,1713,0,0.18278608358462095,,,,,,1.0,3.0
iconclass-ai:bsb00027852_133.jpg,1713,0,0.7219699009705475,,,,,,1.0,3.0
iconclass-ai:bsb00027852_134.jpg,1713,0,0.3665399478863672,,,,,,1.0,3.0
iconclass-ai:bsb00027852_136.jpg,1713,0,0.38985975060353056,,,,,,1.0,5.0
iconclass-ai:bsb00027852_144.jpg,1713,0,0.6408102833584823,,,,,,1.0,3.0
iconclass-ai:bsb00027852_155.jpg,1713,0,0.5832148008887423,,,,,,1.0,3.0
iconclass-ai:bsb00027852_157.jpg,1713,0,0.3395837729711339,,,,,,1.0,3.0
iconclass-ai:bsb00027852_159.jpg,1713,1,0.3643032483669102,0.0009140767824497258,0.0009140767824497258,0.0,0.0,0.0,2.0,5.0
iconclass-ai:bsb00027852_165.jpg,1713,0,0.6321634479121456,,,,,,1.0,4.0
iconclass-ai:bsb00027852_17.jpg,1713,0,0.21483884106010417,,,,,,1.0,3.0
iconclass-ai:bsb00027852_172.jpg,1713,0,0.49255194742492175,,,,,,1.0,5.0
iconclass-ai:bsb00027852_173.jpg,1713,0,0.52725788465985,,,,,,1.0,3.0
iconclass-ai:bsb00027852_179.jpg,1713,0,0.4929254510463281,,,,,,1.0,3.0
iconclass-ai:bsb00027852_180.jpg,1713,0,0.4597081300516061,,,,,,1.0,3.0
iconclass-ai:bsb00027852_183.jpg,1713,0,0.4582114096062077,,,,,,1.0,3.0
iconclass-ai:bsb00027852_184.jpg,1713,0,0.33080061079882744,,,,,,1.0,3.0
iconclass-ai:bsb00027852_186.jpg,1713,1,0.46530223520326436,0.3333333333333333,0.3333333333333333,0.0,1.0,1.0,2.0,5.0
iconclass-ai:bsb00027852_191.jpg,1713,0,0.31383218362758325,,,,,,1.0,3.0
iconclass-ai:bsb00027852_192.jpg,1713,7,0.4224395178016153,0.03333333333333333,0.03954268665677268,0.0,0.0,0.0,8.0,3.0
iconclass-ai:bsb00027852_198.jpg,1713,0,0.780347743852608,,,,,,1.0,3.0
iconclass-ai:bsb00027852_201.jpg,1713,0,0.7059959133151298,,,,,,1.0,3.0
iconclass-ai:bsb00027852_203.jpg,1713,0,0.3346184372609685,,,,,,1.0,3.0
iconclass-ai:bsb00027852_204.jpg,1713,0,0.545929473346311,,,,,,1.0,3.0
iconclass-ai:bsb00027852_206.jpg,1713,0,0.4991533952616841,,,,,,1.0,3.0
iconclass-ai:bsb00027852_209.jpg,1713,1,0.44512921382491666,0.0009900990099009901,0.0009900990099009901,0.0,0.0,0.0,2.0,5.0
iconclass-ai:bsb00027852_21.jpg,1713,0,0.1618625819972427,,,,,,1.0,3.0
iconclass-ai:bsb00027852_216.jpg,1713,0,0.2912554193036954,,,,,,1.0,3.0
iconclass-ai:bsb00027852_218.jpg,1713,0,0.38515641882630913,,,,,,1.0,6.0
iconclass-ai:bsb00027852_220.jpg,1713,0,0.46199987624478595,,,,,,1.0,3.0
iconclass-ai:bsb00027852_222.jpg,1713,0,0.6494066993163811,,,,,,1.0,5.0
iconclass-ai:bsb00027852_226.jpg,1713,0,0.33878833947646514,,,,,,1.0,3.0
iconclass-ai:bsb00027852_227.jpg,1713,0,0.2546294986557184,,,,,,1.0,4.0
iconclass-ai:bsb00027852_229.jpg,1713,0,0.4584045665599966,,,,,,1.0,2.0
iconclass-ai:bsb00027852_23.jpg,1713,0,0.34413056705570755,,,,,,1.0,3.0
iconclass-ai:bsb00027852_232.jpg,1713,0,0.5213405007932912,,,,,,1.0,3.0
iconclass-ai:bsb00027852_237.jpg,1713,0,0.4242192278156083,,,,,,1.0,3.0
iconclass-ai:bsb00027852_240.jpg,1713,0,0.1939281709872298,,,,,,1.0,4.0
iconclass-ai:bsb00027852_241.jpg,1713,0,0.24765233389694402,,,,,,1.0,4.0
iconclass-ai:bsb00027852_253.jpg,1713,0,0.5011397184100886,,,,,,1.0,3.0
iconclass-ai:bsb00027852_255.jpg,1713,0,0.5739744435914643,,,,,,1.0,3.0
iconclass-ai:bsb00027852_257.jpg,1713,0,0.41771814256163736,,,,,,1.0,2.0
iconclass-ai:bsb00027852_264.jpg,1713,0,0.4237164504321033,,,,,,1.0,3.0
iconclass-ai:bsb00027852_265.jpg,1713,7,0.5491591553523691,0.1111111111111111,0.05295788023384911,0.0,0.0,0.14285714285714285,8.0,3.0
iconclass-ai:bsb00027852_277.jpg,1713,1,0.38439636684842615,0.005714285714285714,0.005714285714285714,0.0,0.0,0.0,2.0,3.0
iconclass-ai:bsb00027852_278.jpg,1713,1,0.24539363783502777,0.006369426751592357,0.006369426751592357,0.0,0.0,0.0,2.0,3.0
iconclass-ai:bsb00027852_281.jpg,1713,0,0.5614924166340018,,,,,,1.0,3.0
iconclass-ai:bsb00027852_284.jpg,1713,0,0.5041632165668116,,,,,,1.0,3.0
iconclass-ai:bsb00027852_286.jpg,1713,7,0.447669012697913,0.011904761904761904,0.021550512510125124,0.0,0.0,0.0,8.0,3.0
iconclass-ai:bsb00027852_292.jpg,1713,1,0.8760300784661893,0.25,0.25,0.0,1.0,1.0,2.0,3.0
iconclass-ai:bsb00027852_293.jpg,1713,1,0.45510146835223225,0.5,0.5,0.0,1.0,1.0,2.0,3.0
iconclass-ai:bsb00027852_295.jpg,1713,1,0.2553505086166212,0.0009970089730807576,0.0009970089730807576,0.0,0.0,0.0,2.0,6.0
iconclass-ai:bsb00027852_299.jpg,1713,0,0.48646277513279795,,,,,,1.0,3.0
iconclass-ai:bsb00027852_301.jpg,1713,0,0.7138785831476173,,,,,,1.0,3.0
iconclass-ai:bsb00027852_302.jpg,1713,0,0.5202059691107387,,,,,,1.0,3.0
iconclass-ai:bsb00027852_306.jpg,1713,8,0.14653606801022906,0.0018214936247723133,0.005138855341492022,0.0,0.0,0.0,9.0,6.0
iconclass-ai:bsb00027852_317.jpg,1713,0,0.4637334154970718,,,,,,1.0,3.0
iconclass-ai:bsb00027852_318.jpg,1713,0,0.3524727239866436,,,,,,1.0,3.0
iconclass-ai:bsb00027852_324.jpg,1713,0,0.676184511592592,,,,,,1.0,3.0
iconclass-ai:bsb00027852_325.jpg,1713,0,0.46433069196174875,,,,,,1.0,3.0
iconclass-ai:bsb00027852_340.jpg,1713,1,0.0,0.0011273957158962795,0.0011273957158962795,0.0,0.0,0.0,2.0,5.0
iconclass-ai:bsb00027852_342.jpg,1713,0,0.3520733223563227,,,,,,1.0,3.0
iconclass-ai:bsb00027852_346.jpg,1713,7,0.7029196763803686,1.0,0.1767671632357974,0.14285714285714285,0.14285714285714285,0.14285714285714285,8.0,3.0
iconclass-ai:bsb00027852_350.jpg,1713,0,0.7297091805420755,,,,,,1.0,3.0
iconclass-ai:bsb00027852_352.jpg,1713,0,0.575390397868892,,,,,,1.0,3.0
iconclass-ai:bsb00027852_356.jpg,1713,0,0.30547081331716347,,,,,,1.0,3.0
iconclass-ai:bsb00027852_36.jpg,1713,0,0.3742680123359376,,,,,,1.0,3.0
iconclass-ai:bsb00027852_365.jpg,1713,0,0.5419247000632615,,,,,,1.0,3.0
iconclass-ai:bsb00027852_367.jpg,1713,0,0.5339191529660116,,,,,,1.0,3.0
iconclass-ai:bsb00027852_371.jpg,1713,0,0.33770098417670136,,,,,,1.0,5.0
iconclass-ai:bsb00027852_372.jpg,1713,0,0.4710447938685579,,,,,,1.0,5.0
iconclass-ai:bsb00027852_374.jpg,1713,0,0.6109271985712631,,,,,,1.0,5.0
iconclass-ai:bsb00027852_377.jpg,1713,3,0.29282997348716194,0.0013717421124828531,0.0018126216227809212,0.0,0.0,0.0,4.0,5.0
iconclass-ai:bsb00027852_382.jpg,1713,0,0.423473707755092,,,,,,1.0,3.0
iconclass-ai:bsb00027852_384.jpg,1713,0,0.5311171544834136,,,,,,1.0,3.0
iconclass-ai:bsb00027852_385.jpg,1713,7,0.5017489473858489,1.0,0.17690805745054147,0.14285714285714285,0.14285714285714285,0.14285714285714285,8.0,3.0
iconclass-ai:bsb00027852_387.jpg,1713,1,0.39916749345053304,0.0008620689655172414,0.0008620689655172414,0.0,0.0,0.0,2.0,6.0
iconclass-ai:bsb00027852_391.jpg,1713,0,0.7055718784941097,,,,,,1.0,5.0
iconclass-ai:bsb00027852_393.jpg,1713,7,0.5473805861643352,0.1111111111111111,0.054892166486577375,0.0,0.0,0.14285714285714285,8.0,3.0
iconclass-ai:bsb00027852_401.jpg,1713,2,0.0,0.001557632398753894,0.0014298578660436136,0.0,0.0,0.0,2.0,5.5
iconclass-ai:bsb00027852_402.jpg,1713,0,0.3879108135981873,,,,,,1.0,3.0
iconclass-ai:bsb00027852_406.jpg,1713,2,0.4330476810943173,0.02040816326530612,0.010916332344903773,0.0,0.0,0.0,3.0,5.0
iconclass-ai:bsb00027852_409.jpg,1713,0,0.3662434959154379,,,,,,1.0,6.0
iconclass-ai:bsb00027852_411.jpg,1713,24,0.27300949740953045,0.002638522427440633,0.012364229451322909,0.0,0.0,0.0,25.0,3.0
iconclass-ai:bsb00027852_416.jpg,1713,0,0.0,,,,,,1.0,4.0
iconclass-ai:bsb00027852_424.jpg,1713,5,0.0,0.008264462809917356,0.005766618428294812,0.0,0.0,0.0,6.0,7.0
iconclass-ai:bsb00027852_425.jpg,1713,1,0.19635235133063794,0.0070921985815602835,0.0070921985815602835,0.0,0.0,0.0,2.0,6.0
iconclass-ai:bsb00027852_426.jpg,1713,7,0.17901780186200872,0.017543859649122806,0.012776927816464,0.0,0.0,0.0,8.0,4.0
iconclass-ai:bsb00027852_430.jpg,1713,2,0.0,0.0008880994671403197,0.0010590558836316606,0.0,0.0,0.0,3.0,7.0
iconclass-ai:bsb00027852_432.jpg,1713,1,0.24048854453539525,0.0006635700066357001,0.0006635700066357001,0.0,0.0,0.0,2.0,7.0
iconclass-ai:bsb00027852_441.jpg,1713,1,0.24864289950368973,0.010526315789473684,0.010526315789473684,0.0,0.0,0.0,2.0,6.0
iconclass-ai:bsb00027852_445.jpg,1713,0,0.48187114675441184,,,,,,1.0,3.0
iconclass-ai:bsb00027852_446.jpg,1713,0,0.2781324321536157,,,,,,1.0,4.0
iconclass-ai:bsb00027852_447.jpg,1713,0,0.1836310148233131,,,,,,1.0,6.0
iconclass-ai:bsb00027852_456.jpg,1713,0,0.3554937039730492,,,,,,1.0,6.0
iconclass-ai:bsb00027852_458.jpg,1713,0,0.46850088376067506,,,,,,1.0,6.0
iconclass-ai:bsb00027852_459.jpg,1713,7,0.3328663313626239,1.0,0.1534173520784529,0.14285714285714285,0.14285714285714285,0.14285714285714285,8.0,4.0
iconclass-ai:bsb00027852_463.jpg,1713,0,0.21398751399549273,,,,,,1.0,4.0
iconclass-ai:bsb00027852_465.jpg,1713,0,0.2775745405486401,,,,,,1.0,6.0
iconclass-ai:bsb00027852_466.jpg,1713,1,0.2712390556124236,0.058823529411764705,0.058823529411764705,0.0,0.0,0.0,2.0,4.0
iconclass-ai:bsb00027852_467.jpg,1713,0,0.22892489532466048,,,,,,1.0,6.0
iconclass-ai:bsb00027852_469.jpg,1713,0,0.2124026857238836,,,,,,1.0,6.0
iconclass-ai:bsb00027852_470.jpg,1713,0,0.3559452286450145,,,,,,1.0,6.0
iconclass-ai:bsb00027852_474.jpg,1713,7,0.3559482851924907,1.0,0.16018726626745192,0.14285714285714285,0.14285714285714285,0.14285714285714285,8.0,4.0
iconclass-ai:bsb00027852_475.jpg,1713,5,0.0,0.008849557522123894,0.005904930200938798,0.0,0.0,0.0,6.0,7.0
iconclass-ai:bsb00027852_478.jpg,1713,0,0.0,,,,,,1.0,3.0
iconclass-ai:bsb00027852_481.jpg,1713,1,0.0,0.004081632653061225,0.004081632653061225,0.0,0.0,0.0,2.0,5.0
iconclass-ai:bsb00027852_484.jpg,1713,0,0.2782917341142718,,,,,,1.0,5.0
iconclass-ai:bsb00027852_485.jpg,1713,1,0.23166544373905748,0.0011918951132300357,0.0011918951132300357,0.0,0.0,0.0,2.0,5.0
iconclass-ai:bsb00027852_486.jpg,1713,0,0.26245919259631745,,,,,,1.0,4.0
iconclass-ai:bsb00027852_487.jpg,1713,7,0.1564077000148447,0.037037037037037035,0.017553392130673143,0.0,0.0,0.0,8.0,4.0
iconclass-ai:bsb00027852_49.jpg,1713,0,0.5384031806644,,,,,,1.0,3.0
iconclass-ai:bsb00027852_492.jpg,1713,0,0.26518006926206417,,,,,,1.0,4.0
iconclass-ai:bsb00027852_498.jpg,1713,5,0.13818628089076596,0.0034129692832764505,0.0025563628262777814,0.0,0.0,0.0,6.0,6.0
iconclass-ai:bsb00027852_50.jpg,1713,0,0.45351536721468444,,,,,,1.0,3.0
iconclass-ai:bsb00027852_500.jpg,1713,0,0.21903325890526498,,,,,,1.0,4.0
iconclass-ai:bsb00027852_502.jpg,1713,4,0.22091324508053148,0.022727272727272728,0.020253722570532914,0.0,0.0,0.0,3.0,3.5
iconclass-ai:bsb00027852_503.jpg,1713,1,0.30327071783501525,0.009259259259259259,0.009259259259259259,0.0,0.0,0.0,2.0,4.0
iconclass-ai:bsb00027852_504.jpg,1713,0,0.27181285092588453,,,,,,1.0,4.0
iconclass-ai:bsb00027852_505.jpg,1713,1,0.2533756004281978,0.0036900369003690036,0.0036900369003690036,0.0,0.0,0.0,2.0,6.0
iconclass-ai:bsb00027852_508.jpg,1713,0,0.22957124523986214,,,,,,1.0,4.0
iconclass-ai:bsb00027852_509.jpg,1713,3,0.1751082547633026,0.017241379310344827,0.014122451706125765,0.0,0.0,0.0,4.0,3.0
iconclass-ai:bsb00027852_51.jpg,1713,0,,,,,,,1.0,
iconclass-ai:bsb00027852_512.jpg,1713,0,0.4389980235668295,,,,,,1.0,5.0
iconclass-ai:bsb00027852_513.jpg,1713,1,0.23666603386954924,0.0006958942240779402,0.0006958942240779402,0.0,0.0,0.0,2.0,7.0
iconclass-ai:bsb00027852_514.jpg,1713,1,0.23166068615325178,0.0036900369003690036,0.0036900369003690036,0.0,0.0,0.0,2.0,4.0
iconclass-ai:bsb00027852_516.jpg,1713,3,0.1985205602149009,0.002898550724637681,0.0032228779423769185,0.0,0.0,0.0,4.0,6.0
iconclass-ai:bsb00027852_522.jpg,1713,0,0.2785887606070847,,,,,,1.0,3.0
iconclass-ai:bsb00027852_526.jpg,1713,0,0.3921311259447029,,,,,,1.0,6.0
iconclass-ai:bsb00027852_528.jpg,1713,0,0.4732180406769984,,,,,,1.0,5.0
iconclass-ai:bsb00027852_531.jpg,1713,3,0.2291098726966909,0.02127659574468085,0.0140944394287241,0.0,0.0,0.0,4.0,3.0
iconclass-ai:bsb00027852_534.jpg,1713,0,0.3668211706929857,,,,,,1.0,4.0
iconclass-ai:bsb00027852_539.jpg,1713,0,0.4462127578707525,,,,,,1.0,6.0
iconclass-ai:bsb00027852_542.jpg,1713,0,0.3526652510904844,,,,,,1.0,6.0
iconclass-ai:bsb00027852_544.jpg,1713,0,0.3477840503328257,,,,,,1.0,4.0
iconclass-ai:bsb00027852_545.jpg,1713,1,0.2139656036213644,0.0036900369003690036,0.0036900369003690036,0.0,0.0,0.0,2.0,6.0
iconclass-ai:bsb00027852_548.jpg,1713,0,0.31439892128202035,,,,,,1.0,7.0
iconclass-ai:bsb00027852_549.jpg,1713,0,0.2784195008110837,,,,,,1.0,4.0
iconclass-ai:bsb00027852_556.jpg,1713,0,0.23394878499113497,,,,,,1.0,3.0
iconclass-ai:bsb00027852_558.jpg,1713,0,0.38208350231574173,,,,,,1.0,4.0
iconclass-ai:bsb00027852_559.jpg,1713,13,0.16446801433395464,0.07142857142857142,0.04796720478817392,0.0,0.0,0.0,14.0,3.0
iconclass-ai:bsb00027852_56.jpg,1713,0,0.5638931856657079,,,,,,1.0,5.0
iconclass-ai:bsb00027852_561.jpg,1713,0,0.26173142308507785,,,,,,1.0,4.0
iconclass-ai:bsb00027852_562.jpg,1713,13,0.19465796227881316,0.011904761904761904,0.02220660887172358,0.0,0.0,0.0,14.0,3.0
iconclass-ai:bsb00027852_567.jpg,1713,0,0.4378482762015957,,,,,,1.0,6.0
iconclass-ai:bsb00027852_57.jpg,1713,0,0.5064954818491118,,,,,,1.0,5.0
iconclass-ai:bsb00027852_577.jpg,1713,13,0.21711378482597585,0.25,0.06488273073554313,0.0,0.07692307692307693,0.07692307692307693,14.0,3.0
iconclass-ai:bsb00027852_578.jpg,1713,0,0.34983044150180886,,,,,,1.0,6.0
iconclass-ai:bsb00027852_580.jpg,1713,1,0.4127057514729454,0.16666666666666666,0.16666666666666666,0.0,0.0,1.0,2.0,4.0
iconclass-ai:bsb00027852_583.jpg,1713,0,0.2930479144688563,,,,,,1.0,4.0
iconclass-ai:bsb00027852_585.jpg,1713,0,0.3686000915019521,,,,,,1.0,4.0
iconclass-ai:bsb00027852_586.jpg,1713,13,0.30071079544389,0.1111111111111111,0.059891532963903156,0.0,0.0,0.15384615384615385,14.0,3.0
iconclass-ai:bsb00027852_587.jpg,1713,13,0.18670871361109234,0.05263157894736842,0.05103249929676114,0.0,0.0,0.0,14.0,3.0
iconclass-ai:bsb00027852_589.jpg,1713,13,0.17474278841589316,0.058823529411764705,0.049839546372375414,0.0,0.0,0.0,14.0,3.0
iconclass-ai:bsb00027852_593.jpg,1713,1,0.30578310416470855,0.0011467889908256881,0.0011467889908256881,0.0,0.0,0.0,2.0,6.0
iconclass-ai:bsb00027852_596.jpg,1713,0,0.23414316324400933,,,,,,1.0,4.0
iconclass-ai:bsb00027852_60.jpg,1713,0,0.43288962745646387,,,,,,1.0,3.0
iconclass-ai:bsb00027852_600.jpg,1713,13,0.26756013970777726,0.3333333333333333,0.0726876183451001,0.0,0.07692307692307693,0.07692307692307693,14.0,3.0
iconclass-ai:bsb00027852_601.jpg,1713,4,0.22972801576235957,0.0021929824561403508,0.003314849665730093,0.0,0.0,0.0,5.0,4.0
iconclass-ai:bsb00027852_603.jpg,1713,14,0.16263439734008367,0.027777777777777776,0.03346382070827914,0.0,0.0,0.0,8.0,3.0
iconclass-ai:bsb00027852_605.jpg,1713,5,0.17422329468852074,0.007246376811594203,0.005985231370353488,0.0,0.0,0.0,3.5,5.0
iconclass-ai:bsb00027852_606.jpg,1713,5,0.1643685562427689,0.012987012987012988,0.007708610115107281,0.0,0.0,0.0,6.0,6.0
iconclass-ai:bsb00027852_609.jpg,1713,0,0.2646386014226413,,,,,,1.0,4.0
iconclass-ai:bsb00027852_611.jpg,1713,3,0.23082834498426025,0.0009871668311944718,0.0017035378546542534,0.0,0.0,0.0,2.5,4.0
iconclass-ai:bsb00027852_612.jpg,1713,0,0.2627122719934426,,,,,,1.0,4.0
iconclass-ai:bsb00027852_616.jpg,1713,0,0.3535620478431292,,,,,,1.0,6.0
iconclass-ai:bsb00027852_619.jpg,1713,1,0.4848463888874937,0.010526315789473684,0.010526315789473684,0.0,0.0,0.0,2.0,2.0
iconclass-ai:bsb00027852_627.jpg,1713,0,0.2741630177416806,,,,,,1.0,4.0
iconclass-ai:bsb00027852_629.jpg,1713,5,0.1889767576478811,0.008333333333333333,0.006182369121639271,0.0,0.0,0.0,6.0,6.0
iconclass-ai:bsb00027852_631.jpg,1713,6,0.15626254397633182,0.05,0.015169351857110316,0.0,0.0,0.0,7.0,4.0
iconclass-ai:bsb00027852_634.jpg,1713,0,0.2398041490564247,,,,,,1.0,4.0
iconclass-ai:bsb00027852_636.jpg,1713,0,0.40911207806021493,,,,,,1.0,6.0
iconclass-ai:bsb00027852_639.jpg,1713,6,0.22740448676763722,0.008333333333333333,0.00793462197765346,0.0,0.0,0.0,7.0,4.0
iconclass-ai:bsb00027852_64.jpg,1713,0,0.4582514433920583,,,,,,1.0,3.0
iconclass-ai:bsb00027852_640.jpg,1713,0,0.2705500544736836,,,,,,1.0,4.0
iconclass-ai:bsb00027852_646.jpg,1713,1,0.4244982148958801,0.017241379310344827,0.017241379310344827,0.0,0.0,0.0,2.0,2.0
iconclass-ai:bsb00027852_648.jpg,1713,1,0.3104368647838869,0.008,0.008,0.0,0.0,0.0,2.0,4.0
iconclass-ai:bsb00027852_649.jpg,1713,0,,,,,,,1.0,
iconclass-ai:bsb00027852_651.jpg,1713,0,0.2664400389256504,,,,,,1.0,4.0
iconclass-ai:bsb00027852_654.jpg,1713,1,0.29939272051129484,0.012195121951219513,0.012195121951219513,0.0,0.0,0.0,2.0,4.0
iconclass-ai:bsb00027852_661.jpg,1713,0,0.26006273643448,,,,,,1.0,4.0
iconclass-ai:bsb00027852_663.jpg,1713,1,0.5399197997476001,0.5,0.5,0.0,1.0,1.0,2.0,5.0
iconclass-ai:bsb00027852_667.jpg,1713,0,0.0,,,,,,1.0,1.0
iconclass-ai:bsb00027852_668.jpg,1713,1,0.0,0.0009950248756218905,0.0009950248756218905,0.0,0.0,0.0,2.0,5.0
iconclass-ai:bsb00027852_670.jpg,1713,6,0.19757952334886614,0.037037037037037035,0.012951052130745572,0.0,0.0,0.0,7.0,4.0
iconclass-ai:bsb00027852_69.jpg,1713,0,0.5307895840820879,,,,,,1.0,3.0
iconclass-ai:bsb00027852_71.jpg,1713,0,0.7790465495348752,,,,,,1.0,3.0
iconclass-ai:bsb00027852_73.jpg,1713,0,0.6479721387575559,,,,,,1.0,3.0
iconclass-ai:bsb00027852_74.jpg,1713,0,0.7900757216750472,,,,,,1.0,5.0
iconclass-ai:bsb00027852_76.jpg,1713,0,0.6136913734024592,,,,,,1.0,3.0
iconclass-ai:bsb00027852_77.jpg,1713,2,0.34289616106760074,0.022727272727272728,0.012108238001759968,0.0,0.0,0.0,3.0,5.0
iconclass-ai:bsb00027852_82.jpg,1713,0,0.24079551214943648,,,,,,1.0,3.0
iconclass-ai:bsb00027852_85.jpg,1713,0,0.377942444353884,,,,,,1.0,3.0
iconclass-ai:bsb00027852_89.jpg,1713,0,0.6233609668470579,,,,,,1.0,3.0
iconclass-ai:bsb00027852_90.jpg,1713,0,0.4319781924643226,,,,,,1.0,6.0
iconclass-ai:bsb00027852_92.jpg,1713,0,0.5441139534409082,,,,,,1.0,3.0
iconclass-ai:bsb00027852_94.jpg,1713,0,0.640230887216282,,,,,,1.0,3.0
iconclass-ai:bsb00027852_98.jpg,1713,0,0.7408049944476501,,,,,,1.0,5.0
iconclass-ai:bsb00027852_99.jpg,1713,0,0.4974358003358491,,,,,,1.0,3.0
iconclass-ai:bsb00027894_17.jpg,1713,3,0.19624735194715426,0.003745318352059925,0.004779222393234289,0.0,0.0,0.0,4.0,4.0
iconclass-ai:bsb00027894_18.jpg,1713,3,0.2382568466081862,0.004,0.004821475775944579,0.0,0.0,0.0,4.0,4.0
iconclass-ai:bsb00027894_22.jpg,1713,5,0.18654806548122152,0.003952569169960474,0.004464401275393885,0.0,0.0,0.0,6.0,4.0
iconclass-ai:bsb00027894_23.jpg,1713,4,0.25356870256860775,0.00398406374501992,0.004709904360224711,0.0,0.0,0.0,5.0,4.0
iconclass-ai:bsb00027894_31.jpg,1713,6,0.42165373695348274,0.16666666666666666,0.2571381877227389,0.0,0.0,0.5,7.0,3.0
iconclass-ai:bsb00027894_34.jpg,1713,6,0.4073908262728515,0.14285714285714285,0.2532327887166597,0.0,0.0,0.5,4.0,4.0
iconclass-ai:bsb00027894_48.jpg,1713,6,0.6369404587850861,1.0,0.47328385899814474,0.16666666666666666,0.3333333333333333,0.6666666666666666,7.0,3.0
iconclass-ai:bsb00027894_53.jpg,1713,6,0.5546450508112484,0.5,0.3899539741547176,0.0,0.3333333333333333,0.6666666666666666,4.0,4.5
iconclass-ai:bsb00027894_54.jpg,1713,8,0.6142260318924734,1.0,0.42142163487117706,0.125,0.375,0.5,5.0,4.5
iconclass-ai:bsb00027894_57.jpg,1713,0,0.6998898837016796,,,,,,1.0,3.5
iconclass-ai:bsb00027894_58.jpg,1713,0,0.6906778662182884,,,,,,1.0,5.0
iconclass-ai:bsb00027894_59.jpg,1713,6,0.6226062438964356,1.0,0.5208925189393939,0.16666666666666666,0.3333333333333333,0.5,7.0,3.0
iconclass-ai:bsb00027894_76.jpg,1713,2,0.23591344782166487,0.0018018018018018018,0.0026770998351815403,0.0,0.0,0.0,2.0,4.5
iconclass-ai:bsb00027894_77.jpg,1713,3,0.31479779773130057,0.0018587360594795538,0.003677744551515637,0.0,0.0,0.0,2.5,4.5
iconclass-ai:bsb00027894_84.jpg,1713,0,0.7746040653160445,,,,,,1.0,4.0
iconclass-ai:bsb00027948_100.jpg,1713,8,0.255351787618766,1.0,0.2259873704277067,0.125,0.125,0.125,8.0,5.0
iconclass-ai:bsb00027948_112.jpg,1713,8,0.24535056306605232,0.25,0.14198366361145265,0.0,0.125,0.25,5.0,4.0
iconclass-ai:bsb00027948_122.jpg,1713,8,0.13257331476465237,0.125,0.06954102233986761,0.0,0.0,0.125,5.0,3.0
iconclass-ai:bsb00027948_130.jpg,1713,7,0.06032514566436281,0.023809523809523808,0.013160381689676343,0.0,0.0,0.0,5.5,4.5
iconclass-ai:bsb00027948_32.jpg,1713,8,0.08033396515647653,0.041666666666666664,0.055070234402682675,0.0,0.0,0.0,8.0,5.0
iconclass-ai:bsb00027948_53.jpg,1713,8,0.17884349928339424,0.5,0.16776698426272735,0.0,0.125,0.125,8.0,5.0
iconclass-ai:bsb00027948_72.jpg,1713,8,0.20642028267053006,0.2,0.1522515080479001,0.0,0.125,0.25,8.0,5.0
iconclass-ai:bsb00029085_113.jpg,1713,8,0.13415463188788415,0.3333333333333333,0.10974732785785632,0.0,0.125,0.125,8.0,5.0
iconclass-ai:bsb00029085_138.jpg,1713,7,0.086321915697296,0.025,0.013628171875735187,0.0,0.0,0.0,4.5,5.5
iconclass-ai:bsb00029085_141.jpg,1713,7,0.08168770355253757,0.043478260869565216,0.0214843183529844,0.0,0.0,0.0,5.5,4.5
iconclass-ai:bsb00029085_183.jpg,1713,7,0.09710144621752156,0.019230769230769232,0.01414965989211509,0.0,0.0,0.0,5.5,4.5
iconclass-ai:bsb00029085_44.jpg,1713,8,0.2069448991688325,0.5,0.11850269384778946,0.0,0.125,0.125,8.0,5.0
iconclass-ai:bsb00029085_81.jpg,1713,8,0.07218408154216557,0.038461538461538464,0.0530800246267804,0.0,0.0,0.0,8.0,5.0
iconclass-ai:bsb00029086_47.jpg,1713,30,0.020086182086958306,0.037037037037037035,0.03660225775928916,0.0,0.0,0.0,17.0,5.5
iconclass-ai:bsb00029086_89.jpg,1713,1,0.09272355028562898,0.000925925925925926,0.000925925925925926,0.0,0.0,0.0,2.0,5.0
iconclass-ai:bsb00029223_114.jpg,1713,0,0.6596060039498296,,,,,,1.0,3.0
iconclass-ai:bsb00029223_136.jpg,1713,1,0.5480568841376445,0.0009216589861751152,0.0009216589861751152,0.0,0.0,0.0,2.0,5.0
iconclass-ai:bsb00029223_150.jpg,1713,0,0.4401919636782957,,,,,,1.0,6.0
iconclass-ai:bsb00029223_178.jpg,1713,0,0.6008511929653546,,,,,,1.0,3.0
iconclass-ai:bsb00029223_18.jpg,1713,0,0.6596060039498296,,,,,,1.0,3.0
iconclass-ai:bsb00029223_192.jpg,1713,1,0.5839222430375468,0.0009832841691248771,0.0009832841691248771,0.0,0.0,0.0,2.0,5.0
iconclass-ai:bsb00029223_194.jpg,1713,0,0.7050177827174633,,,,,,1.0,3.0
iconclass-ai:bsb00029223_202.jpg,1713,0,0.7943353404892011,,,,,,1.0,3.0
iconclass-ai:bsb00029223_212.jpg,1713,0,0.7722210605425385,,,,,,1.0,3.0
iconclass-ai:bsb00029223_22.jpg,1713,0,0.59562836849535,,,,,,1.0,3.0
iconclass-ai:bsb00029223_228.jpg,1713,0,0.7722210605425385,,,,,,1.0,3.0
iconclass-ai:bsb00029223_24.jpg,1713,0,0.5472955560054825,,,,,,1.0,3.0
iconclass-ai:bsb00029223_240.jpg,1713,8,0.21319223651836527,0.025,0.007000738512244861,0.0,0.0,0.0,9.0,6.0
iconclass-ai:bsb00029223_258.jpg,1713,0,0.6182780014911585,,,,,,1.0,3.0
iconclass-ai:bsb00029223_262.jpg,1713,1,0.0,0.0008976660682226212,0.0008976660682226212,0.0,0.0,0.0,2.0,5.0
iconclass-ai:bsb00029223_264.jpg,1713,0,0.5622028477629013,,,,,,1.0,3.0
iconclass-ai:bsb00029223_278.jpg,1713,0,0.7522339829855487,,,,,,1.0,5.0
iconclass-ai:bsb00029223_280.jpg,1713,2,0.2708637602961391,0.047619047619047616,0.027715773809523808,0.0,0.0,0.0,3.0,6.0
iconclass-ai:bsb00029223_286.jpg,1713,0,0.5401248737015163,,,,,,1.0,3.0
iconclass-ai:bsb00029223_304.jpg,1713,1,0.4277160667214766,0.00101010101010101,0.00101010101010101,0.0,0.0,0.0,2.0,6.0
iconclass-ai:bsb00029223_308.jpg,1713,1,0.5917712406986313,0.0013986013986013986,0.0013986013986013986,0.0,0.0,0.0,2.0,5.0
iconclass-ai:bsb00029223_32.jpg,1713,0,0.5597947085939552,,,,,,1.0,3.0
iconclass-ai:bsb00029223_72.jpg,1713,0,0.6213541961260419,,,,,,1.0,3.0
iconclass-ai:bsb00029223_82.jpg,1713,0,0.6503887211663567,,,,,,1.0,3.0
iconclass-ai:bsb00029223_92.jpg,1713,2,0.282791243683599,0.05263157894736842,0.03022203947368421,0.0,0.0,0.0,3.0,6.0
iconclass-ai:bsb00029232_112.jpg,1713,1,0.5543484271433423,0.0023094688221709007,0.0023094688221709007,0.0,0.0,0.0,1.5,3.5
iconclass-ai:bsb00029232_230.jpg,1713,0,0.9449770584254799,,,,,,1.0,4.0
iconclass-ai:bsb00029232_320.jpg,1713,0,0.645929326783656,,,,,,1.0,2.0
iconclass-ai:bsb00029232_359.jpg,1713,1,0.6851945105004299,0.09090909090909091,0.09090909090909091,0.0,0.0,0.0,1.0,2.0
iconclass-ai:bsb00029232_404.jpg,1713,0,0.60281254493842,,,,,,1.0,6.0
iconclass-ai:bsb00029232_414.jpg,1713,0,0.8899541168509598,,,,,,1.0,4.0
iconclass-ai:bsb00029232_434.jpg,1713,1,0.7136235380762753,0.14285714285714285,0.14285714285714285,0.0,0.0,1.0,1.5,5.0
iconclass-ai:bsb00029232_439.jpg,1713,2,0.5618951380648859,0.005076142131979695,0.004393358635563132,0.0,0.0,0.0,2.5,5.5
iconclass-ai:bsb00029232_449.jpg,1713,4,0.75855843259979,0.3333333333333333,0.16864366043442122,0.0,0.25,0.5,3.5,4.5
iconclass-ai:bsb00029232_470.jpg,1713,4,0.5985179094462683,0.125,0.08877475181823008,0.0,0.0,0.5,3.0,4.5
iconclass-ai:bsb00029232_503.jpg,1713,11,0.6851707301170328,0.018867924528301886,0.02384158576420222,0.0,0.0,0.0,6.5,3.5
iconclass-ai:bsb00029232_51.jpg,1713,0,0.968189605900524,,,,,,1.0,4.0
iconclass-ai:bsb00029232_68.jpg,1713,4,0.6502515654744638,0.5,0.1894819887228499,0.0,0.25,0.5,3.0,5.5
iconclass-ai:bsb00029471_5.jpg,1713,2,0.22706398095410615,0.05555555555555555,0.04292929292929293,0.0,0.0,0.0,2.0,4.0
iconclass-ai:bsb00029502_133.jpg,1713,0,0.5921662976494867,,,,,,1.0,4.0
iconclass-ai:bsb00029502_135.jpg,1713,0,0.43407671106904266,,,,,,1.0,6.0
iconclass-ai:bsb00029502_138.jpg,1713,1,0.3039114049486731,0.00390625,0.00390625,0.0,0.0,0.0,2.0,5.0
iconclass-ai:bsb00029502_146.jpg,1713,2,0.22720005629493847,0.005813953488372093,0.006753130590339893,0.0,0.0,0.0,3.0,5.0
iconclass-ai:bsb00029502_166.jpg,1713,0,0.6264440968317823,,,,,,1.0,5.0
iconclass-ai:bsb00029502_168.jpg,1713,0,0.5897328124155351,,,,,,1.0,4.0
iconclass-ai:bsb00029502_170.jpg,1713,0,0.5369041288904649,,,,,,1.0,4.0
iconclass-ai:bsb00029502_174.jpg,1713,1,0.27913149174978186,0.0026455026455026454,0.0026455026455026454,0.0,0.0,0.0,2.0,5.0
iconclass-ai:bsb00029502_180.jpg,1713,0,0.6474128524532411,,,,,,1.0,0.0
iconclass-ai:bsb00029502_191.jpg,1713,0,0.6008609080668652,,,,,,1.0,4.0
iconclass-ai:bsb00029502_4.jpg,1713,1,0.0,0.0006142506142506142,0.0006142506142506142,0.0,0.0,0.0,1.5,4.0
iconclass-ai:bsb00029709_117.jpg,1713,5,0.12182403896288438,0.02631578947368421,0.03631432068543452,0.0,0.0,0.0,6.0,3.0
iconclass-ai:bsb00029709_135.jpg,1713,5,0.08478705889961355,0.07142857142857142,0.06771047134683499,0.0,0.0,0.0,6.0,3.0
iconclass-ai:bsb00029709_4.jpg,1713,2,0.1949463927307117,0.0048543689320388345,0.0069726390114739625,0.0,0.0,0.0,2.0,4.0
iconclass-ai:bsb00029709_81.jpg,1713,5,0.11770251022017911,0.058823529411764705,0.052331192324531296,0.0,0.0,0.0,6.0,3.0
iconclass-ai:bsb00030084_100.jpg,1713,15,0.15342675929121452,0.2,0.02971952411443197,0.0,0.06666666666666667,0.06666666666666667,8.5,4.0
iconclass-ai:bsb00030084_107.jpg,1713,0,0.021397527195089094,,,,,,1.0,4.0
iconclass-ai:bsb00030084_126.jpg,1713,15,0.12430539402761484,0.08333333333333333,0.029720460028798135,0.0,0.0,0.0,8.5,4.5
iconclass-ai:bsb00030084_53.jpg,1713,15,0.0718303649078358,0.08333333333333333,0.02745464584215672,0.0,0.0,0.0,8.5,5.0
iconclass-ai:bsb00030084_86.jpg,1713,38,0.1921798169962469,0.3333333333333333,0.0417881144208479,0.0,0.02631578947368421,0.02631578947368421,14.0,4.0
iconclass-ai:bsb00031043_294.jpg,1713,5,0.07035080298804448,0.037037037037037035,0.03327522299586436,0.0,0.0,0.0,6.0,2.0
iconclass-ai:bsb00031043_406.jpg,1713,5,0.032538165434093276,0.041666666666666664,0.03891928004141744,0.0,0.0,0.0,6.0,2.0
iconclass-ai:bsb00031043_630.jpg,1713,5,0.19205566638334062,0.125,0.06168645640074211,0.0,0.0,0.2,6.0,2.0
iconclass-ai:bsb00031043_742.jpg,1713,5,0.2303763919700003,0.5,0.13033650863572127,0.0,0.2,0.2,6.0,2.0
iconclass-ai:bsb00031043_826.jpg,1713,5,0.037493703743659144,0.0196078431372549,0.022958526724951345,0.0,0.0,0.0,6.0,2.0
iconclass-ai:bsb00031044_21.jpg,1713,53,0.11879805724984026,0.058823529411764705,0.02552125403897526,0.0,0.0,0.0,27.5,4.0
iconclass-ai:bsb00031044_414.jpg,1713,5,0.027280385315783306,0.011627906976744186,0.01745320727685375,0.0,0.0,0.0,6.0,2.0
iconclass-ai:bsb00031296_100.jpg,1713,53,1.0,1.0,0.4831234417704056,0.018867924528301886,0.09433962264150944,0.18867924528301888,54.0,4.0
iconclass-ai:bsb00031296_102.jpg,1713,53,1.0,1.0,0.4842307401877163,0.018867924528301886,0.09433962264150944,0.18867924528301888,54.0,4.0
iconclass-ai:bsb00031296_105.jpg,1713,53,1.0,1.0,0.48436493077864223,0.018867924528301886,0.09433962264150944,0.18867924528301888,54.0,4.0
iconclass-ai:bsb00031296_106.jpg,1713,53,1.0,1.0,0.4853252990990915,0.018867924528301886,0.09433962264150944,0.18867924528301888,54.0,4.0
iconclass-ai:bsb00031296_107.jpg,1713,53,1.0,1.0,0.4835050269965261,0.018867924528301886,0.09433962264150944,0.18867924528301888,54.0,4.0
iconclass-ai:bsb00031296_110.jpg,1713,53,1.0,1.0,0.4849886302132767,0.018867924528301886,0.09433962264150944,0.18867924528301888,54.0,4.0
iconclass-ai:bsb00031296_111.jpg,1713,53,1.0,1.0,0.4840332658866603,0.018867924528301886,0.09433962264150944,0.18867924528301888,54.0,4.0
iconclass-ai:bsb00031296_114.jpg,1713,53,1.0,1.0,0.4841767824991773,0.018867924528301886,0.09433962264150944,0.18867924528301888,54.0,4.0
iconclass-ai:bsb00031296_119.jpg,1713,53,1.0,1.0,0.4854910247362038,0.018867924528301886,0.09433962264150944,0.18867924528301888,54.0,4.0
iconclass-ai:bsb00031296_124.jpg,1713,53,1.0,1.0,0.48421811659366504,0.018867924528301886,0.09433962264150944,0.18867924528301888,54.0,4.0
iconclass-ai:bsb00031296_129.jpg,1713,53,1.0,1.0,0.484771493627254,0.018867924528301886,0.09433962264150944,0.18867924528301888,54.0,4.0
iconclass-ai:bsb00031296_17.jpg,1713,53,1.0,1.0,0.4854214677970727,0.018867924528301886,0.09433962264150944,0.18867924528301888,54.0,4.0
iconclass-ai:bsb00031296_37.jpg,1713,53,1.0,1.0,0.4854450208204558,0.018867924528301886,0.09433962264150944,0.18867924528301888,30.5,3.5
iconclass-ai:bsb00031296_40.jpg,1713,53,1.0,1.0,0.4854450208204558,0.018867924528301886,0.09433962264150944,0.18867924528301888,54.0,4.0
iconclass-ai:bsb00031296_49.jpg,1713,53,1.0,1.0,0.4854426056727542,0.018867924528301886,0.09433962264150944,0.18867924528301888,54.0,4.0
iconclass-ai:bsb00031296_62.jpg,1713,53,1.0,1.0,0.4847329556008993,0.018867924528301886,0.09433962264150944,0.18867924528301888,54.0,4.0
iconclass-ai:bsb00031296_65.jpg,1713,53,1.0,1.0,0.4842185256950364,0.018867924528301886,0.09433962264150944,0.18867924528301888,54.0,4.0
iconclass-ai:bsb00031296_71.jpg,1713,53,1.0,1.0,0.48354462983661545,0.018867924528301886,0.09433962264150944,0.18867924528301888,54.0,4.0
iconclass-ai:bsb00031296_73.jpg,1713,53,1.0,1.0,0.48376116032596245,0.018867924528301886,0.09433962264150944,0.18867924528301888,54.0,4.0
iconclass-ai:bsb00031296_78.jpg,1713,53,1.0,1.0,0.4830845159019416,0.018867924528301886,0.09433962264150944,0.18867924528301888,54.0,4.0
iconclass-ai:bsb00031296_80.jpg,1713,53,1.0,1.0,0.4835450389379868,0.018867924528301886,0.09433962264150944,0.18867924528301888,54.0,4.0
iconclass-ai:bsb00031296_87.jpg,1713,53,1.0,1.0,0.4835450389379868,0.018867924528301886,0.09433962264150944,0.18867924528301888,54.0,4.0
iconclass-ai:bsb00031296_88.jpg,1713,53,1.0,1.0,0.48368063323859906,0.018867924528301886,0.09433962264150944,0.18867924528301888,54.0,4.0
iconclass-ai:bsb00031296_91.jpg,1713,53,1.0,1.0,0.4829310595473434,0.018867924528301886,0.09433962264150944,0.18867924528301888,54.0,4.0
iconclass-ai:bsb00031296_98.jpg,1713,53,1.0,1.0,0.48342163203689775,0.018867924528301886,0.09433962264150944,0.18867924528301888,54.0,4.0
iconclass-ai:bsb00031335_106.jpg,1713,53,1.0,1.0,0.41593444860864387,0.018867924528301886,0.09433962264150944,0.18867924528301888,54.0,4.0
iconclass-ai:bsb00031335_109.jpg,1713,53,1.0,1.0,0.41618445485037825,0.018867924528301886,0.09433962264150944,0.18867924528301888,54.0,4.0
iconclass-ai:bsb00031335_111.jpg,1713,53,1.0,1.0,0.41623415673003267,0.018867924528301886,0.09433962264150944,0.18867924528301888,30.5,3.5
iconclass-ai:bsb00031335_113.jpg,1713,53,1.0,1.0,0.416288905359298,0.018867924528301886,0.09433962264150944,0.18867924528301888,30.5,3.5
iconclass-ai:bsb00031335_120.jpg,1713,53,1.0,1.0,0.41621805762928554,0.018867924528301886,0.09433962264150944,0.18867924528301888,30.5,3.5
iconclass-ai:bsb00031335_131.jpg,1713,53,1.0,1.0,0.4163265467640313,0.018867924528301886,0.09433962264150944,0.18867924528301888,54.0,4.0
iconclass-ai:bsb00031335_139.jpg,1713,53,1.0,1.0,0.4160362053541942,0.018867924528301886,0.09433962264150944,0.18867924528301888,54.0,4.0
iconclass-ai:bsb00031335_141.jpg,1713,53,1.0,1.0,0.416255648939295,0.018867924528301886,0.09433962264150944,0.18867924528301888,54.0,4.0
iconclass-ai:bsb00031335_144.jpg,1713,53,1.0,1.0,0.41618974239105005,0.018867924528301886,0.09433962264150944,0.18867924528301888,30.5,3.5
iconclass-ai:bsb00031335_146.jpg,1713,53,1.0,1.0,0.41613319197269416,0.018867924528301886,0.09433962264150944,0.18867924528301888,54.0,4.0
iconclass-ai:bsb00031335_147.jpg,1713,53,1.0,1.0,0.41593876570462096,0.018867924528301886,0.09433962264150944,0.18867924528301888,54.0,4.0
iconclass-ai:bsb00031335_26.jpg,1713,53,1.0,1.0,0.4159266177592758,0.018867924528301886,0.09433962264150944,0.18867924528301888,27.5,4.0
iconclass-ai:bsb00031335_31.jpg,1713,53,1.0,1.0,0.4161488669350685,0.018867924528301886,0.09433962264150944,0.18867924528301888,54.0,4.0
iconclass-ai:bsb00031335_55.jpg,1713,53,1.0,1.0,0.41617767258205635,0.018867924528301886,0.09433962264150944,0.18867924528301888,54.0,4.0
iconclass-ai:bsb00031335_56.jpg,1713,53,1.0,1.0,0.4161772301882906,0.018867924528301886,0.09433962264150944,0.18867924528301888,54.0,4.0
iconclass-ai:bsb00031335_67.jpg,1713,53,1.0,1.0,0.4161913630126167,0.018867924528301886,0.09433962264150944,0.18867924528301888,30.5,3.5
iconclass-ai:bsb00031335_73.jpg,1713,53,1.0,1.0,0.4161772301882906,0.018867924528301886,0.09433962264150944,0.18867924528301888,54.0,4.0
iconclass-ai:bsb00031335_74.jpg,1713,53,1.0,1.0,0.4161112254854184,0.018867924528301886,0.09433962264150944,0.18867924528301888,54.0,4.0
iconclass-ai:bsb00031335_82.jpg,1713,53,1.0,1.0,0.41609022782585464,0.018867924528301886,0.09433962264150944,0.18867924528301888,30.5,3.5
iconclass-ai:bsb00031335_84.jpg,1713,53,1.0,1.0,0.4159423378986024,0.018867924528301886,0.09433962264150944,0.18867924528301888,54.0,4.0
iconclass-ai:bsb00031335_90.jpg,1713,53,1.0,1.0,0.41617369966011036,0.018867924528301886,0.09433962264150944,0.18867924528301888,54.0,4.0
iconclass-ai:bsb00031335_99.jpg,1713,53,1.0,1.0,0.41618445485037825,0.018867924528301886,0.09433962264150944,0.18867924528301888,54.0,4.0
iconclass-ai:bsb00031698_133.jpg,1713,0,0.3096970547409385,,,,,,1.0,5.0
iconclass-ai:bsb00031698_152.jpg,1713,12,0.03548706898990838,0.034482758620689655,0.019870782020034918,0.0,0.0,0.0,7.0,4.5
iconclass-ai:bsb00031698_167.jpg,1713,0,0.32947943137993646,,,,,,1.0,4.0
iconclass-ai:bsb00031698_187.jpg,1713,0,0.2478282134293702,,,,,,1.0,4.0
iconclass-ai:bsb00031698_202.jpg,1713,0,0.20064644891784666,,,,,,1.0,5.0
iconclass-ai:bsb00031698_206.jpg,1713,0,0.5040227938938229,,,,,,1.0,5.0
iconclass-ai:bsb00031698_207.jpg,1713,0,0.45645668745859813,,,,,,1.0,7.0
iconclass-ai:bsb00031698_208.jpg,1713,0,0.661583752462377,,,,,,1.0,6.0
iconclass-ai:bsb00031698_209.jpg,1713,0,0.38301102674369764,,,,,,1.0,3.0
iconclass-ai:bsb00031698_210.jpg,1713,0,0.35364650826663346,,,,,,1.0,6.0
iconclass-ai:bsb00031698_214.jpg,1713,0,0.3204288398743012,,,,,,1.0,5.0
iconclass-ai:bsb00031698_219.jpg,1713,0,0.182052546980108,,,,,,1.0,8.0
iconclass-ai:bsb00031698_222.jpg,1713,0,0.45751575321789417,,,,,,1.0,6.0
iconclass-ai:bsb00031698_243.jpg,1713,0,0.2850791436396929,,,,,,1.0,4.0
iconclass-ai:bsb00031698_259.jpg,1713,0,0.35774471146532416,,,,,,1.0,5.0
iconclass-ai:bsb00031698_278.jpg,1713,0,0.5623993116165721,,,,,,1.0,6.0
iconclass-ai:bsb00031698_292.jpg,1713,0,0.24210650295053537,,,,,,1.0,4.0
iconclass-ai:bsb00031698_313.jpg,1713,3,0.13391391556437546,0.011627906976744186,0.006954447998114598,0.0,0.0,0.0,1.0,5.0
iconclass-ai:bsb00031698_314.jpg,1713,2,0.027790302229127806,0.0008547008547008547,0.0012524329356012524,0.0,0.0,0.0,2.0,5.5
iconclass-ai:bsb00031698_315.jpg,1713,0,0.14864418776775895,,,,,,1.0,6.0
iconclass-ai:bsb00031698_323.jpg,1713,1,0.09325660497314914,0.0034482758620689655,0.0034482758620689655,0.0,0.0,0.0,2.0,5.0
iconclass-ai:bsb00031698_326.jpg,1713,4,0.10240380071019328,0.002178649237472767,0.003891750560193322,0.0,0.0,0.0,3.0,6.0
iconclass-ai:bsb00031698_336.jpg,1713,0,0.2688405689953161,,,,,,1.0,6.0
iconclass-ai:bsb00031698_337.jpg,1713,0,0.3783767456219704,,,,,,1.0,7.0
iconclass-ai:bsb00031698_341.jpg,1713,7,0.05639117424086325,0.047619047619047616,0.03348341161742473,0.0,0.0,0.0,5.0,3.0
iconclass-ai:bsb00031698_342.jpg,1713,7,0.02428894893537013,0.09090909090909091,0.06416943700466107,0.0,0.0,0.0,5.0,3.0
iconclass-ai:bsb00031698_343.jpg,1713,7,0.12412374880852665,0.14285714285714285,0.06816520165969217,0.0,0.0,0.14285714285714285,4.5,3.5
iconclass-ai:bsb00031698_345.jpg,1713,3,0.1631120991384181,0.125,0.14073426573426573,0.0,0.0,0.3333333333333333,2.5,4.0
iconclass-ai:bsb00031698_346.jpg,1713,16,0.00991874599096818,0.05555555555555555,0.027960378385870496,0.0,0.0,0.0,9.5,4.0
iconclass-ai:bsb00031698_347.jpg,1713,16,0.09506186363258916,0.2,0.03829451610464064,0.0,0.0625,0.0625,9.5,4.0
iconclass-ai:bsb00031698_37.jpg,1713,0,0.2984267834570992,,,,,,1.0,5.0
iconclass-ai:bsb00031698_370.jpg,1713,17,0.09114619369703518,0.00546448087431694,0.009533601378227535,0.0,0.0,0.0,9.5,6.0
iconclass-ai:bsb00031698_40.jpg,1713,0,0.3144559602599406,,,,,,1.0,6.0
iconclass-ai:bsb00031698_41.jpg,1713,0,0.5910682359701602,,,,,,1.0,7.0
iconclass-ai:bsb00031698_459.jpg,1713,2,0.13115569137462232,0.017543859649122806,0.013216374269005848,0.0,0.0,0.0,2.0,6.0
iconclass-ai:bsb00031698_46.jpg,1713,5,0.010653449342598964,0.0019880715705765406,0.003446724459218129,0.0,0.0,0.0,3.5,5.5
iconclass-ai:bsb00031698_460.jpg,1713,3,0.15393528767832212,0.014285714285714285,0.013314992262360681,0.0,0.0,0.0,4.0,5.0
iconclass-ai:bsb00031698_462.jpg,1713,0,0.3495545377701523,,,,,,1.0,5.0
iconclass-ai:bsb00031698_472.jpg,1713,0,0.33389393725043354,,,,,,1.0,4.5
iconclass-ai:bsb00031698_57.jpg,1713,1,0.24691580142766423,0.004291845493562232,0.004291845493562232,0.0,0.0,0.0,2.0,3.0
iconclass-ai:bsb00031698_79.jpg,1713,1,0.0,0.022222222222222223,0.022222222222222223,0.0,0.0,0.0,2.0,5.0
iconclass-ai:bsb00031698_88.jpg,1713,1,0.2167889300991375,0.002188183807439825,0.002188183807439825,0.0,0.0,0.0,2.0,5.0
iconclass-ai:bsb00031698_98.jpg,1713,0,0.24408648116758544,,,,,,1.0,3.0
iconclass-ai:bsb00032021_20.jpg,1713,5,0.13964485760821044,0.010752688172043012,0.01770294994037541,0.0,0.0,0.0,6.0,3.0
iconclass-ai:bsb00032021_24.jpg,1713,5,0.28763608476675173,0.14285714285714285,0.11320959742012374,0.0,0.0,0.4,6.0,3.0
iconclass-ai:bsb00032021_25.jpg,1713,5,0.06894365106437239,0.02702702702702703,0.034024063435828145,0.0,0.0,0.0,6.0,3.0
iconclass-ai:bsb00032367_64.jpg,1713,3,0.17990617146866314,0.02040816326530612,0.012629020392995549,0.0,0.0,0.0,2.0,4.0
iconclass-ai:bsb00032367_7.jpg,1713,8,0.12606303295699323,0.0021141649048625794,0.004909092146456773,0.0,0.0,0.0,5.0,4.0
iconclass-ai:bsb00032393_155.jpg,1713,10,0.08310427453378944,0.02,0.006923452862089808,0.0,0.0,0.0,2.0,6.0
iconclass-ai:bsb00032393_355.jpg,1713,7,0.07106246942312187,0.0009606147934678194,0.0033669771372230885,0.0,0.0,0.0,1.0,2.0
iconclass-ai:bsb00032951_6.jpg,1713,1,0.07336689660520827,0.0033783783783783786,0.0033783783783783786,0.0,0.0,0.0,1.0,2.0
iconclass-ai:bsb00033562_26.jpg,1713,0,0.437826127886012,,,,,,1.0,5.0
iconclass-ai:bsb00035255_101.jpg,1713,31,0.6142353566906811,0.5,0.4291912176610171,0.0,0.12903225806451613,0.1935483870967742,16.5,6.0
iconclass-ai:bsb00035255_105.jpg,1713,12,0.3056126353962679,0.5,0.13607067448213303,0.0,0.16666666666666666,0.16666666666666666,7.0,4.5
iconclass-ai:bsb00035255_114.jpg,1713,27,0.6473044599963401,0.3333333333333333,0.5175402906479704,0.0,0.1111111111111111,0.25925925925925924,15.0,4.5
iconclass-ai:bsb00035255_116.jpg,1713,27,0.5829068868662369,0.5,0.5061951580926687,0.0,0.1111111111111111,0.2222222222222222,14.5,6.0
iconclass-ai:bsb00035255_126.jpg,1713,43,1.0,1.0,0.471609137920396,0.023255813953488372,0.11627906976744186,0.23255813953488372,15.0,5.0
iconclass-ai:bsb00035255_129.jpg,1713,35,1.0,1.0,0.5334931409673723,0.02857142857142857,0.14285714285714285,0.2857142857142857,18.5,6.0
iconclass-ai:bsb00035255_13.jpg,1713,11,0.37311049259408435,1.0,0.1949773780830365,0.09090909090909091,0.18181818181818182,0.18181818181818182,6.5,5.5
iconclass-ai:bsb00035255_139.jpg,1713,28,1.0,1.0,0.6551644562633215,0.03571428571428571,0.17857142857142858,0.35714285714285715,15.0,5.5
iconclass-ai:bsb00035255_147.jpg,1713,27,0.7386039561589633,1.0,0.5462944563631538,0.037037037037037035,0.1111111111111111,0.25925925925925924,28.0,7.0
iconclass-ai:bsb00035255_160.jpg,1713,27,0.7726582676899147,1.0,0.5663594872715582,0.037037037037037035,0.1111111111111111,0.25925925925925924,14.5,6.5
iconclass-ai:bsb00035255_167.jpg,1713,27,1.0,1.0,0.677962935211815,0.037037037037037035,0.18518518518518517,0.37037037037037035,14.5,5.5
iconclass-ai:bsb00035255_181.jpg,1713,8,0.27007241129403387,0.14285714285714285,0.021964302203192676,0.0,0.0,0.125,2.0,4.0
iconclass-ai:bsb00035255_186.jpg,1713,33,0.730183446121196,1.0,0.46235220408957367,0.030303030303030304,0.09090909090909091,0.18181818181818182,18.0,6.0
iconclass-ai:bsb00035255_19.jpg,1713,12,0.14465615691251374,0.058823529411764705,0.05659756070452501,0.0,0.0,0.0,2.0,5.0
iconclass-ai:bsb00035255_191.jpg,1713,27,0.6616134095118699,1.0,0.5448510769118675,0.037037037037037035,0.14814814814814814,0.18518518518518517,28.0,7.0
iconclass-ai:bsb00035255_193.jpg,1713,11,0.15741205627713253,0.125,0.0768673347667377,0.0,0.0,0.09090909090909091,6.5,5.0
iconclass-ai:bsb00035255_23.jpg,1713,0,0.15459412341947584,,,,,,1.0,5.0
iconclass-ai:bsb00035255_27.jpg,1713,29,0.6534105305724532,1.0,0.4500820344611999,0.034482758620689655,0.10344827586206896,0.20689655172413793,15.5,5.0
iconclass-ai:bsb00035255_28.jpg,1713,34,0.8192416183774962,1.0,0.5046794439301411,0.029411764705882353,0.08823529411764706,0.23529411764705882,8.0,4.0
iconclass-ai:bsb00035255_30.jpg,1713,2,0.16766717526979494,0.07142857142857142,0.03639041823626002,0.0,0.0,0.0,3.0,2.0
iconclass-ai:bsb00035255_50.jpg,1713,33,1.0,1.0,0.6899704999676632,0.030303030303030304,0.15151515151515152,0.30303030303030304,20.0,6.0
iconclass-ai:bsb00035255_62.jpg,1713,32,1.0,1.0,0.5824840146611312,0.03125,0.15625,0.3125,17.0,6.5
iconclass-ai:bsb00035255_67.jpg,1713,30,0.6713155235011183,1.0,0.4819177309055711,0.03333333333333333,0.1,0.2,17.0,5.5
iconclass-ai:bsb00035255_71.jpg,1713,30,0.9434481882675984,1.0,0.5955541583586241,0.03333333333333333,0.16666666666666666,0.3,17.0,5.5
iconclass-ai:bsb00035255_79.jpg,1713,27,0.6950549722025033,0.5,0.533339274169242,0.0,0.1111111111111111,0.25925925925925924,14.5,6.0
iconclass-ai:bsb00035255_94.jpg,1713,28,0.8003205978805431,1.0,0.5667529184637915,0.03571428571428571,0.14285714285714285,0.25,15.0,6.5
iconclass-ai:bsb00035255_99.jpg,1713,33,0.5867479403043978,0.5,0.4192102216708341,0.0,0.06060606060606061,0.18181818181818182,18.0,6.0
iconclass-ai:bsb00041184_238.jpg,1713,2,0.039720847091781114,0.003676470588235294,0.0024593533065400074,0.0,0.0,0.0,3.0,5.0
iconclass-ai:bsb00041184_33.jpg,1713,4,0.008930619289364573,0.004081632653061225,0.009078893270384573,0.0,0.0,0.0,5.0,5.0
iconclass-ai:bsb00041184_47.jpg,1713,15,0.025665737747590744,0.00819672131147541,0.008357170090762579,0.0,0.0,0.0,8.5,6.0
iconclass-ai:bsb00041184_57.jpg,1713,4,0.07191657084451603,0.004878048780487805,0.009183514955016292,0.0,0.0,0.0,5.0,5.0
iconclass-ai:bsb00041184_88.jpg,1713,0,0.05731690962106872,,,,,,1.0,6.0
iconclass-ai:bsb00045025_4.jpg,1713,5,0.045728233664259786,0.010638297872340425,0.005511881333655486,0.0,0.0,0.0,3.5,4.0
iconclass-ai:bsb00070432_48.jpg,1713,5,0.021053396931526486,0.013513513513513514,0.010633837350596555,0.0,0.0,0.0,2.0,5.0
iconclass-ai:embepu_c1627_pic006.jpg,1713,128,1.0,1.0,0.10811168666187075,0.0078125,0.0234375,0.0390625,4.5,3.5
iconclass-ai:embepu_c1627_pic011.jpg,1713,48,1.0,0.004273504273504274,0.02885006044473597,0.0,0.0,0.0,4.0,5.0
iconclass-ai:embepu_c1627_pic017.jpg,1713,98,1.0,0.3333333333333333,0.07572277358733481,0.0,0.02040816326530612,0.030612244897959183,3.0,5.0
iconclass-ai:embepu_c1627_pic018.jpg,1713,19,1.0,0.011627906976744186,0.013795133448735876,0.0,0.0,0.0,3.0,4.0
iconclass-ai:embepu_c1627_pic020.jpg,1713,83,1.0,0.125,0.06739668961462067,0.0,0.0,0.012048192771084338,4.0,5.0
iconclass-ai:embepu_c1627_pic023.jpg,1713,33,1.0,1.0,0.07730797189075404,0.030303030303030304,0.06060606060606061,0.09090909090909091,1.0,5.0
iconclass-ai:embepu_c1627_pic028.jpg,1713,81,1.0,0.5,0.08832079531912547,0.0,0.037037037037037035,0.04938271604938271,1.5,5.0
iconclass-ai:embepu_c1627_pic030.jpg,1713,15,1.0,0.5,0.08800257910222989,0.0,0.06666666666666667,0.2,1.0,5.5
iconclass-ai:embepu_c1627_pic035.jpg,1713,39,1.0,0.04,0.025264717528648836,0.0,0.0,0.0,3.5,5.5
iconclass-ai:embepu_c1627_pic037.jpg,1713,97,1.0,0.5,0.07013282080174468,0.0,0.020618556701030927,0.020618556701030927,3.0,4.0
iconclass-ai:embepu_c1627_pic051.jpg,1713,5,1.0,0.1111111111111111,0.026952729661628826,0.0,0.0,0.2,1.0,4.0
iconclass-ai:embepu_su1724_pic10002.jpg,1713,59,1.0,1.0,0.37743816413192605,0.01694915254237288,0.0847457627118644,0.1694915254237288,3.0,4.0
iconclass-ai:embepu_su1724_pic10005.jpg,1713,63,1.0,1.0,0.3732686796795591,0.015873015873015872,0.07936507936507936,0.15873015873015872,2.5,4.0
iconclass-ai:embepu_su1724_pic10012.jpg,1713,95,1.0,1.0,0.2991311383313395,0.010526315789473684,0.05263157894736842,0.10526315789473684,4.0,4.0
iconclass-ai:embepu_su1724_pic10013.jpg,1713,69,1.0,1.0,0.3407239986171586,0.014492753623188406,0.07246376811594203,0.14492753623188406,3.0,4.0
iconclass-ai:embepu_su1724_pic10032.jpg,1713,78,1.0,1.0,0.2908014188932441,0.01282051282051282,0.0641025641025641,0.1282051282051282,4.5,4.0
iconclass-ai:embepu_su1724_pic10033.jpg,1713,80,1.0,1.0,0.308223988017606,0.0125,0.0625,0.125,7.0,4.0
iconclass-ai:embepu_su1724_pic10036.jpg,1713,61,1.0,1.0,0.3687010414617611,0.01639344262295082,0.08196721311475409,0.16393442622950818,3.0,3.0
iconclass-ai:embepu_su1724_pic10039.jpg,1713,91,1.0,1.0,0.30897458520963506,0.01098901098901099,0.054945054945054944,0.10989010989010989,7.0,4.0
iconclass-ai:embepu_su1724_pic10043.jpg,1713,68,1.0,1.0,0.3390184394277077,0.014705882352941176,0.07352941176470588,0.14705882352941177,3.5,4.0
iconclass-ai:embepu_su1724_pic20001.jpg,1713,95,1.0,1.0,0.3442576396281568,0.010526315789473684,0.05263157894736842,0.10526315789473684,9.5,3.5
iconclass-ai:embepu_su1724_pic20003.jpg,1713,55,1.0,1.0,0.5171616945387606,0.01818181818181818,0.09090909090909091,0.18181818181818182,7.5,4.0
iconclass-ai:embepu_su1724_pic20006.jpg,1713,92,1.0,1.0,0.36579128062737426,0.010869565217391304,0.05434782608695652,0.10869565217391304,12.0,4.0
iconclass-ai:embepu_su1724_pic20011.jpg,1713,53,1.0,1.0,0.547154924586812,0.018867924528301886,0.09433962264150944,0.18867924528301888,2.5,4.0
iconclass-ai:embepu_su1724_pic20027.jpg,1713,115,1.0,1.0,0.3341891722051518,0.008695652173913044,0.043478260869565216,0.08695652173913043,5.5,4.0
iconclass-ai:embepu_su1724_pic20029.jpg,1713,94,1.0,1.0,0.3731220962201132,0.010638297872340425,0.05319148936170213,0.10638297872340426,9.0,4.0
iconclass-ai:embepu_su1724_pic20030.jpg,1713,104,1.0,1.0,0.3379623201571381,0.009615384615384616,0.04807692307692308,0.09615384615384616,10.0,4.0
iconclass-ai:embepu_su1724_pic20033.jpg,1713,83,1.0,1.0,0.38243033361034096,0.012048192771084338,0.060240963855421686,0.12048192771084337,8.5,4.0
iconclass-ai:embepu_su1724_pic20048.jpg,1713,111,1.0,1.0,0.3397252342771358,0.009009009009009009,0.04504504504504504,0.09009009009009009,10.5,4.0
iconclass-ai:embepu_su1724_pic20050.jpg,1713,60,1.0,1.0,0.47768512896592785,0.016666666666666666,0.08333333333333333,0.16666666666666666,3.0,4.0
iconclass-ai:embepu_su1724_pic20053.jpg,1713,65,1.0,1.0,0.46554859329852866,0.015384615384615385,0.07692307692307693,0.15384615384615385,2.0,4.0
iconclass-ai:embepu_su1724_pic20060.jpg,1713,107,1.0,1.0,0.3407126920706862,0.009345794392523364,0.04672897196261682,0.09345794392523364,9.0,4.0
iconclass-ai:embhab_206-2-poet-3s_pic047.jpg,1713,19,0.2236034681855094,0.017543859649122806,0.019969494733344584,0.0,0.0,0.0,2.0,4.0
iconclass-ai:embhab_21eth_pic089.jpg,1713,30,1.0,0.07692307692307693,0.025348744231872836,0.0,0.0,0.0,2.5,3.0
iconclass-ai:embhab_21eth_pic095.jpg,1713,101,1.0,0.25,0.08817843108737364,0.0,0.009900990099009901,0.019801980198019802,3.0,4.0
iconclass-ai:embhab_21eth_pic107.jpg,1713,13,1.0,0.014705882352941176,0.008267290083061917,0.0,0.0,0.0,1.0,5.0
iconclass-ai:embhab_21eth_pic131.jpg,1713,10,1.0,1.0,0.1138194278546852,0.1,0.1,0.1,2.0,4.0
iconclass-ai:embhab_21eth_pic155.jpg,1713,19,1.0,0.5,0.08794275534028456,0.0,0.10526315789473684,0.10526315789473684,3.0,4.0
iconclass-ai:embhab_21eth_pic167.jpg,1713,83,1.0,0.5,0.0952962664044385,0.0,0.03614457831325301,0.03614457831325301,4.0,5.0
iconclass-ai:embhab_21eth_pic173.jpg,1713,64,1.0,0.5,0.060969144287514286,0.0,0.015625,0.015625,2.0,5.0
iconclass-ai:embhab_21eth_pic209.jpg,1713,28,0.8532721558012798,0.023255813953488372,0.01694544565958957,0.0,0.0,0.0,1.0,4.0
iconclass-ai:embhab_21eth_pic239.jpg,1713,62,1.0,0.125,0.0644913362073949,0.0,0.0,0.016129032258064516,4.5,4.5
iconclass-ai:embhab_21eth_pic257.jpg,1713,39,0.9368077570869661,0.14285714285714285,0.05347868634350764,0.0,0.0,0.05128205128205128,3.5,5.5
iconclass-ai:embhab_21eth_pic269.jpg,1713,97,0.9074250374176303,0.125,0.09530757452986698,0.0,0.0,0.010309278350515464,3.0,4.0
iconclass-ai:embhab_21eth_pic323.jpg,1713,49,1.0,0.07692307692307693,0.038193566770310224,0.0,0.0,0.0,3.0,4.0
iconclass-ai:embhab_21eth_pic411.jpg,1713,77,1.0,0.5,0.07897850134450633,0.0,0.025974025974025976,0.03896103896103896,3.5,5.0
iconclass-ai:embhab_21eth_pic415.jpg,1713,12,1.0,0.1,0.01915041426982828,0.0,0.0,0.08333333333333333,1.0,4.0
iconclass-ai:embhab_21eth_pic427.jpg,1713,22,1.0,0.041666666666666664,0.018328069713504033,0.0,0.0,0.0,2.5,4.0
iconclass-ai:embhab_21eth_pic431.jpg,1713,68,0.9358065681630598,0.5,0.06695050952845133,0.0,0.029411764705882353,0.029411764705882353,1.0,5.0
iconclass-ai:embhab_21eth_pic435.jpg,1713,55,1.0,0.09090909090909091,0.04076863126290336,0.0,0.0,0.0,1.0,4.5
iconclass-ai:embhab_21eth_pic451.jpg,1713,68,1.0,0.0625,0.04883844081283859,0.0,0.0,0.0,1.5,3.5
iconclass-ai:embhab_21eth_pic459.jpg,1713,45,1.0,0.09090909090909091,0.06750612375893088,0.0,0.0,0.0,2.5,5.0
iconclass-ai:embhab_21eth_pic471.jpg,1713,68,1.0,0.16666666666666666,0.08339343984547776,0.0,0.0,0.029411764705882353,2.0,4.0
iconclass-ai:embhab_21eth_pic475.jpg,1713,76,1.0,0.16666666666666666,0.078927124012615,0.0,0.0,0.02631578947368421,3.5,4.0
iconclass-ai:embhab_21eth_pic481.jpg,1713,24,0.9510907186004266,0.05,0.0151057463094385,0.0,0.0,0.0,2.0,4.5
iconclass-ai:embhab_21eth_pic538.jpg,1713,46,0.5078720494847169,0.16666666666666666,0.0438987907092067,0.0,0.0,0.043478260869565216,2.0,6.0
iconclass-ai:embhab_21eth_pic592.jpg,1713,56,0.2996225570711221,0.3333333333333333,0.03877894666993524,0.0,0.017857142857142856,0.017857142857142856,1.0,6.0
iconclass-ai:embhab_2f-kapsel-1-19s_pic031.jpg,1713,48,0.16145180041228785,0.2,0.07281905168283474,0.0,0.020833333333333332,0.020833333333333332,1.0,3.0
iconclass-ai:embhab_2f-kapsel-1-19s_pic053.jpg,1713,8,0.1566445779843141,0.125,0.019871906606223892,0.0,0.0,0.125,2.0,4.0
iconclass-ai:embhab_41-2-geom-4s_pic069.jpg,1713,18,0.09600055733983445,0.029411764705882353,0.032977570716371474,0.0,0.0,0.0,2.0,4.0
iconclass-ai:embhab_41-2-geom-4s_pic141.jpg,1713,14,0.10337149989732444,0.02857142857142857,0.01793250879874131,0.0,0.0,0.0,2.0,4.0
iconclass-ai:embhab_41-2-geom-4s_pic151.jpg,1713,20,0.2238304724698006,0.3333333333333333,0.05507839027204694,0.0,0.05,0.05,2.0,4.5
iconclass-ai:embhab_gm-4f-19_pic03504.jpg,1713,8,1.0,0.1111111111111111,0.04963202964197576,0.0,0.0,0.125,1.0,3.0
iconclass-ai:embhab_gm-4f-19_pic04302.jpg,1713,23,1.0,0.1,0.03604205983003205,0.0,0.0,0.043478260869565216,2.5,4.0
iconclass-ai:embhab_gm-4f-19_pic06101.jpg,1713,20,1.0,1.0,0.1772639958927913,0.05,0.1,0.15,5.0,4.0
iconclass-ai:embhab_gm-4f-19_pic06102.jpg,1713,9,1.0,1.0,0.36198502598846666,0.1111111111111111,0.2222222222222222,0.4444444444444444,1.0,5.0
iconclass-ai:embhab_gm-4f-19_pic06109.jpg,1713,26,1.0,0.5,0.17183177251225407,0.0,0.07692307692307693,0.11538461538461539,3.0,5.0
iconclass-ai:embhab_gm-4f-19_pic06703.jpg,1713,12,1.0,0.2,0.08408109043309986,0.0,0.08333333333333333,0.25,1.0,3.0
iconclass-ai:embhab_gm-4f-19_pic06705.jpg,1713,15,1.0,0.5,0.17160285173682882,0.0,0.06666666666666667,0.2,2.0,3.0
iconclass-ai:embhab_gm-4f-19_pic07001.jpg,1713,8,1.0,0.2,0.11684937734902996,0.0,0.125,0.25,1.0,3.0
iconclass-ai:embhab_gm-4f-19_pic07003.jpg,1713,21,1.0,0.5,0.1496366940400176,0.0,0.09523809523809523,0.14285714285714285,3.0,3.0
iconclass-ai:embhab_gm-4f-19_pic07701.jpg,1713,25,1.0,0.5,0.1645581500128027,0.0,0.04,0.12,4.5,3.0
iconclass-ai:embhab_gm-4f-19_pic08702.jpg,1713,17,1.0,0.2,0.04054547895564092,0.0,0.058823529411764705,0.058823529411764705,2.0,5.5
iconclass-ai:embhab_gm-4f-19_pic09001.jpg,1713,6,1.0,0.004016064257028112,0.0029666642862440536,0.0,0.0,0.0,1.5,4.0
iconclass-ai:embhab_gm-4f-19_pic09002.jpg,1713,8,1.0,0.013157894736842105,0.009208199297038616,0.0,0.0,0.0,1.0,2.0
iconclass-ai:embhab_gm-4f-19_pic10503.jpg,1713,55,1.0,0.5,0.07983946197476323,0.0,0.01818181818181818,0.05454545454545454,2.0,3.0
iconclass-ai:embhab_gm-4f-19_pic11302.jpg,1713,72,1.0,0.125,0.04903963554736271,0.0,0.0,0.013888888888888888,7.5,3.0
iconclass-ai:embhab_gm-4f-19_pic11304.jpg,1713,25,1.0,0.06666666666666667,0.02634819572084017,0.0,0.0,0.0,1.0,3.0
iconclass-ai:embhab_gm-4f-19_pic11601.jpg,1713,12,1.0,0.25,0.09535063770947509,0.0,0.08333333333333333,0.16666666666666666,2.5,5.0
iconclass-ai:embhab_gm-4f-19_pic11602.jpg,1713,11,1.0,0.1111111111111111,0.027254061838467927,0.0,0.0,0.09090909090909091,2.0,4.0
iconclass-ai:embhab_gm-4f-19_pic11604.jpg,1713,59,1.0,0.3333333333333333,0.05366374137583888,0.0,0.03389830508474576,0.03389830508474576,4.0,3.5
iconclass-ai:embhab_gm-4f-19_pic12001.jpg,1713,49,1.0,1.0,0.12267429877396623,0.02040816326530612,0.04081632653061224,0.08163265306122448,2.5,3.0
iconclass-ai:embhab_gm-4f-19_pic14101.jpg,1713,21,1.0,1.0,0.2108640619930696,0.047619047619047616,0.14285714285714285,0.19047619047619047,4.0,4.0
iconclass-ai:embhab_gm-4f-19_pic14502.jpg,1713,27,1.0,0.016666666666666666,0.02097082005380509,0.0,0.0,0.0,1.0,6.0
iconclass-ai:embhab_gm-4f-19_pic14504.jpg,1713,16,1.0,1.0,0.2108956190857753,0.0625,0.125,0.1875,2.0,4.0
iconclass-ai:embhab_gm-4f-19_pic14505.jpg,1713,34,1.0,0.16666666666666666,0.05419328296369241,0.0,0.0,0.058823529411764705,2.0,4.0
iconclass-ai:embhab_gm-4f-19_pic14507.jpg,1713,27,1.0,0.5,0.08448976920636496,0.0,0.037037037037037035,0.14814814814814814,2.0,4.5
iconclass-ai:embhab_gm-4f-19_pic15301.jpg,1713,45,1.0,0.25,0.09667947629028534,0.0,0.022222222222222223,0.06666666666666667,5.0,3.0
iconclass-ai:embhab_li6643-2_pic017.jpg,1713,25,1.0,0.043478260869565216,0.01749290267597387,0.0,0.0,0.0,3.0,5.0
iconclass-ai:embhab_li6643-2_pic025.jpg,1713,72,1.0,0.14285714285714285,0.07594318238686006,0.0,0.0,0.041666666666666664,9.0,4.0
iconclass-ai:embhab_li6643-2_pic027.jpg,1713,8,1.0,0.02564102564102564,0.008866939726422184,0.0,0.0,0.0,1.0,5.0
iconclass-ai:embhab_li6643-2_pic051.jpg,1713,21,1.0,0.05,0.021712895430731072,0.0,0.0,0.0,3.0,5.0
iconclass-ai:embhab_li6643-2_pic059.jpg,1713,14,1.0,0.16666666666666666,0.031798163797283674,0.0,0.0,0.07142857142857142,2.0,4.0
iconclass-ai:embhab_li6643-2_pic061.jpg,1713,19,1.0,0.014492753623188406,0.022780559782926545,0.0,0.0,0.0,2.0,5.0
iconclass-ai:embhab_li6643-2_pic063.jpg,1713,43,1.0,0.08333333333333333,0.06483612574011059,0.0,0.0,0.0,4.5,3.0
iconclass-ai:embhab_li6643-2_pic067.jpg,1713,20,1.0,0.015151515151515152,0.013338303764780146,0.0,0.0,0.0,3.0,4.0
iconclass-ai:embhab_li6643-2_pic079.jpg,1713,75,1.0,0.2,0.05209265831463793,0.0,0.013333333333333334,0.02666666666666667,6.0,3.0
iconclass-ai:embhab_li6643-2_pic089.jpg,1713,26,1.0,0.3333333333333333,0.036906533475031186,0.0,0.038461538461538464,0.07692307692307693,1.0,3.0
iconclass-ai:embhab_li6643-2_pic095.jpg,1713,37,1.0,0.25,0.041046270778077126,0.0,0.02702702702702703,0.02702702702702703,4.5,4.0
iconclass-ai:embhab_li6643-2_pic103.jpg,1713,12,1.0,0.034482758620689655,0.009734702414132256,0.0,0.0,0.0,1.0,3.0
iconclass-ai:embhab_li6643-2_pic107.jpg,1713,20,1.0,0.16666666666666666,0.04515500504178417,0.0,0.0,0.1,3.0,3.0
iconclass-ai:embhab_li6643-2_pic117.jpg,1713,9,1.0,0.005714285714285714,0.00695989643892667,0.0,0.0,0.0,2.0,5.0
iconclass-ai:embhab_li6643-2_pic131.jpg,1713,6,1.0,0.25,0.08022030878527242,0.0,0.16666666666666666,0.16666666666666666,1.5,3.0
iconclass-ai:embhab_li6643-2_pic153.jpg,1713,2,1.0,0.14285714285714285,0.0757020757020757,0.0,0.0,0.5,1.0,4.0
iconclass-ai:embhab_li6643-2_pic157.jpg,1713,3,1.0,0.0012077294685990338,0.0020955636509883747,0.0,0.0,0.0,1.0,5.0
iconclass-ai:embhab_li6643-2_pic159.jpg,1713,2,1.0,0.0044444444444444444,0.0029832572298325723,0.0,0.0,0.0,1.0,3.0
iconclass-ai:embhab_li6643-2_pic165.jpg,1713,69,1.0,0.25,0.08504779632047833,0.0,0.028985507246376812,0.043478260869565216,1.5,5.0
iconclass-ai:embhab_li6643-2_pic167.jpg,1713,31,1.0,0.034482758620689655,0.03233915191929432,0.0,0.0,0.0,2.0,3.0
iconclass-ai:embhab_li6643-2_pic179.jpg,1713,44,1.0,0.1111111111111111,0.04152963019759055,0.0,0.0,0.022727272727272728,2.5,4.0
iconclass-ai:embhab_li6643-2_pic181.jpg,1713,23,1.0,0.125,0.040485360187262745,0.0,0.0,0.043478260869565216,1.0,4.0
iconclass-ai:embhab_li6643-2_pic187.jpg,1713,97,1.0,0.25,0.07244606028904703,0.0,0.010309278350515464,0.020618556701030927,9.5,3.0
iconclass-ai:embhab_li6643-2_pic201.jpg,1713,13,1.0,0.027777777777777776,0.010634546430413337,0.0,0.0,0.0,2.0,4.0
iconclass-ai:embhab_ma-732_pic026.jpg,1713,7,1.0,0.034482758620689655,0.019083478145149557,0.0,0.0,0.0,2.0,3.0
iconclass-ai:embhab_ma-732_pic028.jpg,1713,4,1.0,0.002364066193853428,0.004571709923034923,0.0,0.0,0.0,1.0,3.5
iconclass-ai:embhab_ma-732_pic036.jpg,1713,33,1.0,0.038461538461538464,0.10535704738914578,0.0,0.0,0.0,2.5,4.0
iconclass-ai:embhab_ma-732_pic038.jpg,1713,25,1.0,0.037037037037037035,0.17521878060725427,0.0,0.0,0.0,1.0,4.0
iconclass-ai:embhab_ma-732_pic054.jpg,1713,1,1.0,0.001589825119236884,0.001589825119236884,0.0,0.0,0.0,1.0,4.0
iconclass-ai:embhab_ma-732_pic066.jpg,1713,7,1.0,0.014925373134328358,0.007754056828045612,0.0,0.0,0.0,1.0,3.0
iconclass-ai:embhab_ma-732_pic070.jpg,1713,22,1.0,0.5,0.04359275843261635,0.0,0.045454545454545456,0.045454545454545456,2.0,5.0
iconclass-ai:embhab_ma-732_pic074.jpg,1713,1,1.0,0.0016366612111292963,0.0016366612111292963,0.0,0.0,0.0,1.0,4.0
iconclass-ai:embhab_ma-732_pic080.jpg,1713,13,1.0,0.16666666666666666,0.02599387181189813,0.0,0.0,0.07692307692307693,1.0,4.0
iconclass-ai:embhab_ma-732_pic090.jpg,1713,17,1.0,0.25,0.026547354798937474,0.0,0.058823529411764705,0.058823529411764705,2.5,4.5
iconclass-ai:embhab_ma-732_pic104.jpg,1713,10,1.0,0.0038461538461538464,0.004822951478898503,0.0,0.0,0.0,1.0,3.5
iconclass-ai:embhab_ma-732_pic108.jpg,1713,9,1.0,0.5,0.06345400328182435,0.0,0.1111111111111111,0.1111111111111111,2.0,4.0
iconclass-ai:embhab_ma-732_pic124.jpg,1713,77,1.0,0.05263157894736842,0.08243127851323749,0.0,0.0,0.0,1.0,4.0
iconclass-ai:embhab_ma-732_pic138.jpg,1713,4,1.0,0.004016064257028112,0.003099525902465866,0.0,0.0,0.0,2.0,4.0
iconclass-ai:embhab_ma-732_pic142.jpg,1713,38,1.0,0.017857142857142856,0.01895890475643731,0.0,0.0,0.0,2.0,4.0
iconclass-ai:embhab_p-522a-2f-helmst_pic009.jpg,1713,104,0.4138094400974668,0.0625,0.0783153814257084,0.0,0.0,0.0,2.0,4.0
iconclass-ai:embhab_p-522a-2f-helmst_pic035.jpg,1713,63,0.24547243146422987,0.5,0.06779299487517776,0.0,0.015873015873015872,0.015873015873015872,1.5,4.5
iconclass-ai:embhab_sf-231-1s_pic006.jpg,1713,46,0.33262364506969244,0.007518796992481203,0.028815126905289624,0.0,0.0,0.0,2.0,5.0
iconclass-ai:embhab_sf-231-1s_pic015.jpg,1713,16,0.40462387182425474,0.012345679012345678,0.008476018646876398,0.0,0.0,0.0,1.5,4.5
iconclass-ai:embhab_th-1402_pic029.jpg,1713,11,0.46122732273318967,0.0031545741324921135,0.008879475522310025,0.0,0.0,0.0,3.5,4.0
iconclass-ai:embhab_th-1402_pic040.jpg,1713,58,0.5050048527735953,0.009615384615384616,0.03056906798108723,0.0,0.0,0.0,6.5,4.0
iconclass-ai:embhab_th-1402_pic046.jpg,1713,8,0.44183430100347443,0.043478260869565216,0.0120072509699468,0.0,0.0,0.0,2.0,5.0
iconclass-ai:embhab_th-1402_pic052.jpg,1713,28,0.22662569933799628,0.0028089887640449437,0.014263687149779358,0.0,0.0,0.0,2.0,3.0
iconclass-ai:embhab_th-1402_pic082.jpg,1713,11,0.16740933850469883,0.015873015873015872,0.012823154849462594,0.0,0.0,0.0,4.0,5.0
iconclass-ai:embhab_th-1402_pic154.jpg,1713,29,0.264557635769597,0.010752688172043012,0.01558377841121248,0.0,0.0,0.0,1.0,4.0
iconclass-ai:embhab_uh-103_pic024.jpg,1713,68,0.94546789582947,1.0,0.1995036340653731,0.014705882352941176,0.07352941176470588,0.1323529411764706,3.5,3.5
iconclass-ai:embhab_uh-103_pic034.jpg,1713,71,0.9575861412006987,1.0,0.14745690077337903,0.014084507042253521,0.056338028169014086,0.09859154929577464,2.0,3.0
iconclass-ai:embhab_uh-103_pic048.jpg,1713,37,1.0,0.5,0.1627463157346977,0.0,0.08108108108108109,0.1891891891891892,1.0,3.0
iconclass-ai:embhab_uh-103_pic060.jpg,1713,46,0.9575861412006987,1.0,0.21127005509295027,0.021739130434782608,0.10869565217391304,0.17391304347826086,2.0,3.0
iconclass-ai:embhab_uh-103_pic062.jpg,1713,49,0.8874582952544261,1.0,0.14720124094868103,0.02040816326530612,0.08163265306122448,0.12244897959183673,1.0,3.0
iconclass-ai:embhab_uh-103_pic072.jpg,1713,33,0.9575861412006987,1.0,0.29316885968274237,0.030303030303030304,0.15151515151515152,0.24242424242424243,2.0,3.0
iconclass-ai:embhab_uh-103_pic074.jpg,1713,76,1.0,1.0,0.17062330137933937,0.013157894736842105,0.06578947368421052,0.11842105263157894,2.5,3.0
iconclass-ai:embhab_uh-103_pic084.jpg,1713,86,0.9434481882675984,1.0,0.17081758036855335,0.011627906976744186,0.05813953488372093,0.10465116279069768,3.0,3.0
iconclass-ai:embhab_uh-103_pic088.jpg,1713,71,0.9363792118010481,1.0,0.1741550428424689,0.014084507042253521,0.07042253521126761,0.1267605633802817,1.0,3.0
iconclass-ai:embhab_uh-103_pic096.jpg,1713,40,1.0,1.0,0.2599867161128576,0.025,0.125,0.225,1.0,2.0
iconclass-ai:embhab_uk40_pic022.jpg,1713,38,0.2378751626173982,0.05555555555555555,0.03577954227524351,0.0,0.0,0.0,2.0,5.0
iconclass-ai:embhab_uk40_pic046.jpg,1713,19,0.5556151075737364,0.004273504273504274,0.010186081457334238,0.0,0.0,0.0,3.0,4.0
iconclass-ai:embhab_uk40_pic048.jpg,1713,22,0.6265394198099341,0.013888888888888888,0.018294141713857535,0.0,0.0,0.0,1.0,4.0
iconclass-ai:embhab_uk40_pic050.jpg,1713,15,0.43862217915538454,0.04,0.016486242696813456,0.0,0.0,0.0,1.0,4.5
iconclass-ai:embhab_uk40_pic070.jpg,1713,57,0.44853435627040966,1.0,0.0784266292783203,0.017543859649122806,0.017543859649122806,0.03508771929824561,3.0,5.0
iconclass-ai:embhab_uk40_pic076.jpg,1713,30,0.4362924574033483,1.0,0.06651504106474222,0.03333333333333333,0.03333333333333333,0.06666666666666667,2.5,5.5
iconclass-ai:embhab_uk40_pic084.jpg,1713,104,0.14369961175599769,0.012658227848101266,0.06167106048467268,0.0,0.0,0.0,10.0,4.0
iconclass-ai:embhab_wa-6382_pic021.jpg,1713,25,1.0,0.2,0.017946685457840873,0.0,0.04,0.04,5.0,4.0
iconclass-ai:embhab_wa-6382_pic035.jpg,1713,79,1.0,0.5,0.11603890291038486,0.0,0.02531645569620253,0.0759493670886076,4.5,4.0
iconclass-ai:embhab_wa-6382_pic043.jpg,1713,7,1.0,0.002325581395348837,0.0038777154521223013,0.0,0.0,0.0,2.0,3.0
iconclass-ai:embhab_wa-6382_pic052.jpg,1713,26,1.0,0.02127659574468085,0.01673462437110732,0.0,0.0,0.0,3.0,5.0
iconclass-ai:embhab_wa-6382_pic063.jpg,1713,8,1.0,0.5,0.06636002958401106,0.0,0.125,0.125,1.0,4.0
iconclass-ai:embhab_wa-6382_pic069.jpg,1713,52,1.0,0.5,0.07866029837434134,0.0,0.038461538461538464,0.07692307692307693,5.0,4.0
iconclass-ai:embhab_wa-6382_pic087.jpg,1713,53,1.0,0.3333333333333333,0.07085006084918216,0.0,0.03773584905660377,0.07547169811320754,5.0,4.0
iconclass-ai:embhab_wa-6382_pic121.jpg,1713,68,1.0,1.0,0.10507328237913921,0.014705882352941176,0.029411764705882353,0.07352941176470588,2.5,4.0
iconclass-ai:embhab_wa-6382_pic197.jpg,1713,3,1.0,0.0014492753623188406,0.0025822120731290132,0.0,0.0,0.0,1.5,2.5
iconclass-ai:embhab_wa-6382_pic234.jpg,1713,62,1.0,1.0,0.11405128156426009,0.016129032258064516,0.03225806451612903,0.06451612903225806,1.5,4.0
iconclass-ai:embhab_wa-6382_pic243.jpg,1713,71,1.0,0.5,0.12683018788356282,0.0,0.04225352112676056,0.07042253521126761,2.0,4.0
iconclass-ai:embhab_wa-6382_pic250.jpg,1713,78,1.0,0.25,0.11108733119736011,0.0,0.02564102564102564,0.0641025641025641,4.0,3.0
iconclass-ai:embhab_wa-6382_pic266.jpg,1713,72,1.0,1.0,0.14454086522830412,0.013888888888888888,0.05555555555555555,0.06944444444444445,3.0,4.0
iconclass-ai:embhab_wa-6382_pic273.jpg,1713,1,1.0,0.003355704697986577,0.003355704697986577,0.0,0.0,0.0,1.0,4.0
iconclass-ai:embhab_wa-6382_pic306.jpg,1713,12,1.0,0.003289473684210526,0.012677940641574454,0.0,0.0,0.0,1.0,4.5
iconclass-ai:embhab_wa-6382_pic345.jpg,1713,68,1.0,0.16666666666666666,0.09152677649500825,0.0,0.0,0.058823529411764705,3.5,4.0
iconclass-ai:embhab_xb-6512_pic025.jpg,1713,66,1.0,1.0,0.9015846944742439,0.015151515151515152,0.07575757575757576,0.15151515151515152,3.0,3.0
iconclass-ai:embhab_xb-6512_pic031.jpg,1713,117,1.0,1.0,0.5925589126167911,0.008547008547008548,0.042735042735042736,0.08547008547008547,4.0,5.0
iconclass-ai:embhab_xb-6512_pic037.jpg,1713,77,1.0,1.0,0.767462994217383,0.012987012987012988,0.06493506493506493,0.12987012987012986,4.0,3.5
iconclass-ai:embhab_xb-6512_pic041.jpg,1713,65,1.0,1.0,0.8376423741326913,0.015384615384615385,0.06153846153846154,0.1076923076923077,2.0,3.0
iconclass-ai:embhab_xb-6512_pic047.jpg,1713,8,1.0,0.16666666666666666,0.12580818197686966,0.0,0.0,0.125,2.0,5.0
iconclass-ai:embhab_xb-6512_pic049.jpg,1713,7,1.0,0.125,0.06684014684725209,0.0,0.0,0.14285714285714285,1.0,5.0
iconclass-ai:embhab_xb-6512_pic055.jpg,1713,33,1.0,0.125,0.044806024174705784,0.0,0.0,0.030303030303030304,3.0,4.0
iconclass-ai:embhab_xb-6512_pic093.jpg,1713,69,1.0,0.5,0.7945368120629024,0.0,0.057971014492753624,0.11594202898550725,6.5,5.0
iconclass-ai:embhab_xb-6512_pic123.jpg,1713,66,1.0,1.0,0.9073065191322005,0.015151515151515152,0.07575757575757576,0.15151515151515152,2.0,5.0
iconclass-ai:embhab_xb-6512_pic129.jpg,1713,68,1.0,1.0,0.8093886826550782,0.014705882352941176,0.058823529411764705,0.11764705882352941,5.0,5.0
iconclass-ai:embhab_xb-6512_pic145.jpg,1713,75,1.0,1.0,0.7850129598573333,0.013333333333333334,0.06666666666666667,0.12,7.0,3.5
iconclass-ai:embhab_xb-6512_pic147.jpg,1713,66,1.0,0.5,0.8359425232371287,0.0,0.06060606060606061,0.13636363636363635,2.5,4.5
iconclass-ai:embhab_xb-6512_pic163.jpg,1713,65,1.0,1.0,0.8905990049833031,0.015384615384615385,0.07692307692307693,0.12307692307692308,1.0,5.0
iconclass-ai:embhab_xb-6512_pic173.jpg,1713,63,1.0,1.0,0.844153067253499,0.015873015873015872,0.06349206349206349,0.1111111111111111,2.0,5.0
iconclass-ai:embhab_xb-6512_pic187.jpg,1713,72,1.0,1.0,0.7770489990189172,0.013888888888888888,0.05555555555555555,0.1111111111111111,5.0,4.0
iconclass-ai:embhab_xb-6512_pic193.jpg,1713,66,1.0,1.0,0.8476482529680804,0.015151515151515152,0.06060606060606061,0.12121212121212122,4.0,5.0
iconclass-ai:embhab_xb-6512_pic195.jpg,1713,64,1.0,1.0,0.935100445131041,0.015625,0.078125,0.15625,2.0,4.0
iconclass-ai:embhab_xb-6512_pic221.jpg,1713,63,1.0,1.0,0.9220283849738747,0.015873015873015872,0.07936507936507936,0.15873015873015872,2.0,6.0
iconclass-ai:embhab_xb-6512_pic225.jpg,1713,63,1.0,1.0,0.9407486757061942,0.015873015873015872,0.07936507936507936,0.15873015873015872,2.0,7.0
iconclass-ai:embhab_xb-6512_pic233.jpg,1713,8,1.0,0.03571428571428571,0.05444250665413454,0.0,0.0,0.0,3.0,5.0
iconclass-ai:embhab_xb-6512_pic235.jpg,1713,72,1.0,0.5,0.7594243531346838,0.0,0.041666666666666664,0.1111111111111111,1.0,6.0
iconclass-ai:embhab_xb-6512_pic255.jpg,1713,63,1.0,0.5,0.8686198541970881,0.0,0.06349206349206349,0.12698412698412698,1.0,6.0
iconclass-ai:embhab_xb-6512_pic263.jpg,1713,68,1.0,1.0,0.8591561360731061,0.014705882352941176,0.07352941176470588,0.1323529411764706,3.0,4.0
iconclass-ai:embhab_xb-6512_pic271.jpg,1713,63,1.0,1.0,0.939705792659643,0.015873015873015872,0.07936507936507936,0.15873015873015872,1.0,4.0
iconclass-ai:embhab_xb-6512_pic279.jpg,1713,36,1.0,0.025,0.042010819798740676,0.0,0.0,0.0,5.0,4.0
iconclass-ai:embhab_xb-6512_pic281.jpg,1713,91,1.0,1.0,0.7073898498409905,0.01098901098901099,0.054945054945054944,0.10989010989010989,6.0,4.0
iconclass-ai:embhab_xb-6512_pic285.jpg,1713,67,1.0,1.0,0.8625943274611539,0.014925373134328358,0.07462686567164178,0.13432835820895522,4.0,3.0
iconclass-ai:embhab_xb-6512_pic301.jpg,1713,68,1.0,1.0,0.8124117116591317,0.014705882352941176,0.058823529411764705,0.10294117647058823,3.0,3.0
iconclass-ai:embhab_xb-6512_pic303.jpg,1713,67,1.0,1.0,0.8883463405932107,0.014925373134328358,0.07462686567164178,0.14925373134328357,4.0,4.5
iconclass-ai:embhab_xb-6512_pic307.jpg,1713,66,1.0,0.5,0.811540070191415,0.0,0.045454545454545456,0.12121212121212122,2.0,4.0
iconclass-ai:embhab_xb-6512_pic317.jpg,1713,127,1.0,1.0,0.5230121317882355,0.007874015748031496,0.031496062992125984,0.05511811023622047,7.0,4.0
iconclass-ai:embhab_xb-6512_pic341.jpg,1713,75,1.0,1.0,0.8130640529622863,0.013333333333333334,0.05333333333333334,0.12,7.0,4.0
iconclass-ai:embhab_xb-6512_pic369.jpg,1713,72,1.0,1.0,0.8395461450563199,0.013888888888888888,0.06944444444444445,0.125,5.0,4.0
iconclass-ai:embhab_xb-6512_pic385.jpg,1713,69,1.0,1.0,0.8910024805639133,0.014492753623188406,0.07246376811594203,0.14492753623188406,3.5,4.0
iconclass-ai:embhab_xb-6512_pic405.jpg,1713,79,1.0,1.0,0.7975543711996254,0.012658227848101266,0.06329113924050633,0.12658227848101267,10.5,4.0
iconclass-ai:embhab_xb-6512_pic411.jpg,1713,71,1.0,0.5,0.8250568843693032,0.0,0.056338028169014086,0.1267605633802817,8.5,4.0
iconclass-ai:embhab_xb-6512_pic421.jpg,1713,77,1.0,1.0,0.8207554490511729,0.012987012987012988,0.06493506493506493,0.12987012987012986,11.0,3.5
iconclass-ai:embhab_xb-6512_pic431.jpg,1713,70,1.0,1.0,0.8540075125528178,0.014285714285714285,0.07142857142857142,0.12857142857142856,5.5,5.0
iconclass-ai:embhab_xb-6512_pic433.jpg,1713,75,1.0,1.0,0.8392990966324952,0.013333333333333334,0.06666666666666667,0.13333333333333333,6.0,4.0
iconclass-ai:embhab_xb-6512_pic435.jpg,1713,74,1.0,1.0,0.8347363937577693,0.013513513513513514,0.06756756756756757,0.13513513513513514,2.5,5.0
iconclass-ai:embhab_xb-6512_pic463.jpg,1713,70,1.0,1.0,0.7954635335899702,0.014285714285714285,0.04285714285714286,0.11428571428571428,4.0,3.0
iconclass-ai:embhab_xb-6512_pic473.jpg,1713,71,1.0,1.0,0.7890008644494201,0.014084507042253521,0.056338028169014086,0.11267605633802817,9.0,4.0
iconclass-ai:embhab_xb-6512_pic477.jpg,1713,67,1.0,1.0,0.8603511299506098,0.014925373134328358,0.05970149253731343,0.11940298507462686,2.0,5.0
iconclass-ai:embhab_xb-6512_pic479.jpg,1713,8,1.0,1.0,0.2880818602693603,0.125,0.125,0.25,2.5,5.5
iconclass-ai:embhab_xb-6512_pic491.jpg,1713,93,1.0,1.0,0.6661835857162393,0.010752688172043012,0.053763440860215055,0.0967741935483871,15.0,4.5
iconclass-ai:embhab_xb-6512_pic499.jpg,1713,68,1.0,1.0,0.8342246943289693,0.014705882352941176,0.04411764705882353,0.08823529411764706,6.0,5.0
iconclass-ai:embhab_xb-6512_pic527.jpg,1713,68,1.0,1.0,0.8217248134313867,0.014705882352941176,0.07352941176470588,0.11764705882352941,4.0,4.0
iconclass-ai:embhab_xb-6512_pic553.jpg,1713,69,1.0,1.0,0.8710758741594354,0.014492753623188406,0.057971014492753624,0.13043478260869565,6.0,4.0
iconclass-ai:embhab_xb-6512_pic561.jpg,1713,0,1.0,,,,,,1.0,5.5
iconclass-ai:embhab_xb-6512_pic581.jpg,1713,67,1.0,1.0,0.9006645011081932,0.014925373134328358,0.07462686567164178,0.14925373134328357,3.0,4.0
iconclass-ai:embhab_xb-6512_pic589.jpg,1713,65,1.0,1.0,0.8959017665654041,0.015384615384615385,0.06153846153846154,0.13846153846153847,2.0,5.0
iconclass-ai:embhab_xb-6512_pic593.jpg,1713,72,1.0,1.0,0.8327989566080957,0.013888888888888888,0.06944444444444445,0.125,12.0,4.0
iconclass-ai:embhab_xb-6512_pic603.jpg,1713,69,1.0,1.0,0.8924461754861062,0.014492753623188406,0.07246376811594203,0.14492753623188406,4.5,4.0
iconclass-ai:embhab_xb-6512_pic609.jpg,1713,72,1.0,1.0,0.8504745601974649,0.013888888888888888,0.06944444444444445,0.1388888888888889,3.0,4.0
iconclass-ai:embhab_xb-6512_pic615.jpg,1713,77,1.0,1.0,0.7628514112960348,0.012987012987012988,0.05194805194805195,0.11688311688311688,7.0,4.0
iconclass-ai:embhab_xb-6512_pic627.jpg,1713,70,1.0,1.0,0.8185655405893569,0.014285714285714285,0.05714285714285714,0.12857142857142856,2.0,5.0
iconclass-ai:embhab_xb-6512_pic629.jpg,1713,74,1.0,1.0,0.8266467988456565,0.013513513513513514,0.05405405405405406,0.12162162162162163,4.0,3.5
iconclass-ai:embhab_xb-6512_pic645.jpg,1713,66,1.0,1.0,0.8465773651943971,0.015151515151515152,0.06060606060606061,0.13636363636363635,1.0,3.0
iconclass-ai:embhab_xb-6512_pic673.jpg,1713,93,1.0,1.0,0.6502657122402475,0.010752688172043012,0.053763440860215055,0.08602150537634409,9.0,4.0
iconclass-ai:embhab_xb-6512_pic677.jpg,1713,69,1.0,1.0,0.8370969288361042,0.014492753623188406,0.057971014492753624,0.13043478260869565,1.5,5.0
iconclass-ai:embhab_xb-6512_pic691.jpg,1713,65,1.0,1.0,0.9005781817524257,0.015384615384615385,0.07692307692307693,0.15384615384615385,1.0,6.0
iconclass-ai:embhab_xb-6512_pic701.jpg,1713,75,1.0,1.0,0.7795052952989837,0.013333333333333334,0.06666666666666667,0.12,1.0,5.0
iconclass-ai:embhab_xb-6512_pic711.jpg,1713,65,1.0,1.0,0.8430527933840047,0.015384615384615385,0.06153846153846154,0.13846153846153847,2.0,4.0
iconclass-ai:embhab_xb-6512_pic713.jpg,1713,5,1.0,0.029411764705882353,0.008342946431299212,0.0,0.0,0.0,1.0,4.5
iconclass-ai:embhab_xb-6512_pic727.jpg,1713,69,1.0,1.0,0.8731157549259991,0.014492753623188406,0.07246376811594203,0.14492753623188406,4.5,4.0
iconclass-ai:embhab_xb-6512_pic739.jpg,1713,68,1.0,0.5,0.8458059312628997,0.0,0.058823529411764705,0.1323529411764706,2.5,4.5
iconclass-ai:embhab_xb-6512_pic747.jpg,1713,71,1.0,1.0,0.8492680660356399,0.014084507042253521,0.07042253521126761,0.14084507042253522,6.0,4.0
iconclass-ai:embhab_xb-6512_pic749.jpg,1713,64,1.0,1.0,0.8805584752920484,0.015625,0.078125,0.140625,2.0,4.0
iconclass-ai:embhab_xb-6512_pic757.jpg,1713,64,1.0,1.0,0.86813205137422,0.015625,0.078125,0.140625,2.0,4.0
iconclass-ai:embhab_xb-6512_pic759.jpg,1713,66,1.0,1.0,0.8823236832647892,0.015151515151515152,0.07575757575757576,0.15151515151515152,2.0,4.0
iconclass-ai:embhab_xb-6512_pic763.jpg,1713,74,1.0,1.0,0.8048577759639206,0.013513513513513514,0.06756756756756757,0.12162162162162163,2.5,4.0
iconclass-ai:embhab_xb-6512_pic769.jpg,1713,74,1.0,0.5,0.7829907361807906,0.0,0.05405405405405406,0.12162162162162163,1.0,5.0
iconclass-ai:embmne_pae1591_pic009.jpg,1713,4,1.0,0.004291845493562232,0.0035804084456914215,0.0,0.0,0.0,1.0,4.5
iconclass-ai:embmne_pae1591_pic011.jpg,1713,3,1.0,0.003115264797507788,0.002336886911595916,0.0,0.0,0.0,1.0,5.5
iconclass-ai:embmne_pae1591_pic017.jpg,1713,43,1.0,1.0,0.11938785746775495,0.023255813953488372,0.06976744186046512,0.09302325581395349,1.0,5.0
iconclass-ai:embmne_pae1591_pic029.jpg,1713,67,1.0,0.3333333333333333,0.0943568043423233,0.0,0.029850746268656716,0.05970149253731343,3.0,4.0
iconclass-ai:embmne_pae1591_pic035.jpg,1713,8,1.0,0.03571428571428571,0.011155405923053092,0.0,0.0,0.0,1.0,4.0
iconclass-ai:embmne_pae1591_pic046.jpg,1713,93,1.0,0.14285714285714285,0.07003474143396768,0.0,0.0,0.010752688172043012,3.0,3.0
iconclass-ai:embmne_pae1591_pic055.jpg,1713,4,1.0,0.002074688796680498,0.001974990671320896,0.0,0.0,0.0,1.5,4.5
iconclass-ai:embmne_pae1591_pic067.jpg,1713,5,1.0,0.0625,0.014450027164158608,0.0,0.0,0.0,1.0,5.0
iconclass-ai:embmne_pae1591_pic081.jpg,1713,28,1.0,0.1,0.025746367893314616,0.0,0.0,0.03571428571428571,2.0,4.0
iconclass-ai:embmne_pae1591_pic101.jpg,1713,20,1.0,0.16666666666666666,0.03747571999597971,0.0,0.0,0.1,1.0,3.5
iconclass-ai:embmne_pae1591_pic125.jpg,1713,60,1.0,0.125,0.07530185802662823,0.0,0.0,0.016666666666666666,1.0,6.0
iconclass-ai:embmne_pae1591_pic143.jpg,1713,28,1.0,0.08333333333333333,0.023673141709777353,0.0,0.0,0.0,2.0,3.5
iconclass-ai:embmne_pae1591_pic152.jpg,1713,90,1.0,0.5,0.08787416036695182,0.0,0.011111111111111112,0.03333333333333333,9.5,5.0
iconclass-ai:embmne_pae1591_pic158.jpg,1713,18,1.0,0.125,0.046057864867358356,0.0,0.0,0.05555555555555555,3.0,5.5
iconclass-ai:embmne_pae1591_pic160.jpg,1713,26,1.0,0.07692307692307693,0.03517287768133281,0.0,0.0,0.0,1.0,4.0
iconclass-ai:embmne_pae1591_pic174.jpg,1713,57,1.0,0.5,0.06913855041858767,0.0,0.03508771929824561,0.05263157894736842,1.5,4.0
iconclass-ai:embmne_pae1591_pic176.jpg,1713,5,1.0,0.003246753246753247,0.0023970169165824146,0.0,0.0,0.0,1.0,3.0
iconclass-ai:embmne_pae1591_pic188.jpg,1713,0,1.0,,,,,,1.0,4.0
iconclass-ai:embmne_pae1591_pic191.jpg,1713,2,1.0,0.14285714285714285,0.0992063492063492,0.0,0.0,0.5,1.0,3.0
iconclass-ai:embmne_pae1591_pic202.jpg,1713,14,1.0,0.03333333333333333,0.010053104639698314,0.0,0.0,0.0,1.0,4.0
iconclass-ai:embmne_pae1591_pic203.jpg,1713,15,1.0,1.0,0.1244420369385663,0.06666666666666667,0.13333333333333333,0.13333333333333333,2.0,3.0
iconclass-ai:embmne_pae1591_pic217.jpg,1713,12,1.0,0.125,0.03649457931567498,0.0,0.0,0.16666666666666666,2.0,3.0
iconclass-ai:embmne_pae1591_pic233.jpg,1713,12,1.0,0.0625,0.024839952455018553,0.0,0.0,0.0,2.0,4.0
iconclass-ai:embmne_pae1591_pic237.jpg,1713,6,1.0,0.02857142857142857,0.014064806249971301,0.0,0.0,0.0,1.0,4.0
iconclass-ai:embmne_pae1591_pic265.jpg,1713,29,1.0,0.16666666666666666,0.03069093214973552,0.0,0.0,0.034482758620689655,1.5,3.0
iconclass-ai:embmne_pae1591_pic268.jpg,1713,10,1.0,0.16666666666666666,0.04026464617549947,0.0,0.0,0.1,2.0,4.0
iconclass-ai:embmne_pae1591_pic284.jpg,1713,27,1.0,0.058823529411764705,0.048511845881028304,0.0,0.0,0.0,2.0,6.0
iconclass-ai:embmne_pae1591_pic286.jpg,1713,9,1.0,0.1,0.023213500632789083,0.0,0.0,0.1111111111111111,1.0,4.0
iconclass-ai:embmne_pae1591_pic288.jpg,1713,52,1.0,0.2,0.04327557649323101,0.0,0.019230769230769232,0.019230769230769232,1.5,5.5
iconclass-ai:embmne_pae1591_pic295.jpg,1713,1,1.0,0.0022935779816513763,0.0022935779816513763,0.0,0.0,0.0,1.0,5.0
iconclass-ai:embmne_pae1591_pic331.jpg,1713,21,1.0,1.0,0.14861110488585938,0.047619047619047616,0.09523809523809523,0.14285714285714285,1.0,4.5
iconclass-ai:embmne_pae1591_pic332.jpg,1713,56,1.0,0.2,0.05221386678502711,0.0,0.017857142857142856,0.017857142857142856,1.0,4.5
iconclass-ai:embmne_pae1591_pic336.jpg,1713,51,1.0,0.25,0.06313208198104023,0.0,0.0196078431372549,0.0392156862745098,2.0,4.5
iconclass-ai:embmne_pae1591_pic341.jpg,1713,64,1.0,0.16666666666666666,0.04395165511211692,0.0,0.0,0.03125,5.5,5.0
iconclass-ai:embmne_pae1591_pic354.jpg,1713,37,1.0,0.25,0.06633954687128862,0.0,0.02702702702702703,0.08108108108108109,1.0,5.0
iconclass-ai:embmne_pae1591_pic360.jpg,1713,120,1.0,0.1,0.0989901340414606,0.0,0.0,0.008333333333333333,4.0,5.0
iconclass-ai:embmne_pae1591_pic367.jpg,1713,68,1.0,0.16666666666666666,0.04196069580175309,0.0,0.0,0.014705882352941176,2.5,5.0
iconclass-ai:embstma_1667_pic002.jpg,1713,155,1.0,0.5,0.4004701674083501,0.0,0.025806451612903226,0.05161290322580645,5.0,5.0
iconclass-ai:embstma_1667_pic004.jpg,1713,156,1.0,1.0,0.3577885384989458,0.00641025641025641,0.02564102564102564,0.04487179487179487,4.0,5.0
iconclass-ai:embstma_1667_pic008.jpg,1713,82,1.0,1.0,0.5320916155258149,0.012195121951219513,0.036585365853658534,0.0975609756097561,2.0,5.0
iconclass-ai:embstma_1667_pic011.jpg,1713,106,1.0,1.0,0.2863371497283676,0.009433962264150943,0.04716981132075472,0.07547169811320754,6.0,4.5
iconclass-ai:embstma_1667_pic014.jpg,1713,199,1.0,1.0,0.42708235171785525,0.005025125628140704,0.02512562814070352,0.04522613065326633,4.5,5.0
iconclass-ai:embstma_1667_pic019.jpg,1713,153,1.0,1.0,0.3921031588721988,0.006535947712418301,0.026143790849673203,0.05228758169934641,4.5,4.0
iconclass-ai:embstma_1667_pic020.jpg,1713,157,1.0,1.0,0.4241315050239939,0.006369426751592357,0.03184713375796178,0.050955414012738856,5.0,4.0
iconclass-ai:embstma_1667_pic024.jpg,1713,1,1.0,0.002976190476190476,0.002976190476190476,0.0,0.0,0.0,1.0,4.0
iconclass-ai:embstma_1667_pic025.jpg,1713,79,1.0,1.0,0.4099619211162469,0.012658227848101266,0.0379746835443038,0.08860759493670886,3.0,5.0
iconclass-ai:embstma_1667_pic026.jpg,1713,128,1.0,0.5,0.3782326957960799,0.0,0.0234375,0.0625,4.0,5.0
iconclass-ai:embstma_1667_pic030.jpg,1713,60,1.0,0.3333333333333333,0.25057199290884274,0.0,0.016666666666666666,0.03333333333333333,2.0,4.5
iconclass-ai:embstma_1667_pic032.jpg,1713,182,1.0,1.0,0.47103594231850593,0.005494505494505495,0.027472527472527472,0.054945054945054944,4.5,5.0
iconclass-ai:embstma_1667_pic034.jpg,1713,88,1.0,1.0,0.2899603656356847,0.011363636363636364,0.03409090909090909,0.045454545454545456,2.0,4.0
iconclass-ai:embstma_1667_pic044.jpg,1713,92,1.0,1.0,0.33963996019178244,0.010869565217391304,0.03260869565217391,0.06521739130434782,1.0,4.0
iconclass-ai:embstma_1667_pic050b.jpg,1713,150,1.0,1.0,0.3973621634214047,0.006666666666666667,0.02666666666666667,0.06,3.0,5.0
iconclass-ai:embstma_1667_pic052a.jpg,1713,79,1.0,1.0,0.4727345862243866,0.012658227848101266,0.05063291139240506,0.11392405063291139,2.5,5.0
iconclass-ai:embstma_1667_pic056.jpg,1713,163,1.0,1.0,0.38312019457027613,0.006134969325153374,0.018404907975460124,0.049079754601226995,5.0,4.0
iconclass-ai:embstma_1667_pic060.jpg,1713,105,1.0,1.0,0.3067384656191739,0.009523809523809525,0.01904761904761905,0.05714285714285714,2.0,5.0
iconclass-ai:embstma_1667_pic063.jpg,1713,91,1.0,1.0,0.3180382060392084,0.01098901098901099,0.03296703296703297,0.054945054945054944,3.0,6.0
iconclass-ai:embstma_1667_pic066.jpg,1713,71,1.0,0.5,0.16497330771615343,0.0,0.014084507042253521,0.028169014084507043,1.0,3.5
iconclass-ai:embstma_1667_pic069.jpg,1713,121,1.0,0.3333333333333333,0.36002061143238084,0.0,0.024793388429752067,0.05785123966942149,2.0,5.0
iconclass-ai:embstma_1667_pic077b.jpg,1713,143,1.0,0.5,0.3852691767921269,0.0,0.013986013986013986,0.04195804195804196,8.0,5.0
iconclass-ai:embstma_1667_pic083.jpg,1713,140,1.0,1.0,0.48535313074949976,0.007142857142857143,0.03571428571428571,0.07142857142857142,3.0,5.0
iconclass-ai:embstma_1667_pic094.jpg,1713,115,1.0,1.0,0.4516916168045166,0.008695652173913044,0.043478260869565216,0.0782608695652174,2.0,4.0
iconclass-ai:embstma_1667_pic095.jpg,1713,91,1.0,1.0,0.42310686331811515,0.01098901098901099,0.03296703296703297,0.08791208791208792,6.0,5.0
iconclass-ai:embstma_1667_pic097.jpg,1713,168,1.0,1.0,0.4174997132056354,0.005952380952380952,0.02976190476190476,0.05357142857142857,7.0,5.0
iconclass-ai:embstma_1667_pic115.jpg,1713,59,1.0,0.2,0.16801949769686178,0.0,0.01694915254237288,0.06779661016949153,1.5,3.0
iconclass-ai:embstma_1667_pic142.jpg,1713,151,1.0,1.0,0.4106980541919231,0.006622516556291391,0.033112582781456956,0.052980132450331126,1.5,4.0
iconclass-ai:embstma_1667_pic150.jpg,1713,89,1.0,1.0,0.3098288180508842,0.011235955056179775,0.0449438202247191,0.07865168539325842,3.0,5.0
iconclass-ai:embstma_1667_pic153b.jpg,1713,39,1.0,1.0,0.3034978663495981,0.02564102564102564,0.07692307692307693,0.07692307692307693,1.5,4.0
iconclass-ai:embstma_1667_pic156a.jpg,1713,107,1.0,1.0,0.3168576565477999,0.009345794392523364,0.028037383177570093,0.056074766355140186,3.0,5.0
iconclass-ai:embstma_1667_pic158.jpg,1713,93,1.0,1.0,0.34117208027362755,0.010752688172043012,0.043010752688172046,0.07526881720430108,3.0,5.0
iconclass-ai:embstma_1667_pic161.jpg,1713,64,1.0,1.0,0.19780118964930155,0.015625,0.03125,0.046875,1.0,5.0
iconclass-ai:embstma_1667_pic166b.jpg,1713,93,1.0,0.25,0.16976418950040828,0.0,0.021505376344086023,0.021505376344086023,2.0,4.0
iconclass-ai:embstma_1667_pic168b.jpg,1713,23,1.0,0.5,0.30847944768022184,0.0,0.08695652173913043,0.17391304347826086,1.0,4.5
iconclass-ai:embstma_1667_pic171.jpg,1713,48,1.0,1.0,0.33275452955228974,0.020833333333333332,0.08333333333333333,0.14583333333333334,2.0,4.0
iconclass-ai:embstma_1667_pic179.jpg,1713,114,1.0,1.0,0.3284598843332494,0.008771929824561403,0.02631578947368421,0.03508771929824561,6.0,4.0
iconclass-ai:embstma_1667_pic180.jpg,1713,90,1.0,1.0,0.43350320952733357,0.011111111111111112,0.044444444444444446,0.08888888888888889,4.0,5.0
iconclass-ai:embstma_1667_pic184.jpg,1713,14,1.0,0.25,0.08563389850466954,0.0,0.07142857142857142,0.14285714285714285,2.0,4.0
iconclass-ai:embstma_1667_pic188a.jpg,1713,2,1.0,0.0006373486297004461,0.0009273170415696388,0.0,0.0,0.0,1.0,4.0
iconclass-ai:embstma_1667_pic189b.jpg,1713,175,1.0,1.0,0.3782015054107733,0.005714285714285714,0.02857142857142857,0.05142857142857143,2.5,4.0
iconclass-ai:embstma_1667_pic190b.jpg,1713,89,1.0,1.0,0.49156529602746185,0.011235955056179775,0.056179775280898875,0.0898876404494382,6.0,5.0
iconclass-ai:embstma_1667_pic198.jpg,1713,139,1.0,1.0,0.36862442492376424,0.007194244604316547,0.03597122302158273,0.05755395683453238,4.5,5.0
iconclass-ai:embstma_1667_pic208.jpg,1713,103,1.0,0.3333333333333333,0.28582089737981037,0.0,0.019417475728155338,0.05825242718446602,3.0,5.0
iconclass-ai:embstma_1667_pic220.jpg,1713,107,1.0,1.0,0.4261275128665656,0.009345794392523364,0.04672897196261682,0.08411214953271028,2.0,4.0
iconclass-ai:embstma_1667_pic223.jpg,1713,170,1.0,0.25,0.3447884647947705,0.0,0.011764705882352941,0.03529411764705882,7.0,4.0
iconclass-ai:embstma_1667_pic224a.jpg,1713,49,1.0,1.0,0.36608099030598895,0.02040816326530612,0.061224489795918366,0.12244897959183673,3.0,6.0
iconclass-ai:embstma_1667_pic226.jpg,1713,65,1.0,0.5,0.5350450621746731,0.0,0.06153846153846154,0.13846153846153847,4.5,5.0
iconclass-ai:embstma_1667_pic229b.jpg,1713,6,1.0,0.047619047619047616,0.010695869653419003,0.0,0.0,0.0,1.0,4.0
iconclass-ai:embstma_204_fac009.jpg,1713,22,1.0,0.07692307692307693,0.02185023821824596,0.0,0.0,0.0,4.0,3.0
iconclass-ai:embstma_204_fac017.jpg,1713,78,1.0,0.08333333333333333,0.0487688129243113,0.0,0.0,0.0,4.0,5.0
iconclass-ai:embstma_204_fac019.jpg,1713,39,1.0,0.1111111111111111,0.025244371972941066,0.0,0.0,0.02564102564102564,3.0,5.0
iconclass-ai:embstma_204_fac041.jpg,1713,40,1.0,0.014705882352941176,0.03043940334720115,0.0,0.0,0.0,1.5,4.0
iconclass-ai:embstma_204_fac045.jpg,1713,12,1.0,0.0028735632183908046,0.006065482179614621,0.0,0.0,0.0,1.0,4.0
iconclass-ai:embstma_204_fac057.jpg,1713,54,1.0,0.3333333333333333,0.046436451878986235,0.0,0.018518518518518517,0.05555555555555555,2.5,3.5
iconclass-ai:embstma_204_fac061.jpg,1713,8,1.0,0.0012903225806451613,0.004752569911848236,0.0,0.0,0.0,2.5,3.5
iconclass-ai:embstma_204_fac079.jpg,1713,73,1.0,0.3333333333333333,0.051491272236531244,0.0,0.0273972602739726,0.0273972602739726,2.5,3.0
iconclass-ai:embstma_204_fac083.jpg,1713,13,1.0,0.07142857142857142,0.012123816628303922,0.0,0.0,0.0,1.0,4.0
iconclass-ai:embstma_204_fac087.jpg,1713,33,1.0,0.1111111111111111,0.03433798737403132,0.0,0.0,0.030303030303030304,3.0,3.5
iconclass-ai:embstma_204_fac105.jpg,1713,18,1.0,0.011627906976744186,0.013039917622631882,0.0,0.0,0.0,2.0,3.0
iconclass-ai:embstma_204_fac107.jpg,1713,39,1.0,0.14285714285714285,0.03214661710244117,0.0,0.0,0.02564102564102564,2.0,4.5
iconclass-ai:embstma_204_fac117.jpg,1713,64,1.0,0.2,0.04531794385089856,0.0,0.015625,0.046875,4.0,4.0
iconclass-ai:embstma_204_fac169.jpg,1713,37,1.0,0.3333333333333333,0.04621264255899146,0.0,0.02702702702702703,0.05405405405405406,1.5,4.5
iconclass-ai:embstma_204_fac203.jpg,1713,4,1.0,0.006289308176100629,0.00379184730398192,0.0,0.0,0.0,1.5,3.0
iconclass-ai:embstma_260_pic047.jpg,1713,38,1.0,0.003816793893129771,0.018138675409920462,0.0,0.0,0.0,4.0,5.0
iconclass-ai:embstma_260_pic083.jpg,1713,0,0.933745776545611,,,,,,1.0,1.0
iconclass-ai:embstma_260_pic095.jpg,1713,0,1.0,,,,,,1.0,1.0
iconclass-ai:embstma_260_pic097.jpg,1713,0,1.0,,,,,,1.0,1.0
iconclass-ai:embstma_260_pic105.jpg,1713,0,1.0,,,,,,1.0,1.0
iconclass-ai:embstma_260_pic107.jpg,1713,0,1.0,,,,,,1.0,1.0
iconclass-ai:embstma_260_pic121.jpg,1713,0,0.933745776545611,,,,,,1.0,1.0
iconclass-ai:embstma_260_pic123.jpg,1713,0,0.9305687780632227,,,,,,1.0,1.0
iconclass-ai:embstma_260_pic133.jpg,1713,0,1.0,,,,,,1.0,1.0
iconclass-ai:embstma_260_pic149.jpg,1713,0,0.7799082337019198,,,,,,1.0,1.0
iconclass-ai:embstma_260_pic151.jpg,1713,0,1.0,,,,,,1.0,1.0
iconclass-ai:embstma_260_pic157.jpg,1713,0,1.0,,,,,,1.0,1.0
iconclass-ai:embstma_260_pic169.jpg,1713,0,1.0,,,,,,1.0,1.0
iconclass-ai:embstma_260_pic175.jpg,1713,0,1.0,,,,,,1.0,1.0
iconclass-ai:embstma_260_pic201.jpg,1713,0,1.0,,,,,,1.0,1.0
iconclass-ai:embstma_260_pic203.jpg,1713,0,1.0,,,,,,1.0,1.0
iconclass-ai:embstma_260_pic207.jpg,1713,0,1.0,,,,,,1.0,1.0
iconclass-ai:embstma_260_pic221.jpg,1713,0,1.0,,,,,,1.0,1.0
iconclass-ai:embstma_260_pic223.jpg,1713,0,1.0,,,,,,1.0,1.0
iconclass-ai:embstma_260_pic233.jpg,1713,0,1.0,,,,,,1.0,1.0
iconclass-ai:embstma_260_pic241.jpg,1713,0,1.0,,,,,,1.0,1.0
iconclass-ai:embstma_260_pic279.jpg,1713,0,1.0,,,,,,1.0,1.0
iconclass-ai:embstma_260_pic295.jpg,1713,0,1.0,,,,,,1.0,1.0
iconclass-ai:embstma_260_pic307.jpg,1713,0,1.0,,,,,,1.0,1.0
iconclass-ai:embstma_260_pic313.jpg,1713,0,1.0,,,,,,1.0,1.0
iconclass-ai:embstma_260_pic317.jpg,1713,0,1.0,,,,,,1.0,1.0
iconclass-ai:embstma_260_pic327.jpg,1713,0,1.0,,,,,,1.0,1.0
iconclass-ai:embstma_260_pic345.jpg,1713,0,1.0,,,,,,1.0,1.0
iconclass-ai:embstma_260_pic347.jpg,1713,0,1.0,,,,,,1.0,1.0
iconclass-ai:embstma_260_pic377.jpg,1713,0,1.0,,,,,,1.0,1.0
iconclass-ai:embstma_260_pic385.jpg,1713,0,0.8611375561264454,,,,,,1.0,1.0
iconclass-ai:embstma_260_pic393.jpg,1713,0,1.0,,,,,,1.0,1.0
iconclass-ai:embstma_260_pic395.jpg,1713,0,1.0,,,,,,1.0,1.0
iconclass-ai:embstma_260_pic399.jpg,1713,0,0.933745776545611,,,,,,1.0,1.0
iconclass-ai:embstma_260_pic403.jpg,1713,0,1.0,,,,,,1.0,1.0
iconclass-ai:embstma_260_pic405.jpg,1713,0,1.0,,,,,,1.0,1.0
iconclass-ai:embstma_260_pic407.jpg,1713,0,1.0,,,,,,1.0,1.0
iconclass-ai:embstma_260_pic409.jpg,1713,0,1.0,,,,,,1.0,1.0
iconclass-ai:embstma_260_pic411.jpg,1713,0,1.0,,,,,,1.0,1.0
iconclass-ai:embstma_260_pic423.jpg,1713,0,1.0,,,,,,1.0,1.0
iconclass-ai:embstma_260_pic431.jpg,1713,0,1.0,,,,,,1.0,1.0
iconclass-ai:embstma_260_pic433.jpg,1713,0,1.0,,,,,,1.0,1.0
iconclass-ai:embstma_260_pic445.jpg,1713,0,1.0,,,,,,1.0,1.0
iconclass-ai:embstma_260_pic459.jpg,1713,0,1.0,,,,,,1.0,1.0
iconclass-ai:embstma_260_pic461.jpg,1713,0,1.0,,,,,,1.0,1.0
iconclass-ai:embstma_260_pic465.jpg,1713,0,1.0,,,,,,1.0,1.0
iconclass-ai:embstma_260_pic495.jpg,1713,0,,,,,,,0.0,
iconclass-ai:embstma_260_pic531.jpg,1713,0,1.0,,,,,,1.0,1.0
iconclass-ai:embstma_260_pic539.jpg,1713,0,1.0,,,,,,1.0,1.0
iconclass-ai:embstma_260_pic557.jpg,1713,0,1.0,,,,,,1.0,1.0
iconclass-ai:embstma_260_pic577.jpg,1713,0,1.0,,,,,,1.0,1.0
iconclass-ai:embstma_260_pic581.jpg,1713,0,1.0,,,,,,1.0,1.0
iconclass-ai:embstma_260_pic591.jpg,1713,0,1.0,,,,,,1.0,1.0
iconclass-ai:embstma_260_pic593.jpg,1713,0,1.0,,,,,,1.0,1.0
iconclass-ai:embstma_260_pic607.jpg,1713,0,1.0,,,,,,1.0,1.0
iconclass-ai:embstma_260_pic617.jpg,1713,0,1.0,,,,,,1.0,1.0
iconclass-ai:embstma_260_pic641.jpg,1713,0,1.0,,,,,,1.0,1.0
iconclass-ai:embstma_260_pic659.jpg,1713,0,1.0,,,,,,1.0,1.0
iconclass-ai:embstma_260_pic671.jpg,1713,0,1.0,,,,,,1.0,1.0
iconclass-ai:embstma_260_pic687.jpg,1713,0,1.0,,,,,,1.0,1.0
iconclass-ai:embstma_260_pic693.jpg,1713,0,1.0,,,,,,1.0,1.0
iconclass-ai:embstma_260_pic733.jpg,1713,0,1.0,,,,,,1.0,1.0
iconclass-ai:embstma_260_pic739.jpg,1713,0,1.0,,,,,,1.0,1.0
iconclass-ai:embstma_260_pic741.jpg,1713,0,1.0,,,,,,1.0,1.0
iconclass-ai:embstma_260_pic751.jpg,1713,6,1.0,0.0021551724137931034,0.004542789269045944,0.0,0.0,0.0,3.0,6.0
iconclass-ai:embstma_260_pic763.jpg,1713,0,1.0,,,,,,1.0,1.0
iconclass-ai:embstma_260_pic775.jpg,1713,0,1.0,,,,,,1.0,1.0
iconclass-ai:embstma_260_pic787.jpg,1713,0,1.0,,,,,,1.0,1.0
iconclass-ai:embstma_260_pic823.jpg,1713,0,1.0,,,,,,1.0,1.0
iconclass-ai:embstma_260_pic829.jpg,1713,0,1.0,,,,,,1.0,1.0
iconclass-ai:embstma_260_pic831.jpg,1713,0,1.0,,,,,,1.0,1.0
iconclass-ai:embstma_260_pic835.jpg,1713,0,1.0,,,,,,1.0,1.0
iconclass-ai:embstma_260_pic849.jpg,1713,0,0.914856882358379,,,,,,1.0,1.0
iconclass-ai:embstma_260_pic851.jpg,1713,0,0.9305687780632227,,,,,,1.0,1.0
iconclass-ai:embstma_260_pic853.jpg,1713,0,1.0,,,,,,1.0,1.0
iconclass-ai:embstma_260_pic857.jpg,1713,0,1.0,,,,,,1.0,1.0
iconclass-ai:embstma_260_pic859.jpg,1713,0,1.0,,,,,,1.0,1.0
iconclass-ai:embstma_260_pic863.jpg,1713,0,1.0,,,,,,1.0,1.0
iconclass-ai:embstma_260_pic869.jpg,1713,0,1.0,,,,,,1.0,1.0
iconclass-ai:embstma_260_pic877.jpg,1713,0,0.933745776545611,,,,,,1.0,1.0
iconclass-ai:embstma_260_pic917.jpg,1713,0,1.0,,,,,,1.0,1.0
iconclass-ai:embstma_260_pic923.jpg,1713,0,1.0,,,,,,1.0,1.0
iconclass-ai:embstma_260_pic925.jpg,1713,0,1.0,,,,,,1.0,1.0
iconclass-ai:embstma_260_pic927.jpg,1713,0,1.0,,,,,,1.0,1.0
iconclass-ai:embstma_add132_pic007.jpg,1713,117,0.2395930893729298,0.09090909090909091,0.08280933648627695,0.0,0.0,0.0,6.0,6.0
iconclass-ai:embstma_add132_pic009.jpg,1713,98,0.3196990136872637,0.01282051282051282,0.07169490832544918,0.0,0.0,0.0,3.0,5.0
iconclass-ai:embstma_add132_pic069.jpg,1713,6,0.5377356194249862,0.008695652173913044,0.00754804974257359,0.0,0.0,0.0,1.0,4.0
iconclass-ai:embstma_add132_pic087.jpg,1713,10,0.6187139293548517,0.0078125,0.007549048445012687,0.0,0.0,0.0,1.0,4.0
iconclass-ai:embstma_add132_pic179.jpg,1713,7,0.12237795172760205,0.125,0.02676692504823975,0.0,0.0,0.14285714285714285,1.0,5.0
iconclass-ai:gri271934_pic030.jpg,1713,100,1.0,1.0,0.3634534343268093,0.01,0.05,0.1,101.0,3.0
iconclass-ai:gri271934_pic042.jpg,1713,100,1.0,1.0,0.3633804924253261,0.01,0.05,0.1,101.0,3.0
iconclass-ai:gri271934_pic050.jpg,1713,100,1.0,1.0,0.363346913391747,0.01,0.05,0.1,101.0,3.0
iconclass-ai:gri271934_pic072.jpg,1713,100,1.0,1.0,0.36327821954179096,0.01,0.05,0.1,101.0,3.0
iconclass-ai:gri271934_pic079.jpg,1713,100,1.0,1.0,0.363346913391747,0.01,0.05,0.1,101.0,3.0
iconclass-ai:gri271934_pic095.jpg,1713,100,1.0,1.0,0.363346913391747,0.01,0.05,0.1,101.0,3.0
iconclass-ai:gri271934_pic098.jpg,1713,100,1.0,1.0,0.3633121984748524,0.01,0.05,0.1,101.0,3.0
iconclass-ai:gri271934_pic102.jpg,1713,100,1.0,1.0,0.363346913391747,0.01,0.05,0.1,101.0,3.0
iconclass-ai:gri271934_pic108.jpg,1713,100,1.0,1.0,0.363346913391747,0.01,0.05,0.1,101.0,3.0
iconclass-ai:gri271934_pic110.jpg,1713,100,1.0,1.0,0.363346913391747,0.01,0.05,0.1,101.0,3.0
iconclass-ai:gri271934_pic115.jpg,1713,100,1.0,1.0,0.3633121984748524,0.01,0.05,0.1,101.0,3.0
iconclass-ai:gri271934_pic120.jpg,1713,100,1.0,1.0,0.36327821954179096,0.01,0.05,0.1,101.0,3.0
iconclass-ai:gri271934_pic126.jpg,1713,100,1.0,1.0,0.3632438761074475,0.01,0.05,0.1,101.0,3.0
iconclass-ai:gri271934_pic129.jpg,1713,100,1.0,1.0,0.3633121984748524,0.01,0.05,0.1,101.0,3.0
iconclass-ai:gri271934_pic136.jpg,1713,100,1.0,1.0,0.3633804924253261,0.01,0.05,0.1,101.0,3.0
iconclass-ai:gri271934_pic140.jpg,1713,100,1.0,1.0,0.3633804924253261,0.01,0.05,0.1,101.0,3.0
iconclass-ai:gri271934_pic141.jpg,1713,100,1.0,1.0,0.363346913391747,0.01,0.05,0.1,101.0,3.0
iconclass-ai:gri271934_pic161.jpg,1713,100,1.0,1.0,0.3633121984748524,0.01,0.05,0.1,101.0,3.0
iconclass-ai:gri271934_pic162.jpg,1713,100,1.0,1.0,0.363346913391747,0.01,0.05,0.1,101.0,3.0
iconclass-ai:gri271934_pic163.jpg,1713,100,1.0,1.0,0.363346913391747,0.01,0.05,0.1,101.0,3.0
iconclass-ai:gri271934_pic172.jpg,1713,100,1.0,1.0,0.3633121984748524,0.01,0.05,0.1,101.0,3.0
iconclass-ai:gri271934_pic176.jpg,1713,100,1.0,1.0,0.36327821954179096,0.01,0.05,0.1,101.0,3.0
iconclass-ai:gri271934_pic179.jpg,1713,100,1.0,1.0,0.36327821954179096,0.01,0.05,0.1,101.0,3.0
iconclass-ai:gri271934_pic181.jpg,1713,100,1.0,1.0,0.36327821954179096,0.01,0.05,0.1,101.0,3.0
iconclass-ai:gri271934_pic188.jpg,1713,100,1.0,1.0,0.363346913391747,0.01,0.05,0.1,101.0,3.0
iconclass-ai:gri271934_pic189.jpg,1713,100,1.0,1.0,0.363346913391747,0.01,0.05,0.1,101.0,3.0
iconclass-ai:gri271934_pic190.jpg,1713,100,1.0,1.0,0.3633121984748524,0.01,0.05,0.1,101.0,3.0
iconclass-ai:gri271934_pic191.jpg,1713,100,1.0,1.0,0.3633121984748524,0.01,0.05,0.1,101.0,3.0
iconclass-ai:gri271934_pic199.jpg,1713,100,1.0,1.0,0.363346913391747,0.01,0.05,0.1,101.0,3.0
iconclass-ai:gri_9925178790001551_pic031.jpg,1713,2,0.3333333333333333,0.013157894736842105,0.007719198223609194,0.0,0.0,0.0,1.0,5.0
iconclass-ai:gri_9925178790001551_pic068.jpg,1713,100,0.9558305176970738,1.0,0.17305803205008033,0.01,0.05,0.09,101.0,3.0
iconclass-ai:gri_9925178790001551_pic100.jpg,1713,100,0.9558305176970738,1.0,0.17360838567241568,0.01,0.05,0.09,101.0,3.0
iconclass-ai:gri_9925178790001551_pic110.jpg,1713,100,0.9558305176970738,1.0,0.1740099964948007,0.01,0.05,0.09,101.0,3.0
iconclass-ai:gri_9925178790001551_pic140.jpg,1713,100,0.9558305176970738,1.0,0.17228782004040763,0.01,0.05,0.09,101.0,3.0
iconclass-ai:gri_9925178790001551_pic155.jpg,1713,100,0.9558305176970738,1.0,0.1740891742673572,0.01,0.05,0.09,101.0,3.0
iconclass-ai:gri_9925178790001551_pic186.jpg,1713,100,0.9558305176970738,1.0,0.17372032418534983,0.01,0.05,0.09,101.0,3.0
iconclass-ai:gri_9925178790001551_pic202.jpg,1713,100,0.9510907186004266,1.0,0.17216428756103802,0.01,0.05,0.09,101.0,3.0
iconclass-ai:gri_9925178790001551_pic224.jpg,1713,100,0.9266360779006398,1.0,0.16478568086341713,0.01,0.04,0.09,101.0,3.0
iconclass-ai:gri_9925178790001551_pic247.jpg,1713,100,0.9266360779006398,1.0,0.16596682357130324,0.01,0.04,0.09,101.0,3.0
iconclass-ai:gri_9925178790001551_pic248.jpg,1713,100,0.9266360779006398,1.0,0.1661672498959229,0.01,0.04,0.09,101.0,3.0
iconclass-ai:gri_9925178790001551_pic282.jpg,1713,100,0.9266360779006398,1.0,0.1661915547058573,0.01,0.04,0.09,101.0,3.0
iconclass-ai:gri_9925178790001551_pic294.jpg,1713,100,0.8532721558012798,0.5,0.15766952251937866,0.0,0.04,0.09,101.0,3.0
iconclass-ai:gri_9925178790001551_pic320.jpg,1713,100,0.9368077570869661,1.0,0.17916497779764293,0.01,0.04,0.09,101.0,3.0
iconclass-ai:hab_31-geom-3_fac002.jpg,1713,0,0.3460903295750942,,,,,,1.0,4.0
iconclass-ai:hab_31-geom-3_pic015.jpg,1713,108,0.9363792118010481,1.0,0.22272787286056964,0.009259259259259259,0.046296296296296294,0.08333333333333333,2.0,4.0
iconclass-ai:hab_31-geom-3_pic027.jpg,1713,139,1.0,1.0,0.2176774756668387,0.007194244604316547,0.03597122302158273,0.07194244604316546,7.0,4.0
iconclass-ai:hab_31-geom-3_pic029.jpg,1713,106,1.0,1.0,0.21531684095053247,0.009433962264150943,0.04716981132075472,0.09433962264150944,4.0,4.0
iconclass-ai:hab_31-geom-3_pic031.jpg,1713,126,1.0,1.0,0.23093712922141887,0.007936507936507936,0.03968253968253968,0.07936507936507936,4.0,4.0
iconclass-ai:hab_31-geom-3_pic035.jpg,1713,164,1.0,1.0,0.22227762046672325,0.006097560975609756,0.03048780487804878,0.06097560975609756,3.5,5.0
iconclass-ai:hab_31-geom-3_pic041.jpg,1713,148,1.0,1.0,0.2016196618185831,0.006756756756756757,0.033783783783783786,0.06756756756756757,5.0,4.0
iconclass-ai:hab_31-geom-3_pic043.jpg,1713,132,1.0,1.0,0.21747241213513743,0.007575757575757576,0.03787878787878788,0.07575757575757576,7.0,4.0
iconclass-ai:hab_31-geom-3_pic045.jpg,1713,193,1.0,1.0,0.22757926940228687,0.0051813471502590676,0.025906735751295335,0.05181347150259067,13.0,4.0
iconclass-ai:hab_31-geom-3_pic053.jpg,1713,138,0.9375119002569003,1.0,0.22589869097542412,0.007246376811594203,0.036231884057971016,0.06521739130434782,4.0,4.0
iconclass-ai:hab_31-geom-3_pic063.jpg,1713,91,0.9187528305403849,1.0,0.216079348749528,0.01098901098901099,0.04395604395604396,0.0989010989010989,3.0,4.0
iconclass-ai:hab_31-geom-3_pic065.jpg,1713,174,0.8019174103317278,0.5,0.22220000284150387,0.0,0.022988505747126436,0.05172413793103448,7.5,4.0
iconclass-ai:hab_31-geom-3_pic071.jpg,1713,149,0.8043628744017064,0.5,0.19143505086552284,0.0,0.026845637583892617,0.06040268456375839,2.0,4.0
iconclass-ai:hab_xb6550_pic028.jpg,1713,15,1.0,0.043478260869565216,0.015950312966363126,0.0,0.0,0.0,1.5,3.5
iconclass-ai:hab_xb6550_pic030.jpg,1713,35,1.0,1.0,0.11384610166930118,0.02857142857142857,0.05714285714285714,0.08571428571428572,1.0,6.0
iconclass-ai:hab_xb6550_pic040.jpg,1713,106,1.0,0.5,0.10730585507932867,0.0,0.018867924528301886,0.05660377358490566,1.0,5.0
iconclass-ai:hab_xb6550_pic042.jpg,1713,76,1.0,1.0,0.06485664400574927,0.013157894736842105,0.013157894736842105,0.02631578947368421,2.0,5.0
iconclass-ai:hab_xb6550_pic050.jpg,1713,60,1.0,0.3333333333333333,0.05822583229583504,0.0,0.016666666666666666,0.03333333333333333,1.0,4.0
iconclass-ai:hab_xb6550_pic068.jpg,1713,86,1.0,1.0,0.10428487552519937,0.011627906976744186,0.023255813953488372,0.046511627906976744,2.5,4.0
iconclass-ai:hab_xb6550_pic070.jpg,1713,27,1.0,0.0035971223021582736,0.025883407215082158,0.0,0.0,0.0,2.0,5.0
iconclass-ai:hab_xb6550_pic080.jpg,1713,39,1.0,0.5,0.07775271335444708,0.0,0.05128205128205128,0.07692307692307693,1.5,6.0
iconclass-ai:hab_xb6550_pic082.jpg,1713,106,1.0,1.0,0.1810513482173631,0.009433962264150943,0.04716981132075472,0.07547169811320754,2.5,4.5
iconclass-ai:hab_xb6550_pic100.jpg,1713,110,1.0,1.0,0.11571330735124796,0.00909090909090909,0.01818181818181818,0.045454545454545456,1.0,4.5
iconclass-ai:hab_xb6550_pic102.jpg,1713,25,1.0,0.5,0.06353527191517347,0.0,0.08,0.12,1.0,5.0
iconclass-ai:hab_xb6550_pic120.jpg,1713,44,1.0,0.14285714285714285,0.02873621793671012,0.0,0.0,0.045454545454545456,1.0,5.0
iconclass-ai:hab_xb6550_pic138.jpg,1713,76,1.0,0.3333333333333333,0.09894997743007211,0.0,0.02631578947368421,0.06578947368421052,1.0,5.0
iconclass-ai:hunterian_bn13_pic011.jpg,1713,100,1.0,1.0,0.2512717249861345,0.01,0.05,0.1,101.0,3.0
iconclass-ai:hunterian_bn13_pic048.jpg,1713,100,1.0,1.0,0.2509808392529261,0.01,0.05,0.1,101.0,3.0
iconclass-ai:hunterian_bn13_pic050.jpg,1713,100,1.0,1.0,0.250983061578162,0.01,0.05,0.1,101.0,3.0
iconclass-ai:hunterian_bn13_pic053.jpg,1713,100,0.8532721558012798,0.5,0.23323847522103147,0.0,0.04,0.09,101.0,3.0
iconclass-ai:hunterian_bn13_pic075.jpg,1713,100,1.0,1.0,0.24891284956409185,0.01,0.05,0.1,101.0,3.0
iconclass-ai:hunterian_bn13_pic086.jpg,1713,100,1.0,1.0,0.24960917892197698,0.01,0.05,0.1,101.0,3.0
iconclass-ai:hunterian_bn13_pic090.jpg,1713,100,0.9575861412006987,1.0,0.24848998655371196,0.01,0.05,0.09,101.0,3.0
iconclass-ai:hunterian_bn13_pic107.jpg,1713,0,0.3333333333333333,,,,,,1.0,3.0
iconclass-ai:hunterian_bn13_pic113.jpg,1713,100,1.0,1.0,0.25110592686438815,0.01,0.05,0.1,101.0,3.0
iconclass-ai:hunterian_bn13_pic115.jpg,1713,100,1.0,1.0,0.25057807030541984,0.01,0.05,0.1,101.0,3.0
iconclass-ai:hunterian_bn13_pic127.jpg,1713,100,1.0,1.0,0.2507473628891017,0.01,0.05,0.1,101.0,3.0
iconclass-ai:hunterian_bn13_pic132.jpg,1713,100,1.0,1.0,0.2502061645033162,0.01,0.05,0.1,101.0,3.0
iconclass-ai:hunterian_bn13_pic142.jpg,1713,100,0.9266360779006398,1.0,0.23809662738601203,0.01,0.04,0.09,101.0,3.0
iconclass-ai:hunterian_bn13_pic180.jpg,1713,100,1.0,1.0,0.2493930693604203,0.01,0.05,0.1,101.0,3.0
iconclass-ai:hunterian_bn13_pic208.jpg,1713,100,1.0,1.0,0.2509142839721352,0.01,0.05,0.1,101.0,3.0
iconclass-ai:hunterian_bn13_pic211.jpg,1713,100,1.0,1.0,0.2507530512658361,0.01,0.05,0.1,101.0,3.0
iconclass-ai:hunterian_bn13_pic231.jpg,1713,100,1.0,1.0,0.2497820563351218,0.01,0.05,0.1,101.0,3.0
iconclass-ai:hunterian_bn13_pic278.jpg,1713,100,0.9074250374176303,1.0,0.2616319602018018,0.01,0.04,0.09,101.0,3.0
iconclass-ai:kb_171e37_pic004.jpg,1713,3,0.16303908714838783,0.25,0.242063492063492,0.0,0.3333333333333333,0.6666666666666666,1.0,5.0
iconclass-ai:kb_171e37_pic010.jpg,1713,5,0.10163297289199218,0.2,0.09246881321695116,0.0,0.2,0.2,1.0,3.0
iconclass-ai:kb_171e37_pic025.jpg,1713,16,0.14966221809592445,0.25,0.05487483141010377,0.0,0.0625,0.0625,2.5,4.0
iconclass-ai:kb_171e37_pic027.jpg,1713,18,0.1229940664199545,0.03571428571428571,0.020128348580415074,0.0,0.0,0.0,2.5,5.0
iconclass-ai:kb_171e37_pic034.jpg,1713,0,0.0963688900556792,,,,,,1.0,6.0
iconclass-ai:kb_171e37_pic038.jpg,1713,4,0.32296282862632053,0.0034965034965034965,0.0027251353587659124,0.0,0.0,0.0,2.0,4.0
iconclass-ai:kb_171e37_pic041.jpg,1713,14,0.746432738248038,0.16666666666666666,0.047869094728308546,0.0,0.0,0.07142857142857142,7.0,4.0
iconclass-ai:kb_171e37_pic045.jpg,1713,7,0.8721857799641082,0.5,0.18441791136898997,0.0,0.14285714285714285,0.14285714285714285,1.0,6.0
iconclass-ai:kb_171e37_pic048.jpg,1713,11,0.847788801248477,0.06666666666666667,0.016932510035907816,0.0,0.0,0.0,6.0,6.0
iconclass-ai:kb_171e37_pic072.jpg,1713,7,0.9469826765008734,0.006711409395973154,0.004546186361382364,0.0,0.0,0.0,1.0,3.0
iconclass-ai:kb_171e37_pic080.jpg,1713,11,0.8499997827517917,0.2,0.1575988696716776,0.0,0.09090909090909091,0.18181818181818182,4.0,5.0
iconclass-ai:kb_171e37_pic094.jpg,1713,30,1.0,0.02564102564102564,0.0334635394484827,0.0,0.0,0.0,2.0,4.0
iconclass-ai:kb_171e37_pic098.jpg,1713,1,1.0,0.0010869565217391304,0.0010869565217391304,0.0,0.0,0.0,1.0,5.0
iconclass-ai:kb_171e37_pic103.jpg,1713,5,0.8569975307443979,0.07692307692307693,0.04157051274414367,0.0,0.0,0.0,2.0,4.0
iconclass-ai:kb_171e37_pic110b.jpg,1713,1,0.9305687780632227,0.001519756838905775,0.001519756838905775,0.0,0.0,0.0,1.0,3.0
iconclass-ai:kb_171e37_pic111.jpg,1713,6,0.8611375561264454,0.3333333333333333,0.05969770918048442,0.0,0.16666666666666666,0.16666666666666666,1.0,5.0
iconclass-ai:kb_171e37_pic116a.jpg,1713,7,0.8700842661682383,0.09090909090909091,0.10005332422766643,0.0,0.0,0.0,1.0,6.0
iconclass-ai:kb_171e37_pic118b.jpg,1713,2,0.8816594966636493,0.0012091898428053204,0.00139199649620581,0.0,0.0,0.0,2.0,7.0
iconclass-ai:kb_171e37_pic133.jpg,1713,14,0.8257606850140198,0.2,0.1187049603340767,0.0,0.07142857142857142,0.07142857142857142,8.0,4.0
iconclass-ai:kb_171e37_pic135.jpg,1713,0,1.0,,,,,,1.0,1.0
iconclass-ai:kb_171e37_pic143.jpg,1713,5,0.8848364951460376,0.03125,0.011815336258560747,0.0,0.0,0.0,1.5,6.0
iconclass-ai:kb_171e37_pic145b.jpg,1713,5,1.0,0.07142857142857142,0.03824347464316845,0.0,0.0,0.0,1.0,4.0
iconclass-ai:kb_171e37_pic149a.jpg,1713,7,1.0,0.08333333333333333,0.11487047177412481,0.0,0.0,0.0,1.0,5.0
iconclass-ai:kb_171e37_pic153a.jpg,1713,54,1.0,0.02631578947368421,0.052318762392497505,0.0,0.0,0.0,1.0,4.0
iconclass-ai:kb_171e37_pic156.jpg,1713,9,0.8376823223551658,0.16666666666666666,0.12023197006926813,0.0,0.0,0.1111111111111111,3.0,3.0
iconclass-ai:kb_171e37_pic158.jpg,1713,1,0.7040775422062792,0.0009560229445506692,0.0009560229445506692,0.0,0.0,0.0,1.5,4.0
iconclass-ai:kb_171e37_pic165.jpg,1713,8,0.8664955146211976,0.08333333333333333,0.022643823248630988,0.0,0.0,0.0,1.5,5.5
iconclass-ai:kb_171e37_pic169.jpg,1713,2,0.779862687957759,0.0009541984732824427,0.001238713859641983,0.0,0.0,0.0,2.0,4.0
iconclass-ai:kb_171e37_pic177.jpg,1713,0,0.9363792118010481,,,,,,1.0,3.5
iconclass-ai:kb_171e37_pic179.jpg,1713,0,0.9219521421618474,,,,,,1.0,3.5
iconclass-ai:kb_171e37_pic182.jpg,1713,1,1.0,0.000664451827242525,0.000664451827242525,0.0,0.0,0.0,1.5,2.5
iconclass-ai:kb_171e37_pic183.jpg,1713,56,0.8170412367751588,0.01,0.025849958865811547,0.0,0.0,0.0,5.5,2.0
iconclass-ai:kb_171e37_pic190.jpg,1713,2,1.0,0.0006349206349206349,0.0009220552388629776,0.0,0.0,0.0,1.0,5.0
iconclass-ai:kb_171e37_pic192.jpg,1713,1,1.0,0.002688172043010753,0.002688172043010753,0.0,0.0,0.0,1.0,4.0
iconclass-ai:kb_171e37_pic196.jpg,1713,0,0.8750188951311939,,,,,,1.0,3.5
iconclass-ai:kb_171e37_pic199.jpg,1713,3,1.0,0.000663129973474801,0.0012628528375122317,0.0,0.0,0.0,1.0,5.0
iconclass-ai:kb_171e37_pic201.jpg,1713,0,0.6383029165259417,,,,,,1.0,5.0
iconclass-ai:kb_171e37_pic207.jpg,1713,11,0.5434109069393822,0.2,0.04242209615721801,0.0,0.09090909090909091,0.09090909090909091,2.5,5.0
iconclass-ai:lci001_c011_001.jpg,1713,0,0.05600331119353048,,,,,,1.0,5.0
iconclass-ai:mmw_10a14_005r_min_a.jpg,1713,3,0.13281787052549393,0.002583979328165375,0.0032814567173577412,0.0,0.0,0.0,2.5,4.5
iconclass-ai:mmw_10a14_006v_min_a.jpg,1713,5,0.11940302525244721,0.002967359050445104,0.003109049687888752,0.0,0.0,0.0,2.0,5.0
iconclass-ai:mmw_10a14_006v_min_b.jpg,1713,3,0.10106413109091204,0.029411764705882353,0.011342140355347466,0.0,0.0,0.0,4.0,4.0
iconclass-ai:mmw_10a14_139r_init_2.jpg,1713,34,0.17552115008537086,0.2,0.12770907501916615,0.0,0.029411764705882353,0.029411764705882353,3.0,5.0
iconclass-ai:mmw_10a14_176v_init.jpg,1713,33,0.08357205527780553,0.05555555555555555,0.1047135557394265,0.0,0.0,0.0,1.5,5.5
iconclass-ai:mmw_10a14_192v_init.jpg,1713,46,0.2777816672380887,0.2,0.11730610517560913,0.0,0.021739130434782608,0.021739130434782608,2.0,5.5
iconclass-ai:mmw_10b22_085v_init.jpg,1713,42,0.20058511803972606,0.05263157894736842,0.11078565027699022,0.0,0.0,0.0,3.0,4.0
iconclass-ai:mmw_10c12_001v.jpg,1713,18,0.10835875001943096,0.007633587786259542,0.02143664254170256,0.0,0.0,0.0,4.0,5.5
iconclass-ai:mmw_10c12_037r_randv.jpg,1713,38,0.1777650888918958,0.14285714285714285,0.03731272342970266,0.0,0.0,0.02631578947368421,8.0,3.0
iconclass-ai:mmw_10c12_040r_min.jpg,1713,31,0.11716456948214495,0.07142857142857142,0.04821173003016278,0.0,0.0,0.0,3.0,5.0
iconclass-ai:mmw_10c12_042v_min.jpg,1713,31,0.1713942176133621,0.125,0.049926799945193535,0.0,0.0,0.03225806451612903,3.0,5.0
iconclass-ai:mmw_10c12_052v_min.jpg,1713,34,0.12236390356723759,0.07142857142857142,0.05676902178027738,0.0,0.0,0.0,3.0,5.0
iconclass-ai:mmw_10d26_136r_init.jpg,1713,33,0.12826667710895126,0.05263157894736842,0.08947057026210237,0.0,0.0,0.0,2.0,5.5
iconclass-ai:mmw_10f11_024r_min.jpg,1713,3,0.024157301809505996,0.007462686567164179,0.006391464887257753,0.0,0.0,0.0,2.5,5.5
iconclass-ai:norris90200_pic020.jpg,1713,100,1.0,1.0,0.4619550202442806,0.01,0.05,0.1,101.0,3.0
iconclass-ai:norris90200_pic021.jpg,1713,100,1.0,1.0,0.46140786146799656,0.01,0.05,0.1,101.0,3.0
iconclass-ai:norris90200_pic022.jpg,1713,100,1.0,1.0,0.4599182722566336,0.01,0.05,0.1,101.0,3.0
iconclass-ai:norris90200_pic027.jpg,1713,100,1.0,1.0,0.4607094287818332,0.01,0.05,0.1,101.0,3.0
iconclass-ai:norris90200_pic029.jpg,1713,100,1.0,1.0,0.4598161346190958,0.01,0.05,0.1,101.0,3.0
iconclass-ai:norris90200_pic031.jpg,1713,100,1.0,1.0,0.4599593698358616,0.01,0.05,0.1,101.0,3.0
iconclass-ai:norris90200_pic033.jpg,1713,100,1.0,1.0,0.4598811623163834,0.01,0.05,0.1,101.0,3.0
iconclass-ai:norris90200_pic036.jpg,1713,100,1.0,1.0,0.4598538422395883,0.01,0.05,0.1,101.0,3.0
iconclass-ai:norris90200_pic040.jpg,1713,100,1.0,1.0,0.45988747953610903,0.01,0.05,0.1,101.0,3.0
iconclass-ai:norris90200_pic043.jpg,1713,100,1.0,1.0,0.4598184695132439,0.01,0.05,0.1,101.0,3.0
iconclass-ai:norris90200_pic049.jpg,1713,100,1.0,1.0,0.46249011828288517,0.01,0.05,0.1,101.0,3.0
iconclass-ai:norris90200_pic060.jpg,1713,100,1.0,1.0,0.4598647876580583,0.01,0.05,0.1,101.0,3.0
iconclass-ai:norris90200_pic068.jpg,1713,100,1.0,1.0,0.46060962014161866,0.01,0.05,0.1,101.0,3.0
iconclass-ai:norris90200_pic071.jpg,1713,100,1.0,1.0,0.4603899932568408,0.01,0.05,0.1,101.0,3.0
iconclass-ai:norris90200_pic082.jpg,1713,100,1.0,1.0,0.46029958180549707,0.01,0.05,0.1,101.0,3.0
iconclass-ai:norris90200_pic084.jpg,1713,100,1.0,1.0,0.4605900665073519,0.01,0.05,0.1,101.0,3.0
iconclass-ai:norris90200_pic086.jpg,1713,100,1.0,1.0,0.46027407646512,0.01,0.05,0.1,101.0,3.0
iconclass-ai:norris90200_pic090.jpg,1713,100,1.0,1.0,0.46032202883020107,0.01,0.05,0.1,101.0,3.0
iconclass-ai:norris90200_pic092.jpg,1713,100,1.0,1.0,0.45979403919135414,0.01,0.05,0.1,101.0,3.0
iconclass-ai:norris90200_pic094.jpg,1713,100,1.0,1.0,0.4607205803404203,0.01,0.05,0.1,101.0,3.0
iconclass-ai:norris90200_pic097.jpg,1713,100,1.0,1.0,0.46049552378578523,0.01,0.05,0.1,101.0,3.0
iconclass-ai:norris90200_pic102.jpg,1713,100,1.0,1.0,0.4603621245222338,0.01,0.05,0.1,101.0,3.0
iconclass-ai:norris90200_pic118.jpg,1713,100,1.0,1.0,0.45998987022826343,0.01,0.05,0.1,101.0,3.0
iconclass-ai:norris90200_pic131.jpg,1713,100,1.0,1.0,0.45965192659857224,0.01,0.05,0.1,101.0,3.0
iconclass-ai:norris90200_pic135.jpg,1713,100,1.0,1.0,0.46007939336338227,0.01,0.05,0.1,101.0,3.0
iconclass-ai:norris90200_pic139.jpg,1713,100,1.0,1.0,0.4602892225051775,0.01,0.05,0.1,101.0,3.0
iconclass-ai:norris90200_pic141.jpg,1713,100,1.0,1.0,0.46026848759502736,0.01,0.05,0.1,101.0,3.0
iconclass-ai:norris90200_pic148.jpg,1713,100,1.0,1.0,0.4616448464043421,0.01,0.05,0.1,101.0,3.0
iconclass-ai:norris90200_pic149.jpg,1713,100,1.0,1.0,0.4603907394930704,0.01,0.05,0.1,101.0,3.0
iconclass-ai:norris90200_pic151.jpg,1713,100,1.0,1.0,0.4608442140799495,0.01,0.05,0.1,101.0,3.0
iconclass-ai:norris90200_pic155.jpg,1713,100,1.0,1.0,0.45996554531108436,0.01,0.05,0.1,101.0,3.0
iconclass-ai:norris90200_pic158.jpg,1713,100,1.0,1.0,0.4603294146604884,0.01,0.05,0.1,101.0,3.0
iconclass-ai:norris90200_pic159.jpg,1713,100,1.0,1.0,0.4595993518051172,0.01,0.05,0.1,101.0,3.0
iconclass-ai:norris90200_pic164.jpg,1713,100,1.0,1.0,0.4598598832003308,0.01,0.05,0.1,101.0,3.0
iconclass-ai:norris90200_pic169.jpg,1713,100,1.0,1.0,0.4604076847243981,0.01,0.05,0.1,101.0,3.0
iconclass-ai:norris90200_pic177.jpg,1713,100,1.0,1.0,0.4607513430363203,0.01,0.05,0.1,101.0,3.0
iconclass-ai:norris90200_pic179.jpg,1713,100,1.0,1.0,0.46053618770464977,0.01,0.05,0.1,101.0,3.0
iconclass-ai:norris90200_pic186.jpg,1713,100,1.0,1.0,0.45991108699759825,0.01,0.05,0.1,101.0,3.0
iconclass-ai:norris90200_pic187.jpg,1713,100,1.0,1.0,0.45981455844992813,0.01,0.05,0.1,101.0,3.0
iconclass-ai:norris90200_pic188.jpg,1713,100,1.0,1.0,0.4602201116088173,0.01,0.05,0.1,101.0,3.0
iconclass-ai:norris90200_pic189.jpg,1713,100,1.0,1.0,0.4595590292631169,0.01,0.05,0.1,101.0,3.0
iconclass-ai:norris90200_pic191.jpg,1713,100,1.0,1.0,0.4600167838206689,0.01,0.05,0.1,101.0,3.0
iconclass-ai:sdc_10347_3903_fac003.jpg,1713,0,,,,,,,0.0,
iconclass-ai:sdc_10347_3903_pic025.jpg,1713,0,0.8899541168509599,,,,,,1.0,1.0
iconclass-ai:sdc_10347_3903_pic086.jpg,1713,0,0.9363792118010481,,,,,,1.0,1.0
iconclass-ai:sdc_10347_3903_pic249.jpg,1713,0,0.9363792118010481,,,,,,1.0,1.0
iconclass-ai:sdc_10347_3903_pic285.jpg,1713,0,0.9363792118010481,,,,,,1.0,1.0
iconclass-ai:sdc_10347_3903_pic357.jpg,1713,0,0.9363792118010481,,,,,,1.0,1.0
iconclass-ai:sdc_10347_3903_pic553.jpg,1713,0,0.9363792118010481,,,,,,1.0,1.0
iconclass-ai:sdc_10347_3903_pic625.jpg,1713,0,0.933745776545611,,,,,,1.0,1.0
iconclass-ai:sdc_10347_3903_pic647.jpg,1713,0,0.9363792118010481,,,,,,1.0,1.0
iconclass-ai:sdc_10347_3903_pic658.jpg,1713,0,0.9363792118010481,,,,,,1.0,1.0
iconclass-ai:sdc_10347_3903_pic674.jpg,1713,0,0.8899541168509599,,,,,,1.0,1.0
iconclass-ai:sdc_10347_3903_pic857.jpg,1713,0,0.7799082337019198,,,,,,1.0,1.0
iconclass-ai:uiuc_0961b237g_pic017.jpg,1713,0,0.9434481882675984,,,,,,1.0,3.0
iconclass-ai:uiuc_0961b237g_pic021.jpg,1713,2,0.9575861412006987,0.00392156862745098,0.00479364550352719,0.0,0.0,0.0,2.0,2.0
iconclass-ai:uiuc_0961b237g_pic061.jpg,1713,17,0.8812752352827293,0.017241379310344827,0.01929589228137688,0.0,0.0,0.0,1.0,5.0
iconclass-ai:uiuc_0961b237g_pic073.jpg,1713,20,0.9558305176970738,1.0,0.09486028899131618,0.05,0.1,0.1,2.0,5.0
iconclass-ai:uiuc_0961b237g_pic077.jpg,1713,3,0.8992787059646724,1.0,0.3407807997473651,0.3333333333333333,0.3333333333333333,0.3333333333333333,2.0,5.0
iconclass-ai:uiuc_0961b237g_pic081.jpg,1713,9,0.94546789582947,0.006666666666666667,0.00663582906018577,0.0,0.0,0.0,2.0,5.0
iconclass-ai:uiuc_0961b237g_pic093.jpg,1713,5,0.8166356236239763,0.023255813953488372,0.008794710481198087,0.0,0.0,0.0,1.0,6.0
iconclass-ai:uiuc_0961b237g_pic161.jpg,1713,25,0.9469826765008734,0.14285714285714285,0.037516231410303746,0.0,0.0,0.04,1.0,5.0
iconclass-ai:uiuc_0961b237g_pic169.jpg,1713,1,0.9575861412006987,0.0023923444976076554,0.0023923444976076554,0.0,0.0,0.0,1.0,4.0
iconclass-ai:uiuc_0961b237g_pic173.jpg,1713,2,0.9416809441509609,0.001941747572815534,0.0022131098112524875,0.0,0.0,0.0,1.0,6.0
iconclass-ai:uiuc_27171l979_pic027.jpg,1713,44,0.24785720814989276,0.041666666666666664,0.03604490078513942,0.0,0.0,0.0,1.0,5.0
iconclass-ai:uiuc_27171l979_pic053.jpg,1713,20,0.37774650784266595,0.04,0.013970852314490944,0.0,0.0,0.0,2.5,4.5
iconclass-ai:uiuc_27171l979_pic055.jpg,1713,20,0.4672337339544233,0.01818181818181818,0.013588051335975923,0.0,0.0,0.0,1.5,5.5
iconclass-ai:uiuc_27171l979_pic059.jpg,1713,10,0.1276337257191388,0.011627906976744186,0.009239422333063128,0.0,0.0,0.0,2.5,3.5
iconclass-ai:uiuc_3201sa12iea2_pic022.jpg,1713,61,1.0,0.2,0.12938457708054885,0.0,0.01639344262295082,0.08196721311475409,5.0,3.0
iconclass-ai:uiuc_3201sa12iea2_pic030.jpg,1713,19,1.0,0.5,0.33512710264975776,0.0,0.15789473684210525,0.3157894736842105,1.0,4.0
iconclass-ai:uiuc_3201sa12iea2_pic035.jpg,1713,72,1.0,0.3333333333333333,0.06568548719936505,0.0,0.027777777777777776,0.041666666666666664,6.5,3.5
iconclass-ai:uiuc_3201sa12iea2_pic041.jpg,1713,91,1.0,0.5,0.16881478990594403,0.0,0.04395604395604396,0.07692307692307693,5.0,4.0
iconclass-ai:uiuc_3201sa12iea2_pic057.jpg,1713,18,1.0,1.0,0.4335658614178285,0.05555555555555555,0.2222222222222222,0.4444444444444444,1.0,3.0
iconclass-ai:uiuc_3201sa12iea2_pic106.jpg,1713,71,1.0,1.0,0.20423106679894404,0.014084507042253521,0.056338028169014086,0.11267605633802817,1.5,4.0
iconclass-ai:uiuc_3201sa12iea2_pic124.jpg,1713,19,1.0,1.0,0.42044324198852084,0.05263157894736842,0.21052631578947367,0.42105263157894735,1.0,3.5
iconclass-ai:uiuc_3201sa12iea2_pic184.jpg,1713,103,1.0,1.0,0.18053544436187718,0.009708737864077669,0.038834951456310676,0.07766990291262135,5.5,4.0
iconclass-ai:uiuc_3201sa12iea2_pic190.jpg,1713,51,1.0,0.5,0.06164486623740673,0.0,0.0392156862745098,0.058823529411764705,2.0,5.0
iconclass-ai:uiuc_3201sa12iea2_pic207.jpg,1713,48,1.0,1.0,0.2457861451865514,0.020833333333333332,0.08333333333333333,0.16666666666666666,6.0,5.0
iconclass-ai:uiuc_3201sa12iea2_pic213.jpg,1713,43,1.0,0.005208333333333333,0.023997430681781128,0.0,0.0,0.0,3.0,3.5
iconclass-ai:uiuc_3201sa12iea2_pic220.jpg,1713,30,1.0,0.5,0.19809674682953216,0.0,0.1,0.13333333333333333,2.0,4.0
iconclass-ai:uiuc_3201sa12iea2_pic251.jpg,1713,51,1.0,0.25,0.07370158724457489,0.0,0.0392156862745098,0.0392156862745098,2.5,4.5
iconclass-ai:uiuc_3201sa12iea2_pic295.jpg,1713,23,1.0,1.0,0.29201033115139835,0.043478260869565216,0.17391304347826086,0.21739130434782608,1.0,4.0
iconclass-ai:uiuc_3201sa12iea2_pic317.jpg,1713,3,1.0,0.0017123287671232876,0.002854309789241296,0.0,0.0,0.0,1.5,3.5
iconclass-ai:uiuc_3201sa12iea2_pic368.jpg,1713,18,1.0,0.5,0.0633627389770897,0.0,0.05555555555555555,0.05555555555555555,1.0,4.0
iconclass-ai:uiuc_832w91o_pic01101.jpg,1713,33,0.37357736811983894,1.0,0.07349375432828735,0.030303030303030304,0.030303030303030304,0.030303030303030304,2.0,5.0
iconclass-ai:uiuc_832w91o_pic01105.jpg,1713,11,0.12754118802999462,0.00641025641025641,0.007264878485048407,0.0,0.0,0.0,2.0,5.0
iconclass-ai:uiuc_832w91o_pic01111.jpg,1713,47,1.0,0.07692307692307693,0.05210466113094496,0.0,0.0,0.0,3.5,3.0
iconclass-ai:uiuc_832w91o_pic01301.jpg,1713,33,1.0,0.2,0.03606331288147767,0.0,0.030303030303030304,0.030303030303030304,1.0,5.0
iconclass-ai:uiuc_832w91o_pic01309.jpg,1713,7,1.0,0.006944444444444444,0.007306253915087696,0.0,0.0,0.0,1.0,4.5
iconclass-ai:uiuc_832w91o_pic01311.jpg,1713,20,1.0,0.005714285714285714,0.017913416759170873,0.0,0.0,0.0,3.0,4.0
iconclass-ai:uiuc_832w91o_pic01508.jpg,1713,15,1.0,0.2,0.0448835667259611,0.0,0.06666666666666667,0.06666666666666667,1.0,5.0
iconclass-ai:uiuc_832w91o_pic01511.jpg,1713,45,1.0,1.0,0.079831342584199,0.022222222222222223,0.022222222222222223,0.06666666666666667,1.5,3.0
iconclass-ai:uiuc_832w91o_pic01701.jpg,1713,2,1.0,0.006024096385542169,0.004424477571302158,0.0,0.0,0.0,1.0,5.0
iconclass-ai:uiuc_832w91o_pic01705.jpg,1713,12,1.0,0.02702702702702703,0.021875009134036363,0.0,0.0,0.0,2.0,4.0
iconclass-ai:uiuc_832w91o_pic01909.jpg,1713,29,0.947926583547417,0.05,0.03735169398605127,0.0,0.0,0.0,2.0,5.5
iconclass-ai:uiuc_832w91o_pic02101.jpg,1713,6,1.0,0.010869565217391304,0.016489926885737468,0.0,0.0,0.0,2.0,4.0
iconclass-ai:uiuc_832w91o_pic02106.jpg,1713,7,1.0,0.009523809523809525,0.013156055077347208,0.0,0.0,0.0,1.5,4.0
iconclass-ai:uiuc_832w91o_pic02302.jpg,1713,6,1.0,0.03333333333333333,0.012779143024303873,0.0,0.0,0.0,1.0,4.0
iconclass-ai:uiuc_832w91o_pic02303.jpg,1713,2,1.0,0.006289308176100629,0.004328086040713036,0.0,0.0,0.0,1.0,3.0
iconclass-ai:uiuc_832w91o_pic02307.jpg,1713,6,1.0,0.05263157894736842,0.015252541318557739,0.0,0.0,0.0,1.0,5.0
iconclass-ai:uiuc_832w91o_pic02312.jpg,1713,39,1.0,0.0625,0.03804380612088513,0.0,0.0,0.0,2.0,3.0
iconclass-ai:uiuc_832w91o_pic02502.jpg,1713,30,1.0,0.034482758620689655,0.04014720849491883,0.0,0.0,0.0,4.5,4.5
iconclass-ai:uiuc_832w91o_pic02701.jpg,1713,8,1.0,0.01282051282051282,0.016656111518354645,0.0,0.0,0.0,2.0,3.5
iconclass-ai:uiuc_832w91o_pic02703.jpg,1713,2,1.0,0.00425531914893617,0.0035420867314694994,0.0,0.0,0.0,1.0,4.0
iconclass-ai:uiuc_832w91o_pic02707.jpg,1713,37,1.0,0.020833333333333332,0.044308781816552206,0.0,0.0,0.0,3.5,3.5
iconclass-ai:uiuc_832w91o_pic02708.jpg,1713,25,1.0,0.02127659574468085,0.03933237830807437,0.0,0.0,0.0,1.0,4.0
iconclass-ai:uiuc_832w91o_pic02709.jpg,1713,3,1.0,0.0035587188612099642,0.0033498767276853654,0.0,0.0,0.0,1.0,5.0
iconclass-ai:uiuc_832w91o_pic02905.jpg,1713,7,1.0,0.012195121951219513,0.008761467998534847,0.0,0.0,0.0,1.0,4.0
iconclass-ai:uiuc_832w91o_pic02907.jpg,1713,72,1.0,0.034482758620689655,0.04189096836191203,0.0,0.0,0.0,3.0,3.0
iconclass-ai:uiuc_832w91o_pic02911.jpg,1713,28,1.0,0.16666666666666666,0.06111864005180013,0.0,0.0,0.03571428571428571,1.5,4.0
iconclass-ai:uiuc_832w91o_pic03303.jpg,1713,49,1.0,0.022222222222222223,0.04721993937658351,0.0,0.0,0.0,4.0,4.0
iconclass-ai:uiuc_832w91o_pic03503.jpg,1713,45,1.0,0.5,0.06438428794212159,0.0,0.022222222222222223,0.022222222222222223,3.0,3.5
iconclass-ai:uiuc_832w91o_pic03506.jpg,1713,15,0.9290474019653158,0.01818181818181818,0.03212050843560384,0.0,0.0,0.0,1.0,4.0
iconclass-ai:uiuc_832w91o_pic03709.jpg,1713,24,1.0,0.014285714285714285,0.03107819102359885,0.0,0.0,0.0,1.0,5.0
iconclass-ai:uiuc_832w91o_pic04106.jpg,1713,5,1.0,0.0013850415512465374,0.0027922229684045133,0.0,0.0,0.0,1.0,6.0
iconclass-ai:uiuc_832w91o_pic04111.jpg,1713,4,1.0,0.017241379310344827,0.014644350369763767,0.0,0.0,0.0,1.0,3.0
iconclass-ai:uiuc_832w91o_pic04112.jpg,1713,25,1.0,0.05263157894736842,0.026409614914456373,0.0,0.0,0.0,1.5,4.0
iconclass-ai:uiuc_832w91o_pic04307.jpg,1713,40,1.0,0.1111111111111111,0.03989560332532117,0.0,0.0,0.025,6.0,3.5
iconclass-ai:uiuc_832w91o_pic04501.jpg,1713,10,1.0,0.012048192771084338,0.014027681427662364,0.0,0.0,0.0,3.5,5.0
iconclass-ai:uiuc_832w91o_pic04505.jpg,1713,10,1.0,0.018867924528301886,0.01276344209798887,0.0,0.0,0.0,2.0,5.0
iconclass-ai:uiuc_832w91o_pic04510.jpg,1713,43,1.0,0.1111111111111111,0.040862677446597655,0.0,0.0,0.023255813953488372,3.0,5.0
iconclass-ai:uiuc_832w91o_pic04704.jpg,1713,16,1.0,0.003745318352059925,0.007647529856551359,0.0,0.0,0.0,2.0,3.5
iconclass-ai:uiuc_832w91o_pic04709.jpg,1713,1,1.0,0.021739130434782608,0.021739130434782608,0.0,0.0,0.0,1.0,4.5
iconclass-ai:uiuc_832w91o_pic04712.jpg,1713,17,1.0,0.022222222222222223,0.027470292386046168,0.0,0.0,0.0,1.0,4.0
iconclass-ai:uiuc_832w91o_pic04909.jpg,1713,0,1.0,,,,,,1.0,5.5
iconclass-ai:uiuc_832w91o_pic04912.jpg,1713,80,1.0,0.041666666666666664,0.07346881476578411,0.0,0.0,0.0,8.5,5.0
iconclass-ai:uiuc_832w91o_pic05105.jpg,1713,30,1.0,0.015873015873015872,0.025776332988154297,0.0,0.0,0.0,1.0,3.0
iconclass-ai:uiuc_832w91o_pic05109.jpg,1713,44,1.0,0.5,0.12314069098476715,0.0,0.022727272727272728,0.022727272727272728,1.0,5.0
iconclass-ai:uiuc_832w91o_pic05110.jpg,1713,29,1.0,0.05263157894736842,0.04087878223928275,0.0,0.0,0.0,2.0,6.0
iconclass-ai:uiuc_832w91o_pic05302.jpg,1713,50,1.0,0.5,0.059646099418899076,0.0,0.02,0.02,6.0,3.5
iconclass-ai:uiuc_832w91o_pic05511.jpg,1713,3,1.0,0.012658227848101266,0.00851843589514073,0.0,0.0,0.0,2.0,4.0
iconclass-ai:uiuc_832w91o_pic05711.jpg,1713,10,1.0,0.008,0.011162020733915893,0.0,0.0,0.0,2.5,2.5
iconclass-ai:uiuc_832w91o_pic05906.jpg,1713,46,1.0,0.3333333333333333,0.05883126728999567,0.0,0.021739130434782608,0.043478260869565216,2.0,3.0
iconclass-ai:uiuc_832w91o_pic06104.jpg,1713,7,1.0,0.0136986301369863,0.013489131003238702,0.0,0.0,0.0,1.0,4.0
iconclass-ai:uiuc_832w91o_pic06106.jpg,1713,9,1.0,0.01818181818181818,0.010984120157764154,0.0,0.0,0.0,1.0,4.0
iconclass-ai:uiuc_832w91o_pic06108.jpg,1713,7,1.0,0.03125,0.01465636654336058,0.0,0.0,0.0,1.0,4.0
iconclass-ai:uiuc_832w91o_pic06301.jpg,1713,2,0.932801483732564,0.01020408163265306,0.011680988184747582,0.0,0.0,0.0,1.0,4.5
iconclass-ai:uiuc_832w91o_pic06302.jpg,1713,66,1.0,0.25,0.06515083769563218,0.0,0.015151515151515152,0.015151515151515152,3.0,3.0
iconclass-ai:uiuc_832w91o_pic06304.jpg,1713,0,1.0,,,,,,1.0,1.0
iconclass-ai:uiuc_832w91o_pic06309.jpg,1713,6,1.0,0.038461538461538464,0.009213560192714477,0.0,0.0,0.0,1.0,4.0
iconclass-ai:uiuc_832w91o_pic06311.jpg,1713,7,1.0,0.011235955056179775,0.013728703690736727,0.0,0.0,0.0,1.0,5.0
iconclass-ai:uiuc_832w91o_pic06503.jpg,1713,47,1.0,0.058823529411764705,0.052105859432268226,0.0,0.0,0.0,4.0,4.0
iconclass-ai:uiuc_832w91o_pic06504.jpg,1713,17,1.0,0.16666666666666666,0.03477407172461222,0.0,0.0,0.058823529411764705,1.0,4.5
iconclass-ai:uiuc_832w91o_pic06512.jpg,1713,31,1.0,0.058823529411764705,0.033997343466258066,0.0,0.0,0.0,2.5,5.0
iconclass-ai:uiuc_832w91o_pic06705.jpg,1713,5,1.0,0.00558659217877095,0.007036111025748436,0.0,0.0,0.0,1.0,5.0
iconclass-ai:uiuc_832w91o_pic06707.jpg,1713,11,1.0,0.023255813953488372,0.0257650435748353,0.0,0.0,0.0,1.0,4.0
iconclass-ai:uiuc_832w91o_pic06708.jpg,1713,0,1.0,,,,,,1.0,1.0
iconclass-ai:uiuc_832w91o_pic06902.jpg,1713,2,1.0,0.0625,0.0341235632183908,0.0,0.0,0.0,1.0,5.0
iconclass-ai:uiuc_832w91o_pic06904.jpg,1713,45,1.0,0.041666666666666664,0.04126110824515759,0.0,0.0,0.0,9.0,3.0
iconclass-ai:uiuc_832w91o_pic06908.jpg,1713,58,1.0,0.03333333333333333,0.0560785790938466,0.0,0.0,0.0,2.0,5.0
iconclass-ai:uiuc_832w91o_pic06911.jpg,1713,52,1.0,0.05263157894736842,0.04987090489665068,0.0,0.0,0.0,3.5,4.5
iconclass-ai:uiuc_832w91o_pic07103.jpg,1713,102,1.0,0.034482758620689655,0.06698739581152106,0.0,0.0,0.0,2.5,4.5
iconclass-ai:uiuc_832w91o_pic07104.jpg,1713,30,1.0,0.1,0.03477553714308672,0.0,0.0,0.03333333333333333,1.0,5.0
iconclass-ai:uiuc_832w91o_pic07108.jpg,1713,2,1.0,0.004405286343612335,0.00600492454062746,0.0,0.0,0.0,1.0,4.0
iconclass-ai:uiuc_832w91o_pic07111.jpg,1713,13,1.0,0.125,0.03818996362507614,0.0,0.0,0.07692307692307693,2.0,4.0
iconclass-ai:uiuc_832w91o_pic07301.jpg,1713,5,1.0,0.016666666666666666,0.0228010202770251,0.0,0.0,0.0,2.0,3.5
iconclass-ai:uiuc_832w91o_pic07302.jpg,1713,15,1.0,0.020833333333333332,0.02500656077942559,0.0,0.0,0.0,1.0,4.0
iconclass-ai:uiuc_832w91o_pic07312.jpg,1713,35,1.0,0.06666666666666667,0.048681939399320036,0.0,0.0,0.0,2.0,5.0
iconclass-ai:uiuc_832w91o_pic07502.jpg,1713,3,1.0,0.023809523809523808,0.01139169529297228,0.0,0.0,0.0,1.0,4.5
iconclass-ai:uiuc_832w91o_pic07505.jpg,1713,10,1.0,0.014925373134328358,0.015869039727340446,0.0,0.0,0.0,1.0,4.0
iconclass-ai:uiuc_832w91o_pic07512.jpg,1713,5,1.0,0.006622516556291391,0.006783078865085094,0.0,0.0,0.0,1.0,4.0
iconclass-ai:uiuc_832w91o_pic07701.jpg,1713,10,1.0,0.022727272727272728,0.01772954159071645,0.0,0.0,0.0,2.0,4.0
iconclass-ai:uiuc_832w91o_pic07703.jpg,1713,2,1.0,0.027777777777777776,0.020299145299145296,0.0,0.0,0.0,1.0,5.0
iconclass-ai:uiuc_832w91o_pic07704.jpg,1713,8,1.0,0.003875968992248062,0.004510656809654073,0.0,0.0,0.0,2.5,4.0
iconclass-ai:uiuc_832w91o_pic07709.jpg,1713,27,1.0,0.125,0.030835252702807372,0.0,0.0,0.037037037037037035,3.0,4.0
iconclass-ai:uiuc_832w91o_pic07712.jpg,1713,23,1.0,0.04,0.028921769622153932,0.0,0.0,0.0,5.0,3.0
iconclass-ai:uiuc_832w91o_pic07901.jpg,1713,13,1.0,0.02702702702702703,0.022548115135803494,0.0,0.0,0.0,3.0,4.0
iconclass-ai:uiuc_832w91o_pic07909.jpg,1713,13,1.0,0.07142857142857142,0.025364580096164654,0.0,0.0,0.0,1.0,4.0
iconclass-ai:uiuc_832w91o_pic08105.jpg,1713,12,1.0,0.09090909090909091,0.019574271741980846,0.0,0.0,0.0,2.5,3.0
iconclass-ai:uiuc_832w91o_pic08107.jpg,1713,18,1.0,0.16666666666666666,0.050892554272986515,0.0,0.0,0.05555555555555555,1.0,5.0
iconclass-ai:uiuc_832w91o_pic08110.jpg,1713,40,1.0,0.06666666666666667,0.044445503537293346,0.0,0.0,0.0,2.0,3.5
iconclass-ai:uiuc_832w91o_pic08111.jpg,1713,27,1.0,0.019230769230769232,0.03573683885726591,0.0,0.0,0.0,1.0,5.5
iconclass-ai:uiuc_832w91o_pic08303.jpg,1713,11,1.0,0.07692307692307693,0.015426692531983586,0.0,0.0,0.0,2.0,5.5
iconclass-ai:uiuc_832w91o_pic08308.jpg,1713,10,1.0,0.002785515320334262,0.005379230204130389,0.0,0.0,0.0,2.0,4.0
iconclass-ai:uiuc_832w91o_pic08501.jpg,1713,42,1.0,0.05555555555555555,0.029731221373447445,0.0,0.0,0.0,7.5,4.0
iconclass-ai:uiuc_832w91o_pic08508.jpg,1713,56,0.9371166382005486,0.5,0.06766238000927906,0.0,0.03571428571428571,0.03571428571428571,15.0,3.0
iconclass-ai:uiuc_832w91o_pic08511.jpg,1713,32,1.0,0.25,0.03234949903403958,0.0,0.03125,0.03125,2.0,4.0
iconclass-ai:uiuc_832w91o_pic08707.jpg,1713,1,1.0,0.006711409395973154,0.006711409395973154,0.0,0.0,0.0,1.0,3.0
iconclass-ai:uiuc_832w91o_pic08708.jpg,1713,25,1.0,0.14285714285714285,0.03482587478290113,0.0,0.0,0.04,4.0,4.0
iconclass-ai:uiuc_832w91o_pic08903.jpg,1713,54,1.0,1.0,0.11657971814523825,0.018518518518518517,0.037037037037037035,0.037037037037037035,6.5,4.0
iconclass-ai:uiuc_832w91o_pic08906.jpg,1713,5,1.0,0.013513513513513514,0.010039428131616804,0.0,0.0,0.0,1.0,5.0
iconclass-ai:uiuc_832w91o_pic08909.jpg,1713,30,1.0,0.03125,0.02266448232740428,0.0,0.0,0.0,6.5,4.0
iconclass-ai:uiuc_832w91o_pic09101.jpg,1713,37,1.0,0.2,0.05224721772487712,0.0,0.02702702702702703,0.02702702702702703,4.0,5.0
iconclass-ai:uiuc_832w91o_pic09102.jpg,1713,38,1.0,0.08333333333333333,0.047158435283123,0.0,0.0,0.0,2.5,5.0
iconclass-ai:uiuc_832w91o_pic09107.jpg,1713,18,1.0,0.011627906976744186,0.0116544224223778,0.0,0.0,0.0,2.0,3.0
iconclass-ai:uiuc_832w91o_pic09109.jpg,1713,4,1.0,0.002793296089385475,0.003939495720446308,0.0,0.0,0.0,1.0,5.0
iconclass-ai:uiuc_832w91o_pic09305.jpg,1713,16,1.0,0.024390243902439025,0.02349415397374641,0.0,0.0,0.0,1.0,5.0
iconclass-ai:uiuc_832w91o_pic09903.jpg,1713,24,1.0,0.09090909090909091,0.025140866875855244,0.0,0.0,0.0,2.0,4.0
iconclass-ai:uiuc_832w91o_pic10107.jpg,1713,5,1.0,0.018867924528301886,0.013568671513362603,0.0,0.0,0.0,1.0,3.0
iconclass-ai:uiuc_832w91o_pic10110.jpg,1713,78,1.0,0.1111111111111111,0.08853828535826444,0.0,0.0,0.01282051282051282,3.0,5.0
iconclass-ai:uiuc_832w91o_pic10304.jpg,1713,7,1.0,0.006993006993006993,0.006062254030221722,0.0,0.0,0.0,1.0,5.0
iconclass-ai:uiuc_832w91o_pic10504.jpg,1713,79,1.0,0.06666666666666667,0.12061238256727028,0.0,0.0,0.0,7.0,5.0
iconclass-ai:uiuc_832w91o_pic10507.jpg,1713,50,1.0,0.038461538461538464,0.05670950751425324,0.0,0.0,0.0,4.0,4.0
iconclass-ai:uiuc_832w91o_pic10907.jpg,1713,0,1.0,,,,,,1.0,5.0
iconclass-ai:uiuc_832w91o_pic11307.jpg,1713,4,0.9157436761159549,0.02564102564102564,0.013093226070296624,0.0,0.0,0.0,1.0,3.0
iconclass-ai:uiuc_832w91o_pic11309.jpg,1713,11,1.0,0.022727272727272728,0.013826459092054976,0.0,0.0,0.0,1.0,3.0
iconclass-ai:uiuc_832w91o_pic11310.jpg,1713,18,1.0,0.014492753623188406,0.022570101488955104,0.0,0.0,0.0,1.0,4.0
iconclass-ai:uiuc_832w91o_pic11503.jpg,1713,21,1.0,0.05555555555555555,0.028722745876115525,0.0,0.0,0.0,2.0,4.0
iconclass-ai:uiuc_832w91o_pic11511.jpg,1713,55,1.0,0.038461538461538464,0.03928012557102427,0.0,0.0,0.0,6.0,5.0
iconclass-ai:uiuc_832w91o_pic11512.jpg,1713,33,1.0,0.06666666666666667,0.03927020119020824,0.0,0.0,0.0,2.0,4.5
iconclass-ai:uiuc_832w91o_pic11701.jpg,1713,7,1.0,0.007575757575757576,0.016576666720740735,0.0,0.0,0.0,1.0,5.0
iconclass-ai:uiuc_832w91o_pic11703.jpg,1713,11,1.0,0.034482758620689655,0.02538336886844348,0.0,0.0,0.0,2.5,4.0
iconclass-ai:uiuc_832w91o_pic11711.jpg,1713,90,1.0,0.025,0.055625296897681864,0.0,0.0,0.0,5.0,4.0
iconclass-ai:uiuc_832w91o_pic11902.jpg,1713,21,1.0,0.3333333333333333,0.04852710933304963,0.0,0.047619047619047616,0.047619047619047616,3.0,5.0
iconclass-ai:uiuc_832w91o_pic11910.jpg,1713,14,1.0,0.5,0.05553478732918105,0.0,0.07142857142857142,0.07142857142857142,2.5,3.5
iconclass-ai:uiuc_832w91o_pic11911.jpg,1713,14,1.0,0.02,0.016184846444319216,0.0,0.0,0.0,1.0,4.0
iconclass-ai:uiuc_832w91o_pic12102.jpg,1713,21,1.0,1.0,0.09257031450642603,0.047619047619047616,0.09523809523809523,0.09523809523809523,1.0,4.0
iconclass-ai:uiuc_832w91o_pic12104.jpg,1713,2,1.0,0.0024509803921568627,0.0030773420479302833,0.0,0.0,0.0,2.0,5.0
iconclass-ai:uiuc_832w91o_pic12110.jpg,1713,8,1.0,0.011235955056179775,0.009271823156801959,0.0,0.0,0.0,1.0,4.0
iconclass-ai:uiuc_832w91o_pic12112.jpg,1713,0,1.0,,,,,,1.0,1.0
iconclass-ai:uiuc_832w91o_pic12309.jpg,1713,53,1.0,0.06666666666666667,0.076130731564707,0.0,0.0,0.0,3.0,4.0
iconclass-ai:uiuc_832w91o_pic12310.jpg,1713,52,1.0,1.0,0.06995262950953834,0.019230769230769232,0.019230769230769232,0.019230769230769232,4.0,4.0
iconclass-ai:uiuc_832w91o_pic12505.jpg,1713,2,1.0,0.0053475935828877,0.0034296546901588917,0.0,0.0,0.0,1.0,3.0
iconclass-ai:uiuc_832w91o_pic12506.jpg,1713,32,1.0,0.025,0.041171819085331594,0.0,0.0,0.0,4.5,5.0
iconclass-ai:uiuc_832w91o_pic12510.jpg,1713,20,1.0,0.02857142857142857,0.026305436999877807,0.0,0.0,0.0,1.0,6.0
iconclass-ai:uiuc_832w91o_pic12710.jpg,1713,42,1.0,0.14285714285714285,0.03583624471466276,0.0,0.0,0.023809523809523808,2.0,5.0
iconclass-ai:uiuc_832w91o_pic12901.jpg,1713,56,1.0,0.1,0.05448445979987034,0.0,0.0,0.017857142857142856,2.0,3.0
iconclass-ai:uiuc_832w91o_pic13110.jpg,1713,22,1.0,0.029411764705882353,0.030345255427441375,0.0,0.0,0.0,3.5,5.0
iconclass-ai:uiuc_832w91o_pic13302.jpg,1713,48,1.0,0.07692307692307693,0.047924194206092834,0.0,0.0,0.0,3.0,5.0
iconclass-ai:uiuc_832w91o_pic13308.jpg,1713,8,1.0,0.018867924528301886,0.013719598572214662,0.0,0.0,0.0,2.0,6.0
iconclass-ai:uiuc_832w91o_pic13310.jpg,1713,15,1.0,0.010416666666666666,0.011798418986475838,0.0,0.0,0.0,1.0,3.5
iconclass-ai:uiuc_832w91o_pic13508.jpg,1713,8,1.0,0.0034965034965034965,0.005335471002822347,0.0,0.0,0.0,1.0,5.5
iconclass-ai:uiuc_832w91o_pic13509.jpg,1713,21,1.0,0.013888888888888888,0.022743798731920204,0.0,0.0,0.0,1.0,2.5
iconclass-ai:uiuc_832w91o_pic13512.jpg,1713,0,1.0,,,,,,1.0,6.0
iconclass-ai:uiuc_832w91o_pic13712.jpg,1713,4,1.0,0.05555555555555555,0.02498103933774955,0.0,0.0,0.0,1.5,4.0
iconclass-ai:uiuc_832w91o_pic13901.jpg,1713,0,1.0,,,,,,1.0,1.0
iconclass-ai:uiuc_832w91o_pic13903.jpg,1713,9,1.0,0.008695652173913044,0.016225995734092273,0.0,0.0,0.0,1.0,3.0
iconclass-ai:uiuc_832w91o_pic13904.jpg,1713,10,1.0,0.25,0.04489542390516015,0.0,0.1,0.1,2.0,3.0
iconclass-ai:uiuc_832w91o_pic13906.jpg,1713,51,1.0,0.03333333333333333,0.05081400347646039,0.0,0.0,0.0,3.0,5.0
iconclass-ai:uiuc_832w91o_pic14102.jpg,1713,5,1.0,0.0022371364653243847,0.003063942787890376,0.0,0.0,0.0,1.0,6.0
iconclass-ai:uiuc_832w91o_pic14103.jpg,1713,34,1.0,0.07692307692307693,0.047991086817150655,0.0,0.0,0.0,1.0,4.5
iconclass-ai:uiuc_832w91o_pic14105.jpg,1713,26,1.0,0.008333333333333333,0.016761417226017514,0.0,0.0,0.0,3.5,5.0
iconclass-ai:uiuc_832w91o_pic14107.jpg,1713,25,1.0,1.0,0.08901411689290077,0.04,0.04,0.04,2.0,5.5
iconclass-ai:uiuc_832w91o_pic14109.jpg,1713,18,1.0,0.058823529411764705,0.02113292262805003,0.0,0.0,0.0,7.0,3.0
iconclass-ai:uiuc_832w91o_pic14302.jpg,1713,13,1.0,0.125,0.028101218041636473,0.0,0.0,0.07692307692307693,4.0,3.5
iconclass-ai:uiuc_832w91o_pic14306.jpg,1713,42,1.0,0.14285714285714285,0.06909792711578873,0.0,0.0,0.047619047619047616,5.0,3.0
iconclass-ai:uiuc_832w91o_pic14307.jpg,1713,25,1.0,0.5,0.09454709000563084,0.0,0.04,0.04,2.0,4.0
iconclass-ai:uiuc_832w91o_pic14506.jpg,1713,30,1.0,0.25,0.035813956449524224,0.0,0.03333333333333333,0.03333333333333333,7.0,3.0
iconclass-ai:uiuc_832w91o_pic14701.jpg,1713,4,1.0,0.006535947712418301,0.007004726137463188,0.0,0.0,0.0,1.5,4.0
iconclass-ai:uiuc_832w91o_pic14704.jpg,1713,30,1.0,0.03225806451612903,0.03501960270003794,0.0,0.0,0.0,1.5,4.5
iconclass-ai:uiuc_832w91o_pic14711.jpg,1713,36,1.0,0.1,0.10738846374304765,0.0,0.0,0.027777777777777776,1.0,5.0
iconclass-ai:uiuc_832w91o_pic14902.jpg,1713,9,1.0,0.07692307692307693,0.016464605502750335,0.0,0.0,0.0,2.0,6.0
iconclass-ai:uiuc_832w91o_pic14904.jpg,1713,14,1.0,0.02564102564102564,0.02087575791269527,0.0,0.0,0.0,1.0,4.5
iconclass-ai:uiuc_832w91o_pic14908.jpg,1713,40,1.0,0.16666666666666666,0.034965003647111546,0.0,0.0,0.025,1.0,4.0
iconclass-ai:uiuc_832w91o_pic15302.jpg,1713,12,1.0,0.0043859649122807015,0.006645126079387824,0.0,0.0,0.0,1.0,6.0
iconclass-ai:uiuc_832w91o_pic15304.jpg,1713,14,1.0,0.2,0.0532026464429161,0.0,0.07142857142857142,0.07142857142857142,1.0,5.0
iconclass-ai:uiuc_832w91o_pic15308.jpg,1713,15,1.0,0.0049504950495049506,0.011983952411048809,0.0,0.0,0.0,4.5,3.0
iconclass-ai:uiuc_832w91o_pic15312.jpg,1713,18,1.0,0.045454545454545456,0.020478485474301686,0.0,0.0,0.0,1.0,6.0
iconclass-ai:uiuc_832w91o_pic15501.jpg,1713,107,1.0,0.5,0.13390084022920962,0.0,0.009345794392523364,0.018691588785046728,10.5,4.0
iconclass-ai:uiuc_832w91o_pic15902.jpg,1713,38,1.0,0.01639344262295082,0.022638733011632075,0.0,0.0,0.0,1.0,5.5
iconclass-ai:uiuc_832w91o_pic15903.jpg,1713,8,1.0,0.015384615384615385,0.025166934774401312,0.0,0.0,0.0,2.0,5.0
iconclass-ai:uiuc_832w91o_pic15906.jpg,1713,15,1.0,0.008130081300813009,0.01200918251095706,0.0,0.0,0.0,1.5,4.5
iconclass-ai:uiuc_832w91o_pic16105.jpg,1713,20,1.0,0.14285714285714285,0.037652907987599835,0.0,0.0,0.05,1.0,5.0
iconclass-ai:uiuc_832w91o_pic16301.jpg,1713,58,1.0,0.125,0.05103726886861098,0.0,0.0,0.017241379310344827,5.5,4.5
iconclass-ai:uiuc_832w91o_pic16309.jpg,1713,22,1.0,0.023809523809523808,0.016098782247371258,0.0,0.0,0.0,1.5,5.0
iconclass-ai:uiuc_832w91o_pic16502.jpg,1713,14,1.0,0.06666666666666667,0.020696401028528388,0.0,0.0,0.0,2.5,4.0
iconclass-ai:uiuc_832w91o_pic16504.jpg,1713,21,1.0,0.02857142857142857,0.023071187706881376,0.0,0.0,0.0,1.0,3.0
iconclass-ai:uiuc_832w91o_pic16511.jpg,1713,10,1.0,0.015625,0.007390683509232836,0.0,0.0,0.0,1.0,6.0
iconclass-ai:uiuc_832w91o_pic16512.jpg,1713,51,1.0,0.5,0.036363477377564096,0.0,0.0196078431372549,0.0196078431372549,3.0,3.5
iconclass-ai:uiuc_832w91o_pic16703.jpg,1713,25,0.9157436761159549,0.16666666666666666,0.04074038901025974,0.0,0.0,0.08,1.0,5.0
iconclass-ai:uiuc_832w91o_pic17109.jpg,1713,10,1.0,0.3333333333333333,0.06070236699563475,0.0,0.1,0.1,1.0,4.0
iconclass-ai:uiuc_832w91o_pic17306.jpg,1713,80,1.0,0.3333333333333333,0.14020136041332995,0.0,0.025,0.025,4.5,4.0
iconclass-ai:uiuc_832w91o_pic17308.jpg,1713,24,1.0,0.07142857142857142,0.020639504456442293,0.0,0.0,0.0,3.0,3.0
iconclass-ai:uiuc_832w91o_pic17501.jpg,1713,3,1.0,0.004545454545454545,0.0034764031687739643,0.0,0.0,0.0,1.0,4.0
iconclass-ai:uiuc_832w91o_pic17503.jpg,1713,33,1.0,0.022222222222222223,0.04148621584519586,0.0,0.0,0.0,2.0,5.0
iconclass-ai:uiuc_832w91o_pic17505.jpg,1713,28,1.0,0.2,0.045364357569036555,0.0,0.03571428571428571,0.03571428571428571,3.5,3.5
iconclass-ai:uiuc_832w91o_pic17510.jpg,1713,0,1.0,,,,,,1.0,3.5
iconclass-ai:uiuc_832w91o_pic17511.jpg,1713,39,0.9469826765008734,0.024390243902439025,0.05462262002414793,0.0,0.0,0.0,2.0,4.0
iconclass-ai:uiuc_832w91o_pic17703.jpg,1713,31,1.0,0.04,0.03509208564646012,0.0,0.0,0.0,2.5,4.5
iconclass-ai:uiuc_832w91o_pic17704.jpg,1713,45,1.0,0.047619047619047616,0.06914005183428487,0.0,0.0,0.0,1.0,5.0
iconclass-ai:uiuc_832w91o_pic17706.jpg,1713,46,1.0,0.0196078431372549,0.03249477829451441,0.0,0.0,0.0,5.0,5.0
iconclass-ai:uiuc_832w91o_pic17903.jpg,1713,57,1.0,0.1111111111111111,0.0785477372074247,0.0,0.0,0.03508771929824561,4.0,4.0
iconclass-ai:uiuc_832w91o_pic17907.jpg,1713,8,1.0,0.007194244604316547,0.009780967984010099,0.0,0.0,0.0,1.5,4.0
iconclass-ai:uiuc_832w91o_pic17908.jpg,1713,51,1.0,0.09090909090909091,0.09063061106070884,0.0,0.0,0.0,2.5,5.0
iconclass-ai:uiuc_832w91o_pic17911.jpg,1713,27,1.0,0.06666666666666667,0.04680351283890641,0.0,0.0,0.0,1.0,4.0
iconclass-ai:uiuc_832w91o_pic18706.jpg,1713,27,1.0,0.05555555555555555,0.05693716699760086,0.0,0.0,0.0,3.0,4.5
iconclass-ai:uiuc_832w91o_pic18906.jpg,1713,21,1.0,1.0,0.06878592495107841,0.047619047619047616,0.047619047619047616,0.047619047619047616,1.0,5.0
iconclass-ai:uiuc_832w91o_pic19103.jpg,1713,45,1.0,0.08333333333333333,0.10990681644121679,0.0,0.0,0.0,3.0,4.0
iconclass-ai:uiuc_832w91o_pic19107.jpg,1713,23,1.0,0.0625,0.05855057881646309,0.0,0.0,0.0,1.0,4.0
iconclass-ai:uiuc_832w91o_pic19108.jpg,1713,48,1.0,0.012987012987012988,0.021959764810057302,0.0,0.0,0.0,1.0,2.0
iconclass-ai:uiuc_832w91o_pic19111.jpg,1713,61,1.0,0.03571428571428571,0.03432024489247956,0.0,0.0,0.0,3.5,4.0
iconclass-ai:uiuc_832w91o_pic19302.jpg,1713,83,1.0,0.1111111111111111,0.11789223223883277,0.0,0.0,0.024096385542168676,6.0,4.0
iconclass-ai:uiuc_832w91o_pic19310.jpg,1713,44,1.0,0.5,0.13924368938790743,0.0,0.045454545454545456,0.045454545454545456,3.5,5.0
iconclass-ai:uiuc_832w91o_pic19312.jpg,1713,55,1.0,0.011235955056179775,0.03191428319801493,0.0,0.0,0.0,1.0,4.0
iconclass-ai:uiuc_832w91o_pic19502.jpg,1713,40,1.0,0.125,0.07595052009003847,0.0,0.0,0.025,3.5,4.5
iconclass-ai:uiuc_832w91o_pic19509.jpg,1713,16,1.0,0.014925373134328358,0.014147257237675289,0.0,0.0,0.0,1.0,4.5
iconclass-ai:uiuc_832w91o_pic19511.jpg,1713,22,1.0,0.05,0.03712252747053051,0.0,0.0,0.0,3.0,5.5
iconclass-ai:uiuc_832w91o_pic19703.jpg,1713,4,1.0,0.001876172607879925,0.0021532253418919583,0.0,0.0,0.0,1.0,4.0
iconclass-ai:uiuc_832w91o_pic19708.jpg,1713,38,1.0,0.030303030303030304,0.043538208422399506,0.0,0.0,0.0,7.5,4.5
iconclass-ai:uiuc_832w91o_pic19709.jpg,1713,35,1.0,0.1,0.05604655167600664,0.0,0.0,0.02857142857142857,3.5,4.0
iconclass-ai:uiuc_832w91o_pic19710.jpg,1713,10,1.0,0.0078125,0.008380335409942291,0.0,0.0,0.0,2.5,6.0
iconclass-ai:uiuc_832w91o_pic19908.jpg,1713,4,1.0,0.010309278350515464,0.009452574180948336,0.0,0.0,0.0,1.5,6.0
iconclass-ai:uiuc_832w91o_pic19910.jpg,1713,27,1.0,0.2,0.027779868203914353,0.0,0.037037037037037035,0.037037037037037035,2.0,5.0
iconclass-ai:uiuc_832w91o_pic20107.jpg,1713,38,1.0,0.02564102564102564,0.03969775764852523,0.0,0.0,0.0,3.0,4.0
iconclass-ai:uiuc_832w91o_pic20111.jpg,1713,13,1.0,0.006756756756756757,0.009298286699144913,0.0,0.0,0.0,1.0,4.0
iconclass-ai:uiuc_832w91o_pic20307.jpg,1713,51,1.0,0.08333333333333333,0.12136173594732197,0.0,0.0,0.0,1.5,5.0
iconclass-ai:uiuc_832w91o_pic20309.jpg,1713,19,1.0,0.029411764705882353,0.028165737331432694,0.0,0.0,0.0,2.0,4.0
iconclass-ai:uiuc_832w91o_pic20506.jpg,1713,76,1.0,0.14285714285714285,0.1255810030276617,0.0,0.0,0.013157894736842105,2.0,5.0
iconclass-ai:uiuc_832w91o_pic20509.jpg,1713,63,0.9314015146436591,0.01818181818181818,0.032033899593496715,0.0,0.0,0.0,1.0,3.0
iconclass-ai:uiuc_832w91o_pic20705.jpg,1713,60,1.0,0.041666666666666664,0.0434348057469835,0.0,0.0,0.0,7.0,3.0
iconclass-ai:uiuc_832w91o_pic20709.jpg,1713,13,1.0,0.03333333333333333,0.020451084271025134,0.0,0.0,0.0,2.5,3.0
iconclass-ai:uiuc_832w91o_pic20710.jpg,1713,19,1.0,0.5,0.07733788169073541,0.0,0.05263157894736842,0.05263157894736842,1.0,4.0
iconclass-ai:uiuc_832w91o_pic20906.jpg,1713,8,1.0,0.0029239766081871343,0.0037576681187948243,0.0,0.0,0.0,1.5,4.5
iconclass-ai:uiuc_832w91o_pic21106.jpg,1713,30,1.0,0.125,0.048787048359182,0.0,0.0,0.03333333333333333,5.0,6.0
iconclass-ai:uiuc_832w91o_pic21108.jpg,1713,2,1.0,0.0012077294685990338,0.0012095582533788627,0.0,0.0,0.0,1.0,6.0
iconclass-ai:uiuc_832w91o_pic21308.jpg,1713,26,1.0,0.04,0.03346588217262929,0.0,0.0,0.0,3.0,4.0
iconclass-ai:uiuc_832w91o_pic21309.jpg,1713,10,1.0,0.004,0.0059181673081691605,0.0,0.0,0.0,1.5,3.0
iconclass-ai:uiuc_832w91o_pic21502.jpg,1713,31,1.0,0.25,0.04762060062602577,0.0,0.03225806451612903,0.03225806451612903,2.0,4.5
iconclass-ai:uiuc_832w91o_pic21508.jpg,1713,76,1.0,0.058823529411764705,0.04883877783437632,0.0,0.0,0.0,3.0,4.0
iconclass-ai:uiuc_832w91o_pic21704.jpg,1713,62,1.0,1.0,0.1776744855856118,0.016129032258064516,0.03225806451612903,0.03225806451612903,5.5,5.0
iconclass-ai:uiuc_832w91o_pic21705.jpg,1713,64,1.0,0.011904761904761904,0.03337657398583243,0.0,0.0,0.0,4.5,2.5
iconclass-ai:uiuc_832w91o_pic21901.jpg,1713,3,1.0,0.004545454545454545,0.005180541042610009,0.0,0.0,0.0,1.5,5.0
iconclass-ai:uiuc_832w91o_pic21908.jpg,1713,49,1.0,0.1111111111111111,0.12895895306596036,0.0,0.0,0.04081632653061224,5.0,5.0
iconclass-ai:uiuc_832w91o_pic21909.jpg,1713,9,1.0,0.07692307692307693,0.037250056034562114,0.0,0.0,0.0,3.0,5.0
iconclass-ai:uiuc_832w91o_pic22105.jpg,1713,4,1.0,0.006289308176100629,0.007487398814360086,0.0,0.0,0.0,1.0,5.0
iconclass-ai:uiuc_832w91o_pic22110.jpg,1713,38,1.0,0.1111111111111111,0.03921004914412125,0.0,0.0,0.02631578947368421,7.0,4.5
iconclass-ai:uiuc_832w91o_pic22301.jpg,1713,13,1.0,0.010752688172043012,0.018545413395605743,0.0,0.0,0.0,1.5,3.0
iconclass-ai:uiuc_832w91o_pic22304.jpg,1713,7,1.0,0.03333333333333333,0.016940828545467197,0.0,0.0,0.0,1.0,3.0
iconclass-ai:uiuc_832w91o_pic22306.jpg,1713,48,1.0,0.011111111111111112,0.034426265835817066,0.0,0.0,0.0,3.0,3.0
iconclass-ai:uiuc_832w91o_pic22307.jpg,1713,50,0.9294415579191921,0.5,0.09755226433631375,0.0,0.02,0.02,3.0,4.0
iconclass-ai:uiuc_832w91o_pic22309.jpg,1713,16,1.0,0.03225806451612903,0.022521487761345247,0.0,0.0,0.0,2.5,5.0
iconclass-ai:uiuc_832w91o_pic22502.jpg,1713,49,1.0,0.1,0.10805469985583814,0.0,0.0,0.02040816326530612,1.0,5.5
iconclass-ai:uiuc_832w91o_pic22708.jpg,1713,39,1.0,0.25,0.058726500409639615,0.0,0.02564102564102564,0.02564102564102564,7.0,4.0
iconclass-ai:uiuc_832w91o_pic22712.jpg,1713,27,1.0,0.01639344262295082,0.023004883810626157,0.0,0.0,0.0,2.0,4.0
iconclass-ai:uiuc_832w91o_pic22902.jpg,1713,79,1.0,0.07142857142857142,0.11177909020733835,0.0,0.0,0.0,3.5,4.5
iconclass-ai:uiuc_832w91o_pic22903.jpg,1713,51,1.0,1.0,0.1526770647031525,0.0196078431372549,0.0196078431372549,0.0392156862745098,1.5,5.0
iconclass-ai:uiuc_832w91o_pic22909.jpg,1713,79,1.0,0.3333333333333333,0.16046301960143877,0.0,0.02531645569620253,0.0379746835443038,9.0,5.0
iconclass-ai:uiuc_832w91o_pic22912.jpg,1713,34,1.0,0.047619047619047616,0.04382569410779851,0.0,0.0,0.0,2.0,5.0
iconclass-ai:uiuc_832w91o_pic23104.jpg,1713,51,1.0,0.3333333333333333,0.10812984166169341,0.0,0.0196078431372549,0.0392156862745098,1.0,5.0
iconclass-ai:uiuc_832w91o_pic23105.jpg,1713,42,1.0,0.5,0.1467041622610865,0.0,0.047619047619047616,0.09523809523809523,1.0,4.5
iconclass-ai:uiuc_832w91o_pic23106.jpg,1713,15,1.0,0.017241379310344827,0.006905695209620028,0.0,0.0,0.0,1.0,4.0
iconclass-ai:uiuc_832w91o_pic23107.jpg,1713,31,1.0,0.010638297872340425,0.013033522779208183,0.0,0.0,0.0,2.0,4.0
iconclass-ai:uiuc_832w91o_pic23109.jpg,1713,34,1.0,1.0,0.10511636736877535,0.029411764705882353,0.029411764705882353,0.029411764705882353,3.5,4.0
iconclass-ai:uiuc_832w91o_pic23110.jpg,1713,52,1.0,0.5,0.14591090513424407,0.0,0.019230769230769232,0.09615384615384616,4.5,4.5
iconclass-ai:uiuc_832w91o_pic23301.jpg,1713,4,1.0,0.009615384615384616,0.013840544350466277,0.0,0.0,0.0,2.0,3.5
iconclass-ai:uiuc_832w91o_pic23302.jpg,1713,31,1.0,0.16666666666666666,0.08228209693107034,0.0,0.0,0.03225806451612903,4.0,4.0
iconclass-ai:uiuc_832w91o_pic23305.jpg,1713,75,1.0,0.125,0.109593400356458,0.0,0.0,0.013333333333333334,6.5,5.0
iconclass-ai:uiuc_832w91o_pic23503.jpg,1713,73,1.0,0.125,0.12198775930572435,0.0,0.0,0.0136986301369863,4.0,4.0
iconclass-ai:uiuc_832w91o_pic23505.jpg,1713,3,1.0,0.007042253521126761,0.00797777421700062,0.0,0.0,0.0,1.0,4.0
iconclass-ai:uiuc_832w91o_pic23509.jpg,1713,40,1.0,0.14285714285714285,0.0966151156924412,0.0,0.0,0.05,1.0,3.0
iconclass-ai:uiuc_832w91o_pic23511.jpg,1713,24,1.0,0.03333333333333333,0.01681093168699142,0.0,0.0,0.0,2.0,4.5
iconclass-ai:uiuc_832w91o_pic23710.jpg,1713,59,1.0,0.2,0.13457982916093278,0.0,0.01694915254237288,0.01694915254237288,5.5,6.0
iconclass-ai:uiuc_832w91o_pic23711.jpg,1713,10,1.0,0.14285714285714285,0.03165668205565814,0.0,0.0,0.1,3.0,4.0
iconclass-ai:uiuc_832w91o_pic23907.jpg,1713,82,1.0,0.2,0.16921993027587973,0.0,0.012195121951219513,0.024390243902439025,6.0,4.0
iconclass-ai:uiuc_832w91o_pic23908.jpg,1713,36,1.0,1.0,0.14606457434037584,0.027777777777777776,0.027777777777777776,0.05555555555555555,2.0,4.5
iconclass-ai:uiuc_832w91o_pic24105.jpg,1713,37,1.0,0.08333333333333333,0.09407640465691741,0.0,0.0,0.0,1.5,5.0
iconclass-ai:uiuc_832w91o_pic24109.jpg,1713,18,1.0,0.047619047619047616,0.02238339152535099,0.0,0.0,0.0,3.5,4.0
iconclass-ai:uiuc_832w91o_pic24112.jpg,1713,11,1.0,0.03225806451612903,0.01778925388182724,0.0,0.0,0.0,1.0,4.0
iconclass-ai:uiuc_832w91o_pic24302.jpg,1713,15,1.0,0.027777777777777776,0.024051738125745115,0.0,0.0,0.0,1.5,4.5
iconclass-ai:uiuc_832w91o_pic24306.jpg,1713,40,1.0,0.25,0.09292459619544625,0.0,0.025,0.05,2.5,3.5
iconclass-ai:uiuc_832w91o_pic24310.jpg,1713,10,1.0,0.006134969325153374,0.01153133864920833,0.0,0.0,0.0,1.0,5.0
iconclass-ai:uiuc_832w91o_pic24505.jpg,1713,72,1.0,0.037037037037037035,0.11827952472973356,0.0,0.0,0.0,3.5,4.5
iconclass-ai:uiuc_832w91o_pic24508.jpg,1713,75,1.0,0.5,0.14354962889763728,0.0,0.02666666666666667,0.04,20.0,5.0
iconclass-ai:uiuc_832w91o_pic24511.jpg,1713,15,1.0,0.5,0.058743645211502674,0.0,0.06666666666666667,0.06666666666666667,4.5,5.0
iconclass-ai:uiuc_832w91o_pic24703.jpg,1713,13,0.8074197044891798,0.024390243902439025,0.013536557977189369,0.0,0.0,0.0,3.5,2.5
iconclass-ai:uiuc_832w91o_pic24706.jpg,1713,21,1.0,0.0625,0.061081010142598965,0.0,0.0,0.0,2.5,5.0
iconclass-ai:uiuc_832w91o_pic24708.jpg,1713,25,1.0,0.125,0.07194032495861206,0.0,0.0,0.04,2.0,5.0
iconclass-ai:uiuc_832w91o_pic24910.jpg,1713,72,1.0,1.0,0.10092363312218898,0.013888888888888888,0.013888888888888888,0.027777777777777776,3.0,4.5
iconclass-ai:uiuc_832w91o_pic25104.jpg,1713,74,1.0,1.0,0.1492247589502519,0.013513513513513514,0.013513513513513514,0.04054054054054054,9.0,4.0
iconclass-ai:uiuc_832w91o_pic25106.jpg,1713,29,1.0,0.07692307692307693,0.04893209270216812,0.0,0.0,0.0,2.0,5.0
iconclass-ai:uiuc_832w91o_pic25109.jpg,1713,16,1.0,0.017543859649122806,0.01718402938447745,0.0,0.0,0.0,2.5,4.5
iconclass-ai:uiuc_832w91o_pic25306.jpg,1713,10,1.0,0.1,0.020314149866946025,0.0,0.0,0.1,2.0,5.0
iconclass-ai:uiuc_832w91o_pic25307.jpg,1713,71,1.0,0.125,0.1381871055288871,0.0,0.0,0.014084507042253521,5.5,4.0
iconclass-ai:uiuc_832w91o_pic25311.jpg,1713,25,1.0,0.0021413276231263384,0.01369174057542937,0.0,0.0,0.0,3.5,3.5
iconclass-ai:uiuc_832w91o_pic25509.jpg,1713,31,1.0,0.021739130434782608,0.027306979362925535,0.0,0.0,0.0,1.0,6.0
iconclass-ai:uiuc_832w91o_pic25706.jpg,1713,25,1.0,0.02040816326530612,0.04079142633691865,0.0,0.0,0.0,2.0,4.0
iconclass-ai:uiuc_832w91o_pic25709.jpg,1713,4,1.0,0.004464285714285714,0.0035965489068396266,0.0,0.0,0.0,1.0,5.0
iconclass-ai:uiuc_832w91o_pic25710.jpg,1713,27,1.0,0.029411764705882353,0.03196862738732759,0.0,0.0,0.0,1.0,4.0
iconclass-ai:uiuc_832w91o_pic25901.jpg,1713,28,1.0,0.07692307692307693,0.06359785973262945,0.0,0.0,0.0,1.0,5.0
iconclass-ai:uiuc_832w91o_pic25903.jpg,1713,19,0.8750238005138008,0.05263157894736842,0.04605190340878482,0.0,0.0,0.0,1.0,6.0
iconclass-ai:uiuc_832w91o_pic25908.jpg,1713,2,1.0,0.004347826086956522,0.0028645207782848907,0.0,0.0,0.0,1.0,4.0
iconclass-ai:uiuc_832w91o_pic25910.jpg,1713,19,1.0,0.1111111111111111,0.03591325960208482,0.0,0.0,0.05263157894736842,1.0,4.0
iconclass-ai:uiuc_832w91o_pic26108.jpg,1713,6,1.0,0.02631578947368421,0.019360971536185743,0.0,0.0,0.0,1.5,3.5
iconclass-ai:uiuc_832w91o_pic26112.jpg,1713,1,1.0,0.0038910505836575876,0.0038910505836575876,0.0,0.0,0.0,1.0,4.0
iconclass-ai:uiuc_832w91o_pic26303.jpg,1713,8,1.0,0.022222222222222223,0.008340439883208213,0.0,0.0,0.0,1.0,6.0
iconclass-ai:uiuc_832w91o_pic26307.jpg,1713,14,1.0,0.07142857142857142,0.025901613290162263,0.0,0.0,0.0,1.0,4.0
iconclass-ai:uiuc_832w91o_pic26310.jpg,1713,3,1.0,0.007462686567164179,0.004649938246386582,0.0,0.0,0.0,1.0,5.0
iconclass-ai:uiuc_832w91o_pic26502.jpg,1713,9,0.8737614146604049,0.007042253521126761,0.0133859469432118,0.0,0.0,0.0,2.5,5.5
iconclass-ai:uiuc_832w91o_pic26703.jpg,1713,25,1.0,0.047619047619047616,0.07493527985966553,0.0,0.0,0.0,3.0,4.0
iconclass-ai:uiuc_832w91o_pic26704.jpg,1713,31,1.0,0.029411764705882353,0.03714426426498651,0.0,0.0,0.0,2.0,5.0
iconclass-ai:uiuc_832w91o_pic26907.jpg,1713,11,1.0,0.16666666666666666,0.040898639975795556,0.0,0.0,0.09090909090909091,1.0,5.0
iconclass-ai:uiuc_832w91o_pic26908.jpg,1713,15,1.0,0.01818181818181818,0.014808872277788146,0.0,0.0,0.0,1.0,3.0
iconclass-ai:uiuc_832w91o_pic26909.jpg,1713,44,1.0,0.07142857142857142,0.08435944490910573,0.0,0.0,0.0,1.0,4.0
iconclass-ai:uiuc_emblems0078_pic007.jpg,1713,6,1.0,0.003067484662576687,0.00423654171262526,0.0,0.0,0.0,1.0,6.0
iconclass-ai:uiuc_emblems0078_pic062.jpg,1713,27,1.0,1.0,0.11269659185274093,0.037037037037037035,0.07407407407407407,0.1111111111111111,2.0,3.0
iconclass-ai:uiuc_emblems0078_pic074.jpg,1713,30,1.0,0.14285714285714285,0.06590351742156828,0.0,0.0,0.13333333333333333,1.0,5.0
iconclass-ai:uiuc_emblems0078_pic095.jpg,1713,33,1.0,0.3333333333333333,0.03737378428874978,0.0,0.030303030303030304,0.030303030303030304,3.0,4.0
iconclass-ai:uiuc_emblems0078_pic098.jpg,1713,79,1.0,0.5,0.09792537418623345,0.0,0.0379746835443038,0.06329113924050633,3.0,3.0
iconclass-ai:uiuc_emblems0078_pic101.jpg,1713,41,1.0,0.0196078431372549,0.024361293087588786,0.0,0.0,0.0,1.0,4.0
iconclass-ai:uiuc_emblems0078_pic104.jpg,1713,46,1.0,0.5,0.07978828491617959,0.0,0.043478260869565216,0.10869565217391304,2.0,3.0
iconclass-ai:uiuc_emblems0078_pic127.jpg,1713,64,1.0,0.25,0.05981396003093597,0.0,0.03125,0.046875,2.0,4.0
iconclass-ai:uiuc_emblems0078_pic158.jpg,1713,46,1.0,1.0,0.0839769594245612,0.021739130434782608,0.043478260869565216,0.06521739130434782,3.0,4.0
iconclass-ai:uiuc_emblems0078_pic172.jpg,1713,6,1.0,0.002898550724637681,0.006267372568399041,0.0,0.0,0.0,1.0,4.0
iconclass-ai:uiuc_emblems0078_pic179.jpg,1713,79,1.0,0.5,0.08271381221341673,0.0,0.02531645569620253,0.05063291139240506,2.0,4.0
iconclass-ai:uiuc_emblems0078_pic182.jpg,1713,25,1.0,0.2,0.03050269620459267,0.0,0.04,0.04,1.0,5.0
iconclass-ai:uiuc_emblems0078_pic198.jpg,1713,73,1.0,0.2,0.0696960265494442,0.0,0.0136986301369863,0.0547945205479452,6.0,3.0
iconclass-ai:uiuc_q832v59oj1721_pic023.jpg,1713,56,1.0,0.25,0.07374546463866864,0.0,0.017857142857142856,0.017857142857142856,3.5,5.0
iconclass-ai:uiuc_q832v59oj1721_pic053.jpg,1713,10,1.0,1.0,0.6190103346361002,0.1,0.4,0.5,1.0,5.0
iconclass-ai:uiuc_q832v59oj1721_pic055.jpg,1713,39,1.0,0.14285714285714285,0.024528061242647337,0.0,0.0,0.02564102564102564,4.0,5.0
iconclass-ai:uiuc_q832v59oj1721_pic057.jpg,1713,29,1.0,1.0,0.3125333182643705,0.034482758620689655,0.13793103448275862,0.2413793103448276,2.0,5.0
iconclass-ai:uiuc_q832v59oj1721_pic061.jpg,1713,57,1.0,1.0,0.29468638464117264,0.017543859649122806,0.08771929824561403,0.14035087719298245,3.5,4.5
iconclass-ai:uiuc_q832v59oj1721_pic065.jpg,1713,59,1.0,1.0,0.23316124133606128,0.01694915254237288,0.06779661016949153,0.13559322033898305,6.0,4.0
iconclass-ai:uiuc_q832v59oj1721_pic071.jpg,1713,46,1.0,1.0,0.24781614430454213,0.021739130434782608,0.08695652173913043,0.15217391304347827,3.0,6.0
iconclass-ai:uiuc_q832v59oj1721_pic093.jpg,1713,74,1.0,1.0,0.11547818498046518,0.013513513513513514,0.05405405405405406,0.05405405405405406,3.5,4.0
iconclass-ai:uiuc_q832v59oj1721_pic129.jpg,1713,74,1.0,1.0,0.14540117633085928,0.013513513513513514,0.05405405405405406,0.08108108108108109,4.5,4.0
iconclass-ai:uiuc_q832v59oj1721_pic137.jpg,1713,84,1.0,1.0,0.2190532164858205,0.011904761904761904,0.05952380952380952,0.11904761904761904,4.5,4.5
iconclass-ai:uiuc_q832v59oj1721_pic143.jpg,1713,71,1.0,1.0,0.23346691749579312,0.014084507042253521,0.056338028169014086,0.1267605633802817,8.0,5.0
iconclass-ai:uiuc_q832v59oj1721_pic147.jpg,1713,32,1.0,1.0,0.25568235286501717,0.03125,0.125,0.25,2.0,5.0
iconclass-ai:uiuc_q832v59oj1721_pic151.jpg,1713,26,1.0,1.0,0.47578810359882723,0.038461538461538464,0.19230769230769232,0.34615384615384615,3.5,5.0
iconclass-ai:uiuc_q832v59oj1721_pic155.jpg,1713,21,1.0,0.5,0.11013238400875551,0.0,0.09523809523809523,0.09523809523809523,1.0,5.0
iconclass-ai:uiuc_q832v59oj1721_pic163.jpg,1713,61,1.0,1.0,0.24084788116243278,0.01639344262295082,0.04918032786885246,0.11475409836065574,7.0,4.0
iconclass-ai:uiuc_q832v59oj1721_pic185.jpg,1713,26,1.0,1.0,0.11091522531770902,0.038461538461538464,0.07692307692307693,0.07692307692307693,2.0,4.5
iconclass-ai:uiuc_q832v59oj1721_pic187.jpg,1713,69,1.0,0.5,0.05873104690593827,0.0,0.014492753623188406,0.028985507246376812,3.0,6.0
iconclass-ai:uiuc_q832v59oj1721_pic207.jpg,1713,9,1.0,0.16666666666666666,0.039979696338751196,0.0,0.0,0.1111111111111111,1.0,4.5
iconclass-ai:uiuc_q832v59oj1721_pic209.jpg,1713,66,1.0,0.16666666666666666,0.1312088468788259,0.0,0.0,0.06060606060606061,2.0,5.0
